split,path,stem,size_bytes,sha256,line_count,object_count,status
train,shiyan/data/labels/train/classes.txt,classes,221,02e12dc1dfbf4c127aad14a8f80931bb3a15b320e87954deb143d60abae6fc52,,,ignored_auxiliary_file
train,shiyan/data/labels/train/01-PAN-20240418-318-232-L00000010061-CCD14_3_crop1.txt,01-PAN-20240418-318-232-L00000010061-CCD14_3_crop1,76,69c8bc26f67a169871196f7931e7a4d93854e170c6f47e0d30c437496acdac06,2,2,ok
train,shiyan/data/labels/train/01-PAN-20240418-318-232-L00000010061-CCD18_5_crop1.txt,01-PAN-20240418-318-232-L00000010061-CCD18_5_crop1,37,ceb94f89e130eda95d1299246b9837ff52c955b021488d13de8e6c4d8b10d692,1,1,ok
train,shiyan/data/labels/train/01-PAN-20240420-082-358-L00000010818-CCD16_4_crop1.txt,01-PAN-20240420-082-358-L00000010818-CCD16_4_crop1,76,84a91580ff71dba37dc78eb3b1bc7485b96a6d4c6d30b2bf67a9b4b251746eb7,2,2,ok
train,shiyan/data/labels/train/01-PAN-20240420-113-325-L00000010882-CCD3_5_crop1.txt,01-PAN-20240420-113-325-L00000010882-CCD3_5_crop1,76,f05e99d2b85d64210bcb98935c5b54d31314649088d7fb3f4f20fbbe9c34eb2c,2,2,ok
train,shiyan/data/labels/train/01-PAN-20240420-113-325-L00000010882-CCD3_5_crop4.txt,01-PAN-20240420-113-325-L00000010882-CCD3_5_crop4,76,948ce828a193eb19a6c9d09b6e9678193c279113fdb4c744dcbe1dbbbdfebc3c,2,2,ok
train,shiyan/data/labels/train/01-PAN-20240420-113-325-L00000010882-CCD3_5_crop5.txt,01-PAN-20240420-113-325-L00000010882-CCD3_5_crop5,154,01037bca24c1170f9e7ed8546748b54cc8022dc68ad8b7a2c97a81bb9c48e3ab,4,4,ok
train,shiyan/data/labels/train/01-PAN-20240420-113-325-L00000010882-CCD3_5_crop6.txt,01-PAN-20240420-113-325-L00000010882-CCD3_5_crop6,154,b2ab5f5a8bd1d88bfec7c300d97ddf096032b83881b54e795c234f02eddff24f,4,4,ok
train,shiyan/data/labels/train/01-PAN-20240420-113-325-L00000010882-CCD3_5_crop7.txt,01-PAN-20240420-113-325-L00000010882-CCD3_5_crop7,427,f9b7a2e9a0e0b42b9e2bc3d000eb4b84668d97e66f2da0a5ad1eae962e4a2c59,11,11,ok
train,shiyan/data/labels/train/01-PAN-20240420-113-325-L00000010882-CCD3_5_crop8.txt,01-PAN-20240420-113-325-L00000010882-CCD3_5_crop8,193,7a068dfbe3e6ec28af6ad606047f707a9c7718f4a9f482af5c72776eee1ecbd6,5,5,ok
train,shiyan/data/labels/train/01-PAN-20240420-113-325-L00000010882-CCD3_5_crop9.txt,01-PAN-20240420-113-325-L00000010882-CCD3_5_crop9,193,077a889cef13200e4894453e8207e37582156b04995d5ce0a1835b9df432046b,5,5,ok
train,shiyan/data/labels/train/01-PAN-20240420-113-325-L00000010882-CCD3_6_crop1.txt,01-PAN-20240420-113-325-L00000010882-CCD3_6_crop1,154,7ced29fcddb79efedb33e0400f80ace8ed502a6b8fe163964876c4f7a185c6d9,4,4,ok
train,shiyan/data/labels/train/01-PAN-20240420-113-325-L00000010882-CCD3_6_crop2.txt,01-PAN-20240420-113-325-L00000010882-CCD3_6_crop2,193,3d6cfd209a2ceea96c2f2775f29d6f5434574052e9ea84c992fbfb442a1d72d4,5,5,ok
train,shiyan/data/labels/train/01-PAN-20240420-113-325-L00000010882-CCD3_6_crop3.txt,01-PAN-20240420-113-325-L00000010882-CCD3_6_crop3,115,229aea4b4b7be17b2cd50be31b34ba4d98dd3ca59f57049eaa9f04994d85b533,3,3,ok
train,shiyan/data/labels/train/01-PAN-20240420-113-325-L00000010882-CCD3_6_crop4.txt,01-PAN-20240420-113-325-L00000010882-CCD3_6_crop4,37,4f6e0f4e55b9cc30243d2a2bbdfcacc9c3108c760475164956c72179724b2f9b,1,1,ok
train,shiyan/data/labels/train/01-PAN-20240420-113-325-L00000010882-CCD4_5_crop1.txt,01-PAN-20240420-113-325-L00000010882-CCD4_5_crop1,154,b3ef725945ca0abc59a8c9fa1965e8d1f5fb1a27920dedb07295956ff0440635,4,4,ok
train,shiyan/data/labels/train/01-PAN-20240420-113-325-L00000010882-CCD4_5_crop2.txt,01-PAN-20240420-113-325-L00000010882-CCD4_5_crop2,115,bd748155976efb8cdd4a68e706ee7fde8c623b0814cdc85f3e541cd07aa19b6b,3,3,ok
train,shiyan/data/labels/train/01-PAN-20240420-113-325-L00000011195-CCD1_4_crop1.txt,01-PAN-20240420-113-325-L00000011195-CCD1_4_crop1,37,088b8337d9993455bd183183508aded8e4c6174da9ee62eb4efc2adb6b77527c,1,1,ok
train,shiyan/data/labels/train/01-PAN-20240421-105-323-L00000010830-CCD21_4_crop1.txt,01-PAN-20240421-105-323-L00000010830-CCD21_4_crop1,37,975c65e520293c39c076d33410f03bc8c3d476536b731e87c67b94a0d735883a,1,1,ok
train,shiyan/data/labels/train/01-PAN-20240421-423-694-L00000010874-CCD21_2_crop1.txt,01-PAN-20240421-423-694-L00000010874-CCD21_2_crop1,76,dfb666198f8ed3b429639db7993e10e132a85e068158c9ec9bca531f64e471f1,2,2,ok
train,shiyan/data/labels/train/01-PAN-20240421-423-694-L00000010874-CCD21_3_crop1.txt,01-PAN-20240421-423-694-L00000010874-CCD21_3_crop1,76,77d61cab53d7713c96f960f33d6885d139a5a8c9e3c2653ce823fb00e443328f,2,2,ok
train,shiyan/data/labels/train/01-PAN-20240421-423-694-L00000010874-CCD21_3_crop2.txt,01-PAN-20240421-423-694-L00000010874-CCD21_3_crop2,76,cbefb0fcb9bbba2ef0bd4285c1c059efd99da4c1629b7c0c3ff93d8acd83333a,2,2,ok
train,shiyan/data/labels/train/01-PAN-20240421-423-694-L00000010874-CCD22_2_crop1.txt,01-PAN-20240421-423-694-L00000010874-CCD22_2_crop1,37,a5acfe5a5f631d0d1ac59d1ac256e8834c120adbb7de74e220b7bada5bb3ebb1,1,1,ok
train,shiyan/data/labels/train/01-PAN-20240421-423-694-L00000010874-CCD22_2_crop2.txt,01-PAN-20240421-423-694-L00000010874-CCD22_2_crop2,37,adf0749061c7df9e64054a143264ec1d790976d49e43af31e1ce97b07fc77642,1,1,ok
train,shiyan/data/labels/train/01-PAN-20240422-253-245-L00000010552-CCD5_1_crop1.txt,01-PAN-20240422-253-245-L00000010552-CCD5_1_crop1,76,3f8f25813ec7a9b172bc4ab040157a2ddfcb82317b5952daa932f1713dac89bb,2,2,ok
train,shiyan/data/labels/train/01-PAN-20240422-253-245-L00000010552-CCD5_2_crop1.txt,01-PAN-20240422-253-245-L00000010552-CCD5_2_crop1,37,a04f2c3f71c3f99268fa40d42fb6ecd19111e7ef8ac43285280d56090ab8fa32,1,1,ok
train,shiyan/data/labels/train/01-PAN-20240422-253-245-L00000010552-CCD5_2_crop2.txt,01-PAN-20240422-253-245-L00000010552-CCD5_2_crop2,37,c0c564a85cc0c5cd71759e6e688ae61d970157abc960dad245d538682462ce7f,1,1,ok
train,shiyan/data/labels/train/01-PAN-20240422-253-245-L00000010552-CCD5_2_crop3.txt,01-PAN-20240422-253-245-L00000010552-CCD5_2_crop3,37,6243ff095f8770a95e53c8cf5bbe10b24d5db0dc7f658658660969c1414cfeef,1,1,ok
train,shiyan/data/labels/train/01-PAN-20240422-253-245-L00000010552-CCD5_3_crop1.txt,01-PAN-20240422-253-245-L00000010552-CCD5_3_crop1,76,5693b0596aee1844f1e12ea3c614b7c255b2679e165670ba1e562a811f873ab1,2,2,ok
train,shiyan/data/labels/train/01-PAN-20240422-253-245-L00000010552-CCD5_3_crop2.txt,01-PAN-20240422-253-245-L00000010552-CCD5_3_crop2,37,732b0c62b16fdbc7a8bcf11c20f02642e343aa8b1b68a7ae088d313f96904d76,1,1,ok
train,shiyan/data/labels/train/01-PAN-20240422-253-245-L00000010552-CCD5_6_crop1.txt,01-PAN-20240422-253-245-L00000010552-CCD5_6_crop1,37,a79a6b14e34dfad36abc6abdcdc150722743ace9758cde5ef393338b63b3552e,1,1,ok
train,shiyan/data/labels/train/01-PAN-20240423-029-368-L00000011028-CCD29_4_crop1.txt,01-PAN-20240423-029-368-L00000011028-CCD29_4_crop1,661,85a88417e9340aa6270c57c9cda60998a96678a084183b492768cd24a9363ce6,17,17,ok
train,shiyan/data/labels/train/01-PAN-20240423-029-368-L00000011028-CCD29_4_crop2.txt,01-PAN-20240423-029-368-L00000011028-CCD29_4_crop2,115,d4013069c8731916c024e5fa7a6d552386f29801f692464f791379e36662c2c1,3,3,ok
train,shiyan/data/labels/train/01-PAN-20240423-439-569-L00000011168-CCD16_5_crop1.txt,01-PAN-20240423-439-569-L00000011168-CCD16_5_crop1,37,1e0ee5b7ccd300aef9f34a1c9974aed16aa3f9d9208f7a67f8eaee6621a09832,1,1,ok
train,shiyan/data/labels/train/01-PAN-20240423-439-569-L00000011327-CCD15_5_crop1.txt,01-PAN-20240423-439-569-L00000011327-CCD15_5_crop1,37,4e1ca8225a7dee883e517a8c262893e7f41b6eb8ac1c3751ae280c0994d8066b,1,1,ok
train,shiyan/data/labels/train/01-PAN-20240423-439-569-L00000011327-CCD16_5_crop1.txt,01-PAN-20240423-439-569-L00000011327-CCD16_5_crop1,37,a4771019849986bb45d3a7f353609ea9e036d12098f8a47107a4f0edb7baa764,1,1,ok
train,shiyan/data/labels/train/01-PAN-20240423-439-569-L00000011327-CCD16_5_crop2.txt,01-PAN-20240423-439-569-L00000011327-CCD16_5_crop2,37,dcab2cd328490237981badf13485f75949c813ff66232562f7f8124e9fb73a3d,1,1,ok
train,shiyan/data/labels/train/01-PAN-20240424-146-259-L00000010574-CCD32_7_crop1.txt,01-PAN-20240424-146-259-L00000010574-CCD32_7_crop1,76,ec835746ff5297547c484cfbb35d2c4b1b6d1868dfd923dc1da164b74410e10b,2,2,ok
train,shiyan/data/labels/train/01-PAN-20240424-146-259-L00000010574-CCD32_7_crop2.txt,01-PAN-20240424-146-259-L00000010574-CCD32_7_crop2,37,fa53bf8e10e841b3339164ed1f06ccfce54c6afe016f85aaa81609ffeae2ba8c,1,1,ok
train,shiyan/data/labels/train/01-PAN-20240424-146-259-L00000010574-CCD32_7_crop4.txt,01-PAN-20240424-146-259-L00000010574-CCD32_7_crop4,76,4fca999b5b3f1116f5c906aab9eaba4bf4ae6176bc3d4005baffbda283418286,2,2,ok
train,shiyan/data/labels/train/01-PAN-20240424-146-259-L00000010814-CCD11_5_crop1.txt,01-PAN-20240424-146-259-L00000010814-CCD11_5_crop1,37,d38bf75092a969f66bd225214f7df6606dd53cfe9d4b96cd615b47d94816685d,1,1,ok
train,shiyan/data/labels/train/01-PAN-20240424-146-260-L00000010815-CCD32_3_crop1.txt,01-PAN-20240424-146-260-L00000010815-CCD32_3_crop1,37,403a64febc3efc6bc19d34328b7293e7d12855addcc55a16b0db248237c0b7f3,1,1,ok
train,shiyan/data/labels/train/01-PAN-20240424-146-260-L00000010815-CCD32_3_crop2.txt,01-PAN-20240424-146-260-L00000010815-CCD32_3_crop2,37,42f2e765f36545cf4451a2128e3f56a69fb721c7f18315a949c87ecce6f8f7e8,1,1,ok
train,shiyan/data/labels/train/01-PAN-20240424-146-260-L00000010815-CCD32_3_crop3.txt,01-PAN-20240424-146-260-L00000010815-CCD32_3_crop3,76,b364536f9812b62b4903829f31a092a5887c916c8196d46fd231271875b29935,2,2,ok
train,shiyan/data/labels/train/01-PAN-20240429-304-323-L00000011120-CCD20_2_crop1.txt,01-PAN-20240429-304-323-L00000011120-CCD20_2_crop1,37,e354d293696e530db05c830d06c55fcd3d288183331c1d68f0d4985524497b3f,1,1,ok
train,shiyan/data/labels/train/01-PAN-20240429-304-323-L00000011120-CCD20_4_crop1.txt,01-PAN-20240429-304-323-L00000011120-CCD20_4_crop1,37,5893bcfeeb7cc2d889b2c69a64a39a05bd8a80645dc3562c066013c9ff6a9095,1,1,ok
train,shiyan/data/labels/train/01-PAN-20240429-304-323-L00000011120-CCD21_3_crop1.txt,01-PAN-20240429-304-323-L00000011120-CCD21_3_crop1,37,50471831d9cef6fb81a7f154280893c1c691960895a673535e09e58281da78cd,1,1,ok
train,shiyan/data/labels/train/01-PAN-20240430-104-336-L00000011523-CCD22_6_crop3.txt,01-PAN-20240430-104-336-L00000011523-CCD22_6_crop3,37,5d2ac7f59d6ee947c71a084e5a838e649e09d370fd3d7cd30164b3efd4107ff9,1,1,ok
train,shiyan/data/labels/train/01-PAN-20240430-104-336-L00000011523-CCD23_4_crop1.txt,01-PAN-20240430-104-336-L00000011523-CCD23_4_crop1,76,d631fb3f46f4e110941bcde0d07e581d8125a8dcfc1eb474a1632776f117c50f,2,2,ok
train,shiyan/data/labels/train/01-PAN-20240430-104-343-L00000011530-CCD26_4_crop1.txt,01-PAN-20240430-104-343-L00000011530-CCD26_4_crop1,37,cd604178a8a49e180a5c24d46edf9bf49b90733af19033a044a7515a3545966d,1,1,ok
train,shiyan/data/labels/train/01-PAN-20240430-104-348-L00000011535-CCD29_3_crop1.txt,01-PAN-20240430-104-348-L00000011535-CCD29_3_crop1,37,21b058ae6ba4ddfa9261183905ff99549c0527c2cb843b95a150ff112b58138e,1,1,ok
train,shiyan/data/labels/train/01-PAN-20240430-104-349-L00000011536-CCD22_4_crop1.txt,01-PAN-20240430-104-349-L00000011536-CCD22_4_crop1,37,fbbc4989fac3728f2f7bf3bea691ff61bba188b5efe138c89d27fdc5c688fdb4,1,1,ok
train,shiyan/data/labels/train/01-PAN-20240430-227-632-L00000011561-CCD30_5_crop1.txt,01-PAN-20240430-227-632-L00000011561-CCD30_5_crop1,37,f30c5a44d152590f39e9f235581554515744804d13bba6bcaf42447347169789,1,1,ok
train,shiyan/data/labels/train/01-PAN-20240430-227-632-L00000011561-CCD30_6_crop2.txt,01-PAN-20240430-227-632-L00000011561-CCD30_6_crop2,37,9a15db5baba4ef9ea526b472d3a1fde2c737a7579ab519949c30e0431ee52e51,1,1,ok
train,shiyan/data/labels/train/01-PAN-20240430-297-348-L00000011339-CCD16_6_crop1.txt,01-PAN-20240430-297-348-L00000011339-CCD16_6_crop1,37,100904fe6db59d87f69a04a48efb0ff614bd3d66316d5e76245eedfe81aeb794,1,1,ok
train,shiyan/data/labels/train/01-PAN-20240506-094-666-L00000011756-CCD4_1_crop1.txt,01-PAN-20240506-094-666-L00000011756-CCD4_1_crop1,37,a44bd570a23d250b1cecd4fa2f3f82ca20327137d046e4592411077158c42124,1,1,ok
train,shiyan/data/labels/train/01-PAN-20240506-094-666-L00000011756-CCD4_1_crop2.txt,01-PAN-20240506-094-666-L00000011756-CCD4_1_crop2,37,de3b412e07a17db037e5df9bd5bb3d4659fda9ef2e20221e89fe71e86b2808a2,1,1,ok
train,shiyan/data/labels/train/01-PAN-20240506-094-666-L00000011756-CCD4_3_crop1.txt,01-PAN-20240506-094-666-L00000011756-CCD4_3_crop1,37,e3a4687a9cfd9c76e4d082be06b211fae9ac9afe3e61d57618e1623ea6a5ccd4,1,1,ok
train,shiyan/data/labels/train/01-PAN-20240506-094-666-L00000011756-CCD8_2_crop1.txt,01-PAN-20240506-094-666-L00000011756-CCD8_2_crop1,37,1b24a4f9bf666644f55ec41f4659b9c6d75bf8b9bdce53219a6ca0ffc2a15513,1,1,ok
train,shiyan/data/labels/train/01-PAN-20240506-094-666-L00000011756-CCD8_2_crop2.txt,01-PAN-20240506-094-666-L00000011756-CCD8_2_crop2,37,b39277e8eb2197463b7eea08d8d3f88d3f79bd42905ef407ada219ad36b09bf1,1,1,ok
train,shiyan/data/labels/train/01-PAN-20240506-094-666-L00000011756-CCD8_2_crop3.txt,01-PAN-20240506-094-666-L00000011756-CCD8_2_crop3,37,35686c8f6620b967e76c07afece4b80bd61fed23b630d14c0cd07e4eba6d9ed6,1,1,ok
train,shiyan/data/labels/train/01-PAN-20240506-094-666-L00000011756-CCD8_3_crop1.txt,01-PAN-20240506-094-666-L00000011756-CCD8_3_crop1,37,d7ba0d1e6baf3833cb4cb529cb71a7debd7e1c8909046a01245dae38ef110f46,1,1,ok
train,shiyan/data/labels/train/01-PAN-20240506-094-666-L00000011756-CCD8_5_crop1.txt,01-PAN-20240506-094-666-L00000011756-CCD8_5_crop1,37,43767e578fd49c2bfc43c376032e0fb3592dd9cd59e75bfc84f64a2d3bb6fbfa,1,1,ok
train,shiyan/data/labels/train/01-PAN-20240506-094-666-L00000011756-CCD9_1_crop1.txt,01-PAN-20240506-094-666-L00000011756-CCD9_1_crop1,37,b4f0acd06315f600fca875f3d0c4a41aec0f9ff540c57266801230c30048dc87,1,1,ok
train,shiyan/data/labels/train/01-PAN-20240506-094-666-L00000011756-CCD9_1_crop2.txt,01-PAN-20240506-094-666-L00000011756-CCD9_1_crop2,37,768e49b4ea481d099de559572411a77f377497691d442d79334cf908862decab,1,1,ok
train,shiyan/data/labels/train/01-PAN-20240506-094-666-L00000011756-CCD9_2_crop2.txt,01-PAN-20240506-094-666-L00000011756-CCD9_2_crop2,37,025a58d1ed1970672b657fed0c6e7bd74f360c759ef32c2b753bf263d3b1fdf7,1,1,ok
train,shiyan/data/labels/train/01-PAN-20240506-094-666-L00000011756-CCD9_2_crop3.txt,01-PAN-20240506-094-666-L00000011756-CCD9_2_crop3,37,6f6adba0befe29dde4c98e973dc39168fd5b0a60e413e863a9dace63017a5369,1,1,ok
train,shiyan/data/labels/train/01-PAN-20240506-094-666-L00000012249-CCD10_6_crop1.txt,01-PAN-20240506-094-666-L00000012249-CCD10_6_crop1,76,17a74a5023f11f26925e3d082e031571e1208c34f45b6d135fde12630b7f40c6,2,2,ok
train,shiyan/data/labels/train/01-PAN-20240506-094-666-L00000012249-CCD10_6_crop2.txt,01-PAN-20240506-094-666-L00000012249-CCD10_6_crop2,76,17f4f0b955f7103e391276d487c4cbbc22aa3f83bf9a04690573084cc312dbfb,2,2,ok
train,shiyan/data/labels/train/01-PAN-20240506-094-666-L00000012249-CCD11_6_crop1.txt,01-PAN-20240506-094-666-L00000012249-CCD11_6_crop1,193,e2dc643382488dd825d105a1e10b0ca87b2c9f31e6549e27fadd38964419296b,5,5,ok
train,shiyan/data/labels/train/01-PAN-20240506-094-666-L00000012249-CCD11_6_crop10.txt,01-PAN-20240506-094-666-L00000012249-CCD11_6_crop10,76,2055e7a22cb9ce41c575d825edf5dc0813fa4aa2fcec0d13e2e4d142142522a1,2,2,ok
train,shiyan/data/labels/train/01-PAN-20240506-094-666-L00000012249-CCD11_6_crop11.txt,01-PAN-20240506-094-666-L00000012249-CCD11_6_crop11,37,8f05e28d1b43f4d53e73c1eea4a9329f2ae515fb8064468c263dd8f23a79386f,1,1,ok
train,shiyan/data/labels/train/01-PAN-20240506-094-666-L00000012249-CCD11_6_crop2.txt,01-PAN-20240506-094-666-L00000012249-CCD11_6_crop2,115,4320c0c5263fc013258fc6d97adf54cbca91f0aa266cdb89711ada5559e3a3d4,3,3,ok
train,shiyan/data/labels/train/01-PAN-20240506-094-666-L00000012249-CCD11_6_crop5.txt,01-PAN-20240506-094-666-L00000012249-CCD11_6_crop5,154,caf19916db754d14954d2a14cce084fa98deb6531103d9b16d066b8563321209,4,4,ok
train,shiyan/data/labels/train/01-PAN-20240506-094-666-L00000012249-CCD11_6_crop7.txt,01-PAN-20240506-094-666-L00000012249-CCD11_6_crop7,76,20091558e6caa04287ec478a2ac349069c09ece626914fc35d9ffd9dfb3d32d4,2,2,ok
train,shiyan/data/labels/train/01-PAN-20240506-094-666-L00000012249-CCD11_6_crop8.txt,01-PAN-20240506-094-666-L00000012249-CCD11_6_crop8,76,bcdec1e826620a7d78c63dbe1e0946493a13a15f4eaee3ac77258366caccf4ce,2,2,ok
train,shiyan/data/labels/train/01-PAN-20240506-094-666-L00000012249-CCD11_6_crop9.txt,01-PAN-20240506-094-666-L00000012249-CCD11_6_crop9,115,3a0ede86cb416940276d067a296844885427682fb63d4ad94454fa7378ba74df,3,3,ok
train,shiyan/data/labels/train/01-PAN-20240506-124-321-L00000011847-CCD28_4_crop1.txt,01-PAN-20240506-124-321-L00000011847-CCD28_4_crop1,37,ac1402ec8ba62a2ffba28d561a1c323c955928aa8dceb7da5f0ccf5177b2450c,1,1,ok
train,shiyan/data/labels/train/01-PAN-20240506-124-321-L00000011847-CCD28_5_crop2.txt,01-PAN-20240506-124-321-L00000011847-CCD28_5_crop2,37,3266f26d4036ec3c74e60c18da04ffab6d373a4c198861b2ab35059800b415fe,1,1,ok
train,shiyan/data/labels/train/01-PAN-20240506-124-321-L00000011847-CCD28_5_crop3.txt,01-PAN-20240506-124-321-L00000011847-CCD28_5_crop3,37,1cd9b7b851fa36b30e95935d49135f4e292ef048f3c166f559f7b8d9c65d3074,1,1,ok
train,shiyan/data/labels/train/01-PAN-20240506-124-321-L00000011847-CCD28_5_crop4.txt,01-PAN-20240506-124-321-L00000011847-CCD28_5_crop4,37,046317d11be2b2bad988ad9bbef9d6801fc405f5019ff9c1e4f6a85c9f1c4b7e,1,1,ok
train,shiyan/data/labels/train/01-PAN-20240506-124-321-L00000011847-CCD28_5_crop5.txt,01-PAN-20240506-124-321-L00000011847-CCD28_5_crop5,37,2d786fb0441beca788946be43f0e86f16b6d2424beb6e0d83d627368d5aa95cf,1,1,ok
train,shiyan/data/labels/train/01-PAN-20240506-124-321-L00000011847-CCD28_5_crop6.txt,01-PAN-20240506-124-321-L00000011847-CCD28_5_crop6,37,7508b30394169197a204280db31105d10344f1a6db92f3e624542a7a74ad64b4,1,1,ok
train,shiyan/data/labels/train/01-PAN-20240506-124-321-L00000011847-CCD29_4_crop1.txt,01-PAN-20240506-124-321-L00000011847-CCD29_4_crop1,37,0457fead9b1aee1db4222dc138969ae95aa8be8c6fbf1562a56bef455b93b9f1,1,1,ok
train,shiyan/data/labels/train/01-PAN-20240506-124-321-L00000011847-CCD29_5_crop1.txt,01-PAN-20240506-124-321-L00000011847-CCD29_5_crop1,37,5a534fdcd1f1d4b1158044700d8a03784127ea386e5edc4b37f4d0ee35c1eda8,1,1,ok
train,shiyan/data/labels/train/01-PAN-20240510-097-233-L00000012258-CCD1_2_crop2.txt,01-PAN-20240510-097-233-L00000012258-CCD1_2_crop2,37,5a03df13e775fb22acf6d0c7b919fea89af7932c54d2af9203867ec4a30a8037,1,1,ok
train,shiyan/data/labels/train/01-PAN-20240510-097-233-L00000012258-CCD2_2_crop1.txt,01-PAN-20240510-097-233-L00000012258-CCD2_2_crop1,37,dfac628c50b33ea28b4b0cea12750711dd170f6ef96191c7d1d4169314d4a982,1,1,ok
train,shiyan/data/labels/train/01-PAN-20240511-122-548-L00000012428-CCD26_5_crop2.txt,01-PAN-20240511-122-548-L00000012428-CCD26_5_crop2,37,b96d1a9845e3a86d95f0e30c2593e20e08902bdc825a4cee0c5b5cf4f60f8c4a,1,1,ok
train,shiyan/data/labels/train/01-PAN-20240511-122-548-L00000012428-CCD26_5_crop3.txt,01-PAN-20240511-122-548-L00000012428-CCD26_5_crop3,37,9370b620670f6280dda6a070ea764149504579dd49f3fe9840c18ca8701b86f7,1,1,ok
train,shiyan/data/labels/train/01-PAN-20240511-122-548-L00000012428-CCD27_5_crop2.txt,01-PAN-20240511-122-548-L00000012428-CCD27_5_crop2,37,1edd541b347d78c3df78dc6ec00cee027015776f5cedda7303c5038246776443,1,1,ok
train,shiyan/data/labels/train/01-PAN-20240511-122-548-L00000012428-CCD27_6_crop1.txt,01-PAN-20240511-122-548-L00000012428-CCD27_6_crop1,37,f043d2b4c7864473d5a4856dbd6b16b4ad2acc12c37fd96792a06ae48838d7d3,1,1,ok
train,shiyan/data/labels/train/01-PAN-20240511-122-548-L00000012428-CCD28_5_crop1.txt,01-PAN-20240511-122-548-L00000012428-CCD28_5_crop1,37,c7c589ba9605aca7cdac9d5647d68de7a0994409f8f65322f4d9fcf5f774585a,1,1,ok
train,shiyan/data/labels/train/01-PAN-20240511-152-202-L00000012357-CCD23_5_crop1.txt,01-PAN-20240511-152-202-L00000012357-CCD23_5_crop1,37,359507d0852d279cfa20a184a1cd363387b2dbd376db6248d13a328a47b7e8c1,1,1,ok
train,shiyan/data/labels/train/01-PAN-20240511-152-202-L00000012357-CCD23_5_crop2.txt,01-PAN-20240511-152-202-L00000012357-CCD23_5_crop2,76,5a54b9cecf302bcf1b447a671d7362e2b22ad226238cee3ed7edaf4522dc7cb6,2,2,ok
train,shiyan/data/labels/train/01-PAN-20240513-108-689-L00000012464-CCD29_5_crop2.txt,01-PAN-20240513-108-689-L00000012464-CCD29_5_crop2,37,4062ed49a5efe0a3d8bdf17edb00aee56d4f347fa5ecd93e06c69333a6614277,1,1,ok
train,shiyan/data/labels/train/01-PAN-20240513-108-689-L00000012464-CCD29_6_crop1.txt,01-PAN-20240513-108-689-L00000012464-CCD29_6_crop1,37,2211c5b53f4971899a22146e52278538fdb56b7a67c3ed4599d918c20a01a14d,1,1,ok
train,shiyan/data/labels/train/01-PAN-20240513-108-689-L00000012464-CCD29_6_crop2.txt,01-PAN-20240513-108-689-L00000012464-CCD29_6_crop2,37,dd2f936b0317b32848f24b018784aefe00355c179e2566808a2b3ae732ad4ddf,1,1,ok
train,shiyan/data/labels/train/01-PAN-20240513-108-690-L00000012465-CCD28_2_crop1.txt,01-PAN-20240513-108-690-L00000012465-CCD28_2_crop1,37,063657b6bbf42c6c83fcf461de0115a342d5f25455a53c129fd188c4f25d04fc,1,1,ok
train,shiyan/data/labels/train/01-PAN-20240513-108-690-L00000012465-CCD28_2_crop2.txt,01-PAN-20240513-108-690-L00000012465-CCD28_2_crop2,37,cf7d7eecce9a8368f56c272503df190342962840aea04b1f06e773fd1e880304,1,1,ok
train,shiyan/data/labels/train/01-PAN-20240513-108-690-L00000012465-CCD28_2_crop3.txt,01-PAN-20240513-108-690-L00000012465-CCD28_2_crop3,37,3f108a9507236cbbc47ba7772e806e7ed8e04ce251d464824a5edf848e23a576,1,1,ok
train,shiyan/data/labels/train/01-PAN-20240513-108-690-L00000012465-CCD28_3_crop2.txt,01-PAN-20240513-108-690-L00000012465-CCD28_3_crop2,154,66ba4940370e57232ef9117140efe0a42a5399345c3bae397c1b24a8fcd89a74,4,4,ok
train,shiyan/data/labels/train/01-PAN-20240513-108-690-L00000012465-CCD28_3_crop4.txt,01-PAN-20240513-108-690-L00000012465-CCD28_3_crop4,76,aa6dc8209e0883fd0587ef1a7b6e690b994f038ed35f42ffff4d4b6e14b39c96,2,2,ok
train,shiyan/data/labels/train/01-PAN-20240513-108-690-L00000012465-CCD29_1_crop2.txt,01-PAN-20240513-108-690-L00000012465-CCD29_1_crop2,37,a95b2200993d6bef8e6ff4d881100138fb976201bd39cb7518911cced74b25a5,1,1,ok
train,shiyan/data/labels/train/01-PAN-20240513-108-690-L00000012465-CCD29_1_crop4.txt,01-PAN-20240513-108-690-L00000012465-CCD29_1_crop4,37,a0485cfd4137bbb6afe92319bbcc497e8d398f5e7b059a6eb489658fe355d18a,1,1,ok
train,shiyan/data/labels/train/01-PAN-20240513-108-690-L00000012465-CCD29_1_crop5.txt,01-PAN-20240513-108-690-L00000012465-CCD29_1_crop5,37,51423511a067276bbefa1861f2f184cc3fde2499eb827ef1e037d82ee8e1963f,1,1,ok
train,shiyan/data/labels/train/01-PAN-20240513-108-690-L00000012465-CCD29_3_crop2.txt,01-PAN-20240513-108-690-L00000012465-CCD29_3_crop2,37,eda464b7d520eb7d317b7eb2ee7d0458d2122bf39a74869e30d1089d804ec837,1,1,ok
train,shiyan/data/labels/train/01-PAN-20240513-108-690-L00000012465-CCD29_3_crop3.txt,01-PAN-20240513-108-690-L00000012465-CCD29_3_crop3,37,622df67b62f32ec0d3277bcdfa32b62c2320ddc4c43f962fed3f0d430b15e6d1,1,1,ok
train,shiyan/data/labels/train/01-PAN-20240513-108-690-L00000012465-CCD32_5_crop1.txt,01-PAN-20240513-108-690-L00000012465-CCD32_5_crop1,37,f72e37a81c9b42a331d99d52654b8dd4485764e4c6a51103886502151f2f9d41,1,1,ok
train,shiyan/data/labels/train/01-PAN-20240513-108-691-L00000012466-CCD27_5_crop1.txt,01-PAN-20240513-108-691-L00000012466-CCD27_5_crop1,193,ff9a00c52b5d708bd76f04e27dd79b5822821305e23e220937d05ec5db335e2b,5,5,ok
train,shiyan/data/labels/train/01-PAN-20240513-108-691-L00000012466-CCD27_5_crop2.txt,01-PAN-20240513-108-691-L00000012466-CCD27_5_crop2,193,d5f8f18f5a6bb322ce5a6043fb4ae200b371a35faa60f64cab222a441b5f6e3b,5,5,ok
train,shiyan/data/labels/train/01-PAN-20240513-139-166-L00000012468-CCD22_2_crop1.txt,01-PAN-20240513-139-166-L00000012468-CCD22_2_crop1,37,dec7746639cdf707b002d08880928fca4a6f82cbcb2ef6ffbc455fec0a13cbeb,1,1,ok
train,shiyan/data/labels/train/01-PAN-20240513-456-301-L00000012440-CCD1_4_crop1.txt,01-PAN-20240513-456-301-L00000012440-CCD1_4_crop1,154,d123a85c2e64da1ffaf5daedaeb7f32caa64fc3158318fae12635ab39b90437b,4,4,ok
train,shiyan/data/labels/train/01-PAN-20240513-456-301-L00000012440-CCD1_4_crop2.txt,01-PAN-20240513-456-301-L00000012440-CCD1_4_crop2,115,694fd8f03ab4f6360e67667d66a1d9d63680b87a24512a004197da6cf0822473,3,3,ok
train,shiyan/data/labels/train/01-PAN-20240513-456-301-L00000012440-CCD1_4_crop3.txt,01-PAN-20240513-456-301-L00000012440-CCD1_4_crop3,37,aa917607f43acc29ae7c4c30d3a707db754779762906a9c5b8b27e7fa461d0dc,1,1,ok
train,shiyan/data/labels/train/01-PAN-20240513-456-301-L00000012440-CCD1_4_crop4.txt,01-PAN-20240513-456-301-L00000012440-CCD1_4_crop4,115,e5d93e4da51d0377e6038feb3b84fb5e71a6eaa6b85c13eabeb93c1077867722,3,3,ok
train,shiyan/data/labels/train/01-PAN-20240513-456-301-L00000012440-CCD1_5_crop1.txt,01-PAN-20240513-456-301-L00000012440-CCD1_5_crop1,76,cef044710fef1d0ef58f5dbe0de2be93b5f0c06c0f99bcad3546d7f24c0f8ba1,2,2,ok
train,shiyan/data/labels/train/01-PAN-20240513-456-301-L00000012440-CCD1_5_crop10.txt,01-PAN-20240513-456-301-L00000012440-CCD1_5_crop10,115,1ebf16d29e10cad3b55d9445fa5f33e4422f5b85b0c0108d2f62586026a8ddfa,3,3,ok
train,shiyan/data/labels/train/01-PAN-20240513-456-301-L00000012440-CCD1_5_crop11.txt,01-PAN-20240513-456-301-L00000012440-CCD1_5_crop11,37,243eaabb127ab532635d563a3269a5ad10cd54df71a87ac593e19296b48fa345,1,1,ok
train,shiyan/data/labels/train/01-PAN-20240513-456-301-L00000012440-CCD1_5_crop2.txt,01-PAN-20240513-456-301-L00000012440-CCD1_5_crop2,76,867b3c92464851ace1c1c4b14043234f04ca2b8ff130d1c0fddfb9ab02d0848c,2,2,ok
train,shiyan/data/labels/train/01-PAN-20240513-456-301-L00000012440-CCD1_5_crop3.txt,01-PAN-20240513-456-301-L00000012440-CCD1_5_crop3,115,9ca15dd850aabf28d6a631b96f37ab49efb761e45fd08bc3922b81d8fec82a37,3,3,ok
train,shiyan/data/labels/train/01-PAN-20240513-456-301-L00000012440-CCD1_5_crop4.txt,01-PAN-20240513-456-301-L00000012440-CCD1_5_crop4,115,878ca49d2e8dd65294daf2dcfcc5cd8c55fe9c94045df5cf1ea578f2d0c0ccbe,3,3,ok
train,shiyan/data/labels/train/01-PAN-20240513-456-301-L00000012440-CCD1_5_crop5.txt,01-PAN-20240513-456-301-L00000012440-CCD1_5_crop5,37,0b0a5a3c84039341562c5d2736e875432649a1112079b2cc7a990cca94f5eef2,1,1,ok
train,shiyan/data/labels/train/01-PAN-20240513-456-301-L00000012440-CCD1_5_crop6.txt,01-PAN-20240513-456-301-L00000012440-CCD1_5_crop6,76,c41c44cb8659f0c90bd3f8c1785febf59730d92cf7dd7e2246ca361d418e93b4,2,2,ok
train,shiyan/data/labels/train/01-PAN-20240513-456-301-L00000012440-CCD1_5_crop7.txt,01-PAN-20240513-456-301-L00000012440-CCD1_5_crop7,154,c5913154e24f3140c3381c4c612cf1d95a817de0c0216a8a49353d998519a4e9,4,4,ok
train,shiyan/data/labels/train/01-PAN-20240513-456-301-L00000012440-CCD1_5_crop8.txt,01-PAN-20240513-456-301-L00000012440-CCD1_5_crop8,76,79b8838c81b3fd7e05fb03286d31e9f515facaf9cbf10f84e819e5d1a005ba44,2,2,ok
train,shiyan/data/labels/train/01-PAN-20240513-456-301-L00000012440-CCD1_5_crop9.txt,01-PAN-20240513-456-301-L00000012440-CCD1_5_crop9,193,8853311b8722bf88bfa9aa02d6e18202c800e7fc829be7300a04d4ddd392ddde,5,5,ok
train,shiyan/data/labels/train/01-PAN-20240513-456-301-L00000012440-CCD1_6_crop1.txt,01-PAN-20240513-456-301-L00000012440-CCD1_6_crop1,76,01d815b05d354015ab80e5f33a3a86d06f01a3ae8a51d5ba512ef8e5557923b8,2,2,ok
train,shiyan/data/labels/train/01-PAN-20240513-456-301-L00000012440-CCD1_6_crop2.txt,01-PAN-20240513-456-301-L00000012440-CCD1_6_crop2,37,fe5d050c49bd61e9c9a436ce2c60fd1578dad3a776a5301e97c02d9eff16e281,1,1,ok
train,shiyan/data/labels/train/01-PAN-20240513-456-301-L00000012440-CCD2_4_crop1.txt,01-PAN-20240513-456-301-L00000012440-CCD2_4_crop1,76,f3081281675ca6df6e04ac30417f47efc62672abdbbcf7655736a06458f61528,2,2,ok
train,shiyan/data/labels/train/01-PAN-20240513-456-301-L00000012440-CCD2_6_crop1.txt,01-PAN-20240513-456-301-L00000012440-CCD2_6_crop1,76,25f8afc8f6ca93ff5a27f57e0cb646966a4d7f86d5a82a15a13027bd60b5212f,2,2,ok
train,shiyan/data/labels/train/01-PAN-20240513-456-301-L00000012440-CCD2_6_crop2.txt,01-PAN-20240513-456-301-L00000012440-CCD2_6_crop2,154,5db780d21dd284dd90b27db89169e80d6fa0f80748e290140f51bfb08b78b159,4,4,ok
train,shiyan/data/labels/train/01-PAN-20240513-456-301-L00000012440-CCD2_6_crop4.txt,01-PAN-20240513-456-301-L00000012440-CCD2_6_crop4,76,050935631c76edfa83fe90856e4353de8281a74f4fa3b2c276be2ba31c02bae6,2,2,ok
train,shiyan/data/labels/train/01-PAN-20240513-456-301-L00000012440-CCD2_6_crop6.txt,01-PAN-20240513-456-301-L00000012440-CCD2_6_crop6,115,9dc26aac397e0512b03a46c1966daa42129c2df1d00107b13786b1847142d0d2,3,3,ok
train,shiyan/data/labels/train/01-PAN-20240513-456-302-L00000012441-CCD1_1_crop1.txt,01-PAN-20240513-456-302-L00000012441-CCD1_1_crop1,76,191074bd2ac12de5ba37a4953e6c43bdc17f0cd37a2b63babb5e92404ddde57c,2,2,ok
train,shiyan/data/labels/train/01-PAN-20240513-456-302-L00000012441-CCD1_1_crop2.txt,01-PAN-20240513-456-302-L00000012441-CCD1_1_crop2,37,271f0f8393a208ad4f751de08b7df9f859bdaa8dc3e974366cdc8bca775ce7e9,1,1,ok
train,shiyan/data/labels/train/01-PAN-20240513-456-302-L00000012441-CCD1_2_crop1.txt,01-PAN-20240513-456-302-L00000012441-CCD1_2_crop1,37,a2a7d3c524a432c02558eb0a8381db1c7e2cee2c7934826954af0f67be8d6f43,1,1,ok
train,shiyan/data/labels/train/01-PAN-20240513-456-302-L00000012441-CCD1_2_crop2.txt,01-PAN-20240513-456-302-L00000012441-CCD1_2_crop2,115,b692ef106a0dcbfab761150f1d3fec9e985c43fac1a09183d2beaff718ede7cb,3,3,ok
train,shiyan/data/labels/train/01-PAN-20240513-456-302-L00000012441-CCD1_2_crop3.txt,01-PAN-20240513-456-302-L00000012441-CCD1_2_crop3,37,abd3cec598a5ac2e610cbd67406c500857627c90cb6ef4c617c3444fe9a37f6c,1,1,ok
train,shiyan/data/labels/train/01-PAN-20240513-456-304-L00000012443-CCD11_4_crop1.txt,01-PAN-20240513-456-304-L00000012443-CCD11_4_crop1,76,05e5235997e805b7a52f9676c85e714c073fc20553525fc4653a1f0b9ac4c23f,2,2,ok
train,shiyan/data/labels/train/01-PAN-20240513-456-304-L00000012443-CCD11_4_crop10.txt,01-PAN-20240513-456-304-L00000012443-CCD11_4_crop10,76,d0d05ada4756219cc0e5efcb57442e53f6f9f4aaaefce454a2b19516cd2d4f1e,2,2,ok
train,shiyan/data/labels/train/01-PAN-20240513-456-304-L00000012443-CCD11_4_crop11.txt,01-PAN-20240513-456-304-L00000012443-CCD11_4_crop11,76,00880ee02f16c2f390574337f8b2e099c317a7c28796f453aab5be707026f174,2,2,ok
train,shiyan/data/labels/train/01-PAN-20240513-456-304-L00000012443-CCD11_4_crop2.txt,01-PAN-20240513-456-304-L00000012443-CCD11_4_crop2,76,30e790107b9ae3049b5cf9acafa2eb1b5d69192c7e7f0553cc86cd20a47ff95b,2,2,ok
train,shiyan/data/labels/train/01-PAN-20240513-456-304-L00000012443-CCD11_4_crop3.txt,01-PAN-20240513-456-304-L00000012443-CCD11_4_crop3,76,8f623fe5eb3d277dbafb68812563c235dd370c9c78edfbb4e85aef9ad9c2c903,2,2,ok
train,shiyan/data/labels/train/01-PAN-20240513-456-304-L00000012443-CCD11_4_crop4.txt,01-PAN-20240513-456-304-L00000012443-CCD11_4_crop4,37,3244c8be40e4ccc03882325e22e4ab646a687c8cb52590c1b9e9af1db7db161a,1,1,ok
train,shiyan/data/labels/train/01-PAN-20240513-456-304-L00000012443-CCD11_4_crop5.txt,01-PAN-20240513-456-304-L00000012443-CCD11_4_crop5,76,c6499e46f4d441b66848ba0ac5eec74bda60e2b2865a8dbcb5015da52874a4a5,2,2,ok
train,shiyan/data/labels/train/01-PAN-20240513-456-304-L00000012443-CCD11_4_crop7.txt,01-PAN-20240513-456-304-L00000012443-CCD11_4_crop7,115,f7e539f57edf064ee580853a48ea3dd8a9b7c2e9e6134fc55d81c813b9ba8e1b,3,3,ok
train,shiyan/data/labels/train/01-PAN-20240513-456-304-L00000012443-CCD11_4_crop8.txt,01-PAN-20240513-456-304-L00000012443-CCD11_4_crop8,115,aeab9f016d705d05b49728d84f67fe015e96094cd6f014fa6e6d399df97a73bd,3,3,ok
train,shiyan/data/labels/train/01-PAN-20240513-456-304-L00000012443-CCD11_4_crop9.txt,01-PAN-20240513-456-304-L00000012443-CCD11_4_crop9,37,6df7d814513da1c850f8e3fa9e12813ef77a4d05d7d647d143d8ac841cd10c42,1,1,ok
train,shiyan/data/labels/train/01-PAN-20240513-456-304-L00000012443-CCD11_6_crop1.txt,01-PAN-20240513-456-304-L00000012443-CCD11_6_crop1,37,c0613d8422abc7babfc522ba0bedafea058b869b93a1be48c7656806a184ec2c,1,1,ok
train,shiyan/data/labels/train/01-PAN-20240513-456-304-L00000012443-CCD12_4_crop1.txt,01-PAN-20240513-456-304-L00000012443-CCD12_4_crop1,37,fc58dbd0f805cfb54055d4fe7b4f963dac53e1a841fc8196eeadd137000a8053,1,1,ok
train,shiyan/data/labels/train/01-PAN-20240513-456-304-L00000012443-CCD12_4_crop2.txt,01-PAN-20240513-456-304-L00000012443-CCD12_4_crop2,37,193e6fc3858759908dfce0e29f48e488dd5ecd55eb023cab5f21df154141162c,1,1,ok
train,shiyan/data/labels/train/01-PAN-20240513-456-304-L00000012443-CCD12_4_crop3.txt,01-PAN-20240513-456-304-L00000012443-CCD12_4_crop3,76,bbcb01383f5d2136ebcdb559adf7b827cceb86e1d781850d5ce032254a91fb0d,2,2,ok
train,shiyan/data/labels/train/01-PAN-20240513-456-304-L00000012443-CCD14_3_crop1.txt,01-PAN-20240513-456-304-L00000012443-CCD14_3_crop1,37,0b5f338345cf36e41b6d92f6b0d1685cdf0a1df9ecfeab86cf9358a823bd3c4a,1,1,ok
train,shiyan/data/labels/train/01-PAN-20240513-456-304-L00000012443-CCD15_3_crop1.txt,01-PAN-20240513-456-304-L00000012443-CCD15_3_crop1,154,9014b5a527ba526903dd63f59f0edd3ef574fefac61c7286fed961c15290b858,4,4,ok
train,shiyan/data/labels/train/01-PAN-20240513-456-304-L00000012443-CCD15_3_crop2.txt,01-PAN-20240513-456-304-L00000012443-CCD15_3_crop2,310,8bde5c9346d59bb2f7ddfb5fbeda5cf17092bcb2520e4552a578bfaeabfc3f3a,8,8,ok
train,shiyan/data/labels/train/01-PAN-20240513-456-304-L00000012443-CCD15_3_crop3.txt,01-PAN-20240513-456-304-L00000012443-CCD15_3_crop3,76,227c6c3e7f60b3a378614785b3ccf31053eab87c6de63f0a96da5fa090e71d25,2,2,ok
train,shiyan/data/labels/train/01-PAN-20240513-456-304-L00000012443-CCD15_3_crop4.txt,01-PAN-20240513-456-304-L00000012443-CCD15_3_crop4,271,b70156defd4e457a977d42b2c95bc78fe2c041b550c0f1681479c40611d3844c,7,7,ok
train,shiyan/data/labels/train/01-PAN-20240513-456-304-L00000012443-CCD15_3_crop5.txt,01-PAN-20240513-456-304-L00000012443-CCD15_3_crop5,154,dc8fcfb78b8bbbb8a20bac613a4b725f1e41ddee292386c962df7b934067743e,4,4,ok
train,shiyan/data/labels/train/01-PAN-20240513-456-304-L00000012443-CCD15_3_crop6.txt,01-PAN-20240513-456-304-L00000012443-CCD15_3_crop6,115,980cdf6d586d483653c764332669a6ed796aabe6ef0cdb251b34867f1533bcd5,3,3,ok
train,shiyan/data/labels/train/01-PAN-20240513-456-304-L00000012443-CCD15_3_crop7.txt,01-PAN-20240513-456-304-L00000012443-CCD15_3_crop7,154,7b8306e535ed57b2c5b43cd301cd5a0d3ad11c8fe27b3f0df7ebe5ebbdf8bd4c,4,4,ok
train,shiyan/data/labels/train/01-PAN-20240513-456-304-L00000012443-CCD15_3_crop8.txt,01-PAN-20240513-456-304-L00000012443-CCD15_3_crop8,271,14aaff670890e5794762da935cd4053d632f53903de4300c7388b2f1b9bf354b,7,7,ok
train,shiyan/data/labels/train/01-PAN-20240513-456-304-L00000012443-CCD15_6_crop1.txt,01-PAN-20240513-456-304-L00000012443-CCD15_6_crop1,37,ad7fc1ef5761302163468f6ea89ba536d14122f903897603d7c95a8aa8e225f0,1,1,ok
train,shiyan/data/labels/train/01-PAN-20240513-456-304-L00000012443-CCD15_6_crop2.txt,01-PAN-20240513-456-304-L00000012443-CCD15_6_crop2,37,a1cded795123738e660aa74132af4cc8cdb606462a1f0191c76d1f6633ffcdb7,1,1,ok
train,shiyan/data/labels/train/01-PAN-20240513-456-304-L00000012443-CCD16_1_crop1.txt,01-PAN-20240513-456-304-L00000012443-CCD16_1_crop1,37,e8f9435d377afa5ac5070147e6a8db457add6ca681ac42fe677b277cb6b74b20,1,1,ok
train,shiyan/data/labels/train/01-PAN-20240513-456-304-L00000012443-CCD16_1_crop2.txt,01-PAN-20240513-456-304-L00000012443-CCD16_1_crop2,37,23949632e6958ae7a2565f6e0981f3679a95b7e579a677d5efd5873167da16d3,1,1,ok
train,shiyan/data/labels/train/01-PAN-20240513-456-304-L00000012443-CCD16_2_crop1.txt,01-PAN-20240513-456-304-L00000012443-CCD16_2_crop1,115,83cbec4f23a935e7fa2ccca07d9d6c45aa20b9018c01f920cac6dfde86b9b709,3,3,ok
train,shiyan/data/labels/train/01-PAN-20240513-456-304-L00000012443-CCD16_2_crop3.txt,01-PAN-20240513-456-304-L00000012443-CCD16_2_crop3,76,e7e7e501e558a5a537dbb3d4d72dc54cb4a96e4f15b38dcba8a65bf4cb6473ed,2,2,ok
train,shiyan/data/labels/train/01-PAN-20240513-456-304-L00000012443-CCD16_2_crop4.txt,01-PAN-20240513-456-304-L00000012443-CCD16_2_crop4,37,c484e0ecce2076849d02bc88e18c7d3f4bf0ff070f72e90ab32fbd78964b30a7,1,1,ok
train,shiyan/data/labels/train/01-PAN-20240513-456-304-L00000012443-CCD16_2_crop5.txt,01-PAN-20240513-456-304-L00000012443-CCD16_2_crop5,37,e36f01cd8725a5182d63aea39ed502c2ff580d6973e033a7013b8018a57df370,1,1,ok
train,shiyan/data/labels/train/01-PAN-20240513-456-304-L00000012443-CCD16_3_crop1.txt,01-PAN-20240513-456-304-L00000012443-CCD16_3_crop1,37,d71de64662e305f6ff0bad69647eb48d326bcfaaf4ab5c0e2c451adef2134041,1,1,ok
train,shiyan/data/labels/train/01-PAN-20240513-456-304-L00000012443-CCD16_6_crop1.txt,01-PAN-20240513-456-304-L00000012443-CCD16_6_crop1,37,b02b6d7500064e132929d49a38f56e259c50b15c50f8aa41c883364934b76a4a,1,1,ok
train,shiyan/data/labels/train/01-PAN-20240513-456-304-L00000012443-CCD16_6_crop2.txt,01-PAN-20240513-456-304-L00000012443-CCD16_6_crop2,37,caf500a5b4a617829dca652bdd2c10d7dd575c8f7c5bb11dd97273597aa1efce,1,1,ok
train,shiyan/data/labels/train/01-PAN-20240513-456-304-L00000012443-CCD17_2_crop1.txt,01-PAN-20240513-456-304-L00000012443-CCD17_2_crop1,37,5d8d7423a2a06198def3fde6c92a604dd8f5f7dc6a98b7c57faa9cfc8db0aff0,1,1,ok
train,shiyan/data/labels/train/01-PAN-20240513-456-304-L00000012443-CCD4_2_crop1.txt,01-PAN-20240513-456-304-L00000012443-CCD4_2_crop1,37,e76026cb6aab5a046796e554b95768c0427e8ed6010a80b2610bda4adb3fa94d,1,1,ok
train,shiyan/data/labels/train/01-PAN-20240513-456-304-L00000012443-CCD5_1_crop1.txt,01-PAN-20240513-456-304-L00000012443-CCD5_1_crop1,76,7e425b9fe925077cc98ab6cbbe06269a7260f7ee78e9ec90089d36295d1778c1,2,2,ok
train,shiyan/data/labels/train/01-PAN-20240513-456-304-L00000012443-CCD5_2_crop1.txt,01-PAN-20240513-456-304-L00000012443-CCD5_2_crop1,76,17648a64ee77f491545943a432600472eab1362e5cf6a1aa62df80ebcd82cd4a,2,2,ok
train,shiyan/data/labels/train/01-PAN-20240513-456-304-L00000012443-CCD5_2_crop2.txt,01-PAN-20240513-456-304-L00000012443-CCD5_2_crop2,115,b3f840db676aeea1a517e2cc104cd82758bf59ef6efa80b77e498d8a930f0123,3,3,ok
train,shiyan/data/labels/train/01-PAN-20240513-456-304-L00000012443-CCD5_2_crop3.txt,01-PAN-20240513-456-304-L00000012443-CCD5_2_crop3,193,1d1b350c01c61ef4711a1e2f44430e9edf885d2dd9124d32d4d099da3b7dd745,5,5,ok
train,shiyan/data/labels/train/01-PAN-20240513-456-304-L00000012443-CCD5_2_crop4.txt,01-PAN-20240513-456-304-L00000012443-CCD5_2_crop4,37,220f310efcbe4184f306de794adb25ffa72a32caf8cdde0ed0a7d0a72c50c537,1,1,ok
train,shiyan/data/labels/train/01-PAN-20240513-456-304-L00000012443-CCD5_2_crop5.txt,01-PAN-20240513-456-304-L00000012443-CCD5_2_crop5,76,396673d07b8a897c7525ad2670f4996377d660d99108876b888b8189c0bf00cd,2,2,ok
train,shiyan/data/labels/train/01-PAN-20240513-456-304-L00000012443-CCD5_4_crop1.txt,01-PAN-20240513-456-304-L00000012443-CCD5_4_crop1,37,f3f958de0f05abace1595a39c535d834180d2b5742dc83dce7951c60048edcee,1,1,ok
train,shiyan/data/labels/train/01-PAN-20240513-456-304-L00000012443-CCD5_4_crop2.txt,01-PAN-20240513-456-304-L00000012443-CCD5_4_crop2,37,6c4fcf1cc6c4222584551a5dc25c1ed4acc3366ae86864ee4ac64e13df2b3531,1,1,ok
train,shiyan/data/labels/train/01-PAN-20240513-456-304-L00000012443-CCD5_4_crop3.txt,01-PAN-20240513-456-304-L00000012443-CCD5_4_crop3,37,6fac26e11e912ba0bfe1a487736fd9cbd4281aea185b48628f6b1ca4ed5b70e3,1,1,ok
train,shiyan/data/labels/train/01-PAN-20240513-456-304-L00000012443-CCD6_1_crop1.txt,01-PAN-20240513-456-304-L00000012443-CCD6_1_crop1,76,d5ef6edc5d10700cd2236b3b7016422730e188352f8550a86ff0f602495cc591,2,2,ok
train,shiyan/data/labels/train/01-PAN-20240513-456-304-L00000012443-CCD6_1_crop2.txt,01-PAN-20240513-456-304-L00000012443-CCD6_1_crop2,193,5895d54328f305a77a4a2efd85d68fc7eddc6b96bc3e5c5583d250c17b2d078b,5,5,ok
train,shiyan/data/labels/train/01-PAN-20240513-456-304-L00000012443-CCD6_2_crop1.txt,01-PAN-20240513-456-304-L00000012443-CCD6_2_crop1,37,3f37731007536a39989d0f2595f31f585a50539939b8a20a3e9630ce1448d8d1,1,1,ok
train,shiyan/data/labels/train/01-PAN-20240513-456-304-L00000012443-CCD6_2_crop10.txt,01-PAN-20240513-456-304-L00000012443-CCD6_2_crop10,37,0bb426e247f35642b156b4075d340ca8984f115f124463666e6f46792533d4f8,1,1,ok
train,shiyan/data/labels/train/01-PAN-20240513-456-304-L00000012443-CCD6_2_crop11.txt,01-PAN-20240513-456-304-L00000012443-CCD6_2_crop11,37,4d03c8aca3fb420d06bc4c96df12677f2f095a3528705b48fd4ed1e819d58f14,1,1,ok
train,shiyan/data/labels/train/01-PAN-20240513-456-304-L00000012443-CCD6_2_crop2.txt,01-PAN-20240513-456-304-L00000012443-CCD6_2_crop2,154,3e2571afdf062aad47862052c0ec3b1959fed280fd7a1268dd8fd85506207394,4,4,ok
train,shiyan/data/labels/train/01-PAN-20240513-456-304-L00000012443-CCD6_2_crop3.txt,01-PAN-20240513-456-304-L00000012443-CCD6_2_crop3,37,11de07fd9f8b37a0255caa5be1771ad48302f3e124faaa58b4c64bbf3369a7eb,1,1,ok
train,shiyan/data/labels/train/01-PAN-20240513-456-304-L00000012443-CCD6_2_crop4.txt,01-PAN-20240513-456-304-L00000012443-CCD6_2_crop4,115,d24e0940d66490fccb1d78df82359bcd2884317ff353a4cb2407db576957582c,3,3,ok
train,shiyan/data/labels/train/01-PAN-20240513-456-304-L00000012443-CCD6_2_crop5.txt,01-PAN-20240513-456-304-L00000012443-CCD6_2_crop5,154,0a04eee4d841b15a7618034d2e7dc1e308fcad57103f5138a3e54c44eb49b896,4,4,ok
train,shiyan/data/labels/train/01-PAN-20240513-456-304-L00000012443-CCD6_2_crop6.txt,01-PAN-20240513-456-304-L00000012443-CCD6_2_crop6,115,184a4c9e8158eebbc8a68dd28264ad78c0db04c8abd271f1e32a91efe1c9a7cb,3,3,ok
train,shiyan/data/labels/train/01-PAN-20240513-456-304-L00000012443-CCD6_2_crop7.txt,01-PAN-20240513-456-304-L00000012443-CCD6_2_crop7,115,2629038bc55ecd76e85df149f5b93aff7bad6ddfbb77e92fbb497b515a111e33,3,3,ok
train,shiyan/data/labels/train/01-PAN-20240513-456-304-L00000012443-CCD6_2_crop8.txt,01-PAN-20240513-456-304-L00000012443-CCD6_2_crop8,37,05f312c8a4718c7a685e568c13fc4623691284dffd0661a7ba557f43b7e8b4d6,1,1,ok
train,shiyan/data/labels/train/01-PAN-20240513-456-304-L00000012443-CCD6_2_crop9.txt,01-PAN-20240513-456-304-L00000012443-CCD6_2_crop9,76,81fa0be9f70b69a2b17d06369fa4dbaf907cc2ddae2253b7d8e5c79c64e54b05,2,2,ok
train,shiyan/data/labels/train/01-PAN-20240513-456-304-L00000012443-CCD6_3_crop1.txt,01-PAN-20240513-456-304-L00000012443-CCD6_3_crop1,37,bf61ffe8ae4a085892baac4e5eae880dd9ad92daa77f655cb4fa8b284d5b0de5,1,1,ok
train,shiyan/data/labels/train/01-PAN-20240513-456-304-L00000012443-CCD6_3_crop2.txt,01-PAN-20240513-456-304-L00000012443-CCD6_3_crop2,37,fb7ce481899700c08919a976757eaf052a89ea5e0180d99575ef230915e77312,1,1,ok
train,shiyan/data/labels/train/01-PAN-20240513-456-304-L00000012443-CCD6_3_crop3.txt,01-PAN-20240513-456-304-L00000012443-CCD6_3_crop3,76,813ba7705c0618fde3538464fde98dd533a704d9bbd961e9bc36f1d30a4b0472,2,2,ok
train,shiyan/data/labels/train/01-PAN-20240513-456-304-L00000012443-CCD6_3_crop4.txt,01-PAN-20240513-456-304-L00000012443-CCD6_3_crop4,37,868664be54c6d1c08c10a01ec0971bafde197dbdd9b6c493aee4cc4419cc7df0,1,1,ok
train,shiyan/data/labels/train/01-PAN-20240513-456-304-L00000012443-CCD6_3_crop5.txt,01-PAN-20240513-456-304-L00000012443-CCD6_3_crop5,37,10de08693be84cb638512dce83d8b4b56bf5c850384a01dd5f27c65a02a7853a,1,1,ok
train,shiyan/data/labels/train/01-PAN-20240513-456-304-L00000012443-CCD6_3_crop6.txt,01-PAN-20240513-456-304-L00000012443-CCD6_3_crop6,37,4949e0cffed4dff58b7f6f0f961049e25ff7efdfc3913f9a7141383b41b827e4,1,1,ok
train,shiyan/data/labels/train/01-PAN-20240513-456-304-L00000012443-CCD6_3_crop7.txt,01-PAN-20240513-456-304-L00000012443-CCD6_3_crop7,37,3bcd7b7ff067439a4c5c5a5b075920c8e421d18c52f47cacfa9fabc5b63546ca,1,1,ok
train,shiyan/data/labels/train/01-PAN-20240513-456-304-L00000012443-CCD6_4_crop1.txt,01-PAN-20240513-456-304-L00000012443-CCD6_4_crop1,37,21ddb1b0da4615687dd36b8f11fba610473534b3dc250767085dddb9cf0db0d8,1,1,ok
train,shiyan/data/labels/train/01-PAN-20240513-456-304-L00000012443-CCD6_4_crop2.txt,01-PAN-20240513-456-304-L00000012443-CCD6_4_crop2,37,44eca790019d352034370810599fda197403ad6205ffd690478a9406671fffc7,1,1,ok
train,shiyan/data/labels/train/01-PAN-20240513-456-304-L00000012443-CCD6_5_crop2.txt,01-PAN-20240513-456-304-L00000012443-CCD6_5_crop2,37,dfffb852d57470f70232f2ccb8697d0f289ee2b8f63d77b2b2a92d4d8fb0d253,1,1,ok
train,shiyan/data/labels/train/01-PAN-20240513-456-304-L00000012443-CCD7_3_crop1.txt,01-PAN-20240513-456-304-L00000012443-CCD7_3_crop1,193,75e15f0b51777ae68697dc61d375625a6cdaeb5cd3ab6a24ba61b6f1955ec517,5,5,ok
train,shiyan/data/labels/train/01-PAN-20240513-456-304-L00000012443-CCD7_3_crop10.txt,01-PAN-20240513-456-304-L00000012443-CCD7_3_crop10,115,0f8277a178a2177787f91e87ca2d6dcb6a359d9949791bdd0d4d726b0a356cce,3,3,ok
train,shiyan/data/labels/train/01-PAN-20240513-456-304-L00000012443-CCD7_3_crop11.txt,01-PAN-20240513-456-304-L00000012443-CCD7_3_crop11,76,92bfafb01807f7367846d42b4dc604552e5e2a6ccca7e38eed16d2ca65326651,2,2,ok
train,shiyan/data/labels/train/01-PAN-20240513-456-304-L00000012443-CCD7_3_crop2.txt,01-PAN-20240513-456-304-L00000012443-CCD7_3_crop2,37,c6b1adea357316609ee021cd036482c4c4b93fcf11772bfec7038f5511e63f20,1,1,ok
train,shiyan/data/labels/train/01-PAN-20240513-456-304-L00000012443-CCD7_3_crop3.txt,01-PAN-20240513-456-304-L00000012443-CCD7_3_crop3,193,d6ab63432b56e701bf4132051a1d632528cd921f91b29765abcaca7e9054d045,5,5,ok
train,shiyan/data/labels/train/01-PAN-20240513-456-304-L00000012443-CCD7_3_crop4.txt,01-PAN-20240513-456-304-L00000012443-CCD7_3_crop4,115,bf43a645d0714fbc4c3f87d7d255f2d4869e71f190db6fef86d388c7d01d1377,3,3,ok
train,shiyan/data/labels/train/01-PAN-20240513-456-304-L00000012443-CCD7_3_crop5.txt,01-PAN-20240513-456-304-L00000012443-CCD7_3_crop5,76,6422f5a5c064d064231166999ba9d14886bad328fe17fc2ca5671591512bb896,2,2,ok
train,shiyan/data/labels/train/01-PAN-20240513-456-304-L00000012443-CCD7_3_crop7.txt,01-PAN-20240513-456-304-L00000012443-CCD7_3_crop7,37,2f46a890df33b7b76161ada53f51ccd844a954371f727250b37aa5ab821fd8ee,1,1,ok
train,shiyan/data/labels/train/01-PAN-20240513-456-304-L00000012443-CCD7_3_crop8.txt,01-PAN-20240513-456-304-L00000012443-CCD7_3_crop8,193,96c167cfa99f7c5e7d7a51b1cc56aeda47708751b43dc487a570d9387223c35d,5,5,ok
train,shiyan/data/labels/train/01-PAN-20240513-456-304-L00000012443-CCD7_3_crop9.txt,01-PAN-20240513-456-304-L00000012443-CCD7_3_crop9,154,be40796d43ee461146ac5ca06ea05be84e014ba863aa5bfdf92addededfb79f2,4,4,ok
train,shiyan/data/labels/train/01-PAN-20240513-456-304-L00000012443-CCD7_4_crop2.txt,01-PAN-20240513-456-304-L00000012443-CCD7_4_crop2,37,23a9c13466fa1f0fda20cab39ef90c3681774ed8c42ae5f7e3838c5b3a139b4f,1,1,ok
train,shiyan/data/labels/train/01-PAN-20240513-456-305-L00000012444-CCD15_1_crop2.txt,01-PAN-20240513-456-305-L00000012444-CCD15_1_crop2,37,cb30e65238c247fb89786165a8a3d513ee9e9fdd4ccc6c241c89a8d890d84b7f,1,1,ok
train,shiyan/data/labels/train/01-PAN-20240513-456-305-L00000012444-CCD15_3_crop2.txt,01-PAN-20240513-456-305-L00000012444-CCD15_3_crop2,37,4204c70e59e96ee49c781045a8c3c27e3da4cf9674dbf915b9e9f9ccc92f3c1e,1,1,ok
train,shiyan/data/labels/train/01-PAN-20240513-456-305-L00000012444-CCD15_4_crop1.txt,01-PAN-20240513-456-305-L00000012444-CCD15_4_crop1,115,92ade3c34239c8166996b09286b7c2fc43b4e3dbe4fb7c922f05d394e6aa84e7,3,3,ok
train,shiyan/data/labels/train/01-PAN-20240513-456-305-L00000012444-CCD15_4_crop2.txt,01-PAN-20240513-456-305-L00000012444-CCD15_4_crop2,154,2782e3c287750d31789ff6a22f775e6035845fa4cef78946542a8e46f8783082,4,4,ok
train,shiyan/data/labels/train/01-PAN-20240513-456-305-L00000012444-CCD15_4_crop3.txt,01-PAN-20240513-456-305-L00000012444-CCD15_4_crop3,115,1c2bfea002245ac88301967e1d6d090356e46504144a109b6d181dae1e2e6ae7,3,3,ok
train,shiyan/data/labels/train/01-PAN-20240513-456-305-L00000012444-CCD15_4_crop4.txt,01-PAN-20240513-456-305-L00000012444-CCD15_4_crop4,232,563ccf011aca509b5a157e867f7f090e20410820bc0b78503738cc3cddb4c3ae,6,6,ok
train,shiyan/data/labels/train/01-PAN-20240513-456-305-L00000012444-CCD15_4_crop5.txt,01-PAN-20240513-456-305-L00000012444-CCD15_4_crop5,37,ebc8913ee2522849997f01b87ba0564e4ffc3abea20395a8feba550440549171,1,1,ok
train,shiyan/data/labels/train/01-PAN-20240513-456-305-L00000012444-CCD16_1_crop1.txt,01-PAN-20240513-456-305-L00000012444-CCD16_1_crop1,37,a75342cbe37ce486a965d25dfa291b6706492a43cd74676ca159cdb864609bdf,1,1,ok
train,shiyan/data/labels/train/01-PAN-20240513-456-305-L00000012444-CCD16_1_crop2.txt,01-PAN-20240513-456-305-L00000012444-CCD16_1_crop2,37,20fababff683dd5636168a918becfea40c588ed7d78b68e710da7710771a86fd,1,1,ok
train,shiyan/data/labels/train/01-PAN-20240513-456-305-L00000012444-CCD16_2_crop1.txt,01-PAN-20240513-456-305-L00000012444-CCD16_2_crop1,37,7683dccfe03a0a723fcfe06cbeead32b29894652dd9bfe9498d4c57c9d2c672b,1,1,ok
train,shiyan/data/labels/train/01-PAN-20240513-456-305-L00000012444-CCD16_3_crop1.txt,01-PAN-20240513-456-305-L00000012444-CCD16_3_crop1,37,27f3d1a4cc2ecabcb664dbf691ccb3a268d304cdf892b1f4313b663f0542ca0b,1,1,ok
train,shiyan/data/labels/train/01-PAN-20240513-456-305-L00000012444-CCD16_4_crop1.txt,01-PAN-20240513-456-305-L00000012444-CCD16_4_crop1,37,73b5187fb33f97cd37f49bca9d49d05aac547d84237480a65f3bb4659aad350e,1,1,ok
train,shiyan/data/labels/train/01-PAN-20240513-456-305-L00000012444-CCD18_1_crop1.txt,01-PAN-20240513-456-305-L00000012444-CCD18_1_crop1,115,e04605fc51e51d4f33f003f83c20fc2b78ba2f2fc4c4c7cfd8bb593b4a54db10,3,3,ok
train,shiyan/data/labels/train/01-PAN-20240513-456-305-L00000012444-CCD18_3_crop1.txt,01-PAN-20240513-456-305-L00000012444-CCD18_3_crop1,37,9f623920f34e43642ef1cc796ff9d526bd4643b0cffffe2a0c63a853b118aa58,1,1,ok
train,shiyan/data/labels/train/01-PAN-20240513-456-305-L00000012444-CCD18_3_crop2.txt,01-PAN-20240513-456-305-L00000012444-CCD18_3_crop2,76,d7565c0fba2cf2e5b53605d02669eb81f68163a52d9ea1e50fbb7cf65f1aee10,2,2,ok
train,shiyan/data/labels/train/01-PAN-20240513-456-306-L00000012445-CCD25_2_crop1.txt,01-PAN-20240513-456-306-L00000012445-CCD25_2_crop1,37,00e7153d00a68f510a91224815706036877d649de725676d1ad9fd811ca8ba1b,1,1,ok
train,shiyan/data/labels/train/01-PAN-20240513-456-306-L00000012445-CCD26_1_crop1.txt,01-PAN-20240513-456-306-L00000012445-CCD26_1_crop1,37,97b5f377710de3318c2a4acbb6926e3e16c7a8d30e3a18645d1719f841dc90ce,1,1,ok
train,shiyan/data/labels/train/01-PAN-20240513-456-307-L00000012446-CCD26_4_crop1.txt,01-PAN-20240513-456-307-L00000012446-CCD26_4_crop1,37,5d4ba9e56bfadb92f89ee7cadc02a24ebacbc812305dbf7f286f0b5f564f60c2,1,1,ok
train,shiyan/data/labels/train/01-PAN-20240513-456-307-L00000012446-CCD26_4_crop2.txt,01-PAN-20240513-456-307-L00000012446-CCD26_4_crop2,37,9916fa8ff903095cf295e64b2a8ee33eda3448d1b21cfdac089f95cb79b815b5,1,1,ok
train,shiyan/data/labels/train/01-PAN-20240513-456-307-L00000012446-CCD26_4_crop3.txt,01-PAN-20240513-456-307-L00000012446-CCD26_4_crop3,37,b0f0c7d8ea2930724dd19cc614882ca3e163415ecf371a3fc2944dbf6c0d4109,1,1,ok
train,shiyan/data/labels/train/01-PAN-20240513-456-307-L00000012446-CCD26_5_crop1.txt,01-PAN-20240513-456-307-L00000012446-CCD26_5_crop1,37,8b2b097bf373500d20002b0222b8741057307cf3b20d0ce799fcdebaeb4e0c9e,1,1,ok
train,shiyan/data/labels/train/01-PAN-20240513-456-307-L00000012446-CCD26_5_crop2.txt,01-PAN-20240513-456-307-L00000012446-CCD26_5_crop2,37,ca0c586458850b9c47f0fa004dab7e7bc1ded6946eba2169ed698f256bcb0673,1,1,ok
train,shiyan/data/labels/train/01-PAN-20240513-456-307-L00000012446-CCD26_5_crop3.txt,01-PAN-20240513-456-307-L00000012446-CCD26_5_crop3,37,60a2d9a390e6edb7faf200dc03a1d5b31f9d0825c01801c0a7442d7242835c93,1,1,ok
train,shiyan/data/labels/train/01-PAN-20240513-456-307-L00000012446-CCD26_5_crop4.txt,01-PAN-20240513-456-307-L00000012446-CCD26_5_crop4,37,a2f487f0872044f548f69af38e8247c4e8354b14d3626b7f420daa1855220b6e,1,1,ok
train,shiyan/data/labels/train/01-PAN-20240513-456-307-L00000012446-CCD26_5_crop5.txt,01-PAN-20240513-456-307-L00000012446-CCD26_5_crop5,37,091fd14819fa3dfeca0ea35708f6f9f675a16612d10d328678109b9d76787016,1,1,ok
train,shiyan/data/labels/train/01-PAN-20240513-456-307-L00000012446-CCD26_5_crop6.txt,01-PAN-20240513-456-307-L00000012446-CCD26_5_crop6,37,e45cce7fedb82795bfa182eabba128a223bb6d9b8db7b71a7bbb30f5c270853d,1,1,ok
train,shiyan/data/labels/train/01-PAN-20240513-456-307-L00000012446-CCD26_5_crop7.txt,01-PAN-20240513-456-307-L00000012446-CCD26_5_crop7,37,9f82d94fb5ecb06532b1d7401075e725c1688de559794d6c147162cd4f2e358b,1,1,ok
train,shiyan/data/labels/train/01-PAN-20240513-456-307-L00000012446-CCD27_4_crop1.txt,01-PAN-20240513-456-307-L00000012446-CCD27_4_crop1,37,e84af63029777505f64dd788e06ec8a03266c2814bcb26d543b436b8aa437ff0,1,1,ok
train,shiyan/data/labels/train/01-PAN-20240513-456-307-L00000012446-CCD27_4_crop3.txt,01-PAN-20240513-456-307-L00000012446-CCD27_4_crop3,37,efe44f12ea7c39a043025c1fd2eb8819be65fdca3f18e4ee1fa9e6b9a52352c7,1,1,ok
train,shiyan/data/labels/train/01-PAN-20240513-456-307-L00000012446-CCD27_5_crop1.txt,01-PAN-20240513-456-307-L00000012446-CCD27_5_crop1,37,d413049087263a64394aa093b35aa2bce909b8157f41a88e593e4715f63176d8,1,1,ok
train,shiyan/data/labels/train/01-PAN-20240513-456-307-L00000012446-CCD27_5_crop2.txt,01-PAN-20240513-456-307-L00000012446-CCD27_5_crop2,37,9d24843c9daae41cf8187eafbf4e839bece02c0c6c62a05f8ca22e226033e85a,1,1,ok
train,shiyan/data/labels/train/01-PAN-20240513-456-307-L00000012446-CCD27_5_crop3.txt,01-PAN-20240513-456-307-L00000012446-CCD27_5_crop3,37,b46332f47deb122a5bcc11b05fa3f29a465236b98188e89392dbfc37be2b4daa,1,1,ok
train,shiyan/data/labels/train/01-PAN-20240513-456-307-L00000012446-CCD27_6_crop1.txt,01-PAN-20240513-456-307-L00000012446-CCD27_6_crop1,37,951aec5ec0bb2756a6a8ce96dfca9c2384668da64456a18f4555e6d8a240d6b9,1,1,ok
train,shiyan/data/labels/train/01-PAN-20240513-456-307-L00000012446-CCD30_2_crop1.txt,01-PAN-20240513-456-307-L00000012446-CCD30_2_crop1,37,30e8b93fc2f96e0c55d8df56d17774ea0747bcc56eb373f22bcf3f60bac175ae,1,1,ok
train,shiyan/data/labels/train/01-PAN-20240513-456-307-L00000012446-CCD30_3_crop1.txt,01-PAN-20240513-456-307-L00000012446-CCD30_3_crop1,37,84fe7b4ea9855a355950f343d53257dfc8375ca28a1e806801ca14927dd1a53d,1,1,ok
train,shiyan/data/labels/train/01-PAN-20240513-456-307-L00000012446-CCD30_3_crop2.txt,01-PAN-20240513-456-307-L00000012446-CCD30_3_crop2,37,37fde4c56cc6ff755876992d34bc916b1cbdb1703a51c8e0accb4e6ee2a6b4c7,1,1,ok
train,shiyan/data/labels/train/01-PAN-20240513-456-307-L00000012446-CCD30_3_crop3.txt,01-PAN-20240513-456-307-L00000012446-CCD30_3_crop3,37,f96f1ea6c2fce65a99ad4d080e75a88188f545a96c22105984482d81de79f351,1,1,ok
train,shiyan/data/labels/train/01-PAN-20240513-456-307-L00000012446-CCD30_3_crop4.txt,01-PAN-20240513-456-307-L00000012446-CCD30_3_crop4,37,7504ca1a23ab575c425d4e1f7e490868030d62facf572e9ea8bd583d1aff3e5e,1,1,ok
train,shiyan/data/labels/train/01-PAN-20240513-456-307-L00000012446-CCD31_1_crop1.txt,01-PAN-20240513-456-307-L00000012446-CCD31_1_crop1,37,4bfef9a13a81e26097d6697ae4735c1a5b69b10f417f35c8065400dc00ae8b40,1,1,ok
train,shiyan/data/labels/train/01-PAN-20240513-456-307-L00000012446-CCD31_2_crop1.txt,01-PAN-20240513-456-307-L00000012446-CCD31_2_crop1,37,011c4f51963da3a08477a63687e5f0be3946c209a116d9c93885ff539faf833d,1,1,ok
train,shiyan/data/labels/train/01-PAN-20240513-456-307-L00000012446-CCD31_2_crop2.txt,01-PAN-20240513-456-307-L00000012446-CCD31_2_crop2,37,96bed678e94ee9755e2d249a1b0e5c6419a5af09084b8f83ea8fb46e11e9d8d9,1,1,ok
train,shiyan/data/labels/train/01-PAN-20240513-456-307-L00000012446-CCD31_2_crop4.txt,01-PAN-20240513-456-307-L00000012446-CCD31_2_crop4,37,5e8c559eabf13afb82d64794ccc4cc24445145068db5e93673b1385d72c41535,1,1,ok
train,shiyan/data/labels/train/01-PAN-20240513-456-307-L00000012446-CCD31_2_crop5.txt,01-PAN-20240513-456-307-L00000012446-CCD31_2_crop5,37,66f87a0503e7013ad994472f4861587f072d861a5723d4166900f1b7b49bcfc2,1,1,ok
train,shiyan/data/labels/train/01-PAN-20240513-456-307-L00000012446-CCD31_3_crop1.txt,01-PAN-20240513-456-307-L00000012446-CCD31_3_crop1,37,8c4ddf30ec77861f6615a234f5aaa3264288b29d3d8d434c80166c1cf5a94b6c,1,1,ok
train,shiyan/data/labels/train/01-PAN-20240513-456-307-L00000012446-CCD31_3_crop3.txt,01-PAN-20240513-456-307-L00000012446-CCD31_3_crop3,37,730563d086510f53019bb6cb24ae09d6c0a76b5789181209698de08ae530a4b5,1,1,ok
train,shiyan/data/labels/train/01-PAN-20240513-456-307-L00000012446-CCD31_3_crop5.txt,01-PAN-20240513-456-307-L00000012446-CCD31_3_crop5,37,fbd0dbcb61736d4ef499304d42a39fb65f9799bf140cb562017a4960bb4be8ea,1,1,ok
train,shiyan/data/labels/train/01-PAN-20240513-456-307-L00000012446-CCD31_3_crop6.txt,01-PAN-20240513-456-307-L00000012446-CCD31_3_crop6,37,8335ec4a6962b8c8008326743bafb448faaf76af6df96fd6342017c4f4f4f782,1,1,ok
train,shiyan/data/labels/train/01-PAN-20240513-456-307-L00000012446-CCD31_3_crop7.txt,01-PAN-20240513-456-307-L00000012446-CCD31_3_crop7,37,5667c42783232d3a3aece7929488fc918ca426ac0828c281c47a74f565eeb7a2,1,1,ok
train,shiyan/data/labels/train/01-PAN-20240513-456-307-L00000012446-CCD31_3_crop8.txt,01-PAN-20240513-456-307-L00000012446-CCD31_3_crop8,37,607471d328e1c0d3d3810bce4bf07834f4b8eef7d87ffbb8ee257ed34c54c652,1,1,ok
train,shiyan/data/labels/train/01-PAN-20240513-456-307-L00000012446-CCD31_3_crop9.txt,01-PAN-20240513-456-307-L00000012446-CCD31_3_crop9,37,78c93c10981fa21649b2dd932e3945d0f65489b9981ac5cdc8a656f1dc0e0ca2,1,1,ok
train,shiyan/data/labels/train/01-PAN-20240513-456-307-L00000012446-CCD32_2_crop1.txt,01-PAN-20240513-456-307-L00000012446-CCD32_2_crop1,37,0e2144f5703cb4f094127e7dfbabd404106c2f3da522b6ac24c60d3548d4f553,1,1,ok
train,shiyan/data/labels/train/01-PAN-20240513-456-307-L00000012446-CCD32_2_crop2.txt,01-PAN-20240513-456-307-L00000012446-CCD32_2_crop2,115,578e3a4aa8dbc9c0254fae199e9c34bafe56e5ba70aead9363fd86e043131363,3,3,ok
train,shiyan/data/labels/train/01-PAN-20240513-456-307-L00000012446-CCD32_2_crop4.txt,01-PAN-20240513-456-307-L00000012446-CCD32_2_crop4,37,eabf60b20813fd04015835816d4ab1d2277ce60f8083b1581bef8e0baa409678,1,1,ok
train,shiyan/data/labels/train/01-PAN-20240513-456-307-L00000012446-CCD32_2_crop5.txt,01-PAN-20240513-456-307-L00000012446-CCD32_2_crop5,76,b31296b838c54d769a56b4867fffa5fa7c1b39e19a82340775f9e3a6702ffe31,2,2,ok
train,shiyan/data/labels/train/01-PAN-20240513-456-307-L00000012446-CCD32_2_crop6.txt,01-PAN-20240513-456-307-L00000012446-CCD32_2_crop6,37,69583633fcf7fcc4527ed550723c7c3c34473b49386b7e1d19baefcc371f0948,1,1,ok
train,shiyan/data/labels/train/01-PAN-20240513-456-307-L00000012446-CCD32_2_crop7.txt,01-PAN-20240513-456-307-L00000012446-CCD32_2_crop7,76,4136255fc82b70d751ba535b033bf4da566a0480cad305a958e763fef861d85d,2,2,ok
train,shiyan/data/labels/train/01-PAN-20240513-456-307-L00000012446-CCD32_2_crop8.txt,01-PAN-20240513-456-307-L00000012446-CCD32_2_crop8,37,99bc294e289aec1e8701042c8130ef487dcbfda6c3e2bb07c975cf3fd31a40db,1,1,ok
train,shiyan/data/labels/train/01-PAN-20240513-456-307-L00000012446-CCD32_2_crop9.txt,01-PAN-20240513-456-307-L00000012446-CCD32_2_crop9,76,f0cb392b7219521a91bd4048890318c520a58ff84787a116f35d0a888cc0636e,2,2,ok
train,shiyan/data/labels/train/01-PAN-20240513-456-307-L00000012446-CCD32_3_crop1.txt,01-PAN-20240513-456-307-L00000012446-CCD32_3_crop1,76,65a061e2892696c604e9791c7a4c860b4f5e4336409b2d4549beab33d795fcbc,2,2,ok
train,shiyan/data/labels/train/01-PAN-20240513-456-307-L00000012446-CCD32_3_crop2.txt,01-PAN-20240513-456-307-L00000012446-CCD32_3_crop2,115,ce130cc20b95c3bc00dcb400a0fded8bbf985289b824c3882731435cfe478698,3,3,ok
train,shiyan/data/labels/train/01-PAN-20240514-225-443-L00000012695-CCD25_3_crop1.txt,01-PAN-20240514-225-443-L00000012695-CCD25_3_crop1,37,1c413211771060ce03929679631fcf93a7e08c1951a9d158f42f9af172be5c13,1,1,ok
train,shiyan/data/labels/train/01-PAN-20240514-225-443-L00000012695-CCD25_3_crop2.txt,01-PAN-20240514-225-443-L00000012695-CCD25_3_crop2,37,6996b042cecd8ca936510d984f445aa01dfac65ce4067f87e883589877bedb45,1,1,ok
train,shiyan/data/labels/train/01-PAN-20240514-225-443-L00000012695-CCD25_3_crop3.txt,01-PAN-20240514-225-443-L00000012695-CCD25_3_crop3,37,5df7cd95fb356f64a9c028321623d66d1752016025693b56b64e131c90302efe,1,1,ok
train,shiyan/data/labels/train/01-PAN-20240514-225-443-L00000012695-CCD25_3_crop4.txt,01-PAN-20240514-225-443-L00000012695-CCD25_3_crop4,37,0f1d4774fa111aeee31bafcc822e2094f4e4019d27dd42d5494597c9a16e9bb6,1,1,ok
train,shiyan/data/labels/train/01-PAN-20240514-225-443-L00000012695-CCD25_3_crop5.txt,01-PAN-20240514-225-443-L00000012695-CCD25_3_crop5,37,5f797fd724d969772ce62e726bb4b4662181a963b65c8a9b5568ff0a9a67f7fa,1,1,ok
train,shiyan/data/labels/train/01-PAN-20240514-225-443-L00000012695-CCD25_3_crop6.txt,01-PAN-20240514-225-443-L00000012695-CCD25_3_crop6,37,714fb33a8f9429a9293b3b99279eb6d208451fb812f739eccb5d106d38e7be9f,1,1,ok
train,shiyan/data/labels/train/01-PAN-20240514-225-443-L00000012695-CCD25_3_crop7.txt,01-PAN-20240514-225-443-L00000012695-CCD25_3_crop7,37,d380fb0b4e5a0f2086bce49f62c2c1771ca37b6bd487847ccb17debaad76d614,1,1,ok
train,shiyan/data/labels/train/01-PAN-20240514-294-364-L00000012484-CCD11_6_crop1.txt,01-PAN-20240514-294-364-L00000012484-CCD11_6_crop1,76,169227c072a154df86dd200296b7092c5100b42a851e1fd15460f68a539ee8d1,2,2,ok
train,shiyan/data/labels/train/01-PAN-20240514-294-365-L00000012485-CCD11_3_crop1.txt,01-PAN-20240514-294-365-L00000012485-CCD11_3_crop1,37,a7796eabac44918bd404e8fd766d9e679ad6f1fba175a378db97917090a000a6,1,1,ok
train,shiyan/data/labels/train/01-PAN-20240514-294-365-L00000012485-CCD12_2_crop1.txt,01-PAN-20240514-294-365-L00000012485-CCD12_2_crop1,37,5c87da68aab9e24771596c073a6c2de74dedc8de7cf85f7596e0af4cff5869c0,1,1,ok
train,shiyan/data/labels/train/01-PAN-20240514-294-365-L00000012485-CCD12_3_crop1.txt,01-PAN-20240514-294-365-L00000012485-CCD12_3_crop1,37,e68a2e3431af1d67a91dccaeddd273a2901fa7398a736c12fe5fc37785e775b5,1,1,ok
train,shiyan/data/labels/train/01-PAN-20240514-294-365-L00000012485-CCD12_3_crop2.txt,01-PAN-20240514-294-365-L00000012485-CCD12_3_crop2,37,951526a802a53908d82ef3c76722bcc85035e45d22eaba18257e7d98146a025a,1,1,ok
train,shiyan/data/labels/train/01-PAN-20240514-294-365-L00000012485-CCD13_3_crop1.txt,01-PAN-20240514-294-365-L00000012485-CCD13_3_crop1,37,b440aa8cbbe124f9e08e775c1561b709d99e6a3b3416a867407139edbaef0725,1,1,ok
train,shiyan/data/labels/train/01-PAN-20240514-449-302-L00000012639-CCD30_5_crop1.txt,01-PAN-20240514-449-302-L00000012639-CCD30_5_crop1,37,e668109bfb1959a4926a052fa6285cdc01ef97c0b67a9ba12b81e0995ae648ea,1,1,ok
train,shiyan/data/labels/train/01-PAN-20240514-449-302-L00000012639-CCD31_5_crop1.txt,01-PAN-20240514-449-302-L00000012639-CCD31_5_crop1,76,51aa7209562a6d7de4d276b359f62b502a97a5e1b770446390b25820bfe572f6,2,2,ok
train,shiyan/data/labels/train/01-PAN-20240514-449-302-L00000012639-CCD31_5_crop2.txt,01-PAN-20240514-449-302-L00000012639-CCD31_5_crop2,37,a0e3a39309f3bfa4c76a9bdf5e357326c441d4b253852a634d2dfbfe33e9bef0,1,1,ok
train,shiyan/data/labels/train/01-PAN-20240514-449-307-L00000012644-CCD3_6_crop1.txt,01-PAN-20240514-449-307-L00000012644-CCD3_6_crop1,37,542de95dfd98838236bd850723ec789f6fe6742cc432705d8f0a727baedf803b,1,1,ok
train,shiyan/data/labels/train/01-PAN-20240514-449-308-L00000012645-CCD10_1_crop1.txt,01-PAN-20240514-449-308-L00000012645-CCD10_1_crop1,37,f34078d9c1f6dbc0bf57bae69af8c45ad4972025a7ac1a7c1345314326c4761b,1,1,ok
train,shiyan/data/labels/train/01-PAN-20240514-449-308-L00000012645-CCD11_4_crop1.txt,01-PAN-20240514-449-308-L00000012645-CCD11_4_crop1,76,159c61bf8936dcdf99703dbb8484c0d41691223243e3550c635e7aba9800ba22,2,2,ok
train,shiyan/data/labels/train/01-PAN-20240514-449-308-L00000012645-CCD12_5_crop1.txt,01-PAN-20240514-449-308-L00000012645-CCD12_5_crop1,37,7a194451160a1473ba99384f08de82e7cde4082102a5abbbdc61c60c19874dc6,1,1,ok
train,shiyan/data/labels/train/01-PAN-20240514-449-308-L00000012645-CCD12_5_crop2.txt,01-PAN-20240514-449-308-L00000012645-CCD12_5_crop2,37,9a4625692ff9a45453e4e363bec43586d9e9010d778c1a7f4acc474ec1aba00b,1,1,ok
train,shiyan/data/labels/train/01-PAN-20240514-449-308-L00000012645-CCD13_3_crop1.txt,01-PAN-20240514-449-308-L00000012645-CCD13_3_crop1,37,67e2f90f42accb08fed06fc4a9571ef967d15877b86857bacb149a2b21a020b8,1,1,ok
train,shiyan/data/labels/train/01-PAN-20240514-449-308-L00000012645-CCD13_6_crop1.txt,01-PAN-20240514-449-308-L00000012645-CCD13_6_crop1,37,03058188dc0d5924759651bcb9b78ca10880096bf481b6e9980504bc24ab4327,1,1,ok
train,shiyan/data/labels/train/01-PAN-20240514-449-308-L00000012645-CCD13_6_crop2.txt,01-PAN-20240514-449-308-L00000012645-CCD13_6_crop2,37,819802132ca1c66d7eadfad3c290bb2ebb6bd1e3dd1b7d66ccd737dfc6d4df1a,1,1,ok
train,shiyan/data/labels/train/01-PAN-20240514-449-308-L00000012645-CCD14_1_crop1.txt,01-PAN-20240514-449-308-L00000012645-CCD14_1_crop1,37,305c9fd39bfb34e95847848c94f8ac8a2d3d9c2afce13b30a96e895b322c121d,1,1,ok
train,shiyan/data/labels/train/01-PAN-20240514-449-308-L00000012645-CCD14_1_crop3.txt,01-PAN-20240514-449-308-L00000012645-CCD14_1_crop3,76,8c5c6da6983772e6196495821d7efe839f651c8a147df9aa23b8432cefc9dd07,2,2,ok
train,shiyan/data/labels/train/01-PAN-20240514-449-308-L00000012645-CCD14_2_crop1.txt,01-PAN-20240514-449-308-L00000012645-CCD14_2_crop1,37,64c44a06f6807d1950b404a167600169956e0c0943e3c1fb4a5a1a8b4e90eeab,1,1,ok
train,shiyan/data/labels/train/01-PAN-20240514-449-308-L00000012645-CCD14_2_crop2.txt,01-PAN-20240514-449-308-L00000012645-CCD14_2_crop2,76,124a024887195437c97f08576079c9da662f2daf0fad086fd87d73df7d9aa384,2,2,ok
train,shiyan/data/labels/train/01-PAN-20240514-449-308-L00000012645-CCD14_2_crop3.txt,01-PAN-20240514-449-308-L00000012645-CCD14_2_crop3,37,37c22198e327c30f406673b4bdc0d7d4018a37cf0953281f401e6f60cb5cf500,1,1,ok
train,shiyan/data/labels/train/01-PAN-20240514-449-308-L00000012645-CCD14_2_crop4.txt,01-PAN-20240514-449-308-L00000012645-CCD14_2_crop4,37,3b4be7517c8c3c70489579c2e9ef8ac9ca5bbec3f54b4ea0bde9394405550f35,1,1,ok
train,shiyan/data/labels/train/01-PAN-20240514-449-308-L00000012645-CCD14_2_crop5.txt,01-PAN-20240514-449-308-L00000012645-CCD14_2_crop5,76,03f2b5c53f3a5ede77cbd29d6b1a111376bf855a05629e4a96e11c9b59d83365,2,2,ok
train,shiyan/data/labels/train/01-PAN-20240514-449-308-L00000012645-CCD15_1_crop1.txt,01-PAN-20240514-449-308-L00000012645-CCD15_1_crop1,37,128a2b33ac201bb160e42b2139b7d0dd63b744ef77c92fa6dd3650c295254b49,1,1,ok
train,shiyan/data/labels/train/01-PAN-20240514-449-308-L00000012645-CCD15_1_crop2.txt,01-PAN-20240514-449-308-L00000012645-CCD15_1_crop2,37,344a2f2afb9d76f200e8afeb10b53978237eb667564211da8e2244a11f9f0940,1,1,ok
train,shiyan/data/labels/train/01-PAN-20240514-449-308-L00000012645-CCD15_1_crop3.txt,01-PAN-20240514-449-308-L00000012645-CCD15_1_crop3,37,013bf047c1e5f083318c1eeb873ee7ecacee7fae61285c16a52d0099ca3ee762,1,1,ok
train,shiyan/data/labels/train/01-PAN-20240514-449-308-L00000012645-CCD15_2_crop2.txt,01-PAN-20240514-449-308-L00000012645-CCD15_2_crop2,37,0e8b62024d96dd1acb62e12c6840b4c595c91b827de17b20f4ae4a3677cb2712,1,1,ok
train,shiyan/data/labels/train/01-PAN-20240514-449-308-L00000012645-CCD15_3_crop2.txt,01-PAN-20240514-449-308-L00000012645-CCD15_3_crop2,37,7163ba626cb41654c90bdfa094c312d336e3bcf0a3d902dc3b41be560f57c7ed,1,1,ok
train,shiyan/data/labels/train/01-PAN-20240514-449-308-L00000012645-CCD16_1_crop1.txt,01-PAN-20240514-449-308-L00000012645-CCD16_1_crop1,37,6e0d8fdddc2f8bc0c0e5985164f28c794f4a8c589531c4d5babcfdc7b5482f75,1,1,ok
train,shiyan/data/labels/train/01-PAN-20240514-449-308-L00000012645-CCD16_1_crop2.txt,01-PAN-20240514-449-308-L00000012645-CCD16_1_crop2,37,6587c0b9190f9343bae61ca497001c99e7648d89f662627493a8e9753a97c09a,1,1,ok
train,shiyan/data/labels/train/01-PAN-20240514-449-308-L00000012645-CCD16_2_crop2.txt,01-PAN-20240514-449-308-L00000012645-CCD16_2_crop2,37,1a9b6c6d9463e691d5fd73708181ffda64527589cb24318bb25691a40ef809b7,1,1,ok
train,shiyan/data/labels/train/01-PAN-20240514-449-308-L00000012645-CCD16_2_crop3.txt,01-PAN-20240514-449-308-L00000012645-CCD16_2_crop3,37,a8dd2387d413aca2bb47b2552fd0090f1b3c6cce8dac144fb8f0ca7a6dfb5434,1,1,ok
train,shiyan/data/labels/train/01-PAN-20240514-449-308-L00000012645-CCD17_3_crop1.txt,01-PAN-20240514-449-308-L00000012645-CCD17_3_crop1,37,23e3dc6f94313580bc05b58eb18afa441892b0415d0af70f069df3a71ea43cc1,1,1,ok
train,shiyan/data/labels/train/01-PAN-20240514-449-308-L00000012645-CCD20_3_crop1.txt,01-PAN-20240514-449-308-L00000012645-CCD20_3_crop1,37,219d87e73fd4a3a4bbda06d3d954740b951af92d543541ee1ebc074e3211ff05,1,1,ok
train,shiyan/data/labels/train/01-PAN-20240514-449-308-L00000012645-CCD20_4_crop1.txt,01-PAN-20240514-449-308-L00000012645-CCD20_4_crop1,37,b68ce2e5544498942c8559baa4618c518c283bb39fed8b882ae65a5b258b1f77,1,1,ok
train,shiyan/data/labels/train/01-PAN-20240514-449-308-L00000012645-CCD20_6_crop1.txt,01-PAN-20240514-449-308-L00000012645-CCD20_6_crop1,37,d44519d6c623eeef1d93e881a69c25aeb5901bcd50b8d0415e6057a2120e4035,1,1,ok
train,shiyan/data/labels/train/01-PAN-20240514-449-308-L00000012645-CCD3_1_crop1.txt,01-PAN-20240514-449-308-L00000012645-CCD3_1_crop1,37,d83856900e4a2d1ad5302f3fc1e5d98753847779b6e2edc61d5e8286200d5985,1,1,ok
train,shiyan/data/labels/train/01-PAN-20240514-449-309-L00000012646-CCD13_1_crop1.txt,01-PAN-20240514-449-309-L00000012646-CCD13_1_crop1,76,2bb8550ac5ece068d534d32d9b6c49b787c5886921dc4a3e637711a653581358,2,2,ok
train,shiyan/data/labels/train/01-PAN-20240514-449-309-L00000012646-CCD13_1_crop2.txt,01-PAN-20240514-449-309-L00000012646-CCD13_1_crop2,37,d73b5f21646a6854aeef0c82bf2eeda14f44fa6e2d2706808ebf262cbe252ce2,1,1,ok
train,shiyan/data/labels/train/01-PAN-20240514-449-309-L00000012646-CCD13_2_crop1.txt,01-PAN-20240514-449-309-L00000012646-CCD13_2_crop1,37,8bbd5edc068b640595aadcccb0d439272bb3c528d92188e1b7d745ad3c22d9b8,1,1,ok
train,shiyan/data/labels/train/01-PAN-20240514-449-309-L00000012646-CCD13_2_crop2.txt,01-PAN-20240514-449-309-L00000012646-CCD13_2_crop2,76,d22edbf4dacc9e00f925db5425d81b6df3d9a1626b1d0b8767345633bc192614,2,2,ok
train,shiyan/data/labels/train/01-PAN-20240514-449-309-L00000012646-CCD31_6_crop1.txt,01-PAN-20240514-449-309-L00000012646-CCD31_6_crop1,37,2afc532bbaf88334e97a24e476418e5935186d6879edf8a98f5cc279166a13ca,1,1,ok
train,shiyan/data/labels/train/01-PAN-20240514-449-311-L00000012648-CCD21_2_crop1.txt,01-PAN-20240514-449-311-L00000012648-CCD21_2_crop1,37,4eb06f1790809871aab942b69ca85948708f7df706414d48f040e492b95dae6c,1,1,ok
train,shiyan/data/labels/train/01-PAN-20240514-449-311-L00000012648-CCD22_2_crop1.txt,01-PAN-20240514-449-311-L00000012648-CCD22_2_crop1,37,d10918fac036e57187896fcf657ae3db4f3a46b95de522b694c43f0e69637d50,1,1,ok
train,shiyan/data/labels/train/01-PAN-20240514-449-311-L00000012648-CCD22_2_crop2.txt,01-PAN-20240514-449-311-L00000012648-CCD22_2_crop2,37,6228131da5376f2477c935705334246fc532f7616596840fdcea4d805227acab,1,1,ok
train,shiyan/data/labels/train/01-PAN-20240514-449-311-L00000012648-CCD22_2_crop3.txt,01-PAN-20240514-449-311-L00000012648-CCD22_2_crop3,37,a16dd981450fde05dd11fafee6a679d9eca975e3820c5b276395726ebbdd88e4,1,1,ok
train,shiyan/data/labels/train/01-PAN-20240514-449-311-L00000012648-CCD22_3_crop1.txt,01-PAN-20240514-449-311-L00000012648-CCD22_3_crop1,37,8f8622e6507c40b631f406e43914e61affc3da73cf97c1eb11281176a9078492,1,1,ok
train,shiyan/data/labels/train/01-PAN-20240514-449-311-L00000012648-CCD22_3_crop2.txt,01-PAN-20240514-449-311-L00000012648-CCD22_3_crop2,37,1a8f47e905243ba0b617d115e45a5a34c00289735188042c9b378657dec36602,1,1,ok
train,shiyan/data/labels/train/01-PAN-20240514-449-311-L00000012648-CCD23_3_crop1.txt,01-PAN-20240514-449-311-L00000012648-CCD23_3_crop1,76,f76cb4d64780959f9b39c0f84a3cde6690634b0d4cbb75a084fab6dd5b1fd238,2,2,ok
train,shiyan/data/labels/train/01-PAN-20240514-449-311-L00000012648-CCD31_1_crop1.txt,01-PAN-20240514-449-311-L00000012648-CCD31_1_crop1,37,c88d140cb9ba05303a34b3d51ec1d3bf82428eef86afe23c7720a55f3e03689e,1,1,ok
train,shiyan/data/labels/train/01-PAN-20240514-449-311-L00000012648-CCD31_2_crop1.txt,01-PAN-20240514-449-311-L00000012648-CCD31_2_crop1,37,97c13b30ea7aceef3e3d4aeac4b813be0ba9563741486587e1d4cabece757f33,1,1,ok
train,shiyan/data/labels/train/01-PAN-20240514-449-311-L00000012648-CCD31_2_crop2.txt,01-PAN-20240514-449-311-L00000012648-CCD31_2_crop2,76,33c810060a242a5d3caecbbb61f5393a0a60582b622349c8d1e37e04b03ac666,2,2,ok
train,shiyan/data/labels/train/01-PAN-20240514-449-311-L00000012648-CCD32_1_crop1.txt,01-PAN-20240514-449-311-L00000012648-CCD32_1_crop1,37,24c7eaa0070e9cc5e044d5c67ea7e86e13a1a30c155b6dc6e244779aef1049e7,1,1,ok
train,shiyan/data/labels/train/01-PAN-20240515-001-329-L00000012633-CCD9_5_crop1.txt,01-PAN-20240515-001-329-L00000012633-CCD9_5_crop1,154,28a2865be653610cff5e05c426ef50cbd9aa74248e12962b0ad678f84d0253d4,4,4,ok
train,shiyan/data/labels/train/01-PAN-20240515-001-329-L00000012633-CCD9_5_crop2.txt,01-PAN-20240515-001-329-L00000012633-CCD9_5_crop2,37,5125f4b0de38de2898c74913f2d9a27c540856fb88d35f73e63abe78bfdf1140,1,1,ok
train,shiyan/data/labels/train/01-PAN-20240515-001-331-L00000012635-CCD19_3_crop1.txt,01-PAN-20240515-001-331-L00000012635-CCD19_3_crop1,37,6d01377619c06dd2691b2504b9ad39dd7099b8ce39b433b413892370c61db1f1,1,1,ok
train,shiyan/data/labels/train/01-PAN-20240515-001-331-L00000012635-CCD19_3_crop2.txt,01-PAN-20240515-001-331-L00000012635-CCD19_3_crop2,115,21e3ccdf25a8d62ed75ad8f320ed77a0ea12dd899fd1002975971344d7bf19ef,3,3,ok
train,shiyan/data/labels/train/01-PAN-20240515-001-331-L00000012635-CCD19_3_crop3.txt,01-PAN-20240515-001-331-L00000012635-CCD19_3_crop3,232,94919a56e5fce09846d7d0d1d09eec24134c795243de62e0098f1c1d4cb95276,6,6,ok
train,shiyan/data/labels/train/01-PAN-20240515-001-331-L00000012635-CCD19_3_crop8.txt,01-PAN-20240515-001-331-L00000012635-CCD19_3_crop8,37,f34b9035ce4bf3b31689272ea7ea9fafa5fcb51a9ee835d4f955c1bfaf6395af,1,1,ok
train,shiyan/data/labels/train/01-PAN-20240515-001-331-L00000012635-CCD19_4_crop1.txt,01-PAN-20240515-001-331-L00000012635-CCD19_4_crop1,76,8e96f7624f5b62bb668db3792b8fbf6f2cd810edb9834f35a95f0e7467d9472a,2,2,ok
train,shiyan/data/labels/train/01-PAN-20240515-001-331-L00000012635-CCD19_4_crop3.txt,01-PAN-20240515-001-331-L00000012635-CCD19_4_crop3,37,53ca2c54c590a2916561b83720b1307f803774aae0ce231d9483de1286051afb,1,1,ok
train,shiyan/data/labels/train/01-PAN-20240515-001-331-L00000012635-CCD19_5_crop1.txt,01-PAN-20240515-001-331-L00000012635-CCD19_5_crop1,37,f4741f6616771386237eefaff4aea5ff974fdb54b7ca6dda2ea4112fb242440b,1,1,ok
train,shiyan/data/labels/train/01-PAN-20240515-001-331-L00000012635-CCD19_5_crop2.txt,01-PAN-20240515-001-331-L00000012635-CCD19_5_crop2,76,39decf65d1b873fc6becf48892b6ddf7362c4036baf361ef1b3c845bd03c5d12,2,2,ok
train,shiyan/data/labels/train/01-PAN-20240515-001-331-L00000012635-CCD19_5_crop3.txt,01-PAN-20240515-001-331-L00000012635-CCD19_5_crop3,115,0c11121d24c6728cf88d1cb546ad76900494b3fb9c5881d3562ea26d313d575f,3,3,ok
train,shiyan/data/labels/train/01-PAN-20240515-001-331-L00000012635-CCD19_5_crop4.txt,01-PAN-20240515-001-331-L00000012635-CCD19_5_crop4,37,74b2732b278b55c3850ce03f05e66f388df3be437061de0ba63560b52d4f804b,1,1,ok
train,shiyan/data/labels/train/01-PAN-20240515-001-331-L00000012635-CCD19_5_crop5.txt,01-PAN-20240515-001-331-L00000012635-CCD19_5_crop5,37,6ee62ce3649eb00041af5b69d988321292dda1aa82218d9b84092eb91024adbb,1,1,ok
train,shiyan/data/labels/train/01-PAN-20240515-001-331-L00000012635-CCD19_6_crop2.txt,01-PAN-20240515-001-331-L00000012635-CCD19_6_crop2,37,524895eda9cbcb8e32775f5534ca0def2cb60d2eab5c4b20707ab0621f0b3401,1,1,ok
train,shiyan/data/labels/train/01-PAN-20250118-471-374-L00000075006-CCD18_4_crop1.txt,01-PAN-20250118-471-374-L00000075006-CCD18_4_crop1,37,148fd8e1bc82f08fd4686c044978928141125485782352b898d362a76ce9f721,1,1,ok
train,shiyan/data/labels/train/01-PAN-20250210-441-302-L00000100998-CCD17_1_crop1.txt,01-PAN-20250210-441-302-L00000100998-CCD17_1_crop1,37,7e8c6e5dce0978d95ee88b6af00724f00ece6c6545e26d7c33201e6e55ad5413,1,1,ok
train,shiyan/data/labels/train/01-PAN-20250210-441-302-L00000100998-CCD17_1_crop2.txt,01-PAN-20250210-441-302-L00000100998-CCD17_1_crop2,37,31af914e7b757b0baa9af41f6a1eec152c47fc9a684c0dbdd7d44d2d1a500df2,1,1,ok
train,shiyan/data/labels/train/01-PAN-20250210-441-302-L00000100998-CCD17_1_crop3.txt,01-PAN-20250210-441-302-L00000100998-CCD17_1_crop3,76,2c892906014aa7780940fd72164c5531d357cf3bbb77a505d0fd3134876d6451,2,2,ok
train,shiyan/data/labels/train/01-PAN-20250210-441-302-L00000100998-CCD17_1_crop4.txt,01-PAN-20250210-441-302-L00000100998-CCD17_1_crop4,37,e105671698ee56879919c21b9a5bf3488198c7f368057b138895790277c1acbe,1,1,ok
train,shiyan/data/labels/train/01-PAN-20250210-441-302-L00000100998-CCD17_1_crop5.txt,01-PAN-20250210-441-302-L00000100998-CCD17_1_crop5,37,88146e377da475afc8b5c2f91b0a73d030e0971a4ce1b744fe2c4a38e8e7758f,1,1,ok
train,shiyan/data/labels/train/01-PAN-20250210-441-302-L00000100998-CCD18_2_crop1.txt,01-PAN-20250210-441-302-L00000100998-CCD18_2_crop1,37,a09f9c9ff9b46b318c4c7f31c08f083b0e1b62e19ab2525acbd89e7b6b54fe6a,1,1,ok
train,shiyan/data/labels/train/01-PAN-20250210-441-302-L00000100998-CCD18_2_crop10.txt,01-PAN-20250210-441-302-L00000100998-CCD18_2_crop10,37,7bf070ef7e4076a3ac1d71f5e1070ee1b84c58ce0f938e9fc505efd30087b2c5,1,1,ok
train,shiyan/data/labels/train/01-PAN-20250210-441-302-L00000100998-CCD18_2_crop2.txt,01-PAN-20250210-441-302-L00000100998-CCD18_2_crop2,154,82f489970585d272f54c3d37991983c59deb9b98a0b6c56c6badddaa966dd14f,4,4,ok
train,shiyan/data/labels/train/01-PAN-20250210-441-302-L00000100998-CCD18_2_crop4.txt,01-PAN-20250210-441-302-L00000100998-CCD18_2_crop4,37,b7a9f9f4e8935b505e85af85226499f8278e69533bf8320bba929fb538533c37,1,1,ok
train,shiyan/data/labels/train/01-PAN-20250210-441-302-L00000100998-CCD18_2_crop5.txt,01-PAN-20250210-441-302-L00000100998-CCD18_2_crop5,37,7d62b70ad63b2e97198bbd1ecb9977ff1feb21c32aaacab56dd484af4c00794a,1,1,ok
train,shiyan/data/labels/train/01-PAN-20250210-441-302-L00000100998-CCD18_2_crop6.txt,01-PAN-20250210-441-302-L00000100998-CCD18_2_crop6,37,ebe6410719d8c6a7ccb23440b2ebe25e2cca892f1c90a2c7488f57f841bf8456,1,1,ok
train,shiyan/data/labels/train/01-PAN-20250210-441-302-L00000100998-CCD18_2_crop7.txt,01-PAN-20250210-441-302-L00000100998-CCD18_2_crop7,37,85b3b9293e68810b31e23541c3a34b7be66199a85eb9dcbb16385577c6f76783,1,1,ok
train,shiyan/data/labels/train/01-PAN-20250210-441-302-L00000100998-CCD18_2_crop8.txt,01-PAN-20250210-441-302-L00000100998-CCD18_2_crop8,37,044840574926736f0cc328f78b8a45f3f8e4f1ec131a5a8652a783542214d7ec,1,1,ok
train,shiyan/data/labels/train/01-PAN-20250210-441-302-L00000100998-CCD18_2_crop9.txt,01-PAN-20250210-441-302-L00000100998-CCD18_2_crop9,76,69d6784862b5e9fe8eaf899d9f100eaa3a169a36fbe3eb6a85dc289b64a021a4,2,2,ok
train,shiyan/data/labels/train/01-PAN-20250210-441-302-L00000100998-CCD18_3_crop1.txt,01-PAN-20250210-441-302-L00000100998-CCD18_3_crop1,76,136e64856377de7eaa7f17c5befa602e70bf9dab38593193d655321c87d2a1f4,2,2,ok
train,shiyan/data/labels/train/01-PAN-20250210-441-302-L00000100998-CCD18_3_crop2.txt,01-PAN-20250210-441-302-L00000100998-CCD18_3_crop2,37,16d29f4a5109a2227074150abbe3bfcb3bcc5226e721d6b37bfda47015f9bf0e,1,1,ok
train,shiyan/data/labels/train/01-PAN-20250210-441-302-L00000100998-CCD18_3_crop3.txt,01-PAN-20250210-441-302-L00000100998-CCD18_3_crop3,76,5065af1bbb4634a86ebaec518af2bcaa80d7f84ade0c83b94519adf676fd0e4b,2,2,ok
train,shiyan/data/labels/train/01-PAN-20250210-441-302-L00000100998-CCD18_3_crop4.txt,01-PAN-20250210-441-302-L00000100998-CCD18_3_crop4,37,05d39f457643a61fa6b638ccc2a2339757e572b9111aebff5df60885b1db035a,1,1,ok
train,shiyan/data/labels/train/01-PAN-20250210-441-302-L00000100998-CCD18_3_crop6.txt,01-PAN-20250210-441-302-L00000100998-CCD18_3_crop6,37,5a684b17957914f7b2d627d2df67e7ae219be84103b14dfc88fec7fe06240c33,1,1,ok
train,shiyan/data/labels/train/01-PAN-20250210-441-302-L00000100998-CCD18_3_crop7.txt,01-PAN-20250210-441-302-L00000100998-CCD18_3_crop7,37,72969d9a203a78ae70603b1734bfcd29467ad7ea5bbd1eaeac422b5a0c38baab,1,1,ok
train,shiyan/data/labels/train/01-PAN-20250210-441-302-L00000100998-CCD18_4_crop1.txt,01-PAN-20250210-441-302-L00000100998-CCD18_4_crop1,37,39ad38be257126839b27e438a784f80b84eb066cc5c73bb22842a5bbb53b97a1,1,1,ok
train,shiyan/data/labels/train/01-PAN-20250210-441-302-L00000100998-CCD18_4_crop2.txt,01-PAN-20250210-441-302-L00000100998-CCD18_4_crop2,76,f4600a80439dd8cc3e8f69697279365df084ef21d38eecaeda0c9dba79decf51,2,2,ok
train,shiyan/data/labels/train/01-PAN-20250210-441-302-L00000100998-CCD18_4_crop3.txt,01-PAN-20250210-441-302-L00000100998-CCD18_4_crop3,76,54115d658d2c5fe2ec1122143e95cdabc2e461e46c0c8f007dcefdfff2065f27,2,2,ok
train,shiyan/data/labels/train/01-PAN-20250210-441-302-L00000100998-CCD19_5_crop1.txt,01-PAN-20250210-441-302-L00000100998-CCD19_5_crop1,76,eb639863568bffed28611594cf1ca7fddb8e134b856f020fb1e5eaa9488a73db,2,2,ok
train,shiyan/data/labels/train/01-PAN-20250210-441-302-L00000100998-CCD23_1_crop2.txt,01-PAN-20250210-441-302-L00000100998-CCD23_1_crop2,115,ce2bd49e16f7b532b522877fb821cd401c3c0de27b22e44b4c5ad6253c679035,3,3,ok
train,shiyan/data/labels/train/01-PAN-20250210-441-302-L00000100998-CCD23_1_crop3.txt,01-PAN-20250210-441-302-L00000100998-CCD23_1_crop3,37,79bed9101315da5dcdcc7c6b3845e2aee14e4496b3f68f84f2437b31a08bb5f1,1,1,ok
train,shiyan/data/labels/train/01-PAN-20250210-441-302-L00000100998-CCD23_1_crop4.txt,01-PAN-20250210-441-302-L00000100998-CCD23_1_crop4,76,2ea76ff089d85980b84d096da5542b8bfed9f25c959a0829c5cbb04344c5ff51,2,2,ok
train,shiyan/data/labels/train/01-PAN-20250210-441-302-L00000100998-CCD23_2_crop1.txt,01-PAN-20250210-441-302-L00000100998-CCD23_2_crop1,37,ec50892cb6a5905cb97d1263355f190066dfed154e8697d4d45f181705d1c4dd,1,1,ok
train,shiyan/data/labels/train/01-PAN-20250210-441-302-L00000100998-CCD23_2_crop2.txt,01-PAN-20250210-441-302-L00000100998-CCD23_2_crop2,37,448902b55105483cdb14f19276810fdf2dd87811810efdb79e5e730d4032523c,1,1,ok
train,shiyan/data/labels/train/01-PAN-20250210-441-302-L00000100998-CCD23_3_crop2.txt,01-PAN-20250210-441-302-L00000100998-CCD23_3_crop2,76,0d8045a170cbfd4cafbdbc5826de4826b79e3fbd9bbb56630239f10ec7334c10,2,2,ok
train,shiyan/data/labels/train/01-PAN-20250210-441-302-L00000100998-CCD23_4_crop1.txt,01-PAN-20250210-441-302-L00000100998-CCD23_4_crop1,37,a75ecd1bb7caadb868aad2a2cf5a8fda628599ba0c0bdabc6a837b43ca14f2e2,1,1,ok
train,shiyan/data/labels/train/01-PAN-20250210-441-302-L00000100998-CCD23_4_crop2.txt,01-PAN-20250210-441-302-L00000100998-CCD23_4_crop2,76,fff6fad22b23aade04f517046eb925e8809e467e7e38ee31893a88794c4b7a98,2,2,ok
train,shiyan/data/labels/train/01-PAN-20250210-441-302-L00000100998-CCD23_4_crop3.txt,01-PAN-20250210-441-302-L00000100998-CCD23_4_crop3,37,baf9c243e9c205ef42fc762625e95a5c93e640474906834d3e2b26f5c087d2d9,1,1,ok
train,shiyan/data/labels/train/01-PAN-20250210-441-302-L00000100998-CCD23_4_crop4.txt,01-PAN-20250210-441-302-L00000100998-CCD23_4_crop4,76,2288bcfcf69da156bdc5c982bb81f1e5b0f2d2851360f442807891a3d272f4b5,2,2,ok
train,shiyan/data/labels/train/01-PAN-20250210-441-302-L00000100998-CCD23_4_crop5.txt,01-PAN-20250210-441-302-L00000100998-CCD23_4_crop5,76,b351e7da6db563ce0f8f1ec03545246c6f2bc71316ef793d09bdc02753c08c5e,2,2,ok
train,shiyan/data/labels/train/01-PAN-20250210-441-302-L00000100998-CCD23_4_crop6.txt,01-PAN-20250210-441-302-L00000100998-CCD23_4_crop6,76,aa802bb03e1d99c28bed91121b50a0e9dcfb1e7aa913d7fb8095c88ba9a85a3f,2,2,ok
train,shiyan/data/labels/train/01-PAN-20250210-441-302-L00000100998-CCD24_1_crop3.txt,01-PAN-20250210-441-302-L00000100998-CCD24_1_crop3,37,a3880dcd702386bdfe2169fb84a177195b6b74a1928b9c57ce6eeae4e28c7aff,1,1,ok
train,shiyan/data/labels/train/01-PAN-20250210-441-302-L00000100998-CCD24_1_crop4.txt,01-PAN-20250210-441-302-L00000100998-CCD24_1_crop4,37,502e663d7060c14a16a4a03339869f7b89ace0c8e8312128acb4b2e9ef07520e,1,1,ok
train,shiyan/data/labels/train/01-PAN-20250210-441-302-L00000100998-CCD24_1_crop5.txt,01-PAN-20250210-441-302-L00000100998-CCD24_1_crop5,76,59d0f6e1779734351c54273857ee3fb44ec99b6862b92bd2ae001715ec4ac2bc,2,2,ok
train,shiyan/data/labels/train/01-PAN-20250210-441-302-L00000100998-CCD24_2_crop1.txt,01-PAN-20250210-441-302-L00000100998-CCD24_2_crop1,154,a7522b3833ebef620630e9c291adde26e6fcb5d6d5f774f4ac03835f5cdb806b,4,4,ok
train,shiyan/data/labels/train/01-PAN-20250210-441-302-L00000100998-CCD24_2_crop2.txt,01-PAN-20250210-441-302-L00000100998-CCD24_2_crop2,76,c5b10a5a32a123feb70b06a7a8767088d71de4bc273a18eff8a043a32a847d21,2,2,ok
train,shiyan/data/labels/train/01-PAN-20250210-441-302-L00000100998-CCD24_4_crop1.txt,01-PAN-20250210-441-302-L00000100998-CCD24_4_crop1,154,8925804f8db156efa04ae27f2c627347a260ae26ce536f277f93dc7a085ce25a,4,4,ok
train,shiyan/data/labels/train/01-PAN-20250210-441-302-L00000100998-CCD24_4_crop2.txt,01-PAN-20250210-441-302-L00000100998-CCD24_4_crop2,76,77e4225941e647a5d388096402ef9fb45dca209a9fcb86f93d0e305ceadbbdec,2,2,ok
train,shiyan/data/labels/train/01-PAN-20250210-441-302-L00000100998-CCD24_4_crop4.txt,01-PAN-20250210-441-302-L00000100998-CCD24_4_crop4,37,3af579f2a9f1eaf4b71bfa1d1818668e387cd5aa90bd1c98dc528f887e1dd2c3,1,1,ok
train,shiyan/data/labels/train/01-PAN-20250210-441-302-L00000100998-CCD25_5_crop1.txt,01-PAN-20250210-441-302-L00000100998-CCD25_5_crop1,37,500858275aa455062728859ec27a9d80b80124dbf5f47bed9d2065756ddb019d,1,1,ok
train,shiyan/data/labels/train/01-PAN-20250210-441-302-L00000100998-CCD25_5_crop2.txt,01-PAN-20250210-441-302-L00000100998-CCD25_5_crop2,76,15f7d3e7f2d727413e27c95136c6e919d39a525ab7a2b07059e28be97cd48e36,2,2,ok
train,shiyan/data/labels/train/01-PAN-20250210-441-302-L00000100998-CCD25_5_crop3.txt,01-PAN-20250210-441-302-L00000100998-CCD25_5_crop3,37,97eb939dc0a69f976b972ed70626afa0bbdd03c6953cbfe9230f209aa63f18cb,1,1,ok
train,shiyan/data/labels/train/01-PAN-20250210-441-302-L00000100998-CCD25_5_crop4.txt,01-PAN-20250210-441-302-L00000100998-CCD25_5_crop4,37,635c98eb5423c454252751764d935e37a104f0ccf6f838354b879910af083637,1,1,ok
train,shiyan/data/labels/train/01-PAN-20250210-441-302-L00000100998-CCD25_5_crop5.txt,01-PAN-20250210-441-302-L00000100998-CCD25_5_crop5,37,faf6dc83423ec45d4a4bf8b5ed8b71e51b1b8f87e729ac6e483c60280657dd73,1,1,ok
train,shiyan/data/labels/train/01-PAN-20250210-441-302-L00000100998-CCD25_6_crop1.txt,01-PAN-20250210-441-302-L00000100998-CCD25_6_crop1,37,0c8e17b352881f5f752beae9bbf2eacd93f3ea8c2840541d22ea7dc6a28f558f,1,1,ok
train,shiyan/data/labels/train/01-PAN-20250210-441-302-L00000100998-CCD25_6_crop2.txt,01-PAN-20250210-441-302-L00000100998-CCD25_6_crop2,76,600a32b7f54743298642e76ed3d51e12eff641e87c6479064c21730c8b7f776d,2,2,ok
train,shiyan/data/labels/train/01-PAN-20250210-441-302-L00000100998-CCD25_6_crop3.txt,01-PAN-20250210-441-302-L00000100998-CCD25_6_crop3,37,fd2ff6017f497b08551f64411efcd081e24a84bec0f492beed04f6b6437f685a,1,1,ok
train,shiyan/data/labels/train/01-PAN-20250210-441-302-L00000100998-CCD25_6_crop4.txt,01-PAN-20250210-441-302-L00000100998-CCD25_6_crop4,37,4b7264f5a3c0bf8e3eee0744e72b6e00c9c3cfafaa4148387a189bb860ee61af,1,1,ok
train,shiyan/data/labels/train/01-PAN-20250210-441-302-L00000100998-CCD25_6_crop5.txt,01-PAN-20250210-441-302-L00000100998-CCD25_6_crop5,76,0a7ba71c78f92cfb30a0a4418241468aceaceeb3754e0b17d9d9626d90f13788,2,2,ok
train,shiyan/data/labels/train/01-PAN-20250210-441-302-L00000100998-CCD25_6_crop6.txt,01-PAN-20250210-441-302-L00000100998-CCD25_6_crop6,37,6043dca5b0e55a3bf5da49a039cb10c075c6ccbcc5ea1677f533dbb7e7284982,1,1,ok
train,shiyan/data/labels/train/01-PAN-20250210-441-302-L00000100998-CCD25_6_crop7.txt,01-PAN-20250210-441-302-L00000100998-CCD25_6_crop7,37,bf9bd718d0a39c1d4102c487c16d1b5f97e14fc6421bd48e1327d3959ce85a98,1,1,ok
train,shiyan/data/labels/train/01-PAN-20250210-441-302-L00000100998-CCD26_5_crop1.txt,01-PAN-20250210-441-302-L00000100998-CCD26_5_crop1,271,6b1b3d5645c694b807a6af649eafd584eac8d3484d8103b19477b271bf2f8b4d,7,7,ok
train,shiyan/data/labels/train/01-PAN-20250210-441-302-L00000100998-CCD26_5_crop2.txt,01-PAN-20250210-441-302-L00000100998-CCD26_5_crop2,76,31bdc7467acfc046ca062451ab9741b664b91d97e7eeebd8f18d97125deb8812,2,2,ok
train,shiyan/data/labels/train/01-PAN-20250210-441-302-L00000100998-CCD26_6_crop1.txt,01-PAN-20250210-441-302-L00000100998-CCD26_6_crop1,37,135a5e1f6837f47c2db81a5c8292c44c8053fdf97bffa6d1d37a49ab8343aaf1,1,1,ok
train,shiyan/data/labels/train/01-PAN-20250321-446-308-L00000101035-CCD21_4_crop1.txt,01-PAN-20250321-446-308-L00000101035-CCD21_4_crop1,37,1005d6c091a572dd8b70fbe61e2a986b17a91e3282170cf8a503b02a57b52434,1,1,ok
train,shiyan/data/labels/train/01-PAN-20250328-462-374-L00000101101-CCD19_6_crop2.txt,01-PAN-20250328-462-374-L00000101101-CCD19_6_crop2,115,408c33e0a7d6d07cf33e5852b8d13463732a98951cd6130867b147e832fdb22b,3,3,ok
train,shiyan/data/labels/train/01-PAN-20250328-462-374-L00000101101-CCD19_6_crop3.txt,01-PAN-20250328-462-374-L00000101101-CCD19_6_crop3,37,c586245b2ccff24c2aff3dc856c970020379b3fdb8263a7954e83ae6eeff3be8,1,1,ok
train,shiyan/data/labels/train/01-PAN-20250328-462-374-L00000101101-CCD20_5_crop1.txt,01-PAN-20250328-462-374-L00000101101-CCD20_5_crop1,154,edaddd984c6719aca77fd8d0cb7867396034151f381d17587aead40a3bdd8eb4,4,4,ok
train,shiyan/data/labels/train/01-PAN-20250328-462-374-L00000101101-CCD20_5_crop2.txt,01-PAN-20250328-462-374-L00000101101-CCD20_5_crop2,154,6ac8eee83e2d49327f381b90b4344f99bf590c1a75d213e8c9579ba096c24b0f,4,4,ok
train,shiyan/data/labels/train/01-PAN-20250328-462-374-L00000101101-CCD20_6_crop5.txt,01-PAN-20250328-462-374-L00000101101-CCD20_6_crop5,37,84884b07b2f80f8b9f2cf96a5122a82031b1b9ba096d915e57b252c2d81245f6,1,1,ok
train,shiyan/data/labels/train/01-PAN-20250328-462-374-L00000101101-CCD20_6_crop6.txt,01-PAN-20250328-462-374-L00000101101-CCD20_6_crop6,37,32e76b01c2f4091acee4cd5f15a73e3cac26090b6fd3ef640663e11fe88a397e,1,1,ok
train,shiyan/data/labels/train/01-PAN-20250328-462-374-L00000101101-CCD20_6_crop7.txt,01-PAN-20250328-462-374-L00000101101-CCD20_6_crop7,37,f599c14e22e2f64b62c44f44776905938f75502db0f7e1c4b4d854044513cf46,1,1,ok
train,shiyan/data/labels/train/01-PAN-20250328-462-374-L00000101101-CCD20_6_crop8.txt,01-PAN-20250328-462-374-L00000101101-CCD20_6_crop8,37,9a6360ee04e2c03d8fefb76e30f8c7c764b31b8fb31e250d18aa308d83b364af,1,1,ok
train,shiyan/data/labels/train/01-PAN-20250328-462-374-L00000101101-CCD20_6_crop9.txt,01-PAN-20250328-462-374-L00000101101-CCD20_6_crop9,76,180ae6374edd15e27fe43c8e7f38ae2fed4d24b520f6a2e8f8471bbd2139ddfc,2,2,ok
train,shiyan/data/labels/train/01-PAN-20250328-462-374-L00000101101-CCD21_4_crop1.txt,01-PAN-20250328-462-374-L00000101101-CCD21_4_crop1,115,7878d92049ca14579a921ec192f5d3b436e257c390d07b91e85fb57f801ba737,3,3,ok
train,shiyan/data/labels/train/01-PAN-20250328-462-374-L00000101101-CCD21_4_crop2.txt,01-PAN-20250328-462-374-L00000101101-CCD21_4_crop2,76,3e68a15816866626bdc10e4bd0aed930edc3f21058963c82a608298d9840e704,2,2,ok
train,shiyan/data/labels/train/01-PAN-20250328-462-374-L00000101101-CCD21_5_crop1.txt,01-PAN-20250328-462-374-L00000101101-CCD21_5_crop1,232,e2222f7472842683915ad5d16c867d4277bc1616e1ad7c426e68d8a04c382661,6,6,ok
train,shiyan/data/labels/train/01-PAN-20250328-462-374-L00000101101-CCD21_5_crop10.txt,01-PAN-20250328-462-374-L00000101101-CCD21_5_crop10,37,6a28781be8c602464b0fdf217c4281e5ee169a505b86da8d29f6bd652951e982,1,1,ok
train,shiyan/data/labels/train/01-PAN-20250328-462-374-L00000101101-CCD21_5_crop11.txt,01-PAN-20250328-462-374-L00000101101-CCD21_5_crop11,115,de6e2cd107ffee66618b0c3c7e2470f6c1700c860570e37d1018ad15e037bb5e,3,3,ok
train,shiyan/data/labels/train/01-PAN-20250328-462-374-L00000101101-CCD21_5_crop12.txt,01-PAN-20250328-462-374-L00000101101-CCD21_5_crop12,115,722e4938dde4a854ba8c6876ef12719eebf1db24acf3789d514f6662e90fc69d,3,3,ok
train,shiyan/data/labels/train/01-PAN-20250328-462-374-L00000101101-CCD21_5_crop14.txt,01-PAN-20250328-462-374-L00000101101-CCD21_5_crop14,115,0f97916da7df54dc19ad22920234ffd466859d5d29e71fbc060cfa3eae3d2c72,3,3,ok
train,shiyan/data/labels/train/01-PAN-20250328-462-374-L00000101101-CCD21_5_crop15.txt,01-PAN-20250328-462-374-L00000101101-CCD21_5_crop15,76,3482203d5eddfa51a5d3080bfc48600c7f01687d0a69c04a0d249bbe64b3ebc7,2,2,ok
train,shiyan/data/labels/train/01-PAN-20250328-462-374-L00000101101-CCD21_5_crop2.txt,01-PAN-20250328-462-374-L00000101101-CCD21_5_crop2,154,a2354623aff891efff5f0fa145a54740e5087856a977baabfb68dd813dd7e26b,4,4,ok
train,shiyan/data/labels/train/01-PAN-20250328-462-374-L00000101101-CCD21_5_crop3.txt,01-PAN-20250328-462-374-L00000101101-CCD21_5_crop3,154,869bb77bc77edc591dff3e3fa3594862173b84b2062047cdbdafd3fbe82acacd,4,4,ok
train,shiyan/data/labels/train/01-PAN-20250328-462-374-L00000101101-CCD21_5_crop5.txt,01-PAN-20250328-462-374-L00000101101-CCD21_5_crop5,115,1c6053d7d6126aff61cfcd760a1a379565ad7f3ae0b56944bea3d2d17b7df950,3,3,ok
train,shiyan/data/labels/train/01-PAN-20250328-462-374-L00000101101-CCD21_5_crop6.txt,01-PAN-20250328-462-374-L00000101101-CCD21_5_crop6,76,5de8fc712a5803f1ceaecc51de1e6b816ae69b10ee55097a7758c6cfcc5a15d5,2,2,ok
train,shiyan/data/labels/train/01-PAN-20250328-462-374-L00000101101-CCD21_5_crop7.txt,01-PAN-20250328-462-374-L00000101101-CCD21_5_crop7,193,31efa9fbbcebe66564e06b712558171496f9e57c31869ad166a0da91b61d9647,5,5,ok
train,shiyan/data/labels/train/01-PAN-20250328-462-374-L00000101101-CCD21_5_crop8.txt,01-PAN-20250328-462-374-L00000101101-CCD21_5_crop8,388,90c3d3ab60a704bbb6d873bfb29346eaf30156fb8b8ca79e7a4715040c1b0aa3,10,10,ok
train,shiyan/data/labels/train/01-PAN-20250328-462-374-L00000101101-CCD21_5_crop9.txt,01-PAN-20250328-462-374-L00000101101-CCD21_5_crop9,115,13c3ff52f88f449f3a586066174c1852b47f6445221e0cee80808c0548c08713,3,3,ok
train,shiyan/data/labels/train/01-PAN-20250328-462-374-L00000101101-CCD22_2_crop1.txt,01-PAN-20250328-462-374-L00000101101-CCD22_2_crop1,76,63e11f33eaad075e749be7abd5874318cddc1846ac108727f841ea578a92b4fd,2,2,ok
train,shiyan/data/labels/train/01-PAN-20250328-462-374-L00000101101-CCD22_2_crop2.txt,01-PAN-20250328-462-374-L00000101101-CCD22_2_crop2,76,711c931ed53af5b0153a93438683c5215d8f219bd685eb64d0d3f73cd9d35b6f,2,2,ok
train,shiyan/data/labels/train/01-PAN-20250328-462-374-L00000101101-CCD22_3_crop1.txt,01-PAN-20250328-462-374-L00000101101-CCD22_3_crop1,193,1e56f771380cd49c88677550a54ffca88741a7b7ffadb2f142145d37285d8495,5,5,ok
train,shiyan/data/labels/train/01-PAN-20250328-462-374-L00000101101-CCD22_3_crop2.txt,01-PAN-20250328-462-374-L00000101101-CCD22_3_crop2,193,fe96296dc09885306b7940e149cbd6f846cee65afa7bc5af555989e96a0647b4,5,5,ok
train,shiyan/data/labels/train/01-PAN-20250328-462-374-L00000101101-CCD22_3_crop3.txt,01-PAN-20250328-462-374-L00000101101-CCD22_3_crop3,193,2b9361d3e6c9f0dbb7534cf4e137e25e7aefffce4484a23cdc5288efb37cb0e4,5,5,ok
train,shiyan/data/labels/train/01-PAN-20250328-462-375-L00000101102-CCD19_1_crop1.txt,01-PAN-20250328-462-375-L00000101102-CCD19_1_crop1,76,9341e0db968eb7646e00c66563dc6a9981eef18a9413e8c63b19c2bf2ae3ceac,2,2,ok
train,shiyan/data/labels/train/01-PAN-20250328-462-375-L00000101102-CCD19_1_crop2.txt,01-PAN-20250328-462-375-L00000101102-CCD19_1_crop2,37,e32c9aa2c9e89fc069c1ff6fc098feb44268a024017b49a1a143a33daf567870,1,1,ok
train,shiyan/data/labels/train/01-PAN-20250328-462-375-L00000101102-CCD19_1_crop3.txt,01-PAN-20250328-462-375-L00000101102-CCD19_1_crop3,76,65bcfa53557ce890c3d130b88e86c989f3be9b324e745a1d50a2936203500c89,2,2,ok
train,shiyan/data/labels/train/01-PAN-20250328-462-375-L00000101102-CCD20_1_crop10.txt,01-PAN-20250328-462-375-L00000101102-CCD20_1_crop10,37,906ddfa7446155d98fa8d12d3e26e8f59f711b8861392bbad6791acf6ab7578d,1,1,ok
train,shiyan/data/labels/train/01-PAN-20250328-462-375-L00000101102-CCD20_1_crop11.txt,01-PAN-20250328-462-375-L00000101102-CCD20_1_crop11,76,dd06135b12754648aa222bc0dbb47bddb1b6161c7234cab1e0dd27b47f22c1ca,2,2,ok
train,shiyan/data/labels/train/01-PAN-20250328-462-375-L00000101102-CCD20_1_crop12.txt,01-PAN-20250328-462-375-L00000101102-CCD20_1_crop12,37,f99dd5ad1f3339fdd87d614fbe621a423225a720616e5a9aa23990ca8cce6d6a,1,1,ok
train,shiyan/data/labels/train/01-PAN-20250328-462-375-L00000101102-CCD20_1_crop2.txt,01-PAN-20250328-462-375-L00000101102-CCD20_1_crop2,76,61fb706ab00813d373f3359335d6d77f8710841955b222a9c672454c2ae45c08,2,2,ok
train,shiyan/data/labels/train/01-PAN-20250328-462-375-L00000101102-CCD20_1_crop3.txt,01-PAN-20250328-462-375-L00000101102-CCD20_1_crop3,154,69f4efb9ef7bba0705c02bf03204845369af987e9c07f0b696d175d5042909c2,4,4,ok
train,shiyan/data/labels/train/01-PAN-20250328-462-375-L00000101102-CCD20_1_crop4.txt,01-PAN-20250328-462-375-L00000101102-CCD20_1_crop4,37,df9e2a2f6670eaf6e5ec143c3614ce22e9dcb157be5f48c530728ec31a8f09d2,1,1,ok
train,shiyan/data/labels/train/01-PAN-20250328-462-375-L00000101102-CCD20_1_crop5.txt,01-PAN-20250328-462-375-L00000101102-CCD20_1_crop5,37,f2cbd48a163d7e3eb0ae0fae52e83f6490fa96a28e94fb86a94d0da0f15bf5fd,1,1,ok
train,shiyan/data/labels/train/01-PAN-20250328-462-375-L00000101102-CCD20_1_crop6.txt,01-PAN-20250328-462-375-L00000101102-CCD20_1_crop6,37,f9450f7f58c0967bf9c159be5d63bdb3a7bc950c69edb93bce7a088a9c420579,1,1,ok
train,shiyan/data/labels/train/01-PAN-20250328-462-375-L00000101102-CCD20_1_crop7.txt,01-PAN-20250328-462-375-L00000101102-CCD20_1_crop7,76,6d290d2a92752ba2c7410736e9c8c1f1ecff3ea4ec5f3255329d54c6c35553bf,2,2,ok
train,shiyan/data/labels/train/01-PAN-20250328-462-375-L00000101102-CCD20_1_crop9.txt,01-PAN-20250328-462-375-L00000101102-CCD20_1_crop9,37,4ed4f2933c75f1ad427487b9f9cdd057a8773b9c24729efd1084afda4962a48a,1,1,ok
train,shiyan/data/labels/train/01-PAN-20250328-462-375-L00000101102-CCD20_2_crop1.txt,01-PAN-20250328-462-375-L00000101102-CCD20_2_crop1,76,a631dc402d4df93002e0acecbe3d7db905639c188180a20823d0d3d207e5c20f,2,2,ok
train,shiyan/data/labels/train/01-PAN-20250328-462-375-L00000101102-CCD20_2_crop2.txt,01-PAN-20250328-462-375-L00000101102-CCD20_2_crop2,115,0f2ee971fab994d47cc9e4c3abe714fd5a1c16e449284d40910381e5395060e5,3,3,ok
train,shiyan/data/labels/train/01-PAN-20250328-462-375-L00000101102-CCD20_2_crop3.txt,01-PAN-20250328-462-375-L00000101102-CCD20_2_crop3,76,1bb2a9885e14327b070792f234d3757a8abb4d075a3d763fab7b6405cc1052f6,2,2,ok
train,shiyan/data/labels/train/01-PAN-20250328-462-375-L00000101102-CCD20_2_crop4.txt,01-PAN-20250328-462-375-L00000101102-CCD20_2_crop4,37,ccd121f79154a1a3e94351c0bd0ab9f0824f4e6c556350b673a8d0cdd72aea18,1,1,ok
train,shiyan/data/labels/train/01-PAN-20250328-462-375-L00000101102-CCD20_2_crop5.txt,01-PAN-20250328-462-375-L00000101102-CCD20_2_crop5,37,312af73a17686ca75db9fe25f164a1681ee2274b66223f623bec5bab70c72163,1,1,ok
train,shiyan/data/labels/train/01-PAN-20250328-462-375-L00000101102-CCD20_2_crop6.txt,01-PAN-20250328-462-375-L00000101102-CCD20_2_crop6,76,298408bf2e0d431add284ea9b09c7b830842d624a3c67cf5d95d9d42d786c138,2,2,ok
train,shiyan/data/labels/train/01-PAN-20250328-462-375-L00000101102-CCD21_1_crop1.txt,01-PAN-20250328-462-375-L00000101102-CCD21_1_crop1,76,1c206641512f305d4813d9bcf6a45625e6092c00bb71455fbdd8ece0b22e023a,2,2,ok
train,shiyan/data/labels/train/01-PAN-20250328-462-375-L00000101102-CCD21_1_crop2.txt,01-PAN-20250328-462-375-L00000101102-CCD21_1_crop2,154,c569ee4ac98d1fe1a9e5283a3df8f0e8f7957b23aefee5708bf7135e1c858bae,4,4,ok
train,shiyan/data/labels/train/01-PAN-20250328-462-375-L00000101102-CCD21_1_crop3.txt,01-PAN-20250328-462-375-L00000101102-CCD21_1_crop3,37,b5532c1defa0b954d2fb322493fab5eaef6aefb83993c98896266e8e796e2b0d,1,1,ok
train,shiyan/data/labels/train/01-PAN-20250331-442-283-L00000101157-CCD22_2_crop1.txt,01-PAN-20250331-442-283-L00000101157-CCD22_2_crop1,37,67984018ba39d9245fab96fb5e6d3fd67244b73a9dc3b80b8514a1d660acd3a0,1,1,ok
train,shiyan/data/labels/train/01-PAN-20250331-442-283-L00000101157-CCD22_3_crop1.txt,01-PAN-20250331-442-283-L00000101157-CCD22_3_crop1,37,d3dcf3cb7e48dab3629e2be9e2de11b941df18c7abb691e0265ea8c41f57352c,1,1,ok
train,shiyan/data/labels/train/01-PAN-20250331-442-283-L00000101157-CCD22_3_crop2.txt,01-PAN-20250331-442-283-L00000101157-CCD22_3_crop2,37,b71c8bed63e8b1b60696ee0e0f45b636a086cb81a9c2b583c33c76ec04b7e3c3,1,1,ok
train,shiyan/data/labels/train/01-PAN-20250403-166-186-L00000098801-CCD17_3_crop1.txt,01-PAN-20250403-166-186-L00000098801-CCD17_3_crop1,37,a71e141533a9b06d78aef03515dd9e078a9b85b531ae9e290667c1a8f953d9a3,1,1,ok
train,shiyan/data/labels/train/01-PAN-20250404-004-390-L00000099138-CCD21_3_crop1.txt,01-PAN-20250404-004-390-L00000099138-CCD21_3_crop1,37,ec9917271ca0c9d044b98f15a3df8ca1685e2ef183cedd1868184f6c22278c37,1,1,ok
train,shiyan/data/labels/train/01-PAN-20250404-004-390-L00000099138-CCD21_3_crop2.txt,01-PAN-20250404-004-390-L00000099138-CCD21_3_crop2,115,9cbaa509ce7afe3ed41b6e86256a73d643e8c54299cdae316cdf065d252043e9,3,3,ok
train,shiyan/data/labels/train/01-PAN-20250404-004-390-L00000099138-CCD21_3_crop3.txt,01-PAN-20250404-004-390-L00000099138-CCD21_3_crop3,37,52b11b46ffac5ee6178e9fdd2488307aee1ac9a7f0f2a530af1d54926c1273a4,1,1,ok
train,shiyan/data/labels/train/01-PAN-20250404-004-390-L00000099138-CCD21_4_crop2.txt,01-PAN-20250404-004-390-L00000099138-CCD21_4_crop2,37,8cd02f2ebd13beffee640c3308ca6cc5c72525407c079ec5c3e51021b57f621b,1,1,ok
train,shiyan/data/labels/train/01-PAN-20250404-004-398-L00000099146-CCD13_3_crop2.txt,01-PAN-20250404-004-398-L00000099146-CCD13_3_crop2,115,516f505e5ac39d9d6ce86fa15fa8037162d6a08f40f043465a2a1c7ff1c633ae,3,3,ok
train,shiyan/data/labels/train/01-PAN-20250404-004-398-L00000099146-CCD13_3_crop3.txt,01-PAN-20250404-004-398-L00000099146-CCD13_3_crop3,154,316148feba6241ce46f3450cb9d5a7034c3db959f2343279e3a1e3b94ffdbcaa,4,4,ok
train,shiyan/data/labels/train/01-PAN-20250404-005-440-L00000099179-CCD9_5_crop2.txt,01-PAN-20250404-005-440-L00000099179-CCD9_5_crop2,154,f5c03217bd112d4c322f434b8b3ee0b071da8a25b18f1b728a2cfabc74aad761,4,4,ok
train,shiyan/data/labels/train/01-PAN-20250404-005-440-L00000099179-CCD9_5_crop3.txt,01-PAN-20250404-005-440-L00000099179-CCD9_5_crop3,115,248e739ebb353697f9ae17146481e5d420dff39f8cee4e2cb5d1fef230db8706,3,3,ok
train,shiyan/data/labels/train/01-PAN-20250404-005-440-L00000099179-CCD9_5_crop4.txt,01-PAN-20250404-005-440-L00000099179-CCD9_5_crop4,154,92b9d8953eb1ee3f9c0bee3856eccd2109fb10da910a427d4b5301dddf8c9a9b,4,4,ok
train,shiyan/data/labels/train/01-PAN-20250404-320-224-L00000098913-CCD19_6_crop1.txt,01-PAN-20250404-320-224-L00000098913-CCD19_6_crop1,76,10b17e6bb928b0f9fff9dd88af1d69347d59c9745aed237095cda46e1fe5d29a,2,2,ok
train,shiyan/data/labels/train/01-PAN-20250404-320-224-L00000098913-CCD19_6_crop2.txt,01-PAN-20250404-320-224-L00000098913-CCD19_6_crop2,37,2b32283de76c4755d3f87cbce6d0211cee8f3060c8eedeec0266e429a8e8ae53,1,1,ok
train,shiyan/data/labels/train/01-PAN-20250404-320-224-L00000098913-CCD19_6_crop3.txt,01-PAN-20250404-320-224-L00000098913-CCD19_6_crop3,37,827fd803f5ebb40a9332c5409de109ea41070a7cbc1d490b1fff82f754398d82,1,1,ok
train,shiyan/data/labels/train/01-PAN-20250404-320-224-L00000098913-CCD20_5_crop1.txt,01-PAN-20250404-320-224-L00000098913-CCD20_5_crop1,37,a76ba5c5039a2ecc6a7df4be8418c39f30ef9a32e55c2d8160772b8aebb04128,1,1,ok
train,shiyan/data/labels/train/01-PAN-20250404-320-230-L00000098919-CCD6_3_crop1.txt,01-PAN-20250404-320-230-L00000098919-CCD6_3_crop1,37,f3d5688dbc0c15ac7438ec15190de3a936a2a72e991a4b5695c1b710c42b1605,1,1,ok
train,shiyan/data/labels/train/01-PAN-20250404-320-230-L00000098919-CCD6_3_crop2.txt,01-PAN-20250404-320-230-L00000098919-CCD6_3_crop2,37,decf1bd62ace28a954189091157c5db33f6c14620638505570a5180f1de03cc4,1,1,ok
train,shiyan/data/labels/train/01-PAN-20250404-320-230-L00000098919-CCD6_4_crop1.txt,01-PAN-20250404-320-230-L00000098919-CCD6_4_crop1,76,267e7d91ea7025b37ad206d209fcdc41d23c5132d066216429fc9bbb49d62ed2,2,2,ok
train,shiyan/data/labels/train/01-PAN-20250404-320-230-L00000098919-CCD6_4_crop2.txt,01-PAN-20250404-320-230-L00000098919-CCD6_4_crop2,37,87cd8c110a68b18c9ec0a313ddae9124a9a09b29a1a5c5284371de42c3e842ce,1,1,ok
train,shiyan/data/labels/train/01-PAN-20250404-320-230-L00000098919-CCD6_4_crop3.txt,01-PAN-20250404-320-230-L00000098919-CCD6_4_crop3,37,3dfb14612c4ca2322f9c0f34f8bbbe1db4a5f5d12c2c3f5aba9a50fba4e549f2,1,1,ok
train,shiyan/data/labels/train/01-PAN-20250404-320-230-L00000098919-CCD6_4_crop4.txt,01-PAN-20250404-320-230-L00000098919-CCD6_4_crop4,37,4b0e10836b1892bbd1e0dab596ad67db20a5d1ab7359fcb5ca6703b9ae8745ad,1,1,ok
train,shiyan/data/labels/train/01-PAN-20250405-061-361-L00000099504-CCD29_2_crop1.txt,01-PAN-20250405-061-361-L00000099504-CCD29_2_crop1,37,2b666e5847d67e67a2c0cda2bcc267e9961364fd707f9f6eb7fb99d2433271b3,1,1,ok
train,shiyan/data/labels/train/01-PAN-20250405-061-361-L00000099504-CCD29_3_crop1.txt,01-PAN-20250405-061-361-L00000099504-CCD29_3_crop1,37,eb0bc2371c14f88698a3b7d2930a04bb4c746ea12427603d72aa9c4027fda84c,1,1,ok
train,shiyan/data/labels/train/01-PAN-20250405-061-361-L00000099504-CCD29_3_crop2.txt,01-PAN-20250405-061-361-L00000099504-CCD29_3_crop2,37,667153257af8a95afab3e5a2cf7644c30f1088926fe07e74eef4e2224a1f71c7,1,1,ok
train,shiyan/data/labels/train/01-PAN-20250405-061-362-L00000099505-CCD14_3_crop2.txt,01-PAN-20250405-061-362-L00000099505-CCD14_3_crop2,76,99216598c4e75f1035ea79249f4773c599b15c42641bfedd2534bb5df90a883b,2,2,ok
train,shiyan/data/labels/train/01-PAN-20250405-061-362-L00000099505-CCD15_3_crop1.txt,01-PAN-20250405-061-362-L00000099505-CCD15_3_crop1,76,b426f3d0630b60a4bb4855a2da84c2a6f4f393e9bcc07722bc3737d19259b311,2,2,ok
train,shiyan/data/labels/train/01-PAN-20250405-061-362-L00000099505-CCD15_3_crop2.txt,01-PAN-20250405-061-362-L00000099505-CCD15_3_crop2,37,7888552a55ed6411051c959f0e5819775f620ed3a1b87a0730a6c820cef43e45,1,1,ok
train,shiyan/data/labels/train/01-PAN-20250405-061-362-L00000099505-CCD15_3_crop3.txt,01-PAN-20250405-061-362-L00000099505-CCD15_3_crop3,37,e3213361975eead35f33bd3d0aa7a595156215e8585550ba6bca3c8b78d849cf,1,1,ok
train,shiyan/data/labels/train/01-PAN-20250405-061-362-L00000099505-CCD22_2_crop1.txt,01-PAN-20250405-061-362-L00000099505-CCD22_2_crop1,271,57beb748d503cdfcedb1376cfd899cca78d975faf2112fe8fccb71f07b380872,7,7,ok
train,shiyan/data/labels/train/01-PAN-20250405-061-362-L00000099505-CCD22_2_crop2.txt,01-PAN-20250405-061-362-L00000099505-CCD22_2_crop2,37,24cc8f0fce2cba00edab9560e6818690fea16976ba32477b901dd6dac9f438be,1,1,ok
train,shiyan/data/labels/train/01-PAN-20250405-061-362-L00000099505-CCD22_3_crop1.txt,01-PAN-20250405-061-362-L00000099505-CCD22_3_crop1,37,8ddfe213fdfbfaa221ab79e13278b5266601d46706fcbf5bc406a19aeb91a9d5,1,1,ok
train,shiyan/data/labels/train/01-PAN-20250405-061-362-L00000099505-CCD22_3_crop10.txt,01-PAN-20250405-061-362-L00000099505-CCD22_3_crop10,115,e9363b9b8960a1c7c868cf351626dfa412dc39af93ed858ff624c342b3c81b45,3,3,ok
train,shiyan/data/labels/train/01-PAN-20250405-061-362-L00000099505-CCD22_3_crop3.txt,01-PAN-20250405-061-362-L00000099505-CCD22_3_crop3,115,cc7c11a2fec6aaba03aa05bc0d5bfa374dcdd81ba7f0836e985388d2849926a6,3,3,ok
train,shiyan/data/labels/train/01-PAN-20250405-061-362-L00000099505-CCD22_3_crop5.txt,01-PAN-20250405-061-362-L00000099505-CCD22_3_crop5,37,9f811ed475e4f905f5e720528ea73e3bf24d684baaeadc6c9a5c17116eb65cab,1,1,ok
train,shiyan/data/labels/train/01-PAN-20250405-061-362-L00000099505-CCD22_3_crop6.txt,01-PAN-20250405-061-362-L00000099505-CCD22_3_crop6,271,fd0c66ad05f19898fb9393b09e52334497cb62e75e4cd1687c03c171f57ae9ca,7,7,ok
train,shiyan/data/labels/train/01-PAN-20250405-061-362-L00000099505-CCD22_3_crop7.txt,01-PAN-20250405-061-362-L00000099505-CCD22_3_crop7,388,36997fc1ef70037a1cfe14fce33375a9f54597b5ff8295e4f466f0b1a9729bb1,10,10,ok
train,shiyan/data/labels/train/01-PAN-20250405-061-362-L00000099505-CCD22_3_crop8.txt,01-PAN-20250405-061-362-L00000099505-CCD22_3_crop8,76,ca65b7b75b290a24fe74751981f5388d01f5068ccb6b1545d7f318f38c3ddd0c,2,2,ok
train,shiyan/data/labels/train/01-PAN-20250405-061-362-L00000099505-CCD22_3_crop9.txt,01-PAN-20250405-061-362-L00000099505-CCD22_3_crop9,115,703d33430796c861c676d8f4761fa3e549616d4d6c958fb4bae9c4467cab7276,3,3,ok
train,shiyan/data/labels/train/01-PAN-20250405-440-262-L00000099257-CCD28_5_crop1.txt,01-PAN-20250405-440-262-L00000099257-CCD28_5_crop1,76,0069cf362ea386a622d7b88497d1f55ebdbaf3bce838213c67a44e02cf41e165,2,2,ok
train,shiyan/data/labels/train/01-PAN-20250405-440-262-L00000099257-CCD29_5_crop1.txt,01-PAN-20250405-440-262-L00000099257-CCD29_5_crop1,115,def18548ca4fe8ff765764b58190db96d64778b918c2b8ea190bdfe2c1e8a07e,3,3,ok
train,shiyan/data/labels/train/01-PAN-20250405-440-262-L00000099257-CCD31_5_crop1.txt,01-PAN-20250405-440-262-L00000099257-CCD31_5_crop1,115,98660a36870d090a72861d83554e570b28a468e8d3c6b22ec16a89ba42a0e201,3,3,ok
train,shiyan/data/labels/train/01-PAN-20250405-440-262-L00000099257-CCD31_5_crop2.txt,01-PAN-20250405-440-262-L00000099257-CCD31_5_crop2,115,93739f740851d24985b47537c982117ce46ec03af2ef85d9e31497c40a8e415a,3,3,ok
train,shiyan/data/labels/train/01-PAN-20250405-440-262-L00000099257-CCD31_5_crop4.txt,01-PAN-20250405-440-262-L00000099257-CCD31_5_crop4,37,9a91978b0f590f244fc41a8ba638c6f79be96f07db9801f4e0d4e6c4ba5997c1,1,1,ok
train,shiyan/data/labels/train/01-PAN-20250405-440-262-L00000099257-CCD31_5_crop5.txt,01-PAN-20250405-440-262-L00000099257-CCD31_5_crop5,37,0a930924fc7f4a859574eb5134fc852242e465ffd10da2d2ac546d9da3e6a743,1,1,ok
train,shiyan/data/labels/train/01-PAN-20250405-440-262-L00000099257-CCD32_5_crop1.txt,01-PAN-20250405-440-262-L00000099257-CCD32_5_crop1,37,f7eb841d42874398b00f43886e40d10ce67378a0acdb904982623ca4b6bbeee9,1,1,ok
train,shiyan/data/labels/train/01-PAN-20250405-440-262-L00000099257-CCD32_5_crop2.txt,01-PAN-20250405-440-262-L00000099257-CCD32_5_crop2,76,75a2f6632924c8e8d4890f77f94bcecafc83f538a29287bd279d51abc3145526,2,2,ok
train,shiyan/data/labels/train/01-PAN-20250405-469-276-L00000099303-CCD10_3_crop1.txt,01-PAN-20250405-469-276-L00000099303-CCD10_3_crop1,76,00499e0a3d1e5103a1eee063337cecff30353a173759b4e14391ab6aed40f7cf,2,2,ok
train,shiyan/data/labels/train/01-PAN-20250405-469-276-L00000099303-CCD11_2_crop1.txt,01-PAN-20250405-469-276-L00000099303-CCD11_2_crop1,37,1577576cb24758a25f614300f9a59de1fab77d55c69d14603523b1b4fcdca980,1,1,ok
train,shiyan/data/labels/train/01-PAN-20250405-469-276-L00000099303-CCD11_5_crop1.txt,01-PAN-20250405-469-276-L00000099303-CCD11_5_crop1,37,ce6e3eb2ade6cdd44db79dfaf42b8644ab0c81a47728fd5097d603df726ce9f6,1,1,ok
train,shiyan/data/labels/train/01-PAN-20250405-469-276-L00000099303-CCD11_5_crop2.txt,01-PAN-20250405-469-276-L00000099303-CCD11_5_crop2,37,2da3132271a7c77b21b599272b884026e0aef71d2159cde4e992d1041bd5a1c8,1,1,ok
train,shiyan/data/labels/train/01-PAN-20250405-469-276-L00000099303-CCD11_5_crop3.txt,01-PAN-20250405-469-276-L00000099303-CCD11_5_crop3,37,8947ce3805f5d2d4f3f5f245f69e993bdf68e9b2496d705968046cfce98a16a7,1,1,ok
train,shiyan/data/labels/train/01-PAN-20250405-469-276-L00000099303-CCD11_6_crop1.txt,01-PAN-20250405-469-276-L00000099303-CCD11_6_crop1,37,a2ca74e3fe156c65ff89e9f89c43040ee42253496fdcbe519c469c698606310b,1,1,ok
train,shiyan/data/labels/train/01-PAN-20250405-469-276-L00000099303-CCD12_4_crop1.txt,01-PAN-20250405-469-276-L00000099303-CCD12_4_crop1,37,6f686a3fdfe610e0e293c93b0b0d75eed832cac9d31ce9b5988d1ec6739f5703,1,1,ok
train,shiyan/data/labels/train/01-PAN-20250405-469-277-L00000099304-CCD15_2_crop1.txt,01-PAN-20250405-469-277-L00000099304-CCD15_2_crop1,115,a64e1ac0be50a81063afc3b6c630b2eb9d9e12f2b9439962c7d910ee049c232e,3,3,ok
train,shiyan/data/labels/train/01-PAN-20250405-469-277-L00000099304-CCD15_2_crop2.txt,01-PAN-20250405-469-277-L00000099304-CCD15_2_crop2,76,779fc96bd86f9b668a9588e8017d9c087341e411aaf93ad8c6fe7fda143c536d,2,2,ok
train,shiyan/data/labels/train/01-PAN-20250405-469-277-L00000099304-CCD15_2_crop3.txt,01-PAN-20250405-469-277-L00000099304-CCD15_2_crop3,76,11ae775d52fd0dedaae33883e0f7eb7c0c23fea871ca36d2806fba7a37849f18,2,2,ok
train,shiyan/data/labels/train/01-PAN-20250405-469-277-L00000099304-CCD15_2_crop5.txt,01-PAN-20250405-469-277-L00000099304-CCD15_2_crop5,232,858fc5e1ca93a0cd0dd4d3cebb788c34b6c01c4b8b401204e385cd17d792646e,6,6,ok
train,shiyan/data/labels/train/01-PAN-20250405-469-277-L00000099304-CCD15_2_crop6.txt,01-PAN-20250405-469-277-L00000099304-CCD15_2_crop6,37,bb7408100a4edafe40f460ba3d90878eca476ee86cf21110820d5cfa7cb303fe,1,1,ok
train,shiyan/data/labels/train/01-PAN-20250405-469-277-L00000099304-CCD15_2_crop7.txt,01-PAN-20250405-469-277-L00000099304-CCD15_2_crop7,232,fe9efbb55a85af80388514f5cdc77aeb6af725982eaec263e3f11c1f8dbb36f1,6,6,ok
train,shiyan/data/labels/train/01-PAN-20250405-469-277-L00000099304-CCD15_2_crop8.txt,01-PAN-20250405-469-277-L00000099304-CCD15_2_crop8,115,b63c93c47f20ad0c0c5ed0fe2853388e82372e64e12adb562a3721f082047883,3,3,ok
train,shiyan/data/labels/train/01-PAN-20250405-469-277-L00000099304-CCD15_2_crop9.txt,01-PAN-20250405-469-277-L00000099304-CCD15_2_crop9,115,381d5d1bf24e0639dd3e7623e92162c5b53c34e3ca09405d12381084663b28c0,3,3,ok
train,shiyan/data/labels/train/01-PAN-20250405-469-277-L00000099304-CCD15_6_crop1.txt,01-PAN-20250405-469-277-L00000099304-CCD15_6_crop1,37,2fcc91de3ba3ba32e70f8e6d071156efd82c509246bf0f0f10bbf26cba6596a2,1,1,ok
train,shiyan/data/labels/train/01-PAN-20250405-469-277-L00000099304-CCD15_6_crop2.txt,01-PAN-20250405-469-277-L00000099304-CCD15_6_crop2,37,fb29fde8e38d36e134a54013db5c6150e45661564b6ce7596fb4af0244f579ae,1,1,ok
train,shiyan/data/labels/train/01-PAN-20250405-469-277-L00000099304-CCD17_3_crop1.txt,01-PAN-20250405-469-277-L00000099304-CCD17_3_crop1,37,bf6b3923e8dbbb53df3a0293eed9b8c153383dea067f2e9d02ed1a0119576bb2,1,1,ok
train,shiyan/data/labels/train/01-PAN-20250405-469-277-L00000099304-CCD18_4_crop4.txt,01-PAN-20250405-469-277-L00000099304-CCD18_4_crop4,37,2f089db08981f614618624717a4c72000c4de1ed429bcbc843eb9299a1f0cf8c,1,1,ok
train,shiyan/data/labels/train/01-PAN-20250405-469-277-L00000099304-CCD18_4_crop5.txt,01-PAN-20250405-469-277-L00000099304-CCD18_4_crop5,37,3725878044d24c920f2ec0375c678a5ab68beee2472517e7cbe41433dee92686,1,1,ok
train,shiyan/data/labels/train/01-PAN-20250405-469-277-L00000099304-CCD18_4_crop6.txt,01-PAN-20250405-469-277-L00000099304-CCD18_4_crop6,76,f4bc719198938fe45582c1fbf9776f8f490922ba1a8e60f7d97c280242f1fe29,2,2,ok
train,shiyan/data/labels/train/01-PAN-20250405-469-277-L00000099304-CCD19_4_crop1.txt,01-PAN-20250405-469-277-L00000099304-CCD19_4_crop1,37,9a01fa65bc7f2122abc1cb80c1aea22b07686b3cabc28072b2427d1081ed10b1,1,1,ok
train,shiyan/data/labels/train/01-PAN-20250405-469-277-L00000099304-CCD19_5_crop1.txt,01-PAN-20250405-469-277-L00000099304-CCD19_5_crop1,76,6b23b52bd4f41aea86663b14c66053f1943b1a179c76201b103f6b13a293b3b0,2,2,ok
train,shiyan/data/labels/train/01-PAN-20250405-469-277-L00000099304-CCD19_5_crop2.txt,01-PAN-20250405-469-277-L00000099304-CCD19_5_crop2,76,04f05996b6a7833ec4c76defd8e931d71ceefcc2ca13750f6c045faffbcea391,2,2,ok
train,shiyan/data/labels/train/01-PAN-20250405-469-277-L00000099304-CCD19_5_crop3.txt,01-PAN-20250405-469-277-L00000099304-CCD19_5_crop3,37,e8d262a047af8390b19ef9c08f289b73081dc9fa5e1d2f6ff1de3eb03c7ecd4a,1,1,ok
train,shiyan/data/labels/train/01-PAN-20250406-463-326-L00000099680-CCD14_1_crop1.txt,01-PAN-20250406-463-326-L00000099680-CCD14_1_crop1,37,2309b685e79d85921183094972b520b8c69d8a43f963118c04be0fb1e98ca46e,1,1,ok
train,shiyan/data/labels/train/01-PAN-20250406-463-326-L00000099680-CCD14_2_crop1.txt,01-PAN-20250406-463-326-L00000099680-CCD14_2_crop1,76,bbf49c6d39deef8dcce4b87ea1c08ad9af203a26eb109d7e3aed870bf825680d,2,2,ok
train,shiyan/data/labels/train/01-PAN-20250406-463-326-L00000099680-CCD14_2_crop2.txt,01-PAN-20250406-463-326-L00000099680-CCD14_2_crop2,37,6865946a70b42a593ed11d5808a5fe4e31d422c62a0b9f6152f7217ceea903b6,1,1,ok
train,shiyan/data/labels/train/01-PAN-20250406-463-326-L00000099680-CCD14_2_crop3.txt,01-PAN-20250406-463-326-L00000099680-CCD14_2_crop3,37,6e7f49e450585f134413b36d138c60de6925b06913e947771a067b70ab63c885,1,1,ok
train,shiyan/data/labels/train/01-PAN-20250406-463-334-L00000099688-CCD13_2_crop1.txt,01-PAN-20250406-463-334-L00000099688-CCD13_2_crop1,76,cecf21f359ba4c945359f63c17fa85677973ebe65c77391220cd735023d85da5,2,2,ok
train,shiyan/data/labels/train/01-PAN-20250407-169-194-L00000100137-CCD13_1_crop2.txt,01-PAN-20250407-169-194-L00000100137-CCD13_1_crop2,37,fc7e6dbcb678912f631e9fa679ba97b67ae6b8c5ef842ddce8ef4e4358e3f7ad,1,1,ok
train,shiyan/data/labels/train/01-PAN-20250407-169-194-L00000100137-CCD13_1_crop3.txt,01-PAN-20250407-169-194-L00000100137-CCD13_1_crop3,37,a2ab126f97dacad550662aa330c6792ce2c4e9f197ceae14b8da1a9865a0fbe4,1,1,ok
train,shiyan/data/labels/train/01-PAN-20250407-169-194-L00000100137-CCD13_1_crop4.txt,01-PAN-20250407-169-194-L00000100137-CCD13_1_crop4,76,f6aff623fc0b9e594f530d69b41df8fd9c41349e0413876c2fb099bbeeed3a4d,2,2,ok
train,shiyan/data/labels/train/01-PAN-20250407-169-194-L00000100137-CCD13_1_crop5.txt,01-PAN-20250407-169-194-L00000100137-CCD13_1_crop5,76,cc1e1d047a244016df80d349e57a57c6a26189cc34a7f909a07de46fd5c117f4,2,2,ok
train,shiyan/data/labels/train/01-PAN-20250407-169-194-L00000100137-CCD13_1_crop6.txt,01-PAN-20250407-169-194-L00000100137-CCD13_1_crop6,76,a7d37e5576f89d393d0a79debdace94ba3e79b9cf847328ee600841e170311ad,2,2,ok
train,shiyan/data/labels/train/01-PAN-20250407-169-194-L00000100137-CCD13_1_crop7.txt,01-PAN-20250407-169-194-L00000100137-CCD13_1_crop7,76,004ee27cad99dee0263901fa1f99bea5799f857eed37410e3bc004eedc4697a8,2,2,ok
train,shiyan/data/labels/train/01-PAN-20250407-169-201-L00000100241-CCD9_1_crop1.txt,01-PAN-20250407-169-201-L00000100241-CCD9_1_crop1,76,25ae0e255ddd55932ebf1bf0c4f64ffc73fd5a2c138be6193479d3dfa490f611,2,2,ok
train,shiyan/data/labels/train/01-PAN-20250407-169-201-L00000100241-CCD9_1_crop2.txt,01-PAN-20250407-169-201-L00000100241-CCD9_1_crop2,115,5db27b6473ebb331ccdf12ebe5c43220500e076184abd76c2ee454ae7e41e45e,3,3,ok
train,shiyan/data/labels/train/01-PAN-20250407-169-201-L00000100241-CCD9_1_crop3.txt,01-PAN-20250407-169-201-L00000100241-CCD9_1_crop3,154,a748392c389c02b7bfa0dffa33d2d70bf58e5ddd45e46253debed92c492366ab,4,4,ok
train,shiyan/data/labels/train/01-PAN-20250407-456-301-L00000100047-CCD1_4_crop10.txt,01-PAN-20250407-456-301-L00000100047-CCD1_4_crop10,76,7d1d2781cfa049c083bbeeb00e76f2b6b116e3da9ed62631846f53b0c1ab20f6,2,2,ok
train,shiyan/data/labels/train/01-PAN-20250407-456-301-L00000100047-CCD1_4_crop11.txt,01-PAN-20250407-456-301-L00000100047-CCD1_4_crop11,37,c5d41a343a0eaffd55ac4d8e58b0d9b3edd4c10d105ad25478ae74c032e94ebb,1,1,ok
train,shiyan/data/labels/train/01-PAN-20250407-456-301-L00000100047-CCD1_4_crop12.txt,01-PAN-20250407-456-301-L00000100047-CCD1_4_crop12,154,012dd413189af14245ab84a851bfd8719cba5e6b1c123bfba389249aa31a526d,4,4,ok
train,shiyan/data/labels/train/01-PAN-20250407-456-301-L00000100047-CCD1_4_crop14.txt,01-PAN-20250407-456-301-L00000100047-CCD1_4_crop14,76,0a65a195c740543954cbdbc177470178e653be4cd1ef44ee0f8985ef7d239c50,2,2,ok
train,shiyan/data/labels/train/01-PAN-20250407-456-301-L00000100047-CCD1_4_crop15.txt,01-PAN-20250407-456-301-L00000100047-CCD1_4_crop15,115,d95f526c10709cfeb9f4cab2677254d87cf91e92c3b0c88cd2cca75096bb7cec,3,3,ok
train,shiyan/data/labels/train/01-PAN-20250407-456-301-L00000100047-CCD1_4_crop18.txt,01-PAN-20250407-456-301-L00000100047-CCD1_4_crop18,76,bbccd189dbb7b75a6ef4d0c0178356b30410a34a38e4760672deb12c61103796,2,2,ok
train,shiyan/data/labels/train/01-PAN-20250407-456-301-L00000100047-CCD1_4_crop2.txt,01-PAN-20250407-456-301-L00000100047-CCD1_4_crop2,310,b38423b62a690247f03c7b0209feacf977c0faf4355e99d47b97dd290b3764d2,8,8,ok
train,shiyan/data/labels/train/01-PAN-20250407-456-301-L00000100047-CCD1_4_crop3.txt,01-PAN-20250407-456-301-L00000100047-CCD1_4_crop3,76,ac4bd990ab30e79f1b38abdbfb645cc31ce0dbfcbc40e8d3c9624282076e8b8c,2,2,ok
train,shiyan/data/labels/train/01-PAN-20250407-456-301-L00000100047-CCD1_4_crop4.txt,01-PAN-20250407-456-301-L00000100047-CCD1_4_crop4,154,0cf2d9c4a934132cfd5373cbc108d45335c824765ac003dd8c9e29d87143c480,4,4,ok
train,shiyan/data/labels/train/01-PAN-20250407-456-301-L00000100047-CCD1_4_crop6.txt,01-PAN-20250407-456-301-L00000100047-CCD1_4_crop6,115,fa806f6d971846f4aa78651d57498c8ad0e22f025ff5b66d74bd17a62aa360f4,3,3,ok
train,shiyan/data/labels/train/01-PAN-20250407-456-301-L00000100047-CCD1_4_crop7.txt,01-PAN-20250407-456-301-L00000100047-CCD1_4_crop7,76,c538bc9626908fe4b1f103f9352c865255b17cc6782b2ae91797955a017537ae,2,2,ok
train,shiyan/data/labels/train/01-PAN-20250407-456-301-L00000100047-CCD1_4_crop9.txt,01-PAN-20250407-456-301-L00000100047-CCD1_4_crop9,115,f3dcbe322eadb3fb41c1d20dda3dce87417292080c92f298556757787d9e4b54,3,3,ok
train,shiyan/data/labels/train/01-PAN-20250407-456-301-L00000100047-CCD1_5_crop1.txt,01-PAN-20250407-456-301-L00000100047-CCD1_5_crop1,76,bf8a1606fab2eb65d7c0cfc8625ed3c6e348c933af40f636f83a983d9b53ae5e,2,2,ok
train,shiyan/data/labels/train/01-PAN-20250407-456-301-L00000100047-CCD1_5_crop2.txt,01-PAN-20250407-456-301-L00000100047-CCD1_5_crop2,115,ca09143d842a3b4e708ab7e58bda864a4acb42374ac90d100ecc67c6f32801d6,3,3,ok
train,shiyan/data/labels/train/01-PAN-20250407-456-301-L00000100047-CCD1_5_crop3.txt,01-PAN-20250407-456-301-L00000100047-CCD1_5_crop3,37,628df947a4516147071d205987165e230e089d0104dfe744d436744176423ca5,1,1,ok
train,shiyan/data/labels/train/01-PAN-20250407-456-301-L00000100047-CCD1_5_crop4.txt,01-PAN-20250407-456-301-L00000100047-CCD1_5_crop4,37,7b212163e2a44f2eefd13b5738596e5f7b2a459d4cba2c3e06005afa485b1faa,1,1,ok
train,shiyan/data/labels/train/01-PAN-20250407-456-301-L00000100047-CCD1_5_crop5.txt,01-PAN-20250407-456-301-L00000100047-CCD1_5_crop5,37,27ef3ed107b73844ba4171217bf3da7e61c83bfa8d5e0c10eb09ac6a0e6d6b31,1,1,ok
train,shiyan/data/labels/train/01-PAN-20250407-456-301-L00000100047-CCD1_5_crop7.txt,01-PAN-20250407-456-301-L00000100047-CCD1_5_crop7,115,ef2f0a9a13d9c972388b4d6a9f5c9e827b765cec6574c1ae6cf45bdfb20c9871,3,3,ok
train,shiyan/data/labels/train/01-PAN-20250407-456-301-L00000100047-CCD1_5_crop8.txt,01-PAN-20250407-456-301-L00000100047-CCD1_5_crop8,37,ccbeaf331dfed2685662d326d57228a085093e085c9f5ec49b08eca4e7fe3150,1,1,ok
train,shiyan/data/labels/train/01-PAN-20250407-456-301-L00000100047-CCD1_6_crop2.txt,01-PAN-20250407-456-301-L00000100047-CCD1_6_crop2,76,b5a93329ccc485492ee735ed9c4c60018d8f0fc8bdba1c78f97b3066f2ca8ec9,2,2,ok
train,shiyan/data/labels/train/01-PAN-20250407-456-301-L00000100047-CCD1_6_crop3.txt,01-PAN-20250407-456-301-L00000100047-CCD1_6_crop3,76,db1353ca724ba20c4310251dd334cec4f372e0a81eeffa97dc0b66ea082fc8cb,2,2,ok
train,shiyan/data/labels/train/01-PAN-20250407-456-301-L00000100047-CCD1_6_crop4.txt,01-PAN-20250407-456-301-L00000100047-CCD1_6_crop4,76,1fd22c05221f83996b03ca057efc299a6b989b6037488cea6bb7205da8f99d46,2,2,ok
train,shiyan/data/labels/train/01-PAN-20250407-456-301-L00000100047-CCD1_6_crop5.txt,01-PAN-20250407-456-301-L00000100047-CCD1_6_crop5,37,ed2d0072a52c4d760b99acac54914960a0182982f08ddb77d9020f509bbf26b6,1,1,ok
train,shiyan/data/labels/train/01-PAN-20250407-456-303-L00000100049-CCD5_6_crop1.txt,01-PAN-20250407-456-303-L00000100049-CCD5_6_crop1,37,b636eeaf942374fe9dc8bc127b12202d8d5ddcafc60b9f4d79ebe1ef3235fded,1,1,ok
train,shiyan/data/labels/train/01-PAN-20250407-456-303-L00000100049-CCD5_6_crop2.txt,01-PAN-20250407-456-303-L00000100049-CCD5_6_crop2,193,e26946103236c4f379883792f2ea514b962ca8ba229740e5c1ba9f5230216460,5,5,ok
train,shiyan/data/labels/train/01-PAN-20250407-456-303-L00000100049-CCD5_6_crop3.txt,01-PAN-20250407-456-303-L00000100049-CCD5_6_crop3,37,f74785a30879ef2fffb8b143c7cbe8a795205384c5be728d18b8a45276d1a371,1,1,ok
train,shiyan/data/labels/train/01-PAN-20250407-456-303-L00000100049-CCD5_6_crop4.txt,01-PAN-20250407-456-303-L00000100049-CCD5_6_crop4,115,b3808ac58e1cdf67b842f8858b613008f5cb435e0eb3e712b969f71a33eb105f,3,3,ok
train,shiyan/data/labels/train/01-PAN-20250407-456-303-L00000100049-CCD5_6_crop6.txt,01-PAN-20250407-456-303-L00000100049-CCD5_6_crop6,37,43b482a1a98b25c1cf0be4d8f16136312e93e85bad6c4fb1953e197c8a1d5bb3,1,1,ok
train,shiyan/data/labels/train/01-PAN-20250407-456-303-L00000100049-CCD5_6_crop7.txt,01-PAN-20250407-456-303-L00000100049-CCD5_6_crop7,115,1e8ec37f7861c3182dbd66da6c60ea2c961c199fa8faa5a37710cf1f45ddb731,3,3,ok
train,shiyan/data/labels/train/01-PAN-20250407-456-303-L00000100049-CCD6_6_crop1.txt,01-PAN-20250407-456-303-L00000100049-CCD6_6_crop1,115,4e0c9bc6471c42d95380c3306b65c259a8c8d853af3a5b394bee7e9db9f86983,3,3,ok
train,shiyan/data/labels/train/01-PAN-20250407-456-303-L00000100049-CCD6_6_crop2.txt,01-PAN-20250407-456-303-L00000100049-CCD6_6_crop2,37,06e172a9fb38575859fea5dfbe61d09ba0630fe8f9916d2a6f2f02b74b0bf5c1,1,1,ok
train,shiyan/data/labels/train/01-PAN-20250407-456-303-L00000100049-CCD6_6_crop4.txt,01-PAN-20250407-456-303-L00000100049-CCD6_6_crop4,37,95fe75304dd162b7fbdd6e689a1e366ec3214cc85af41a642e6afbecd4306b7e,1,1,ok
train,shiyan/data/labels/train/01-PAN-20250407-456-303-L00000100049-CCD6_6_crop5.txt,01-PAN-20250407-456-303-L00000100049-CCD6_6_crop5,76,877508500ce2dea875c47d829441ef2998829f3fecd998e338957642e077705d,2,2,ok
train,shiyan/data/labels/train/01-PAN-20250407-456-304-L00000100050-CCD10_3_crop1.txt,01-PAN-20250407-456-304-L00000100050-CCD10_3_crop1,76,5864a6f238e8e2a648b459f3cab401b5e615c9ca858d6a4e64a3fc33c2bdb09a,2,2,ok
train,shiyan/data/labels/train/01-PAN-20250407-456-304-L00000100050-CCD11_3_crop1.txt,01-PAN-20250407-456-304-L00000100050-CCD11_3_crop1,76,e1fbe3f39bff37b4806814efecfd71c6d07f9c63460c37972873114cd265645a,2,2,ok
train,shiyan/data/labels/train/01-PAN-20250407-456-304-L00000100050-CCD11_3_crop2.txt,01-PAN-20250407-456-304-L00000100050-CCD11_3_crop2,76,d04b0e4d0cba7fdad39ac445b5aa2efd870fde9199333384854ef46879b97ad2,2,2,ok
train,shiyan/data/labels/train/01-PAN-20250407-456-304-L00000100050-CCD11_3_crop3.txt,01-PAN-20250407-456-304-L00000100050-CCD11_3_crop3,37,90823afaccbc10a6a0411b53e31632cb88186a231cb296aa57a6f330fe384e68,1,1,ok
train,shiyan/data/labels/train/01-PAN-20250407-456-304-L00000100050-CCD11_3_crop4.txt,01-PAN-20250407-456-304-L00000100050-CCD11_3_crop4,76,a22e551df9f50d71e424a7b882d0bbc96c395457b40c388e88c499ea3c877a95,2,2,ok
train,shiyan/data/labels/train/01-PAN-20250407-456-304-L00000100050-CCD11_3_crop5.txt,01-PAN-20250407-456-304-L00000100050-CCD11_3_crop5,37,f7af3a08dbdb3374018e2b3334160a43f48c84825ab27a9dc994e316d69e3065,1,1,ok
train,shiyan/data/labels/train/01-PAN-20250407-456-304-L00000100050-CCD11_4_crop1.txt,01-PAN-20250407-456-304-L00000100050-CCD11_4_crop1,37,e9bb357523c8af07b5446d75f26b5431185ec685ba3034766c3cb2b5dcec4c30,1,1,ok
train,shiyan/data/labels/train/01-PAN-20250407-456-304-L00000100050-CCD11_4_crop2.txt,01-PAN-20250407-456-304-L00000100050-CCD11_4_crop2,115,92dadba44abe2f2b74d3e99af9e95f692e44d271438046e29590f2030e1997b9,3,3,ok
train,shiyan/data/labels/train/01-PAN-20250407-456-304-L00000100050-CCD11_4_crop3.txt,01-PAN-20250407-456-304-L00000100050-CCD11_4_crop3,76,43f51c41fd4efe7c8ebabc0ef940682b8823127a9c5a15a454ed545b1d7250db,2,2,ok
train,shiyan/data/labels/train/01-PAN-20250407-456-304-L00000100050-CCD11_4_crop5.txt,01-PAN-20250407-456-304-L00000100050-CCD11_4_crop5,76,55cbdaf887d6d94a34e715f78d7043349757230ea01510a112fe7d59a910a9ac,2,2,ok
train,shiyan/data/labels/train/01-PAN-20250407-456-304-L00000100050-CCD11_4_crop6.txt,01-PAN-20250407-456-304-L00000100050-CCD11_4_crop6,76,fd80e1fe3005b6c779bc326d9e162da19ce3b0e7c026c870e55623f3e19eacab,2,2,ok
train,shiyan/data/labels/train/01-PAN-20250407-456-304-L00000100050-CCD13_3_crop1.txt,01-PAN-20250407-456-304-L00000100050-CCD13_3_crop1,76,db93f8c0da1d2e29dd12d1995d2ca40b9fc16a97f4e0641b6719bcf7a50a35f6,2,2,ok
train,shiyan/data/labels/train/01-PAN-20250407-456-304-L00000100050-CCD13_3_crop2.txt,01-PAN-20250407-456-304-L00000100050-CCD13_3_crop2,193,5a32adb1d50c817e739024d6c7c743dee0bd60f0af410c76490618b05c22ed2e,5,5,ok
train,shiyan/data/labels/train/01-PAN-20250407-456-304-L00000100050-CCD13_3_crop3.txt,01-PAN-20250407-456-304-L00000100050-CCD13_3_crop3,37,802729ca98db1e6c781ab674f77e55515a20af49815e14a1652538c9162bb46e,1,1,ok
train,shiyan/data/labels/train/01-PAN-20250407-456-304-L00000100050-CCD14_3_crop1.txt,01-PAN-20250407-456-304-L00000100050-CCD14_3_crop1,115,4e342229be82936fc91a256ed820fb7472bdce7df9acda7a193a5c6415aa1e4a,3,3,ok
train,shiyan/data/labels/train/01-PAN-20250407-456-304-L00000100050-CCD14_3_crop3.txt,01-PAN-20250407-456-304-L00000100050-CCD14_3_crop3,193,2367764a7d0ffbbc0f9e0336731db6c0de31a9e979cbc8af7b0c1bb71a72438d,5,5,ok
train,shiyan/data/labels/train/01-PAN-20250407-456-304-L00000100050-CCD14_3_crop4.txt,01-PAN-20250407-456-304-L00000100050-CCD14_3_crop4,37,94d0f775abee3a7ce66a8f8376ad3670422af4df20aaeba5eeb5f6997c680202,1,1,ok
train,shiyan/data/labels/train/01-PAN-20250407-456-304-L00000100050-CCD14_3_crop5.txt,01-PAN-20250407-456-304-L00000100050-CCD14_3_crop5,76,5ef04481da7175e4411706cd61a4c62abdcbac24dc7fa2b4e6bf18dd4363db72,2,2,ok
train,shiyan/data/labels/train/01-PAN-20250407-456-304-L00000100050-CCD14_4_crop1.txt,01-PAN-20250407-456-304-L00000100050-CCD14_4_crop1,37,d47d6e57aca2e8b52356b9fddb348f6e0dcfa29df47637a4b43cca31817502c5,1,1,ok
train,shiyan/data/labels/train/01-PAN-20250407-456-304-L00000100050-CCD14_4_crop2.txt,01-PAN-20250407-456-304-L00000100050-CCD14_4_crop2,37,9f32b19a241f61548075572683e67430f503074bbc513dcc6eb9d6e71a9349b1,1,1,ok
train,shiyan/data/labels/train/01-PAN-20250407-456-304-L00000100050-CCD14_4_crop3.txt,01-PAN-20250407-456-304-L00000100050-CCD14_4_crop3,37,36af0a5629d5eb505b71a10f811988064483fbedf756ba8992ad2c99e94ff3c0,1,1,ok
train,shiyan/data/labels/train/01-PAN-20250407-456-304-L00000100050-CCD15_2_crop1.txt,01-PAN-20250407-456-304-L00000100050-CCD15_2_crop1,349,4df64154454a3d224adb40f291ae58acf675719896d52a885cd6f0d7290fa3e9,9,9,ok
train,shiyan/data/labels/train/01-PAN-20250407-456-304-L00000100050-CCD15_2_crop2.txt,01-PAN-20250407-456-304-L00000100050-CCD15_2_crop2,154,e5cb6ee48add538f0a897d588b369e48c39c7cb6895a36b1fee3d44d5282c95f,4,4,ok
train,shiyan/data/labels/train/01-PAN-20250407-456-304-L00000100050-CCD15_2_crop3.txt,01-PAN-20250407-456-304-L00000100050-CCD15_2_crop3,115,3b5e212748c5f9404b1b3739c0eb75e8b1e9676d88464a48a05517aeb552c86a,3,3,ok
train,shiyan/data/labels/train/01-PAN-20250407-456-304-L00000100050-CCD15_3_crop1.txt,01-PAN-20250407-456-304-L00000100050-CCD15_3_crop1,37,1b1093c4279a8947696abf9742bd473452e45fffda0f279927e6c2eb7e0db1a6,1,1,ok
train,shiyan/data/labels/train/01-PAN-20250407-456-304-L00000100050-CCD15_3_crop2.txt,01-PAN-20250407-456-304-L00000100050-CCD15_3_crop2,232,321af48be3378606fb0097a7b807732bb2a0b5d08d71374f89f8ff25fbd9ad95,6,6,ok
train,shiyan/data/labels/train/01-PAN-20250407-456-304-L00000100050-CCD15_3_crop3.txt,01-PAN-20250407-456-304-L00000100050-CCD15_3_crop3,232,acccd246f6df2580375ce70f88119517decf862e61703d7707700d2518330f39,6,6,ok
train,shiyan/data/labels/train/01-PAN-20250407-456-304-L00000100050-CCD15_3_crop4.txt,01-PAN-20250407-456-304-L00000100050-CCD15_3_crop4,37,3f650a7c99e0ab978ca0336b1ba8e8ed1cd72c0556cdfa65b859d949475cbb1c,1,1,ok
train,shiyan/data/labels/train/01-PAN-20250407-456-304-L00000100050-CCD16_1_crop1.txt,01-PAN-20250407-456-304-L00000100050-CCD16_1_crop1,76,790966d65e8e77ae9d90757c9b04f5fbaa574f2535b5ba49f568a2552e9dc7b5,2,2,ok
train,shiyan/data/labels/train/01-PAN-20250407-456-304-L00000100050-CCD16_1_crop2.txt,01-PAN-20250407-456-304-L00000100050-CCD16_1_crop2,37,a71bf66e2d1247ae5a2fb0d7f083ecfc1f583f4db9c42657dec1120a7f4c2215,1,1,ok
train,shiyan/data/labels/train/01-PAN-20250407-456-304-L00000100050-CCD16_1_crop3.txt,01-PAN-20250407-456-304-L00000100050-CCD16_1_crop3,76,a8fe0cd86631928cf84b64db3f54b792a024c8d330b9bff69a439a07a3223052,2,2,ok
train,shiyan/data/labels/train/01-PAN-20250407-456-304-L00000100050-CCD16_2_crop1.txt,01-PAN-20250407-456-304-L00000100050-CCD16_2_crop1,76,751b6fa0896f89ae3bffd12f4b12401a2504ddec73d1a11366fb7e98641452ce,2,2,ok
train,shiyan/data/labels/train/01-PAN-20250407-456-304-L00000100050-CCD16_2_crop2.txt,01-PAN-20250407-456-304-L00000100050-CCD16_2_crop2,115,8c3ca88a643a81b60737767065cccff94c7898bf3b2cbe89c3a12cd81b5c3e1b,3,3,ok
train,shiyan/data/labels/train/01-PAN-20250407-456-304-L00000100050-CCD16_2_crop3.txt,01-PAN-20250407-456-304-L00000100050-CCD16_2_crop3,37,00023ed0e90ed022a071a9ad8be20f92271a235795a6b0be85569b9859deee31,1,1,ok
train,shiyan/data/labels/train/01-PAN-20250407-456-304-L00000100050-CCD16_2_crop4.txt,01-PAN-20250407-456-304-L00000100050-CCD16_2_crop4,37,577562cfefb3efa8dbdece7dcb10cd4b89f91bb265415ae73ef06ec230816715,1,1,ok
train,shiyan/data/labels/train/01-PAN-20250407-456-304-L00000100050-CCD5_1_crop2.txt,01-PAN-20250407-456-304-L00000100050-CCD5_1_crop2,154,1dcb8115798084acf5d54e24720e0c3bcb63d268913a9435807f86c6cebefe09,4,4,ok
train,shiyan/data/labels/train/01-PAN-20250407-456-304-L00000100050-CCD5_1_crop3.txt,01-PAN-20250407-456-304-L00000100050-CCD5_1_crop3,232,e5d37c306702361c364e2db5ee778f49b163fb9511149fc97d9d069288480b2a,6,6,ok
train,shiyan/data/labels/train/01-PAN-20250407-456-304-L00000100050-CCD5_1_crop5.txt,01-PAN-20250407-456-304-L00000100050-CCD5_1_crop5,37,778899b36c5b4ad9fab22ecea9cf6e40eba9244fe2888b07308f86a568e51c6c,1,1,ok
train,shiyan/data/labels/train/01-PAN-20250407-456-304-L00000100050-CCD5_1_crop6.txt,01-PAN-20250407-456-304-L00000100050-CCD5_1_crop6,154,743af6298825e4c28fde8a4f2ff0ea59524a814e1bec7c1aabd8bdf279d56b67,4,4,ok
train,shiyan/data/labels/train/01-PAN-20250407-456-304-L00000100050-CCD5_2_crop2.txt,01-PAN-20250407-456-304-L00000100050-CCD5_2_crop2,115,cbf27c5e0c82def4d7f549d7bcafcd76603022c6243091eef9370aaa026db509,3,3,ok
train,shiyan/data/labels/train/01-PAN-20250407-456-304-L00000100050-CCD6_1_crop1.txt,01-PAN-20250407-456-304-L00000100050-CCD6_1_crop1,37,e57a46f51618ac226f0871c5bbb750486a1cd9c9134563f80fc8e82435b541f4,1,1,ok
train,shiyan/data/labels/train/01-PAN-20250407-456-304-L00000100050-CCD6_1_crop2.txt,01-PAN-20250407-456-304-L00000100050-CCD6_1_crop2,37,b4b4dc4b21f661f840522c60f6990dacaf84e60dec470537eb9b75a4929204d8,1,1,ok
train,shiyan/data/labels/train/01-PAN-20250407-456-304-L00000100050-CCD6_2_crop1.txt,01-PAN-20250407-456-304-L00000100050-CCD6_2_crop1,37,2d263f05d4af36f25b45ed90e5e9b86fadaeee409edda7151962b7f5e57123fd,1,1,ok
train,shiyan/data/labels/train/01-PAN-20250407-456-304-L00000100050-CCD6_2_crop2.txt,01-PAN-20250407-456-304-L00000100050-CCD6_2_crop2,76,648aa535b23f1f422b4c14254a1d5ca09a03e6fe68fbfa766387f5ad7053026f,2,2,ok
train,shiyan/data/labels/train/01-PAN-20250407-456-304-L00000100050-CCD6_2_crop4.txt,01-PAN-20250407-456-304-L00000100050-CCD6_2_crop4,76,69a35a7789a4e99ed77454483207938f0586738013d10b970e297a971ae73d1f,2,2,ok
train,shiyan/data/labels/train/01-PAN-20250407-456-304-L00000100050-CCD6_3_crop1.txt,01-PAN-20250407-456-304-L00000100050-CCD6_3_crop1,37,8cb451464e19997e8b6739e15844fcba67fb770749628c76b7cb3f14ab378af3,1,1,ok
train,shiyan/data/labels/train/01-PAN-20250407-456-304-L00000100050-CCD6_3_crop2.txt,01-PAN-20250407-456-304-L00000100050-CCD6_3_crop2,154,b92e02deed99b05a46e1d18267e513b2213ad943b242536ff0701842ad5e8745,4,4,ok
train,shiyan/data/labels/train/01-PAN-20250407-456-304-L00000100050-CCD7_2_crop1.txt,01-PAN-20250407-456-304-L00000100050-CCD7_2_crop1,115,4bb9b7b2949ac5d9eaa3fbc3f886af991f91c8773ca4b4ecda20a68d257e6fe4,3,3,ok
train,shiyan/data/labels/train/01-PAN-20250407-456-304-L00000100050-CCD7_3_crop1.txt,01-PAN-20250407-456-304-L00000100050-CCD7_3_crop1,37,c7ebd6301dec5c495ca571f66635e413d064433a94d329f015f0d462691a23e9,1,1,ok
train,shiyan/data/labels/train/01-PAN-20250407-456-304-L00000100050-CCD7_3_crop2.txt,01-PAN-20250407-456-304-L00000100050-CCD7_3_crop2,154,84c02082bec95f9eb9d5973700042f64566ac050187a7b1b199fdf2d1b92a718,4,4,ok
train,shiyan/data/labels/train/01-PAN-20250407-456-304-L00000100050-CCD7_3_crop3.txt,01-PAN-20250407-456-304-L00000100050-CCD7_3_crop3,76,17852973a6321b5eaacc52238f1764b28a9ac6bbd881a4e284f9788a73d5c1bc,2,2,ok
train,shiyan/data/labels/train/01-PAN-20250407-456-304-L00000100050-CCD7_3_crop6.txt,01-PAN-20250407-456-304-L00000100050-CCD7_3_crop6,76,bff047ea3f4563cb10a4616a15b3b68007b83e5cae28bc11bca527e1750e4212,2,2,ok
train,shiyan/data/labels/train/02-PAN-20250320-146-221-L00000000208-CCD32_1_crop1.txt,02-PAN-20250320-146-221-L00000000208-CCD32_1_crop1,37,4b3a791bf02b63ea75a5ab11223402c2fcccbd610429101bc0d052de0adb216c,1,1,ok
train,shiyan/data/labels/train/02-PAN-20250321-108-307-L00000000254-CCD17_1_crop1.txt,02-PAN-20250321-108-307-L00000000254-CCD17_1_crop1,37,9d388ea9185eb1cd479cead8625831585bd32446f5ede69f531514def8851342,1,1,ok
train,shiyan/data/labels/train/02-PAN-20250321-108-307-L00000000254-CCD17_1_crop2.txt,02-PAN-20250321-108-307-L00000000254-CCD17_1_crop2,37,abaf567a4ef89ec64e307d5eeaea98c453532fc01613a4834a396a5abc4937cd,1,1,ok
train,shiyan/data/labels/train/02-PAN-20250321-108-307-L00000000254-CCD17_1_crop4.txt,02-PAN-20250321-108-307-L00000000254-CCD17_1_crop4,37,819c216be17d5aaf2742775408b9c7780122af030deffb0e57dfe87cc45e8fb0,1,1,ok
train,shiyan/data/labels/train/02-PAN-20250321-141-166-L00000000249-CCD11_3_crop1.txt,02-PAN-20250321-141-166-L00000000249-CCD11_3_crop1,76,0912b93469750b75647579e64e3722b1034fcfa5e4eb4b2c3150deff675e762c,2,2,ok
train,shiyan/data/labels/train/02-PAN-20250321-141-166-L00000000249-CCD11_3_crop2.txt,02-PAN-20250321-141-166-L00000000249-CCD11_3_crop2,37,23f681619d8c78cf9ed2c77aec38d10d824e53ec34e11aa71365e46d3bfa57b8,1,1,ok
train,shiyan/data/labels/train/02-PAN-20250321-141-168-L00000000251-CCD15_2_crop1.txt,02-PAN-20250321-141-168-L00000000251-CCD15_2_crop1,37,3008272c01bcb99a37a410c64e0bd036acfab9fdbeb54ea35536ed8642c3d4a8,1,1,ok
train,shiyan/data/labels/train/02-PAN-20250321-455-302-L00000000225-CCD1_2_crop1.txt,02-PAN-20250321-455-302-L00000000225-CCD1_2_crop1,37,68ebd686f6c2c711a7b35526d4ed09bf7550bc6ad14b41be95d79947329bb1c4,1,1,ok
train,shiyan/data/labels/train/02-PAN-20250321-455-302-L00000000225-CCD2_1_crop2.txt,02-PAN-20250321-455-302-L00000000225-CCD2_1_crop2,37,7e3d55c1e06c1b9364821eb4232aa5a03f1d7800e1e5c7433ebd6364e91ce389,1,1,ok
train,shiyan/data/labels/train/02-PAN-20250321-455-302-L00000000225-CCD2_1_crop3.txt,02-PAN-20250321-455-302-L00000000225-CCD2_1_crop3,37,f0757373f6607c18e9b26b1263b6d472dfa0347fd4ab1cce12c1f831eac717dd,1,1,ok
train,shiyan/data/labels/train/02-PAN-20250321-455-302-L00000000225-CCD2_1_crop4.txt,02-PAN-20250321-455-302-L00000000225-CCD2_1_crop4,37,0beabf01dbd63fe060ed7412aebac8e949f70e328c4f77ddd1bdf40ca5281174,1,1,ok
train,shiyan/data/labels/train/02-PAN-20250321-455-302-L00000000225-CCD2_1_crop5.txt,02-PAN-20250321-455-302-L00000000225-CCD2_1_crop5,76,ccbb64d2e28bb5ae5136776a958e56c9c16cd8eac0014b34d3c4de174ad7ee31,2,2,ok
train,shiyan/data/labels/train/02-PAN-20250321-455-302-L00000000225-CCD2_1_crop6.txt,02-PAN-20250321-455-302-L00000000225-CCD2_1_crop6,37,fd04c243074243fe3bfd7b3930c1026ebacd38e5ef4474b91ffef3bf7dcc1f29,1,1,ok
train,shiyan/data/labels/train/02-PAN-20250321-455-302-L00000000225-CCD2_1_crop7.txt,02-PAN-20250321-455-302-L00000000225-CCD2_1_crop7,37,4455424fa80021cf8c76cdd45de26206dbd4ba3dc7e2f252f6b90eeb476f4ead,1,1,ok
train,shiyan/data/labels/train/02-PAN-20250321-455-302-L00000000225-CCD2_2_crop1.txt,02-PAN-20250321-455-302-L00000000225-CCD2_2_crop1,37,f5d94742d21907d157c18588613de96dca67589e9a08ef8fc75417ff1c3a5a68,1,1,ok
train,shiyan/data/labels/train/02-PAN-20250321-455-302-L00000000225-CCD2_2_crop2.txt,02-PAN-20250321-455-302-L00000000225-CCD2_2_crop2,76,d1736eb325c3cde4aaa136bbe70f28ba20932b269577d9a76f14b743e42c1335,2,2,ok
train,shiyan/data/labels/train/02-PAN-20250321-455-302-L00000000225-CCD2_2_crop4.txt,02-PAN-20250321-455-302-L00000000225-CCD2_2_crop4,37,ad67088b161f11f179bd13ed16bf08f009f0c38944b15b653370f343cd34ddea,1,1,ok
train,shiyan/data/labels/train/02-PAN-20250321-455-302-L00000000225-CCD2_2_crop6.txt,02-PAN-20250321-455-302-L00000000225-CCD2_2_crop6,37,31428658dd2d0b5b770c594cec1f0f1983ac71f2a572c88f22ed1f81c748aac6,1,1,ok
train,shiyan/data/labels/train/02-PAN-20250321-455-302-L00000000225-CCD2_2_crop7.txt,02-PAN-20250321-455-302-L00000000225-CCD2_2_crop7,76,9bfda220ea10ca1dc6e12f667a4c8102ac69bc1712bffe0b507b1afcfc459c67,2,2,ok
train,shiyan/data/labels/train/02-PAN-20250321-455-302-L00000000225-CCD2_2_crop9.txt,02-PAN-20250321-455-302-L00000000225-CCD2_2_crop9,37,4f2554082f3313832616256b158ea3cf1722c6c90a1721bc00523d8c6443012f,1,1,ok
train,shiyan/data/labels/train/02-PAN-20250321-455-302-L00000000225-CCD2_3_crop1.txt,02-PAN-20250321-455-302-L00000000225-CCD2_3_crop1,37,a4c8315355eb9a15230c03ead95c546d73a42ace2e9ef4037ae29c2d63946685,1,1,ok
train,shiyan/data/labels/train/02-PAN-20250321-455-302-L00000000225-CCD3_1_crop10.txt,02-PAN-20250321-455-302-L00000000225-CCD3_1_crop10,37,2214541b3bf3016700f07068f014be142a6e6a00d25882abd050cc11ca61270a,1,1,ok
train,shiyan/data/labels/train/02-PAN-20250321-455-302-L00000000225-CCD3_1_crop11.txt,02-PAN-20250321-455-302-L00000000225-CCD3_1_crop11,76,8c493fcaf52b78af175adb10d2e34668ef0f13289ca918c360d76464272929c9,2,2,ok
train,shiyan/data/labels/train/02-PAN-20250321-455-302-L00000000225-CCD3_1_crop12.txt,02-PAN-20250321-455-302-L00000000225-CCD3_1_crop12,76,a2b758d62fb745c8314fd8c25c33bc40af9119bd1b11636427bfef4a01446247,2,2,ok
train,shiyan/data/labels/train/02-PAN-20250321-455-302-L00000000225-CCD3_1_crop3.txt,02-PAN-20250321-455-302-L00000000225-CCD3_1_crop3,37,3ba8304bd167150fd6228491a86138783a88ca59a22540935b55a5d4e41df5d7,1,1,ok
train,shiyan/data/labels/train/02-PAN-20250321-455-302-L00000000225-CCD3_1_crop5.txt,02-PAN-20250321-455-302-L00000000225-CCD3_1_crop5,37,3116a18a079760e15055409adaa3f52dbb5d26d786469b2d44866256c0c52122,1,1,ok
train,shiyan/data/labels/train/02-PAN-20250321-455-302-L00000000225-CCD3_1_crop6.txt,02-PAN-20250321-455-302-L00000000225-CCD3_1_crop6,115,ef90c69000a12e3c2569406ab4af6b076d85039f6babc13a3d05376875eaf7e2,3,3,ok
train,shiyan/data/labels/train/02-PAN-20250321-455-302-L00000000225-CCD3_1_crop7.txt,02-PAN-20250321-455-302-L00000000225-CCD3_1_crop7,115,f4c78871063e7141eab77129d4ed27f076bbf9866e152b9c37bde8a88b04158a,3,3,ok
train,shiyan/data/labels/train/02-PAN-20250321-455-302-L00000000225-CCD3_1_crop8.txt,02-PAN-20250321-455-302-L00000000225-CCD3_1_crop8,76,4d44b70c308eb92a3ff543dc47c1b94250a18d4d43582a929504f17474dd85b5,2,2,ok
train,shiyan/data/labels/train/02-PAN-20250321-455-302-L00000000225-CCD3_1_crop9.txt,02-PAN-20250321-455-302-L00000000225-CCD3_1_crop9,193,8e78ac17cda9af90e6c34a29b263a578f8cd7af20fe9f6f49dc460e4dab4ca60,5,5,ok
train,shiyan/data/labels/train/02-PAN-20250321-455-302-L00000000225-CCD3_2_crop1.txt,02-PAN-20250321-455-302-L00000000225-CCD3_2_crop1,37,3079be2bcd89e859358d61cd7ef9f7841922ccfe295a7228d8e5508712c8389d,1,1,ok
train,shiyan/data/labels/train/02-PAN-20250321-455-302-L00000000225-CCD3_2_crop2.txt,02-PAN-20250321-455-302-L00000000225-CCD3_2_crop2,76,b4e36aba9917f10a8ef3ab39c2859ca8031a5972d6a35f83949a73399423220d,2,2,ok
train,shiyan/data/labels/train/02-PAN-20250321-455-302-L00000000225-CCD3_2_crop3.txt,02-PAN-20250321-455-302-L00000000225-CCD3_2_crop3,37,809fd5bbd140489ced801d1f0e836e0c7065e308e30d30e0aea3b403b7041e4c,1,1,ok
train,shiyan/data/labels/train/02-PAN-20250321-455-302-L00000000225-CCD4_1_crop1.txt,02-PAN-20250321-455-302-L00000000225-CCD4_1_crop1,76,0067275344aa52fe94308f9bc7fecdbeefaa382caeba443bfd0b85f18a4aabae,2,2,ok
train,shiyan/data/labels/train/02-PAN-20250321-455-302-L00000000225-CCD4_2_crop1.txt,02-PAN-20250321-455-302-L00000000225-CCD4_2_crop1,37,f0ba4a0af2075570da80aa31b4af21fd4fd3ffbdf2a24cb7d9223e75fecb9f85,1,1,ok
train,shiyan/data/labels/train/02-PAN-20250321-455-302-L00000000225-CCD4_2_crop2.txt,02-PAN-20250321-455-302-L00000000225-CCD4_2_crop2,115,857aaa32599965e564cbafb6ff0769e8328acd4b1338c93a9764bb17f6403c91,3,3,ok
train,shiyan/data/labels/train/02-PAN-20250321-455-302-L00000000225-CCD4_2_crop3.txt,02-PAN-20250321-455-302-L00000000225-CCD4_2_crop3,76,c4bfaea07a9ab2d103cc5e36a2f94a42cbc77e2caabd187b35c3a1d8e7611a37,2,2,ok
train,shiyan/data/labels/train/02-PAN-20250321-455-302-L00000000225-CCD4_2_crop4.txt,02-PAN-20250321-455-302-L00000000225-CCD4_2_crop4,193,2eeded66be2de7dfc09805ab552420b3c24c50212a7d61236aec956385dabda6,5,5,ok
train,shiyan/data/labels/train/02-PAN-20250321-455-302-L00000000225-CCD4_2_crop5.txt,02-PAN-20250321-455-302-L00000000225-CCD4_2_crop5,76,33273f5255520b332af4b889932ab2bfd76a775ed89c24f7bd12f6adae2ebd7d,2,2,ok
train,shiyan/data/labels/train/02-PAN-20250321-455-302-L00000000225-CCD4_2_crop6.txt,02-PAN-20250321-455-302-L00000000225-CCD4_2_crop6,37,11e6794a307fdeb36ea2e854c8b699a3ce59c7073346ba592b02149d401b41e4,1,1,ok
train,shiyan/data/labels/train/02-PAN-20250321-455-302-L00000000225-CCD4_2_crop7.txt,02-PAN-20250321-455-302-L00000000225-CCD4_2_crop7,37,8d28636689c6f2f939f569a8a42aec540a89ac62f3029afb2e385d960cca9f11,1,1,ok
train,shiyan/data/labels/train/02-PAN-20250321-455-302-L00000000225-CCD4_2_crop8.txt,02-PAN-20250321-455-302-L00000000225-CCD4_2_crop8,37,314a67395491d1bafec877acbb5acf42a9a43b5eb250b4651d567222c4361b54,1,1,ok
train,shiyan/data/labels/train/02-PAN-20250321-455-302-L00000000225-CCD4_2_crop9.txt,02-PAN-20250321-455-302-L00000000225-CCD4_2_crop9,37,7e30357584c5c187546b708341b0be68d019b7864485a92687169545d218bf39,1,1,ok
train,shiyan/data/labels/train/02-PAN-20250321-455-304-L00000000227-CCD13_4_crop1.txt,02-PAN-20250321-455-304-L00000000227-CCD13_4_crop1,76,881ebc7636606ac01e38a73d4ac8020f2dd8ea7938c61e3297d7cc7b5e2dd800,2,2,ok
train,shiyan/data/labels/train/02-PAN-20250321-455-304-L00000000227-CCD13_4_crop3.txt,02-PAN-20250321-455-304-L00000000227-CCD13_4_crop3,115,fbcf0fa3a23d91680688994a4baea075d8e554bacafe0c29f141881375f0634b,3,3,ok
train,shiyan/data/labels/train/02-PAN-20250321-455-304-L00000000227-CCD13_4_crop4.txt,02-PAN-20250321-455-304-L00000000227-CCD13_4_crop4,76,9283faa1ae27276ec723e69ca682277494302ae527d4b48e838ef8ccd7a49dde,2,2,ok
train,shiyan/data/labels/train/02-PAN-20250321-455-304-L00000000227-CCD13_4_crop5.txt,02-PAN-20250321-455-304-L00000000227-CCD13_4_crop5,154,5e16956771cef3c8d9609faeffc7992aaf98e130bfe0d8ebd21f8771e99d1516,4,4,ok
train,shiyan/data/labels/train/02-PAN-20250321-455-304-L00000000227-CCD13_4_crop6.txt,02-PAN-20250321-455-304-L00000000227-CCD13_4_crop6,76,4561b7f8624a0c0e44edf596ba639f96586bd8a251322692285edbd2585b3254,2,2,ok
train,shiyan/data/labels/train/02-PAN-20250321-455-304-L00000000227-CCD13_5_crop1.txt,02-PAN-20250321-455-304-L00000000227-CCD13_5_crop1,76,65109e429594759e706447dc15cb23ae924ca2243c385c7d1c06a1e3b4b26e5f,2,2,ok
train,shiyan/data/labels/train/02-PAN-20250321-455-304-L00000000227-CCD13_5_crop2.txt,02-PAN-20250321-455-304-L00000000227-CCD13_5_crop2,76,9d39ab212eb5ec9b81a705c59f801b295ff363c0d9e474921e3868a732a6fa66,2,2,ok
train,shiyan/data/labels/train/02-PAN-20250321-455-304-L00000000227-CCD13_5_crop3.txt,02-PAN-20250321-455-304-L00000000227-CCD13_5_crop3,37,ee3886308b53ec5f89dce323f9249867f2d53b2a6bc1e672d7d678ff73d2972e,1,1,ok
train,shiyan/data/labels/train/02-PAN-20250321-455-304-L00000000227-CCD14_4_crop1.txt,02-PAN-20250321-455-304-L00000000227-CCD14_4_crop1,76,10ae76b7e978129e83f34c78a1fb0ee6104cb9af89e5010e9884c9543d80204a,2,2,ok
train,shiyan/data/labels/train/02-PAN-20250321-455-304-L00000000227-CCD14_4_crop2.txt,02-PAN-20250321-455-304-L00000000227-CCD14_4_crop2,76,0f0dbf10ce0e2299eaf0b9d64604d97df97cc3742f826fc354754b41720d9e2d,2,2,ok
train,shiyan/data/labels/train/02-PAN-20250321-455-304-L00000000227-CCD14_5_crop1.txt,02-PAN-20250321-455-304-L00000000227-CCD14_5_crop1,37,19886212b4238453108e3749d8867607bef05ef9d8aa6cc69d2613b8f95ecd0c,1,1,ok
train,shiyan/data/labels/train/02-PAN-20250321-455-304-L00000000227-CCD15_4_crop1.txt,02-PAN-20250321-455-304-L00000000227-CCD15_4_crop1,115,172de769ae6c1d23a049ced9a1713f4723c6bcc100a59c37352faf3311d7e288,3,3,ok
train,shiyan/data/labels/train/02-PAN-20250321-455-304-L00000000227-CCD16_3_crop1.txt,02-PAN-20250321-455-304-L00000000227-CCD16_3_crop1,37,e6c27dfaf0765c76be85118be6b90894579faa90246746aab351c9783d412b73,1,1,ok
train,shiyan/data/labels/train/02-PAN-20250321-455-304-L00000000227-CCD16_4_crop1.txt,02-PAN-20250321-455-304-L00000000227-CCD16_4_crop1,76,ad7b969f70f1626e0237276acb2ac5122a9589354f37e8efe368e6142c54b506,2,2,ok
train,shiyan/data/labels/train/02-PAN-20250321-455-304-L00000000227-CCD17_3_crop1.txt,02-PAN-20250321-455-304-L00000000227-CCD17_3_crop1,115,7245aec26acc1c44a0184e29905c6568a7331f1faaf914c56720bdb9213d6d08,3,3,ok
train,shiyan/data/labels/train/02-PAN-20250321-455-304-L00000000227-CCD17_3_crop2.txt,02-PAN-20250321-455-304-L00000000227-CCD17_3_crop2,193,29b9aec58aaad7ec9d148f00e8f28525f53817b2270437c8a8fb67d3ff66d4e9,5,5,ok
train,shiyan/data/labels/train/02-PAN-20250321-455-304-L00000000227-CCD17_3_crop3.txt,02-PAN-20250321-455-304-L00000000227-CCD17_3_crop3,349,c0a2651ab052975a5955727f3e061cc641a07ecff15eb0cd6d3d17e18bbc00f1,9,9,ok
train,shiyan/data/labels/train/02-PAN-20250321-455-304-L00000000227-CCD17_3_crop4.txt,02-PAN-20250321-455-304-L00000000227-CCD17_3_crop4,154,b340486446f1c716a7d7eb2406b6b93d721c17fc472c0a2957f197e1306885aa,4,4,ok
train,shiyan/data/labels/train/02-PAN-20250321-455-304-L00000000227-CCD17_4_crop1.txt,02-PAN-20250321-455-304-L00000000227-CCD17_4_crop1,154,9cc762f088171c79eefa455d842db543479e4c83c7406876b3c8fcc37e3f5f96,4,4,ok
train,shiyan/data/labels/train/02-PAN-20250321-455-304-L00000000227-CCD17_4_crop3.txt,02-PAN-20250321-455-304-L00000000227-CCD17_4_crop3,193,73a9ff5ba2a6bf7f71fc25f524318167fde425dce11a3539392951b07172995d,5,5,ok
train,shiyan/data/labels/train/02-PAN-20250321-455-304-L00000000227-CCD17_4_crop4.txt,02-PAN-20250321-455-304-L00000000227-CCD17_4_crop4,37,b064999dadd078f4a9432fd6cafe67eadb873896540ae058a861a7a329bbfc47,1,1,ok
train,shiyan/data/labels/train/02-PAN-20250321-455-304-L00000000227-CCD17_6_crop1.txt,02-PAN-20250321-455-304-L00000000227-CCD17_6_crop1,37,f56fbb5db7c5a2471c44e75cab9bb3e867325d3f8e0b311696ebd27ee96f84da,1,1,ok
train,shiyan/data/labels/train/02-PAN-20250321-455-304-L00000000227-CCD18_2_crop2.txt,02-PAN-20250321-455-304-L00000000227-CCD18_2_crop2,76,9aa8d17874940d4133522b6deea57ff0e0b6e7cc5cf4a93a4d3bf816d4514119,2,2,ok
train,shiyan/data/labels/train/02-PAN-20250321-455-304-L00000000227-CCD18_2_crop3.txt,02-PAN-20250321-455-304-L00000000227-CCD18_2_crop3,37,672e32cc1518ef183e21d06bb69d30884c3e41bf23bcb528657489b427ba3861,1,1,ok
train,shiyan/data/labels/train/02-PAN-20250321-455-304-L00000000227-CCD18_3_crop1.txt,02-PAN-20250321-455-304-L00000000227-CCD18_3_crop1,37,2048a71303fe7b3384e42bdd30401ac88725448455250225af253e32b98e42ed,1,1,ok
train,shiyan/data/labels/train/02-PAN-20250321-455-304-L00000000227-CCD18_4_crop1.txt,02-PAN-20250321-455-304-L00000000227-CCD18_4_crop1,37,169b4385298a30ea94b8df406de09842b1097132a1b13f19ff11f00b46a4a7b4,1,1,ok
train,shiyan/data/labels/train/02-PAN-20250321-455-304-L00000000227-CCD7_2_crop1.txt,02-PAN-20250321-455-304-L00000000227-CCD7_2_crop1,76,1d2326eca85f022377957077d7d5e712fce8fd72a937f19417a5440990e5a425,2,2,ok
train,shiyan/data/labels/train/02-PAN-20250321-455-304-L00000000227-CCD7_2_crop2.txt,02-PAN-20250321-455-304-L00000000227-CCD7_2_crop2,37,e44864847ece197faf5137ae87963e733544dcf67f212da89f7d382b54736b7b,1,1,ok
train,shiyan/data/labels/train/02-PAN-20250321-455-304-L00000000227-CCD7_2_crop3.txt,02-PAN-20250321-455-304-L00000000227-CCD7_2_crop3,232,513547a5676585a68df5be79d7db665bb2a1d6e5123ef7c039de12c02f549ddd,6,6,ok
train,shiyan/data/labels/train/02-PAN-20250321-455-304-L00000000227-CCD7_2_crop4.txt,02-PAN-20250321-455-304-L00000000227-CCD7_2_crop4,76,ff21fb4cc15fd9c835b68cefeff12a5734c9e10dd60a2c3191bf248c2f9f24d1,2,2,ok
train,shiyan/data/labels/train/02-PAN-20250321-455-304-L00000000227-CCD7_3_crop2.txt,02-PAN-20250321-455-304-L00000000227-CCD7_3_crop2,115,82b6709cd9991a3a0b12cbaee904258b5185651ddb1f0eed6fb0726887e6e023,3,3,ok
train,shiyan/data/labels/train/02-PAN-20250321-455-304-L00000000227-CCD7_3_crop3.txt,02-PAN-20250321-455-304-L00000000227-CCD7_3_crop3,76,2a9a7b2dcb98cecc7c485a6c6028e6da2aedb762b2284e928b02b28d5c49720c,2,2,ok
train,shiyan/data/labels/train/02-PAN-20250321-455-304-L00000000227-CCD7_3_crop4.txt,02-PAN-20250321-455-304-L00000000227-CCD7_3_crop4,37,fa74058281f06af31ed091dee174fc679b989606d9ec71585c386ff091721156,1,1,ok
train,shiyan/data/labels/train/02-PAN-20250321-455-304-L00000000227-CCD7_4_crop1.txt,02-PAN-20250321-455-304-L00000000227-CCD7_4_crop1,37,c3ab4d251b66b6e5eeac322e97b42f1deac24775ee4b4fa4163a2f47c97fc8f6,1,1,ok
train,shiyan/data/labels/train/02-PAN-20250321-455-304-L00000000227-CCD7_5_crop1.txt,02-PAN-20250321-455-304-L00000000227-CCD7_5_crop1,37,776120884f73cd503f74a71ea5cd40411a29fbb6c5c4520a997bc9499ef2f3a0,1,1,ok
train,shiyan/data/labels/train/02-PAN-20250321-455-304-L00000000227-CCD7_5_crop2.txt,02-PAN-20250321-455-304-L00000000227-CCD7_5_crop2,37,8d83f7b1ed4dcd269c072f37b9e9032f97a7d4fd353b3b489dd5bd5be86f5a35,1,1,ok
train,shiyan/data/labels/train/02-PAN-20250321-455-304-L00000000227-CCD8_2_crop3.txt,02-PAN-20250321-455-304-L00000000227-CCD8_2_crop3,154,a58d9de5a096a31a57cfc515fd416b45f1cf63a359eb099fca61429f7d789520,4,4,ok
train,shiyan/data/labels/train/02-PAN-20250321-455-304-L00000000227-CCD8_2_crop4.txt,02-PAN-20250321-455-304-L00000000227-CCD8_2_crop4,115,4db09b8ea6258e49b363d0998e2ab7c8aaec331ad25239560b7bdf863357100a,3,3,ok
train,shiyan/data/labels/train/02-PAN-20250321-455-304-L00000000227-CCD8_2_crop6.txt,02-PAN-20250321-455-304-L00000000227-CCD8_2_crop6,154,560a665f1f49a87b1a404cf51a64f985c0af1a9184d584cd27dc110bb4913347,4,4,ok
train,shiyan/data/labels/train/02-PAN-20250321-455-304-L00000000227-CCD8_2_crop7.txt,02-PAN-20250321-455-304-L00000000227-CCD8_2_crop7,76,67697d43367a45e4fd66846cab5a977c68597e6d2de4e9d7b296b55eeb85b364,2,2,ok
train,shiyan/data/labels/train/02-PAN-20250321-455-304-L00000000227-CCD8_2_crop8.txt,02-PAN-20250321-455-304-L00000000227-CCD8_2_crop8,76,de68fa5822ddfee7605ea79a0398a7d4ea409f73126b6379b311dffd90d20b49,2,2,ok
train,shiyan/data/labels/train/02-PAN-20250321-455-304-L00000000227-CCD8_2_crop9.txt,02-PAN-20250321-455-304-L00000000227-CCD8_2_crop9,37,bb06900ad4b9b32700416059950ea093276d680d3a7baad1deb15d4674f10297,1,1,ok
train,shiyan/data/labels/train/02-PAN-20250321-455-304-L00000000227-CCD8_3_crop1.txt,02-PAN-20250321-455-304-L00000000227-CCD8_3_crop1,115,4fcc92b4b8bb6ee5d6b29c36686035ba814cc71939d4ebe6977053fbebcd97c6,3,3,ok
train,shiyan/data/labels/train/02-PAN-20250321-455-304-L00000000227-CCD8_3_crop2.txt,02-PAN-20250321-455-304-L00000000227-CCD8_3_crop2,115,06516d47bc912c81755c6bdfb988950115413d3cdd3dff4b2cade35faf90ca26,3,3,ok
train,shiyan/data/labels/train/02-PAN-20250321-455-304-L00000000227-CCD8_3_crop3.txt,02-PAN-20250321-455-304-L00000000227-CCD8_3_crop3,76,83c84d343a260722a70887fdb6de76d9103425b54c221cde2e09f697db72f791,2,2,ok
train,shiyan/data/labels/train/02-PAN-20250321-455-304-L00000000227-CCD8_4_crop1.txt,02-PAN-20250321-455-304-L00000000227-CCD8_4_crop1,76,032880443e0623e9803f49f5dbd1a48722d6ed48617b3d451bfdb1adbe692ac0,2,2,ok
train,shiyan/data/labels/train/02-PAN-20250321-455-304-L00000000227-CCD8_4_crop2.txt,02-PAN-20250321-455-304-L00000000227-CCD8_4_crop2,37,76d44bc249a6d37da04bd7bfecb3ea456c93cb58390edc9052cee3c0451cfed9,1,1,ok
train,shiyan/data/labels/train/02-PAN-20250321-455-304-L00000000227-CCD8_4_crop3.txt,02-PAN-20250321-455-304-L00000000227-CCD8_4_crop3,37,3ff8532bbe2fe9aa0cdff008d7fc7be50d0f5381f3672e17969cd509df917a47,1,1,ok
train,shiyan/data/labels/train/02-PAN-20250321-455-304-L00000000227-CCD8_4_crop6.txt,02-PAN-20250321-455-304-L00000000227-CCD8_4_crop6,76,056bd4bfb8371427c448615f1a440e43ae7a03a365dab24ef1c8ca0ae0124163,2,2,ok
train,shiyan/data/labels/train/02-PAN-20250321-455-304-L00000000227-CCD8_4_crop7.txt,02-PAN-20250321-455-304-L00000000227-CCD8_4_crop7,37,5a7019435ad0f696a0290ec0c905431572db3b15b8dab8950ebe07f6a1213ce4,1,1,ok
train,shiyan/data/labels/train/02-PAN-20250321-455-304-L00000000227-CCD8_4_crop8.txt,02-PAN-20250321-455-304-L00000000227-CCD8_4_crop8,37,acca9b51b040790ae995efc9cee754cfe743dee0c97f1b703a14aa09f684a55e,1,1,ok
train,shiyan/data/labels/train/02-PAN-20250321-455-304-L00000000227-CCD8_5_crop1.txt,02-PAN-20250321-455-304-L00000000227-CCD8_5_crop1,37,83f25f12ac2c11eae73a9ca01dede2f0bf810c41e946539141cf5056e075aa36,1,1,ok
train,shiyan/data/labels/train/02-PAN-20250321-455-304-L00000000227-CCD9_4_crop1.txt,02-PAN-20250321-455-304-L00000000227-CCD9_4_crop1,154,97391cca295288ee9bb59d4c1ae0e162f9139c0c51bd61277d7668f2b209701e,4,4,ok
train,shiyan/data/labels/train/02-PAN-20250321-455-304-L00000000227-CCD9_4_crop2.txt,02-PAN-20250321-455-304-L00000000227-CCD9_4_crop2,154,b0eb185d3d484d38b4105bc3bdfb72fcd81002ce769e03ffb024ec1dc82f0652,4,4,ok
train,shiyan/data/labels/train/02-PAN-20250321-455-304-L00000000227-CCD9_4_crop4.txt,02-PAN-20250321-455-304-L00000000227-CCD9_4_crop4,37,c14c1a4d51ca2cd9efd063e39f7ce4ad44bb4721519c0faf228e5cbb411b4890,1,1,ok
train,shiyan/data/labels/train/02-PAN-20250321-455-304-L00000000227-CCD9_4_crop7.txt,02-PAN-20250321-455-304-L00000000227-CCD9_4_crop7,76,e8d7869582cb5d9af1f407f8d5aa90b001f145da16e6c165e99cbb5dbfe00611,2,2,ok
train,shiyan/data/labels/train/02-PAN-20250323-442-300-L00000000284-CCD2_5_crop1.txt,02-PAN-20250323-442-300-L00000000284-CCD2_5_crop1,115,4cd4d0d7212cdd399ce95286b38d6e53338d0f2d325e610b2ea505f900a145f8,3,3,ok
train,shiyan/data/labels/train/02-PAN-20250323-442-300-L00000000284-CCD2_5_crop2.txt,02-PAN-20250323-442-300-L00000000284-CCD2_5_crop2,37,56842b1f2bb9ff6853d8020d6d311e4e78340a074d592110c73d8fb9af1d6cff,1,1,ok
train,shiyan/data/labels/train/02-PAN-20250323-442-300-L00000000284-CCD2_5_crop3.txt,02-PAN-20250323-442-300-L00000000284-CCD2_5_crop3,76,18733bd3e2f8702c73219b1208e24801e422a550c46809900c04fcb45afb8d49,2,2,ok
train,shiyan/data/labels/train/02-PAN-20250323-442-300-L00000000284-CCD6_6_crop1.txt,02-PAN-20250323-442-300-L00000000284-CCD6_6_crop1,115,750049fdb789dbda0f65214f85c4af2f2793d0f81295d646b707bdf2fe2254f6,3,3,ok
train,shiyan/data/labels/train/02-PAN-20250323-442-300-L00000000284-CCD6_6_crop2.txt,02-PAN-20250323-442-300-L00000000284-CCD6_6_crop2,115,6b60f440f3a283087ff3c28651ec7192aa36755c4e70a2d00e946e1c12382919,3,3,ok
train,shiyan/data/labels/train/02-PAN-20250323-442-301-L00000000285-CCD5_3_crop1.txt,02-PAN-20250323-442-301-L00000000285-CCD5_3_crop1,37,c7b308be195c1007356adb8ff5ca068620ef194656c0cfdc8d5d0727509548e5,1,1,ok
train,shiyan/data/labels/train/02-PAN-20250323-442-301-L00000000285-CCD5_4_crop1.txt,02-PAN-20250323-442-301-L00000000285-CCD5_4_crop1,37,bc6a41022b47333106b2874fc2f4f0669b16c57de7171c4f73bf70593979f5e8,1,1,ok
train,shiyan/data/labels/train/02-PAN-20250323-442-301-L00000000285-CCD6_2_crop1.txt,02-PAN-20250323-442-301-L00000000285-CCD6_2_crop1,76,2cb75736940ae89af16da3461a177d5a801f071d3be32541f01e1136e16a5c06,2,2,ok
train,shiyan/data/labels/train/02-PAN-20250323-442-301-L00000000285-CCD6_2_crop2.txt,02-PAN-20250323-442-301-L00000000285-CCD6_2_crop2,37,c5e996b3c949621bf25ff8aa38c3672905013606b997a3d25aa297ca1aab379c,1,1,ok
train,shiyan/data/labels/train/02-PAN-20250323-442-301-L00000000285-CCD6_2_crop3.txt,02-PAN-20250323-442-301-L00000000285-CCD6_2_crop3,76,10e1ce21decf1174bfa0532f2eeb8dbe69132ed8230649f5db54f6d583e45fd6,2,2,ok
train,shiyan/data/labels/train/02-PAN-20250323-442-301-L00000000285-CCD6_2_crop4.txt,02-PAN-20250323-442-301-L00000000285-CCD6_2_crop4,76,b02d9686ff4e5bf86d0957b71987b233cbdbe482bad9e25a4752cc8a6d482886,2,2,ok
train,shiyan/data/labels/train/02-PAN-20250323-442-301-L00000000285-CCD6_2_crop5.txt,02-PAN-20250323-442-301-L00000000285-CCD6_2_crop5,37,98a5f17c26cbf8e37261f50e788464b5a1f5e6eddd2357adf9ca4082d37d35a6,1,1,ok
train,shiyan/data/labels/train/02-PAN-20250323-442-301-L00000000285-CCD6_2_crop6.txt,02-PAN-20250323-442-301-L00000000285-CCD6_2_crop6,37,3ce361bde07f5d43588997d174e3d048c0699ab8a29781760f38ba9eb4a3e874,1,1,ok
train,shiyan/data/labels/train/02-PAN-20250323-442-301-L00000000285-CCD6_2_crop8.txt,02-PAN-20250323-442-301-L00000000285-CCD6_2_crop8,115,0f42994d48810ec84e8056f04a8b0bf459d9e83fdd01cabb5268fd39585be4bb,3,3,ok
train,shiyan/data/labels/train/02-PAN-20250323-442-301-L00000000285-CCD6_2_crop9.txt,02-PAN-20250323-442-301-L00000000285-CCD6_2_crop9,37,ac7d2eb23a398e6ddd3302ee12cbf6e5f96b13d181f03d2bbbcefef464331126,1,1,ok
train,shiyan/data/labels/train/02-PAN-20250323-442-301-L00000000285-CCD6_3_crop1.txt,02-PAN-20250323-442-301-L00000000285-CCD6_3_crop1,76,0b0ca0bf0cea665048498243d858b780c894d94679592f3b74940f31881e4fc2,2,2,ok
train,shiyan/data/labels/train/02-PAN-20250323-442-301-L00000000285-CCD6_3_crop2.txt,02-PAN-20250323-442-301-L00000000285-CCD6_3_crop2,115,ee41efcb13ea986145b7436441df700234bb02615d4fe1ad74013c3d424a9610,3,3,ok
train,shiyan/data/labels/train/02-PAN-20250323-442-301-L00000000285-CCD6_3_crop4.txt,02-PAN-20250323-442-301-L00000000285-CCD6_3_crop4,37,3c0456fa88516a4d8918ef7ab3553070fdfbf69c29770b2fec263dfd10e336f3,1,1,ok
train,shiyan/data/labels/train/02-PAN-20250323-442-301-L00000000285-CCD6_3_crop5.txt,02-PAN-20250323-442-301-L00000000285-CCD6_3_crop5,115,d792fb04f79e62de8d628947e14e04f584f24a899d1725cc208851399681bcb8,3,3,ok
train,shiyan/data/labels/train/02-PAN-20250323-442-301-L00000000285-CCD6_5_crop1.txt,02-PAN-20250323-442-301-L00000000285-CCD6_5_crop1,115,6c10c2d8ab25d2d29026c757fd4e40c03797df4574a29fa7f1b0102dd69491a2,3,3,ok
train,shiyan/data/labels/train/02-PAN-20250323-442-301-L00000000285-CCD6_5_crop2.txt,02-PAN-20250323-442-301-L00000000285-CCD6_5_crop2,37,8be841a6034f963c0bbd34b3138f027f449a7dc639490dd2f2357b705c939696,1,1,ok
train,shiyan/data/labels/train/02-PAN-20250323-442-301-L00000000285-CCD6_5_crop3.txt,02-PAN-20250323-442-301-L00000000285-CCD6_5_crop3,37,4902eb44cde7745be684cdd2a133f5d0e0691b1788c2267c08290859ffe50bc6,1,1,ok
train,shiyan/data/labels/train/02-PAN-20250323-442-301-L00000000285-CCD6_5_crop4.txt,02-PAN-20250323-442-301-L00000000285-CCD6_5_crop4,37,a0d3818c5f6a4994d662e39890539a208a43940826033b452f09538569f43249,1,1,ok
train,shiyan/data/labels/train/02-PAN-20250323-442-301-L00000000285-CCD7_6_crop1.txt,02-PAN-20250323-442-301-L00000000285-CCD7_6_crop1,76,8724eea60dd52f6f8aea1202bcf5dfa6656a01b5486c12f4c4a2ee48007a720d,2,2,ok
train,shiyan/data/labels/train/02-PAN-20250323-442-301-L00000000285-CCD7_6_crop2.txt,02-PAN-20250323-442-301-L00000000285-CCD7_6_crop2,37,89b609b2a1d2de827cc67493d73d40413ef3b95d5017a9bc183f546462311fb4,1,1,ok
train,shiyan/data/labels/train/02-PAN-20250323-442-302-L00000000286-CCD3_3_crop1.txt,02-PAN-20250323-442-302-L00000000286-CCD3_3_crop1,37,bf443146fd91cd08dc5a73f98faec6ea69661c0274ff64464bf2d6131ea2f041,1,1,ok
train,shiyan/data/labels/train/02-PAN-20250323-442-302-L00000000286-CCD3_3_crop2.txt,02-PAN-20250323-442-302-L00000000286-CCD3_3_crop2,37,a4976f4c7bce7a138fcff522b2eb1f678681d1283a067a3c025c7ab61b67984a,1,1,ok
train,shiyan/data/labels/train/02-PAN-20250323-442-302-L00000000286-CCD3_4_crop1.txt,02-PAN-20250323-442-302-L00000000286-CCD3_4_crop1,115,233e2b1b711677b1806552a69242197c24040ee901752f12631c76c3366f28e6,3,3,ok
train,shiyan/data/labels/train/02-PAN-20250323-442-302-L00000000286-CCD4_2_crop1.txt,02-PAN-20250323-442-302-L00000000286-CCD4_2_crop1,37,2fc66483e04e8926c8da1fec26aed6083f9d96cfb987e1b1cfcebc0fa4d79ee4,1,1,ok
train,shiyan/data/labels/train/02-PAN-20250323-442-302-L00000000286-CCD4_2_crop2.txt,02-PAN-20250323-442-302-L00000000286-CCD4_2_crop2,37,dab4208a8ce41e4a026800251774ae37d3ba45e292ce48ffbd1260a884783c50,1,1,ok
train,shiyan/data/labels/train/02-PAN-20250323-442-302-L00000000286-CCD4_6_crop1.txt,02-PAN-20250323-442-302-L00000000286-CCD4_6_crop1,37,f9f5949a695d1a4d67ef7c44b231c3b7a9a2d3b04949d30d0055b1e70db85cb5,1,1,ok
train,shiyan/data/labels/train/02-PAN-20250323-442-302-L00000000286-CCD5_1_crop1.txt,02-PAN-20250323-442-302-L00000000286-CCD5_1_crop1,37,2edb2c94bc26c02dd8b524268c14746ec83b6e26cdf0eb16b52e88bf2190561e,1,1,ok
train,shiyan/data/labels/train/02-PAN-20250323-442-302-L00000000286-CCD5_1_crop2.txt,02-PAN-20250323-442-302-L00000000286-CCD5_1_crop2,37,bf88f9a3f55406cfe9ea26ed47cb8a8ebfbfdf80dfa33bfe219315dfd2db1925,1,1,ok
train,shiyan/data/labels/train/02-PAN-20250323-442-302-L00000000286-CCD6_6_crop1.txt,02-PAN-20250323-442-302-L00000000286-CCD6_6_crop1,76,12a1eea98f4b91c88985b791a533a9ca244c9f3c89e98b3b1d8afe740bfa0e3b,2,2,ok
train,shiyan/data/labels/train/02-PAN-20250323-442-302-L00000000286-CCD6_6_crop2.txt,02-PAN-20250323-442-302-L00000000286-CCD6_6_crop2,154,1c764abd14075513c9c6e709ece2e04328631e2450c10d17af82e461b3b5276e,4,4,ok
train,shiyan/data/labels/train/02-PAN-20250323-442-302-L00000000286-CCD7_2_crop1.txt,02-PAN-20250323-442-302-L00000000286-CCD7_2_crop1,37,ddc2033a5ea702977e75c9450498ee47166f6a5b2bcc837e54ecb7f7395e7c6e,1,1,ok
train,shiyan/data/labels/train/02-PAN-20250323-442-302-L00000000286-CCD7_2_crop2.txt,02-PAN-20250323-442-302-L00000000286-CCD7_2_crop2,76,43bd5e70dc50f1ace204eae317b4ac037cdb086714afd68f15b538d0dbfda3e1,2,2,ok
train,shiyan/data/labels/train/02-PAN-20250323-442-302-L00000000286-CCD7_2_crop3.txt,02-PAN-20250323-442-302-L00000000286-CCD7_2_crop3,37,1a87200e7595cc8e5c7a746b1a8f97c64a213e53afdc74964b40c52b5fb999b5,1,1,ok
train,shiyan/data/labels/train/02-PAN-20250323-442-302-L00000000286-CCD7_2_crop4.txt,02-PAN-20250323-442-302-L00000000286-CCD7_2_crop4,37,a53e9f9f31fa5dffc21285c4f7bca08676b250ebc01c1229f94030cdeb1b00f6,1,1,ok
train,shiyan/data/labels/train/02-PAN-20250323-442-302-L00000000286-CCD7_2_crop5.txt,02-PAN-20250323-442-302-L00000000286-CCD7_2_crop5,37,c3018359879675db01e195a94662d664540fe2ed758319f2877a27d9155fa247,1,1,ok
train,shiyan/data/labels/train/02-PAN-20250323-442-302-L00000000286-CCD7_2_crop6.txt,02-PAN-20250323-442-302-L00000000286-CCD7_2_crop6,37,ca77221f90a9efaa85f1035ad02ad9542e5acb54aab776f41802866dd3cc170c,1,1,ok
train,shiyan/data/labels/train/02-PAN-20250323-442-302-L00000000286-CCD7_2_crop7.txt,02-PAN-20250323-442-302-L00000000286-CCD7_2_crop7,76,8e81100a1b4dad7837e1372c5e5aa0db65ae6db35f9034643eee011bf46beae9,2,2,ok
train,shiyan/data/labels/train/02-PAN-20250323-442-302-L00000000286-CCD7_2_crop8.txt,02-PAN-20250323-442-302-L00000000286-CCD7_2_crop8,37,e1a75569fb6a8a33317bcb800c67f1c74074d5698759007e656a936b27bdc2f1,1,1,ok
train,shiyan/data/labels/train/02-PAN-20250323-442-302-L00000000286-CCD7_2_crop9.txt,02-PAN-20250323-442-302-L00000000286-CCD7_2_crop9,37,efe44b31baa1335cefb0357c603113a3eb4fab1dcecbf229a709c40304452645,1,1,ok
train,shiyan/data/labels/train/02-PAN-20250323-442-302-L00000000286-CCD7_3_crop1.txt,02-PAN-20250323-442-302-L00000000286-CCD7_3_crop1,37,d7fe375131704d66d94b85e6ac0ee2fe3c17d5e0cd46095d78010b3651b97db8,1,1,ok
train,shiyan/data/labels/train/02-PAN-20250323-442-302-L00000000286-CCD7_3_crop2.txt,02-PAN-20250323-442-302-L00000000286-CCD7_3_crop2,154,44396028f7500d8e728ac54e0be203d5b9e56f9c0547ba32bbd24bc715282ff7,4,4,ok
train,shiyan/data/labels/train/02-PAN-20250323-442-302-L00000000286-CCD7_3_crop3.txt,02-PAN-20250323-442-302-L00000000286-CCD7_3_crop3,232,c7f7fbea3c49931b2739892cdff8ea192394f5a49a18f991d527f308ec1e5c66,6,6,ok
train,shiyan/data/labels/train/02-PAN-20250323-442-302-L00000000286-CCD7_3_crop4.txt,02-PAN-20250323-442-302-L00000000286-CCD7_3_crop4,37,254697fb20046d657105c9380d9cca8dfd12dafa58bb2964b7a17fceac95895d,1,1,ok
train,shiyan/data/labels/train/02-PAN-20250323-442-302-L00000000286-CCD7_3_crop6.txt,02-PAN-20250323-442-302-L00000000286-CCD7_3_crop6,76,8013e93550323fda119335444db8f21a2ad8cd12b68df51de0c551c7bf1da1b1,2,2,ok
train,shiyan/data/labels/train/02-PAN-20250323-442-302-L00000000286-CCD7_3_crop7.txt,02-PAN-20250323-442-302-L00000000286-CCD7_3_crop7,37,4062103d7858cf295596f6ece599c1600eead6c2d26c84462e2e2ebd91a7bd3f,1,1,ok
train,shiyan/data/labels/train/02-PAN-20250323-442-302-L00000000286-CCD7_3_crop8.txt,02-PAN-20250323-442-302-L00000000286-CCD7_3_crop8,37,ea64864f7ef2ef4cefebfc95548757ad364e3bc438a8bc2fb64e6e4d8154ab06,1,1,ok
train,shiyan/data/labels/train/02-PAN-20250323-442-302-L00000000286-CCD7_3_crop9.txt,02-PAN-20250323-442-302-L00000000286-CCD7_3_crop9,37,e501cbe1eb37029d72b808723aff77017509f9b50e8c543e91415567298ae4c3,1,1,ok
train,shiyan/data/labels/train/02-PAN-20250323-442-302-L00000000286-CCD7_4_crop10.txt,02-PAN-20250323-442-302-L00000000286-CCD7_4_crop10,37,977549fb206db5302def73722d29cc7ef7dade57c5ea948d6e1c135190cdd80c,1,1,ok
train,shiyan/data/labels/train/02-PAN-20250323-442-302-L00000000286-CCD7_4_crop3.txt,02-PAN-20250323-442-302-L00000000286-CCD7_4_crop3,37,6ff3b29c45202653ba7e54f208eb09965d82b8f3e5bdcbf85da3ebc99ffa8f39,1,1,ok
train,shiyan/data/labels/train/02-PAN-20250323-442-302-L00000000286-CCD7_4_crop4.txt,02-PAN-20250323-442-302-L00000000286-CCD7_4_crop4,37,5e17dca2bbb96ec9576c7b710f2f36beaf94dd2129f8bd93fc3866e8f8019161,1,1,ok
train,shiyan/data/labels/train/02-PAN-20250323-442-302-L00000000286-CCD7_4_crop5.txt,02-PAN-20250323-442-302-L00000000286-CCD7_4_crop5,37,799dee27c1f856a8a955b8f4d9abd03743041fb7c1b672dfabcbb93264bb2460,1,1,ok
train,shiyan/data/labels/train/02-PAN-20250323-442-302-L00000000286-CCD7_4_crop6.txt,02-PAN-20250323-442-302-L00000000286-CCD7_4_crop6,76,003ee5b7161481414ac276a47e10cf4c0808f465ebc75b25eaa541214a3a0c56,2,2,ok
train,shiyan/data/labels/train/02-PAN-20250323-442-302-L00000000286-CCD7_4_crop8.txt,02-PAN-20250323-442-302-L00000000286-CCD7_4_crop8,37,460ead08b81523ca5e59b56dec68b3c5306c84128cf5caeefac396018ed10f80,1,1,ok
train,shiyan/data/labels/train/02-PAN-20250323-442-302-L00000000286-CCD7_4_crop9.txt,02-PAN-20250323-442-302-L00000000286-CCD7_4_crop9,37,099a4605929c9dfd7b6a9b65cbda97f408c4f7dba89ee3861ac1c85cf64ef65f,1,1,ok
train,shiyan/data/labels/train/02-PAN-20250323-442-302-L00000000286-CCD7_5_crop1.txt,02-PAN-20250323-442-302-L00000000286-CCD7_5_crop1,76,ebce96d551376a3fe06254f703efd4c3d114ac75e2af0b75cae0687efba69e07,2,2,ok
train,shiyan/data/labels/train/02-PAN-20250323-442-302-L00000000286-CCD7_5_crop2.txt,02-PAN-20250323-442-302-L00000000286-CCD7_5_crop2,37,1e2d826419e52065c43e3c316383110048616b3ad1c6fbbc310e6b84adae61b4,1,1,ok
train,shiyan/data/labels/train/02-PAN-20250323-442-302-L00000000286-CCD7_5_crop3.txt,02-PAN-20250323-442-302-L00000000286-CCD7_5_crop3,37,97b78a0a485709d3e9730862ba405bcd0ad2460c27cc91618cdf0c7ab089f80c,1,1,ok
train,shiyan/data/labels/train/02-PAN-20250323-442-302-L00000000286-CCD7_6_crop1.txt,02-PAN-20250323-442-302-L00000000286-CCD7_6_crop1,115,34339d33532713c63b109e5effbb66723601933a036058768f909f019fe558f6,3,3,ok
train,shiyan/data/labels/train/02-PAN-20250323-442-302-L00000000286-CCD7_6_crop2.txt,02-PAN-20250323-442-302-L00000000286-CCD7_6_crop2,193,0cc84859a3a1c5cc2f560377e97be24fb4ec78ae8aed00f7a26053fe2adc5e3f,5,5,ok
train,shiyan/data/labels/train/02-PAN-20250323-442-302-L00000000286-CCD8_2_crop3.txt,02-PAN-20250323-442-302-L00000000286-CCD8_2_crop3,37,95bf849a0eb94c7e3baf59f8e6375a61bef444cadb87af8b5bc7436802333bc9,1,1,ok
train,shiyan/data/labels/train/02-PAN-20250323-442-303-L00000000287-CCD6_2_crop1.txt,02-PAN-20250323-442-303-L00000000287-CCD6_2_crop1,310,40f6a4e6c61dd3b1e366778349fb66bc249fcd310c3a1c1dbacb1d66ef5cc020,8,8,ok
train,shiyan/data/labels/train/02-PAN-20250323-442-303-L00000000287-CCD6_2_crop2.txt,02-PAN-20250323-442-303-L00000000287-CCD6_2_crop2,193,f99eb861ff7ebcdd04e69fc16554017c412a1a0a0293bf06d6d042b15009a87a,5,5,ok
train,shiyan/data/labels/train/02-PAN-20250323-442-303-L00000000287-CCD6_2_crop3.txt,02-PAN-20250323-442-303-L00000000287-CCD6_2_crop3,37,789fa6f1a9a74c15eaf0aea93bd7569b5308b5c4d122f84ae25b15f7d5373a55,1,1,ok
train,shiyan/data/labels/train/02-PAN-20250323-442-303-L00000000287-CCD7_1_crop1.txt,02-PAN-20250323-442-303-L00000000287-CCD7_1_crop1,37,4d8068811dda99d5c207590955515bdf0aac97bb75f6ffc5597c7a56215eba85,1,1,ok
train,shiyan/data/labels/train/02-PAN-20250323-442-303-L00000000287-CCD7_2_crop1.txt,02-PAN-20250323-442-303-L00000000287-CCD7_2_crop1,154,e867f4d1725e65a931b62a604c8617203ad9d62c1b01c001c9bd11860bb8338a,4,4,ok
train,shiyan/data/labels/train/02-PAN-20250324-468-372-L00000000371-CCD16_3_crop2.txt,02-PAN-20250324-468-372-L00000000371-CCD16_3_crop2,37,01366be890f828f43b565c51f15418769df09fee75ecb94a607dbba842f2ac98,1,1,ok
train,shiyan/data/labels/train/02-PAN-20250324-468-373-L00000000372-CCD16_2_crop1.txt,02-PAN-20250324-468-373-L00000000372-CCD16_2_crop1,37,7f2f6ef34c782b8f2f9d0689820e49424effe2e7a2c056502389c31d28654848,1,1,ok
train,shiyan/data/labels/train/02-PAN-20250324-468-373-L00000000372-CCD23_3_crop1.txt,02-PAN-20250324-468-373-L00000000372-CCD23_3_crop1,37,15f674f6b7d42856fe2cdc8a8ce659926b512a026cce276e618dba665aba8e9d,1,1,ok
train,shiyan/data/labels/train/02-PAN-20250325-081-360-L00000000455-CCD15_6_crop1.txt,02-PAN-20250325-081-360-L00000000455-CCD15_6_crop1,37,7da3d0a059d251015d2a99646c1a3bc1969c0a33e171afbce37b72f7d2ed5604,1,1,ok
train,shiyan/data/labels/train/02-PAN-20250325-081-360-L00000000455-CCD15_6_crop3.txt,02-PAN-20250325-081-360-L00000000455-CCD15_6_crop3,154,2b5e0199d6cd2700f780ee5065bdde4840c8ce629e76bef5f9d9db67e0b6f617,4,4,ok
train,shiyan/data/labels/train/02-PAN-20250325-081-360-L00000000455-CCD15_6_crop4.txt,02-PAN-20250325-081-360-L00000000455-CCD15_6_crop4,37,75cbe33dcab6f5a67e5d42f0a334b2cf6127556c99c2f77ce5bd1e9cf2feabed,1,1,ok
train,shiyan/data/labels/train/02-PAN-20250325-081-361-L00000000456-CCD15_1_crop1.txt,02-PAN-20250325-081-361-L00000000456-CCD15_1_crop1,232,8275f5e460df6d9b8ec86185d5b62d19c1840ada8fdee0da3dbb91343897219b,6,6,ok
train,shiyan/data/labels/train/02-PAN-20250325-081-361-L00000000456-CCD15_1_crop2.txt,02-PAN-20250325-081-361-L00000000456-CCD15_1_crop2,37,a61898367ba1f1333532151ad0cf4ac375977f7b6b0b5e29312a92bb77ecb12c,1,1,ok
train,shiyan/data/labels/train/02-PAN-20250325-081-361-L00000000456-CCD15_1_crop3.txt,02-PAN-20250325-081-361-L00000000456-CCD15_1_crop3,37,359f31ceee0d39f14787d0e81e8864f69caab09fe179b3116fb065379eed9723,1,1,ok
train,shiyan/data/labels/train/02-PAN-20250325-081-361-L00000000456-CCD15_3_crop1.txt,02-PAN-20250325-081-361-L00000000456-CCD15_3_crop1,37,aeaa87e410e23947340f46dedf97b8492d26323261c546539c1af667bab0ffe3,1,1,ok
train,shiyan/data/labels/train/02-PAN-20250325-081-361-L00000000456-CCD15_3_crop3.txt,02-PAN-20250325-081-361-L00000000456-CCD15_3_crop3,37,d189c35a5b917e01effaaf34be2fb5c788897da3b517557ab22c2724b2baf136,1,1,ok
train,shiyan/data/labels/train/02-PAN-20250325-081-361-L00000000456-CCD15_4_crop1.txt,02-PAN-20250325-081-361-L00000000456-CCD15_4_crop1,37,b259251cdd76a2771a30a49ba6c9d4bcd245cf2f2f7338cbfa59ab6b88fe5972,1,1,ok
train,shiyan/data/labels/train/02-PAN-20250325-081-361-L00000000456-CCD15_5_crop1.txt,02-PAN-20250325-081-361-L00000000456-CCD15_5_crop1,37,1793a9dd97367265d0be868017b3488680587a17c383b3801bb09b1aff847aea,1,1,ok
train,shiyan/data/labels/train/02-PAN-20250325-081-361-L00000000456-CCD16_4_crop2.txt,02-PAN-20250325-081-361-L00000000456-CCD16_4_crop2,37,82e84dda4210dabcb40b6909b3999c1a133aa75be85a4dc4c06f86f343a19f12,1,1,ok
train,shiyan/data/labels/train/02-PAN-20250325-081-361-L00000000456-CCD16_4_crop3.txt,02-PAN-20250325-081-361-L00000000456-CCD16_4_crop3,76,22453fa3a6f075e77702f3575908424f65c5dcf92812d4c07cb253533b576076,2,2,ok
train,shiyan/data/labels/train/02-PAN-20250325-462-360-L00000000422-CCD12_2_crop2.txt,02-PAN-20250325-462-360-L00000000422-CCD12_2_crop2,37,b20c780734836cc8cf8d849e1723d37e4b9dbe6d4bf75ec9e49f231d862703dd,1,1,ok
train,shiyan/data/labels/train/02-PAN-20250325-462-360-L00000000422-CCD12_2_crop3.txt,02-PAN-20250325-462-360-L00000000422-CCD12_2_crop3,76,603618d50d6d0a8303576d47624988bcd68c4b265a524ce7536fff88dc624455,2,2,ok
train,shiyan/data/labels/train/02-PAN-20250325-462-360-L00000000422-CCD12_2_crop4.txt,02-PAN-20250325-462-360-L00000000422-CCD12_2_crop4,76,abf2a9c93b77d3072e314f8ece18e3d1edc7ca55a131e514f23533ac26a2e970,2,2,ok
train,shiyan/data/labels/train/02-PAN-20250325-462-360-L00000000422-CCD12_2_crop5.txt,02-PAN-20250325-462-360-L00000000422-CCD12_2_crop5,115,4cd1ff28a84becf5272bb60e4abe52bff351f79902b418b20fce60c35485cb53,3,3,ok
train,shiyan/data/labels/train/02-PAN-20250325-462-360-L00000000422-CCD12_3_crop2.txt,02-PAN-20250325-462-360-L00000000422-CCD12_3_crop2,37,651c0b91431786afb4ea6d5e55c856cc135ed130fd3bf8a77b8630a0d1ddd3b1,1,1,ok
train,shiyan/data/labels/train/02-PAN-20250325-462-360-L00000000422-CCD12_3_crop3.txt,02-PAN-20250325-462-360-L00000000422-CCD12_3_crop3,37,38753795806e848001a943484f6de588d49c686d6f478bcebcdcf1cfbbb7d6e4,1,1,ok
train,shiyan/data/labels/train/02-PAN-20250325-462-360-L00000000422-CCD21_4_crop2.txt,02-PAN-20250325-462-360-L00000000422-CCD21_4_crop2,76,5eb295efbb5c6e1558d09d629010e5259f5c3b3073680b18eb620d71458b5b5f,2,2,ok
train,shiyan/data/labels/train/02-PAN-20250325-462-360-L00000000422-CCD21_4_crop3.txt,02-PAN-20250325-462-360-L00000000422-CCD21_4_crop3,37,cf90818379715cc2861923a41ce41cfd9a7b832250685954cc657a5daccf6a1a,1,1,ok
train,shiyan/data/labels/train/02-PAN-20250325-462-360-L00000000422-CCD22_4_crop1.txt,02-PAN-20250325-462-360-L00000000422-CCD22_4_crop1,37,d33b1fcd109b45e45aaaa803cf3578f3ac0def5d3bf25de1fff876ca4050864f,1,1,ok
train,shiyan/data/labels/train/02-PAN-20250326-108-335-L00000000593-CCD19_4_crop2.txt,02-PAN-20250326-108-335-L00000000593-CCD19_4_crop2,37,592dcf9093130525e2f2d87e82f61b0b47bdd6cafa37d87ce465bbf4601310ac,1,1,ok
train,shiyan/data/labels/train/02-PAN-20250326-108-335-L00000000593-CCD19_5_crop1.txt,02-PAN-20250326-108-335-L00000000593-CCD19_5_crop1,37,97ef4a6d137e266fd2916b0bac1d338b2970d21c9c61c3e17c4f8626294fc7d5,1,1,ok
train,shiyan/data/labels/train/02-PAN-20250326-108-335-L00000000593-CCD20_3_crop1.txt,02-PAN-20250326-108-335-L00000000593-CCD20_3_crop1,37,aac2e646349063899d01e935bcbb66a991dc4947c28857479f3798154051c630,1,1,ok
train,shiyan/data/labels/train/02-PAN-20250326-108-335-L00000000593-CCD20_3_crop2.txt,02-PAN-20250326-108-335-L00000000593-CCD20_3_crop2,37,1ea499d4e550ef664db8b3d1d33861d8e0eae1c9155436fddb88aacd53913e37,1,1,ok
train,shiyan/data/labels/train/02-PAN-20250326-108-335-L00000000593-CCD20_3_crop3.txt,02-PAN-20250326-108-335-L00000000593-CCD20_3_crop3,37,573cd50493ddccaaba6714f1118832417672a2ec17e51ff82f5d96826de04c22,1,1,ok
train,shiyan/data/labels/train/02-PAN-20250327-133-317-L00000000542-CCD32_4_crop1.txt,02-PAN-20250327-133-317-L00000000542-CCD32_4_crop1,115,19d047998577806d31f52ec071606a16cbd65afefa42596b8d87c2f36271f2a2,3,3,ok
train,shiyan/data/labels/train/02-PAN-20250327-133-317-L00000000542-CCD32_4_crop2.txt,02-PAN-20250327-133-317-L00000000542-CCD32_4_crop2,37,119e2ae795d5f9bc5f90bc707ba6ea32a96f9f5dd3fc73fb9b8a18fc8fbbf681,1,1,ok
train,shiyan/data/labels/train/02-PAN-20250329-087-336-L00000000675-CCD18_6_crop1.txt,02-PAN-20250329-087-336-L00000000675-CCD18_6_crop1,37,8534a549ca7e64c790bbc3e4d84cbaf60f5b822d8eb49aea4e1dd3d646861f74,1,1,ok
train,shiyan/data/labels/train/02-PAN-20250329-087-337-L00000000676-CCD11_6_crop1.txt,02-PAN-20250329-087-337-L00000000676-CCD11_6_crop1,37,152ff25d8ab60ce12434243210d7258753b8c47ed792d62e420d0eb361eec8d1,1,1,ok
train,shiyan/data/labels/train/02-PAN-20250329-087-337-L00000000676-CCD17_1_crop1.txt,02-PAN-20250329-087-337-L00000000676-CCD17_1_crop1,37,33a33bdfe4bcc638dc405d30521b4f5ae93cc77341580d05dac378261732d932,1,1,ok
train,shiyan/data/labels/train/02-PAN-20250329-087-337-L00000000676-CCD18_1_crop2.txt,02-PAN-20250329-087-337-L00000000676-CCD18_1_crop2,37,842858d0eb55857721a1f38e93d4e67067672a180f20c848bf7761b77fa86048,1,1,ok
train,shiyan/data/labels/train/02-PAN-20250329-087-338-L00000000677-CCD10_3_crop1.txt,02-PAN-20250329-087-338-L00000000677-CCD10_3_crop1,37,bf9bbbdbf2d4d57f7f0bffb9e52a36b025031c7b271315c78f19daa6021ddbb1,1,1,ok
train,shiyan/data/labels/train/02-PAN-20250329-087-338-L00000000677-CCD10_4_crop1.txt,02-PAN-20250329-087-338-L00000000677-CCD10_4_crop1,37,952be9d8c699e4b352291c1a607ab43a8e48ede502392e81a54d2edb1cc53399,1,1,ok
train,shiyan/data/labels/train/02-PAN-20250329-087-338-L00000000677-CCD10_4_crop2.txt,02-PAN-20250329-087-338-L00000000677-CCD10_4_crop2,76,20ed9761f3fa06b9809e84e7ee33601ac1cda753d92f66b26274f1ab1033cd75,2,2,ok
train,shiyan/data/labels/train/02-PAN-20250329-087-338-L00000000677-CCD10_4_crop3.txt,02-PAN-20250329-087-338-L00000000677-CCD10_4_crop3,76,fcc40b1afc5a90c171b6cbeb52f1d4b7b2deb302ab7a17c0508ca259e28d4a87,2,2,ok
train,shiyan/data/labels/train/02-PAN-20250329-087-338-L00000000677-CCD11_3_crop1.txt,02-PAN-20250329-087-338-L00000000677-CCD11_3_crop1,115,ce8a9355d9b4dbb00cbaa2106342bf06cd5b4b323e86d51944af4f2f22d1dc24,3,3,ok
train,shiyan/data/labels/train/02-PAN-20250329-087-338-L00000000677-CCD11_3_crop2.txt,02-PAN-20250329-087-338-L00000000677-CCD11_3_crop2,115,dc68867aabd14c9267415e6b3106f5b17b613f78deab3f44ce88f2f41709ace1,3,3,ok
train,shiyan/data/labels/train/02-PAN-20250329-087-338-L00000000677-CCD11_3_crop3.txt,02-PAN-20250329-087-338-L00000000677-CCD11_3_crop3,37,39e45d34ce31b50a6fd7117df304c816dac8357b097c591cb19d60f1329b42dc,1,1,ok
train,shiyan/data/labels/train/02-PAN-20250329-087-338-L00000000677-CCD11_3_crop4.txt,02-PAN-20250329-087-338-L00000000677-CCD11_3_crop4,37,bb150fbd8967a82fdd4e24d8ec5bdef1511fd172032064537ae6a91a0cb2e616,1,1,ok
train,shiyan/data/labels/train/02-PAN-20250329-087-338-L00000000677-CCD11_4_crop1.txt,02-PAN-20250329-087-338-L00000000677-CCD11_4_crop1,37,2c1f311278cc5cb50e393595c622aac535a8fe01bbc7a13ac06a5278a2b5fb6d,1,1,ok
train,shiyan/data/labels/train/02-PAN-20250329-087-338-L00000000677-CCD11_4_crop2.txt,02-PAN-20250329-087-338-L00000000677-CCD11_4_crop2,76,c2255952f70823e3e5e82d6aa983ecbe3d9aa649ac442a2f243e30f201093a7e,2,2,ok
train,shiyan/data/labels/train/02-PAN-20250329-089-274-L00000000683-CCD14_4_crop1.txt,02-PAN-20250329-089-274-L00000000683-CCD14_4_crop1,37,98af4292af6ac93c4b16407cc378adb2d1cd613c4a4d946f3c8dc835e6b5f958,1,1,ok
train,shiyan/data/labels/train/02-PAN-20250329-212-808-L00000000701-CCD24_3_crop1.txt,02-PAN-20250329-212-808-L00000000701-CCD24_3_crop1,37,f6655d46d64622cddc622226d84a5a75dc40e3a4f9ba7c4684d78ab569abf701,1,1,ok
train,shiyan/data/labels/train/02-PAN-20250329-467-288-L00000000665-CCD10_5_crop1.txt,02-PAN-20250329-467-288-L00000000665-CCD10_5_crop1,115,f7d5f547b792dca6c51220bc7ac77dddac165bb49fe984d19cd6de60af7c23f3,3,3,ok
train,shiyan/data/labels/train/02-PAN-20250329-467-288-L00000000665-CCD10_5_crop2.txt,02-PAN-20250329-467-288-L00000000665-CCD10_5_crop2,76,68cdfe3bad7f32651d51b0540fd53157181762d4b726a6f4e9f11eacb1511bde,2,2,ok
train,shiyan/data/labels/train/02-PAN-20250329-467-288-L00000000665-CCD14_3_crop1.txt,02-PAN-20250329-467-288-L00000000665-CCD14_3_crop1,37,cbf2bcd4c930ea6b25d79c7ba5a27989ed836827ad4d91405b540d39526f202d,1,1,ok
train,shiyan/data/labels/train/02-PAN-20250329-467-288-L00000000665-CCD16_3_crop2.txt,02-PAN-20250329-467-288-L00000000665-CCD16_3_crop2,37,d8bab5786dc48cd80e610b70d7fbd7dfa8ec0ba38258bcf39fed985fbb29ef18,1,1,ok
train,shiyan/data/labels/train/02-PAN-20250329-467-288-L00000000665-CCD19_5_crop2.txt,02-PAN-20250329-467-288-L00000000665-CCD19_5_crop2,37,7fb09300da8dfaf631030b0e52f48a3278ef4ca9203620d20efd733c9e7206cb,1,1,ok
train,shiyan/data/labels/train/02-PAN-20250329-467-290-L00000000667-CCD25_5_crop1.txt,02-PAN-20250329-467-290-L00000000667-CCD25_5_crop1,37,8d747da6b6999e916f3b7ff0f2827ae174f0d6f9b753203b2eeac4d0776938b3,1,1,ok
train,shiyan/data/labels/train/02-PAN-20250329-467-290-L00000000667-CCD26_5_crop1.txt,02-PAN-20250329-467-290-L00000000667-CCD26_5_crop1,37,62a0649e6a91527384a5031f449bfdcba30222d44331b49a45cfebf1958cb6d0,1,1,ok
train,shiyan/data/labels/train/02-PAN-20250329-467-290-L00000000667-CCD26_5_crop2.txt,02-PAN-20250329-467-290-L00000000667-CCD26_5_crop2,37,774bfb2d78abfc576209ae28d031e4c914d72113ef92b7344ac0ae17894ab9cb,1,1,ok
train,shiyan/data/labels/train/02-PAN-20250329-467-290-L00000000667-CCD27_6_crop1.txt,02-PAN-20250329-467-290-L00000000667-CCD27_6_crop1,76,21daf73eaff4c28b822354752423e42482607afabd0cbb1c19b5330160d7bc55,2,2,ok
train,shiyan/data/labels/train/02-PAN-20250330-461-282-L00000000742-CCD26_1_crop1.txt,02-PAN-20250330-461-282-L00000000742-CCD26_1_crop1,37,2f09b60ed936eae560538c74a38ed805b6b7df56f7e28fea4e9962d06ee10236,1,1,ok
train,shiyan/data/labels/train/02-PAN-20250330-461-284-L00000000744-CCD20_1_crop1.txt,02-PAN-20250330-461-284-L00000000744-CCD20_1_crop1,271,62500c781fb333c160016258094e86af68b955e7de46a3194d2ab539a5557c98,7,7,ok
train,shiyan/data/labels/train/02-PAN-20250330-461-284-L00000000744-CCD20_1_crop2.txt,02-PAN-20250330-461-284-L00000000744-CCD20_1_crop2,115,cd55cbcfb4c95c4d089f42ff527c001a6773ed0a72bab0f2797bf8678b6e8a2c,3,3,ok
train,shiyan/data/labels/train/02-PAN-20250330-461-284-L00000000744-CCD20_1_crop3.txt,02-PAN-20250330-461-284-L00000000744-CCD20_1_crop3,37,d312df13d98eb2993c74c8dff96cc4cc45a4a7fe7bfb7fbc69bedec3d84c056f,1,1,ok
train,shiyan/data/labels/train/02-PAN-20250330-461-284-L00000000744-CCD20_1_crop4.txt,02-PAN-20250330-461-284-L00000000744-CCD20_1_crop4,115,bdd33c65b893f336c3df1b2d2487453a9ce991111c4a874fbc253f7cea7f7c69,3,3,ok
train,shiyan/data/labels/train/02-PAN-20250330-461-284-L00000000744-CCD20_1_crop6.txt,02-PAN-20250330-461-284-L00000000744-CCD20_1_crop6,37,74d556b25ba07887bf9367b5bfcb9f8ffa6b839dd20e011b5299253c2ad2b8c9,1,1,ok
train,shiyan/data/labels/train/02-PAN-20250330-461-284-L00000000744-CCD20_1_crop7.txt,02-PAN-20250330-461-284-L00000000744-CCD20_1_crop7,154,8677c6c9b3cf2d8e333f58a929f79451dcb1f15db2aaf48031ca37ceab6b6d62,4,4,ok
train,shiyan/data/labels/train/02-PAN-20250330-461-284-L00000000744-CCD23_4_crop1.txt,02-PAN-20250330-461-284-L00000000744-CCD23_4_crop1,115,f874d63015cf7b71ff9355d90c99566848ec5af73e6558b1be0ce6d4fe77556c,3,3,ok
train,shiyan/data/labels/train/02-PAN-20250330-461-284-L00000000744-CCD23_4_crop2.txt,02-PAN-20250330-461-284-L00000000744-CCD23_4_crop2,76,1955de8496361bb8e98b97d96ee1f7f4351151932b5c1a107e8eb564a21ea4aa,2,2,ok
train,shiyan/data/labels/train/02-PAN-20250330-461-284-L00000000744-CCD23_4_crop3.txt,02-PAN-20250330-461-284-L00000000744-CCD23_4_crop3,37,3d5547a12b8a6226b8bbe309356d3bd5a2d7e7475a667527ff36e0317d65294a,1,1,ok
train,shiyan/data/labels/train/02-PAN-20250330-461-284-L00000000744-CCD23_4_crop4.txt,02-PAN-20250330-461-284-L00000000744-CCD23_4_crop4,76,ec9a27ebe906de5759fdc4ee02c4aee1cb15a2b906418c8b039c6c7a30e08c4e,2,2,ok
train,shiyan/data/labels/train/02-PAN-20250330-461-284-L00000000744-CCD23_4_crop5.txt,02-PAN-20250330-461-284-L00000000744-CCD23_4_crop5,115,8960d2c4d39bc14f249a26eabb4728a901b66b906798ba70ffd67d1fd26bed0f,3,3,ok
train,shiyan/data/labels/train/02-PAN-20250330-461-284-L00000000744-CCD23_4_crop7.txt,02-PAN-20250330-461-284-L00000000744-CCD23_4_crop7,37,28266d858c79d336d433e0bab2f64d2f1b1295d834c74a196bf5959825b48f11,1,1,ok
train,shiyan/data/labels/train/02-PAN-20250402-255-280-L00000001117-CCD10_4_crop3.txt,02-PAN-20250402-255-280-L00000001117-CCD10_4_crop3,37,14ea9d02516c0f260ffee5944c774298c01e2bed728c279a34802c8e686d7a4c,1,1,ok
train,shiyan/data/labels/train/02-PAN-20250402-255-280-L00000001117-CCD10_4_crop4.txt,02-PAN-20250402-255-280-L00000001117-CCD10_4_crop4,37,c43a62680fb3eadba85886da6d5e71a91ac8c7f760bc5df300ea334b46773ead,1,1,ok
train,shiyan/data/labels/train/02-PAN-20250402-255-280-L00000001117-CCD10_4_crop6.txt,02-PAN-20250402-255-280-L00000001117-CCD10_4_crop6,37,a54c01d9751040dc404adb5f7e9325dd42ac61d7270881f603d1d3230e282d2f,1,1,ok
train,shiyan/data/labels/train/02-PAN-20250402-255-354-L00000001127-CCD8_5_crop1.txt,02-PAN-20250402-255-354-L00000001127-CCD8_5_crop1,76,8796fb13d1c61872ccda86b00b0ed37c39e2280ded4ce971384327a981e56ce4,2,2,ok
train,shiyan/data/labels/train/02-PAN-20250402-255-354-L00000001127-CCD8_5_crop3.txt,02-PAN-20250402-255-354-L00000001127-CCD8_5_crop3,37,07527539e6c414f790e15335b803fb2b48fbf84a7501a80fe9e2de937cba55ad,1,1,ok
train,shiyan/data/labels/train/02-PAN-20250402-255-354-L00000001127-CCD8_5_crop4.txt,02-PAN-20250402-255-354-L00000001127-CCD8_5_crop4,37,6329c73fe77ed494ee5380f3fe41c8353fe1d94e2f86817628876cf8f2359a19,1,1,ok
train,shiyan/data/labels/train/02-PAN-20250403-149-294-L00000001223-CCD16_6_crop1.txt,02-PAN-20250403-149-294-L00000001223-CCD16_6_crop1,349,24f90e44ed965755bce565bee5c978aaa645f1600a0920dd64877d50a5e80be8,9,9,ok
train,shiyan/data/labels/train/02-PAN-20250403-149-294-L00000001223-CCD16_6_crop2.txt,02-PAN-20250403-149-294-L00000001223-CCD16_6_crop2,193,cc596dd4d78f69b388c0c71d7f320f54bf71706437f40b85fb806092e09ed422,5,5,ok
train,shiyan/data/labels/train/02-PAN-20250403-149-294-L00000001223-CCD16_6_crop3.txt,02-PAN-20250403-149-294-L00000001223-CCD16_6_crop3,37,2e3c85ab04b99571059fb722b40d34981dba8780186f3cf315b7133b1af40f79,1,1,ok
train,shiyan/data/labels/train/02-PAN-20250403-149-294-L00000001223-CCD16_6_crop4.txt,02-PAN-20250403-149-294-L00000001223-CCD16_6_crop4,37,3e629c6af5337b892205d88eff654ddcab2544629e7c73e548c5de6efd5b729e,1,1,ok
train,shiyan/data/labels/train/02-PAN-20250403-149-294-L00000001223-CCD16_6_crop6.txt,02-PAN-20250403-149-294-L00000001223-CCD16_6_crop6,37,8beb388b973400eee738c0272817a52c5efaab5f50a1a2211d5d69632b923a74,1,1,ok
train,shiyan/data/labels/train/02-PAN-20250403-149-294-L00000001223-CCD17_6_crop1.txt,02-PAN-20250403-149-294-L00000001223-CCD17_6_crop1,76,6962647a934d0693b069a29ea3b135a05914b9ff72ccec46eda9164973adb4af,2,2,ok
train,shiyan/data/labels/train/02-PAN-20250403-149-295-L00000001224-CCD15_2_crop1.txt,02-PAN-20250403-149-295-L00000001224-CCD15_2_crop1,37,271c36b5d30a87e6bff8bd4af2f80afec26c832432a86ce7693ef0ff1689fccf,1,1,ok
train,shiyan/data/labels/train/02-PAN-20250403-149-295-L00000001224-CCD15_2_crop2.txt,02-PAN-20250403-149-295-L00000001224-CCD15_2_crop2,37,64422f15bc7e4ef297bf9fa405d56ca6be0580b74f5523f33d58db231638e928,1,1,ok
train,shiyan/data/labels/train/02-PAN-20250403-149-295-L00000001224-CCD15_2_crop3.txt,02-PAN-20250403-149-295-L00000001224-CCD15_2_crop3,37,395ea89c643e9ff0a6978f721125dfc03eaa133645e8a85013e7da25bcfc722c,1,1,ok
train,shiyan/data/labels/train/02-PAN-20250403-149-295-L00000001224-CCD15_2_crop4.txt,02-PAN-20250403-149-295-L00000001224-CCD15_2_crop4,37,43ac49e7856b0c479cb30a545d1cd0079deb516827b818df648576529a7c5602,1,1,ok
train,shiyan/data/labels/train/02-PAN-20250403-149-295-L00000001224-CCD15_2_crop5.txt,02-PAN-20250403-149-295-L00000001224-CCD15_2_crop5,37,7598a8a1dec259271fd855ca7949fd5370a899633be11f16e4b4880c64f88599,1,1,ok
train,shiyan/data/labels/train/02-PAN-20250403-149-295-L00000001224-CCD15_2_crop7.txt,02-PAN-20250403-149-295-L00000001224-CCD15_2_crop7,37,67254f86a1d8391d1c794a5d291a762aec8a5e0d7ceba4d1ae1879897ceaa9d9,1,1,ok
train,shiyan/data/labels/train/02-PAN-20250403-149-295-L00000001224-CCD16_2_crop2.txt,02-PAN-20250403-149-295-L00000001224-CCD16_2_crop2,37,f8f4b8e1dda99fbd26515b9b8fb6b5615425207a82d2dbfb7456a480f102886b,1,1,ok
train,shiyan/data/labels/train/02-PAN-20250403-149-295-L00000001224-CCD16_2_crop3.txt,02-PAN-20250403-149-295-L00000001224-CCD16_2_crop3,37,c360b5f2766691d73b04f86984f2e3e5874c832f2ffbd38c632417528e0883d9,1,1,ok
train,shiyan/data/labels/train/02-PAN-20250403-149-295-L00000001224-CCD16_2_crop4.txt,02-PAN-20250403-149-295-L00000001224-CCD16_2_crop4,37,cc74ca3a255fa21c26e871f107c7bd9fee9b7db3f8343805589d43fa36eb35fd,1,1,ok
train,shiyan/data/labels/train/02-PAN-20250403-149-295-L00000001224-CCD16_2_crop5.txt,02-PAN-20250403-149-295-L00000001224-CCD16_2_crop5,37,e3d3e791feb4e67bda9e3d0b73189179e931dcfa026d98eaa3745d7f5c277712,1,1,ok
train,shiyan/data/labels/train/02-PAN-20250403-149-295-L00000001224-CCD16_2_crop6.txt,02-PAN-20250403-149-295-L00000001224-CCD16_2_crop6,37,cfd4c684c09b5039a67140c6b51d1438a531b6dd63506d9942e9af849c8c3339,1,1,ok
train,shiyan/data/labels/train/02-PAN-20250403-149-295-L00000001224-CCD16_2_crop7.txt,02-PAN-20250403-149-295-L00000001224-CCD16_2_crop7,37,7a8f8fc1dd5ce00ba897f076ba19d6adfb97917b434bcd60eb48cc9d96a8653d,1,1,ok
train,shiyan/data/labels/train/02-PAN-20250403-149-295-L00000001224-CCD16_2_crop8.txt,02-PAN-20250403-149-295-L00000001224-CCD16_2_crop8,37,c0b831d077b36143a2215d39d3c9a1696f1ddc05b6f9149f38c304f9cb58e651,1,1,ok
train,shiyan/data/labels/train/02-PAN-20250403-149-295-L00000001224-CCD16_3_crop2.txt,02-PAN-20250403-149-295-L00000001224-CCD16_3_crop2,349,7c32d091d3bf366b7ab6d4228f4f82a919089c18984c77c47a8746cc0ee6c41b,9,9,ok
train,shiyan/data/labels/train/02-PAN-20250403-149-295-L00000001224-CCD16_3_crop4.txt,02-PAN-20250403-149-295-L00000001224-CCD16_3_crop4,76,cdb40a08701e08c67676e1113e84fbb7fe7be9bc4540db9816c665328517b661,2,2,ok
train,shiyan/data/labels/train/02-PAN-20250403-149-295-L00000001224-CCD16_3_crop5.txt,02-PAN-20250403-149-295-L00000001224-CCD16_3_crop5,349,a106973e6e08dbfeac82c06f07aacf80dc407be7f20d1d9d2f1650993e1f681a,9,9,ok
train,shiyan/data/labels/train/02-PAN-20250403-149-295-L00000001224-CCD17_1_crop1.txt,02-PAN-20250403-149-295-L00000001224-CCD17_1_crop1,37,5c7070a8bc9e7be216ae29f722fac56e6cf6ffc2f9198d893ad3213bd4b420ea,1,1,ok
train,shiyan/data/labels/train/02-PAN-20250403-209-692-L00000001219-CCD14_6_crop1.txt,02-PAN-20250403-209-692-L00000001219-CCD14_6_crop1,37,f6ed8ed407550f3eb34fd4a6bf71326757fcadc078255438280a38f2271dc50b,1,1,ok
train,shiyan/data/labels/train/02-PAN-20250403-466-364-L00000001478-CCD18_1_crop3.txt,02-PAN-20250403-466-364-L00000001478-CCD18_1_crop3,115,0fc0c79866ef84083a790c381dc43bb59b2a815bb96ce5222ee673bc8a8fb56c,3,3,ok
train,shiyan/data/labels/train/02-PAN-20250403-466-364-L00000001478-CCD18_1_crop4.txt,02-PAN-20250403-466-364-L00000001478-CCD18_1_crop4,37,26327f4f237900a108beba9a28a39ed9b943dbca180e41023757d056a33b61a3,1,1,ok
train,shiyan/data/labels/train/02-PAN-20250403-466-364-L00000001478-CCD18_1_crop5.txt,02-PAN-20250403-466-364-L00000001478-CCD18_1_crop5,37,10149e8b233deffe46a214a040b1d1258edaf0faa6396c69853d23b2d247f5fb,1,1,ok
train,shiyan/data/labels/train/02-PAN-20250403-466-364-L00000001478-CCD18_1_crop6.txt,02-PAN-20250403-466-364-L00000001478-CCD18_1_crop6,37,e6e1dfd6f1781e41af34003f7b7658c75148e31550011a2a4052c503bc8d8ec3,1,1,ok
train,shiyan/data/labels/train/02-PAN-20250403-466-364-L00000001478-CCD18_2_crop2.txt,02-PAN-20250403-466-364-L00000001478-CCD18_2_crop2,37,9a2a146fc3cd9f53659f63aae02e06870d6ed31e7e77056c8b6b78e58ad683f4,1,1,ok
train,shiyan/data/labels/train/02-PAN-20250403-466-364-L00000001478-CCD18_2_crop4.txt,02-PAN-20250403-466-364-L00000001478-CCD18_2_crop4,37,48e73f78f4d91e2b702ce72ab9be1cd625d740e6faf3c01ecf20e65960f76908,1,1,ok
train,shiyan/data/labels/train/02-PAN-20250403-466-364-L00000001478-CCD18_3_crop2.txt,02-PAN-20250403-466-364-L00000001478-CCD18_3_crop2,76,11b8d8e984014671d08fece604ec185782b84c96eeb9c1cf689b3142707b367f,2,2,ok
train,shiyan/data/labels/train/02-PAN-20250403-466-364-L00000001478-CCD18_3_crop3.txt,02-PAN-20250403-466-364-L00000001478-CCD18_3_crop3,37,b143a8753987c3e367285681d4d698cc6552344d60aaf5986db5a396f1e907f0,1,1,ok
train,shiyan/data/labels/train/02-PAN-20250403-466-364-L00000001478-CCD18_3_crop4.txt,02-PAN-20250403-466-364-L00000001478-CCD18_3_crop4,154,118dee5babc23e4b1d8df0d70504bda079e0ce79bb4807f86977a5f395701b50,4,4,ok
train,shiyan/data/labels/train/02-PAN-20250403-466-364-L00000001478-CCD18_3_crop5.txt,02-PAN-20250403-466-364-L00000001478-CCD18_3_crop5,37,f832bcba811f0694daf5eeb1ce6a934e0a4786667ba748db93874f83c0aeebb8,1,1,ok
train,shiyan/data/labels/train/02-PAN-20250403-466-364-L00000001478-CCD18_3_crop6.txt,02-PAN-20250403-466-364-L00000001478-CCD18_3_crop6,76,5eab0d101708ac99cd42d5617df0d5da387c39e275ee971e7c8a5961f9a34560,2,2,ok
train,shiyan/data/labels/train/02-PAN-20250403-466-364-L00000001478-CCD18_3_crop7.txt,02-PAN-20250403-466-364-L00000001478-CCD18_3_crop7,37,6c24be1966aefe52ae5a96ac8797ac9fd80db45148b4c2e0642b2cf1215ed2df,1,1,ok
train,shiyan/data/labels/train/02-PAN-20250403-466-364-L00000001478-CCD18_4_crop1.txt,02-PAN-20250403-466-364-L00000001478-CCD18_4_crop1,154,15a4bf17befb36600da6a7381cf7f0b596a1de875e9cea1fdfa9d7d6540a3229,4,4,ok
train,shiyan/data/labels/train/02-PAN-20250403-466-364-L00000001478-CCD18_4_crop2.txt,02-PAN-20250403-466-364-L00000001478-CCD18_4_crop2,37,ae1e81a0df0995b963dff4aba6ddf4688c8b16775daf1c17655b630dc5b25f1d,1,1,ok
train,shiyan/data/labels/train/02-PAN-20250403-466-364-L00000001478-CCD18_4_crop3.txt,02-PAN-20250403-466-364-L00000001478-CCD18_4_crop3,37,5e8c225dffe0fc4086ed697e488e90de3ae65c464c64006698174fa81344e8d0,1,1,ok
train,shiyan/data/labels/train/02-PAN-20250403-466-364-L00000001478-CCD18_4_crop4.txt,02-PAN-20250403-466-364-L00000001478-CCD18_4_crop4,76,19eecf6123f8380449dc7e2bc698642bb49d510cc52e1aa74471e04d35fdff2a,2,2,ok
train,shiyan/data/labels/train/02-PAN-20250403-466-364-L00000001478-CCD18_4_crop5.txt,02-PAN-20250403-466-364-L00000001478-CCD18_4_crop5,154,352314231965691826379ab1137c8b2978ac3d6a63a792189cfa5a859453d7a1,4,4,ok
train,shiyan/data/labels/train/02-PAN-20250403-466-364-L00000001478-CCD18_4_crop7.txt,02-PAN-20250403-466-364-L00000001478-CCD18_4_crop7,37,a8bb7520bde06b0d904babbc9e23e40ef6dfdb10354c49eab5ce50cebdf4d211,1,1,ok
train,shiyan/data/labels/train/02-PAN-20250405-013-428-L00000001337-CCD28_3_crop1.txt,02-PAN-20250405-013-428-L00000001337-CCD28_3_crop1,76,0d73ac0b69e06e22cb75fb608a94945c37e3683a1573614884d92034b29d94d9,2,2,ok
train,shiyan/data/labels/train/02-PAN-20250405-013-428-L00000001337-CCD28_3_crop2.txt,02-PAN-20250405-013-428-L00000001337-CCD28_3_crop2,76,1837306221426db94c81cdd2e61c0180c34bed2d2dd79de266bd823b76718327,2,2,ok
train,shiyan/data/labels/train/02-PAN-20250405-013-428-L00000001337-CCD28_3_crop3.txt,02-PAN-20250405-013-428-L00000001337-CCD28_3_crop3,115,8c7dd10d568c2137b8d76b2da8d1941e64883143067124e566b896df3ffbb77a,3,3,ok
train,shiyan/data/labels/train/02-PAN-20250405-013-428-L00000001337-CCD28_3_crop4.txt,02-PAN-20250405-013-428-L00000001337-CCD28_3_crop4,76,397081b106ff58bdac5e42211bd3b0839e59488b1f999edc7ff4c4258c66a308,2,2,ok
train,shiyan/data/labels/train/02-PAN-20250405-013-428-L00000001337-CCD28_3_crop5.txt,02-PAN-20250405-013-428-L00000001337-CCD28_3_crop5,115,58403490f8ca0e2edc53c96c4f5e796f4a83f852dac82016fde0ea9a2d5e5047,3,3,ok
train,shiyan/data/labels/train/02-PAN-20250405-013-428-L00000001337-CCD28_3_crop6.txt,02-PAN-20250405-013-428-L00000001337-CCD28_3_crop6,115,968a309827ffcfd5e411da86369f1ed76c53815e7c3a23f71fd7f6efd4aa34c1,3,3,ok
train,shiyan/data/labels/train/02-PAN-20250405-013-428-L00000001337-CCD28_6_crop1.txt,02-PAN-20250405-013-428-L00000001337-CCD28_6_crop1,37,f0f9ee33469580d1f28d132059c374a604ea3b26eaa440798fa0439c95dcc115,1,1,ok
train,shiyan/data/labels/train/02-PAN-20250405-013-428-L00000001337-CCD28_6_crop2.txt,02-PAN-20250405-013-428-L00000001337-CCD28_6_crop2,37,f0bbe60341167f84a3441970d5beb32990da697c32408ee0f7fce74892a4f27a,1,1,ok
train,shiyan/data/labels/train/02-PAN-20250405-013-428-L00000001337-CCD29_1_crop1.txt,02-PAN-20250405-013-428-L00000001337-CCD29_1_crop1,193,4ad48cfaa6d102e35e125688f085c1667e154c507206a468a725adb3b298b758,5,5,ok
train,shiyan/data/labels/train/02-PAN-20250405-013-428-L00000001337-CCD29_1_crop11.txt,02-PAN-20250405-013-428-L00000001337-CCD29_1_crop11,37,07395f163ee645f0de3ddfefade0b721ece97e4bcc3152d606750b3e9bc5a830,1,1,ok
train,shiyan/data/labels/train/02-PAN-20250405-013-428-L00000001337-CCD29_1_crop2.txt,02-PAN-20250405-013-428-L00000001337-CCD29_1_crop2,115,9ac2e81629a5cb2efe8efe71e7c987a73d33b606a886e0c7516cbe5936542948,3,3,ok
train,shiyan/data/labels/train/02-PAN-20250405-013-428-L00000001337-CCD29_1_crop3.txt,02-PAN-20250405-013-428-L00000001337-CCD29_1_crop3,115,84739c7497a5a8411c69db23c4d5f356ca03705bb2545d1103e3db734ee11eca,3,3,ok
train,shiyan/data/labels/train/02-PAN-20250405-013-428-L00000001337-CCD29_1_crop5.txt,02-PAN-20250405-013-428-L00000001337-CCD29_1_crop5,154,14385e57ee3f8fdd641ac72a9039e4ec997a183defa31672dfa1e3e478c51fa7,4,4,ok
train,shiyan/data/labels/train/02-PAN-20250405-013-428-L00000001337-CCD29_1_crop6.txt,02-PAN-20250405-013-428-L00000001337-CCD29_1_crop6,37,a462d122d302065cc9c321182614e0ecdc45923f5c31e63d8ca65ab5a17263e3,1,1,ok
train,shiyan/data/labels/train/02-PAN-20250405-013-428-L00000001337-CCD29_1_crop8.txt,02-PAN-20250405-013-428-L00000001337-CCD29_1_crop8,37,f2ec7d9cae412f64a0ca568804a60f0bf3918a0914e64d704749acccf93d3682,1,1,ok
train,shiyan/data/labels/train/02-PAN-20250405-013-428-L00000001337-CCD29_1_crop9.txt,02-PAN-20250405-013-428-L00000001337-CCD29_1_crop9,193,cbc69604ca8f31455ee92a2ef45d60f339ddc29022fb2541dfc35794279d4b59,5,5,ok
train,shiyan/data/labels/train/02-PAN-20250405-013-428-L00000001337-CCD29_3_crop1.txt,02-PAN-20250405-013-428-L00000001337-CCD29_3_crop1,76,fe2d50318e0e711dbdcd5e9a2c900d2c655c226e3d4f18ac6f03e67146d08e62,2,2,ok
train,shiyan/data/labels/train/02-PAN-20250405-013-428-L00000001337-CCD29_3_crop3.txt,02-PAN-20250405-013-428-L00000001337-CCD29_3_crop3,37,11b1b3718f115bfbe016b62991c1c37a495236864e2fb5cc408aa5fe16dc8490,1,1,ok
train,shiyan/data/labels/train/02-PAN-20250405-013-428-L00000001337-CCD29_3_crop4.txt,02-PAN-20250405-013-428-L00000001337-CCD29_3_crop4,37,30caff5a5dc629ae5a5c37718d6b48a41fec6132217829138d8beca441217d7a,1,1,ok
train,shiyan/data/labels/train/02-PAN-20250405-013-428-L00000001337-CCD29_3_crop5.txt,02-PAN-20250405-013-428-L00000001337-CCD29_3_crop5,37,9de1fcd87cab99eda00feb8775b932c7d3ac8e64cf8f188e1926ee1f6f4a1a5e,1,1,ok
train,shiyan/data/labels/train/02-PAN-20250405-013-428-L00000001337-CCD29_3_crop6.txt,02-PAN-20250405-013-428-L00000001337-CCD29_3_crop6,76,34235a49b8c314428669393942b34e3fad16c7b603b01aea9a4223d879f273f4,2,2,ok
train,shiyan/data/labels/train/02-PAN-20250405-013-428-L00000001337-CCD29_3_crop7.txt,02-PAN-20250405-013-428-L00000001337-CCD29_3_crop7,37,713fd6077fe831dc020d078ff31639186a6017540d8ac713d2437ebd84991124,1,1,ok
train,shiyan/data/labels/train/02-PAN-20250405-013-430-L00000001339-CCD20_2_crop2.txt,02-PAN-20250405-013-430-L00000001339-CCD20_2_crop2,37,f0a719ac3a21b8472fec7dc9bc98ca413b6c74234ff6cbb3542d99bb262c424f,1,1,ok
train,shiyan/data/labels/train/02-PAN-20250405-013-430-L00000001339-CCD20_3_crop1.txt,02-PAN-20250405-013-430-L00000001339-CCD20_3_crop1,37,2e0b6c7ec459cfb12ca1edf15e663f258630360a300dc10a7386e5d2645f7f89,1,1,ok
train,shiyan/data/labels/train/02-PAN-20250405-013-430-L00000001339-CCD26_4_crop1.txt,02-PAN-20250405-013-430-L00000001339-CCD26_4_crop1,193,dd2a3e0705cc1e762567223e27c0557df5a127fcbda96143173d205674718720,5,5,ok
train,shiyan/data/labels/train/02-PAN-20250405-013-430-L00000001339-CCD26_4_crop2.txt,02-PAN-20250405-013-430-L00000001339-CCD26_4_crop2,76,c93026d5553247923335c759a8f189a761e44c1d91b8413d4c054900851aebc6,2,2,ok
train,shiyan/data/labels/train/02-PAN-20250405-013-430-L00000001339-CCD26_4_crop3.txt,02-PAN-20250405-013-430-L00000001339-CCD26_4_crop3,115,8822c0a37ee9cf709df4b0778529efc4367eb2fc1bd6ea45cf3382f13ce668c8,3,3,ok
train,shiyan/data/labels/train/02-PAN-20250414-140-169-L00000002665-CCD14_1_crop1.txt,02-PAN-20250414-140-169-L00000002665-CCD14_1_crop1,37,43029106a7e9d2b7b6af95bf26635c974ed451eaf79cdeedfbad957108c0e9e4,1,1,ok
train,shiyan/data/labels/train/02-PAN-20250414-140-169-L00000002665-CCD22_1_crop1.txt,02-PAN-20250414-140-169-L00000002665-CCD22_1_crop1,37,2e980eacfbf0a6235757d3e6e8ea31d6fe18a903e62375c92d54fc7551d3045b,1,1,ok
train,shiyan/data/labels/train/02-PAN-20250414-140-169-L00000002665-CCD23_6_crop1.txt,02-PAN-20250414-140-169-L00000002665-CCD23_6_crop1,37,291f7ab45801b7548943ab156456317f2041fe5906cf7b7107502f33da0d3086,1,1,ok
train,shiyan/data/labels/train/02-PAN-20250414-140-170-L00000002666-CCD8_5_crop1.txt,02-PAN-20250414-140-170-L00000002666-CCD8_5_crop1,37,c944649d92df587c75ad6400d1e6a1de0ecc901e610c88f5ac5e857e3d86c43e,1,1,ok
train,shiyan/data/labels/train/02-PAN-20250414-201-668-L00000002680-CCD19_2_crop1.txt,02-PAN-20250414-201-668-L00000002680-CCD19_2_crop1,37,8fedeaa4a00575c8dc701d3e12a160b88dc2be5e1d9ef2b51c1ebd073a61ef81,1,1,ok
train,shiyan/data/labels/train/02-PAN-20250414-201-668-L00000002680-CCD20_5_crop2.txt,02-PAN-20250414-201-668-L00000002680-CCD20_5_crop2,76,14b84324f69a365047bf60221af7f5d245a003193100a6c59a34614d2a9ac8c1,2,2,ok
train,shiyan/data/labels/train/02-PAN-20250414-201-668-L00000002680-CCD20_5_crop3.txt,02-PAN-20250414-201-668-L00000002680-CCD20_5_crop3,37,1a01070bfe575358f41e1e181e926d93fa7721882ce88ca1921698733a0e9d71,1,1,ok
train,shiyan/data/labels/train/02-PAN-20250414-201-668-L00000002680-CCD29_2_crop1.txt,02-PAN-20250414-201-668-L00000002680-CCD29_2_crop1,37,835b09ca84d824d71d8cc159da227bd221b9ebbece499fd79e1843fc4c3c6399,1,1,ok
train,shiyan/data/labels/train/02-PAN-20250414-201-668-L00000002680-CCD29_2_crop2.txt,02-PAN-20250414-201-668-L00000002680-CCD29_2_crop2,37,cb2b79692efe250a9117aa6dcd545e5ed2f0551474967015ba50ad2e60d50515,1,1,ok
train,shiyan/data/labels/train/02-PAN-20250414-201-668-L00000002680-CCD29_2_crop3.txt,02-PAN-20250414-201-668-L00000002680-CCD29_2_crop3,37,83b362d424b5a093cc55db8e168d324d9d67c7eac503187acf9acbfc012b8d77,1,1,ok
train,shiyan/data/labels/train/02-PAN-20250414-201-669-L00000002681-CCD20_1_crop1.txt,02-PAN-20250414-201-669-L00000002681-CCD20_1_crop1,37,c628e16df65eb727fc096e2a3c66993293999068dc0b2fa454957b2a328bd640,1,1,ok
train,shiyan/data/labels/train/02-PAN-20250414-201-669-L00000002681-CCD20_1_crop2.txt,02-PAN-20250414-201-669-L00000002681-CCD20_1_crop2,37,8b0b51e92a54d655205cd0364daa6a42718c204d520e61f8da126bac16b3550f,1,1,ok
train,shiyan/data/labels/train/02-PAN-20250414-201-674-L00000002686-CCD14_6_crop1.txt,02-PAN-20250414-201-674-L00000002686-CCD14_6_crop1,37,0a526de774e94d9dc2c9dbe6a6cd7c8b678741a0c1208e44357e0201fd0814ff,1,1,ok
train,shiyan/data/labels/train/02-PAN-20250415-449-299-L00000002688-CCD28_4_crop1.txt,02-PAN-20250415-449-299-L00000002688-CCD28_4_crop1,37,28e9c1c5c253f917b166dd3fcdd9d28fffc9fc48ac8f3d162a11638e1a1bfb1f,1,1,ok
train,shiyan/data/labels/train/02-PAN-20250415-449-299-L00000002688-CCD30_3_crop1.txt,02-PAN-20250415-449-299-L00000002688-CCD30_3_crop1,37,2c53e132c6c39edad661987b2c76a35c509f435d3d5c1604bf8d8657b3eb6bf3,1,1,ok
train,shiyan/data/labels/train/02-PAN-20250415-449-300-L00000002689-CCD26_4_crop1.txt,02-PAN-20250415-449-300-L00000002689-CCD26_4_crop1,37,32d345d89100eb8bb27d72c2aef3fd1adb157e11ac8b490e69631fc65e4982e1,1,1,ok
train,shiyan/data/labels/train/02-PAN-20250415-449-300-L00000002689-CCD28_1_crop1.txt,02-PAN-20250415-449-300-L00000002689-CCD28_1_crop1,37,f70076c0c5db3b3da1e96809eac0237ef11b024f43cf371dd369e0556144e0ba,1,1,ok
train,shiyan/data/labels/train/02-PAN-20250415-449-307-L00000002696-CCD11_6_crop2.txt,02-PAN-20250415-449-307-L00000002696-CCD11_6_crop2,37,a2df38bb6c8b980295061e495ba9b9ce2581992627cfccd54f1d8559fb0153d4,1,1,ok
train,shiyan/data/labels/train/02-PAN-20250415-449-307-L00000002696-CCD11_6_crop3.txt,02-PAN-20250415-449-307-L00000002696-CCD11_6_crop3,115,a48e470ac3f321284633692ab0bf916f65cb0db9996204d9b8195f4aa2932ac8,3,3,ok
train,shiyan/data/labels/train/02-PAN-20250415-449-307-L00000002696-CCD6_5_crop1.txt,02-PAN-20250415-449-307-L00000002696-CCD6_5_crop1,37,552c1291a7c0869a02ae17a3a5a23db490090649a156545e42f63394b3f0a2de,1,1,ok
train,shiyan/data/labels/train/02-PAN-20250415-449-307-L00000002696-CCD7_5_crop1.txt,02-PAN-20250415-449-307-L00000002696-CCD7_5_crop1,37,96f77ffe2259d1d9df6c2131cee50d239d739bc46a5d750926137aba879bfd7e,1,1,ok
train,shiyan/data/labels/train/02-PAN-20250415-449-307-L00000002696-CCD7_5_crop2.txt,02-PAN-20250415-449-307-L00000002696-CCD7_5_crop2,37,714188fa5899dcfed0959ba4c328e85ebe5128c518c23524f4203558db7d7154,1,1,ok
train,shiyan/data/labels/train/02-PAN-20250415-449-308-L00000002697-CCD11_1_crop1.txt,02-PAN-20250415-449-308-L00000002697-CCD11_1_crop1,37,57a72c0a19cc03121251fe7af91166d8b5c189aef73eee2a8adf82913e1f3489,1,1,ok
train,shiyan/data/labels/train/02-PAN-20250415-449-308-L00000002697-CCD11_1_crop2.txt,02-PAN-20250415-449-308-L00000002697-CCD11_1_crop2,37,fd173dc65f7d2667fddb27e483e10740747cdd111dd8ab86c1f2af37778367a2,1,1,ok
train,shiyan/data/labels/train/02-PAN-20250415-449-309-L00000002698-CCD29_6_crop1.txt,02-PAN-20250415-449-309-L00000002698-CCD29_6_crop1,115,f96067ed58bf5147f668a934585e5816d1637b47b746e0b962b661d1117ce6b2,3,3,ok
train,shiyan/data/labels/train/02-PAN-20250415-449-310-L00000002699-CCD12_4_crop1.txt,02-PAN-20250415-449-310-L00000002699-CCD12_4_crop1,37,22210cb6bc09752eddfaf353e8611c4cf21dc4807d456da919b806bce32b9664,1,1,ok
train,shiyan/data/labels/train/02-PAN-20250415-449-310-L00000002699-CCD30_1_crop1.txt,02-PAN-20250415-449-310-L00000002699-CCD30_1_crop1,115,d1d1a5a17fcc107cde2f6a367fc05f89dd7cd37ece0e3df312abcdce615eba2d,3,3,ok
train,shiyan/data/labels/train/02-PAN-20250415-449-310-L00000002699-CCD31_5_crop1.txt,02-PAN-20250415-449-310-L00000002699-CCD31_5_crop1,37,ab3d68e3af6c03734b4dd9552a46f5c4f6527a7bd7850047c0bf832b37691423,1,1,ok
train,shiyan/data/labels/train/02-PAN-20250415-449-311-L00000002700-CCD24_6_crop2.txt,02-PAN-20250415-449-311-L00000002700-CCD24_6_crop2,37,48e6902078ba6062c86914bb4020326af683fd36b0f581bcc70aa78f89de4c0c,1,1,ok
train,shiyan/data/labels/train/02-PAN-20250415-449-311-L00000002700-CCD24_6_crop4.txt,02-PAN-20250415-449-311-L00000002700-CCD24_6_crop4,154,495d1863dd60cf2c65e2e65254c78e8f9c1eddce4e998e05337ebcbc2ce85f67,4,4,ok
train,shiyan/data/labels/train/02-PAN-20250415-449-311-L00000002700-CCD25_6_crop1.txt,02-PAN-20250415-449-311-L00000002700-CCD25_6_crop1,37,4c57599bd37652520a69e5c95c8f9e1f40bc269418c1406e8d4d491e3d09050f,1,1,ok
train,shiyan/data/labels/train/02-PAN-20250415-449-311-L00000002700-CCD25_6_crop2.txt,02-PAN-20250415-449-311-L00000002700-CCD25_6_crop2,37,c37e74565d33eeedf1b02b979d3ab83860e8d3d292c87b06a77bb7ecb5134038,1,1,ok
train,shiyan/data/labels/train/02-PAN-20250415-449-311-L00000002700-CCD25_6_crop3.txt,02-PAN-20250415-449-311-L00000002700-CCD25_6_crop3,37,51bc0ef26ca74ab90b1e04ed5ff5e4eb9367e920a54843457673acee526a4206,1,1,ok
train,shiyan/data/labels/train/02-PAN-20250415-449-312-L00000002701-CCD24_1_crop1.txt,02-PAN-20250415-449-312-L00000002701-CCD24_1_crop1,115,0aff35ea0217db1390c4c2d7754ef5ec720dabb1924baba7621309f371a4f27c,3,3,ok
train,shiyan/data/labels/train/02-PAN-20250415-449-312-L00000002701-CCD24_1_crop2.txt,02-PAN-20250415-449-312-L00000002701-CCD24_1_crop2,37,34544ae7610a1ac7a3a5cdeb017f01f3a9ff2f30be390bd75c423159e69203a9,1,1,ok
train,shiyan/data/labels/train/02-PAN-20250415-449-312-L00000002701-CCD24_1_crop3.txt,02-PAN-20250415-449-312-L00000002701-CCD24_1_crop3,37,c57adf55d73aaacd76228a345266024cc90d60f90fd0f8e37388c2b81c11d319,1,1,ok
train,shiyan/data/labels/train/02-PAN-20250415-449-312-L00000002701-CCD25_1_crop1.txt,02-PAN-20250415-449-312-L00000002701-CCD25_1_crop1,37,40ed1fd76adcaf5bd75d24d9ffb4b7f546c6b9aee645c56ef42e194a16655be4,1,1,ok
train,shiyan/data/labels/train/02-PAN-20250415-449-312-L00000002701-CCD25_1_crop2.txt,02-PAN-20250415-449-312-L00000002701-CCD25_1_crop2,37,0f78d3d298f7b762f367fb38027eaaa05652e8bfb2c536c7d6e275022195e7ab,1,1,ok
train,shiyan/data/labels/train/02-PAN-20250415-449-312-L00000002701-CCD3_6_crop2.txt,02-PAN-20250415-449-312-L00000002701-CCD3_6_crop2,37,bbfa08639fe4ea80d609adec35a5864cdb89ba2528b0cfcb977237ec2799c231,1,1,ok
train,shiyan/data/labels/train/02-PAN-20250415-449-312-L00000002701-CCD3_6_crop3.txt,02-PAN-20250415-449-312-L00000002701-CCD3_6_crop3,37,550a8cb1536ffc6342f62d4246add1ec41b46ca7c7a72f8b8669af85601c7120,1,1,ok
train,shiyan/data/labels/train/02-PAN-20250415-449-313-L00000002702-CCD3_1_crop1.txt,02-PAN-20250415-449-313-L00000002702-CCD3_1_crop1,37,94d05efc6ddcc27b325a07fffd7d9ecf4d6dc65a6306c4374cc5d3761e9b8c76,1,1,ok
train,shiyan/data/labels/train/02-PAN-20250415-449-313-L00000002702-CCD3_1_crop2.txt,02-PAN-20250415-449-313-L00000002702-CCD3_1_crop2,37,68d80f60c2051d107067073971b867595026100aa24547b0f0c71862b811d4e2,1,1,ok
train,shiyan/data/labels/train/02-PAN-20250415-449-313-L00000002702-CCD3_1_crop3.txt,02-PAN-20250415-449-313-L00000002702-CCD3_1_crop3,76,424c4398160b83a38ba9a31af93370c37b99c37361a2f194666a55c2d20e8506,2,2,ok
train,shiyan/data/labels/train/02-PAN-20250415-449-313-L00000002702-CCD3_1_crop4.txt,02-PAN-20250415-449-313-L00000002702-CCD3_1_crop4,37,8da85643af7d813542e382b79628b2ce2836c50cd36ae1abadf575609c55a7c9,1,1,ok
train,shiyan/data/labels/train/02-PAN-20250415-449-313-L00000002702-CCD4_1_crop1.txt,02-PAN-20250415-449-313-L00000002702-CCD4_1_crop1,76,75707eeb2c610a0649e26a06bb8d07bbbd2c7d48c3778b132a8f55b72af1af14,2,2,ok
train,shiyan/data/labels/train/02-PAN-20250415-449-313-L00000002702-CCD4_1_crop2.txt,02-PAN-20250415-449-313-L00000002702-CCD4_1_crop2,37,e2ba851ef16e8a12a8cb8de0f00ec5bc710afb868b3497f90187516fd1ffca0b,1,1,ok
train,shiyan/data/labels/train/02-PAN-20250415-449-313-L00000002702-CCD4_1_crop3.txt,02-PAN-20250415-449-313-L00000002702-CCD4_1_crop3,115,3961e9ba9cf8870694f54698e010e70c37beb88a77ec33e283122d293466c3ce,3,3,ok
train,shiyan/data/labels/train/02-PAN-20250415-449-313-L00000002702-CCD9_6_crop1.txt,02-PAN-20250415-449-313-L00000002702-CCD9_6_crop1,76,adca58ce74ad3a060bf218f0a994d34d425b940da4a31852ed7de4f9d82adc34,2,2,ok
train,shiyan/data/labels/train/02-PAN-20250415-449-314-L00000002703-CCD9_1_crop1.txt,02-PAN-20250415-449-314-L00000002703-CCD9_1_crop1,76,9df060e4755d9c8f44147733e515ac8bcabafdc7f7d611581a1f60f77175af09,2,2,ok
train,shiyan/data/labels/train/02-PAN-20250415-449-314-L00000002703-CCD9_1_crop2.txt,02-PAN-20250415-449-314-L00000002703-CCD9_1_crop2,37,fb836f51709d2c81e6a7ea54f01732b711b82c548c16e6a7878addcbb8c15b88,1,1,ok
train,shiyan/data/labels/train/02-PAN-20250415-449-314-L00000002703-CCD9_1_crop3.txt,02-PAN-20250415-449-314-L00000002703-CCD9_1_crop3,37,d1bb0c7afeb7fdfd0921ad7b8a87167d2e4df6e1bd226ae28c4e3d2e5305fa60,1,1,ok
train,shiyan/data/labels/train/02-PAN-20250415-449-317-L00000002706-CCD16_6_crop1.txt,02-PAN-20250415-449-317-L00000002706-CCD16_6_crop1,37,cfd67a5bca39394e44798ac887417d83c40a4dc0bee4718d2b9f39cd3d1735d2,1,1,ok
train,shiyan/data/labels/train/02-PAN-20250415-449-317-L00000002706-CCD30_6_crop1.txt,02-PAN-20250415-449-317-L00000002706-CCD30_6_crop1,37,469319e3e37d35b030463db2125ee8134c5cab0601d17d9fcdbe8e367769fe67,1,1,ok
train,shiyan/data/labels/train/02-PAN-20250415-449-317-L00000002706-CCD31_6_crop1.txt,02-PAN-20250415-449-317-L00000002706-CCD31_6_crop1,37,7bcaac9514dfe5467b9863b9938a4b99410e4730a27b3643c7848ab5cdd70b76,1,1,ok
train,shiyan/data/labels/train/02-PAN-20250415-449-318-L00000002707-CCD23_2_crop1.txt,02-PAN-20250415-449-318-L00000002707-CCD23_2_crop1,37,223b373a7ca261d30af85eb47f2c8e881dbb16c03ef22c48d2affb82fcf3359b,1,1,ok
train,shiyan/data/labels/train/02-PAN-20250415-449-318-L00000002707-CCD25_1_crop1.txt,02-PAN-20250415-449-318-L00000002707-CCD25_1_crop1,37,0f97c3d5eed06d0672aa8f080f7a5baef1482db2259b59ef1578fbecc56854d6,1,1,ok
train,shiyan/data/labels/train/02-PAN-20250415-449-318-L00000002707-CCD31_1_crop1.txt,02-PAN-20250415-449-318-L00000002707-CCD31_1_crop1,37,10a561e52dc96ee33e3c25c55e4cf1c0d800e0e745accc019cd0c6370aecc23d,1,1,ok
train,shiyan/data/labels/train/02-PAN-20250415-449-319-L00000002708-CCD4_2_crop1.txt,02-PAN-20250415-449-319-L00000002708-CCD4_2_crop1,37,3ff8c3d2b6bbaa26c608bacbec0800bf6dec1630d12616c454ef20a279667c7b,1,1,ok
train,shiyan/data/labels/train/02-PAN-20250415-449-320-L00000002709-CCD25_5_crop1.txt,02-PAN-20250415-449-320-L00000002709-CCD25_5_crop1,37,e1bbdb393f3332d278d6fa268fdf2d36e6088edad6770cf13155afcd054465ca,1,1,ok
train,shiyan/data/labels/train/02-PAN-20250415-449-320-L00000002711-CCD25_2_crop1.txt,02-PAN-20250415-449-320-L00000002711-CCD25_2_crop1,37,98a4f1fa6ec970897788bbb0607d4b8bb9d0a973d670523638e98f0b2104419c,1,1,ok
train,shiyan/data/labels/train/02-PAN-20250415-449-321-L00000002710-CCD25_4_crop1.txt,02-PAN-20250415-449-321-L00000002710-CCD25_4_crop1,37,5999526a68705f4ddf6e9926ef74e770792d6b0465067158f07f4f42676971cf,1,1,ok
train,shiyan/data/labels/train/02-PAN-20250415-449-321-L00000002712-CCD12_6_crop1.txt,02-PAN-20250415-449-321-L00000002712-CCD12_6_crop1,37,ec6a78bb8d449fedefb681b5766fa02815129625711a1037b517379abed61bee,1,1,ok
train,shiyan/data/labels/train/02-PAN-20250415-449-321-L00000002712-CCD26_4_crop1.txt,02-PAN-20250415-449-321-L00000002712-CCD26_4_crop1,37,2cfed2561fffe315d1e743e2bef978d24cc8c43ce3622a644540773651864d58,1,1,ok
train,shiyan/data/labels/train/E103.9_N1.2_20200419_L1A0004749016-PAN20_crop2.txt,E103.9_N1.2_20200419_L1A0004749016-PAN20_crop2,37,a1bac85388d4e0347558147aeed60f9a3ee31187acbd75bd2c0f5d28bcdf98c1,1,1,ok
train,shiyan/data/labels/train/E103.9_N1.2_20200419_L1A0004749016-PAN20_crop3.txt,E103.9_N1.2_20200419_L1A0004749016-PAN20_crop3,37,fc5e5a508aac543d29ac651b5bbe41cc3e23dc9336252514819c3d394a692ac9,1,1,ok
train,shiyan/data/labels/train/E103.9_N1.2_20200419_L1A0004749016-PAN20_crop4.txt,E103.9_N1.2_20200419_L1A0004749016-PAN20_crop4,37,a23da7dc0c4a1521797ffbb4e212f5adbf766717ff982a763c92dc20755cba93,1,1,ok
train,shiyan/data/labels/train/E103.9_N1.2_20200419_L1A0004749016-PAN20_crop5.txt,E103.9_N1.2_20200419_L1A0004749016-PAN20_crop5,37,9020ef76e3465c47855054c94f241ab185298f2a267ebbb1fffdbb9cf6285d39,1,1,ok
train,shiyan/data/labels/train/E103.9_N1.2_20200419_L1A0004749016-PAN21_crop1.txt,E103.9_N1.2_20200419_L1A0004749016-PAN21_crop1,37,0b42e5f24d0fbe3524f478288119b7b2fc96afed2a92979e6a7127515d454eb6,1,1,ok
train,shiyan/data/labels/train/E103.9_N1.2_20200419_L1A0004749016-PAN21_crop2.txt,E103.9_N1.2_20200419_L1A0004749016-PAN21_crop2,37,1fd439ee77d5363d884ac71cb9e9b5700294f80533ebcb390116894aace250ee,1,1,ok
train,shiyan/data/labels/train/E103.9_N1.2_20200419_L1A0004749016-PAN21_crop3.txt,E103.9_N1.2_20200419_L1A0004749016-PAN21_crop3,76,14fb56d5708f5bbe8269dbad97502527a1ab5bc81b77f314942e6cdf4d95dcbe,2,2,ok
train,shiyan/data/labels/train/E103.9_N1.2_20200419_L1A0004749016-PAN21_crop5.txt,E103.9_N1.2_20200419_L1A0004749016-PAN21_crop5,37,43a28215a9fe5513193c98e0e8dde197ebc947065476726eb8bbdf8cc0e96445,1,1,ok
train,shiyan/data/labels/train/E103.9_N1.2_20200419_L1A0004749016-PAN21_crop6.txt,E103.9_N1.2_20200419_L1A0004749016-PAN21_crop6,37,88dc9d97ea4824967ab552bb27282848b533a324a2d99dd8675141172202ccbf,1,1,ok
train,shiyan/data/labels/train/E103.9_N1.2_20200419_L1A0004749016-PAN21_crop8.txt,E103.9_N1.2_20200419_L1A0004749016-PAN21_crop8,37,de599ecd46c84064774b3372c772450906923d120945ff1e058f1b91b4ca064f,1,1,ok
train,shiyan/data/labels/train/E103.9_N1.2_20200419_L1A0004749016-PAN22_crop10.txt,E103.9_N1.2_20200419_L1A0004749016-PAN22_crop10,115,ce034598c7aded430d6d3a4d2044d9a65341b8d1f890d8cb384798fd62e82847,3,3,ok
train,shiyan/data/labels/train/E103.9_N1.2_20200419_L1A0004749016-PAN22_crop3.txt,E103.9_N1.2_20200419_L1A0004749016-PAN22_crop3,154,07f2def8fdbc4490709b1269db4e488b1ed46ed96cfafd4e16fbbe6f0b2252ad,4,4,ok
train,shiyan/data/labels/train/E103.9_N1.2_20200419_L1A0004749016-PAN22_crop4.txt,E103.9_N1.2_20200419_L1A0004749016-PAN22_crop4,115,55b79c4395dba3bbc3f6ee7f7c3ac1a26fc6bbcffae726cd2b904dae44f5ce3a,3,3,ok
train,shiyan/data/labels/train/E103.9_N1.2_20200419_L1A0004749016-PAN22_crop5.txt,E103.9_N1.2_20200419_L1A0004749016-PAN22_crop5,76,c94c828b5513cc6bbedaea449db7102b19c49d1751c7801b3023e68ce2d38b36,2,2,ok
train,shiyan/data/labels/train/E103.9_N1.2_20200419_L1A0004749016-PAN22_crop6.txt,E103.9_N1.2_20200419_L1A0004749016-PAN22_crop6,115,1a523c8f12736b33ce6e6e194369a42caa990badca53950b62600c2626182e95,3,3,ok
train,shiyan/data/labels/train/E103.9_N1.2_20200419_L1A0004749016-PAN22_crop8.txt,E103.9_N1.2_20200419_L1A0004749016-PAN22_crop8,115,519f0e183ae23aa413a179046f00d9931be22bb4c134a5b53b5458bc7d357396,3,3,ok
train,shiyan/data/labels/train/E103.9_N1.2_20200419_L1A0004749016-PAN24_crop1.txt,E103.9_N1.2_20200419_L1A0004749016-PAN24_crop1,37,b35ef40a315fe0c9f5c757287550301695d82894e0c257bbb4995a8ea5730344,1,1,ok
train,shiyan/data/labels/train/E103.9_N1.2_20200419_L1A0004749016-PAN25_crop1.txt,E103.9_N1.2_20200419_L1A0004749016-PAN25_crop1,37,83125b824226b0a9d568ffe4ec6312d0094b4dd4bd9b877ce563271e4060b18c,1,1,ok
train,shiyan/data/labels/train/E103.9_N1.2_20200419_L1A0004749016-PAN25_crop10.txt,E103.9_N1.2_20200419_L1A0004749016-PAN25_crop10,76,98d04fe77e58d3b4a30b856e428014b547ae3224ccf8e6d4d78ef456ee5af295,2,2,ok
train,shiyan/data/labels/train/E103.9_N1.2_20200419_L1A0004749016-PAN25_crop11.txt,E103.9_N1.2_20200419_L1A0004749016-PAN25_crop11,76,9f40ce2cc1357c0dd831c9f184f9583dc0339930a630c44fb8bc740fde078ca6,2,2,ok
train,shiyan/data/labels/train/E103.9_N1.2_20200419_L1A0004749016-PAN25_crop13.txt,E103.9_N1.2_20200419_L1A0004749016-PAN25_crop13,115,345fb29f706f1ebc5c47932e79f932a51ce3439c0995f2cb57983fc85d60059a,3,3,ok
train,shiyan/data/labels/train/E103.9_N1.2_20200419_L1A0004749016-PAN25_crop14.txt,E103.9_N1.2_20200419_L1A0004749016-PAN25_crop14,37,d9c7fb652f6d4fe5d17c99d8ebe46faf0663e0f8b8025a9332bf9702214a6191,1,1,ok
train,shiyan/data/labels/train/E103.9_N1.2_20200419_L1A0004749016-PAN25_crop16.txt,E103.9_N1.2_20200419_L1A0004749016-PAN25_crop16,37,06d3cbb674c0813e498a95d5cb32855f9ec858e83dfb645165ddf6465ad7b111,1,1,ok
train,shiyan/data/labels/train/E103.9_N1.2_20200419_L1A0004749016-PAN25_crop17.txt,E103.9_N1.2_20200419_L1A0004749016-PAN25_crop17,115,afe39d4bdefacaa2d47779f1c669fcc5f02996cb21f5d04ce1876a16da05f440,3,3,ok
train,shiyan/data/labels/train/E103.9_N1.2_20200419_L1A0004749016-PAN25_crop18.txt,E103.9_N1.2_20200419_L1A0004749016-PAN25_crop18,76,243c93d6f3384cd0c5c85977ec74af6aebe5501877c903f0498629d3b3f5e2b2,2,2,ok
train,shiyan/data/labels/train/E103.9_N1.2_20200419_L1A0004749016-PAN25_crop19.txt,E103.9_N1.2_20200419_L1A0004749016-PAN25_crop19,37,f1a3e373a6fa13d27396966176df62e1984aabe543f09b7ab633b4ae1d7490e1,1,1,ok
train,shiyan/data/labels/train/E103.9_N1.2_20200419_L1A0004749016-PAN25_crop2.txt,E103.9_N1.2_20200419_L1A0004749016-PAN25_crop2,76,a9b2a072369314e771aae753ee7fde5ab8ef8dfd02cecc203701921694ac8864,2,2,ok
train,shiyan/data/labels/train/E103.9_N1.2_20200419_L1A0004749016-PAN25_crop20.txt,E103.9_N1.2_20200419_L1A0004749016-PAN25_crop20,37,1c8924be829610e4b857be308fbced79400e342d2490c3f1afdbf51e91a8679c,1,1,ok
train,shiyan/data/labels/train/E103.9_N1.2_20200419_L1A0004749016-PAN25_crop21.txt,E103.9_N1.2_20200419_L1A0004749016-PAN25_crop21,37,8d3b36267af324eafbc508f98bdf44df2645a4ebcad8926d6d5a1e9206c6ecfc,1,1,ok
train,shiyan/data/labels/train/E103.9_N1.2_20200419_L1A0004749016-PAN25_crop23.txt,E103.9_N1.2_20200419_L1A0004749016-PAN25_crop23,37,b6d8e0257ae091f9e3da3f78fe5c02a397de439271bf65f65a4cc583b3edacf0,1,1,ok
train,shiyan/data/labels/train/E103.9_N1.2_20200419_L1A0004749016-PAN25_crop24.txt,E103.9_N1.2_20200419_L1A0004749016-PAN25_crop24,37,0d4110637ae6aeeb519269681ab7ba0693d924d6765685d72f23fff577effc7b,1,1,ok
train,shiyan/data/labels/train/E103.9_N1.2_20200419_L1A0004749016-PAN25_crop25.txt,E103.9_N1.2_20200419_L1A0004749016-PAN25_crop25,37,7cf872de6d0b6602c5d033fb808f6a9341f2e49b396efe6e55822ccd76306d3e,1,1,ok
train,shiyan/data/labels/train/E103.9_N1.2_20200419_L1A0004749016-PAN25_crop26.txt,E103.9_N1.2_20200419_L1A0004749016-PAN25_crop26,37,dec94dbb03da0122a072d110f957bf4c7ef9d611a7e41a341a7bb807c11c7ad8,1,1,ok
train,shiyan/data/labels/train/E103.9_N1.2_20200419_L1A0004749016-PAN25_crop27.txt,E103.9_N1.2_20200419_L1A0004749016-PAN25_crop27,76,efecf1594b952067fd5dcc9f7cf073d569743f62476fb76c81776f418fe34890,2,2,ok
train,shiyan/data/labels/train/E103.9_N1.2_20200419_L1A0004749016-PAN25_crop5.txt,E103.9_N1.2_20200419_L1A0004749016-PAN25_crop5,76,77f31a9d33d18cf0ddc5e5d9eede48cb24548a05930013d31768b7ee0b554bfe,2,2,ok
train,shiyan/data/labels/train/E103.9_N1.2_20200419_L1A0004749016-PAN25_crop6.txt,E103.9_N1.2_20200419_L1A0004749016-PAN25_crop6,76,7e00fa90fca4e28d13b41eb860eec763c58e49106e5c40a7954b70b5feb40293,2,2,ok
train,shiyan/data/labels/train/E103.9_N1.2_20200419_L1A0004749016-PAN25_crop7.txt,E103.9_N1.2_20200419_L1A0004749016-PAN25_crop7,37,3740ac5cddf023471774dbbccb855c51ef500ba7e336bb6bc0717297937e664a,1,1,ok
train,shiyan/data/labels/train/E103.9_N1.2_20200419_L1A0004749016-PAN26_crop1.txt,E103.9_N1.2_20200419_L1A0004749016-PAN26_crop1,37,856a429d5a51f36503c121a12e13f512b09ced8f62a5634290a81fdc80d66ff3,1,1,ok
train,shiyan/data/labels/train/E103.9_N1.2_20200419_L1A0004749016-PAN26_crop10.txt,E103.9_N1.2_20200419_L1A0004749016-PAN26_crop10,37,32c1a74adffd86d204affb6cdefdb08fe74ea082d00a379ceb6e759df5bb4836,1,1,ok
train,shiyan/data/labels/train/E103.9_N1.2_20200419_L1A0004749016-PAN26_crop11.txt,E103.9_N1.2_20200419_L1A0004749016-PAN26_crop11,76,b16f4deae85c6f267afc6cc1986d5e5b3e1620493ecc10180f491f982e621ddc,2,2,ok
train,shiyan/data/labels/train/E103.9_N1.2_20200419_L1A0004749016-PAN26_crop12.txt,E103.9_N1.2_20200419_L1A0004749016-PAN26_crop12,37,7c1f90eb79230ce5901fa72b43972cf34a660983c8ccbed42408e1e355f9fbdb,1,1,ok
train,shiyan/data/labels/train/E103.9_N1.2_20200419_L1A0004749016-PAN26_crop14.txt,E103.9_N1.2_20200419_L1A0004749016-PAN26_crop14,37,fcf2d9d284758b8db92b5460185d9e1260c5a6eaa485bb06df5901d4783a6383,1,1,ok
train,shiyan/data/labels/train/E103.9_N1.2_20200419_L1A0004749016-PAN26_crop15.txt,E103.9_N1.2_20200419_L1A0004749016-PAN26_crop15,115,ffb31b5dd989f4183a8325661ebc4774bb8da5b77d323781254561a0d3c4c0f9,3,3,ok
train,shiyan/data/labels/train/E103.9_N1.2_20200419_L1A0004749016-PAN26_crop16.txt,E103.9_N1.2_20200419_L1A0004749016-PAN26_crop16,76,8290e8584f5989d3e68976d736285a92754f00df79ff40c764b350145f656019,2,2,ok
train,shiyan/data/labels/train/E103.9_N1.2_20200419_L1A0004749016-PAN26_crop17.txt,E103.9_N1.2_20200419_L1A0004749016-PAN26_crop17,115,52001d985ba6e99c05811339aae6fe4fa9db03740fc75e94288028133faa9465,3,3,ok
train,shiyan/data/labels/train/E103.9_N1.2_20200419_L1A0004749016-PAN26_crop18.txt,E103.9_N1.2_20200419_L1A0004749016-PAN26_crop18,115,32724848dbc7bcd80371fea68aa3e2c08d7fec3316ef2cc03687553698a30f3e,3,3,ok
train,shiyan/data/labels/train/E103.9_N1.2_20200419_L1A0004749016-PAN26_crop19.txt,E103.9_N1.2_20200419_L1A0004749016-PAN26_crop19,76,8f6955f43350a66f5acc2dbde895967bafe7e73a23bbe82fa96012a73e207590,2,2,ok
train,shiyan/data/labels/train/E103.9_N1.2_20200419_L1A0004749016-PAN26_crop2.txt,E103.9_N1.2_20200419_L1A0004749016-PAN26_crop2,76,fb4a9dcaf92ccc2e4b91950275c7bab685990937a3efec70596d5474cdde90df,2,2,ok
train,shiyan/data/labels/train/E103.9_N1.2_20200419_L1A0004749016-PAN26_crop3.txt,E103.9_N1.2_20200419_L1A0004749016-PAN26_crop3,37,8d8ea4a771b5c234ac9af88ef29dec019fa24ef2552fc3925ed056abb3887165,1,1,ok
train,shiyan/data/labels/train/E103.9_N1.2_20200419_L1A0004749016-PAN26_crop4.txt,E103.9_N1.2_20200419_L1A0004749016-PAN26_crop4,76,c0485bd2a709d0ff55faef91793e60ad07f8daa2aaf4d96cc953d160220ce4f6,2,2,ok
train,shiyan/data/labels/train/E103.9_N1.2_20200419_L1A0004749016-PAN26_crop5.txt,E103.9_N1.2_20200419_L1A0004749016-PAN26_crop5,37,5b32ef0b586afc93e5860c5e180d9c28442a8a13387dbb72ba2cda568985d544,1,1,ok
train,shiyan/data/labels/train/E103.9_N1.2_20200419_L1A0004749016-PAN26_crop6.txt,E103.9_N1.2_20200419_L1A0004749016-PAN26_crop6,37,a77e498ffdb0cfe79b7982b90715d7acf03bb7fddbea75d53ce173ddca87f4ca,1,1,ok
train,shiyan/data/labels/train/E103.9_N1.2_20200419_L1A0004749016-PAN26_crop7.txt,E103.9_N1.2_20200419_L1A0004749016-PAN26_crop7,76,afd9b5c6ae7438fc3d05c5d8b60312dda36d0031e55cc3b08b133df3d7ad5966,2,2,ok
train,shiyan/data/labels/train/E103.9_N1.2_20200419_L1A0004749016-PAN26_crop9.txt,E103.9_N1.2_20200419_L1A0004749016-PAN26_crop9,115,9dc5f612f605efc56db45371db275823d4c54c33e7beaa5fd88ff399b7cbaff8,3,3,ok
train,shiyan/data/labels/train/E103.9_N1.2_20200419_L1A0004749016-PAN27_crop1.txt,E103.9_N1.2_20200419_L1A0004749016-PAN27_crop1,37,7edaf5f8382fa1f1ee9b1330eebc920ca1580e5ac41059069f5f2495a84a30a6,1,1,ok
train,shiyan/data/labels/train/E103.9_N1.2_20200419_L1A0004749016-PAN27_crop10.txt,E103.9_N1.2_20200419_L1A0004749016-PAN27_crop10,37,25d22100842ab18e311231f06ccd8d637d1327d7651752fb5bf6690ccb047455,1,1,ok
train,shiyan/data/labels/train/E103.9_N1.2_20200419_L1A0004749016-PAN27_crop11.txt,E103.9_N1.2_20200419_L1A0004749016-PAN27_crop11,37,4c8395b57b71a9445302d703bd519f4d2a8a654537ae6fdcdd705fff2c3c5a96,1,1,ok
train,shiyan/data/labels/train/E103.9_N1.2_20200419_L1A0004749016-PAN27_crop12.txt,E103.9_N1.2_20200419_L1A0004749016-PAN27_crop12,76,13e61eeff9f2b5b811f3985d0e6700a350fdd5c50ac29bc15c3d80c413a899bc,2,2,ok
train,shiyan/data/labels/train/E103.9_N1.2_20200419_L1A0004749016-PAN27_crop13.txt,E103.9_N1.2_20200419_L1A0004749016-PAN27_crop13,115,070e8b03d4015ce8fa573f1d7dda42ff7293952bca0e6529d0bff8f96a3c8ff7,3,3,ok
train,shiyan/data/labels/train/E103.9_N1.2_20200419_L1A0004749016-PAN27_crop14.txt,E103.9_N1.2_20200419_L1A0004749016-PAN27_crop14,37,d2f5371176a1ee45c4e34af8832dc60c1e33a71daa727c75fe070c09a73ddbc2,1,1,ok
train,shiyan/data/labels/train/E103.9_N1.2_20200419_L1A0004749016-PAN27_crop16.txt,E103.9_N1.2_20200419_L1A0004749016-PAN27_crop16,37,7c75cc674925004f7b8ba443b05e7f1d4029077690d0961ddddd2b0e1db7433d,1,1,ok
train,shiyan/data/labels/train/E103.9_N1.2_20200419_L1A0004749016-PAN27_crop18.txt,E103.9_N1.2_20200419_L1A0004749016-PAN27_crop18,37,423e6eaba5e04fdcd85892903ff088774de284a2f27e86a9cda5796a73a45959,1,1,ok
train,shiyan/data/labels/train/E103.9_N1.2_20200419_L1A0004749016-PAN27_crop19.txt,E103.9_N1.2_20200419_L1A0004749016-PAN27_crop19,37,d02d5cf091c095748dfef51fa211e8e0b9ad5446580b0d26b9565d9d23f49c75,1,1,ok
train,shiyan/data/labels/train/E103.9_N1.2_20200419_L1A0004749016-PAN27_crop2.txt,E103.9_N1.2_20200419_L1A0004749016-PAN27_crop2,37,fc5cdc9e413d8f099772a2e27444d206a770b2dfbedcd8e9f87e570d1a37ec6f,1,1,ok
train,shiyan/data/labels/train/E103.9_N1.2_20200419_L1A0004749016-PAN27_crop20.txt,E103.9_N1.2_20200419_L1A0004749016-PAN27_crop20,37,d38efeb1a9538ce0ce914807853ad061b632dc4806e89e0ead6ae087aafea0fb,1,1,ok
train,shiyan/data/labels/train/E103.9_N1.2_20200419_L1A0004749016-PAN27_crop4.txt,E103.9_N1.2_20200419_L1A0004749016-PAN27_crop4,76,877e00135882672b74d49671fd212cd667ab1fa956edd6239d8c67a476cb6b3c,2,2,ok
train,shiyan/data/labels/train/E103.9_N1.2_20200419_L1A0004749016-PAN27_crop5.txt,E103.9_N1.2_20200419_L1A0004749016-PAN27_crop5,37,08a5bcbf33e9c4828ee72e61984d3c88a432c6253bb05256798ecafd614e055c,1,1,ok
train,shiyan/data/labels/train/E103.9_N1.2_20200419_L1A0004749016-PAN27_crop6.txt,E103.9_N1.2_20200419_L1A0004749016-PAN27_crop6,37,e473f2619a0cc9d5900463606007eed989f6658f0796846f75fe965ff09ac33e,1,1,ok
train,shiyan/data/labels/train/E103.9_N1.2_20200419_L1A0004749016-PAN27_crop7.txt,E103.9_N1.2_20200419_L1A0004749016-PAN27_crop7,76,df5c423356d9d48a6be29538cf4788d3c12218c70e0215d71ea9c840a97a2372,2,2,ok
train,shiyan/data/labels/train/E103.9_N1.2_20200419_L1A0004749016-PAN27_crop8.txt,E103.9_N1.2_20200419_L1A0004749016-PAN27_crop8,76,3bf18279c609f5c107b234f35d1f58edff95799243acf7db8e9980816f47a1d1,2,2,ok
train,shiyan/data/labels/train/E103.9_N1.2_20200419_L1A0004749016-PAN27_crop9.txt,E103.9_N1.2_20200419_L1A0004749016-PAN27_crop9,76,ec87949a071e588be04e4bdddd4c8d76a3aed04fc3a8b700aedb5728592f713e,2,2,ok
train,shiyan/data/labels/train/E103.9_N1.2_20200419_L1A0004749016-PAN28_crop1.txt,E103.9_N1.2_20200419_L1A0004749016-PAN28_crop1,37,c8475eacfca490927c0bd4fb144789b8bd22b4b179b96342ece62ac582102c57,1,1,ok
train,shiyan/data/labels/train/E103.9_N1.2_20200419_L1A0004749016-PAN28_crop3.txt,E103.9_N1.2_20200419_L1A0004749016-PAN28_crop3,37,e0f68366b469ea656df689eefb1db9b4dd9c9d951dc858158a7d251688b16988,1,1,ok
train,shiyan/data/labels/train/E103.9_N1.2_20200419_L1A0004749016-PAN28_crop4.txt,E103.9_N1.2_20200419_L1A0004749016-PAN28_crop4,76,4b47e9b103209f0e6fa6e16bafb262d20739ffd33a82ec0a9d78618d7dde3fda,2,2,ok
train,shiyan/data/labels/train/E103.9_N1.2_20200419_L1A0004749016-PAN28_crop5.txt,E103.9_N1.2_20200419_L1A0004749016-PAN28_crop5,37,10279e1ab5402e0db8af45d5df1ef920c16a9c906f879df9c99e68b212e991be,1,1,ok
train,shiyan/data/labels/train/E103.9_N1.2_20200419_L1A0004749016-PAN28_crop6.txt,E103.9_N1.2_20200419_L1A0004749016-PAN28_crop6,37,30b4d1a131edadd1261ecda6a55fdc37234bd09685a5cb4433be961347a95c05,1,1,ok
train,shiyan/data/labels/train/E103.9_N1.2_20200419_L1A0004749016-PAN28_crop7.txt,E103.9_N1.2_20200419_L1A0004749016-PAN28_crop7,76,aac4017029d3897a37113e789b69829553a06c7ae4f68b71f38838911268819c,2,2,ok
train,shiyan/data/labels/train/E103.9_N1.2_20200419_L1A0004749016-PAN28_crop8.txt,E103.9_N1.2_20200419_L1A0004749016-PAN28_crop8,37,be44f8f3a413a28c03d510a13bb16518780dac375b3d04285f7811cad0baa722,1,1,ok
train,shiyan/data/labels/train/E103.9_N1.2_20200419_L1A0004749016-PAN28_crop9.txt,E103.9_N1.2_20200419_L1A0004749016-PAN28_crop9,37,ec02b4dbb7c3dbf8b4ea5a3bfd3b6a511eeb676a942bf93e66dafc73a55737e1,1,1,ok
train,shiyan/data/labels/train/E103.9_N1.2_20200419_L1A0004749016-PAN29_crop1.txt,E103.9_N1.2_20200419_L1A0004749016-PAN29_crop1,37,d8ee724dd289350d8eb1508d5e4e42c4a8b24991fa1d25b9d6e122a26c640042,1,1,ok
train,shiyan/data/labels/train/E103.9_N1.2_20200419_L1A0004749016-PAN29_crop2.txt,E103.9_N1.2_20200419_L1A0004749016-PAN29_crop2,37,88db40a5633cb13924d0b7b03596bf9ab8839ad572f6ce1fcbfbaaf19191f7f5,1,1,ok
train,shiyan/data/labels/train/E112.9_N9.5_20151204_L1A0001219553-PAN22_crop1.txt,E112.9_N9.5_20151204_L1A0001219553-PAN22_crop1,76,c0fb745005a06780c739f76941707b18a6f37585bf599fa3ef3da8873fc1acd5,2,2,ok
train,shiyan/data/labels/train/E112.9_N9.5_20151204_L1A0001219553-PAN22_crop2.txt,E112.9_N9.5_20151204_L1A0001219553-PAN22_crop2,37,b80db6a14750184a9ff1f2514392867f0c2e0b37237985524639dc0b4dad12a8,1,1,ok
train,shiyan/data/labels/train/E112.9_N9.5_20151204_L1A0001219553-PAN22_crop3.txt,E112.9_N9.5_20151204_L1A0001219553-PAN22_crop3,388,02d4e1860fc09ec6020cc7068c8b4d89f4157739069d9cfdd17bb22d40b869cc,10,10,ok
train,shiyan/data/labels/train/E112.9_N9.5_20151204_L1A0001219553-PAN22_crop5.txt,E112.9_N9.5_20151204_L1A0001219553-PAN22_crop5,37,6dd85e0d60c4c384371a81b413ea4b5765795e287a2d2c141511037297bf4f87,1,1,ok
train,shiyan/data/labels/train/E120.2_N14.7_20161023_L1A0001910573-PAN10_crop1.txt,E120.2_N14.7_20161023_L1A0001910573-PAN10_crop1,37,ee82b03287000a3204be5c4ed4c62af65d8bc2732b2e19b4b3c4282738b8f490,1,1,ok
train,shiyan/data/labels/train/E120.2_N14.7_20161023_L1A0001910573-PAN12_crop1.txt,E120.2_N14.7_20161023_L1A0001910573-PAN12_crop1,76,edee5300e8d7094678b2cabcdb413baada94669eda2342159b1abf492fa44f48,2,2,ok
train,shiyan/data/labels/train/E120.2_N14.7_20161023_L1A0001910573-PAN12_crop2.txt,E120.2_N14.7_20161023_L1A0001910573-PAN12_crop2,154,b5f6c93976e6fcdc2fb0763ffcbeb8c0e96b88d1501b9b5530f02b3a98502cd6,4,4,ok
train,shiyan/data/labels/train/E120.2_N14.7_20161023_L1A0001910573-PAN12_crop4.txt,E120.2_N14.7_20161023_L1A0001910573-PAN12_crop4,154,91697830c864750459dcfdab072e4f819fb87bca4f580d087297b0b3a6f0fc17,4,4,ok
train,shiyan/data/labels/train/E120.2_N14.7_20161023_L1A0001910573-PAN15_crop2.txt,E120.2_N14.7_20161023_L1A0001910573-PAN15_crop2,37,4b6cd3c211bd0dfaa6e0bfdea5d8ec54b0bf3e8a4143f30e3005092d9bda3dc8,1,1,ok
train,shiyan/data/labels/train/E120.2_N14.7_20161023_L1A0001910573-PAN15_crop3.txt,E120.2_N14.7_20161023_L1A0001910573-PAN15_crop3,115,1ed49493f6a4b10d772fb11ab0f667b59e26ed06c59cede1cd69fc8af36bd0e0,3,3,ok
train,shiyan/data/labels/train/E120.2_N14.7_20161023_L1A0001910573-PAN15_crop4.txt,E120.2_N14.7_20161023_L1A0001910573-PAN15_crop4,115,fe78950ea0e839eb7c295e898c6c389c4107ddb1fb0a86399fa014827fa0f349,3,3,ok
train,shiyan/data/labels/train/E120.2_N14.7_20161023_L1A0001910573-PAN19_crop1.txt,E120.2_N14.7_20161023_L1A0001910573-PAN19_crop1,115,c5e77173781a4202c5cd53e6e632cba78584eff7148fd55b4be3bd82b20e5307,3,3,ok
train,shiyan/data/labels/train/E120.2_N14.7_20161023_L1A0001910573-PAN19_crop2.txt,E120.2_N14.7_20161023_L1A0001910573-PAN19_crop2,37,54ce326bd1b3d235adaf8931c22adb837a76e435cec19c8a7aaeb8ec08336e58,1,1,ok
train,shiyan/data/labels/train/E120.2_N14.7_20161023_L1A0001910573-PAN19_crop3.txt,E120.2_N14.7_20161023_L1A0001910573-PAN19_crop3,37,2efb6bca47b0ea521c911d5f4156754cfbc15bb3d07bb5732df2c0ef52d8eb3a,1,1,ok
train,shiyan/data/labels/train/E120.2_N14.7_20161023_L1A0001910573-PAN19_crop6.txt,E120.2_N14.7_20161023_L1A0001910573-PAN19_crop6,115,25de3fa87cc3966b1a3ff6fd12e36254a63b4f0c8b6b5a6eb59980eb825ca5b2,3,3,ok
train,shiyan/data/labels/train/E120.2_N14.7_20190309_L1A0003875932-PAN10_crop1.txt,E120.2_N14.7_20190309_L1A0003875932-PAN10_crop1,37,2940a1122af5b04a978e390d1efe1bd5638f529bb5ca5dc957b0a7f66e09e38a,1,1,ok
train,shiyan/data/labels/train/E120.2_N14.7_20190309_L1A0003875932-PAN10_crop2.txt,E120.2_N14.7_20190309_L1A0003875932-PAN10_crop2,37,100ab03fc9c04247c7ce1f7f4c7ca7f2c681aea7582ea6b83636c95a17b4926c,1,1,ok
train,shiyan/data/labels/train/E120.2_N14.7_20190309_L1A0003875932-PAN13_crop1.txt,E120.2_N14.7_20190309_L1A0003875932-PAN13_crop1,37,d62ebbfc2a049bcf246d75c004e65093b9a6e244c3fd443377bb01f9a6430609,1,1,ok
train,shiyan/data/labels/train/E120.2_N14.7_20190309_L1A0003875932-PAN14_crop1.txt,E120.2_N14.7_20190309_L1A0003875932-PAN14_crop1,37,d7f18c1cba8777e76abd5c7d4b831c6ee120c807550e9876f122a8c5e40267d3,1,1,ok
train,shiyan/data/labels/train/E120.2_N14.7_20190309_L1A0003875932-PAN17_crop1.txt,E120.2_N14.7_20190309_L1A0003875932-PAN17_crop1,37,8665e8c20f56b57a4de558b227a70e974fd0313e023109df6dee04da6f48cc8c,1,1,ok
train,shiyan/data/labels/train/E120.2_N14.9_20190309_L1A0003875931-PAN11_crop1.txt,E120.2_N14.9_20190309_L1A0003875931-PAN11_crop1,37,b17273125d942b5195c1e1e624642041e1b6887f60bb1dda91438832f66aedb9,1,1,ok
train,shiyan/data/labels/train/E120.2_N14.9_20190309_L1A0003875931-PAN13_crop1.txt,E120.2_N14.9_20190309_L1A0003875931-PAN13_crop1,76,1e3c854aa74fb2a1de8750073786b7c3d4b0611fd5d9117141d2f2e3e964eda9,2,2,ok
train,shiyan/data/labels/train/E120.2_N14.9_20190309_L1A0003875931-PAN15_crop2.txt,E120.2_N14.9_20190309_L1A0003875931-PAN15_crop2,76,85e299da24fa43fa554c6e08e4583e7deb62518ca87432b9e70bae201af9a525,2,2,ok
train,shiyan/data/labels/train/E120.2_N14.9_20190309_L1A0003875931-PAN15_crop3.txt,E120.2_N14.9_20190309_L1A0003875931-PAN15_crop3,37,962b09c5666a56f9141d95863345a8bd66fc3b19944c57b348a03ef7734a7f26,1,1,ok
train,shiyan/data/labels/train/E120.2_N14.9_20190309_L1A0003875931-PAN15_crop4.txt,E120.2_N14.9_20190309_L1A0003875931-PAN15_crop4,37,cf30bc251641f4ea57e0aa0a622335c5fdaefe9e6a574f5381a0dd29e96a8f91,1,1,ok
train,shiyan/data/labels/train/E120.2_N14.9_20190309_L1A0003875931-PAN15_crop5.txt,E120.2_N14.9_20190309_L1A0003875931-PAN15_crop5,76,315ce9b65f57c0ef0aaff8046ec7832d4879fa3b1843874b613fc9960c5ccf4a,2,2,ok
train,shiyan/data/labels/train/E121.9_N31.2_20181003_L2A0003786874-PAN11_crop1.txt,E121.9_N31.2_20181003_L2A0003786874-PAN11_crop1,37,68e85a0225509ded026ba50f1daa3cb1d21501b379f7457387bac9c70891e8a0,1,1,ok
train,shiyan/data/labels/train/E121.9_N31.2_20181003_L2A0003786874-PAN11_crop2.txt,E121.9_N31.2_20181003_L2A0003786874-PAN11_crop2,37,f4185b661d4ff1a7db99c906e85d18988e5855c74e27319b2af17b71d48bc781,1,1,ok
train,shiyan/data/labels/train/E121.9_N31.2_20181003_L2A0003786874-PAN12_crop1.txt,E121.9_N31.2_20181003_L2A0003786874-PAN12_crop1,37,2aa8dde6b8aeaf73e9c4dbf1710297dc873f5f3c3682a73f0d8f857c2f1b52f1,1,1,ok
train,shiyan/data/labels/train/E121.9_N31.2_20181003_L2A0003786874-PAN12_crop2.txt,E121.9_N31.2_20181003_L2A0003786874-PAN12_crop2,37,ca38b4f8054779010dec62c347f2b51e0a866e3a31fc9008f5f8c20aa11aba80,1,1,ok
train,shiyan/data/labels/train/E121.9_N31.2_20181003_L2A0003786874-PAN14_crop1.txt,E121.9_N31.2_20181003_L2A0003786874-PAN14_crop1,115,806f31c15bc9da12da9c04a0b0f2c8692c9437fa74cf7283addc6fd5d95a04fe,3,3,ok
train,shiyan/data/labels/train/E121.9_N31.2_20181003_L2A0003786874-PAN14_crop2.txt,E121.9_N31.2_20181003_L2A0003786874-PAN14_crop2,76,7b74723c500f1d4c87321ef66dfeaa83bea52f141f5315de51ef73d5e9fa3231,2,2,ok
train,shiyan/data/labels/train/E121.9_N31.2_20181003_L2A0003786874-PAN14_crop3.txt,E121.9_N31.2_20181003_L2A0003786874-PAN14_crop3,37,63b266aa49c6c91cc4b37153d24f64be81ca23ec67480856fe54833747f0d1f9,1,1,ok
train,shiyan/data/labels/train/E121.9_N31.2_20181003_L2A0003786874-PAN15_crop1.txt,E121.9_N31.2_20181003_L2A0003786874-PAN15_crop1,76,e114a9af8a6f95a8116ae1d04dbb9527d3c2ec3c62a13539db22467774a66d46,2,2,ok
train,shiyan/data/labels/train/E121.9_N31.2_20181003_L2A0003786874-PAN15_crop2.txt,E121.9_N31.2_20181003_L2A0003786874-PAN15_crop2,37,01dfc89f3184af7c1168190817e2279f173b51b31918bf4567b44e5ce85d4d74,1,1,ok
train,shiyan/data/labels/train/E121.9_N31.2_20181003_L2A0003786874-PAN15_crop3.txt,E121.9_N31.2_20181003_L2A0003786874-PAN15_crop3,37,fa6d3bb43449e5d1ec5d6fad1e780d28c954b921831423ecd6b554a0fd829bb2,1,1,ok
train,shiyan/data/labels/train/E121.9_N31.2_20181003_L2A0003786874-PAN18_crop1.txt,E121.9_N31.2_20181003_L2A0003786874-PAN18_crop1,37,e7627fd0eb83022dc51611345306001012660f1601bd3151d521513e25fd685b,1,1,ok
train,shiyan/data/labels/train/E121.9_N31.2_20181003_L2A0003786874-PAN18_crop2.txt,E121.9_N31.2_20181003_L2A0003786874-PAN18_crop2,37,cf25dd7f317528c50d167d9c79c37c34824c360914ea17104cba9b3c1dc40b5e,1,1,ok
train,shiyan/data/labels/train/E127.6_N26.2_20190313_L1A0003881008-PAN18_crop1.txt,E127.6_N26.2_20190313_L1A0003881008-PAN18_crop1,37,e3e4d7a1ef506feba53c1321174384f64259938477071a7d095a093d6498f123,1,1,ok
train,shiyan/data/labels/train/E127.9_N26.4_20170304_L1A0002218828-PAN14_crop1.txt,E127.9_N26.4_20170304_L1A0002218828-PAN14_crop1,76,d1b248674d55a6f0b637c7860cc692875122044fc64853daf29f839d370e7539,2,2,ok
train,shiyan/data/labels/train/E127.9_N26.4_20170304_L1A0002218828-PAN14_crop2.txt,E127.9_N26.4_20170304_L1A0002218828-PAN14_crop2,37,3f206b82b8122d28db43122b87be3ca5c94777636ea8ca553734fe925f2b1c3a,1,1,ok
train,shiyan/data/labels/train/E127.9_N26.4_20181214_L1A0003681395-PAN18_crop1.txt,E127.9_N26.4_20181214_L1A0003681395-PAN18_crop1,37,b45fb32ee39a6d1ad0f3682805e57f480c9ce26e484f7376556309698111f3b9,1,1,ok
train,shiyan/data/labels/train/E128.0_N26.3_20180531_L1A0003228719-PAN20_crop1.txt,E128.0_N26.3_20180531_L1A0003228719-PAN20_crop1,37,7fc163a72634315894b152904f17521e8006d937825ad5ed78054ad6031e10db,1,1,ok
train,shiyan/data/labels/train/E129.6_N33.1_20161027_L1A0001918498-PAN25_crop2.txt,E129.6_N33.1_20161027_L1A0001918498-PAN25_crop2,115,4d657c033a21ad524ba294f3896d6c6bce882efbdece8b8d6dc7a1408a0b3845,3,3,ok
train,shiyan/data/labels/train/E129.6_N33.1_20161027_L1A0001931206-PAN29_crop1.txt,E129.6_N33.1_20161027_L1A0001931206-PAN29_crop1,193,83dc3e2caf352564dbb0a15f22fd05ddb12130572009dc624dd54790e800c421,5,5,ok
train,shiyan/data/labels/train/E129.6_N33.1_20161027_L1A0001931206-PAN29_crop2.txt,E129.6_N33.1_20161027_L1A0001931206-PAN29_crop2,154,94d50bd21c614a9fb7cab5662e3b2d90fd682604bee538a773bb5728ed2bd68a,4,4,ok
train,shiyan/data/labels/train/E129.6_N33.1_20161027_L1A0001931206-PAN29_crop3.txt,E129.6_N33.1_20161027_L1A0001931206-PAN29_crop3,76,19aad73d2344420ce217deb29857234ef86c68909c732f36822d4c339c1dc1d9,2,2,ok
train,shiyan/data/labels/train/E129.6_N33.1_20161027_L1A0001931206-PAN29_crop5.txt,E129.6_N33.1_20161027_L1A0001931206-PAN29_crop5,76,45364d492d7a44554dc6f74edb1744cf29cef906fa679d82573d33a7026ee6d2,2,2,ok
train,shiyan/data/labels/train/E129.6_N33.1_20161027_L1A0001931206-PAN29_crop6.txt,E129.6_N33.1_20161027_L1A0001931206-PAN29_crop6,76,156e6a4ea4d6721d438a3890be67d8ae48d4fa7d8f8fca1c90935715508571d2,2,2,ok
train,shiyan/data/labels/train/E129.6_N33.1_20161027_L1A0001931206-PAN29_crop7.txt,E129.6_N33.1_20161027_L1A0001931206-PAN29_crop7,76,d3e360f840e01d1eabbdbb03d869149d8fe0de62b3270586ef270ddf2314ac9c,2,2,ok
train,shiyan/data/labels/train/E129.6_N33.1_20180412_L1A0003117760-PAN23_crop1.txt,E129.6_N33.1_20180412_L1A0003117760-PAN23_crop1,115,ffbf630941fb53020dc539da26249749c985fbe4973356c706b6ebb773a89829,3,3,ok
train,shiyan/data/labels/train/E129.6_N33.1_20180412_L1A0003117760-PAN23_crop2.txt,E129.6_N33.1_20180412_L1A0003117760-PAN23_crop2,310,018069ed6a9e1c234a5ac5521ab1d9c235c42872ef4af6b51effc20653c86a4b,8,8,ok
train,shiyan/data/labels/train/E129.6_N33.1_20180412_L1A0003117760-PAN23_crop3.txt,E129.6_N33.1_20180412_L1A0003117760-PAN23_crop3,37,8a559f8cc1df4149169e5483ad3381ce9741fc0c61ef6174898c1ec4b79b299c,1,1,ok
train,shiyan/data/labels/train/E129.6_N33.1_20180412_L1A0003117760-PAN23_crop4.txt,E129.6_N33.1_20180412_L1A0003117760-PAN23_crop4,349,94c4cb1446e9a0a75b53118f31902f2b1d709c93a2b9fe7896df3a2b0615dbf7,9,9,ok
train,shiyan/data/labels/train/E129.6_N33.1_20180412_L1A0003117760-PAN26_crop1.txt,E129.6_N33.1_20180412_L1A0003117760-PAN26_crop1,37,4381e598f5a4aa30f1aea165b81112b923e38efbe4b10f7e3b955aede8063396,1,1,ok
train,shiyan/data/labels/train/E129.6_N33.1_20180808_L1A0003377803-PAN20_crop1.txt,E129.6_N33.1_20180808_L1A0003377803-PAN20_crop1,115,9810d5db80f8baa7bd93329354f406741a4afab10943e9d6f983d4661988bf21,3,3,ok
train,shiyan/data/labels/train/E129.6_N33.1_20181105_L1A0003574686-PAN21_crop1.txt,E129.6_N33.1_20181105_L1A0003574686-PAN21_crop1,115,d2c0ec3b1a1735ec16ae4623f7a557724751b86458dad603db7b9d7db7969987,3,3,ok
train,shiyan/data/labels/train/E129.6_N33.1_20190620_L1A0004068124-PAN14_crop1.txt,E129.6_N33.1_20190620_L1A0004068124-PAN14_crop1,37,3e970a5ac5893f4192262be6861ec745b89a3cf6759683640f77796c27aa26c0,1,1,ok
train,shiyan/data/labels/train/E129.6_N33.1_20190620_L1A0004068124-PAN18_crop1.txt,E129.6_N33.1_20190620_L1A0004068124-PAN18_crop1,37,3ccc2b67643212eebe17b66d654f2f2451786c382dc70efc62392a2ce9c8a81a,1,1,ok
train,shiyan/data/labels/train/E129.7_N33.1_20190212_L1A0003826486-PAN26_crop1.txt,E129.7_N33.1_20190212_L1A0003826486-PAN26_crop1,115,237c3b6669c96ba6247d6e7f9a8b8b53a7b846545dd2e2cf9dd7027f27809252,3,3,ok
train,shiyan/data/labels/train/E129.7_N33.1_20190212_L1A0003826486-PAN26_crop2.txt,E129.7_N33.1_20190212_L1A0003826486-PAN26_crop2,76,8aa7e8469e58a205082431aaa742d7eef4a07a8fa84250bedce36c0257f7a920,2,2,ok
train,shiyan/data/labels/train/E129.7_N33.1_20190212_L1A0003826486-PAN26_crop3.txt,E129.7_N33.1_20190212_L1A0003826486-PAN26_crop3,193,315b96ce9a24714edc63cf68be77e7bd5b9b2f2265349e871a240251e1e7e3a1,5,5,ok
train,shiyan/data/labels/train/E129.7_N33.1_20190212_L1A0003826486-PAN29_crop1.txt,E129.7_N33.1_20190212_L1A0003826486-PAN29_crop1,76,54ba41f4a5645c4c17fa59b8fce5531a065334c233d907d7c90d81ec6ae74e7d,2,2,ok
train,shiyan/data/labels/train/E129.7_N33.1_20190212_L1A0003826486-PAN29_crop2.txt,E129.7_N33.1_20190212_L1A0003826486-PAN29_crop2,76,aa089f79db8d863530f31fdfc19a5a6a339976c7277a7b0143d99c67e84a5e87,2,2,ok
train,shiyan/data/labels/train/E129.7_N33.1_20191021_L1A0004327310-PAN10_crop1.txt,E129.7_N33.1_20191021_L1A0004327310-PAN10_crop1,154,fd72964497c6ef830a120a54df9d4d477dae61cb5f4a5a10408f72439f16941a,4,4,ok
train,shiyan/data/labels/train/E129.7_N33.1_20191021_L1A0004327310-PAN10_crop2.txt,E129.7_N33.1_20191021_L1A0004327310-PAN10_crop2,37,ad1109532a7da4796199754af1cea1f4ec27ce09391c15cdd2472d3123003583,1,1,ok
train,shiyan/data/labels/train/E129.7_N33.1_20191021_L1A0004327310-PAN10_crop4.txt,E129.7_N33.1_20191021_L1A0004327310-PAN10_crop4,37,abaf75553fea2a375cd74c30d3270498e528c85bca286e324c0740a51c6df879,1,1,ok
train,shiyan/data/labels/train/E129.7_N33.1_20191021_L1A0004327310-PAN10_crop5.txt,E129.7_N33.1_20191021_L1A0004327310-PAN10_crop5,37,951924329ec6a88a5ead4956ac7224b96fa7f2b5828d8712d1a7a5b408902bd9,1,1,ok
train,shiyan/data/labels/train/E129.7_N33.1_20191021_L1A0004327310-PAN14_crop1.txt,E129.7_N33.1_20191021_L1A0004327310-PAN14_crop1,37,93e4c7f00d82531c9f8053d6b1a13774ca6c0b907525394dd37e56ab548c3e85,1,1,ok
train,shiyan/data/labels/train/E129.7_N33.1_20191021_L1A0004327310-PAN15_crop1.txt,E129.7_N33.1_20191021_L1A0004327310-PAN15_crop1,37,4678603377cf8267991db168e5f5ca92caa1fcde27ff006f46b00cd5166af4d4,1,1,ok
train,shiyan/data/labels/train/E129.7_N33.1_20191021_L1A0004327310-PAN17_crop1.txt,E129.7_N33.1_20191021_L1A0004327310-PAN17_crop1,37,dace9979b399573037e304bce79f8d21d77f5b402c07ae27aafa7b9d80e56d26,1,1,ok
train,shiyan/data/labels/train/E129.8_N33.1_20160512_L1A0001578277-PAN18_crop1.txt,E129.8_N33.1_20160512_L1A0001578277-PAN18_crop1,37,ae4c67cf709f712afa8f5f70b179f28193f6bf9ac96e5cb9abd5f24619a36167,1,1,ok
train,shiyan/data/labels/train/E129.8_N33.1_20160512_L1A0001578277-PAN18_crop2.txt,E129.8_N33.1_20160512_L1A0001578277-PAN18_crop2,37,3fd7bb12faa986bace5fb967ba35099fe0504d4677dada0d0873f6ab982cb89b,1,1,ok
train,shiyan/data/labels/train/E129.8_N33.1_20160512_L1A0001578277-PAN18_crop3.txt,E129.8_N33.1_20160512_L1A0001578277-PAN18_crop3,37,a02a3e0d6f83b537b7cb2fa3cf33ec9aec941f8268af60a0a8b765a4a152b3fc,1,1,ok
train,shiyan/data/labels/train/E139.6_N35.2_20170206_L1A0002169368-PAN20_crop1.txt,E139.6_N35.2_20170206_L1A0002169368-PAN20_crop1,37,36c7ba6592f78ec787ab6e5667cc84516b08a6cba1d882f081f85301b40e6295,1,1,ok
train,shiyan/data/labels/train/E139.6_N35.2_20170206_L1A0002169368-PAN20_crop2.txt,E139.6_N35.2_20170206_L1A0002169368-PAN20_crop2,37,f5552d2f4c2ac45519cc5f3d26f7d6c9377b8562b610b5bf9f9e482756c67dbc,1,1,ok
train,shiyan/data/labels/train/E139.6_N35.2_20170206_L1A0002169368-PAN20_crop3.txt,E139.6_N35.2_20170206_L1A0002169368-PAN20_crop3,37,2a5715969fb351848bb80c608cff370e221922382470765fea6c4c9c1a4f54df,1,1,ok
train,shiyan/data/labels/train/E139.6_N35.2_20200404_L1A0004719335-PAN25_crop1.txt,E139.6_N35.2_20200404_L1A0004719335-PAN25_crop1,349,cf5fbd1a6f3afa91901b1d626773e73b57b8310404943603e76c3fa66863a3c0,9,9,ok
train,shiyan/data/labels/train/E139.6_N35.2_20200404_L1A0004719335-PAN25_crop2.txt,E139.6_N35.2_20200404_L1A0004719335-PAN25_crop2,37,d2377c7718cd69ee423db3c520e623f3055151fb73fa98d69407617f3aa49f68,1,1,ok
train,shiyan/data/labels/train/E139.6_N35.2_20200404_L1A0004719335-PAN25_crop4.txt,E139.6_N35.2_20200404_L1A0004719335-PAN25_crop4,37,b79dc14a4bf8ba0dbb71d08bea5548521ae04618a115c545aa86462c62e55efc,1,1,ok
train,shiyan/data/labels/train/E139.6_N35.3_20160202_L1A0001384774-PAN10_crop2.txt,E139.6_N35.3_20160202_L1A0001384774-PAN10_crop2,76,9183cdd19921376efa880e67c221b74a61f5552047ced349fd02fa83fdac4b0c,2,2,ok
train,shiyan/data/labels/train/E139.6_N35.3_20160202_L1A0001384774-PAN12_crop1.txt,E139.6_N35.3_20160202_L1A0001384774-PAN12_crop1,271,45ffe5161112a25d3716e2f6a4de84d997ab07b93a93bc66b0e95451699eaa00,7,7,ok
train,shiyan/data/labels/train/E139.6_N35.3_20160202_L1A0001384774-PAN12_crop4.txt,E139.6_N35.3_20160202_L1A0001384774-PAN12_crop4,37,90072725b6075371962ff39b105b2e28ecbce94312dc519d06644850c6a62362,1,1,ok
train,shiyan/data/labels/train/E139.6_N35.3_20160202_L1A0001384774-PAN17_crop1.txt,E139.6_N35.3_20160202_L1A0001384774-PAN17_crop1,37,97fa5fdfd1c957448275a313d581f62aaa15f60ddba84c4eb31b0d66eb5164b5,1,1,ok
train,shiyan/data/labels/train/E139.6_N35.3_20160202_L1A0001384774-PAN17_crop2.txt,E139.6_N35.3_20160202_L1A0001384774-PAN17_crop2,37,296d550183fe589c92d81689199c57ecfce573eb37325eeb6c5318b2910ed3fb,1,1,ok
train,shiyan/data/labels/train/E139.6_N35.3_20160202_L1A0001384774-PAN17_crop3.txt,E139.6_N35.3_20160202_L1A0001384774-PAN17_crop3,37,51bce26b8b8ff60844f87173cc51d56f3ecf4507bf305f4bda32dd111de8b74a,1,1,ok
train,shiyan/data/labels/train/E139.6_N35.3_20160202_L1A0001384774-PAN19_crop1.txt,E139.6_N35.3_20160202_L1A0001384774-PAN19_crop1,388,15d7d9ad92231176eb0f0899a9ca96089acd495647dbd54a4d71ebab534e2660,10,10,ok
train,shiyan/data/labels/train/E139.6_N35.3_20160202_L1A0001384774-PAN19_crop2.txt,E139.6_N35.3_20160202_L1A0001384774-PAN19_crop2,232,ac00fcd51c7f4868e8fa40a2d64c5419a2f3571c020ab15e418ee11226a524f5,6,6,ok
train,shiyan/data/labels/train/E139.6_N35.3_20160202_L1A0001384774-PAN19_crop4.txt,E139.6_N35.3_20160202_L1A0001384774-PAN19_crop4,37,f125e4b2064eb6f81cf55e85c7e61a48e347d6f731a298295bfa1be78fd9be87,1,1,ok
train,shiyan/data/labels/train/E139.6_N35.3_20160202_L1A0001384774-PAN19_crop5.txt,E139.6_N35.3_20160202_L1A0001384774-PAN19_crop5,37,f4ab9719b106fd42c8cd30f4235f0254bc1fd7f8ac9955663cd3fdc8fc151a5f,1,1,ok
train,shiyan/data/labels/train/E139.6_N35.3_20170122_L1A0002138611-PAN11_crop1.txt,E139.6_N35.3_20170122_L1A0002138611-PAN11_crop1,232,59b0c8f012059b83de3fd59f1882a3abd11e5179c101ee72cb8569f21ca86d17,6,6,ok
train,shiyan/data/labels/train/E139.6_N35.3_20170122_L1A0002138611-PAN11_crop2.txt,E139.6_N35.3_20170122_L1A0002138611-PAN11_crop2,37,478a808e4a3dcf3518936f26c3c339b45cfff328f6ddd66906d4c095cf7c7fb7,1,1,ok
train,shiyan/data/labels/train/E139.6_N35.3_20170122_L1A0002138611-PAN11_crop3.txt,E139.6_N35.3_20170122_L1A0002138611-PAN11_crop3,115,2d645f0c78e938d4109ad57e1b04dc09a15b72edef00c88cbffa11ab0040445e,3,3,ok
train,shiyan/data/labels/train/E139.6_N35.3_20170122_L1A0002138611-PAN11_crop4.txt,E139.6_N35.3_20170122_L1A0002138611-PAN11_crop4,232,c17def475b9bb047630146ac652514038aad161c4c98afdc8e50613488f81779,6,6,ok
train,shiyan/data/labels/train/E139.6_N35.3_20170122_L1A0002138611-PAN11_crop5.txt,E139.6_N35.3_20170122_L1A0002138611-PAN11_crop5,37,3e6cbc153f182f0dfbfc8e5878d6ff89a14815867cce879d82488ccba607f0bb,1,1,ok
train,shiyan/data/labels/train/E139.6_N35.3_20170122_L1A0002138611-PAN11_crop6.txt,E139.6_N35.3_20170122_L1A0002138611-PAN11_crop6,76,b6b30bfde0c1e14929e654772fdeffb17d7b1184b10f683290c9f47ecfdd2983,2,2,ok
train,shiyan/data/labels/train/E139.6_N35.3_20170312_L1A0002233573-PAN11_crop1.txt,E139.6_N35.3_20170312_L1A0002233573-PAN11_crop1,154,f2c3183144cfef88e05cc19de8414885e422d7460233ed3de120ce21e3a553c5,4,4,ok
train,shiyan/data/labels/train/E139.6_N35.3_20170312_L1A0002233573-PAN11_crop3.txt,E139.6_N35.3_20170312_L1A0002233573-PAN11_crop3,37,e706f0f923483a5a2adeb4584350360b40efc87dc6eaca095c74bae6217c651d,1,1,ok
train,shiyan/data/labels/train/E139.6_N35.3_20170312_L1A0002233573-PAN11_crop4.txt,E139.6_N35.3_20170312_L1A0002233573-PAN11_crop4,115,8bbe370caba594169c227e65f10086ba7a8c6da333a152475c08856433d2ab4f,3,3,ok
train,shiyan/data/labels/train/E139.6_N35.3_20170312_L1A0002233573-PAN11_crop5.txt,E139.6_N35.3_20170312_L1A0002233573-PAN11_crop5,232,e8d746d5be59f96619c97131c2094f0e34997990700e5b80aff2d58763ec48e1,6,6,ok
train,shiyan/data/labels/train/E139.6_N35.3_20170312_L1A0002233573-PAN11_crop6.txt,E139.6_N35.3_20170312_L1A0002233573-PAN11_crop6,193,6a815f77828efa765f3244290cde3d45072992477b1c02b27885378666bac541,5,5,ok
train,shiyan/data/labels/train/E139.6_N35.3_20170312_L1A0002233573-PAN12_crop1.txt,E139.6_N35.3_20170312_L1A0002233573-PAN12_crop1,76,cdff87ed29389075a36618528b4a32064ff8936faac4e7059c40eefc1e9323d4,2,2,ok
train,shiyan/data/labels/train/E139.6_N35.3_20170312_L1A0002233573-PAN12_crop2.txt,E139.6_N35.3_20170312_L1A0002233573-PAN12_crop2,310,5130df4d6c622ac57e4cdd268f893e01f044b39cbf2b822e84bc47466244ce66,8,8,ok
train,shiyan/data/labels/train/E139.6_N35.3_20170312_L1A0002233573-PAN12_crop3.txt,E139.6_N35.3_20170312_L1A0002233573-PAN12_crop3,76,522ae3f3d18541365ca7bfc33f82ad66b67841692f8c398b1fb02b366d33a401,2,2,ok
train,shiyan/data/labels/train/E139.6_N35.3_20170312_L1A0002233573-PAN12_crop4.txt,E139.6_N35.3_20170312_L1A0002233573-PAN12_crop4,76,b9590eb5f75192f7afc3988d714d9bffcf8f5df265f24f56517d262f8f622691,2,2,ok
train,shiyan/data/labels/train/E139.6_N35.3_20170312_L1A0002233573-PAN12_crop5.txt,E139.6_N35.3_20170312_L1A0002233573-PAN12_crop5,271,6c76cba7f7d7647b88929caeecfc796fb8e0735b570abaeda9eefa84fc1d109d,7,7,ok
train,shiyan/data/labels/train/E139.6_N35.3_20190121_L1A0003778345-PAN12_crop1.txt,E139.6_N35.3_20190121_L1A0003778345-PAN12_crop1,37,c5112df6fba9d0a331f2ccf891871da8a5ac9ab3f4d507297dd5d51b0cb9fdc9,1,1,ok
train,shiyan/data/labels/train/E139.6_N35.3_20190121_L1A0003778345-PAN19_crop1.txt,E139.6_N35.3_20190121_L1A0003778345-PAN19_crop1,76,11e0b11823d638aa447d4d561ed5ccf792458d4e09410ac88214f495c827c0a1,2,2,ok
train,shiyan/data/labels/train/E139.6_N35.3_20190121_L1A0003778345-PAN19_crop2.txt,E139.6_N35.3_20190121_L1A0003778345-PAN19_crop2,76,5bf6ddfdffb85484ec0fca62196d73f6731fa8bbb64f8e894993e30c869d3953,2,2,ok
train,shiyan/data/labels/train/E139.6_N35.3_20190126_L1A0003789781-PAN10_crop1.txt,E139.6_N35.3_20190126_L1A0003789781-PAN10_crop1,37,86b40f2f366c69f53e62a8b7f3d8b2626a24d2aae877e12239cc3a8871a49144,1,1,ok
train,shiyan/data/labels/train/E139.6_N35.3_20190126_L1A0003789781-PAN13_crop1.txt,E139.6_N35.3_20190126_L1A0003789781-PAN13_crop1,37,d63a4b013fbc3297834d30baf8204c9267156a533679bcc0d18304f729e3e047,1,1,ok
train,shiyan/data/labels/train/E139.6_N35.3_20190126_L1A0003789781-PAN16_crop1.txt,E139.6_N35.3_20190126_L1A0003789781-PAN16_crop1,271,e84575f1bad7c5d88a5ea21a8611f5e0006d79d4db4b0ded152ddb2cb113f8f4,7,7,ok
train,shiyan/data/labels/train/E139.6_N35.3_20190126_L1A0003789781-PAN16_crop2.txt,E139.6_N35.3_20190126_L1A0003789781-PAN16_crop2,349,320e13b9922ed2b1bd540064ef932c0c5b73db78d74c87bf4f5de67ab8e8dbd9,9,9,ok
train,shiyan/data/labels/train/E139.6_N35.3_20190126_L1A0003789781-PAN16_crop3.txt,E139.6_N35.3_20190126_L1A0003789781-PAN16_crop3,193,53a3c2b467fa80c7171e1aba28232640de3c5844b0be4d711301dd0e98e3ebd2,5,5,ok
train,shiyan/data/labels/train/E139.6_N35.3_20190126_L1A0003789781-PAN19_crop1.txt,E139.6_N35.3_20190126_L1A0003789781-PAN19_crop1,37,06e1d99efe3d4def15846a8b2364e6c8187f30f26258f169aaa7f18a1e6483da,1,1,ok
train,shiyan/data/labels/train/E139.6_N35.3_20200101_L1A0004517353-PAN10_crop1.txt,E139.6_N35.3_20200101_L1A0004517353-PAN10_crop1,271,3505c9a6d0d9477847520d312ed1c6a66500970980e76a3db67b6dc27038986c,7,7,ok
train,shiyan/data/labels/train/E139.6_N35.3_20200101_L1A0004517353-PAN10_crop2.txt,E139.6_N35.3_20200101_L1A0004517353-PAN10_crop2,193,28f55e4d229ad8120094436a89b6cd3d48522e290544d0f6c9d2967bad955ffa,5,5,ok
train,shiyan/data/labels/train/E139.6_N35.3_20200101_L1A0004517353-PAN10_crop3.txt,E139.6_N35.3_20200101_L1A0004517353-PAN10_crop3,76,ae7b080d753b4629ea0d5f130a448a8feeba349cfbb59285578991741066ecb9,2,2,ok
train,shiyan/data/labels/train/E139.6_N35.3_20200101_L1A0004517353-PAN10_crop5.txt,E139.6_N35.3_20200101_L1A0004517353-PAN10_crop5,76,ade1c758dd8ade093ab720bb71f103ba4abcb35d2a5376f313709aad7326282a,2,2,ok
train,shiyan/data/labels/train/E139.6_N35.3_20200101_L1A0004517353-PAN14_crop1.txt,E139.6_N35.3_20200101_L1A0004517353-PAN14_crop1,37,e8765bdcffd713986a072bb3b07a7b37e2d68fa9d3876afd6baf783193adcc65,1,1,ok
train,shiyan/data/labels/train/E139.6_N35.4_20180420_L1A0003133739-PAN12_crop2.txt,E139.6_N35.4_20180420_L1A0003133739-PAN12_crop2,115,1d07cb162c429bdd321e1b49134cdadb589de36e25b81fb3b4bbc0ad79c8f01a,3,3,ok
train,shiyan/data/labels/train/E139.6_N35.4_20180420_L1A0003133739-PAN12_crop3.txt,E139.6_N35.4_20180420_L1A0003133739-PAN12_crop3,37,8ba5eec814c8414c989580591e103260d2e5c640887ad61e2a28f81a18a11e8a,1,1,ok
train,shiyan/data/labels/train/E139.6_N35.4_20180420_L1A0003133739-PAN13_crop1.txt,E139.6_N35.4_20180420_L1A0003133739-PAN13_crop1,115,006a8befd8c860807e38c153fcff8eb37006fd0bdacd0293bba10ae164f92cb5,3,3,ok
train,shiyan/data/labels/train/E139.6_N35.4_20180420_L1A0003133739-PAN13_crop10.txt,E139.6_N35.4_20180420_L1A0003133739-PAN13_crop10,232,96c111e33af35e67c0bdec253fd5dc0fb178c8962d7ef14db7df59ad7e7a2f7e,6,6,ok
train,shiyan/data/labels/train/E139.6_N35.4_20180420_L1A0003133739-PAN13_crop11.txt,E139.6_N35.4_20180420_L1A0003133739-PAN13_crop11,115,c617f8b586ba264b0b1001c7a7fbd60d96b97fd57652ab6f142339e6a147e9a0,3,3,ok
train,shiyan/data/labels/train/E139.6_N35.4_20180420_L1A0003133739-PAN13_crop14.txt,E139.6_N35.4_20180420_L1A0003133739-PAN13_crop14,76,d1d520377cd84c68b7d3e5628e97cbef32330503151830b47c85c868d5e727df,2,2,ok
train,shiyan/data/labels/train/E139.6_N35.4_20180420_L1A0003133739-PAN13_crop15.txt,E139.6_N35.4_20180420_L1A0003133739-PAN13_crop15,76,095b1eac09c0b8d3ce26f54bbd83b1fa68675d35facdf5d9e89f7c86b11dd554,2,2,ok
train,shiyan/data/labels/train/E139.6_N35.4_20180420_L1A0003133739-PAN13_crop16.txt,E139.6_N35.4_20180420_L1A0003133739-PAN13_crop16,76,22d228907a5ba6d4b52f312dc922091f7d3f8c3ac93d290258a0a27881097e4d,2,2,ok
train,shiyan/data/labels/train/E139.6_N35.4_20180420_L1A0003133739-PAN13_crop2.txt,E139.6_N35.4_20180420_L1A0003133739-PAN13_crop2,76,13439cce3146f739516dfa70338c772fa1c9356aa0f25e747f1efeb4249ab784,2,2,ok
train,shiyan/data/labels/train/E139.6_N35.4_20180420_L1A0003133739-PAN13_crop3.txt,E139.6_N35.4_20180420_L1A0003133739-PAN13_crop3,76,ebccdc68302b2b78d6f1f5caa7295f66f5193cf12199d0bcc70498230bdb0cee,2,2,ok
train,shiyan/data/labels/train/E139.6_N35.4_20180420_L1A0003133739-PAN13_crop4.txt,E139.6_N35.4_20180420_L1A0003133739-PAN13_crop4,76,c8ac176916c2c7afcffb8a815761003bf4c89b51ea0add5c3d323790b159f9f6,2,2,ok
train,shiyan/data/labels/train/E139.6_N35.4_20180420_L1A0003133739-PAN13_crop6.txt,E139.6_N35.4_20180420_L1A0003133739-PAN13_crop6,193,cdcd3b626b4ca1bbe0ef2499a6643e4f6f543379b4cde7e12316c8dc0d3e8229,5,5,ok
train,shiyan/data/labels/train/E139.6_N35.4_20180420_L1A0003133739-PAN13_crop7.txt,E139.6_N35.4_20180420_L1A0003133739-PAN13_crop7,115,eaa660f8d983a631dbd9c07b6b8414841961a9799a1d15dbf1c14f0729707cee,3,3,ok
train,shiyan/data/labels/train/E139.6_N35.4_20180420_L1A0003133739-PAN13_crop8.txt,E139.6_N35.4_20180420_L1A0003133739-PAN13_crop8,76,ae43fb643cef06a664393f54e52fa9d40d9d05b0f88318917acb640d2e17beb3,2,2,ok
train,shiyan/data/labels/train/E139.6_N35.4_20180420_L1A0003133739-PAN15_crop1.txt,E139.6_N35.4_20180420_L1A0003133739-PAN15_crop1,193,252c54d00a96b2bc4fd7b9cb7852041503bdf8a41d8abcd74d58f978693c67cc,5,5,ok
train,shiyan/data/labels/train/E139.6_N35.4_20180420_L1A0003133739-PAN15_crop10.txt,E139.6_N35.4_20180420_L1A0003133739-PAN15_crop10,37,1ccf5a8122a45b20eff84deff83d82d2bff307ea4670432307c4121e4ca8c319,1,1,ok
train,shiyan/data/labels/train/E139.6_N35.4_20180420_L1A0003133739-PAN15_crop3.txt,E139.6_N35.4_20180420_L1A0003133739-PAN15_crop3,76,09b6ed32c7a4b5c8312c88948ade41e832f703768d90c39a0cad52cec5ee1d6e,2,2,ok
train,shiyan/data/labels/train/E139.6_N35.4_20180420_L1A0003133739-PAN15_crop4.txt,E139.6_N35.4_20180420_L1A0003133739-PAN15_crop4,76,543516e9b3e911e89a5bdf1702eaf9d0dc0154de011eefb2d9e57cbb001f1710,2,2,ok
train,shiyan/data/labels/train/E139.6_N35.4_20180420_L1A0003133739-PAN15_crop5.txt,E139.6_N35.4_20180420_L1A0003133739-PAN15_crop5,37,3bffbdd9f07286ba528bd320f9fbfcf478a01112cb296cd19344bf2c475ee30f,1,1,ok
train,shiyan/data/labels/train/E139.6_N35.4_20180420_L1A0003133739-PAN15_crop7.txt,E139.6_N35.4_20180420_L1A0003133739-PAN15_crop7,76,d3ab7c969bf6cfd79ebcf10ccf24f5a1e03eff6f4d3baca3a6b9aebe9dd634b3,2,2,ok
train,shiyan/data/labels/train/E139.6_N35.4_20180420_L1A0003133739-PAN15_crop8.txt,E139.6_N35.4_20180420_L1A0003133739-PAN15_crop8,37,afc5b733aedc4bfa2fb5378ce48ced553f35a5f5779d6be5d0630d0954b3b38e,1,1,ok
train,shiyan/data/labels/train/E139.6_N35.4_20180420_L1A0003133739-PAN15_crop9.txt,E139.6_N35.4_20180420_L1A0003133739-PAN15_crop9,76,bb88f34c1b8bfb763e624347af5eb9a8a57b3b066fa57a66c327ce700f022db0,2,2,ok
train,shiyan/data/labels/train/E139.6_N35.4_20180420_L1A0003133739-PAN16_crop1.txt,E139.6_N35.4_20180420_L1A0003133739-PAN16_crop1,37,03e9680b03c1d858443512c19372f2f3539d7f9cbeb0b7eb6c2963a2dc9db1e0,1,1,ok
train,shiyan/data/labels/train/E139.6_N35.4_20180420_L1A0003133739-PAN16_crop2.txt,E139.6_N35.4_20180420_L1A0003133739-PAN16_crop2,37,2d310315bd85709f7786335b2029586efce0347149f3836a54b262d9f6f090ab,1,1,ok
train,shiyan/data/labels/train/E139.6_N35.4_20180420_L1A0003133739-PAN19_crop2.txt,E139.6_N35.4_20180420_L1A0003133739-PAN19_crop2,37,f605a59d339924947cb0613673f8b92a19d32a514c6ac708788c81e0084a2651,1,1,ok
train,shiyan/data/labels/train/E139.6_N35.4_20180420_L1A0003133739-PAN19_crop3.txt,E139.6_N35.4_20180420_L1A0003133739-PAN19_crop3,37,33cdc91045277e76cc3b4ce9352c965540bb7ad4b26080ace3480e3000406803,1,1,ok
train,shiyan/data/labels/train/E139.7_N35.2_20150922_L1A0001053752-PAN20_crop1.txt,E139.7_N35.2_20150922_L1A0001053752-PAN20_crop1,76,1023193e5f6383868af8ff01a96a00db1d0e793d93cf8ba8ff7f6bb3b675ca44,2,2,ok
train,shiyan/data/labels/train/E139.7_N35.2_20150922_L1A0001053752-PAN20_crop2.txt,E139.7_N35.2_20150922_L1A0001053752-PAN20_crop2,427,569e4c242cd14b344187b42aba2cbb9f0764dded02b552669d16ebe4dd01b758,11,11,ok
train,shiyan/data/labels/train/E139.7_N35.2_20150922_L1A0001053752-PAN20_crop5.txt,E139.7_N35.2_20150922_L1A0001053752-PAN20_crop5,37,f98a8fd77d7391ade0a0446ebfcfc00b4adadb61eff28c131c6ba9a3a33e758f,1,1,ok
train,shiyan/data/labels/train/E139.7_N35.2_20150922_L1A0001053752-PAN23_crop1.txt,E139.7_N35.2_20150922_L1A0001053752-PAN23_crop1,427,d8d7825a3cc0988882489904d2a4aa8c7bda996663a30a6cfb4b9e65569b93c4,11,11,ok
train,shiyan/data/labels/train/E139.7_N35.2_20150922_L1A0001053752-PAN23_crop2.txt,E139.7_N35.2_20150922_L1A0001053752-PAN23_crop2,115,e27afd44bc0bf5c9ff5c57b4d80913980bbb16cd408272933c98a319d7ad4983,3,3,ok
train,shiyan/data/labels/train/E139.7_N35.2_20150922_L1A0001053752-PAN23_crop3.txt,E139.7_N35.2_20150922_L1A0001053752-PAN23_crop3,466,2c4c586a122b71fb63040367a26ddba1d9f2067a5a19097ffc97b125bb624065,12,12,ok
train,shiyan/data/labels/train/E139.7_N35.2_20150922_L1A0001053752-PAN23_crop5.txt,E139.7_N35.2_20150922_L1A0001053752-PAN23_crop5,193,9afcf9b1396a622e4514b132adc59e3632f841371228abea3da53ff16ceba3ae,5,5,ok
train,shiyan/data/labels/train/E139.7_N35.2_20150922_L1A0001053752-PAN26_crop1.txt,E139.7_N35.2_20150922_L1A0001053752-PAN26_crop1,37,477f0b19a74976f9bd3944d3ee7cef8a35c199557d2e1e34825b1a8ab5d48d24,1,1,ok
train,shiyan/data/labels/train/E139.7_N35.2_20150922_L1A0001053752-PAN27_crop1.txt,E139.7_N35.2_20150922_L1A0001053752-PAN27_crop1,37,98f0e6e40ee31e73995be9c274d66203ced973dea52a35da29666e7238b16de8,1,1,ok
train,shiyan/data/labels/train/E139.7_N35.2_20161015_L1A0001890784-PAN23_crop2.txt,E139.7_N35.2_20161015_L1A0001890784-PAN23_crop2,76,2dc7ff62b40454322be7a0db8ae7737674a0ed10213de143ab5edd937c297757,2,2,ok
train,shiyan/data/labels/train/E139.7_N35.2_20161015_L1A0001890784-PAN23_crop3.txt,E139.7_N35.2_20161015_L1A0001890784-PAN23_crop3,76,e20b264a1baf2a41a96def9416ad08d1e76f6452e62cf0d129e92ef1ac752cf5,2,2,ok
train,shiyan/data/labels/train/E139.7_N35.2_20170112_L1A0002115142-PAN23_crop2.txt,E139.7_N35.2_20170112_L1A0002115142-PAN23_crop2,232,8ef822da1e42142be78a4badee5827849b0f5bbcb90989fac6c91c579c883e09,6,6,ok
train,shiyan/data/labels/train/E139.7_N35.2_20170112_L1A0002115142-PAN23_crop3.txt,E139.7_N35.2_20170112_L1A0002115142-PAN23_crop3,271,56c4c5f49b485411c97ae77df068062a6c3a4c09bbec97d19804103bf78fcf33,7,7,ok
train,shiyan/data/labels/train/E139.7_N35.2_20170112_L1A0002115142-PAN23_crop6.txt,E139.7_N35.2_20170112_L1A0002115142-PAN23_crop6,115,9719a24f5bb0edc7bd1838b2181b705b3dea9bb3e49aaae6ea1954e38ec2a547,3,3,ok
train,shiyan/data/labels/train/E139.7_N35.2_20170112_L1A0002115142-PAN25_crop1.txt,E139.7_N35.2_20170112_L1A0002115142-PAN25_crop1,37,b6725f65ac4b551f731b7f0f2a907031630804e9fde5a02f52e0f0c22f09931e,1,1,ok
train,shiyan/data/labels/train/E139.7_N35.2_20170112_L1A0002115142-PAN28_crop1.txt,E139.7_N35.2_20170112_L1A0002115142-PAN28_crop1,37,a2a64bdea2d4081aaae31a884a1f31fd31300a0f58d818e731d857974dcf24c6,1,1,ok
train,shiyan/data/labels/train/E139.7_N35.2_20170117_L1A0002128335-PAN27_crop1.txt,E139.7_N35.2_20170117_L1A0002128335-PAN27_crop1,37,45530db8a5b2fbaad09e667d104c1ff154fefa05233aa49c5f7bf5253fd7a84e,1,1,ok
train,shiyan/data/labels/train/E139.7_N35.2_20170117_L1A0002128335-PAN27_crop2.txt,E139.7_N35.2_20170117_L1A0002128335-PAN27_crop2,37,bca4efe33d9b4c3c2b0b203a50ed66201c6c17abf36dcf49de106c3965a7d649,1,1,ok
train,shiyan/data/labels/train/E139.7_N35.2_20170117_L1A0002128335-PAN27_crop3.txt,E139.7_N35.2_20170117_L1A0002128335-PAN27_crop3,37,c758bb3da9ac280abf0c0294117619102a07d37bc81ff4bef75cb46865a863ac,1,1,ok
train,shiyan/data/labels/train/E139.7_N35.2_20170117_L1A0002128335-PAN28_crop1.txt,E139.7_N35.2_20170117_L1A0002128335-PAN28_crop1,37,617c5f8b11103861d019b20a5e376fe5cfc0dd05ee25adbc306079852070d198,1,1,ok
train,shiyan/data/labels/train/E139.7_N35.2_20170117_L1A0002128335-PAN28_crop2.txt,E139.7_N35.2_20170117_L1A0002128335-PAN28_crop2,37,b6cbc1eec3515ef96876b2cd3acda0876e0aee601d2f7968a945fccb58d664cd,1,1,ok
train,shiyan/data/labels/train/E139.7_N35.2_20170530_L1A0002390511-PAN24_crop1.txt,E139.7_N35.2_20170530_L1A0002390511-PAN24_crop1,37,d5da635ea80ee4a029b6803ed31d27725e60283c6caed72bec247ca7f6c10ac9,1,1,ok
train,shiyan/data/labels/train/E139.7_N35.2_20170530_L1A0002390511-PAN24_crop2.txt,E139.7_N35.2_20170530_L1A0002390511-PAN24_crop2,37,4c68f7c66427302fb3ff3e95d69e692eb1b16374311243611f50d1f43837c13d,1,1,ok
train,shiyan/data/labels/train/E139.7_N35.3_20170121_L1A0002135991-PAN10_crop1.txt,E139.7_N35.3_20170121_L1A0002135991-PAN10_crop1,37,eafc6d410f96372c78e7e7d4b8d2b91792ae783b66c2f713e1f0e03dda1cc623,1,1,ok
train,shiyan/data/labels/train/E139.7_N35.3_20170121_L1A0002135991-PAN11_crop1.txt,E139.7_N35.3_20170121_L1A0002135991-PAN11_crop1,193,423d3bc5c16e04fe0fa360c1e2228efcfd66304d51d80051d0d1a2bf958173f5,5,5,ok
train,shiyan/data/labels/train/E139.7_N35.3_20170121_L1A0002135991-PAN12_crop10.txt,E139.7_N35.3_20170121_L1A0002135991-PAN12_crop10,37,dcc8b217664d5f672ff75b229be92e80e9279501c72674758132459b5aca4f09,1,1,ok
train,shiyan/data/labels/train/E139.7_N35.3_20170121_L1A0002135991-PAN12_crop2.txt,E139.7_N35.3_20170121_L1A0002135991-PAN12_crop2,193,4c6a41ba13e8df35fa6be8761259a208637e6e81326f97b299d5aeaf67fa9362,5,5,ok
train,shiyan/data/labels/train/E139.7_N35.3_20170121_L1A0002135991-PAN12_crop4.txt,E139.7_N35.3_20170121_L1A0002135991-PAN12_crop4,37,fcda0566110f00991b519fdaf7452a838a619542220dd940b0d2ae899a1b1a37,1,1,ok
train,shiyan/data/labels/train/E139.7_N35.3_20170121_L1A0002135991-PAN12_crop5.txt,E139.7_N35.3_20170121_L1A0002135991-PAN12_crop5,37,112d334dbdc0e5081f8f6d9d72dc19e1d272293bb60e2f2f2f70a42dd85ab18a,1,1,ok
train,shiyan/data/labels/train/E139.7_N35.3_20170121_L1A0002135991-PAN12_crop8.txt,E139.7_N35.3_20170121_L1A0002135991-PAN12_crop8,37,e35a6ff464f03a506d74d0aaccd2aab004d4725928d2262f446dd0ebaaa38d2e,1,1,ok
train,shiyan/data/labels/train/E139.7_N35.3_20170121_L1A0002135991-PAN12_crop9.txt,E139.7_N35.3_20170121_L1A0002135991-PAN12_crop9,76,7b7339bb2d1b091505e9c2344f54096115e8c5eebd966858d437db523ce59b87,2,2,ok
train,shiyan/data/labels/train/E139.7_N35.3_20170121_L1A0002135991-PAN13_crop3.txt,E139.7_N35.3_20170121_L1A0002135991-PAN13_crop3,37,040a0260584b9b27e5fd430c93bec9b6ac56f83acbdb76d8276f4c9f4ab67d44,1,1,ok
train,shiyan/data/labels/train/E139.7_N35.3_20170121_L1A0002135991-PAN13_crop4.txt,E139.7_N35.3_20170121_L1A0002135991-PAN13_crop4,76,f02d1cbfe0063150d856a646489b99bb1a40b87e88b505a5d574f0796a00ba7c,2,2,ok
train,shiyan/data/labels/train/E139.7_N35.3_20170121_L1A0002135991-PAN13_crop5.txt,E139.7_N35.3_20170121_L1A0002135991-PAN13_crop5,37,0471357083925c02a13063745d6b62a049dfb78de7a13dd5f617cdb18543e87e,1,1,ok
train,shiyan/data/labels/train/E139.7_N35.3_20170121_L1A0002135991-PAN18_crop1.txt,E139.7_N35.3_20170121_L1A0002135991-PAN18_crop1,37,8ab884a1145d9778052930b7e32e4be70f7aff273d22d354af8985fe05d603eb,1,1,ok
train,shiyan/data/labels/train/E139.7_N35.3_20170121_L1A0002135991-PAN18_crop2.txt,E139.7_N35.3_20170121_L1A0002135991-PAN18_crop2,37,520b2f58552c43cb4f9eb884878366ed70b37de734ee3e2371dcdf6666eeee90,1,1,ok
train,shiyan/data/labels/train/E139.7_N35.3_20170121_L1A0002135991-PAN19_crop1.txt,E139.7_N35.3_20170121_L1A0002135991-PAN19_crop1,388,96bd26dc4b9ece0ba512160b6ff7946d78e311265a8bb8e8d7c283d62757ab8f,10,10,ok
train,shiyan/data/labels/train/E139.7_N35.3_20170121_L1A0002135991-PAN19_crop2.txt,E139.7_N35.3_20170121_L1A0002135991-PAN19_crop2,154,b3b06b45a47b554b1ce5bf5ef8631c2ddb43e1bb8e65e14625451ca106b97ff0,4,4,ok
train,shiyan/data/labels/train/E139.7_N35.3_20170121_L1A0002135991-PAN19_crop4.txt,E139.7_N35.3_20170121_L1A0002135991-PAN19_crop4,37,82aaee6bafd00f496e351e39affd2109092a015108611417bdc1b59fd5d04e85,1,1,ok
train,shiyan/data/labels/train/E144.7_N13.5_20181012_L1A0003513249-PAN13_crop1.txt,E144.7_N13.5_20181012_L1A0003513249-PAN13_crop1,76,4a8a27ec4b686bb7a3fb74dd346d629dcf36bb44432999448a41c4d9461b3b40,2,2,ok
train,shiyan/data/labels/train/E144.7_N13.5_20181012_L1A0003513249-PAN13_crop2.txt,E144.7_N13.5_20181012_L1A0003513249-PAN13_crop2,76,d88aa91092b15427f004cb909afbf463f153d8a05927074c079861cba930cb1a,2,2,ok
train,shiyan/data/labels/train/E144.7_N13.5_20181012_L1A0003513249-PAN13_crop3.txt,E144.7_N13.5_20181012_L1A0003513249-PAN13_crop3,37,115a49d6ac657432b971e7709e8fb21a0f83740894bb07ecbeff2f3c46dd7493,1,1,ok
train,shiyan/data/labels/train/E144.7_N13.5_20190314_L1A0003883169-PAN11_crop1.txt,E144.7_N13.5_20190314_L1A0003883169-PAN11_crop1,37,adc99e37f8d8bce0ae4b8d591e71fae56d2991b16b1547674f7fc78fa21d55f7,1,1,ok
train,shiyan/data/labels/train/E144.7_N13.5_20190314_L1A0003883169-PAN14_crop1.txt,E144.7_N13.5_20190314_L1A0003883169-PAN14_crop1,37,b7bb2b7aea59948cb2d4b8d4de38c10cdd4a95105ad1f106c83c488fd71210ff,1,1,ok
train,shiyan/data/labels/train/E144.7_N13.5_20190314_L1A0003883169-PAN16_crop1.txt,E144.7_N13.5_20190314_L1A0003883169-PAN16_crop1,76,0c12856a372aa071ba248d27362962d1af9996507a5b303f3fe6baa4d8498ade,2,2,ok
train,shiyan/data/labels/train/E144.7_N13.5_20190329_L1A0003910727-PAN13_crop2.txt,E144.7_N13.5_20190329_L1A0003910727-PAN13_crop2,37,5dd9e4a0e583847c1cd25e342012dc64c134f7480ef18e3930bae9b482c418df,1,1,ok
train,shiyan/data/labels/train/E144.7_N13.5_20190329_L1A0003910727-PAN16_crop1.txt,E144.7_N13.5_20190329_L1A0003910727-PAN16_crop1,37,2b77431fa15e51f0498996beb980b147686b2f521f4fb4bd349680f0a7bbdbe8,1,1,ok
train,shiyan/data/labels/train/E144.7_N13.5_20190329_L1A0003910727-PAN16_crop2.txt,E144.7_N13.5_20190329_L1A0003910727-PAN16_crop2,37,21be867d3170e1b89bba9adc6f413fa8168ed68e577a8db4bb15e566e63a7ec3,1,1,ok
train,shiyan/data/labels/train/E144.7_N13.5_20190329_L1A0003910727-PAN18_crop1.txt,E144.7_N13.5_20190329_L1A0003910727-PAN18_crop1,37,98664b9a1b96012dca5bcda649dc342804921f9409b28ead49265b4b2a7556c4,1,1,ok
train,shiyan/data/labels/train/E144.7_N13.5_20190329_L1A0003910727-PAN18_crop2.txt,E144.7_N13.5_20190329_L1A0003910727-PAN18_crop2,76,217dd98767e9c14258bc8275f23bcc67fafb637f70591170cc55e537d353b27a,2,2,ok
train,shiyan/data/labels/train/E144.7_N13.5_20190517_L1A0004005129-PAN10_crop1.txt,E144.7_N13.5_20190517_L1A0004005129-PAN10_crop1,37,d22409ab54a5c122aa76030c7edc49017e1d89f99855282e3a4ac8a8741492f4,1,1,ok
train,shiyan/data/labels/train/E144.7_N13.5_20190517_L1A0004005129-PAN10_crop2.txt,E144.7_N13.5_20190517_L1A0004005129-PAN10_crop2,37,d057183d10f2b5f1200696c1885142c3b8590bea1b523476cc59735133b32f32,1,1,ok
train,shiyan/data/labels/train/fsc_AGZ-N22.66-E120.46-lv20-Google_crop0002.txt,fsc_AGZ-N22.66-E120.46-lv20-Google_crop0002,118,5d4e65d7dd71d949ba7a4ff15f5f2b436612c95ffa7c07a08fc90fa709abac82,3,3,ok
train,shiyan/data/labels/train/fsc_AGZ-N23.00-E120.33-lv20-Bing_crop0001.txt,fsc_AGZ-N23.00-E120.33-lv20-Bing_crop0001,238,4e70cb4cab412dd9044eef480204272b030f3e836a9184f67312e43e93e33e43,6,6,ok
train,shiyan/data/labels/train/fsc_AGZ-N23.00-E120.33-lv20-Bing_crop0002.txt,fsc_AGZ-N23.00-E120.33-lv20-Bing_crop0002,78,85474a35e8fadeb63ffe35a653b8c6c8d9cd703ffebc27b12df21e26175eda54,2,2,ok
train,shiyan/data/labels/train/fsc_AGZ-N23.00-E120.33-lv20-Bing_crop0003.txt,fsc_AGZ-N23.00-E120.33-lv20-Bing_crop0003,198,806f7e5e69e39661a7ce994505843281514911cebcd31f09650602e4afe39816,5,5,ok
train,shiyan/data/labels/train/fsc_AGZ-N23.00-E120.33-lv20-Google_crop0001.txt,fsc_AGZ-N23.00-E120.33-lv20-Google_crop0001,238,385b29e241f7dac0c39a00acc0358ada8ae89df7ec280a7c247dc2e7176f9ba4,6,6,ok
train,shiyan/data/labels/train/fsc_AGZ-N23.00-E120.33-lv20-Google_crop0002.txt,fsc_AGZ-N23.00-E120.33-lv20-Google_crop0002,158,9691b101c5991d3a36d85c48a135f9dfe904f56f3b65eec53cfffa41aca0cd11,4,4,ok
train,shiyan/data/labels/train/fsc_AGZ-N23.00-E120.33-lv20-Google_crop0003.txt,fsc_AGZ-N23.00-E120.33-lv20-Google_crop0003,118,a97b0bb37e405ab1c050d14cc6eb2e598c5f62014f3faa27eaf4497e0d1e7a78,3,3,ok
train,shiyan/data/labels/train/fsc_AGZ-N23.44-E120.40-lv20-Bing_crop0001.txt,fsc_AGZ-N23.44-E120.40-lv20-Bing_crop0001,238,3cab5e8042b98ea5b6d2e85da10f5b2b6bb4c5cde7e5b52eb62b7c46d004ceab,6,6,ok
train,shiyan/data/labels/train/fsc_AGZ-N23.44-E120.40-lv20-Bing_crop0003.txt,fsc_AGZ-N23.44-E120.40-lv20-Bing_crop0003,318,6352a8c1a17967185eb68e7822910c164eb2c5217520952a97260fa089daca1f,8,8,ok
train,shiyan/data/labels/train/fsc_AGZ-N23.44-E120.40-lv20-Google_crop0001.txt,fsc_AGZ-N23.44-E120.40-lv20-Google_crop0001,318,e22d315dbcd6769e4af36c37bb32dc73a76fe4b8ae7cabd71e413e3db59b2261,8,8,ok
train,shiyan/data/labels/train/fsc_AGZ-N23.44-E120.40-lv20-Google_crop0002.txt,fsc_AGZ-N23.44-E120.40-lv20-Google_crop0002,278,c1aa285826c254a806db34edf1f67237e659d221c1b2a22788542a54c617dfba,7,7,ok
train,shiyan/data/labels/train/fsc_AGZ-N24.15-E120.73-lv20-Bing_crop0001.txt,fsc_AGZ-N24.15-E120.73-lv20-Bing_crop0001,238,bf7580fb5483e0e0b96aba60e281109b921d3c18aafbefceb3d5c530e60c4d9d,6,6,ok
train,shiyan/data/labels/train/fsc_AGZ-N24.15-E120.73-lv20-Google_crop0001.txt,fsc_AGZ-N24.15-E120.73-lv20-Google_crop0001,318,fb94ea8b62af141eae9093b674b1a0366088296fc633c7dcef684fda683a76d8,8,8,ok
train,shiyan/data/labels/train/fsc_AGZ-N24.15-E120.73-lv20-Google_crop0002.txt,fsc_AGZ-N24.15-E120.73-lv20-Google_crop0002,118,2c8cb6d4196021e0f1323fdcb22768396e80877edd786163488ede449083dd91,3,3,ok
train,shiyan/data/labels/train/fsc_AGZ-N24.25-E120.64-lv20-Google_crop0001.txt,fsc_AGZ-N24.25-E120.64-lv20-Google_crop0001,318,3fd4f32179119a8da5f7be0d78bd555a4206cf63bc37f1bfe4e36af85fcf9ead,8,8,ok
train,shiyan/data/labels/train/fsc_AGZ-N24.25-E120.64-lv20-Google_crop0003.txt,fsc_AGZ-N24.25-E120.64-lv20-Google_crop0003,78,c931f084f97f453d49a0480e8925bb9a1830f1d686482e162093c71bf364c056,2,2,ok
train,shiyan/data/labels/train/fsc_AGZ-N24.95-E121.51-lv20-Bing_crop0001.txt,fsc_AGZ-N24.95-E121.51-lv20-Bing_crop0001,318,4ddcea686637f9cd9b0f56b888db64cbd874edd4f245dcebf44ca89e38ba21f5,8,8,ok
train,shiyan/data/labels/train/fsc_AGZ-N24.95-E121.51-lv20-Bing_crop0002.txt,fsc_AGZ-N24.95-E121.51-lv20-Bing_crop0002,238,674a68ec1035c9045119cdaf14cf2856a95fa5c3ba268520a55fa7bde33059de,6,6,ok
train,shiyan/data/labels/train/fsc_AGZ-N24.95-E121.51-lv20-Google_crop0002.txt,fsc_AGZ-N24.95-E121.51-lv20-Google_crop0002,238,df751a1acfece8eaadb6c326e3d2c6f3530bc3c683ce122dc6f75960ebccc8c6,6,6,ok
train,shiyan/data/labels/train/fsc_AGZ-N25.02-E121.33-lv20-Bing_crop0001.txt,fsc_AGZ-N25.02-E121.33-lv20-Bing_crop0001,438,0f71c720ac7f991a05c5267c486626c0b8243285f417e2ce2b7eedd0b42faba1,11,11,ok
train,shiyan/data/labels/train/fsc_AGZ-N25.02-E121.33-lv20-Google_crop0001.txt,fsc_AGZ-N25.02-E121.33-lv20-Google_crop0001,438,9da9095f8bfe16caf2ad25a36c7d64410b3cd40699f1d5f3a0269827a0a79671,11,11,ok
train,shiyan/data/labels/train/fsc_AGZ-N25.03-E121.59-lv20-Bing_crop0001.txt,fsc_AGZ-N25.03-E121.59-lv20-Bing_crop0001,318,156f6006b92e4649c1c74bda9b41b47b465e0fefd8437de8530ca2dc5e69842d,8,8,ok
train,shiyan/data/labels/train/fsc_AGZ-N25.03-E121.59-lv20-Google_crop0001.txt,fsc_AGZ-N25.03-E121.59-lv20-Google_crop0001,198,f28f4f5ea89c94e5cfe34351fb5318342b81e60c26131039f8d09f46289255a4,5,5,ok
train,shiyan/data/labels/train/fsc_AGZ-N25.03-E121.59-lv20-Google_crop0002.txt,fsc_AGZ-N25.03-E121.59-lv20-Google_crop0002,158,6359645783d41677392d4b7d8348a8ee0ef6ee8e82a6636fcc195b203c908d7a,4,4,ok
train,shiyan/data/labels/train/fsc_AGZ-N34.62-E136.25-lv20-Bing_crop0002.txt,fsc_AGZ-N34.62-E136.25-lv20-Bing_crop0002,118,81cdb6568ef076a4cd01d899d7fca03e323a0dfab99bbe140fdc4924e11cae14,3,3,ok
train,shiyan/data/labels/train/fsc_AGZ-N34.62-E136.25-lv20-Bing_crop0003.txt,fsc_AGZ-N34.62-E136.25-lv20-Bing_crop0003,118,02178de7cdab1a3e018110a9583a9e34b9a95de74dba213cc982cd235cf7c3fd,3,3,ok
train,shiyan/data/labels/train/fsc_AGZ-N34.62-E136.25-lv20-Google_crop0001.txt,fsc_AGZ-N34.62-E136.25-lv20-Google_crop0001,318,eb616bcbe7ce9a8693fbb1949f669c341cc9f7fa8a6b4e498fc360e52f72bc84,8,8,ok
train,shiyan/data/labels/train/fsc_AGZ-N35.40-E37.00-lv20-Bing_crop0001.txt,fsc_AGZ-N35.40-E37.00-lv20-Bing_crop0001,118,0002d4bee14d9e376ddff130948e8a99970c388451f84ba5d660b743703ab56c,3,3,ok
train,shiyan/data/labels/train/fsc_AGZ-N35.40-E37.00-lv20-Bing_crop0002.txt,fsc_AGZ-N35.40-E37.00-lv20-Bing_crop0002,238,a6eb27826f0ebab843662b99db9d845df79b7e0e2f33ed53a8811fd2fff61eb0,6,6,ok
train,shiyan/data/labels/train/fsc_AGZ-N35.40-E37.00-lv20-Google_crop0002.txt,fsc_AGZ-N35.40-E37.00-lv20-Google_crop0002,118,f920f9bafeda1d2e4d5308aa688d38fe757d08c7843b866170507dc8d56156a7,3,3,ok
train,shiyan/data/labels/train/fsc_AGZ-N35.84-E139.41-lv20-Bing_crop0001.txt,fsc_AGZ-N35.84-E139.41-lv20-Bing_crop0001,318,911d421e926205f1a16c6f14d05fd8902e73e78f2d620b6e0a9cf3bb72fc780b,8,8,ok
train,shiyan/data/labels/train/fsc_AGZ-N35.84-E139.41-lv20-Google_crop0001.txt,fsc_AGZ-N35.84-E139.41-lv20-Google_crop0001,278,e0e1b7ec007dc90bd8275975ce0ab8e4ebdd5329210245ebd7b6309b2748f0f7,7,7,ok
train,shiyan/data/labels/train/fsc_AGZ-N35.84-E139.41-lv20-Google_crop0002.txt,fsc_AGZ-N35.84-E139.41-lv20-Google_crop0002,358,7fb92ab1af698e2676b91e567a764a71b8eda63de00b4a34b0fedc574c7426e9,9,9,ok
train,shiyan/data/labels/train/fsc_AGZ-N35.89-E126.62-lv20-Google_crop0001.txt,fsc_AGZ-N35.89-E126.62-lv20-Google_crop0001,318,f6be92bc96ed1a2c75a272826269ed71ffafb965e71d71e41cbded51d920ba66,8,8,ok
train,shiyan/data/labels/train/fsc_AGZ-N35.89-E126.62-lv20-Google_crop0002.txt,fsc_AGZ-N35.89-E126.62-lv20-Google_crop0002,238,209cc3e3dfa9f21f48128ac06e6b5fae5e6d31f4e14b94d4397aefca38b6dbea,6,6,ok
train,shiyan/data/labels/train/fsc_AGZ-N35.89-E126.62-lv20-Yandex_crop0001.txt,fsc_AGZ-N35.89-E126.62-lv20-Yandex_crop0001,358,ed974e13322b61e1bf761daf0f5ae833cfc0e152c0ec23416ae750abc8ac939d,9,9,ok
train,shiyan/data/labels/train/fsc_AGZ-N35.89-E126.62-lv20-Yandex_crop0002.txt,fsc_AGZ-N35.89-E126.62-lv20-Yandex_crop0002,358,4de2cc6a0bca301e60f603e4bcc252dbe3f27a40e18554736ef14490f5ecf670,9,9,ok
train,shiyan/data/labels/train/fsc_AGZ-N42.80-E141.65-lv20-Bing_crop0001.txt,fsc_AGZ-N42.80-E141.65-lv20-Bing_crop0001,38,d897f014fcf12edf8081c8e95b4be48f263c4df91a662008facd54a776318ef4,1,1,ok
train,shiyan/data/labels/train/fsc_AGZ-N42.80-E141.65-lv20-Bing_crop0002.txt,fsc_AGZ-N42.80-E141.65-lv20-Bing_crop0002,78,15f6294b03dd858620542ab1abc104512e76dfe5b0f1e5119a478ef555a49ba5,2,2,ok
train,shiyan/data/labels/train/fsc_AGZ-N42.80-E141.65-lv20-Google_crop0001.txt,fsc_AGZ-N42.80-E141.65-lv20-Google_crop0001,278,ec0c6255ee68116736f517a77502815145e7afeb100d809a9bb2aa1b4d804827,7,7,ok
train,shiyan/data/labels/train/fsc_AGZ-N42.80-E141.65-lv20-Google_crop0002.txt,fsc_AGZ-N42.80-E141.65-lv20-Google_crop0002,78,309eb21d7ba44ea2bd38ce2091450fe442a4c1e203909b781e29dfd3a20c2032,2,2,ok
train,shiyan/data/labels/train/fsc_FKDD-N31.32-E31.05-lv20-Bing_crop0001.txt,fsc_FKDD-N31.32-E31.05-lv20-Bing_crop0001,38,efe5dd0940fdd11488183ed1ae30bf7372a0c557f13a0dcba6178356d8f200e3,1,1,ok
train,shiyan/data/labels/train/fsc_FKDD-N31.32-E31.05-lv20-Bing_crop0002.txt,fsc_FKDD-N31.32-E31.05-lv20-Bing_crop0002,38,9c57ec155e32ee1c1f0d47a56372689f7f293c6ab8dfae8a1ac929f24652a1f4,1,1,ok
train,shiyan/data/labels/train/fsc_FKDD-N31.32-E31.05-lv20-Google_crop0001.txt,fsc_FKDD-N31.32-E31.05-lv20-Google_crop0001,158,632180ab7a0260fd20879ea0af20e8768b137704732c6cfa4162e16328a993fd,4,4,ok
train,shiyan/data/labels/train/fsc_FKDD-N31.32-E31.05-lv20-Yandex_crop0001.txt,fsc_FKDD-N31.32-E31.05-lv20-Yandex_crop0001,158,f489f932ddaa14d322bd1fda2ed9d57c0f338db6c1d6967af0c2f422cd039923,4,4,ok
train,shiyan/data/labels/train/fsc_HMS-N26.20-E127.66-lv20-google_crop0001.txt,fsc_HMS-N26.20-E127.66-lv20-google_crop0001,158,02082d39322b16cde70e1f7a3efee01b294cf0820d3d8517cea6b65196886096,4,4,ok
train,shiyan/data/labels/train/fsc_HMS-N26.20-E127.66-lv20-yandex_crop0001.txt,fsc_HMS-N26.20-E127.66-lv20-yandex_crop0001,38,c1ef4120fdaa6855a23ce2dc1204599a04a43beaf5a7db68cffce92dc37d4a8e,1,1,ok
train,shiyan/data/labels/train/fsc_SD-N36.03-E128.13-lv20-Bing_crop0001.txt,fsc_SD-N36.03-E128.13-lv20-Bing_crop0001,118,ab0c5cdf0f48426618f8cccb446c1f953e517e5e8ddcd5295c14f2b8103d165e,3,3,ok
train,shiyan/data/labels/train/fsc_SD-N36.03-E128.13-lv20-Bing_crop0002.txt,fsc_SD-N36.03-E128.13-lv20-Bing_crop0002,118,5b50274210877c0df87fad423b36f9a5f6e1ef268a0120864be0678b6c09933b,3,3,ok
train,shiyan/data/labels/train/fsc_SD-N36.03-E128.13-lv20-Google_crop0002.txt,fsc_SD-N36.03-E128.13-lv20-Google_crop0002,358,31c29340e02abb4b76c4e2b31738c077dac710b8f7fe7c492a43d935e0c704f5,9,9,ok
train,shiyan/data/labels/train/fsc_TG-N22.33-E120.62-lv20-Bing_crop0003.txt,fsc_TG-N22.33-E120.62-lv20-Bing_crop0003,118,bf8583880dc9dfced4582da63d8d153f508f8d6d27bd5aa3eb6eb04cea6359de,3,3,ok
train,shiyan/data/labels/train/fsc_TG-N22.33-E120.62-lv20-Bing_crop0004.txt,fsc_TG-N22.33-E120.62-lv20-Bing_crop0004,798,1b05f1a2f59584c896cf43f6c451e1f1dc01ac95bf8970d57d9f93d49f658df4,20,20,ok
train,shiyan/data/labels/train/fsc_TG-N22.33-E120.62-lv20-Google_crop0001.txt,fsc_TG-N22.33-E120.62-lv20-Google_crop0001,358,20e5af6ccaf44e672a30acfb4c94eba1c12b546617990a62bc10734c223c0cdf,9,9,ok
train,shiyan/data/labels/train/fsc_TG-N22.33-E120.62-lv20-Google_crop0002.txt,fsc_TG-N22.33-E120.62-lv20-Google_crop0002,518,dd059d53e1ba0101f18e14c3568c1f4a3b79c73f73b805b841c6054e9fe4c31f,13,13,ok
train,shiyan/data/labels/train/fsc_TG-N23.66-E119.55-lv20-bing_crop0001.txt,fsc_TG-N23.66-E119.55-lv20-bing_crop0001,38,229484e3276bbdfabd008a99fb5418d0d455b6c784f1c59c6018460820db48fc,1,1,ok
train,shiyan/data/labels/train/fsc_TG-N23.66-E119.55-lv20-bing_crop0002.txt,fsc_TG-N23.66-E119.55-lv20-bing_crop0002,78,6bfb511dac56aaf0409f6156f41cbb15a2524e7d2c42738736d2ce81da8e0928,2,2,ok
train,shiyan/data/labels/train/fsc_TG-N23.66-E119.55-lv20-Google_crop0001.txt,fsc_TG-N23.66-E119.55-lv20-Google_crop0001,318,f135d7b57b6f02519d3531203d0bbf75db9d96d9fbc80b6e057127e4c9a8ab32,8,8,ok
train,shiyan/data/labels/train/fsc_TG-N24.02-E121.62-lv20-Bing_crop0001.txt,fsc_TG-N24.02-E121.62-lv20-Bing_crop0001,158,addb2ba94c481344b361016dc8a24a883a39f42a9a872ac687a129bf3e43653f,4,4,ok
train,shiyan/data/labels/train/fsc_TG-N24.02-E121.62-lv20-Bing_crop0002.txt,fsc_TG-N24.02-E121.62-lv20-Bing_crop0002,198,da24b580a034eb12f3cd6d4bb9be074ecae3d85dc2ea910ce143a628aa0cfe9b,5,5,ok
train,shiyan/data/labels/train/fsc_TG-N24.02-E121.62-lv20-Google_crop0001.txt,fsc_TG-N24.02-E121.62-lv20-Google_crop0001,158,52f8651c5f26d5827dd6c923f5b842cb7eb5bd24076f66d36b8a78953b5bfd68,4,4,ok
train,shiyan/data/labels/train/fsc_TG-N24.02-E121.62-lv20-Google_crop0002.txt,fsc_TG-N24.02-E121.62-lv20-Google_crop0002,38,7b7f5f0362fa94249aa0986ae177a7275020c25e1dd9bc0fffccf0ee09fe8dcc,1,1,ok
train,shiyan/data/labels/train/fsc_TG-N24.21-E120.59-lv20-Google_crop0001.txt,fsc_TG-N24.21-E120.59-lv20-Google_crop0001,278,f5f0e334d7c8a268d86fd64b600fc59691b24cd9e311b3c11d4f47286a2c9fe1,7,7,ok
train,shiyan/data/labels/train/fsc_TG-N24.21-E120.59-lv20-Google_crop0002.txt,fsc_TG-N24.21-E120.59-lv20-Google_crop0002,238,a96674148158a5093d9e300b0a789296af7d992c47d8497538c9ef1ffec393ac,6,6,ok
train,shiyan/data/labels/train/fsc_TG-N24.21-E120.59-lv20-Google_crop0003.txt,fsc_TG-N24.21-E120.59-lv20-Google_crop0003,118,31d45198efc9ad7ff399a4a621f6963d92097df79030409457e910192f891288,3,3,ok
train,shiyan/data/labels/train/fsc_TG-N25.20-E121.42-lv20-Bing_crop0001.txt,fsc_TG-N25.20-E121.42-lv20-Bing_crop0001,198,d58529543d534e2c0ee9f70a99ca1f5ac25dff162063bdd12cef4fd4bd93e061,5,5,ok
train,shiyan/data/labels/train/fsc_TG-N25.20-E121.42-lv20-Google_crop0001.txt,fsc_TG-N25.20-E121.42-lv20-Google_crop0001,758,25ec5527188261db271134a98beac88d728516f62f9a2d823c1f32502826eec4,19,19,ok
train,shiyan/data/labels/train/fsc_TG-N25.20-E121.42-lv20-Yandex_crop0001.txt,fsc_TG-N25.20-E121.42-lv20-Yandex_crop0001,958,d81d7023ebc1b8d2b4cd419b93e23c6a73eebfcb1a885931c296afbe0395adac,24,24,ok
train,shiyan/data/labels/train/MAR20_1.txt,MAR20_1,116,733121ca8c73cb0f438a22d7c0b6dd2b27abc9bd9f54fb1eeb4368a49f822495,3,3,ok
train,shiyan/data/labels/train/MAR20_10.txt,MAR20_10,154,fd9b4173dc072b5cb6af4ecea619f619cd8ebb06d3d906181ed7b279e0ec351f,4,4,ok
train,shiyan/data/labels/train/MAR20_100.txt,MAR20_100,232,83f9abdeee8ce8a51b50d8c9f7ee593d2d42c86b4cfeccdc6a5b744b272e193b,6,6,ok
train,shiyan/data/labels/train/MAR20_1000.txt,MAR20_1000,115,0f148c794970d417878ea036a2843f4fd11dad11810e52995a96bc35a9e51561,3,3,ok
train,shiyan/data/labels/train/MAR20_1001.txt,MAR20_1001,154,12bd0921f7baf55d2ab0cad1c3524635bde7c0112b2a8dc9a7d7f03603b57da8,4,4,ok
train,shiyan/data/labels/train/MAR20_1002.txt,MAR20_1002,514,fc8ef21057100eae31f05296fcbd94530aa795ff4d3282ade2a60a1d2a787484,13,13,ok
train,shiyan/data/labels/train/MAR20_1004.txt,MAR20_1004,198,e44316a4486949700b39884f3ad68f45517b1bc74678091aa2efcdce12eec082,5,5,ok
train,shiyan/data/labels/train/MAR20_1005.txt,MAR20_1005,77,03b8f7b633241ab4985541517b2e6413cb6a88e4038f762daf11f2b44fc0021c,2,2,ok
train,shiyan/data/labels/train/MAR20_1006.txt,MAR20_1006,78,ad764cbce3fb6adb0644ff7e299be22adf0df4ca881953d255ff15ac485b6dac,2,2,ok
train,shiyan/data/labels/train/MAR20_1007.txt,MAR20_1007,38,7915ca398a6612c2eab7562fa3b84d3cc1ac307abd6783307fdbc81fed61add3,1,1,ok
train,shiyan/data/labels/train/MAR20_1008.txt,MAR20_1008,427,e6e1314a01acf08752478f51503fc11c2ad03e481770f3fdfab50e8207ce599e,11,11,ok
train,shiyan/data/labels/train/MAR20_1009.txt,MAR20_1009,238,b2ae3ae3c07474adf2f426a445a8a475b6e0ae2f2875ed587acf8e4ab18829cf,6,6,ok
train,shiyan/data/labels/train/MAR20_101.txt,MAR20_101,154,f77cc5102a6e9837c3335cbdf5406a3458ea65a0b876e3019ef6c0b0d8a343c7,4,4,ok
train,shiyan/data/labels/train/MAR20_1010.txt,MAR20_1010,195,95748cd2cd1aaa82184ffce622521ae5a358a98b0b3ac94e3bdb6e868e00e194,5,5,ok
train,shiyan/data/labels/train/MAR20_1011.txt,MAR20_1011,318,715d2ef4ac07cd807795fcb00feaf3dff254b420d2e379fc0cd9a61d627c671e,8,8,ok
train,shiyan/data/labels/train/MAR20_1012.txt,MAR20_1012,238,2fe347820ef54677a69b0ab80f951a10e866f73f1694fc32fdefda68d566cfa1,6,6,ok
train,shiyan/data/labels/train/MAR20_1013.txt,MAR20_1013,154,79e5af3354cb48ec45c3c4722a93b1357e3a9fe6d7f02dbbda1cd05ed4e1e6a3,4,4,ok
train,shiyan/data/labels/train/MAR20_1014.txt,MAR20_1014,318,f4093f019b7ad7f7843a684549501f9429b356ff82f73c64e1ee53ccd19d582e,8,8,ok
train,shiyan/data/labels/train/MAR20_1015.txt,MAR20_1015,238,e533a210f5d9d7be612614820abfe2a23c0b4a7136f2699b0cdbf9e5b9e0ab68,6,6,ok
train,shiyan/data/labels/train/MAR20_1016.txt,MAR20_1016,155,7414cb5d3edda78c136129e5fcd85f9bb9f0ce94c557c90877b727a25d2b0bc1,4,4,ok
train,shiyan/data/labels/train/MAR20_1018.txt,MAR20_1018,154,b9da54cec865d81c08ec2024db833c2f32d2aac58b4e57aa5fcc1decca1de633,4,4,ok
train,shiyan/data/labels/train/MAR20_1019.txt,MAR20_1019,118,a39c2f3ea5ddbcb74961084ab85ba6cea31a2bf9f0db207b46c2c41d962a04ff,3,3,ok
train,shiyan/data/labels/train/MAR20_102.txt,MAR20_102,310,5ded28ff7cd88dae43cefe6dd1d7be506bf888ca49826e6e4226ef15307ea3cd,8,8,ok
train,shiyan/data/labels/train/MAR20_1020.txt,MAR20_1020,272,7a4635c63cb25de895e2184293f6beb7c93ca8208f5c31b36e2f250ec4f214f3,7,7,ok
train,shiyan/data/labels/train/MAR20_1021.txt,MAR20_1021,115,d39ec8dd4322da962500984c528f4d21c434b9f19e1437ba944962501f97eb6e,3,3,ok
train,shiyan/data/labels/train/MAR20_1022.txt,MAR20_1022,278,b17fa98cdea54afc38cb32d06a9e38e3080d16c0503447e7002c517e1cc0fe93,7,7,ok
train,shiyan/data/labels/train/MAR20_1023.txt,MAR20_1023,78,d1a0e6856315adef4f6330aecd96774371a03fed732862d954a09a9715841a86,2,2,ok
train,shiyan/data/labels/train/MAR20_1024.txt,MAR20_1024,158,8f1deb3e951bba3a2d516ee2061152264de7925b78ce2cd2951364e90fd36f70,4,4,ok
train,shiyan/data/labels/train/MAR20_1025.txt,MAR20_1025,198,4bc8757c5836bf0c0c527bd4d9153198814bcd953e8731966aa40f9b448eee82,5,5,ok
train,shiyan/data/labels/train/MAR20_1026.txt,MAR20_1026,238,9f6e9ec427124fca53af464b6765d942ad0c10304e5006f104939e1e6d0139f5,6,6,ok
train,shiyan/data/labels/train/MAR20_1027.txt,MAR20_1027,154,03bf0afa09aed4ebae6901c165aa76f7d10f12de31cf32f566efd926eea6a0a4,4,4,ok
train,shiyan/data/labels/train/MAR20_1028.txt,MAR20_1028,118,24cfd9cf125fad3b8718c0944d8358e6e41c122f4fbb9f329a3ad2176971e69a,3,3,ok
train,shiyan/data/labels/train/MAR20_1029.txt,MAR20_1029,318,9d7869ab365325492f480aa03260055c212bca07755f73e126d4de6bdd755a3c,8,8,ok
train,shiyan/data/labels/train/MAR20_103.txt,MAR20_103,78,4d1ce3527d1fba06c81d197f7237e62c945d7f16da170b990839b0caa89288a7,2,2,ok
train,shiyan/data/labels/train/MAR20_1030.txt,MAR20_1030,278,f2be89306b368bd769c8ad11be8fcfbcd25eb9fea9488eebe7e4705f204a5a75,7,7,ok
train,shiyan/data/labels/train/MAR20_1031.txt,MAR20_1031,198,3a1cacfdaacddab66ef0c3993d7cae8cd32c7a1738a38d024f74abbad317ecb6,5,5,ok
train,shiyan/data/labels/train/MAR20_1032.txt,MAR20_1032,157,eacca9283b0ffdcf604124993f279363afb7e6fdf825a042dee2989acff5c1a6,4,4,ok
train,shiyan/data/labels/train/MAR20_1033.txt,MAR20_1033,194,5640257097c8f2aa60dc7dceed777aa772b37c25685837649383264d49cd3ee6,5,5,ok
train,shiyan/data/labels/train/MAR20_1034.txt,MAR20_1034,390,95c11b3d35c91513354bfc08dd1f515b113a1272fc6555486823ef9222c5601a,10,10,ok
train,shiyan/data/labels/train/MAR20_1035.txt,MAR20_1035,118,ee4f8b484051fb4ab3123d5dd062607be3c4c69760bbe68a15f75a068083baa2,3,3,ok
train,shiyan/data/labels/train/MAR20_1036.txt,MAR20_1036,158,83913bbf13c2040b9899d5a004d7fbac6a3fe00bc0c9427b347bd383839089a6,4,4,ok
train,shiyan/data/labels/train/MAR20_1037.txt,MAR20_1037,76,0f56f41c4e6771aea49648bcbf4add3352c8c3dffe2b944c4a02a419102527ff,2,2,ok
train,shiyan/data/labels/train/MAR20_1038.txt,MAR20_1038,38,d1dc18c09fae5e35d3be058e5488e42e49348b791461c73660786e4fb5d46768,1,1,ok
train,shiyan/data/labels/train/MAR20_1039.txt,MAR20_1039,158,f3154b419bd7cabe45629609623c44b428037cc22909ee0abd5dfc6f3a036c6b,4,4,ok
train,shiyan/data/labels/train/MAR20_104.txt,MAR20_104,118,f7d1470207122d2c7145885f4f199b2ebbafe9b293df473aa7fdc6c4f2cc6ad1,3,3,ok
train,shiyan/data/labels/train/MAR20_1040.txt,MAR20_1040,158,0105a0a0df28d3f978ac10a1336a0514d3153f74346137136f3ac86f63018135,4,4,ok
train,shiyan/data/labels/train/MAR20_1041.txt,MAR20_1041,154,20451124ea7dbe9076ea24928df035f83995bb35dd3012ec74ee47eccc304da9,4,4,ok
train,shiyan/data/labels/train/MAR20_1042.txt,MAR20_1042,354,0a570bfc40ac3bf5e2983b39e0d2afbcd659eb9a3cb7b65d8a0cafa80cc1633d,9,9,ok
train,shiyan/data/labels/train/MAR20_1043.txt,MAR20_1043,233,67b57c2bfff244727f4efc65ccc5639105b86616843cc25bc1082c81b23a5238,6,6,ok
train,shiyan/data/labels/train/MAR20_1044.txt,MAR20_1044,115,91f20b78c4ba6ede7514abdb1828c5be90ef83145287b481aec32a5da98c8088,3,3,ok
train,shiyan/data/labels/train/MAR20_1045.txt,MAR20_1045,158,08f58318a5f2d1b6c04b7fe6413bf43f004051ad947b4c2562f7a42883027221,4,4,ok
train,shiyan/data/labels/train/MAR20_1046.txt,MAR20_1046,232,90dbf6a01b42640bd3d535889d6d7f87cc3586191f6f26f0d294d324cc8da398,6,6,ok
train,shiyan/data/labels/train/MAR20_1047.txt,MAR20_1047,197,cbff28e06ebf8e13d6aa66ae9eec957452f7a38e237e728f98a4104abb975c0c,5,5,ok
train,shiyan/data/labels/train/MAR20_1048.txt,MAR20_1048,158,4cc4daa4e6195becfab3804ade7dd965112f7e46441394821c4dfc35ae0d31fa,4,4,ok
train,shiyan/data/labels/train/MAR20_1049.txt,MAR20_1049,158,e65674a03cd565d23af531f58bb715c6de01f3c4d1f5a5a5d69c12590584bff4,4,4,ok
train,shiyan/data/labels/train/MAR20_105.txt,MAR20_105,38,adf0b9a886021032c873bf8a7d30786e9d8b3a97ea4b2bf5dddacac33706ea46,1,1,ok
train,shiyan/data/labels/train/MAR20_1050.txt,MAR20_1050,193,a6c52195c5642c42050a965a68a9269c02725d784da988f4958caf9dd742a77a,5,5,ok
train,shiyan/data/labels/train/MAR20_1051.txt,MAR20_1051,544,dbfd44786b117b671ed931396de76842483f7889c17fc785b4abdfb429b86b73,14,14,ok
train,shiyan/data/labels/train/MAR20_1052.txt,MAR20_1052,310,299018eab2d201cdcdd522ecc160e4ce6507dd728fa6b9a548372d556a21265b,8,8,ok
train,shiyan/data/labels/train/MAR20_1053.txt,MAR20_1053,198,f0abf7d642e3308f31ca9257bd905d8a001a4c93f2dd6d4907fcaa7f1838cdff,5,5,ok
train,shiyan/data/labels/train/MAR20_1054.txt,MAR20_1054,558,c75cd7570aff7dd6aec6cb19d5984a07e5483f065289ff430b175a6e75f130f6,14,14,ok
train,shiyan/data/labels/train/MAR20_1055.txt,MAR20_1055,38,f5ac9cc6086759055864afa4adb3a2f01b22c3b17f81c82123fbfcc0df5a72f8,1,1,ok
train,shiyan/data/labels/train/MAR20_1056.txt,MAR20_1056,118,5e3dde29f43dea586adc79eb2baff7a1b93798dddc043dc697c3a85e986f0bf2,3,3,ok
train,shiyan/data/labels/train/MAR20_1057.txt,MAR20_1057,278,b13e3665f2ba370eb84bd898b013c14bdb1a7212c0884ad8deea47c8b391a5b8,7,7,ok
train,shiyan/data/labels/train/MAR20_106.txt,MAR20_106,77,83b89c7767ed9cf3d6515f2a53508ffbe3e4c36b3173a28cf92e892d00367541,2,2,ok
train,shiyan/data/labels/train/MAR20_1060.txt,MAR20_1060,38,fcfc9cd07efd68168297ca85009c1089ad82b077eb65b49bfe05054d0ceacb1f,1,1,ok
train,shiyan/data/labels/train/MAR20_1061.txt,MAR20_1061,310,075d29d09528a644197620eb751ef7e7d07a288af09da43211d525604eec7627,8,8,ok
train,shiyan/data/labels/train/MAR20_1062.txt,MAR20_1062,116,89c019c8ba2d2dca2cb1bf690f3f61f6290db4f9bf58a6845a046a3fe23ff54b,3,3,ok
train,shiyan/data/labels/train/MAR20_1063.txt,MAR20_1063,118,21a428016060852f401d48908b9ed4c076d2999a2b35acbdc4f1ab64eb1c3c7b,3,3,ok
train,shiyan/data/labels/train/MAR20_1064.txt,MAR20_1064,237,ea41ae0f62a47fb647dfc575a33b2e17ee73fcfaf810cd4a9f175da8f35247be,6,6,ok
train,shiyan/data/labels/train/MAR20_1066.txt,MAR20_1066,193,838ab15adc219be6d26bf3d76861fabd13744b85c5b23f24e1defc431733d5a9,5,5,ok
train,shiyan/data/labels/train/MAR20_1067.txt,MAR20_1067,118,bb6317460644a3ea25d606fcf47df624ed38bf253e5b8e58218189531b07e66b,3,3,ok
train,shiyan/data/labels/train/MAR20_1069.txt,MAR20_1069,235,911b929feb75a62b2088286d242e74afad719ca6ffa6ad1b725beb7b53ac7c90,6,6,ok
train,shiyan/data/labels/train/MAR20_107.txt,MAR20_107,77,89aeb9760365a7a1d118f0ec5f7ce870acba78abc7b5484459acbd3afac0096d,2,2,ok
train,shiyan/data/labels/train/MAR20_1070.txt,MAR20_1070,38,71982d73d89504acb3c6bbccc0685be844f097049cf5e2da54dd2e52f4dc1f9c,1,1,ok
train,shiyan/data/labels/train/MAR20_1071.txt,MAR20_1071,78,46f02c2726fa74855957c357472ba157a0f10830f822ffcb280bcf505328b78e,2,2,ok
train,shiyan/data/labels/train/MAR20_1072.txt,MAR20_1072,193,b2cef596ab694d5a72a17de1da08c59cba9754656ec77c333663f3c7432316c0,5,5,ok
train,shiyan/data/labels/train/MAR20_1074.txt,MAR20_1074,1428,1eab8fe18065d5d92c03889b515d8542649883eaa7201a6fcecac3e588554009,36,36,ok
train,shiyan/data/labels/train/MAR20_1075.txt,MAR20_1075,272,b3f10eabe83f61d3424c62d13e4da7fc55edd2f681467fcf23fd1e627b2071b7,7,7,ok
train,shiyan/data/labels/train/MAR20_1076.txt,MAR20_1076,395,8c4cbec7700252fba801de99f548a1d05d4fc35d5edf01fe0023c0ec3fa9e03b,10,10,ok
train,shiyan/data/labels/train/MAR20_1077.txt,MAR20_1077,115,b35cd3acbc4cf86a6099b86de8531ed1e0754ee48b66f4e4ccaf6b64b0555242,3,3,ok
train,shiyan/data/labels/train/MAR20_1078.txt,MAR20_1078,232,7502841e78464c043a2daaddbcd82d9ec89eca02a0f131ad04c408388e3719c2,6,6,ok
train,shiyan/data/labels/train/MAR20_1079.txt,MAR20_1079,38,683ae43c079f99030bbc99080d32372c5acccfab357ce92d5f13a07331519abc,1,1,ok
train,shiyan/data/labels/train/MAR20_108.txt,MAR20_108,77,4ecdc3175f0cc0d40ec318a75278e83078d50673a354ab879ea1be6cb6eda1ba,2,2,ok
train,shiyan/data/labels/train/MAR20_1080.txt,MAR20_1080,118,5067e934877aac170dce0427c220b1702e817dea605a78bb4f430068306f93dc,3,3,ok
train,shiyan/data/labels/train/MAR20_1081.txt,MAR20_1081,154,792cad73efef0ee5c45fbf8a44f425c4d9f01057a7552ff03f7db9df145721dd,4,4,ok
train,shiyan/data/labels/train/MAR20_1082.txt,MAR20_1082,238,48801c364fb3bebce31c9d1bca1bdd57713c26cf79cebd1a692efa8be376d73e,6,6,ok
train,shiyan/data/labels/train/MAR20_1084.txt,MAR20_1084,38,5206db75eb40f71ad92c67d125541eacea19aa89d94cc183f8222643136b664c,1,1,ok
train,shiyan/data/labels/train/MAR20_1085.txt,MAR20_1085,118,f3ee62d57b1f650ecbda24ced12f2871192b453b95ae2d703e58ee7648426927,3,3,ok
train,shiyan/data/labels/train/MAR20_1086.txt,MAR20_1086,278,7c42055878d2c813619eaf20b691f14f8ad72356c5a6213ce8d96db89e00da5e,7,7,ok
train,shiyan/data/labels/train/MAR20_1087.txt,MAR20_1087,76,fb317508ebbea02de2d268d176714e071aaf26442b8ef26e6e22372be8f8e696,2,2,ok
train,shiyan/data/labels/train/MAR20_1088.txt,MAR20_1088,232,00caa880205f6f6d732572badf29a694a92dfe350ec0ba66169c772ce59d4320,6,6,ok
train,shiyan/data/labels/train/MAR20_1089.txt,MAR20_1089,193,fd60c81d4bd3cd28c7d5510d7edd2367309cffe55b4d43df9098eb52b6deeb14,5,5,ok
train,shiyan/data/labels/train/MAR20_109.txt,MAR20_109,38,dcc8e9a4224ca0a141003d9068317ec082d21f8d015e5b327040cf38c5334a98,1,1,ok
train,shiyan/data/labels/train/MAR20_1090.txt,MAR20_1090,78,fd6fd747065de56d51bee87dd86fb29cb8415e97c594704c91d915bad586737c,2,2,ok
train,shiyan/data/labels/train/MAR20_1091.txt,MAR20_1091,272,565ebec8b6b17851cdc8372d4afeb212fb309c4a5f6d2ac4e6fdec0509d06bf4,7,7,ok
train,shiyan/data/labels/train/MAR20_1092.txt,MAR20_1092,232,ccfb0ccd533a8b500fb1b306a2353384dd1630f66b09fcace9c8e7526d68e9bd,6,6,ok
train,shiyan/data/labels/train/MAR20_1093.txt,MAR20_1093,115,82858980b60404c7d856ccaf0cba8210714aeb3c3f245917c94f98a21810d421,3,3,ok
train,shiyan/data/labels/train/MAR20_1096.txt,MAR20_1096,76,447ac909942b46949559d09df11d417345c86747a2221410375363bfde2cfc2a,2,2,ok
train,shiyan/data/labels/train/MAR20_1098.txt,MAR20_1098,398,6cf53daa04604bdfd40159dd12d19519474887c20c3931aec742a74f942d5589,10,10,ok
train,shiyan/data/labels/train/MAR20_1099.txt,MAR20_1099,427,a29d3788e0cff648102850f8615820a654f4ea90b0119eb0ed8ad16b2c766b2e,11,11,ok
train,shiyan/data/labels/train/MAR20_11.txt,MAR20_11,115,67c8050e6d66b9f43264ef9b4c3ea791d0c6590c21d6aa33b37ea358b5cea5db,3,3,ok
train,shiyan/data/labels/train/MAR20_110.txt,MAR20_110,117,41ae3d12034cc00aaa1c73c87e87618304e4c18b8ff73df68018c4c62c605e42,3,3,ok
train,shiyan/data/labels/train/MAR20_1100.txt,MAR20_1100,349,f8b08de106a2bd2d6f385b5b43e737e8130f0eff0bbc185d362261cf6e1c9577,9,9,ok
train,shiyan/data/labels/train/MAR20_1103.txt,MAR20_1103,77,e7a1d3350f19d0972c59b8c2c0e5704fe87c99e34066f29e4175881a57831699,2,2,ok
train,shiyan/data/labels/train/MAR20_1104.txt,MAR20_1104,76,bf6642b195891d8a7b8822bdc4d6043f04ce370a9c8a893286057a8c0f5afb65,2,2,ok
train,shiyan/data/labels/train/MAR20_1105.txt,MAR20_1105,158,2d2f0543cb2dbf78ede81194b439978c1db4e2f018bd67674f60d5209ea4b6f0,4,4,ok
train,shiyan/data/labels/train/MAR20_1106.txt,MAR20_1106,158,ffa1b4f71fe89446c9bd9605f6c80f6e470a4af3a202d9c0412b736b2660c94b,4,4,ok
train,shiyan/data/labels/train/MAR20_1107.txt,MAR20_1107,38,7d6e3d1e003751c7b6a85910541ae59be8abdf7867a46b989d7522973006dd9d,1,1,ok
train,shiyan/data/labels/train/MAR20_1108.txt,MAR20_1108,355,fe1aa0c3bfa10d980645e23cb235e839d9d20f0af611e85a52dfb19091a24239,9,9,ok
train,shiyan/data/labels/train/MAR20_1109.txt,MAR20_1109,37,7694dd41ede221750a2f947760b9e5aad4b7875d203cb21bdac11e1414dd0836,1,1,ok
train,shiyan/data/labels/train/MAR20_1110.txt,MAR20_1110,318,f9f5fa1f303c6226f715f20a924e5f92b8a7e4a67caf7785ae62209b944e6ce8,8,8,ok
train,shiyan/data/labels/train/MAR20_1111.txt,MAR20_1111,198,9e097cce57e3ca73209a7e62051c69f152f0c5d7c1d9ed4055a92d7355837496,5,5,ok
train,shiyan/data/labels/train/MAR20_1113.txt,MAR20_1113,76,8741e46dac1dd22ca7660b83d2d9a16fc7f9317f4f4e646d987e028cc0870123,2,2,ok
train,shiyan/data/labels/train/MAR20_1114.txt,MAR20_1114,118,c793975f40056dbf05529e93aa1a3c17783ef9f3b86f62699d9b42111f555bf0,3,3,ok
train,shiyan/data/labels/train/MAR20_1115.txt,MAR20_1115,198,e76aed4d4eb1e977a1e56e6f9c90d68f4c7ab03478693d563bd9d5ef9cf04578,5,5,ok
train,shiyan/data/labels/train/MAR20_1116.txt,MAR20_1116,198,2e69748d29a4f6140034e5a2e2a8b36d4d14c6265c5591ac35c1876c8a3a9445,5,5,ok
train,shiyan/data/labels/train/MAR20_1118.txt,MAR20_1118,349,5c3542fa07edb2f7b09c20101c7db1f05baf9ddb1c4496486ac08afa586ed01b,9,9,ok
train,shiyan/data/labels/train/MAR20_1119.txt,MAR20_1119,197,505d0b75d1630d8c586eb4a7ffc6bf9c32ada3cb13b7061911e91f2d86541569,5,5,ok
train,shiyan/data/labels/train/MAR20_112.txt,MAR20_112,78,f35b477228561688fcdd22fd9e1e180efb64cec8b831020721b77817c589bfb7,2,2,ok
train,shiyan/data/labels/train/MAR20_1120.txt,MAR20_1120,358,465700550c08b566e3d5865d2f8dc87821a90cffae2ca91ab1a67787924a310c,9,9,ok
train,shiyan/data/labels/train/MAR20_1121.txt,MAR20_1121,158,ac1af6cd6508584dcc2cc5e51d60a0d209fd773c3dc3b72b24295bee991f5e7a,4,4,ok
train,shiyan/data/labels/train/MAR20_1122.txt,MAR20_1122,518,e14ec75e5a389cdc7f4ab6bcd76802422e338c3adf1779c692b8e8c2241ffac6,13,13,ok
train,shiyan/data/labels/train/MAR20_1123.txt,MAR20_1123,78,f86e99e8bb093bb245082b650f0c6ebd0802d47c7dd021627c4c5d394bf63375,2,2,ok
train,shiyan/data/labels/train/MAR20_1124.txt,MAR20_1124,310,559b93aec53fb0381b09c9ba26434b5cbca6f5245f2d6ab275985d94695ab565,8,8,ok
train,shiyan/data/labels/train/MAR20_1125.txt,MAR20_1125,238,04acc263c90740b4d39385173f81bb20a50fbec6aec4eeb429764ec29bd54978,6,6,ok
train,shiyan/data/labels/train/MAR20_1127.txt,MAR20_1127,278,43f7b991f5afeb647c9b839c5c88ecb4b09c24ecf4cdd767fc85e77201e9f76b,7,7,ok
train,shiyan/data/labels/train/MAR20_1128.txt,MAR20_1128,193,42db72a79b8d4b02928b1de3b92026e96bb3e909cbe4a4abc804145dae7605af,5,5,ok
train,shiyan/data/labels/train/MAR20_1129.txt,MAR20_1129,478,ca9e57746241db8e2e4d8cf59f60ae008467fdd6f3d9cbd0cef73e9576f648e3,12,12,ok
train,shiyan/data/labels/train/MAR20_113.txt,MAR20_113,78,4d082ae138ad46230b2c3a7fce7ff08bc7239efafa63d8f4c3d5a3140cf7b073,2,2,ok
train,shiyan/data/labels/train/MAR20_1130.txt,MAR20_1130,158,1dfc13a9efa2c7fdfcf2711ad6cd7c83bc2c718a8f1024c5c7e44f4e989b6933,4,4,ok
train,shiyan/data/labels/train/MAR20_1131.txt,MAR20_1131,158,08c8033964267620d1abbff8c7fe7a8a9aa88a5299bb6bb4669f37b75013c6b0,4,4,ok
train,shiyan/data/labels/train/MAR20_1133.txt,MAR20_1133,118,c4ac7602f27d24c9a7e3bc0ab0a26ab9e993e70bee3e4a8985f863c7aa5b8ec8,3,3,ok
train,shiyan/data/labels/train/MAR20_1135.txt,MAR20_1135,238,659a48f20c352366c22d341b2e71d32e0333bc6ee8f0e7b4ad258958cc043e18,6,6,ok
train,shiyan/data/labels/train/MAR20_1136.txt,MAR20_1136,38,325a78cb0b73fbef52c0f23c6dff72d265ad613fc32efbf20702cc676b11c5f9,1,1,ok
train,shiyan/data/labels/train/MAR20_1138.txt,MAR20_1138,238,cf453daa14f71ce92f16a7d33070ac8fbcb1cd4fd2f33df611bfa5b69f67c1bd,6,6,ok
train,shiyan/data/labels/train/MAR20_114.txt,MAR20_114,78,dba246ffe7f0635b1ceb2943941d8a7f0fbfb7ce2547f7988b3afe6a5e1fcd62,2,2,ok
train,shiyan/data/labels/train/MAR20_1140.txt,MAR20_1140,118,c4e90ce1db5ebaa5f30024464d543bf16482456d33463cf7a69d15e4650a6768,3,3,ok
train,shiyan/data/labels/train/MAR20_1141.txt,MAR20_1141,118,a660482e793a11629fb67a8d9dcf78658df92dd46a68bebd3a3a8502ed7a2bb9,3,3,ok
train,shiyan/data/labels/train/MAR20_1143.txt,MAR20_1143,78,9f9c51bd6d3c9bdf1eb765df812efccfccd4fad7df961621e21c6ae65334d9b1,2,2,ok
train,shiyan/data/labels/train/MAR20_1144.txt,MAR20_1144,311,fc0c7904408f8754298b7fd3f4165db47e8e24738c9da76ba5459d26e6d68841,8,8,ok
train,shiyan/data/labels/train/MAR20_1145.txt,MAR20_1145,478,394357e45fffa853732a010c8059517c3b43a8d370c18d4e8caed23ad593804d,12,12,ok
train,shiyan/data/labels/train/MAR20_1146.txt,MAR20_1146,155,49d17005f5b7c03c88cea6bb637f10e65684e9b0501da557ea9c45971c89e914,4,4,ok
train,shiyan/data/labels/train/MAR20_1147.txt,MAR20_1147,118,c047c79eb85267cdfc03ee2e567f7ff98b4d593fb74056d673c28f7c3385c1ae,3,3,ok
train,shiyan/data/labels/train/MAR20_1148.txt,MAR20_1148,198,0814abc7c774b7f2f55475da3f76619710a6e548b599087bea5316ed8f9bdc89,5,5,ok
train,shiyan/data/labels/train/MAR20_1149.txt,MAR20_1149,118,d02d1523b424f84885b8c4db811ec3dd3822d58d27b592d72d97d51d5eca74b1,3,3,ok
train,shiyan/data/labels/train/MAR20_1150.txt,MAR20_1150,115,d99086560bdff783420c367fac0209f375c268c6f7896e81fd8b9763b3f4b7e8,3,3,ok
train,shiyan/data/labels/train/MAR20_1151.txt,MAR20_1151,318,c464a35eaae2f862e7dd6122d8cab630f98adef7414213da79e1cc20e4ad682e,8,8,ok
train,shiyan/data/labels/train/MAR20_1153.txt,MAR20_1153,158,237fe2a5e33ad25989aada886964f0124d0fe960133dccdfa174feb1e3e5493a,4,4,ok
train,shiyan/data/labels/train/MAR20_1155.txt,MAR20_1155,478,cb2610bdc34176b913cf9dc95eddb9236a70c69bc80d87103c668448a6378d91,12,12,ok
train,shiyan/data/labels/train/MAR20_1156.txt,MAR20_1156,158,d7b656b93776b89525eddc327c3a910f41918f6285ef9a1e3928f92b8f38da06,4,4,ok
train,shiyan/data/labels/train/MAR20_1157.txt,MAR20_1157,238,9867a9ca5c36ee8389ce39c8ae583a10ae1b5b918a9283919c7c8d7a1271c1df,6,6,ok
train,shiyan/data/labels/train/MAR20_1158.txt,MAR20_1158,158,da6dde10626e6f2a779a27f6ca37839df6d486dc3ceda328f4da7d7740f99595,4,4,ok
train,shiyan/data/labels/train/MAR20_1160.txt,MAR20_1160,158,7cc43a0bae1b803bed49d92535c5a58a31532f24963f69647b07a1e729d5e677,4,4,ok
train,shiyan/data/labels/train/MAR20_1162.txt,MAR20_1162,316,edf42286b131a58821e69c9aa80f8371ac2626de5d66ca7f850a9e5516cdf248,8,8,ok
train,shiyan/data/labels/train/MAR20_1163.txt,MAR20_1163,598,3cf6ee62b79cdbbd96844985a1cc7a7df11ff2538d278704171ee94f2ea45520,15,15,ok
train,shiyan/data/labels/train/MAR20_1164.txt,MAR20_1164,158,c5b6d23e5b0b68f3a079b53b68b541071e10e71970fb8ba778fea63f331c3d9e,4,4,ok
train,shiyan/data/labels/train/MAR20_1165.txt,MAR20_1165,398,363271bf31ba5a49836861061817402714df15af603d94ac09a4e038b1d321c1,10,10,ok
train,shiyan/data/labels/train/MAR20_1167.txt,MAR20_1167,358,1f87c36668dcec68c388e8b1a19b0ed6daa8a01f32c4155d89183d0f5ec857bf,9,9,ok
train,shiyan/data/labels/train/MAR20_1168.txt,MAR20_1168,118,13796db1d22f1e7aa1c1865a1c10ab3690d5e48dd099ea91c9a50e622755c690,3,3,ok
train,shiyan/data/labels/train/MAR20_1169.txt,MAR20_1169,155,4c2efb8dc0b2717f4518ccb4366e195fd7712e6514f12be3abd186b3a333583a,4,4,ok
train,shiyan/data/labels/train/MAR20_117.txt,MAR20_117,38,8f993919ac7fba02d5ad89833f95a38c7ca73273dde57e677ccd25cddb8d26e2,1,1,ok
train,shiyan/data/labels/train/MAR20_1170.txt,MAR20_1170,238,3b15c1a1ff5c9b783dbfbd4ccac3ea3b59a8810c65049372712d2d24aefe4d5b,6,6,ok
train,shiyan/data/labels/train/MAR20_1171.txt,MAR20_1171,278,edf9d51ca71285ecd79c07ce4265a8832d4c80ab5b6559498ea4762da273bda6,7,7,ok
train,shiyan/data/labels/train/MAR20_1172.txt,MAR20_1172,78,e79558cd7a62a745d5a896abd2d4d1e5d3fc2f4115a0fe96de4f19986c067352,2,2,ok
train,shiyan/data/labels/train/MAR20_1173.txt,MAR20_1173,638,378a2ab5343778ddc7f6ca7a403d23a30440ca9278080f6018ab8cf2c5ade5e1,16,16,ok
train,shiyan/data/labels/train/MAR20_1175.txt,MAR20_1175,158,1b2969fcb2215f9c2ab3f827a086f1c61a83733ce4c9e0a2eaa1942d2b73aafc,4,4,ok
train,shiyan/data/labels/train/MAR20_1176.txt,MAR20_1176,78,49be6605249fb65899624570eef4512f73e3d55009a14596b6d5686588cbbbbc,2,2,ok
train,shiyan/data/labels/train/MAR20_1177.txt,MAR20_1177,275,7346dd5def1bcf474c1cc80e4579d0d079872636d24c89d58fe9afd85fdc0c80,7,7,ok
train,shiyan/data/labels/train/MAR20_1179.txt,MAR20_1179,118,1cbc9cfe4112035ee28c76fa55eda7fa1a584376936d35b8da9226acb5d66888,3,3,ok
train,shiyan/data/labels/train/MAR20_118.txt,MAR20_118,158,7a0d529199685def406cb9c5c34b1abd9d614f8f787ee5cb9349e608f2cc98ba,4,4,ok
train,shiyan/data/labels/train/MAR20_1180.txt,MAR20_1180,638,7851e75bea1012c87894fda76472282f3ea9605226f970ffbc2dae9aa838b445,16,16,ok
train,shiyan/data/labels/train/MAR20_1181.txt,MAR20_1181,505,615b1d65247bbfe6b230417cede0e9671f4b92bf286d8ca1b3d346e7957893e9,13,13,ok
train,shiyan/data/labels/train/MAR20_1182.txt,MAR20_1182,232,1422c38e8092fa908853dbdd6ba754f616d9d0d9436921d06a6f84a7e89d4ef8,6,6,ok
train,shiyan/data/labels/train/MAR20_1183.txt,MAR20_1183,278,0041bc903d04e8802bb09cbb746fb98a6430e0528d3e9d6f3b435b2d09823239,7,7,ok
train,shiyan/data/labels/train/MAR20_1184.txt,MAR20_1184,118,dfb82a2d0e96dd92bfdc02f37211be3c1a6c43aad0288ec1c5452971f0a60026,3,3,ok
train,shiyan/data/labels/train/MAR20_1186.txt,MAR20_1186,310,88251295e11ab0b8244fdb01c71f7d3606b26b64d2c440954ed28ba7fca6280a,8,8,ok
train,shiyan/data/labels/train/MAR20_1187.txt,MAR20_1187,78,00208e66991d2474a95e81733cbec2b46cc5245d36ce8e38f55832925164dd65,2,2,ok
train,shiyan/data/labels/train/MAR20_1188.txt,MAR20_1188,598,18dc89e67411174c861db19c2d2c69d82641ee32bf109ed8f3cff4551a946923,15,15,ok
train,shiyan/data/labels/train/MAR20_1189.txt,MAR20_1189,78,49bf398457e63762923c0303c54d39a2c9d32324421efc9f9ba76b9dadc57488,2,2,ok
train,shiyan/data/labels/train/MAR20_119.txt,MAR20_119,78,ac943d006fe062ef9d82cdb0cff03ed21f9ffd03029520717bea329ef45cf78f,2,2,ok
train,shiyan/data/labels/train/MAR20_1192.txt,MAR20_1192,118,ad431875e4d0c5139de1d6987e5798021508ebfc24006601ba6868062eb34ccf,3,3,ok
train,shiyan/data/labels/train/MAR20_1193.txt,MAR20_1193,238,d49bd9aff799f8abf0694e863b2d69cd891a3873a92a4c1af31483ee572803b1,6,6,ok
train,shiyan/data/labels/train/MAR20_1194.txt,MAR20_1194,118,3c78819dffb614ed8f858289e04e420e822d9a2ea7814af92de58d2ed4a62c12,3,3,ok
train,shiyan/data/labels/train/MAR20_1196.txt,MAR20_1196,310,6fcab075a2b43d15f605ef90d089538af9fcb588fdee80ec0dfff40b11bebe7b,8,8,ok
train,shiyan/data/labels/train/MAR20_1197.txt,MAR20_1197,318,632f705ccb96fc1cccd20a0b39b595912916a1ecbb291d34266a8d558426df0c,8,8,ok
train,shiyan/data/labels/train/MAR20_1198.txt,MAR20_1198,798,5c189d1666ed93523d0e6923eed5e6a7e4ebfd98c8c98291c41bb14b2f0b9f70,20,20,ok
train,shiyan/data/labels/train/MAR20_1199.txt,MAR20_1199,76,b14ce6fe810f352035da397c92e98d28fad8aeedd23c67ef46a428065108d64f,2,2,ok
train,shiyan/data/labels/train/MAR20_12.txt,MAR20_12,76,99b81c9cdda4b6176daf67dfa1e8a5985b697781c53d4397545cc5e40f2ea2b8,2,2,ok
train,shiyan/data/labels/train/MAR20_120.txt,MAR20_120,198,423cbdf6628ddef7d5d0fe26e87dcbb7ae569d9ac2d112e7f1528d41f1b4ba07,5,5,ok
train,shiyan/data/labels/train/MAR20_1200.txt,MAR20_1200,318,a8cf2ba62d72e929fc31eba29c44be97325ae0103b39b9d9fa34e259f6db8a01,8,8,ok
train,shiyan/data/labels/train/MAR20_1202.txt,MAR20_1202,278,209d0fea1113932be12ed2f53d9a620fc89e0d6aeb75f91f096c2b54be7fa506,7,7,ok
train,shiyan/data/labels/train/MAR20_1203.txt,MAR20_1203,115,bcbb9d4f747e7ef48472a53eec73b757fbf4f76b426c0f8346e6e0c3afa3893d,3,3,ok
train,shiyan/data/labels/train/MAR20_1204.txt,MAR20_1204,158,bef03d7366736d05d53ed94832e5cc57242318592dfcda29ff8df3fdd687977e,4,4,ok
train,shiyan/data/labels/train/MAR20_1206.txt,MAR20_1206,77,406d83241a07b67c7530430fe5062d8715e96e66e7d788e9da94fdefc25e729d,2,2,ok
train,shiyan/data/labels/train/MAR20_1207.txt,MAR20_1207,158,6b4c397eef795374b07ce6f6f437c41fdc77d60be8bcad25c1041ea1d9f8571a,4,4,ok
train,shiyan/data/labels/train/MAR20_121.txt,MAR20_121,238,b244f8096880e9e4660a6a4861dfd5178577b0994be0cdf7f9f42df8f1577f5f,6,6,ok
train,shiyan/data/labels/train/MAR20_1210.txt,MAR20_1210,318,7172974109fe95b5010e6acfaf195844bb832fdad14f11694d29ed82916df64a,8,8,ok
train,shiyan/data/labels/train/MAR20_1211.txt,MAR20_1211,358,44e8a4cf66e90c2e3d8784cf8df6c646597693ea91a9a0164b7281cb847f4c91,9,9,ok
train,shiyan/data/labels/train/MAR20_1212.txt,MAR20_1212,38,139c895f801830bd64bc8085e28133d8cfa0272848c2aa8959be9770efd92312,1,1,ok
train,shiyan/data/labels/train/MAR20_1213.txt,MAR20_1213,358,0bbe929f28354386d07be9d20e9d034d64bb2d4cca85d95ba6a374bfc33da995,9,9,ok
train,shiyan/data/labels/train/MAR20_1214.txt,MAR20_1214,78,881e71dff1215edf93d868dab2c3fff3ddb8a08908dbb24872dee2d65af5ba5b,2,2,ok
train,shiyan/data/labels/train/MAR20_1215.txt,MAR20_1215,272,316697b87feb9933d6fae9d30307977c97c416162436a391c9f0bf304cc7b2ca,7,7,ok
train,shiyan/data/labels/train/MAR20_1216.txt,MAR20_1216,78,8151fadbd17650a1ce8cfc5c24ababfccbf8e8a45c028e9d72925e4163d00497,2,2,ok
train,shiyan/data/labels/train/MAR20_1217.txt,MAR20_1217,158,e0bed23c3a537e8eb1304318b863772e33e73cc0388e8662cb441ab28d9cbde2,4,4,ok
train,shiyan/data/labels/train/MAR20_1218.txt,MAR20_1218,193,faf13791328ceeaaa37b8bedf2d15872821225b3a9949d38b309ed05198ed887,5,5,ok
train,shiyan/data/labels/train/MAR20_122.txt,MAR20_122,78,24d53f57859b2b6f42d7922057a7a923e8627986aa12e624b08ba19ea9464d58,2,2,ok
train,shiyan/data/labels/train/MAR20_1220.txt,MAR20_1220,76,a2ecb33470c0d561daf236cfe45cf5ea026d48710ac93b3117a7d5af5f5fc801,2,2,ok
train,shiyan/data/labels/train/MAR20_1221.txt,MAR20_1221,117,ff71c44022cf92abbf567292e51f97dd5e483e81967832139438ea5c0112ccd5,3,3,ok
train,shiyan/data/labels/train/MAR20_1222.txt,MAR20_1222,154,287334c37d398b4742f3fa5637bb28fed8a94bb710a8f5cd5924d4a86933d482,4,4,ok
train,shiyan/data/labels/train/MAR20_1223.txt,MAR20_1223,318,3c4f013c45c06392f55262b28542547ed17901f2d1cc2ae099a6f65714a5535d,8,8,ok
train,shiyan/data/labels/train/MAR20_1224.txt,MAR20_1224,271,fcda92e7ec59cfe39cc26ae6493f1613e20a2f22ecd8d44ee6c7a98e6dd1cedd,7,7,ok
train,shiyan/data/labels/train/MAR20_1225.txt,MAR20_1225,198,8d0fbe5979844ba82848d4a6fa91bae7a09c7ebbeac1591c4e32a1b53c10379c,5,5,ok
train,shiyan/data/labels/train/MAR20_1227.txt,MAR20_1227,78,601cb256264aa4cf199405c3de76224d028949d36130a5f196a6f13ad822f4c5,2,2,ok
train,shiyan/data/labels/train/MAR20_1228.txt,MAR20_1228,238,ba4fcc4f3604fd8f811a41406d287032a245315aac631a9cdef9be1315a87332,6,6,ok
train,shiyan/data/labels/train/MAR20_1229.txt,MAR20_1229,358,6ace2821c853e25cf38b6da5e138d30421b8d6f3532b4f7140f961064b4445bc,9,9,ok
train,shiyan/data/labels/train/MAR20_1231.txt,MAR20_1231,115,2e5f0e9b23da33e7133018789257884525a43877f03113e29ec61f7d6c2b9bb5,3,3,ok
train,shiyan/data/labels/train/MAR20_1232.txt,MAR20_1232,76,745600bc6b3c6ed802ba441687538e2c015012c154d9d4aae396cb12dad32e31,2,2,ok
train,shiyan/data/labels/train/MAR20_1233.txt,MAR20_1233,357,19133b0ea2726e57dcc12caf444dfa4e3c7392564be0bd8e618b622ad0fc643a,9,9,ok
train,shiyan/data/labels/train/MAR20_1234.txt,MAR20_1234,271,7e283046f736eab8ab252f182b750205e5520605f5af2ef1ecd3a875626cbf45,7,7,ok
train,shiyan/data/labels/train/MAR20_1235.txt,MAR20_1235,38,e4329ae29e471d620de70463e3ba2b050b60d8316a9c77a15cc40d6560f97f24,1,1,ok
train,shiyan/data/labels/train/MAR20_1236.txt,MAR20_1236,38,f5d4feb5c9a82d018aa6c08fbf0d4707dcd91c03aa8285527f48fb0ef7cd992c,1,1,ok
train,shiyan/data/labels/train/MAR20_1238.txt,MAR20_1238,118,49e5dacf574b591bb13b2850dfbc4cdc6bb499748a1bc8ea2b00762bf6afe467,3,3,ok
train,shiyan/data/labels/train/MAR20_1239.txt,MAR20_1239,154,109b53dea7dd6accf2efcdee36a8d018c2922b6394d0dcb7870dd28291dced87,4,4,ok
train,shiyan/data/labels/train/MAR20_124.txt,MAR20_124,118,7efa071c4fe345ea1f3d2d8ce4b06e65325c1b2658b4a614e10f173658195f33,3,3,ok
train,shiyan/data/labels/train/MAR20_1241.txt,MAR20_1241,232,3fbf22805bb15b3b2f004ff4f3dd5d74a1580424b7af816d2cfbaa4c439738a8,6,6,ok
train,shiyan/data/labels/train/MAR20_1242.txt,MAR20_1242,558,98a45ab08583c55694e6803e67eb0c80cec51811d3e55b4360f78502e2d9a8e6,14,14,ok
train,shiyan/data/labels/train/MAR20_1243.txt,MAR20_1243,38,8c80fd1949c1c496a10d7aed43406a5ff5398e7c064bb3052233b1f9e4be57aa,1,1,ok
train,shiyan/data/labels/train/MAR20_1244.txt,MAR20_1244,237,f29aefe0901be3ff399f64adf5600fd432bb0898592b81413c26565c9db582be,6,6,ok
train,shiyan/data/labels/train/MAR20_1245.txt,MAR20_1245,198,8c5e77657bf4b3595c7f923211b1dc6143596d2096a031b8db3b25df0784d966,5,5,ok
train,shiyan/data/labels/train/MAR20_1249.txt,MAR20_1249,318,cacf8dfb9861930dde4b1a24a056349937fa4d6c6f4a2db839159d19250ef6f7,8,8,ok
train,shiyan/data/labels/train/MAR20_1250.txt,MAR20_1250,38,91522307eed257ee089af8e101f4c5a0d2866ec1add6c90c79a92a5fac375cfe,1,1,ok
train,shiyan/data/labels/train/MAR20_1251.txt,MAR20_1251,318,94dbb44d4af6c6b40d49647959ac543091178afb03c59de3a43152d7791b01bf,8,8,ok
train,shiyan/data/labels/train/MAR20_1252.txt,MAR20_1252,118,44cc18a072693a82a45171ebe8c79c0a2e6e9e418d6c0ee1a6f13a01cdb7911a,3,3,ok
train,shiyan/data/labels/train/MAR20_1253.txt,MAR20_1253,518,6336a34b390340ffa781afd21f92ed6affb295e45985aa73d44b279b137f6201,13,13,ok
train,shiyan/data/labels/train/MAR20_1254.txt,MAR20_1254,118,94b4dd97181fd3c15191694420d3cca89b913a599d4d89fc340ed0e3cb0a491b,3,3,ok
train,shiyan/data/labels/train/MAR20_1255.txt,MAR20_1255,38,0c998a9d4e769b576e548f42440b765e54db2d92d4d3da4d5ad0ff781fb3fa69,1,1,ok
train,shiyan/data/labels/train/MAR20_1256.txt,MAR20_1256,78,180e38465195bb55237117c3539db1fdc53cd098c753132ffbc21be9416fe729,2,2,ok
train,shiyan/data/labels/train/MAR20_1257.txt,MAR20_1257,76,3ac4ef2715edf0286017cca199b558f171c920888571598eee9163166d329d81,2,2,ok
train,shiyan/data/labels/train/MAR20_1258.txt,MAR20_1258,518,0b6c0ab7cf1a9f893aac6782b62838a53c3eb9a485275c0e030f5c6583594074,13,13,ok
train,shiyan/data/labels/train/MAR20_1259.txt,MAR20_1259,238,d7bed0272675fab0b2e1b232523f524ed955964bc4d25bad25d3e04833453ca3,6,6,ok
train,shiyan/data/labels/train/MAR20_126.txt,MAR20_126,78,60b2d7bb0cd79500c81950851669262c2493f47cfc18afae20fa2760e06a8d56,2,2,ok
train,shiyan/data/labels/train/MAR20_1260.txt,MAR20_1260,118,1d96deb5c05788df45635df0302f9f5745f7b30b6178b6d563f2fd5bec165c09,3,3,ok
train,shiyan/data/labels/train/MAR20_1261.txt,MAR20_1261,158,59b3d5cec9294eac394e342dc018331cd8580e850e786139241c2e7740029f7b,4,4,ok
train,shiyan/data/labels/train/MAR20_1262.txt,MAR20_1262,232,8b5d65176e653f1839f57d6012b86bc11ed0c494a0e36aa8a10205f12d15b606,6,6,ok
train,shiyan/data/labels/train/MAR20_1263.txt,MAR20_1263,598,6023c2d3a6d973a799e6a85467c6d8156de018bee33bad6b5459de0a1f720f35,15,15,ok
train,shiyan/data/labels/train/MAR20_1264.txt,MAR20_1264,198,f84bd06561b65efb029c29368f13b0b0046aa84a047a0642d861e4921b3b54e3,5,5,ok
train,shiyan/data/labels/train/MAR20_1265.txt,MAR20_1265,438,dddc2a9d610d61b07ba5e6a97cf9fe3ea2d02b07522e25466f10ca957874c206,11,11,ok
train,shiyan/data/labels/train/MAR20_1266.txt,MAR20_1266,232,9f924ec2be51084e5b9462d4ede446cb6777441cbfa2b4b057dc93c50dcb6da7,6,6,ok
train,shiyan/data/labels/train/MAR20_1268.txt,MAR20_1268,156,69d407e4c0dd54c39eaa3ce6d4fc46b84dd1d0c57caf6d0de02c67ca9d579226,4,4,ok
train,shiyan/data/labels/train/MAR20_1269.txt,MAR20_1269,193,32d7646384aa5bf0a44fd51942d8e21d7a2d911b7f25b39133a4474731bbc3e6,5,5,ok
train,shiyan/data/labels/train/MAR20_127.txt,MAR20_127,118,7f88e9cedc33a109a3a4798010469e189cccb9a3141ff65d1a73596625673563,3,3,ok
train,shiyan/data/labels/train/MAR20_1272.txt,MAR20_1272,589,f17d6160f95a7a25ebf80cccb223b8b631e2e2bb5d501dd277ade5c2927f9d2b,15,15,ok
train,shiyan/data/labels/train/MAR20_1273.txt,MAR20_1273,76,c16fc52efe560ae662fa21c9f1388e9cb675e9810c7619c225a4ab13ad26114e,2,2,ok
train,shiyan/data/labels/train/MAR20_1274.txt,MAR20_1274,158,6c57f01c4ef001ae96ba493cb47dc5fb2897b7c9b2c6103802385df942d7af29,4,4,ok
train,shiyan/data/labels/train/MAR20_1277.txt,MAR20_1277,233,c445aef2c3024515acf99704494f2461c3a3da23999f7a7eed6a273fcdbf0007,6,6,ok
train,shiyan/data/labels/train/MAR20_1278.txt,MAR20_1278,558,e43b1c4e1e27d9cc2168e0e110fbe1d856868ac6fa5ad3c4713b32ca28526997,14,14,ok
train,shiyan/data/labels/train/MAR20_1279.txt,MAR20_1279,193,56deadd5fcb7b4c7dc62990551d79a085749eb3ca748614052fe3b6ef36c8dd9,5,5,ok
train,shiyan/data/labels/train/MAR20_128.txt,MAR20_128,238,b412010e2d76eaba1adfaf752df43014b6999e7da197cc1b02a7217187b05961,6,6,ok
train,shiyan/data/labels/train/MAR20_1280.txt,MAR20_1280,478,ef38890da249db49e18a4a9f02e525ada9f2be8759eb816e776cf99be1d5feda,12,12,ok
train,shiyan/data/labels/train/MAR20_1282.txt,MAR20_1282,78,9a4fd0709c6f6e58e3415c48c6eaba8f6eebba4015bc2f9f49c0c7c31616c6e1,2,2,ok
train,shiyan/data/labels/train/MAR20_1284.txt,MAR20_1284,118,f16829bc396f84044ad071d9b5879f34ab832862ab16697d97141ace69caa4b1,3,3,ok
train,shiyan/data/labels/train/MAR20_1285.txt,MAR20_1285,118,50b790c0934311ef3d4f6f842ffa2cdae8853243f37dceb8db34f3f266b2d1d5,3,3,ok
train,shiyan/data/labels/train/MAR20_1286.txt,MAR20_1286,238,4d4290ec6712faa8ca8ea69e51064765a4748244b85bf378201782c41b2a04e3,6,6,ok
train,shiyan/data/labels/train/MAR20_1287.txt,MAR20_1287,38,a974b04306420b0787acb04f3f1afb2b6798ee5d53851c009819e90b14f61deb,1,1,ok
train,shiyan/data/labels/train/MAR20_1288.txt,MAR20_1288,271,5c2332f9667cbc83824c8231fe5aa6d4bb0171127e344c5ab60c74bacbd4b5cc,7,7,ok
train,shiyan/data/labels/train/MAR20_1289.txt,MAR20_1289,118,6a975fa9fcc0403e42bad8c25e15c33a5db2288f9ae4047dcf0b3b0f6fa37c05,3,3,ok
train,shiyan/data/labels/train/MAR20_1291.txt,MAR20_1291,278,b784a9e3f7de9eb1f4a01d6dd209374bbd96f22ba026da57fd707406c00327bf,7,7,ok
train,shiyan/data/labels/train/MAR20_1292.txt,MAR20_1292,198,44407b4b4e32e57a7f410b6b795bddf78c91fc4c4008904e4c290db0169550ee,5,5,ok
train,shiyan/data/labels/train/MAR20_1294.txt,MAR20_1294,271,531a42a75401b86c80584c14472e13aafa3c88fdde5c8b6ba8b27ddc864c79c5,7,7,ok
train,shiyan/data/labels/train/MAR20_1295.txt,MAR20_1295,358,2a87ec1d3042266c77bf069150811c3cafd397fd96fdcb6dfce75d4aac7d995e,9,9,ok
train,shiyan/data/labels/train/MAR20_1296.txt,MAR20_1296,193,1ad8c19d1fe46e48524eaf9ec1c8fa96569f3adb5d76b8ad24c79712d47bed8d,5,5,ok
train,shiyan/data/labels/train/MAR20_1297.txt,MAR20_1297,118,06bb4425babd26ada6ab7e80660fee53cd408923ad9026a60a87d0437fbb8f30,3,3,ok
train,shiyan/data/labels/train/MAR20_130.txt,MAR20_130,158,1824842d5a1eda1d2f8e614602245d7e9c9f869d90f0bec0a4bb817157d50853,4,4,ok
train,shiyan/data/labels/train/MAR20_1300.txt,MAR20_1300,116,88dfbae4a2ccc1a3abacc23c7867e4dbf1c701f4f218d64601a349ebbe087b4a,3,3,ok
train,shiyan/data/labels/train/MAR20_1301.txt,MAR20_1301,278,f9823944b0418941c5b5824aa613d038df71ee72ee771e0f9979a43ddb87a769,7,7,ok
train,shiyan/data/labels/train/MAR20_1303.txt,MAR20_1303,198,d1bda89ee01ab06026bf49197e434c86f367962fe7adb1e14dfc1648f86176e6,5,5,ok
train,shiyan/data/labels/train/MAR20_1304.txt,MAR20_1304,198,7e0edc4eee59b1d1ed83acb210e177ebdc7861a0b3e88df32ce75d73f2f3d8a3,5,5,ok
train,shiyan/data/labels/train/MAR20_1305.txt,MAR20_1305,118,c51d518bfe54182787cc31fb2ac35cb73a742df9ee0cdf96eaba1e4bc69c1e52,3,3,ok
train,shiyan/data/labels/train/MAR20_1306.txt,MAR20_1306,238,0b3bd9c88b5aa093f31c223a85373bffc2e692ab0100ce0448cb6368256144cf,6,6,ok
train,shiyan/data/labels/train/MAR20_1308.txt,MAR20_1308,118,65c6afb64c4e0a8896799448bf9d7243bac798c34efbc9e56388c1405c138e41,3,3,ok
train,shiyan/data/labels/train/MAR20_131.txt,MAR20_131,78,d04d6e9b0ef057b269927c73bc502aa8d5e518622633b8237b3aed0b1e285828,2,2,ok
train,shiyan/data/labels/train/MAR20_1311.txt,MAR20_1311,318,736c6ac945c6142656ddf2a2904a2073cdd8c8a66b282dfa2e4ed955b419b8bd,8,8,ok
train,shiyan/data/labels/train/MAR20_1312.txt,MAR20_1312,38,b832d4f48e2f0c619d019b12c7037648ff917a3def6452bf0b814358818a0764,1,1,ok
train,shiyan/data/labels/train/MAR20_1314.txt,MAR20_1314,193,31d43fb23bc3b114a7a0cfc772ec854114f5c171faefb32956ade74e02ea570d,5,5,ok
train,shiyan/data/labels/train/MAR20_1315.txt,MAR20_1315,193,829fdd012f7719366c5eaa1374b5418ecf2bc219fc088e9f63c17bef032dfe7c,5,5,ok
train,shiyan/data/labels/train/MAR20_1317.txt,MAR20_1317,198,c8d5641ab975714d5d2cf1632852a4269b67e70f255a6fa48788b457ab64a579,5,5,ok
train,shiyan/data/labels/train/MAR20_1318.txt,MAR20_1318,115,65f764f23bec2d5375a7e2de605456410f8fb21923aa51120b4de105a408f74d,3,3,ok
train,shiyan/data/labels/train/MAR20_1319.txt,MAR20_1319,154,9599645d6b3818b7241be6d6a7220138e1aa7a86354b76a5f387bd765394548f,4,4,ok
train,shiyan/data/labels/train/MAR20_132.txt,MAR20_132,198,66d5195be1b65cba07659588f1cda77aba9d90e9bfc807b7f344d2816df4c266,5,5,ok
train,shiyan/data/labels/train/MAR20_1320.txt,MAR20_1320,197,e7b3321ae95ad547af83b09fb9b6bee0b6178b9d6ddd7b9289594f29c3f3dee7,5,5,ok
train,shiyan/data/labels/train/MAR20_1322.txt,MAR20_1322,118,947912a6fef64411cecb0261f39f6b84798d7f0da7244fd874dd25e5dd6d0d12,3,3,ok
train,shiyan/data/labels/train/MAR20_1323.txt,MAR20_1323,76,ff7bbcedf4e67f1aada9d6c2f71294ddb36c87684dedf1cbf2e1879e968d5deb,2,2,ok
train,shiyan/data/labels/train/MAR20_1324.txt,MAR20_1324,518,b4a6ff33ba63b20d89b69f4324c0517dd9bfe4e2b69bb0698637ef445afd01d8,13,13,ok
train,shiyan/data/labels/train/MAR20_1325.txt,MAR20_1325,115,e56e06142149fbb6e284bb117cd169bdeda00a2238f45b3439eb6429748f6a49,3,3,ok
train,shiyan/data/labels/train/MAR20_1326.txt,MAR20_1326,118,690752ca6d842d4fecb77204abce04e851ee5715aae88f92fdb6c750a51e6165,3,3,ok
train,shiyan/data/labels/train/MAR20_1327.txt,MAR20_1327,38,190848bc7334865b580432be401ab63b452739f623f9cbde53fde2cec477b9fb,1,1,ok
train,shiyan/data/labels/train/MAR20_1328.txt,MAR20_1328,238,13a2c785c4f265e409d61edb141658d8a51817b88d6cea7af4322c5250881a98,6,6,ok
train,shiyan/data/labels/train/MAR20_1329.txt,MAR20_1329,38,6925767862d058f003b15fd24c4053ab740aa09952098ba94e87fb6fabb36150,1,1,ok
train,shiyan/data/labels/train/MAR20_1331.txt,MAR20_1331,318,78ff3d9deedfaf62ab1c77af890cf7aa0e3f55517b5600b17e064d8e05262c1e,8,8,ok
train,shiyan/data/labels/train/MAR20_1332.txt,MAR20_1332,278,6c0e41a0b7e8b3e6c3ff8fa8a6b3e6df5b6cef508086e569ef9eadada77076c5,7,7,ok
train,shiyan/data/labels/train/MAR20_1333.txt,MAR20_1333,238,3f32e6e3d3d49887a7e3a5de8064fd2c549b5e0a3c9be0d4bba262e403e24544,6,6,ok
train,shiyan/data/labels/train/MAR20_1334.txt,MAR20_1334,838,82c0260bc9efba7002c6bc35037b024308af9a88f1d438b31fa4866f7de7fa79,21,21,ok
train,shiyan/data/labels/train/MAR20_1335.txt,MAR20_1335,158,30af1d0d1275011833412edcf95b089e37b4ef6a17438b2a6e996d71a89e1f6b,4,4,ok
train,shiyan/data/labels/train/MAR20_1337.txt,MAR20_1337,118,42746f45106c5c3320dd4b81cd0eff65a25940f5718c18ddae651b129498769a,3,3,ok
train,shiyan/data/labels/train/MAR20_1338.txt,MAR20_1338,118,2941653be169345426f0940b0b58460e88ad351e54b49d1691c820e855546d85,3,3,ok
train,shiyan/data/labels/train/MAR20_1339.txt,MAR20_1339,472,f314d6c6ce9915ac67f5a608a1cc0f3acc851b6dfbc2f38f6e4f6f21745d9d48,12,12,ok
train,shiyan/data/labels/train/MAR20_134.txt,MAR20_134,78,b9e7df27599efe8c1a2cc26841aec68e5aecf0dff7ed4334a88840f1874b012f,2,2,ok
train,shiyan/data/labels/train/MAR20_1340.txt,MAR20_1340,115,2eef314cc789341b18ab27246f1fa520cec0f8ecf2c3a32b05659fad424b7443,3,3,ok
train,shiyan/data/labels/train/MAR20_1341.txt,MAR20_1341,158,7735474505eb3c0a873257cbde101e02b86ae9e6fe32c138acadf15d336c2d3a,4,4,ok
train,shiyan/data/labels/train/MAR20_1343.txt,MAR20_1343,115,d9e5d0d7426b151728981f9ecb730563e186049ba35e7bd0daaa7893dd72262a,3,3,ok
train,shiyan/data/labels/train/MAR20_1344.txt,MAR20_1344,318,b7aec3c3b859298046290e5cf6318419f3db74684d3a7536d5d6f73c66993946,8,8,ok
train,shiyan/data/labels/train/MAR20_1345.txt,MAR20_1345,388,f8e756857cfe3714124d409f21b183cb5acab358cd3e97790d58dca7f4367b5b,10,10,ok
train,shiyan/data/labels/train/MAR20_1346.txt,MAR20_1346,115,c507d1f1b4a4973fd073acde468e065266a1e697a190df1752a95056a33888dd,3,3,ok
train,shiyan/data/labels/train/MAR20_1348.txt,MAR20_1348,354,9dd92ea244fe6e1b4aa5c02109353948050a4369adc37059801f7afe40c78407,9,9,ok
train,shiyan/data/labels/train/MAR20_1349.txt,MAR20_1349,118,d36cf4b86aab699d7541c79e377f43e06fda019f8be131a4143ce4636d53755d,3,3,ok
train,shiyan/data/labels/train/MAR20_135.txt,MAR20_135,238,f7a01685de217933fd262662f89023f9c7719ee1caca434fe63c76bc02229c31,6,6,ok
train,shiyan/data/labels/train/MAR20_1350.txt,MAR20_1350,38,dd02493ccc0fbf935004a4bdf06ce555c0f1e0d2cf0beee6aac71e3d35c4ea7a,1,1,ok
train,shiyan/data/labels/train/MAR20_1351.txt,MAR20_1351,78,befee37736b48a2c96f9c1e364bb609a53ace2c052a4ef4b3ba5c95646901ce6,2,2,ok
train,shiyan/data/labels/train/MAR20_1352.txt,MAR20_1352,37,7f16b0d9cabe557162a7ea725fa1d48dabc6aa3591b7827d1c7710e7305f8185,1,1,ok
train,shiyan/data/labels/train/MAR20_1353.txt,MAR20_1353,158,7f8cb37e4e884ac2ee9f90c48197e695875e8ad9dd4576a389f0eb5ebc21ed04,4,4,ok
train,shiyan/data/labels/train/MAR20_1354.txt,MAR20_1354,518,a992ecc2cfd574705d7406ac8efb19ed0a2e6f312e775a17af05fd59eed609fe,13,13,ok
train,shiyan/data/labels/train/MAR20_1356.txt,MAR20_1356,232,8f25cf222a53448970ecaed7bd653e4853f9d64f5c24abb9b0ceb93787776189,6,6,ok
train,shiyan/data/labels/train/MAR20_1357.txt,MAR20_1357,310,be02e62fdb2c67c0c887efbcf7abda90da6c3779ace50996bd2ef8ccc3f94439,8,8,ok
train,shiyan/data/labels/train/MAR20_1358.txt,MAR20_1358,115,130952d1ad6c82d4ab4f3ac9e85a7b5d492895f1689970113145a3afa5cbeb8d,3,3,ok
train,shiyan/data/labels/train/MAR20_1359.txt,MAR20_1359,77,89235382601fcde9d695755d7f2ced1efd62d4f37be74bd2e2e6565fa1ee7782,2,2,ok
train,shiyan/data/labels/train/MAR20_136.txt,MAR20_136,398,dfed14bdabfc0c2184f24f0874f61bc38caa81e267064a3136c548b19d4f50b7,10,10,ok
train,shiyan/data/labels/train/MAR20_1360.txt,MAR20_1360,278,88a7aa76e6e8b359e631bcd355536b5a06436c06a1ee1e1543e1f99ef9620507,7,7,ok
train,shiyan/data/labels/train/MAR20_1361.txt,MAR20_1361,193,666fdd465a705dcb0c0f8a04cb088e10583cad416ab0a727208ecfa80a635688,5,5,ok
train,shiyan/data/labels/train/MAR20_1362.txt,MAR20_1362,438,1f7847cabb079034cbe008885a638e145120f07db24cf9b4b3a02b7f16b63769,11,11,ok
train,shiyan/data/labels/train/MAR20_1364.txt,MAR20_1364,78,32626d9040d8aa2171e7f75a52c7d9fafcf99b143ad5026e6603dbe3d8d11539,2,2,ok
train,shiyan/data/labels/train/MAR20_1365.txt,MAR20_1365,116,eb58c6f269b6f091a6c1477f689987e35532a1790aff6f5bf66a1be42d2a41bf,3,3,ok
train,shiyan/data/labels/train/MAR20_1366.txt,MAR20_1366,238,14176fd704df40e3aad02b0f1c8f4e66473aa19c890ffe26908a4ea5e92f0bad,6,6,ok
train,shiyan/data/labels/train/MAR20_1367.txt,MAR20_1367,198,51e0e16c349b85fda2c8631238fad8b56138f717444a1bf8b93dd7d66395de5d,5,5,ok
train,shiyan/data/labels/train/MAR20_1368.txt,MAR20_1368,118,57589190334f4d4acc9e439ed422ceb997f092465378e9073476d4b49585aa42,3,3,ok
train,shiyan/data/labels/train/MAR20_1369.txt,MAR20_1369,198,7e3ee7f366c3847097d8fc8d64a3b2880fea51c0388b3e1a0ba0f0dd7ade4bbf,5,5,ok
train,shiyan/data/labels/train/MAR20_137.txt,MAR20_137,198,075930a6ba69bf86760d2f1659f7402926aa7d91e44f1ef7c76af902e0759e53,5,5,ok
train,shiyan/data/labels/train/MAR20_1370.txt,MAR20_1370,78,7ebec11b53be05956385176eb86d6988ade332999c4908d244a9c69797a86185,2,2,ok
train,shiyan/data/labels/train/MAR20_1372.txt,MAR20_1372,278,83a468737540e271d64be37fd9b64d97e4ef2a4b7fcd2e0dd9fee9bdb003de16,7,7,ok
train,shiyan/data/labels/train/MAR20_1373.txt,MAR20_1373,158,d9df8d577ff0a5d4eb9a146c96f8ab8eca82350fc8bd85bf0afd8f661485c07b,4,4,ok
train,shiyan/data/labels/train/MAR20_1374.txt,MAR20_1374,478,5a1fd65b89274de748606785c4d24fe43297391a9992f2f9c2ed592cba334368,12,12,ok
train,shiyan/data/labels/train/MAR20_1375.txt,MAR20_1375,395,13fe30a9c678448d7cebaf679a8fca3e730075531b387ae2808b7c2ecadd2148,10,10,ok
train,shiyan/data/labels/train/MAR20_1376.txt,MAR20_1376,193,0aa0805b2ed9603a6035ca99f4673612385e42f89892578983f88d98e9a4a6e5,5,5,ok
train,shiyan/data/labels/train/MAR20_1379.txt,MAR20_1379,349,edb721301558146a9eb0607d43cb61f192ee836458ba4d943c9a9fde70adabc3,9,9,ok
train,shiyan/data/labels/train/MAR20_1381.txt,MAR20_1381,158,6e06c81378f5fb3687158451e29935844d7f142a533c6c51d3395fd1e6652e06,4,4,ok
train,shiyan/data/labels/train/MAR20_1382.txt,MAR20_1382,78,2b287c5c02ad0d7fd3971446d8caa32eeb461084c5a2a56f1aa2a3a6c0e69297,2,2,ok
train,shiyan/data/labels/train/MAR20_1383.txt,MAR20_1383,661,f42abe716101680d7c73597d07dc62f9b13edbf927a253920f2af201f9114510,17,17,ok
train,shiyan/data/labels/train/MAR20_1384.txt,MAR20_1384,38,f206c404a369f8d1950a6763f6f164211b6515a77bbc54e6f4806733552b4499,1,1,ok
train,shiyan/data/labels/train/MAR20_1385.txt,MAR20_1385,158,bb49a139f6d55d5b02acd2222f2ba125fee812ad9c8d3fae603d2f72c81cf469,4,4,ok
train,shiyan/data/labels/train/MAR20_1386.txt,MAR20_1386,193,5d3c0e8a12cfc72624ef7852a39ec34aa3c0118186a1361a9e85fcd1c2b35dcf,5,5,ok
train,shiyan/data/labels/train/MAR20_1387.txt,MAR20_1387,198,296077f65c281b40aff93738d2ded6aea7fb19f3d30ad4984a35fde25bb401e7,5,5,ok
train,shiyan/data/labels/train/MAR20_1388.txt,MAR20_1388,198,2c3ad878d92f9fce1e6fa271da87ccce209ff088678c98519fba4c6e145689ac,5,5,ok
train,shiyan/data/labels/train/MAR20_1389.txt,MAR20_1389,358,22920e3c3fc384c27d70dcbda8f03d470cd25318a57a29579fc6703a4450199a,9,9,ok
train,shiyan/data/labels/train/MAR20_1390.txt,MAR20_1390,38,025aad7c111fa875adf3091c91ad18e802f0f79c6cd956e36381d04a68c2c51a,1,1,ok
train,shiyan/data/labels/train/MAR20_1391.txt,MAR20_1391,118,b950c0ba0bf799b4b87451804b7218702b265de661d491d45ef2011ceaa43560,3,3,ok
train,shiyan/data/labels/train/MAR20_1392.txt,MAR20_1392,678,c99ab50859d0633062155fb6135563163b02992c7dbe6058f0f3e725d1413740,17,17,ok
train,shiyan/data/labels/train/MAR20_1393.txt,MAR20_1393,118,b3fd0f8908bccb4051e4d5ecc2a0687ef7d0d39a6435225bd2646b4155cf0627,3,3,ok
train,shiyan/data/labels/train/MAR20_1394.txt,MAR20_1394,232,ad07909913a7a1d6ba72caac3127d862f9763851079f45e1d89229e4bd06b7e3,6,6,ok
train,shiyan/data/labels/train/MAR20_1395.txt,MAR20_1395,238,c03bdf7662fbd58d1989b7c6c8c85752097d3061cfb3b525084a98070c8523fd,6,6,ok
train,shiyan/data/labels/train/MAR20_1396.txt,MAR20_1396,358,fb7ee370d4737dc513525ddae422a60f658014512c715df0c5d2b8183ae5de3c,9,9,ok
train,shiyan/data/labels/train/MAR20_1397.txt,MAR20_1397,158,fdd32802b7ac9495850e428044d54da989ba981f6edab6022bd1cb00b61a842b,4,4,ok
train,shiyan/data/labels/train/MAR20_1398.txt,MAR20_1398,157,3c3e884aebc74ac6a43634c1a9d90422b3489c7d69b4d91670dac59ac485155b,4,4,ok
train,shiyan/data/labels/train/MAR20_1399.txt,MAR20_1399,118,dda5ff65c3f51dc32238f49bf74589ade15c3a0680e2068f96a4ec83c80eb642,3,3,ok
train,shiyan/data/labels/train/MAR20_14.txt,MAR20_14,76,73e63c921b93d46abed199bf88a72d33a8d88a97bd6ac143d5550ee1a91a6427,2,2,ok
train,shiyan/data/labels/train/MAR20_140.txt,MAR20_140,118,c3ab222ff493ac5f5f42b8669d8fdba063201aa48ea95c223c037541ef33c9be,3,3,ok
train,shiyan/data/labels/train/MAR20_1400.txt,MAR20_1400,115,6fbe0d4b416c0a4fdf4706cb88b5918bb77ddcc09e405c0315e41ac24856924b,3,3,ok
train,shiyan/data/labels/train/MAR20_1401.txt,MAR20_1401,154,15ddd77f8b3394ff2c361f7b21f685ba5533de2d2fe1a0ef971aabe40bec20b7,4,4,ok
train,shiyan/data/labels/train/MAR20_1402.txt,MAR20_1402,38,e77c96c58b17ae6aa81ce50c1a5615e1af79f6c91620811612d2b20362a4e410,1,1,ok
train,shiyan/data/labels/train/MAR20_1403.txt,MAR20_1403,358,b1a94d76136942e8744e297942dd4ec5f6b6975208b160cf61c6cea8ebe57d1c,9,9,ok
train,shiyan/data/labels/train/MAR20_1404.txt,MAR20_1404,198,665a31f968815e5fcbbeaa6319ffa46963919a9c87d05b4b3ce9fe0851ebc33c,5,5,ok
train,shiyan/data/labels/train/MAR20_1405.txt,MAR20_1405,273,3a5ba1a8dbe6aff829edd68357e5f8a43ee231702ad84544084b364dccff5e16,7,7,ok
train,shiyan/data/labels/train/MAR20_1406.txt,MAR20_1406,238,9cdbe5a72ea1146422e041bf4df6045432cc0eb6956b1b3b20ee1287e3bb1012,6,6,ok
train,shiyan/data/labels/train/MAR20_1409.txt,MAR20_1409,393,8d78956ce4a4fcf88893dbd59f9d1296f06357d21be422ec7897ab37fb55309b,10,10,ok
train,shiyan/data/labels/train/MAR20_141.txt,MAR20_141,118,7420711305d9c554e77c1a0614bd912f95b643b497020cd5e94943e6fdbe87af,3,3,ok
train,shiyan/data/labels/train/MAR20_1410.txt,MAR20_1410,318,4ba725f16743fab049b56677e8e9714300092c9698159d79a48faeba2cdc5cbf,8,8,ok
train,shiyan/data/labels/train/MAR20_1411.txt,MAR20_1411,118,b18a14d89a6c6f873ba3dfe659832d2cfd95fd075a05ce9fd53aaa02729046ec,3,3,ok
train,shiyan/data/labels/train/MAR20_1412.txt,MAR20_1412,118,c1afb4b844feb67bc1818688c42c2b1fae38d406ea3a4e01a0fed995b651836c,3,3,ok
train,shiyan/data/labels/train/MAR20_1413.txt,MAR20_1413,193,40000170f29a11944e25ae4162eec6e2778aaf4f3135416a57ca2ec824d9c91c,5,5,ok
train,shiyan/data/labels/train/MAR20_1414.txt,MAR20_1414,278,dfc0c81acbeae1cdefad2ad422541640b44064e6be8f1836daaf76b3eff4e22f,7,7,ok
train,shiyan/data/labels/train/MAR20_1415.txt,MAR20_1415,318,d0c9db0264778cbef71a429d099301976b881a6ddd996b5296885eaf343da2b0,8,8,ok
train,shiyan/data/labels/train/MAR20_1417.txt,MAR20_1417,78,c3b1bdf40da2a8ba707770660a754326aea7c6291ae224afaeea64d12425971a,2,2,ok
train,shiyan/data/labels/train/MAR20_1418.txt,MAR20_1418,158,d6a0212a6c8466d3b639f4c1267f1a61e49f567f3da176dd403cfe4c20115f04,4,4,ok
train,shiyan/data/labels/train/MAR20_1419.txt,MAR20_1419,154,2c9dce605154c55ad153e84d51087e87f3a02ab7a9d60d3594566a4339e05f70,4,4,ok
train,shiyan/data/labels/train/MAR20_142.txt,MAR20_142,118,6b4f97a143caf9a3b5a76a6c903058f125622caeff5af7ddd171fab55a1e3845,3,3,ok
train,shiyan/data/labels/train/MAR20_1420.txt,MAR20_1420,154,40c452cb44fde85bc2238a80ca4694c1d127279c00adb7a3ffd726678582ad9c,4,4,ok
train,shiyan/data/labels/train/MAR20_1421.txt,MAR20_1421,478,8ecb7ced02d1c10d4876e682a7d3c61c5e27861faf60d0cd6091c02a0afab485,12,12,ok
train,shiyan/data/labels/train/MAR20_1422.txt,MAR20_1422,118,077ae71e1c1efd311b1c35f352e89005111e17663a8ddebf21e000a7055fc612,3,3,ok
train,shiyan/data/labels/train/MAR20_1423.txt,MAR20_1423,118,f7989e2ff9f339f45f624aef4c36a3024bc4d06c2c330d3783e767ac799eb75d,3,3,ok
train,shiyan/data/labels/train/MAR20_1424.txt,MAR20_1424,115,1e2a94789c204b78ce946f6488c7783a30fc07754d6901404caea8001713f658,3,3,ok
train,shiyan/data/labels/train/MAR20_1425.txt,MAR20_1425,278,f012b6c84afc836343ea81d59cbf93fda84b86d3bff5ebd333579260e5d50942,7,7,ok
train,shiyan/data/labels/train/MAR20_1426.txt,MAR20_1426,158,893961942028ce7a64d61372cca2e3fa2d82ef03729880dbe37c130acd862688,4,4,ok
train,shiyan/data/labels/train/MAR20_1427.txt,MAR20_1427,118,fa1cf35ea158666b8f44047a5b55b4cb4a9c8ed48fb5554ad1203b1bec5147a3,3,3,ok
train,shiyan/data/labels/train/MAR20_1428.txt,MAR20_1428,194,fe23818df4335b543abd61879dff00cbe2cfbcf76247d77bf1b3397353e3c0fb,5,5,ok
train,shiyan/data/labels/train/MAR20_1429.txt,MAR20_1429,197,d4a248f03cc10b370cf915925ffbec64f849684ac6f1319fbaa21c38ea62cd0d,5,5,ok
train,shiyan/data/labels/train/MAR20_143.txt,MAR20_143,158,916a79463120b3e55fe8531e3216013e4bc12ef570e53349dc5a081ed70ccfc6,4,4,ok
train,shiyan/data/labels/train/MAR20_1430.txt,MAR20_1430,472,e9e9c0116e609e7fccf64c6bdb6f761d83e5ffb38770c3fdb0dffd594fe407d9,12,12,ok
train,shiyan/data/labels/train/MAR20_1431.txt,MAR20_1431,38,a8a4223b21e79c0eef5416af2a3d8f699afea8fc6119e68efeec5c27d3529ed8,1,1,ok
train,shiyan/data/labels/train/MAR20_1433.txt,MAR20_1433,314,1577e4adb22c85a022d083d5b3ec138b422eebc4e65a9085fbec355621158966,8,8,ok
train,shiyan/data/labels/train/MAR20_1434.txt,MAR20_1434,318,84a34ef18d02b83dc3686ec05a1e36d027bf16a552ba19b9cb43565bf7561d1e,8,8,ok
train,shiyan/data/labels/train/MAR20_1435.txt,MAR20_1435,154,67da9f304f1bb308f5e7fb2b18365c46b194b8210af9f92035e1369a300496e1,4,4,ok
train,shiyan/data/labels/train/MAR20_1436.txt,MAR20_1436,358,c632737cb372ef31e333a37e73ed0dde9c81ba32f91d4bb6385b7e322d1d81f4,9,9,ok
train,shiyan/data/labels/train/MAR20_1437.txt,MAR20_1437,278,a6886297aad490c5eada15f1cb94b1623d52222aae4865e99995576a2f52607c,7,7,ok
train,shiyan/data/labels/train/MAR20_1438.txt,MAR20_1438,198,fffc6c72af99dd1f241ac4bf407816fea03005e3c3b08316c8e8019a21b066ab,5,5,ok
train,shiyan/data/labels/train/MAR20_1439.txt,MAR20_1439,635,9d41e897740b3c9f12f41c496372a1ca2eca660ff17a27726d9de533b1049d64,16,16,ok
train,shiyan/data/labels/train/MAR20_144.txt,MAR20_144,38,d5380774f3da71afd1c1dcdce80154e69f1090faac11109b9191f3c77ac0f54b,1,1,ok
train,shiyan/data/labels/train/MAR20_1440.txt,MAR20_1440,76,0217d20c97b3c5f1a40e215bf39e2d56fcd0974d47cea07b947c9356a8faff17,2,2,ok
train,shiyan/data/labels/train/MAR20_1441.txt,MAR20_1441,154,a1447b14c055a7868ffc908ef3812ae80d13cc3e25055b25cf41f1419737f036,4,4,ok
train,shiyan/data/labels/train/MAR20_1442.txt,MAR20_1442,238,b3b9f108a4fb36eb0f0e0d04be7b95b1215fbf4be21f814ba974054192898fe6,6,6,ok
train,shiyan/data/labels/train/MAR20_1443.txt,MAR20_1443,238,3ac6a1c63814385eb3aa05fc20131f8f6b908a63ebcaef48b031ae98fdd6b7fc,6,6,ok
train,shiyan/data/labels/train/MAR20_1444.txt,MAR20_1444,76,2582db1b4991ff2b33e63a488ae51fde6b13cf7e6fd3fe98907ee78d73cea1be,2,2,ok
train,shiyan/data/labels/train/MAR20_1445.txt,MAR20_1445,158,42d90dc5d7d63a9f1dd3cf74c029e02097b64c131c49afb072f09969d9d1362a,4,4,ok
train,shiyan/data/labels/train/MAR20_1447.txt,MAR20_1447,76,00eac814679fb74ea52902b6c7a8c1543ed7f6661c9643efbd93412fac3120bc,2,2,ok
train,shiyan/data/labels/train/MAR20_1449.txt,MAR20_1449,238,e0af42c28fce2a6d55b56ca06eb0491cb264a41650f5538f42b7b8949260d1e5,6,6,ok
train,shiyan/data/labels/train/MAR20_1451.txt,MAR20_1451,118,83752b5900f8f62e5f173a4792018d90b762cb18c30fbbbe80c6cc04c06cd540,3,3,ok
train,shiyan/data/labels/train/MAR20_1452.txt,MAR20_1452,193,360d0fdc02ed25e5ddcde6d343889b3c9e99781344a77b7b37a4fc686a82e5ee,5,5,ok
train,shiyan/data/labels/train/MAR20_1453.txt,MAR20_1453,469,544d3940b508a911c4b3c50905655a44a537d738bbcef5a5b8af86dfb32d7460,12,12,ok
train,shiyan/data/labels/train/MAR20_1454.txt,MAR20_1454,238,eda53cd9e7149c0b252ec566431fe0626523ec6f742c43db0ee90848a93a1db6,6,6,ok
train,shiyan/data/labels/train/MAR20_1455.txt,MAR20_1455,76,826137a6373e762cf94aaf9c6837df74505e4bc2e78478af7a41f77862dfbd44,2,2,ok
train,shiyan/data/labels/train/MAR20_1459.txt,MAR20_1459,198,172ac550a3d5e4eaca5c0a968c265492e6de0812a6d5cbe9a26b02abc8c88673,5,5,ok
train,shiyan/data/labels/train/MAR20_1461.txt,MAR20_1461,76,e85c83e7a624e9fd3ac21040fa798e964205f8f54f4677537203ced867f07ad8,2,2,ok
train,shiyan/data/labels/train/MAR20_1462.txt,MAR20_1462,238,562e721ed549ee43d94835d698a38a030117186cb18b992c71f70a59ece420d6,6,6,ok
train,shiyan/data/labels/train/MAR20_1463.txt,MAR20_1463,158,5fafcba1d49ad604b25fb3f53f2848c44aaccf3b18d43e8e242bee7f64fd7808,4,4,ok
train,shiyan/data/labels/train/MAR20_1465.txt,MAR20_1465,158,4f3f2477472eb27c1d37a80dd48c6992380343eea3c421834dcf7b07635a28bc,4,4,ok
train,shiyan/data/labels/train/MAR20_1466.txt,MAR20_1466,118,019d0b4f3c50566e2c049e3f5fee83c8892c3dd9ddc924bfafacd1f45f6264ee,3,3,ok
train,shiyan/data/labels/train/MAR20_1467.txt,MAR20_1467,78,013a942234e33ab564bd739b3e9687b2d43a99ff96312b2be08527c2eda6665f,2,2,ok
train,shiyan/data/labels/train/MAR20_1468.txt,MAR20_1468,78,913ecf21bc31493610202491d1c2e6653e3d5ec86d61fbf008345c738136467d,2,2,ok
train,shiyan/data/labels/train/MAR20_1469.txt,MAR20_1469,234,2c3ca7ce018313f176dfcd475e89bec3bdd94453921adcc2888bdc5fd257c357,6,6,ok
train,shiyan/data/labels/train/MAR20_1470.txt,MAR20_1470,78,2ee00886b0aa9ddcb726ddcfb0f07aca382b6dded54f3597126f370a68feee3a,2,2,ok
train,shiyan/data/labels/train/MAR20_1472.txt,MAR20_1472,118,ea5c5c1a20b10215716fcc77751ba9be5db2d6b9f2bb5937204637485e111e7d,3,3,ok
train,shiyan/data/labels/train/MAR20_1473.txt,MAR20_1473,478,0ca15155b2487bd40306bc24ae525e480b082ca0ce265404d3b2db2195e6f6ad,12,12,ok
train,shiyan/data/labels/train/MAR20_1475.txt,MAR20_1475,118,ef3f9364a2e9f6daaf58e89146758bbab9e560baea560e0af652d260849878cd,3,3,ok
train,shiyan/data/labels/train/MAR20_1476.txt,MAR20_1476,198,48e960e2ad98353e097576054a1905b3a458b494e10c06fef43dcc8ef06da70e,5,5,ok
train,shiyan/data/labels/train/MAR20_1478.txt,MAR20_1478,78,ed7f8842dea56d75cb0af8afca1e0f778003d21f4e9cef236499bf34117a1447,2,2,ok
train,shiyan/data/labels/train/MAR20_1479.txt,MAR20_1479,158,f68842ce58ba2bdc7390b9cc585d84a55c59c323093e838a4271489aaa0f6e8c,4,4,ok
train,shiyan/data/labels/train/MAR20_148.txt,MAR20_148,198,7084ab714ab6e8b364aa436fbd177f6723aebb6d9deb4943419041f63758f956,5,5,ok
train,shiyan/data/labels/train/MAR20_1482.txt,MAR20_1482,77,6f426992e2570892b4dbf9757a5dcb05148438e24bf3dce7d5a9f0a1e0312ffa,2,2,ok
train,shiyan/data/labels/train/MAR20_1483.txt,MAR20_1483,118,341d50c89b59517f6188153144134bf2720e0ae5787f7ca3a50930f8e429aad4,3,3,ok
train,shiyan/data/labels/train/MAR20_1484.txt,MAR20_1484,76,028acb6e3585d426a0f23bced764368fe9b634a1c612daf1970ec70f855bec9e,2,2,ok
train,shiyan/data/labels/train/MAR20_1485.txt,MAR20_1485,193,1ad2bd9e889e88d1f807e574e524255def05dfca239d59cd9a6b51d4af0f787a,5,5,ok
train,shiyan/data/labels/train/MAR20_1486.txt,MAR20_1486,278,3839270d5934be714f29c32b6f3baa215f04aeef2d50164a3478f15e19a92d6d,7,7,ok
train,shiyan/data/labels/train/MAR20_1487.txt,MAR20_1487,238,784c05aacf1c7ab6a3c5611cb85dbc419b324c1aeb7e039fbbec973cb6d8af0b,6,6,ok
train,shiyan/data/labels/train/MAR20_1488.txt,MAR20_1488,115,ad7a304f172a60d8f6c603059524679ade17d0f48736bb9aee6f2f0bb5c5b99b,3,3,ok
train,shiyan/data/labels/train/MAR20_1489.txt,MAR20_1489,198,4bf25990fc3be5a9d70319f806025a28936040a777b9aa3ee146720fc131f02c,5,5,ok
train,shiyan/data/labels/train/MAR20_149.txt,MAR20_149,118,5b864e48d14a4e66e3370a89efbd84ff567538e67fca406c27c01c99803302f4,3,3,ok
train,shiyan/data/labels/train/MAR20_1491.txt,MAR20_1491,271,592ebd9811ed8c781a6da55ce552817202183415c4c862de3780214541ed68ef,7,7,ok
train,shiyan/data/labels/train/MAR20_1492.txt,MAR20_1492,558,a47b4f5d768e57d6aac16bfd8a0a2f540bb966c77e06528cd63101047e15778e,14,14,ok
train,shiyan/data/labels/train/MAR20_1493.txt,MAR20_1493,311,2435c0873b26eb3556aeb3f7c70a579183d7af4ecc32d723705fe99586358d10,8,8,ok
train,shiyan/data/labels/train/MAR20_1494.txt,MAR20_1494,518,60f887a10732ebc26813bbe275649e2d0db36da7c588c6015e55a034c90a88c1,13,13,ok
train,shiyan/data/labels/train/MAR20_1495.txt,MAR20_1495,197,6819810e521e7e34765834bf8740d33fcb815e45ac01c49a2929b702b72fcdac,5,5,ok
train,shiyan/data/labels/train/MAR20_1497.txt,MAR20_1497,158,6a086848f0565f23464ae774df635cd260b681b7c60be1d7d0495575139a36b1,4,4,ok
train,shiyan/data/labels/train/MAR20_1498.txt,MAR20_1498,232,cdfe1e7414c0efaab0d823141fc16166b8d766c07d1ff9e0673dea97d59fa918,6,6,ok
train,shiyan/data/labels/train/MAR20_15.txt,MAR20_15,76,906ba01beacbd2be262b010dd315f8cbfffb1a47da923b590b6c9a4909ff21f6,2,2,ok
train,shiyan/data/labels/train/MAR20_150.txt,MAR20_150,78,4640bcc653e89823d654c2e14282e25de1e6ba2d68c17aed1193b1b69b07483a,2,2,ok
train,shiyan/data/labels/train/MAR20_1500.txt,MAR20_1500,38,98da70436547a7c7f6869d4e372608486acd7e3c9c1de846dcc43e260069d06d,1,1,ok
train,shiyan/data/labels/train/MAR20_1501.txt,MAR20_1501,158,6bcb70c31902b2e91ca2d742b660c66fad4b5a17ad0b171a285a8835221f590b,4,4,ok
train,shiyan/data/labels/train/MAR20_1502.txt,MAR20_1502,158,64dda39a1175a90e24427ce554039ff2b79d08c687b9a624122b5bd1420f47e9,4,4,ok
train,shiyan/data/labels/train/MAR20_1503.txt,MAR20_1503,38,61ca5e48ebdcb15f9540f77359b92850194b33599bcba76d78ebd61cb8ce96ea,1,1,ok
train,shiyan/data/labels/train/MAR20_1504.txt,MAR20_1504,76,6971850fd17b225993cdb4b4a0ea39ca34872dc1c0aacf64fac88be93dd5b61e,2,2,ok
train,shiyan/data/labels/train/MAR20_1506.txt,MAR20_1506,158,7e7b153f32dd3a4d8e2fd5c495a179cfa31097b7d6e8fb9c6b09bf4f86c08dc1,4,4,ok
train,shiyan/data/labels/train/MAR20_1507.txt,MAR20_1507,193,0cd28355afb272091a4ec8529bac1f4cd7a6717cbf0cd8b8374d4e72b23c3c04,5,5,ok
train,shiyan/data/labels/train/MAR20_1509.txt,MAR20_1509,76,34e62542b06db1f66d2219cf2cd85eecdaa70055c52b86a9fc36d48a6d05e254,2,2,ok
train,shiyan/data/labels/train/MAR20_1510.txt,MAR20_1510,271,0cbd5f3e4913ceb9689aa62aecde1bab5e8b2e55e9ebe580bbd396095c53329e,7,7,ok
train,shiyan/data/labels/train/MAR20_1511.txt,MAR20_1511,154,4f1104d701eb31220c09d6d5b10ee0f1769c30355a0dc743d230776722b005d3,4,4,ok
train,shiyan/data/labels/train/MAR20_1512.txt,MAR20_1512,278,3b2aca1183bd4859ce3e179a347ae09833cf6fb787e1e5c7f6d42e73b555189e,7,7,ok
train,shiyan/data/labels/train/MAR20_1513.txt,MAR20_1513,158,35a41bf17ab60ba699371225913c0df44147d91e700cc903f1334ee35fc5cd7f,4,4,ok
train,shiyan/data/labels/train/MAR20_1514.txt,MAR20_1514,78,6d704a03cbe4f939e25bc1ea239f7367fb1b0822b5402208d6ea95b158bae465,2,2,ok
train,shiyan/data/labels/train/MAR20_1515.txt,MAR20_1515,358,73a44a7528aaa8ac0bd63e00699ab172f9366a817825d59f2140ade9d6335c82,9,9,ok
train,shiyan/data/labels/train/MAR20_1516.txt,MAR20_1516,78,033d073bb2430ae0471e2f769cfa01395119c586d3de8bc278cea4c91f98f00b,2,2,ok
train,shiyan/data/labels/train/MAR20_1517.txt,MAR20_1517,518,e8f9d31e1f9976b63b53d816308ac268739e69f256cb6b9b0b919877a587d363,13,13,ok
train,shiyan/data/labels/train/MAR20_1519.txt,MAR20_1519,193,7d797d1255490a22b9cf0d8e181fa884e22bcf56eb9909a2b81ba82a10206d58,5,5,ok
train,shiyan/data/labels/train/MAR20_1520.txt,MAR20_1520,397,ae8a87e01cb73f326344f9d9c0617c2526d189d976bccb2e73ba43c799091a2a,10,10,ok
train,shiyan/data/labels/train/MAR20_1521.txt,MAR20_1521,118,533f8e6cf2a4c7aafbf1dc879a928581f55e39b72112579cb70c0c45468874e8,3,3,ok
train,shiyan/data/labels/train/MAR20_1522.txt,MAR20_1522,158,7fd1dd008400841069497189481b1531fe8dea3aeb50222ec3d50aabd0c45eda,4,4,ok
train,shiyan/data/labels/train/MAR20_1523.txt,MAR20_1523,238,ffd39d54014e66dacd9e997d9a82d049d9a73e08d37d11d837d0107ad8077ed6,6,6,ok
train,shiyan/data/labels/train/MAR20_1525.txt,MAR20_1525,193,199e4a946c51dbeaf69029ee90ce5071b47cecd1ad22067d43acd9adb710c6d1,5,5,ok
train,shiyan/data/labels/train/MAR20_1526.txt,MAR20_1526,232,b1e22486cd9f6c2d105bd772d83073ba8b0f6e8e2bda4e37dd72b4525d3b2096,6,6,ok
train,shiyan/data/labels/train/MAR20_1527.txt,MAR20_1527,198,95ca15c488e5df77e242e953cca94a093913ca9dcf357bb9dcaddb3174482d4d,5,5,ok
train,shiyan/data/labels/train/MAR20_1529.txt,MAR20_1529,198,4b6ef9975b62dd543ad3cc6a4afe3b12fef40993bb8380a9445f98899f0cb00f,5,5,ok
train,shiyan/data/labels/train/MAR20_153.txt,MAR20_153,238,83f297b0e2f6fda6384707cf002d3b9c26bd2a3315b3c670743bcdb230db80c1,6,6,ok
train,shiyan/data/labels/train/MAR20_1530.txt,MAR20_1530,238,3afbf13bf84c9bb3cb50dbd530cb829cfbd0fafb1bd1f2c52724254a504090fb,6,6,ok
train,shiyan/data/labels/train/MAR20_1531.txt,MAR20_1531,398,31877b5bddca9f9a60aaf91d7878eecf6b3288cde0feed8bc44f716a8822931c,10,10,ok
train,shiyan/data/labels/train/MAR20_1532.txt,MAR20_1532,158,f62a938797c73392c77b229a11ad02490aad470599fc15f4af5c857929429fab,4,4,ok
train,shiyan/data/labels/train/MAR20_1533.txt,MAR20_1533,115,7caf5a2c38e64d272c6cdcfa7981ecee8f4d5e1f745baeeff407bb6cdd148720,3,3,ok
train,shiyan/data/labels/train/MAR20_1534.txt,MAR20_1534,238,d709fbcc5e7b26049e821c4d8486b0714c5a90f78f24e1079a07be5b3f2cead7,6,6,ok
train,shiyan/data/labels/train/MAR20_1535.txt,MAR20_1535,37,2ab33baa4c156ff43ac01acd4c8254547b4b138ccec19ec43150b82f6c7b9c1d,1,1,ok
train,shiyan/data/labels/train/MAR20_1536.txt,MAR20_1536,158,8dc6973b0ce8bb9980b4c64be2ca0ec57ff60b8005a80fe6b18f19c7a6b6270d,4,4,ok
train,shiyan/data/labels/train/MAR20_1539.txt,MAR20_1539,118,19a09c1211ce6d88eef89edb5a5d9273322ac66475931415ba5e1baae7277b06,3,3,ok
train,shiyan/data/labels/train/MAR20_154.txt,MAR20_154,38,8b80c7f6192f6afb7e525a7dcb1b632851d65ce4173e6137bcc7255cae0d4816,1,1,ok
train,shiyan/data/labels/train/MAR20_1540.txt,MAR20_1540,438,4e5b1f4f185fee726c10397cb8bf17a60abe184520e8a98de300adbfbec266f0,11,11,ok
train,shiyan/data/labels/train/MAR20_1543.txt,MAR20_1543,358,4cfe43abbd6a14fe1c605635217bdbc50a454e2c0f4208e5d5562a5289d82d56,9,9,ok
train,shiyan/data/labels/train/MAR20_1544.txt,MAR20_1544,718,59fb1ab73b1b8d76436229af7ab9f02f1646e3646da037b04b8b07282a031996,18,18,ok
train,shiyan/data/labels/train/MAR20_1545.txt,MAR20_1545,238,63cb66d680cdaa2d93ec963dd5c38aff98226f079072f6f28434726512a15baf,6,6,ok
train,shiyan/data/labels/train/MAR20_1546.txt,MAR20_1546,558,ff9e2cccf1537a5ccdab90245b4518480f61d73e1932fae378fb410da51e8981,14,14,ok
train,shiyan/data/labels/train/MAR20_1547.txt,MAR20_1547,678,5b79b8614dd926b318748e98aba5b566fd7854731e9c3730009e3c0c1da62d1e,17,17,ok
train,shiyan/data/labels/train/MAR20_1548.txt,MAR20_1548,232,ca122666957885b3aff884001a6f2f6810f64aad263433d9a5abac9d305dc9dd,6,6,ok
train,shiyan/data/labels/train/MAR20_1549.txt,MAR20_1549,198,92c0114a3856800eb4687f2aea777bdcb537cbed19b252d452d45e89d219c50f,5,5,ok
train,shiyan/data/labels/train/MAR20_1550.txt,MAR20_1550,118,da1aa5f2b1931211fb2196e7a9617e2f29e7a2870a1c894dd174fb3b938b45b5,3,3,ok
train,shiyan/data/labels/train/MAR20_1551.txt,MAR20_1551,158,e027e40b69ef1cfc09a78c4bf06070dffdff8b2cfa59c5ca38488f0a76f65497,4,4,ok
train,shiyan/data/labels/train/MAR20_1553.txt,MAR20_1553,198,e28d067409161d90979b86612d133d82ac6bfd2ccd3c702ec8ea5b2d8f3b5261,5,5,ok
train,shiyan/data/labels/train/MAR20_1556.txt,MAR20_1556,390,53c17efe7d489a4a1e0e9fb134a67e368bd99b4c023dfc0b108398f4accb1a49,10,10,ok
train,shiyan/data/labels/train/MAR20_1557.txt,MAR20_1557,478,aba04baf1cfac7e47680d2e7c052d8210d73559603ea8a820aa649d31278ece5,12,12,ok
train,shiyan/data/labels/train/MAR20_1558.txt,MAR20_1558,746,9ce96ea59ab848eb317b7418dce14652d2989ac1e770b53858f3e69d327db1c0,19,19,ok
train,shiyan/data/labels/train/MAR20_1559.txt,MAR20_1559,37,8ff63a4ef9bf4cdb36dec9cc9fb1b0fa5a3ef9d4833f3fd7a16ef58381861081,1,1,ok
train,shiyan/data/labels/train/MAR20_156.txt,MAR20_156,38,54d1bd898c966a0304c28035471db164a60aa8d8449cf3bc7bd9e33f242ff55a,1,1,ok
train,shiyan/data/labels/train/MAR20_1560.txt,MAR20_1560,118,cde4fa78c05a8a377614d661beb008a14e68235adcb36041ab93d9ac998eb88e,3,3,ok
train,shiyan/data/labels/train/MAR20_1561.txt,MAR20_1561,78,2365e21347716b488b6eb0feacad441a3f209f314c83936946bd8914ae8f21aa,2,2,ok
train,shiyan/data/labels/train/MAR20_1563.txt,MAR20_1563,158,0285576814e84221192fd144cc91f7451d2f8bb3515187d4448925fff3dbd1e7,4,4,ok
train,shiyan/data/labels/train/MAR20_1565.txt,MAR20_1565,38,ffd29cc4095aabbc62bc02702438d6368a6ae6fff4f15320dce1f89800b9eb66,1,1,ok
train,shiyan/data/labels/train/MAR20_1566.txt,MAR20_1566,427,83da639f909217c31aa2424f129aa1b4eca07001ea05068a360275337448f4d4,11,11,ok
train,shiyan/data/labels/train/MAR20_1568.txt,MAR20_1568,198,21d4c09c4b1f45f4d42ec1b320137e8b5078fcf174a86b6d110f1f82e3cc072d,5,5,ok
train,shiyan/data/labels/train/MAR20_1569.txt,MAR20_1569,518,a77f357f8683bb2b50a4d99ad2022a8cf7b0c5b9eb5a66c1a8588ea6d1ff90fc,13,13,ok
train,shiyan/data/labels/train/MAR20_1570.txt,MAR20_1570,349,342e2fa360720a44421b13bff11b4303cbfeba197cbab46dad63e408da0372bc,9,9,ok
train,shiyan/data/labels/train/MAR20_1571.txt,MAR20_1571,115,cfe8a69a5289e2e27082224f4932595e0b912b694dac973f5db239b771f3e5bc,3,3,ok
train,shiyan/data/labels/train/MAR20_1572.txt,MAR20_1572,118,55b08ef5bf5d61b0bf29d5c96b4c550c0f7388e69472f29603e7c692763422f6,3,3,ok
train,shiyan/data/labels/train/MAR20_1573.txt,MAR20_1573,670,15845b90810ee4f9e6ed8fc761321ea3ce3d008c1e23a61a890b792ec0a345df,17,17,ok
train,shiyan/data/labels/train/MAR20_1574.txt,MAR20_1574,37,9ae52d74b1747541978db8d7b29a618aea44a8967ba0a40aaad2ebaa4a8ee259,1,1,ok
train,shiyan/data/labels/train/MAR20_1575.txt,MAR20_1575,314,1c0d58b882d1a50a13b80d451457074d21a4126ce498354c5012d12e292d5531,8,8,ok
train,shiyan/data/labels/train/MAR20_1576.txt,MAR20_1576,78,edcb707331edf07194d9874fade3d59d16222f4427e0d9a6be858536b6776a21,2,2,ok
train,shiyan/data/labels/train/MAR20_1577.txt,MAR20_1577,238,4e981e380195f0f048c10df2e937e06efd4abcb75f7221c183afb96d2198358f,6,6,ok
train,shiyan/data/labels/train/MAR20_1578.txt,MAR20_1578,198,8dbbbf6b083d79e93e104aa4421ecaacc34418e7a83d154f5f31830fd23ef86e,5,5,ok
train,shiyan/data/labels/train/MAR20_1579.txt,MAR20_1579,118,1037fa34964e61ff9c9f770ccfdd6d27c9b66577d1476b69a4d2d6fa587ec8b4,3,3,ok
train,shiyan/data/labels/train/MAR20_1580.txt,MAR20_1580,118,84480634fec57ca935f6e447c89353e869e040311777c1d087b8e8e567737b88,3,3,ok
train,shiyan/data/labels/train/MAR20_1582.txt,MAR20_1582,598,fd6a8f9e3bed31808c92bea60ca7c30cf2c62b9f7fee81ed48d830ca678664ed,15,15,ok
train,shiyan/data/labels/train/MAR20_1583.txt,MAR20_1583,76,10a4cdf030e73024e89b221a5d190b02a6de3fde42afac03b43e7a4a7d03ec7a,2,2,ok
train,shiyan/data/labels/train/MAR20_1585.txt,MAR20_1585,349,67e77e3ae5134bce42953bb3ae71a06c7e63950464fdf8f0a6d2dfd5befb696f,9,9,ok
train,shiyan/data/labels/train/MAR20_1587.txt,MAR20_1587,78,98545deb9965808edb9c392df64a923c3d849c179b44bb54b84874c2fc81619c,2,2,ok
train,shiyan/data/labels/train/MAR20_1590.txt,MAR20_1590,158,e0afc43255fa58aba9443cbd50cd71056b2a8a7f3fc89c5d7648a8c713544339,4,4,ok
train,shiyan/data/labels/train/MAR20_1591.txt,MAR20_1591,115,f35836a3572120cf55d2442a20e6aa82fac536a1071ae190a5632c8058ba02f1,3,3,ok
train,shiyan/data/labels/train/MAR20_1592.txt,MAR20_1592,37,5d98304858d0e693271022826ba8db19b3adf9306fe5b3b40e3d3f0938312092,1,1,ok
train,shiyan/data/labels/train/MAR20_1593.txt,MAR20_1593,438,f84f707e16192524fe05dcb9187129ce765a13ac764a70371e97d34de1aab068,11,11,ok
train,shiyan/data/labels/train/MAR20_1594.txt,MAR20_1594,838,ac3d257b1f1e0c5e47bb28d6b0855499178cc438789414824c90ef2d4fb1b0d9,21,21,ok
train,shiyan/data/labels/train/MAR20_1595.txt,MAR20_1595,278,907c40f31bdc27083fef19a26d19040d8d15999332e823cf61ecab28e4655091,7,7,ok
train,shiyan/data/labels/train/MAR20_1598.txt,MAR20_1598,358,7f0bf4d826e10acba95a7a2aef9d1d25ee305abd555a5cfcd89ab56e4b599202,9,9,ok
train,shiyan/data/labels/train/MAR20_1599.txt,MAR20_1599,115,88ec1a25e666616c8fa08ffe4b3a5cebf47cb406b9098f5131ea464517f78cac,3,3,ok
train,shiyan/data/labels/train/MAR20_16.txt,MAR20_16,118,df473a3a1d59141b9b2cc6afeb5954aaa478aa6579d77250152435a85f53e4d4,3,3,ok
train,shiyan/data/labels/train/MAR20_160.txt,MAR20_160,78,178380896cb2b1458a96bcb9274001ea9a5cfe0c7fd843777d95c6738cac43d2,2,2,ok
train,shiyan/data/labels/train/MAR20_1600.txt,MAR20_1600,271,f954d330351bc2379477394af9f0a28c1fe4113a5e286231047cde81413cf094,7,7,ok
train,shiyan/data/labels/train/MAR20_1601.txt,MAR20_1601,78,248aac04d087775cabef5b3fdd2e9caa95e2d32b9d0ee5ad5bef4cae7bfdad53,2,2,ok
train,shiyan/data/labels/train/MAR20_1602.txt,MAR20_1602,238,5f4a65e9d454387dae83d16884ffbe73e7c1a318526b49239eaa1729cb1d6ab3,6,6,ok
train,shiyan/data/labels/train/MAR20_1603.txt,MAR20_1603,38,784306f3e4aa8762aa7349fcecaea7e636f45ccfae80cf2b51f8ba1d52d6a873,1,1,ok
train,shiyan/data/labels/train/MAR20_1604.txt,MAR20_1604,76,30e8802700a78f51da8595b536228ed939366d41e58b752ec43d5c828deb23da,2,2,ok
train,shiyan/data/labels/train/MAR20_1606.txt,MAR20_1606,118,904de9d6a177c312f4d66651981a1475d25ba77626af2041452ec1769c50f3a9,3,3,ok
train,shiyan/data/labels/train/MAR20_1607.txt,MAR20_1607,158,8149f1e3226711cd3fdb7b0f953b6675ab2dd391f52732575eda41450e3086d9,4,4,ok
train,shiyan/data/labels/train/MAR20_1608.txt,MAR20_1608,158,cc31fa669c6a27df092cb6f2c9a3b598b0c3c6598660b17ebdb97c3cb3bcdc86,4,4,ok
train,shiyan/data/labels/train/MAR20_161.txt,MAR20_161,118,b8adb4c1d8008f87b8c014908030d23510517510e72d2f0b40de61c0a638767a,3,3,ok
train,shiyan/data/labels/train/MAR20_1610.txt,MAR20_1610,158,55adb808a692a81d7e062056f365621ee96ba6f5a428503bdaea1d2449be5cff,4,4,ok
train,shiyan/data/labels/train/MAR20_1611.txt,MAR20_1611,271,90dc12ae4df92915c58f7a6cf33ddfe9358b2de2cfc685569627b24b8134b50d,7,7,ok
train,shiyan/data/labels/train/MAR20_1613.txt,MAR20_1613,198,0b1096f8ab23683316642f1aa9574a00095b275cd6b59b69fa106d8cbd290ef2,5,5,ok
train,shiyan/data/labels/train/MAR20_1614.txt,MAR20_1614,118,6d493414b857ae15605fe1b22e0969b5d617063e56a4cad87b1a8f89b7d100c6,3,3,ok
train,shiyan/data/labels/train/MAR20_1615.txt,MAR20_1615,358,22935ef57bb6ebde6c66a9c1e362a09380753acf3e2cdb580058ea0a7640a459,9,9,ok
train,shiyan/data/labels/train/MAR20_1616.txt,MAR20_1616,232,a7fb42c46f0d2b28aab6036f15e8f4612e795c3c27ae0df1bdb986d301841db3,6,6,ok
train,shiyan/data/labels/train/MAR20_1617.txt,MAR20_1617,193,1b34e401937ddb0193f4acdba376df8e5648614c145b4822fb4720a303427c03,5,5,ok
train,shiyan/data/labels/train/MAR20_1618.txt,MAR20_1618,318,42e6512d3cf94e6d8e3a964f7eadfe26cc0f77c7b5ffbbc1d6527140413c533d,8,8,ok
train,shiyan/data/labels/train/MAR20_1619.txt,MAR20_1619,318,164dca5f36c2f3035a154f420e578c3a1681fd2fc87ac396ae3761eda68d63e1,8,8,ok
train,shiyan/data/labels/train/MAR20_1620.txt,MAR20_1620,198,ecd210827f6f0989192ff2d7006b372a590e9ef0948e5e1316619f0eac4a837c,5,5,ok
train,shiyan/data/labels/train/MAR20_1621.txt,MAR20_1621,274,62a3cd0113709246a5a29d506e60ede4b0abba535dd2fc54c9bb58ff9ed517e6,7,7,ok
train,shiyan/data/labels/train/MAR20_1622.txt,MAR20_1622,38,d3cd9975f950b38b057777bf37ddb804d987f5c38363126ec5ffb1bf809818de,1,1,ok
train,shiyan/data/labels/train/MAR20_1623.txt,MAR20_1623,115,2e6c511d70c6252278e09bdae88d48f89e342d9a75ee3ec184618050ed2684f7,3,3,ok
train,shiyan/data/labels/train/MAR20_1624.txt,MAR20_1624,158,ad01fec99b93511a33e39c2a5ccf486fc66e7704f43b30a39c9a2d9cdee0b769,4,4,ok
train,shiyan/data/labels/train/MAR20_1625.txt,MAR20_1625,278,a52bfea8d63262b62efd02c69f5de0387fd5481a18adbbf2ac0ccf3d774d042f,7,7,ok
train,shiyan/data/labels/train/MAR20_1626.txt,MAR20_1626,232,5ed16c51d0c48a9bcc9e92e40de713b9ad929864090f7f1d41221b012e90e880,6,6,ok
train,shiyan/data/labels/train/MAR20_1627.txt,MAR20_1627,317,b0fa45705e3d022741046a47bb5c69d1371cecba6727677627e0c3c09db2d8f5,8,8,ok
train,shiyan/data/labels/train/MAR20_1628.txt,MAR20_1628,271,2cce7abbe13e273d5e91f1251ccace1ee705123035d125a14ed0e6145deaf87f,7,7,ok
train,shiyan/data/labels/train/MAR20_1629.txt,MAR20_1629,198,8c6ced316858e9c1288a584299f9f5d359153106c4ce14b162c1cbf1f7ac3ef4,5,5,ok
train,shiyan/data/labels/train/MAR20_1630.txt,MAR20_1630,195,9153e172e91444b65d69384973941a3446f026fd0253f497f5831de14b1f4c7c,5,5,ok
train,shiyan/data/labels/train/MAR20_1631.txt,MAR20_1631,154,281c8190a8e13ddc3d378aa1960bb30837167ee547f70fc168821ff999213673,4,4,ok
train,shiyan/data/labels/train/MAR20_1632.txt,MAR20_1632,38,3373d0b8dd86a4637de819f67b033a2078355df2f7409d7872a726ef296ddb7a,1,1,ok
train,shiyan/data/labels/train/MAR20_1633.txt,MAR20_1633,158,cf4a4b7bc47a2e14e7bf75e2376013cd53e99bfd4fe20a0a3b2f7706f1312dee,4,4,ok
train,shiyan/data/labels/train/MAR20_1636.txt,MAR20_1636,118,43c25b6e7fa4f441c69dc5759e4b6e1426c883564605146ff9d9403cd075aef4,3,3,ok
train,shiyan/data/labels/train/MAR20_1637.txt,MAR20_1637,38,4476c31c03401c113d45e9f7c6c9b01c308e52b2c4194a747008f2d4f17e1a7a,1,1,ok
train,shiyan/data/labels/train/MAR20_1639.txt,MAR20_1639,238,2ad07d77bf8932c282931bc45bdb70e8c9515a0ceae348b7cb12e5746cacaaf7,6,6,ok
train,shiyan/data/labels/train/MAR20_164.txt,MAR20_164,198,216baa5d224525829d4633bfafb6af34a3ff096d27c29c9e423c1d826906dc6d,5,5,ok
train,shiyan/data/labels/train/MAR20_1641.txt,MAR20_1641,158,b754f31a13a315b9b6d24e232b0d33cab049a766eaae7b66f2d4f550717ea882,4,4,ok
train,shiyan/data/labels/train/MAR20_1642.txt,MAR20_1642,76,4aad00e92a31d53c2cc3ac0fde083e67763d6ac6fc711d708fec52ced35bf749,2,2,ok
train,shiyan/data/labels/train/MAR20_1643.txt,MAR20_1643,278,cf0dcb19e97f067e9237b1fb4df934c4d206a6829347f46acd9a4ac2450199e8,7,7,ok
train,shiyan/data/labels/train/MAR20_1645.txt,MAR20_1645,349,dadd331b3360edf184f559b52be2f6612d9f3ec00c1cf2f62aea887471ac1d23,9,9,ok
train,shiyan/data/labels/train/MAR20_1646.txt,MAR20_1646,198,6c9e851833628f73ac7f8f07bc94abb0686c910fbe973472a6b95166c0c46dca,5,5,ok
train,shiyan/data/labels/train/MAR20_1647.txt,MAR20_1647,193,1a40eab9c6ceae91387087a39782c125f946fae40a488332c5a6b676fd337aa8,5,5,ok
train,shiyan/data/labels/train/MAR20_1648.txt,MAR20_1648,232,ea2044d92b7883efdfeed41553f1272cea731ff9171b5eea1d6ed0052b80b54e,6,6,ok
train,shiyan/data/labels/train/MAR20_1649.txt,MAR20_1649,278,eb9be4645373b00acf303f16a05524d16a29dafb00954f69b5980105354315ea,7,7,ok
train,shiyan/data/labels/train/MAR20_165.txt,MAR20_165,78,6cda96188f63ae1ffabaa696559accc1886c86e7c263c67bf5216720a4f87d41,2,2,ok
train,shiyan/data/labels/train/MAR20_1650.txt,MAR20_1650,318,349cb827c911cbdcac90401f1a1d49b1ebe682601adf463dc2b32ab98aa12bca,8,8,ok
train,shiyan/data/labels/train/MAR20_1652.txt,MAR20_1652,76,d37a692a800b5895302032dc350c5c46318b95b09566cbfc229d25b591c7e16d,2,2,ok
train,shiyan/data/labels/train/MAR20_1653.txt,MAR20_1653,154,7065eb9f3bb60b39f6372de74e4d8b85e5c4ece9b5b1301813a1546fefb613f2,4,4,ok
train,shiyan/data/labels/train/MAR20_1654.txt,MAR20_1654,158,bd70c537440c989d51051117df4c470518e5cb13e808b22ef4f2d5fe4fb23c1c,4,4,ok
train,shiyan/data/labels/train/MAR20_1655.txt,MAR20_1655,507,d2e02405318e0caa06b676d586ebca0065cdf40409db2dcddb4cdb50e4c8606b,13,13,ok
train,shiyan/data/labels/train/MAR20_1656.txt,MAR20_1656,77,edb8ac466989cd7409ac8c23938cb846d6d3ba0463fa7a3da314b72251389588,2,2,ok
train,shiyan/data/labels/train/MAR20_1657.txt,MAR20_1657,198,941fe21c72b5779635bcf136903dd6cc350c74e41f74098c64be5703c6e1df3c,5,5,ok
train,shiyan/data/labels/train/MAR20_1658.txt,MAR20_1658,278,5ff9a2a8ab3230d5bb0a7148ddae9835401e4a80e5b639026951f7922f09a44a,7,7,ok
train,shiyan/data/labels/train/MAR20_1659.txt,MAR20_1659,158,4fdc7a5ebf0601e6f1fca686bcaae56079098002aae046c8c9a0e10edf31c5cd,4,4,ok
train,shiyan/data/labels/train/MAR20_166.txt,MAR20_166,358,1acc1283fa7db3159d499c60e625ae5c62ef098a6f33b91106d176798bf9db10,9,9,ok
train,shiyan/data/labels/train/MAR20_1660.txt,MAR20_1660,398,583edbe49684ecce4f5d44e4743f131495a3656785f2289ed1ffffe8f08c652c,10,10,ok
train,shiyan/data/labels/train/MAR20_1661.txt,MAR20_1661,154,06c8251891aaf4c55a58636b023f79d73a44a63ace5c7d6543d9dcad7c0a7585,4,4,ok
train,shiyan/data/labels/train/MAR20_1662.txt,MAR20_1662,278,4e8ccddee9c470c68a99719d5a217d74408d719c100cdb4f3492f085e99ce13e,7,7,ok
train,shiyan/data/labels/train/MAR20_1666.txt,MAR20_1666,158,302b6abdf4166f57530d78fc59cf34e9122afe83872374e9862e2338d63baea1,4,4,ok
train,shiyan/data/labels/train/MAR20_1667.txt,MAR20_1667,78,7cc09a36ee71e476e4ed34567f48959be95632cc72ad4cfa1e2b2be9f01adef3,2,2,ok
train,shiyan/data/labels/train/MAR20_1668.txt,MAR20_1668,118,1d0f1687cca212465a3979d64457084cbb5ec7311a3253627a574d1b7e763220,3,3,ok
train,shiyan/data/labels/train/MAR20_1669.txt,MAR20_1669,198,d708b1bbc05cf37d93448a2f9ec028cba54aac4c438a3e82b98c793467224106,5,5,ok
train,shiyan/data/labels/train/MAR20_1671.txt,MAR20_1671,37,8ab9885ec299005c886ad6a0ca8d5e7b360a217289f7b3751a3024ee20780a0a,1,1,ok
train,shiyan/data/labels/train/MAR20_1672.txt,MAR20_1672,158,4c8f7a250685215134ddff07b3db01bcc61561612b451ec3b1ee011c08e84396,4,4,ok
train,shiyan/data/labels/train/MAR20_1673.txt,MAR20_1673,198,2ab82502bb35e6e10e6c7ac656cebfe3fc5c77ee0fac8d532314802500872747,5,5,ok
train,shiyan/data/labels/train/MAR20_1674.txt,MAR20_1674,434,46758b0ac9b3d788f50a2e5e4abca0e8ce481065871f3623ec477c680c9b7ecf,11,11,ok
train,shiyan/data/labels/train/MAR20_1675.txt,MAR20_1675,158,bd7c65909f09cee93b753ecfe32362d40b77018fd91bb3478b53a2fa78e590c8,4,4,ok
train,shiyan/data/labels/train/MAR20_1676.txt,MAR20_1676,234,98d4e89b67dfedb209a54aa05ff3361df468089b2ecab298b5a7d82b99d2310a,6,6,ok
train,shiyan/data/labels/train/MAR20_1677.txt,MAR20_1677,76,d85ba44ac82aef05602a14bfde5a8e2f97f1e30c61b4c87c50a4c3078a3ed4ed,2,2,ok
train,shiyan/data/labels/train/MAR20_1678.txt,MAR20_1678,398,09cb6fba7df73d84ce613004b26036d26beb4d5e5c9764bc8a4e34f520520d3f,10,10,ok
train,shiyan/data/labels/train/MAR20_1679.txt,MAR20_1679,76,ecc4ae3adb8b2380fce7a0666f1125257f559781fd9c6251fc46bfbfbd02f281,2,2,ok
train,shiyan/data/labels/train/MAR20_168.txt,MAR20_168,38,50df023778a2a94b6baf57c9f57b67edcbbbae9e2b33206820ba140bddc0d8ec,1,1,ok
train,shiyan/data/labels/train/MAR20_1680.txt,MAR20_1680,552,089c5a5035b06ddd680165f938dc97c4dd52ddc8abe2d1243b033959af133c48,14,14,ok
train,shiyan/data/labels/train/MAR20_1681.txt,MAR20_1681,157,8d1c63c8ec5dc5a3d88b60fbac30b8e672dbce8bdc560ecde47cfcf807cb18ad,4,4,ok
train,shiyan/data/labels/train/MAR20_1682.txt,MAR20_1682,118,6c56af01be8b7b8175f008aeb6b5e3703f6391ec83f113ce72e9f461f9555feb,3,3,ok
train,shiyan/data/labels/train/MAR20_1683.txt,MAR20_1683,390,a8b27afe3ed61ae4ffcee48c68fbcf61a5d1e642fddc0e238be6adb2efe1c2dc,10,10,ok
train,shiyan/data/labels/train/MAR20_1684.txt,MAR20_1684,238,dc6664071a6cc9488255fc5102899a963f4695edb5334d2a587ad20f3e227e4b,6,6,ok
train,shiyan/data/labels/train/MAR20_1686.txt,MAR20_1686,198,60a1e8603d91553ef0c287cc29fa5c562f5afbaba04e2a9ce926d2fe84424b1a,5,5,ok
train,shiyan/data/labels/train/MAR20_1687.txt,MAR20_1687,158,64ef1cadeed41f6e74b5cdd68e7e542c0b6c4e169039210067eb8e1a63612eb5,4,4,ok
train,shiyan/data/labels/train/MAR20_1689.txt,MAR20_1689,238,2dd498076583b27b3fa2f5e64e09ecb0970d9084e728692e262e5ef24a655ddb,6,6,ok
train,shiyan/data/labels/train/MAR20_1690.txt,MAR20_1690,118,bddf2a2bce6fd2deda7cb1e56cfbefa53d94a2151cf33764902870ff58df655c,3,3,ok
train,shiyan/data/labels/train/MAR20_1691.txt,MAR20_1691,118,ada6eee455b436c897359847f32231ab10cddead8cac2a9b10339d2a46acf258,3,3,ok
train,shiyan/data/labels/train/MAR20_1692.txt,MAR20_1692,118,134368c4dc3c0a6636b97a6b02b202643cc4a77faf6459bd8cf7942b7c847957,3,3,ok
train,shiyan/data/labels/train/MAR20_1694.txt,MAR20_1694,474,0d2a2a09cc71bf5db192f9a6d5ceda1cb55a27acd1e18d7e6a63a1a76693f995,12,12,ok
train,shiyan/data/labels/train/MAR20_1695.txt,MAR20_1695,388,639cf76cb42e20424aa9fe0b1ff87b5b78909e21e7a538bdef0ff4b130923500,10,10,ok
train,shiyan/data/labels/train/MAR20_1696.txt,MAR20_1696,38,d6894b2e9f9867e58deea7b7c8f25a27151a485332e32744bf1b837c0803b40d,1,1,ok
train,shiyan/data/labels/train/MAR20_1697.txt,MAR20_1697,118,e7a9e59d3a4001f8a9e9cebd8290285c29990b72d116fbcbfbc7b93bc6898702,3,3,ok
train,shiyan/data/labels/train/MAR20_1698.txt,MAR20_1698,158,48841e9251428dbf68aef8d9230925f2397f9a684c964b6a947c7aab97bd48a1,4,4,ok
train,shiyan/data/labels/train/MAR20_17.txt,MAR20_17,78,1bb3373d5c837afb6559d2b9e943cddf81327e73d0728d9379413f3382621611,2,2,ok
train,shiyan/data/labels/train/MAR20_170.txt,MAR20_170,158,ce8af82a36e48cc1a89cfd6c0fc8e9e0ed12cf9f8788ee1e622282c0163d522c,4,4,ok
train,shiyan/data/labels/train/MAR20_1700.txt,MAR20_1700,1638,2e7797733da57184fd15598f8314738153cc3608887a7d3f66fa8f519f989546,41,41,ok
train,shiyan/data/labels/train/MAR20_1701.txt,MAR20_1701,158,0f8277ec31d7f821508d4e3647b1c92bd34adee99f350e6baf90c759822a86a8,4,4,ok
train,shiyan/data/labels/train/MAR20_1703.txt,MAR20_1703,115,851533ef95dea16e795dcbbb4d078d0ce9ead4c6ac673a7eb9bb2c85c7f608b7,3,3,ok
train,shiyan/data/labels/train/MAR20_1704.txt,MAR20_1704,158,e06c7c98dc83b40ef5b16176ec7246cac7a84b24df6a779fe2b07f70e2532a0c,4,4,ok
train,shiyan/data/labels/train/MAR20_1705.txt,MAR20_1705,238,4383040ba7e866f656b72f144b79cfebf87753573cb1843c00ca000afcb77245,6,6,ok
train,shiyan/data/labels/train/MAR20_1707.txt,MAR20_1707,154,c198781fc84c4c64c6693ca20f41a1c424fd9ff08d2f069e481bde2b27058b46,4,4,ok
train,shiyan/data/labels/train/MAR20_1708.txt,MAR20_1708,198,37598e97233ca36b1b3520e5dd8d7887de9cf4e6dbffdeadc82c3c9c9d1e7f27,5,5,ok
train,shiyan/data/labels/train/MAR20_1709.txt,MAR20_1709,198,2e863b429939f2bf3001834f9968e7e1b8c287b6c85333d6c78873846ba0d538,5,5,ok
train,shiyan/data/labels/train/MAR20_171.txt,MAR20_171,157,62c64ca3094f51359a6f2caff2a3f37f89651d8992e3514c95aa5fe01e6cf9f2,4,4,ok
train,shiyan/data/labels/train/MAR20_1710.txt,MAR20_1710,158,e82e6c2ae3a65ac83c062a0c1ee99d43782917e0dc562ee7c29b85449c463776,4,4,ok
train,shiyan/data/labels/train/MAR20_1711.txt,MAR20_1711,154,55982afdbdbb2f595f1a9c603db20e8b82ca4ab58624fbe78af8db0a7a61fe6e,4,4,ok
train,shiyan/data/labels/train/MAR20_1712.txt,MAR20_1712,358,ffe8419974b6bfe9ad926972f299d6ddd830efd423086757afad57846d9c4940,9,9,ok
train,shiyan/data/labels/train/MAR20_1714.txt,MAR20_1714,311,17363e274a4cb9b8206b9328778102f0317d83be8e4a190b430d631aca559c48,8,8,ok
train,shiyan/data/labels/train/MAR20_1715.txt,MAR20_1715,38,1e364208c99b8354ef19b56de58517fceddc3120a498956e95f509e745542574,1,1,ok
train,shiyan/data/labels/train/MAR20_1716.txt,MAR20_1716,118,5e531dd9c9479b1009abfcdcf7fba2fdbb3a238c6bbc85c6507263311c4f7af2,3,3,ok
train,shiyan/data/labels/train/MAR20_1717.txt,MAR20_1717,238,6598f5a4db212eacc0f0e78d92fa86e7b1d53708da8d38b00c364a92abca8249,6,6,ok
train,shiyan/data/labels/train/MAR20_1718.txt,MAR20_1718,158,a6c58b3b714c663b832b4c379caa068c1796448057a332ddcb7642d29544bd71,4,4,ok
train,shiyan/data/labels/train/MAR20_1719.txt,MAR20_1719,115,be56915f61b6ac412b0b87d726426d1632267b44ef5e19a98d85b1775b28cb9b,3,3,ok
train,shiyan/data/labels/train/MAR20_172.txt,MAR20_172,478,5825923c94ea2d20626d30022d9a10a97349dbbd3de0d8fa11ceb84443e98bf3,12,12,ok
train,shiyan/data/labels/train/MAR20_1720.txt,MAR20_1720,38,7e3ec5ed08dd54735789b0be9f6b277235720a2e1e8147f03fb329184094bce2,1,1,ok
train,shiyan/data/labels/train/MAR20_1721.txt,MAR20_1721,158,0a42fbe95647c2757acef2ab4721debf413b79c337d41c77c1d9dc9ea7027f0d,4,4,ok
train,shiyan/data/labels/train/MAR20_1723.txt,MAR20_1723,278,e2f7e31db9c2d331b8595ea249920843a9d8623c3aecdb35631abcd8cf8503d3,7,7,ok
train,shiyan/data/labels/train/MAR20_1724.txt,MAR20_1724,158,fcada703ade08d8ff0f7e75907d04e25bd1b347d7e2b555634f13bd63aa38fea,4,4,ok
train,shiyan/data/labels/train/MAR20_1725.txt,MAR20_1725,38,c281869878384da9d79f14a2d5f5ecc98a3a7e192a72e7a6e4c8ef1edaea1a32,1,1,ok
train,shiyan/data/labels/train/MAR20_1727.txt,MAR20_1727,38,cc589b4970506d373292c87ccfd1ba6f0d4db21c28239ace1058105d97c94bd9,1,1,ok
train,shiyan/data/labels/train/MAR20_1728.txt,MAR20_1728,78,436aab77aabf28b0ce3d6ef1f840d94ad3d9b2d43f1e7e39f4b6afd092bc3402,2,2,ok
train,shiyan/data/labels/train/MAR20_1729.txt,MAR20_1729,78,91cd9a1736c32ebe7ac1f07006fa8bae5a90cfa3ed5bd8f1327cd77539fcc161,2,2,ok
train,shiyan/data/labels/train/MAR20_173.txt,MAR20_173,155,1f9972da2f6e68d833e4525c3cf408dc6d491c10b592b2173fdeea28d6abdae8,4,4,ok
train,shiyan/data/labels/train/MAR20_1730.txt,MAR20_1730,78,5a24d8e4d4b6ed60d1868563f408fad2f48d4b4149e45d8d20806b12e2834439,2,2,ok
train,shiyan/data/labels/train/MAR20_1731.txt,MAR20_1731,38,e0e87b43d40d2e745892ef322ec23e15ff84a48d5538e8a2d7e5aac4607ad32a,1,1,ok
train,shiyan/data/labels/train/MAR20_1732.txt,MAR20_1732,238,9f25c6db25bbaf0ac09b9fdc369fc844204fb4ea292c791eb09197287b940fce,6,6,ok
train,shiyan/data/labels/train/MAR20_1733.txt,MAR20_1733,198,f1b320a1a7940b79afa009b62a54e16c8b887fc192b88fb5fa7e30aeea11e31d,5,5,ok
train,shiyan/data/labels/train/MAR20_1735.txt,MAR20_1735,466,2d363133cba66631815b954ad6dfacc1f75b43b68c736d210d65e3ab1fc62593,12,12,ok
train,shiyan/data/labels/train/MAR20_1737.txt,MAR20_1737,198,249b74d6544d2ab8c4c87cbf5201d41771da7d25f8e289d12b81b658199406db,5,5,ok
train,shiyan/data/labels/train/MAR20_1738.txt,MAR20_1738,158,4ca238b304643769eecbe541a3df1b5da3ef2fa4678b1f24ba1ea14c7ba764d6,4,4,ok
train,shiyan/data/labels/train/MAR20_1739.txt,MAR20_1739,37,30d0e8e43eaa63f2a198698e6aeb6bf39f65aacbfd165ce4eaa22ea8d7b34b48,1,1,ok
train,shiyan/data/labels/train/MAR20_1740.txt,MAR20_1740,158,de9150e1aa4df079bcb55846468b10f99a97dedfb024d91491de00986c8e9f08,4,4,ok
train,shiyan/data/labels/train/MAR20_1742.txt,MAR20_1742,198,66bc6bb13fd412d35e21e90cd45ba9120bb123dfab3b07e959a2dd861980ec45,5,5,ok
train,shiyan/data/labels/train/MAR20_1743.txt,MAR20_1743,76,3b8d213a8e8039c4d52f76a31bb6e8d3cd61adb010bad1bbd7e2a3e2e7c8b45f,2,2,ok
train,shiyan/data/labels/train/MAR20_1744.txt,MAR20_1744,158,c48e04cb7eb643cb19ae6bdfbe05a087bb946d2dd2d0ec03851a734e64e325de,4,4,ok
train,shiyan/data/labels/train/MAR20_1745.txt,MAR20_1745,118,7e013d306e966e09e93dd1c843f185f990b9f371d3ce38cac2e2ff6c75104312,3,3,ok
train,shiyan/data/labels/train/MAR20_1746.txt,MAR20_1746,158,ac49a940030e7352e782d46e4bbc93b258e4df780d7b810f9a17f12abfefa5fe,4,4,ok
train,shiyan/data/labels/train/MAR20_1747.txt,MAR20_1747,115,a3e931f25bf101e84ae2207f5f89903d84e1120163f422e2ade228af9d818771,3,3,ok
train,shiyan/data/labels/train/MAR20_1748.txt,MAR20_1748,278,65237b56d0599d9bf64e3968bb5804970ecbd4961768dcf2d5ebe874e53536e0,7,7,ok
train,shiyan/data/labels/train/MAR20_1749.txt,MAR20_1749,1297,f79b482f0afdea64d4d18769146c8e2b45a7028067e58e2c8dde8dbcc10e8b58,33,33,ok
train,shiyan/data/labels/train/MAR20_175.txt,MAR20_175,550,650462c90546f89a2fd20e779e586029ab0de356ddd7cb004b6e427cae1e5889,14,14,ok
train,shiyan/data/labels/train/MAR20_1751.txt,MAR20_1751,158,d6aa4ec11f72e1959ffb9c6764120fb20bccdd5625fbcc150b5b13529096fa33,4,4,ok
train,shiyan/data/labels/train/MAR20_1752.txt,MAR20_1752,158,daa9857117114e21c1bd5eb3f4b3da5f6f88c82f449a908689ad8609652fdbf7,4,4,ok
train,shiyan/data/labels/train/MAR20_1753.txt,MAR20_1753,193,9af396fa189586b679d472bc84bb7d5aafb41267b571e4b82286010dcd153a47,5,5,ok
train,shiyan/data/labels/train/MAR20_1754.txt,MAR20_1754,272,a03115fbb20d2826ca6f98da818dec14706e4c56e9431b8b285ffa397f5f0ba7,7,7,ok
train,shiyan/data/labels/train/MAR20_1755.txt,MAR20_1755,193,725422b28fc03a7429c1a159ba16aaf2cbe2aeb6bf74f6e296b6a0ac2b4c419b,5,5,ok
train,shiyan/data/labels/train/MAR20_1756.txt,MAR20_1756,398,0221891c5c65a65a7dd6f9e7edd76594fde8cf0e1dfbb710150114331798e55f,10,10,ok
train,shiyan/data/labels/train/MAR20_1757.txt,MAR20_1757,398,513434629702738a69a0bc9db473d77e5e9efa9fafad13a28d35a0badd4ae691,10,10,ok
train,shiyan/data/labels/train/MAR20_1758.txt,MAR20_1758,278,a6bdeeeb48892cbc42b73ff0d001b4ac0279e72f9113014bfb709feaf0bdaf92,7,7,ok
train,shiyan/data/labels/train/MAR20_1759.txt,MAR20_1759,78,27617f1c93f85736a8d1b1ebcec8585f2750397273b774866808c582e37ce875,2,2,ok
train,shiyan/data/labels/train/MAR20_176.txt,MAR20_176,310,cd1e675ae56463d1a637a8ef3c9a6bd701fd6bce0e20cb9ceacbc9d613b14043,8,8,ok
train,shiyan/data/labels/train/MAR20_1760.txt,MAR20_1760,278,a1ae6dad1aa7cd8f1dadb22366a4d3e10237f0b7c80885e4eccc246d26ded140,7,7,ok
train,shiyan/data/labels/train/MAR20_1761.txt,MAR20_1761,118,f2f48e10a1905ca312ecec79c28de43091d31b3b04f6d0b2c647fda6978c5bfa,3,3,ok
train,shiyan/data/labels/train/MAR20_1762.txt,MAR20_1762,798,678b1244ceec76651d16a0a5d096020f0350895e762ff115dc66e17ebc764431,20,20,ok
train,shiyan/data/labels/train/MAR20_1763.txt,MAR20_1763,518,0a1492a4f15b644df07151c4746de4034f6f044739e38047579351e83490d16c,13,13,ok
train,shiyan/data/labels/train/MAR20_1764.txt,MAR20_1764,154,17b2a84c78d01ff3f7e56f5255f70c2a839652a73285d32c02a66d77c7fd0d26,4,4,ok
train,shiyan/data/labels/train/MAR20_1765.txt,MAR20_1765,158,3ba8f085365165aefe9b34231351cbc30be8e43ef7116fbee8aeb3a3be93bd52,4,4,ok
train,shiyan/data/labels/train/MAR20_1766.txt,MAR20_1766,158,0e9b0844718c49bbb9c3284b224b20098b24e4250453a49171560ef598358616,4,4,ok
train,shiyan/data/labels/train/MAR20_1767.txt,MAR20_1767,118,8e77e5532608f040777e77ac846ff3d244e6140c75baab53863b4fcfea0f3b77,3,3,ok
train,shiyan/data/labels/train/MAR20_1768.txt,MAR20_1768,238,9029ed80194f4b5296a67dca24316cefb2042c2b6cae1f116a72a37ec41ad7dc,6,6,ok
train,shiyan/data/labels/train/MAR20_1769.txt,MAR20_1769,118,4b2a45723196110c7c950bcfcdcb0d3d8ecfeb9cd674fa23db2655af9db187de,3,3,ok
train,shiyan/data/labels/train/MAR20_177.txt,MAR20_177,310,e2d3fd86d9013f8c75789db9ee794f846f296afdb9a6f179d95f114259a4578a,8,8,ok
train,shiyan/data/labels/train/MAR20_1770.txt,MAR20_1770,76,dacf70b02109885f42bdc2fbe3ecd3d12b915977eab73d452005d12868e4445f,2,2,ok
train,shiyan/data/labels/train/MAR20_1771.txt,MAR20_1771,238,9ccf7f8e1f0dc32f28175a5d2d986eafee01e775587da2bb34f666a6272390e8,6,6,ok
train,shiyan/data/labels/train/MAR20_1772.txt,MAR20_1772,238,9844774dbddacc15c55b8a90c193fe7dc4d3b54c6dc98dc91e92841685e5f3f8,6,6,ok
train,shiyan/data/labels/train/MAR20_1773.txt,MAR20_1773,466,4a31840744b16ab369c8e6e41d2196b4555a62e26f49fa3f15a5cbd34c5bffda,12,12,ok
train,shiyan/data/labels/train/MAR20_1774.txt,MAR20_1774,232,1c3085e6f6f28ad3c2ab7797d33416abfc3c7af6b2dba78c1e38552ec3a04692,6,6,ok
train,shiyan/data/labels/train/MAR20_1775.txt,MAR20_1775,238,009f41b0bde577d5bcef7d5d19abf784d95e31e9ed516ab28846385b3238456d,6,6,ok
train,shiyan/data/labels/train/MAR20_1777.txt,MAR20_1777,232,c0351afa72e2dc94a22e8f8649483028cc9fa4c6855d90e5bd60408515cd999f,6,6,ok
train,shiyan/data/labels/train/MAR20_1778.txt,MAR20_1778,583,641e8184cd032016ca97082cc0540afb8d5ca9cf991722f514094eb583fd71bc,15,15,ok
train,shiyan/data/labels/train/MAR20_1779.txt,MAR20_1779,118,53d8c503d319ca8daafba3b2972d61d69c2089be97e2afb6986b69fc119a82e8,3,3,ok
train,shiyan/data/labels/train/MAR20_178.txt,MAR20_178,37,b330cff7583a61c3af572c4b456dd7372d1b3218cdc9590248d9f8e1261fccfd,1,1,ok
train,shiyan/data/labels/train/MAR20_1780.txt,MAR20_1780,76,b34d9f250381ae6219ae9016b3af530d381a6e41d7fc91a007a4fe4f41962221,2,2,ok
train,shiyan/data/labels/train/MAR20_1781.txt,MAR20_1781,154,4a644871f7e74ee6df9a5e9a4981b33eb7af745ed8756b44731061a9243746fd,4,4,ok
train,shiyan/data/labels/train/MAR20_1782.txt,MAR20_1782,77,e1f060a6f7fb10d3895be8d040bf9cf8283356a7cc22b6467a1bf6d3136b7148,2,2,ok
train,shiyan/data/labels/train/MAR20_1783.txt,MAR20_1783,232,ccc3d331f573131b4ccc9f8b2b715c4b82875b17bfdcac60beb9ecc4abe00dfb,6,6,ok
train,shiyan/data/labels/train/MAR20_1784.txt,MAR20_1784,118,37ee3b0e880ecc8a254f97ba17bca0ab64bfb5a586482c7672333d8da85738d3,3,3,ok
train,shiyan/data/labels/train/MAR20_1785.txt,MAR20_1785,38,10e5d18135570be6e4c5b467e24ccd82b5d7a7320a5c6986007431e52a883698,1,1,ok
train,shiyan/data/labels/train/MAR20_1786.txt,MAR20_1786,238,d89e3011bf06c9aed4fbc56dc9f4f26b1f8fcb1ae26b0a3a81d5e1d2dc1a2d16,6,6,ok
train,shiyan/data/labels/train/MAR20_1787.txt,MAR20_1787,193,51fbeba516577bc9c848d8e30ab6efc3c54d0f8b345ae60ca8c2cbaf53b85d3b,5,5,ok
train,shiyan/data/labels/train/MAR20_1788.txt,MAR20_1788,158,398c007676e7415f308aa42ee3e0e77d42572c976cdc67249455d2a677a0cd77,4,4,ok
train,shiyan/data/labels/train/MAR20_1790.txt,MAR20_1790,38,85cc32b9df825ae659e8f6295ea9f4dd28f55257eab3c1177abf648da9063aa5,1,1,ok
train,shiyan/data/labels/train/MAR20_1791.txt,MAR20_1791,78,14b7a5fccd1c8971db489ba0af17b7187c3856fdea62250dc86f43703c11d925,2,2,ok
train,shiyan/data/labels/train/MAR20_1793.txt,MAR20_1793,158,6766fe542829c95357f52995628662dcfed23d3352740d3e419b85c0fa6805ab,4,4,ok
train,shiyan/data/labels/train/MAR20_1795.txt,MAR20_1795,198,fac5fad519d3c9f02d9f1357529dab4cf1befef61a5d6559528bb191a4c9b8de,5,5,ok
train,shiyan/data/labels/train/MAR20_1796.txt,MAR20_1796,478,029abf10ff5a816f9639ad9ff6f6f9d2634f9f5b8d117d46ec645a193bc9b8be,12,12,ok
train,shiyan/data/labels/train/MAR20_1797.txt,MAR20_1797,310,c6aa179634bdfb1c214a9a58f5a2d7a705ec071b6744f8979fd9ffaa0668e90c,8,8,ok
train,shiyan/data/labels/train/MAR20_1798.txt,MAR20_1798,116,9d269588982b782f205a4eebcc9e3289a631965b7dac97474ffe172744f1fef5,3,3,ok
train,shiyan/data/labels/train/MAR20_1799.txt,MAR20_1799,118,dd1e29736f46b28a1eb0fb325ee63bd09de39e1030d229cef574fecba66675f3,3,3,ok
train,shiyan/data/labels/train/MAR20_18.txt,MAR20_18,158,b488ca7b45cb69f9bb29dae0bdb0767166a5d17c25d7591e2deede4309b2b574,4,4,ok
train,shiyan/data/labels/train/MAR20_180.txt,MAR20_180,272,613b8d1e05fbfa625fd82b3966cf81051857227c8be9272dec25accfa2989777,7,7,ok
train,shiyan/data/labels/train/MAR20_1800.txt,MAR20_1800,233,7a23de41dc31cb899cfccd4050031f99bf915414345b24541f0d4bc697efa97c,6,6,ok
train,shiyan/data/labels/train/MAR20_1801.txt,MAR20_1801,77,82fae0abdbbe7a2e0b14c866ffc3432a265c354cf0c635e4444d4646145b721b,2,2,ok
train,shiyan/data/labels/train/MAR20_1802.txt,MAR20_1802,232,f601068ec384c836d26aa43aa3a247cb037358b56e4396350665768fa26ed352,6,6,ok
train,shiyan/data/labels/train/MAR20_1803.txt,MAR20_1803,78,505dee198e94d74693f748a2187f5caa15b4002538acdf924e0017624bf9683d,2,2,ok
train,shiyan/data/labels/train/MAR20_1804.txt,MAR20_1804,274,ec0939c3349c6e65f695875e50e7984ebd0dfc67273676b96162ecef2eb09d67,7,7,ok
train,shiyan/data/labels/train/MAR20_1805.txt,MAR20_1805,318,0a3f9796f04985ab1433f0c4e8d0e7bcf62ace322948d53fbe138ad52544fbad,8,8,ok
train,shiyan/data/labels/train/MAR20_1806.txt,MAR20_1806,76,edb0bc4387d135ebf92e002eb901d4d4adea9dcbd2df888cccebaa371ce5e058,2,2,ok
train,shiyan/data/labels/train/MAR20_1807.txt,MAR20_1807,427,e2c750e3e7a9f70b9cd644072cccd8f66bccafe72d1d1c7a462bf8438bba1582,11,11,ok
train,shiyan/data/labels/train/MAR20_1808.txt,MAR20_1808,198,377008766dbae206202a886fccaa6e06bdd696b233d0180e7a945b0f76292aa7,5,5,ok
train,shiyan/data/labels/train/MAR20_1809.txt,MAR20_1809,398,a1804bd6b84a427f07839b6e06da4ce4873df4baa9942bec1e8bf5127936888b,10,10,ok
train,shiyan/data/labels/train/MAR20_181.txt,MAR20_181,310,1ce9a0bde5286b9871e4210f69d8013092a3fbad7f16a746c68e3756c194056c,8,8,ok
train,shiyan/data/labels/train/MAR20_1810.txt,MAR20_1810,115,895cc0c9a544c5717f60cae847505e05770584eb8d9aa089166757dcea4ca908,3,3,ok
train,shiyan/data/labels/train/MAR20_1811.txt,MAR20_1811,193,9ff3518b897fc6090a78a91c655407ed68f30782c8bbc44d26c31729da301e67,5,5,ok
train,shiyan/data/labels/train/MAR20_1812.txt,MAR20_1812,388,c9b376e554d204d6c0efa620757662aa60ca1ca32ffba5d2525fee6ecfef9ad3,10,10,ok
train,shiyan/data/labels/train/MAR20_1813.txt,MAR20_1813,158,d2e5a72b8733059ec3a1efef6e6cd2acfc3c37c162f07acba458f847900145a7,4,4,ok
train,shiyan/data/labels/train/MAR20_1814.txt,MAR20_1814,238,2acc6772f315a5a460293e993a63fa89f0860668f6d591b0bf1b78fca3762993,6,6,ok
train,shiyan/data/labels/train/MAR20_1815.txt,MAR20_1815,154,8cb0719792e9e5328fa6d975a53d148c4703b83a85f14fb36b6fe792458af38c,4,4,ok
train,shiyan/data/labels/train/MAR20_1816.txt,MAR20_1816,349,7eeedbc6b5244b4ec9b6dfc87a6d81512552eaf8e3a7bb22766ce425484e00f2,9,9,ok
train,shiyan/data/labels/train/MAR20_1818.txt,MAR20_1818,117,1148f0d66226d9086ad271f3994137c8ce963fc9f8cdbf96f5084cf224218194,3,3,ok
train,shiyan/data/labels/train/MAR20_1819.txt,MAR20_1819,157,8ebefa39ae0dc01fcd99395fda03a8f896f822196bfc6b6fbe94be7baaf91592,4,4,ok
train,shiyan/data/labels/train/MAR20_182.txt,MAR20_182,118,3f2a2bf864eff63b9108d8b817dd1463e05502e09e3faeee6e8bae024ccf6a71,3,3,ok
train,shiyan/data/labels/train/MAR20_1820.txt,MAR20_1820,158,90464696ca132f875beff0956bbf5eb605144a26756c7cb5857223064cd196f8,4,4,ok
train,shiyan/data/labels/train/MAR20_1821.txt,MAR20_1821,238,f7dc5749d654f55b9492626ed0d34f9f9b6a241790a7def0aedccc1261942187,6,6,ok
train,shiyan/data/labels/train/MAR20_1822.txt,MAR20_1822,238,13f14e58b53c9b3395ce8b415ca3bf935d2566129c3094f1080404182afcfda3,6,6,ok
train,shiyan/data/labels/train/MAR20_1823.txt,MAR20_1823,432,1b651f9f10694321b1d84e2253ed180f47f7555c914d172be8146762da354cef,11,11,ok
train,shiyan/data/labels/train/MAR20_1824.txt,MAR20_1824,37,94ab4ab8370f7258b0148a5447ddf840867e8d7ad13b69351898c85a9cf8229a,1,1,ok
train,shiyan/data/labels/train/MAR20_1827.txt,MAR20_1827,78,b9b800761cd942b0cc2365afc7c65cbde6e7a2c366093c0086d94f6490440c56,2,2,ok
train,shiyan/data/labels/train/MAR20_1828.txt,MAR20_1828,198,a33f8fee8b220681097707270e5393291a24b9a5f0c4645959298d95223c07f1,5,5,ok
train,shiyan/data/labels/train/MAR20_1829.txt,MAR20_1829,355,689c9cd121d1b4e1b2addabe10ff78ef23f2fd4a7c0c6990709f43dac111f116,9,9,ok
train,shiyan/data/labels/train/MAR20_1830.txt,MAR20_1830,118,f7d63b62790163f3e3fbb4893dee88b52b704264bb90acf1bfdd1bb86df06945,3,3,ok
train,shiyan/data/labels/train/MAR20_1831.txt,MAR20_1831,198,3be89af04e794c1c0bb350fe95b61c72c47a385aecd809a20014296bcf446aa2,5,5,ok
train,shiyan/data/labels/train/MAR20_1832.txt,MAR20_1832,478,4f7b6f52e11e07d9bba7ab68a577ac995863b55398198a4efe101427cebf1e63,12,12,ok
train,shiyan/data/labels/train/MAR20_1834.txt,MAR20_1834,278,7bc1943a0446d6f660de85e9a7f1cce838deaa831647adf962e86175285ddcff,7,7,ok
train,shiyan/data/labels/train/MAR20_1835.txt,MAR20_1835,78,39b7c9e3d81d414a5f4424b45b0e62be18c5a84f6c7da13618c0c970832ecf3b,2,2,ok
train,shiyan/data/labels/train/MAR20_1836.txt,MAR20_1836,158,764447b75769a0e257006d4cb238c1bf875b37046f55dd101ede9dec6f81de23,4,4,ok
train,shiyan/data/labels/train/MAR20_1837.txt,MAR20_1837,278,ee8b2c9787fb29ed01589c4d2e2fc9d7271a4997fc0d02316818fb1cc5cf1333,7,7,ok
train,shiyan/data/labels/train/MAR20_1838.txt,MAR20_1838,158,5cd3b495c61b37ae22ee2e423eb872f55b09fc22e831ec6ee5048cfa14e876e9,4,4,ok
train,shiyan/data/labels/train/MAR20_1839.txt,MAR20_1839,158,2b4bc3ed0bfe7f1b705520e496a70316880beed703561c29430342be4793a9dd,4,4,ok
train,shiyan/data/labels/train/MAR20_184.txt,MAR20_184,198,fab2a9a754bb8f967de721d86fd17953a2a7397cc3aad9b0c82fc6d2b48c83d7,5,5,ok
train,shiyan/data/labels/train/MAR20_1840.txt,MAR20_1840,78,1e22fcfce41f67853641574af02b29b4dd54dfbf983b66cf5d550b75673afb27,2,2,ok
train,shiyan/data/labels/train/MAR20_1841.txt,MAR20_1841,232,f3ec4219f7c522c8509c210960e6a79259c680ac95960c1e9ef1f1744752c8eb,6,6,ok
train,shiyan/data/labels/train/MAR20_1842.txt,MAR20_1842,198,51014f06fa8a22c67fe30bbbcf400e1e040d26641cf0be9446942925a0a2caee,5,5,ok
train,shiyan/data/labels/train/MAR20_1843.txt,MAR20_1843,278,32af93c4faf84112f9c1211215c699b5ccc95fb28503344d5d07eb4a12d88b2f,7,7,ok
train,shiyan/data/labels/train/MAR20_1844.txt,MAR20_1844,273,9bbcadf4b3aa60e6bdb17858a597c4e8fc1a0d347f62436dcdea7a41958433ec,7,7,ok
train,shiyan/data/labels/train/MAR20_1845.txt,MAR20_1845,154,b10d0c6c81adc984ea34c439a46d1ac71a72931c5ee52b99f757e3efd98936ce,4,4,ok
train,shiyan/data/labels/train/MAR20_1846.txt,MAR20_1846,198,15adce4604979a5aa3046197c01d4401f570ed6c422e328db5873ddea441b2ea,5,5,ok
train,shiyan/data/labels/train/MAR20_1847.txt,MAR20_1847,358,9016cbdb2cdf8aef7666cb042ca8549466f9982c15d3af24ac7602b3128a2e30,9,9,ok
train,shiyan/data/labels/train/MAR20_1848.txt,MAR20_1848,438,22f82c631618f1958b8c93517b3fad02e59ece02ecffbc587a6264eb14d3d937,11,11,ok
train,shiyan/data/labels/train/MAR20_1849.txt,MAR20_1849,478,d7ffd9d4a452358ea94e628634b10e875762fb5d3575b63f6942628cd757a5c4,12,12,ok
train,shiyan/data/labels/train/MAR20_185.txt,MAR20_185,158,e5a817d4b566e7881fef6b071ff510ee14b10683e1f000ced0fb270e7af19bf9,4,4,ok
train,shiyan/data/labels/train/MAR20_1850.txt,MAR20_1850,37,720f74b93c9e42f93da2ba852902ccdb797174667506179a47caa1686880dddc,1,1,ok
train,shiyan/data/labels/train/MAR20_1851.txt,MAR20_1851,76,c9e4df7499bd37dbb7025be9ec9188e1507e543abb065d74e61a0260c1dcfdb1,2,2,ok
train,shiyan/data/labels/train/MAR20_1852.txt,MAR20_1852,238,6fa71e64aaa4f66ec59df295eaceaa9db4ce46727b4eca52d75138bc990a8c10,6,6,ok
train,shiyan/data/labels/train/MAR20_1853.txt,MAR20_1853,198,57fbe2c306f448d0b5e545e346dc44642dde7fcea54a6d628d2c74c0882e0f2e,5,5,ok
train,shiyan/data/labels/train/MAR20_1854.txt,MAR20_1854,278,a9b447d162fc80d1d153587387f228a72bba28cc58589968485a122b6de1a4e7,7,7,ok
train,shiyan/data/labels/train/MAR20_1855.txt,MAR20_1855,38,815312e78dfb2cbc609640afa70fb7132c804f11e28e3b7f45bdd779b0b35d9f,1,1,ok
train,shiyan/data/labels/train/MAR20_1856.txt,MAR20_1856,436,e81e8a01c6e6815bb3f876659f96ea3232d3826e90769632e013042c5863680f,11,11,ok
train,shiyan/data/labels/train/MAR20_1857.txt,MAR20_1857,118,6031c7f79da9121fd4c01a28fc94d624a06ba807b477d24745ca675a1d5a05a6,3,3,ok
train,shiyan/data/labels/train/MAR20_1858.txt,MAR20_1858,358,bf8160b539484ec7baec2fddc7326096e718679ea6a7efc1799455b63b8ca525,9,9,ok
train,shiyan/data/labels/train/MAR20_1859.txt,MAR20_1859,238,5fa2c1d9905d3341581b3615ad97c72080881c5e8a99f2c0ad18610d2c5a0049,6,6,ok
train,shiyan/data/labels/train/MAR20_186.txt,MAR20_186,438,28ef5a40f4d7a1a84b058d54df274dbe9a9ced2945a8045ab450f8cbce0553cd,11,11,ok
train,shiyan/data/labels/train/MAR20_1860.txt,MAR20_1860,238,8548661f4bcc779e4a6eab2dca8164a222f6a86c773768a5c662b5aeb7eea008,6,6,ok
train,shiyan/data/labels/train/MAR20_1862.txt,MAR20_1862,118,55c0d9d3cdea26e3d6e7272aa4b6e222883d8ba2ae6001abc4bace5f1a43dbd4,3,3,ok
train,shiyan/data/labels/train/MAR20_1863.txt,MAR20_1863,238,fbefeb4915bc70119acc02b353185c7c772c32ebf121a9a7e4ca0e3fb2ca9984,6,6,ok
train,shiyan/data/labels/train/MAR20_1864.txt,MAR20_1864,157,0faf3128547b7b980e6ef0346b8f69d80219a847d50eba7b17e0e2ee56dc15b1,4,4,ok
train,shiyan/data/labels/train/MAR20_1865.txt,MAR20_1865,238,2642ed86d328c1955733f9ca4c07e6afc5d7c43e1c24711d30feaedd296da0c2,6,6,ok
train,shiyan/data/labels/train/MAR20_1866.txt,MAR20_1866,37,543c9cc596d4448061b8162bda21f9cadb0b2f355817e541cb34604d1700d663,1,1,ok
train,shiyan/data/labels/train/MAR20_1867.txt,MAR20_1867,198,b24bb7824557119040b3c618d026a6d77259889a734b85e8b7e5b1e514153bb4,5,5,ok
train,shiyan/data/labels/train/MAR20_1870.txt,MAR20_1870,198,c7d3b00d53a70fa09829801c6c3a38c5e1200a8149cb8e6cb9e772c4be970ea7,5,5,ok
train,shiyan/data/labels/train/MAR20_1872.txt,MAR20_1872,118,a2c8657d440aed38cb74de6ebf22126e0e1c8c50ed4d968dac043feb3ce5da22,3,3,ok
train,shiyan/data/labels/train/MAR20_1873.txt,MAR20_1873,76,aa3855172f8c9b21817e01b0677f2cd0badc88c9a4e5d62baf340df707ebaef5,2,2,ok
train,shiyan/data/labels/train/MAR20_1876.txt,MAR20_1876,38,b2737602ab062ad6484c4def99359923af673fa2e8e319bd2a39309759249c99,1,1,ok
train,shiyan/data/labels/train/MAR20_1877.txt,MAR20_1877,158,a1f637068cc250f4f0735fe39ed21552a84cbd561642d5ad7aa6a69eaae1713b,4,4,ok
train,shiyan/data/labels/train/MAR20_1879.txt,MAR20_1879,198,f7510a07f3f1f6c2eba82f677bc9df8989a13f8f700c633e1910d8071c3f63aa,5,5,ok
train,shiyan/data/labels/train/MAR20_188.txt,MAR20_188,78,43c1f4b96ea799f46bf730659b184d6bf8cc0365a5229f613bc8eaba634a4baa,2,2,ok
train,shiyan/data/labels/train/MAR20_1881.txt,MAR20_1881,318,f5a7ee9f12fdef113274635a0fe84dbb84df6a049b039ddc86caac36fa6dba67,8,8,ok
train,shiyan/data/labels/train/MAR20_1882.txt,MAR20_1882,318,28f06b01a02d262fd289c2d327a6a739309a4e2ad528e23527f401db8930c732,8,8,ok
train,shiyan/data/labels/train/MAR20_1883.txt,MAR20_1883,76,2230e7f71107a00f13b0ced71ca666f8fe52a7e278e99db180f6481659bd5ecb,2,2,ok
train,shiyan/data/labels/train/MAR20_1884.txt,MAR20_1884,37,30e78206b1d112d7237e6b9c7e7f77813196e2d98f9dc0a5865c3c5ab3e0a673,1,1,ok
train,shiyan/data/labels/train/MAR20_1885.txt,MAR20_1885,318,47f1348df638e8f8ac2f38aa4a37666bb54293e31248bc3528930ddb0ff9d9ae,8,8,ok
train,shiyan/data/labels/train/MAR20_1889.txt,MAR20_1889,38,d30d382aff23288ee32b5f692f2d32ff7830b5d0bfaef1bf8fac08a6ebeb620d,1,1,ok
train,shiyan/data/labels/train/MAR20_189.txt,MAR20_189,238,5beb883e64e1ee414643e1dde643c81177307646016e7e8f1426393376ec9bea,6,6,ok
train,shiyan/data/labels/train/MAR20_1891.txt,MAR20_1891,238,5b5ffab3e499be04938d4dfd187e46aadd2f811a49a654c5b6c89ae4d1a451a2,6,6,ok
train,shiyan/data/labels/train/MAR20_1892.txt,MAR20_1892,238,ba35e3e318f90edbcd36efbe57a533c5071ffd9aec093621dd8b095b39b0dbc0,6,6,ok
train,shiyan/data/labels/train/MAR20_1893.txt,MAR20_1893,78,478a778b72632f28a98412a3d35ce7f31a10e384d99c2aaa4c069ddcdf8e1524,2,2,ok
train,shiyan/data/labels/train/MAR20_1894.txt,MAR20_1894,278,f3783724fd06a3a63b8778626f0723db61e18e61423ca904fe180e6af6aeef35,7,7,ok
train,shiyan/data/labels/train/MAR20_1895.txt,MAR20_1895,238,b9b30016489c6da4820f87c76360d5c0c59aed76bc2cdb86f1b03d8bbe60c902,6,6,ok
train,shiyan/data/labels/train/MAR20_1896.txt,MAR20_1896,271,564ad9a61e8e80994510b1a6e547f3ea1c03e4c40e7d41ef9c2a1973b7ad5237,7,7,ok
train,shiyan/data/labels/train/MAR20_1897.txt,MAR20_1897,154,8f6aba8bc37bfab7de0f06af56a3fe5978e6b24a69ac4703fdbfd57e1d91869e,4,4,ok
train,shiyan/data/labels/train/MAR20_1898.txt,MAR20_1898,318,6d799f06c1479080026fd11a2e8d3eb6364376e6539f52d8d89e12e950015066,8,8,ok
train,shiyan/data/labels/train/MAR20_1899.txt,MAR20_1899,272,1da8757660756aaea2de41ab5a484700fbeb95f2a702d83a51659d3039d29fb0,7,7,ok
train,shiyan/data/labels/train/MAR20_19.txt,MAR20_19,198,07ff2bbe5d97f3f6cf3d531594c51dccdb62160a2d5fb6c50fdebfd819f41987,5,5,ok
train,shiyan/data/labels/train/MAR20_190.txt,MAR20_190,318,b802ce71b5f3d04a55018157b58c6e15cff2589ca19b5b7e4b722df49ddf3841,8,8,ok
train,shiyan/data/labels/train/MAR20_1900.txt,MAR20_1900,232,6bcd6429f5530512f553ade9a3484d8d6a8af91ac50299ac53ad7209c5157587,6,6,ok
train,shiyan/data/labels/train/MAR20_1902.txt,MAR20_1902,234,9763ec8df51808c15f7c89ba50f9a5122424f4b91132ef6b72dea25ed9765233,6,6,ok
train,shiyan/data/labels/train/MAR20_1903.txt,MAR20_1903,154,f45a0de202cdbd856242b08b0ad6aec2a6003990b3ed0dd7903158a468ea7c52,4,4,ok
train,shiyan/data/labels/train/MAR20_1904.txt,MAR20_1904,278,840aa9e8c9572c49b00f965b90024489a553f04d766f141a77f7be31be4aad37,7,7,ok
train,shiyan/data/labels/train/MAR20_1905.txt,MAR20_1905,198,3cc7157c8f62d7f3e5b7519f183fdd8b4bcd54a18736274020788740f95c037b,5,5,ok
train,shiyan/data/labels/train/MAR20_1906.txt,MAR20_1906,318,4977e2c3f5869874b7fbe635b7678584c5a8f87dfa3f4b1241012d8b4952fafb,8,8,ok
train,shiyan/data/labels/train/MAR20_1907.txt,MAR20_1907,238,5bf5b604ce4a312af69bf3de90e19e7cbb4e4af7a980b57fd922ed61f6890c7f,6,6,ok
train,shiyan/data/labels/train/MAR20_1908.txt,MAR20_1908,278,2b5cdfec1a4c1a49e0a1c8c50ae6d48fe7f22e883cb16d8fee4534778c225b2a,7,7,ok
train,shiyan/data/labels/train/MAR20_1909.txt,MAR20_1909,158,a119dc4de8da97ed1e2b0eb60a189660f5d852477e2f0e762c37a484f802c52b,4,4,ok
train,shiyan/data/labels/train/MAR20_191.txt,MAR20_191,115,f9d1e51f9f70df4d8fbd1c33e0bd4716745a29d47e137c490b09817f60678f7c,3,3,ok
train,shiyan/data/labels/train/MAR20_1910.txt,MAR20_1910,278,7414bab22dbfffc939ca7d08f524bff4198e94d3b786b03d193875f2f6b25109,7,7,ok
train,shiyan/data/labels/train/MAR20_1914.txt,MAR20_1914,118,b3793f704c6587f15f127141140769e598af77dc681821b71526671190c537d2,3,3,ok
train,shiyan/data/labels/train/MAR20_1915.txt,MAR20_1915,238,290c3582dd30b919ea8cf8b25d407bc3dba4ba12577f1db81f8beac49e585b1a,6,6,ok
train,shiyan/data/labels/train/MAR20_1916.txt,MAR20_1916,118,896fcee282355c721b2154029a8784819a53c0af28c8046d10f962067872e01d,3,3,ok
train,shiyan/data/labels/train/MAR20_1917.txt,MAR20_1917,118,2bb63633e787419b85e7aa3e4f799d8ef2d75b28d31b35103d9f0317304b3f4e,3,3,ok
train,shiyan/data/labels/train/MAR20_1918.txt,MAR20_1918,78,35d241a246f07d50a81fb7f2c0dcfeae6d3ac2ea56ef6a23fca316402a30f96a,2,2,ok
train,shiyan/data/labels/train/MAR20_192.txt,MAR20_192,38,57be83cc1d8bc20fe3dc98ee757663ef91f64f884ef9f020f714fd015c373612,1,1,ok
train,shiyan/data/labels/train/MAR20_1921.txt,MAR20_1921,158,584fa466fe3a195e7924056d784f4c347d04b688e4b3194a458fcff1fddde9b2,4,4,ok
train,shiyan/data/labels/train/MAR20_1923.txt,MAR20_1923,238,df20568ba2ceda0ca70f3c49250dbb40b29236b84f3a1e12e1058f06ee87588c,6,6,ok
train,shiyan/data/labels/train/MAR20_1924.txt,MAR20_1924,194,bfd8504c2c9256503fc906cae816c04e74b1ad5b5a448f344afeaf9bfa7266f4,5,5,ok
train,shiyan/data/labels/train/MAR20_1925.txt,MAR20_1925,505,2ea336dd1471717b1bc99e695e5a75c829cc1dd8270c882849235721a613ab37,13,13,ok
train,shiyan/data/labels/train/MAR20_1926.txt,MAR20_1926,78,8272fe636955b975d00e881ff3bf3711489db32df2b6570cd8c1804d6a24bb98,2,2,ok
train,shiyan/data/labels/train/MAR20_1927.txt,MAR20_1927,758,bc3f4a9b4236f1be9f776c91cd81835d88eeee841c0233cf03f5132df81d6c3a,19,19,ok
train,shiyan/data/labels/train/MAR20_1929.txt,MAR20_1929,238,5162da4cf837db9c9d99ebb3d27bcab0456fbff32e4f73172f520a41d50989e9,6,6,ok
train,shiyan/data/labels/train/MAR20_193.txt,MAR20_193,278,4a907fa514a3b1ffab9c56abcd9f891369cba42c3268fc3f9f6132def0591349,7,7,ok
train,shiyan/data/labels/train/MAR20_1930.txt,MAR20_1930,598,9ecde610b1013bc8e7deffb4079e95e272915d7e3628a965005d401d2792b622,15,15,ok
train,shiyan/data/labels/train/MAR20_1931.txt,MAR20_1931,817,03cf56bb87148873cf619eed1ef2d16471e54f2a22e458e115b565b4381fe462,21,21,ok
train,shiyan/data/labels/train/MAR20_1934.txt,MAR20_1934,557,78a6fba1c21a335c7c203fc411665664083e309080faec2ff5af88a5c56a7d44,14,14,ok
train,shiyan/data/labels/train/MAR20_1935.txt,MAR20_1935,78,0724407e8127fc4fc7570b050f86a31bcc1e02a8cb58a18c2f8ab697f0631b77,2,2,ok
train,shiyan/data/labels/train/MAR20_1936.txt,MAR20_1936,478,ca9023ba1defd864d9d26dcd0f16c9a4357272bda7832abb90af269d5a8d76c4,12,12,ok
train,shiyan/data/labels/train/MAR20_1937.txt,MAR20_1937,78,ed1d2706c25d456bfbb5663fe741cb8314e3b9930e68f6d6b537b0b9dd3afbed,2,2,ok
train,shiyan/data/labels/train/MAR20_1938.txt,MAR20_1938,37,0ec1adc841807b1e5f91174181f63de5b5757ddfb3616ac765dd7d3821f4e36c,1,1,ok
train,shiyan/data/labels/train/MAR20_1939.txt,MAR20_1939,238,4e84a4ee23898475c5af31f9bfcddab98708c64957db6962d79ec39990d739c9,6,6,ok
train,shiyan/data/labels/train/MAR20_194.txt,MAR20_194,38,b76d6bf3565fcf2f39342588be23ebf0fbb375a9618f01638c29cf0362b0b257,1,1,ok
train,shiyan/data/labels/train/MAR20_1940.txt,MAR20_1940,232,46b85f7566c66e4d308d3ffcba7c7c7f15a4ac2e1c88eed7842276577045c4c6,6,6,ok
train,shiyan/data/labels/train/MAR20_1941.txt,MAR20_1941,238,5b04eae4ec68b33b860ea56527550055803f866e5859a74ae10a4b392ae037c4,6,6,ok
train,shiyan/data/labels/train/MAR20_1943.txt,MAR20_1943,478,b270f474df7e1efe8b4afc36fcb669a9ae6d8a10dc585238e79c32c5f03a7c90,12,12,ok
train,shiyan/data/labels/train/MAR20_1944.txt,MAR20_1944,238,e8675e8c0ebc4c4d654fb083d33193dbb867a8cda8cf8e3b1666cbde68ed11af,6,6,ok
train,shiyan/data/labels/train/MAR20_1945.txt,MAR20_1945,118,75422a3826dd4a09828dde3ea87528afa76ae6eab8d607804c23cf58e295b447,3,3,ok
train,shiyan/data/labels/train/MAR20_1946.txt,MAR20_1946,115,77b3d30214df77217f5668334a516f40ac2cf9a180adf161ba06168f228422cb,3,3,ok
train,shiyan/data/labels/train/MAR20_1947.txt,MAR20_1947,78,9420b7b8d282d12d7a455e53a1862fa5cf5a94e3002c9d4afc252b4c0f177f36,2,2,ok
train,shiyan/data/labels/train/MAR20_1948.txt,MAR20_1948,238,8720041f77aee54fc37a794ccdec6a441a6f9fc4486010b0cf88af52c5214589,6,6,ok
train,shiyan/data/labels/train/MAR20_1949.txt,MAR20_1949,118,30b69a478b0f97f64761996a0ebb6b94c8f331e190ac78bb100eccdd737ef29c,3,3,ok
train,shiyan/data/labels/train/MAR20_195.txt,MAR20_195,38,e5659f2eaff30fc1882d80a576469d6eb34f7e41bbe1ba75ecae5f2cc0cda1d3,1,1,ok
train,shiyan/data/labels/train/MAR20_1950.txt,MAR20_1950,118,6e35dba4133c063bb3c630ae5bfb813a2903e72809da8c2224e7f83804d07dad,3,3,ok
train,shiyan/data/labels/train/MAR20_1951.txt,MAR20_1951,118,fd4092044e04e0869234ac714ace2982bfed4e945c8de6e575744d01a0bb8ea3,3,3,ok
train,shiyan/data/labels/train/MAR20_1952.txt,MAR20_1952,197,32d912fb6d1fa9255346ef9ce9646a23272028102f38156e7cfb9093f8800a70,5,5,ok
train,shiyan/data/labels/train/MAR20_1953.txt,MAR20_1953,278,139072220028fa874865a733fb8e4b12e53bf6799223eaa0df542ef723c30401,7,7,ok
train,shiyan/data/labels/train/MAR20_1954.txt,MAR20_1954,78,dcce018f0ad3d62beb74b15ac9e3932cd6a9535208626ffc5c47c4cebf984475,2,2,ok
train,shiyan/data/labels/train/MAR20_1955.txt,MAR20_1955,193,490e856a6421627aa40204e3981cdfaa45e5d07a997eb1f831960f72a44ed751,5,5,ok
train,shiyan/data/labels/train/MAR20_1956.txt,MAR20_1956,198,c034fb56775c1152a9e50ce7e3d54253451ef8bb173d24fb8f0de47ff90afec3,5,5,ok
train,shiyan/data/labels/train/MAR20_1957.txt,MAR20_1957,115,5411bfec04932805e50821e2510eda2dc48ed04893cd2aed98fc60ec220ad75c,3,3,ok
train,shiyan/data/labels/train/MAR20_1958.txt,MAR20_1958,238,a2e75bece073272b9fcd7d51df6e60f98ebe3a0f66622acbca4440841205a1b5,6,6,ok
train,shiyan/data/labels/train/MAR20_196.txt,MAR20_196,78,6cd65b6de3f94d70049c1841e0d1830a20b840fe292f94486aa8c614aed0b43c,2,2,ok
train,shiyan/data/labels/train/MAR20_1960.txt,MAR20_1960,310,d46da61b6dcef01f285ce3b1a136c9685b90bbedbe80cd671053f613cc0172a3,8,8,ok
train,shiyan/data/labels/train/MAR20_1961.txt,MAR20_1961,158,f9cfabb15b9e05a4ea3c35e8ffaad97ea3c604abdee957d26ba32f0a0d78744f,4,4,ok
train,shiyan/data/labels/train/MAR20_1962.txt,MAR20_1962,115,fe3e394134e576eaaac05085dcaebacff32c463add05c6a25b1682dcd9325ebf,3,3,ok
train,shiyan/data/labels/train/MAR20_1963.txt,MAR20_1963,478,69be9fc81ef3cc86a6952ececdac5d81bdbbd88c77cf74ffe0e628717380270c,12,12,ok
train,shiyan/data/labels/train/MAR20_1965.txt,MAR20_1965,318,4b56b777d0b09b1ab14517260ee96c8026dce6a871427692ff01ae485791e4d5,8,8,ok
train,shiyan/data/labels/train/MAR20_1966.txt,MAR20_1966,238,32edeb3721266dc84e74283f2b0e74fe55a62a182796418f3e5b622b5a9ad479,6,6,ok
train,shiyan/data/labels/train/MAR20_1967.txt,MAR20_1967,118,b7a033d473dae4fbe6d9bb6c459c0644b73d397f33dd9631c6401b8e2fa2f641,3,3,ok
train,shiyan/data/labels/train/MAR20_1968.txt,MAR20_1968,118,1492a234fa31c4a03eefff240967a4473ba6fcc9f3caef9b8b7428765255bc67,3,3,ok
train,shiyan/data/labels/train/MAR20_1969.txt,MAR20_1969,196,658494294e421deed55a1804673b7267bd9038b48e7f7add0f1521542cdd9b6f,5,5,ok
train,shiyan/data/labels/train/MAR20_197.txt,MAR20_197,158,76f6eed1d13df652b60360d68b53229ae13717962309842f13c814eb151d465b,4,4,ok
train,shiyan/data/labels/train/MAR20_1970.txt,MAR20_1970,77,12567b6f39faa2a64008cb90c4378fa8b501eda2de1cfb30f6ebdcb66b30a70d,2,2,ok
train,shiyan/data/labels/train/MAR20_1971.txt,MAR20_1971,118,2479cc8cd6a2b47fb2090dc09a08dd0cb0a1f63528f472abcd11549ff094f055,3,3,ok
train,shiyan/data/labels/train/MAR20_1972.txt,MAR20_1972,318,c0f394b7a2424bc55b0a0af312f7d88534c44104986b1cd989beb9aef9fe0e12,8,8,ok
train,shiyan/data/labels/train/MAR20_1973.txt,MAR20_1973,78,04be93955d2ccfbb51e175158e1dd2b8c4e65227da87e01d44b34ac8833243cd,2,2,ok
train,shiyan/data/labels/train/MAR20_1974.txt,MAR20_1974,238,c9573f6e072c27893fe1d57c4bf57cd7adb27022f413bd74df0f7bc6853c63a9,6,6,ok
train,shiyan/data/labels/train/MAR20_1976.txt,MAR20_1976,195,d8564b09439919e50952a0a089800afee5e908de113a2e5b6b199782dd34a70a,5,5,ok
train,shiyan/data/labels/train/MAR20_1977.txt,MAR20_1977,198,e85a2fea25da065c0925cdb00c674e436b95e6269205b2885176ea048ddaa6ee,5,5,ok
train,shiyan/data/labels/train/MAR20_1978.txt,MAR20_1978,37,275667d05f8e8a6a8cd1c72354843257014b07b7ea688d68cfa624b16deefd5f,1,1,ok
train,shiyan/data/labels/train/MAR20_1979.txt,MAR20_1979,358,9ce2869b3478cea25ff45b09801ac2a2e2dacc7adf6f3e8eefb4508f8e5ad95e,9,9,ok
train,shiyan/data/labels/train/MAR20_198.txt,MAR20_198,118,498ad54cfedebd84dd07b3554bad41144a78860bcf31ae10ec8638d8c2dff6eb,3,3,ok
train,shiyan/data/labels/train/MAR20_1980.txt,MAR20_1980,317,0c70be9e0f86e217167c9103d363981dcee85f3b0857cbc73889a1776a953ca9,8,8,ok
train,shiyan/data/labels/train/MAR20_1981.txt,MAR20_1981,158,60d56aab2cf8b4dc2749006d2782198de40de6dfc0a5b0b74533db8835b321f0,4,4,ok
train,shiyan/data/labels/train/MAR20_1983.txt,MAR20_1983,310,be7c39bdad91f55d475056808b058aeb13e4957e76c763abe74379b145061e2e,8,8,ok
train,shiyan/data/labels/train/MAR20_1984.txt,MAR20_1984,158,81ab817475e08048f5bdbbab72b4f80c941d9f1d66d57310b10e94dcec1e1bc8,4,4,ok
train,shiyan/data/labels/train/MAR20_1986.txt,MAR20_1986,318,703489ccc8e9e068745b78bc9123cee18a736d7b0a16d9af05d2251864ed35a9,8,8,ok
train,shiyan/data/labels/train/MAR20_1987.txt,MAR20_1987,238,f5dda0b44a0a388721e1130cfca419729c4bfe975f8604ea1769de194857641f,6,6,ok
train,shiyan/data/labels/train/MAR20_1988.txt,MAR20_1988,194,2c3d65f75a8883e161029fa3a5c3d21abf5cb55d665340accddac5490b221b88,5,5,ok
train,shiyan/data/labels/train/MAR20_1989.txt,MAR20_1989,198,7a2b0068abd96bd4ca9223a72319359ddd36b28b5473b0215b8126ae702c88db,5,5,ok
train,shiyan/data/labels/train/MAR20_199.txt,MAR20_199,198,65d3fcb482d837820daeebf67d2dd88a86c0086b55e43c64f1d45ff614108c14,5,5,ok
train,shiyan/data/labels/train/MAR20_1990.txt,MAR20_1990,78,bd2fd1481fc9881de906fd257eac45562cc10cc4212d842b212acc7cccd05fd5,2,2,ok
train,shiyan/data/labels/train/MAR20_1991.txt,MAR20_1991,76,bacf4badc3eaca3b1355a6225a1c3538f096a0ac0908eb13b3e1675d5b2f34cd,2,2,ok
train,shiyan/data/labels/train/MAR20_1992.txt,MAR20_1992,198,26845a569f6ed2d2c2667fc01b03ae58b09d48d450e24893fbe742fd72c9141c,5,5,ok
train,shiyan/data/labels/train/MAR20_1993.txt,MAR20_1993,158,9b1e8433f65d64013228b68aa2f227e4270b0e240f4280e103c9bf095ea95e68,4,4,ok
train,shiyan/data/labels/train/MAR20_1994.txt,MAR20_1994,232,e6aac9d67c9f630c8a5e2c04c65fbd32fc46b5e8a2f0fb235af12efa0ae269fd,6,6,ok
train,shiyan/data/labels/train/MAR20_1995.txt,MAR20_1995,438,66300dbdefa1140397ec4e33149b2e6ad88ffef0157461f3ce787bfeb4bc4310,11,11,ok
train,shiyan/data/labels/train/MAR20_1996.txt,MAR20_1996,154,2aad26195de12f47f44021d7782c5cbc08761f5fe7e3b6a5f0031a899b9cb263,4,4,ok
train,shiyan/data/labels/train/MAR20_1997.txt,MAR20_1997,278,0c8b6e33d92928ba4face9d52961b693b2c74caab84c01b6b3e3f59eac280347,7,7,ok
train,shiyan/data/labels/train/MAR20_1998.txt,MAR20_1998,427,e94fd29f79f98068966b28e747bad049325d9e7c3cd807eb84c57a47525c2cb2,11,11,ok
train,shiyan/data/labels/train/MAR20_1999.txt,MAR20_1999,318,028679746034023a91551dd5e93902f4891a08bcfcc56364a55251483def0432,8,8,ok
train,shiyan/data/labels/train/MAR20_2.txt,MAR20_2,157,eba70261a6e45e96f0b4f76015cc24c6f1f504e7c36bc242bdc265b072740bd5,4,4,ok
train,shiyan/data/labels/train/MAR20_20.txt,MAR20_20,118,116bb491853aa29688dc539bb7d952ba270b1d025aebb903c1fbdcdc198b82b4,3,3,ok
train,shiyan/data/labels/train/MAR20_200.txt,MAR20_200,278,7687667b88fba6cf5678ce6844b219e595195687ac87c9de67c25f87a2624708,7,7,ok
train,shiyan/data/labels/train/MAR20_2000.txt,MAR20_2000,238,8b6010e578ad2230d2d6f10edebdbde34d199b98a29647ee0edea1656d7ee674,6,6,ok
train,shiyan/data/labels/train/MAR20_2001.txt,MAR20_2001,118,0f6e9a48493f70dc2bb099d85e2d1a5e53ce21a62b1f03c5179e8d9738d5f003,3,3,ok
train,shiyan/data/labels/train/MAR20_2002.txt,MAR20_2002,193,71c61adfbb05cc29915722281d9d861cdc64022a9f27ad236da68b597b870e73,5,5,ok
train,shiyan/data/labels/train/MAR20_2004.txt,MAR20_2004,313,3925eade1b608472a2b4a98fd38cb104eed6ace209b712d2256d8efbcd620999,8,8,ok
train,shiyan/data/labels/train/MAR20_2006.txt,MAR20_2006,238,d5179bd7c794f1c054fb10aae695e78d675878c26df570ea0004b15d4e13055c,6,6,ok
train,shiyan/data/labels/train/MAR20_2007.txt,MAR20_2007,312,53be22578bac782c02414b77a1981e72c90cc89740661690bc9257b01eec42cd,8,8,ok
train,shiyan/data/labels/train/MAR20_2008.txt,MAR20_2008,78,8bcd7bb831e310ca197bec67794d706355bd70d8933af54483837e0cce8a59e7,2,2,ok
train,shiyan/data/labels/train/MAR20_2009.txt,MAR20_2009,198,15eea7d091e60574e34eac9f148aaa12846f5126d5d553ea120bb5b8daf8662c,5,5,ok
train,shiyan/data/labels/train/MAR20_2011.txt,MAR20_2011,76,96757c732c7ce08f460a4827295e45081bc0baec1b7556acd78ef46d0d7154c9,2,2,ok
train,shiyan/data/labels/train/MAR20_2012.txt,MAR20_2012,278,25e291c00370fc24a866b2cb2e3f2ae1edfb5dab046464e86dfa62120325fbeb,7,7,ok
train,shiyan/data/labels/train/MAR20_2013.txt,MAR20_2013,77,6f1beb10c704e5964968dadad7912c8672a878ef065dc73c23033fea38a792c1,2,2,ok
train,shiyan/data/labels/train/MAR20_2014.txt,MAR20_2014,158,632a7bda78997406a80de14999b6930f3457482082b39c0e33f9aec230f07bfc,4,4,ok
train,shiyan/data/labels/train/MAR20_2015.txt,MAR20_2015,78,e06a6eb4c0a3cc31be27e54a6cef96d5c66732c735b95ddecf9b0a5da0ab12d3,2,2,ok
train,shiyan/data/labels/train/MAR20_2016.txt,MAR20_2016,158,49e81cc90aec336e890130f1615be7635c05419963e49e68e36fae3612c51268,4,4,ok
train,shiyan/data/labels/train/MAR20_2017.txt,MAR20_2017,318,7ac5ac5b133d894b9fc233d98d1f3ad782f8cd8e9920ffb5145be940b1cfd183,8,8,ok
train,shiyan/data/labels/train/MAR20_2018.txt,MAR20_2018,193,6116ca932142e70aa5f5800b609a3b3285e5f1bd597019de6f83b80d1e37c3a2,5,5,ok
train,shiyan/data/labels/train/MAR20_2019.txt,MAR20_2019,78,f5d5aec38c81c7534da2c69166c6a7b5005a012a200f797531a9736b0b32d794,2,2,ok
train,shiyan/data/labels/train/MAR20_202.txt,MAR20_202,158,fbdb4a794194cb7d11a6c177f16bae822c9c30fde6e2c0e211bbc11ab99e47a3,4,4,ok
train,shiyan/data/labels/train/MAR20_2020.txt,MAR20_2020,115,146f0457079b91fcd7b94260c5127e5248029ea069e368d3e8024dd5c440f99b,3,3,ok
train,shiyan/data/labels/train/MAR20_2021.txt,MAR20_2021,237,8144e6d3c078906310fb97b8c6ec2c7bdfbc64d6c38457401b8a131a760da037,6,6,ok
train,shiyan/data/labels/train/MAR20_2022.txt,MAR20_2022,278,f5062f86b5ece57c9fe186e64e1714ec4c41ce77a12ba3d336a64d64427c5962,7,7,ok
train,shiyan/data/labels/train/MAR20_2023.txt,MAR20_2023,630,023ea59f03fa7029b64ab26d33ccf447357699ab08ed212d904352b3c2d88348,16,16,ok
train,shiyan/data/labels/train/MAR20_2024.txt,MAR20_2024,193,b90d5dd3dca6105b5d6a4e1a4ccebfae95992c4433af8af10e6d88d08dee1d50,5,5,ok
train,shiyan/data/labels/train/MAR20_2026.txt,MAR20_2026,198,1fda4aa87bfe5475d9ba8b189e39b8ddcabf591ab7c4bc815f7c6cf5f21aca6a,5,5,ok
train,shiyan/data/labels/train/MAR20_2027.txt,MAR20_2027,278,fe4eca445e2e672d207275a765288a6daf8a10f5b0379b949769f135552d610a,7,7,ok
train,shiyan/data/labels/train/MAR20_2028.txt,MAR20_2028,622,c1bfbf74c2c235f4b81bbe066b46ebd5c5e02ba528c7325b79fd164c8b9cca11,16,16,ok
train,shiyan/data/labels/train/MAR20_2029.txt,MAR20_2029,154,7ee7df6b12c47188da3827b88b46b2d248f3bc861bd3a23d3ae0639df159149b,4,4,ok
train,shiyan/data/labels/train/MAR20_203.txt,MAR20_203,438,25aec3c0b82b7a6cbef6857ad7cde45bc46674aaf6724bbf613f06fa01644aea,11,11,ok
train,shiyan/data/labels/train/MAR20_2030.txt,MAR20_2030,198,524e56a10a33aa6e1ef1f169479d65a1037c95512e78031e1098ee79ecef8c1b,5,5,ok
train,shiyan/data/labels/train/MAR20_2031.txt,MAR20_2031,318,0344f5919b52dcc0fa785774cf2821b0e2aca7821edc491219f2477a97f42e46,8,8,ok
train,shiyan/data/labels/train/MAR20_2032.txt,MAR20_2032,38,86f26892b9d14dda06fe9ed5709744c327a8c80d90843f349f9769cb717237a4,1,1,ok
train,shiyan/data/labels/train/MAR20_2033.txt,MAR20_2033,318,fe54dfec8314088ceb4837aa6ba33cb50182b33ad9c3eef18f825fb2298d8214,8,8,ok
train,shiyan/data/labels/train/MAR20_2034.txt,MAR20_2034,154,a1a9afc726210042178b854af79a3a806170385636a17bbaefd6ffa773032c36,4,4,ok
train,shiyan/data/labels/train/MAR20_2035.txt,MAR20_2035,398,35a0f2b7b1aeb2818e6446069b39bab46688e60a1e87c59e74a84e0b0a6cae03,10,10,ok
train,shiyan/data/labels/train/MAR20_2036.txt,MAR20_2036,78,2c0a40db642354ccdb29e59639e13de8b7e718bcbf71ca2d5188b313c5b4ac64,2,2,ok
train,shiyan/data/labels/train/MAR20_2038.txt,MAR20_2038,278,582997596b76ee3ee556082d05cf1551a887a8681f1b845c88c9f89a70a519e8,7,7,ok
train,shiyan/data/labels/train/MAR20_2039.txt,MAR20_2039,158,f7ff28205d509eb8c5d3c41e353f99cceee0c57ee4e6b4712309ccb880900480,4,4,ok
train,shiyan/data/labels/train/MAR20_204.txt,MAR20_204,78,96236b1aeaa3aac54423f6d228366b1982e9954b0e3efd01c0ba98fa431af721,2,2,ok
train,shiyan/data/labels/train/MAR20_2041.txt,MAR20_2041,918,b78f720da6179beff3788690e364c694514d1512d2385e448ea1928e39769810,23,23,ok
train,shiyan/data/labels/train/MAR20_2042.txt,MAR20_2042,238,6aca122a5b569bf14a3dc63423a7a3e984619aba0b6e25def2bd89ad61510ba0,6,6,ok
train,shiyan/data/labels/train/MAR20_2043.txt,MAR20_2043,238,cd020edccec32c632fc49c0bcf5c08f8d443a3abbc2224a7fb1c2eb002d818b3,6,6,ok
train,shiyan/data/labels/train/MAR20_2044.txt,MAR20_2044,37,2e8e1035755fd3c303a4e45e78c95699c2af592dfc2d1a14269ed1696b595206,1,1,ok
train,shiyan/data/labels/train/MAR20_2046.txt,MAR20_2046,158,a296beff997b78da301a4302f8c3d1bb8d40aeb529b506dee90e1e0c371cc339,4,4,ok
train,shiyan/data/labels/train/MAR20_2047.txt,MAR20_2047,77,9bbef746f50fe1ec6fc5809feb9b2d7f0295ebc9d5a36227d80015abc5b4add4,2,2,ok
train,shiyan/data/labels/train/MAR20_2048.txt,MAR20_2048,198,c6e8887df54bf70b1bf30621503d7488c4766f72da8dcda57bd7e46634debbfe,5,5,ok
train,shiyan/data/labels/train/MAR20_205.txt,MAR20_205,318,ba743cdea8d17d6957c60231ec9f3671ff1d70a7f22de40d8c51135907df595d,8,8,ok
train,shiyan/data/labels/train/MAR20_2051.txt,MAR20_2051,238,4ddd1b7bd362fda4b6872bb33d757534e3702f23828b2dece84bc020ea44b6fc,6,6,ok
train,shiyan/data/labels/train/MAR20_2053.txt,MAR20_2053,193,60da7d47e4ea106413100db11e032f2ec110ef422525f2d2bae2f9de3bad1ad5,5,5,ok
train,shiyan/data/labels/train/MAR20_2054.txt,MAR20_2054,349,0fae61eeed031b0da4690910ba8a3158cd657ce1ccf1018290e4cc16ef6b6684,9,9,ok
train,shiyan/data/labels/train/MAR20_2055.txt,MAR20_2055,193,9d31b26993d4c72a03ad3cedcf3a4f7cbb3df90449bf5cfb41ffb6634fa12811,5,5,ok
train,shiyan/data/labels/train/MAR20_2057.txt,MAR20_2057,598,a9dc04909d9d1dc560d95273d741224f9f892846b107cced4cecc8d316789a27,15,15,ok
train,shiyan/data/labels/train/MAR20_2058.txt,MAR20_2058,198,dffc3d22b22ee111b12337b1a4ec351b5531e2f7ca3a6115e48504e1ca8bcdfc,5,5,ok
train,shiyan/data/labels/train/MAR20_2059.txt,MAR20_2059,389,77e62726dfc9517d968a3870d8e7ec6d8ea1bdf86b74e2a1a616f7e490f0809d,10,10,ok
train,shiyan/data/labels/train/MAR20_206.txt,MAR20_206,276,3d2f2bbb3d6671ccfda01b1f41cb7fa089984fe2ab9d08f42d8f7268060dcf45,7,7,ok
train,shiyan/data/labels/train/MAR20_2061.txt,MAR20_2061,518,1c3a9c6b4dd1a8a0fa9ac6eb2092dab73d6287bfa395e4cd30afb3198e37cd70,13,13,ok
train,shiyan/data/labels/train/MAR20_2062.txt,MAR20_2062,158,e3b41327cca82db14b54d76e373e70a00e5688953720f1f43fd437f14dc58cba,4,4,ok
train,shiyan/data/labels/train/MAR20_2063.txt,MAR20_2063,198,54c2ade16467356fd26237de9cfd62ee44a7a69d89df2213ec3d348d956a7d74,5,5,ok
train,shiyan/data/labels/train/MAR20_2064.txt,MAR20_2064,198,b02cb53aba45c80bd2bcac7ff7bb6f404f7d4089eed27f2aa797691637bf923b,5,5,ok
train,shiyan/data/labels/train/MAR20_2065.txt,MAR20_2065,558,bf981633836ee9aafadee718e41aac884c0b28bcad6d64cbe6b46c441abb7141,14,14,ok
train,shiyan/data/labels/train/MAR20_2067.txt,MAR20_2067,238,2e82dd75788a736d7034030b385328563c6a39aad4b43718acfa3faa3fda7574,6,6,ok
train,shiyan/data/labels/train/MAR20_207.txt,MAR20_207,277,1744b81ddfdf9efa438bb6ce803e416dd4d0e0f41d8bc66771aa683007c0d868,7,7,ok
train,shiyan/data/labels/train/MAR20_2070.txt,MAR20_2070,78,09a4f0387f712ff826fdc87bc906595eff75481c97ae0f2561abbd0689e6dcda,2,2,ok
train,shiyan/data/labels/train/MAR20_2071.txt,MAR20_2071,198,49f13fb9590cf555dfcdbddf4b331da5be1d8998f6e0fe16548da4809434f672,5,5,ok
train,shiyan/data/labels/train/MAR20_2073.txt,MAR20_2073,158,d35102ffc82f34b7ac7c6056ba8f729e302699664d1ae2b8f2c2f9fb1aab2c77,4,4,ok
train,shiyan/data/labels/train/MAR20_2074.txt,MAR20_2074,118,6eb391b688b958c1fd1b11cb0d191eca1a133c9491cf683436b84a1ee99d6934,3,3,ok
train,shiyan/data/labels/train/MAR20_2075.txt,MAR20_2075,78,2dcd688895af563c026627af1830161173419b6a32d9dafb1e04e50d5d4cda9e,2,2,ok
train,shiyan/data/labels/train/MAR20_2076.txt,MAR20_2076,232,5699073ecc2f38f5d2656b4f6b8e909fbe3bc0171e523f287586962c63ff341d,6,6,ok
train,shiyan/data/labels/train/MAR20_2077.txt,MAR20_2077,318,5e64c16cbc27ad9fb2a34e1fa6c796992b87c6dc457a49e2a76c4460b224ff6c,8,8,ok
train,shiyan/data/labels/train/MAR20_2078.txt,MAR20_2078,38,f0e3049423d84de1ab564e55543b1a541851cad3927e03c757d02f54bdf00f9e,1,1,ok
train,shiyan/data/labels/train/MAR20_2079.txt,MAR20_2079,238,8e33a561a7ddfefe64bb6ef58fe6591fbbf4fd44c2be25f5bcece7f0def267a3,6,6,ok
train,shiyan/data/labels/train/MAR20_2080.txt,MAR20_2080,158,b106c5e879ee932e69314681d9fa8bdebc256bad80ce72a1c62196e0f82701dc,4,4,ok
train,shiyan/data/labels/train/MAR20_2082.txt,MAR20_2082,158,0c6faa59bbc30e4c78806ed287087d1f3ce164a94daaa21850b53df0ded50513,4,4,ok
train,shiyan/data/labels/train/MAR20_2083.txt,MAR20_2083,158,41074db204c4414f1ab522681f7c50e1adafba3bf30fc3470db3ccc849a56dcc,4,4,ok
train,shiyan/data/labels/train/MAR20_2084.txt,MAR20_2084,158,6c0523cf952b9543601368358f6a583789341fc5cc73699fc4ad391305a81185,4,4,ok
train,shiyan/data/labels/train/MAR20_2085.txt,MAR20_2085,398,dc06286e30d605a543219b6bbda72603f1b41f1bc0b4b2644b2d7b056cf31564,10,10,ok
train,shiyan/data/labels/train/MAR20_2086.txt,MAR20_2086,118,cae77b9158402cbc2fac39cd163b644bfa8be2612c35ba0d599432521edacc42,3,3,ok
train,shiyan/data/labels/train/MAR20_2087.txt,MAR20_2087,158,2c8b657717dfe8ea259f88ec1e87b474c5af2fd2fe9bed4e491c3bb16aef202b,4,4,ok
train,shiyan/data/labels/train/MAR20_209.txt,MAR20_209,196,f4401022cdf16b1fcd1f69dff9d047972914281b80e0758e1f8338c4fdde1e33,5,5,ok
train,shiyan/data/labels/train/MAR20_2090.txt,MAR20_2090,198,4c72a231c00c9859521118967c49af8ee05a12433a7160ad1168a5c2a49288c7,5,5,ok
train,shiyan/data/labels/train/MAR20_2091.txt,MAR20_2091,158,418abc9de5aa9aca992823ad6e9218bc8a4d7a7e0560be610360edb7a9e68cb4,4,4,ok
train,shiyan/data/labels/train/MAR20_2092.txt,MAR20_2092,118,590e73d923ff61b7b9554f389f3e59b7c628b47b57f5610051be12f10c278edb,3,3,ok
train,shiyan/data/labels/train/MAR20_2093.txt,MAR20_2093,158,8f5aa3971f1997aa84df6963338772a856c0e159173d8e6964489ade5a5b5c40,4,4,ok
train,shiyan/data/labels/train/MAR20_2094.txt,MAR20_2094,157,870dce767efbf425b4c430bb538a27dccb677e6483e12f59b49ade93f211f0e3,4,4,ok
train,shiyan/data/labels/train/MAR20_2096.txt,MAR20_2096,115,bf8673fd4a4980bdcd9e748ec6c8ed0e8e6426b7850b4811a195c1e2583b00c1,3,3,ok
train,shiyan/data/labels/train/MAR20_2097.txt,MAR20_2097,115,7d510db18c868f51a90fe2a182a91d2c8579bc7692753516d8bd027fc5cf6919,3,3,ok
train,shiyan/data/labels/train/MAR20_2098.txt,MAR20_2098,278,450da51bb75935867f382fd81c6439b66a1172ab3f10da95c4cda14ed0b3ef29,7,7,ok
train,shiyan/data/labels/train/MAR20_2099.txt,MAR20_2099,198,7fac7bdfe891f4bededcdb12a009576910aae05680c20b093b978ae5582882b7,5,5,ok
train,shiyan/data/labels/train/MAR20_21.txt,MAR20_21,558,e6fab2aea821130ca7f4227fcd1d95615086c379e322f2bb0574184241e86867,14,14,ok
train,shiyan/data/labels/train/MAR20_210.txt,MAR20_210,556,6585ed18184a21931bda0023a1e47aaba51a055a69a731a1c42eabd7661238ee,14,14,ok
train,shiyan/data/labels/train/MAR20_2100.txt,MAR20_2100,158,11898335ae36a8eb2f5ef1e6f9694fdf581673ba1ffcf97adaf7584e9d503dfc,4,4,ok
train,shiyan/data/labels/train/MAR20_2101.txt,MAR20_2101,158,43a18bbfa54f4c5aaeb8367a7016f34182e59cbf6cce71ca948b1c30771f9546,4,4,ok
train,shiyan/data/labels/train/MAR20_2102.txt,MAR20_2102,38,a2dc673873c5ce68d9d94bb0f89b6db0f153e7da43ecbae5029614bbc20ae57d,1,1,ok
train,shiyan/data/labels/train/MAR20_2104.txt,MAR20_2104,271,60971a25435d3262f1c863b0a78a4aa2cb24d777898efbb2b64894e466cc7b8a,7,7,ok
train,shiyan/data/labels/train/MAR20_2105.txt,MAR20_2105,118,4c9ccc9911d2910ebda6104bc5fef9bcacf064aff1de3ba1463540015fea7218,3,3,ok
train,shiyan/data/labels/train/MAR20_2106.txt,MAR20_2106,158,575652afeba86c2de6d1212184228ab8d8fa6899cf6aa057773e56b38c1da83f,4,4,ok
train,shiyan/data/labels/train/MAR20_2107.txt,MAR20_2107,194,c25f83c50f5a78b30689cbb7f902444f6743854762dcefeabed176e36f210155,5,5,ok
train,shiyan/data/labels/train/MAR20_2109.txt,MAR20_2109,395,fdaf37c915573dd30d2b497dd04d6b5fbd3b3bff6ff87042f6ec33f2de800b5d,10,10,ok
train,shiyan/data/labels/train/MAR20_211.txt,MAR20_211,474,2b712850a9b2fbe2e17ec4277d15262d008f0047ed7b5dfac012fa2b8af5fca4,12,12,ok
train,shiyan/data/labels/train/MAR20_2110.txt,MAR20_2110,318,f4120b466b8c8f22eef85f90b239dc28efc90fd5ced699286fbbd2160680658b,8,8,ok
train,shiyan/data/labels/train/MAR20_2112.txt,MAR20_2112,78,fc258abf482431f60ab1c8667a9c31468dd25cfd75250e12445d612cf97daf82,2,2,ok
train,shiyan/data/labels/train/MAR20_2113.txt,MAR20_2113,118,f83c215808e52376401ad9c6623ad7fffd448c16bb9586a5125a5dbde285dfc1,3,3,ok
train,shiyan/data/labels/train/MAR20_2115.txt,MAR20_2115,505,f8a52e912ca41314eeb124a598509692d1784ae6b8eb6b770de90f9fac70a0b3,13,13,ok
train,shiyan/data/labels/train/MAR20_2116.txt,MAR20_2116,278,dace8e7f0c7c5efc453dccc2ddbcf8a1cf6058a18748574da4c990926517d7fc,7,7,ok
train,shiyan/data/labels/train/MAR20_2117.txt,MAR20_2117,37,226bf3d9f1185b2872e17d972a6f79b6a3c121e6e33803263477303648a9270f,1,1,ok
train,shiyan/data/labels/train/MAR20_2118.txt,MAR20_2118,438,07f58030adebc288c13c193c67d298e610767ed1d8d4c0cad2dae625b0e050e6,11,11,ok
train,shiyan/data/labels/train/MAR20_212.txt,MAR20_212,117,c31eaa917cea75901910b5de9be3154ba48d76e7b768759e62b44f20e38a2d4b,3,3,ok
train,shiyan/data/labels/train/MAR20_2120.txt,MAR20_2120,817,7485204c7841245bc7fb5e668a84aa464cf991280106826da664202d78a55391,21,21,ok
train,shiyan/data/labels/train/MAR20_2121.txt,MAR20_2121,118,ed30d6b5d9b5a07fdd6f92f8613b74492a62fa475323b1839e67eb2f34739d00,3,3,ok
train,shiyan/data/labels/train/MAR20_2122.txt,MAR20_2122,158,ea3f5ce1f8606d168b480433357aa2e4cf0f70e1c1501d0de517b426ab076568,4,4,ok
train,shiyan/data/labels/train/MAR20_2123.txt,MAR20_2123,78,9e1644ad9918fa0123d7c805e2146aa1f32766deb116aedb480f330768dcaca8,2,2,ok
train,shiyan/data/labels/train/MAR20_2124.txt,MAR20_2124,238,619b2d4865cdd2b8c519869363d8ab0f4dc8e2fadc1d6bdc48edabe63e6d30e3,6,6,ok
train,shiyan/data/labels/train/MAR20_2125.txt,MAR20_2125,158,3dd711a944eb118cf8c0ddb67637b298604c3484ad4f98ef6ec2c034ac711858,4,4,ok
train,shiyan/data/labels/train/MAR20_2126.txt,MAR20_2126,78,7a3f4825bc41d3811cadeca6312c981356f774b74ee53104d77a4f24034b4a0c,2,2,ok
train,shiyan/data/labels/train/MAR20_2127.txt,MAR20_2127,118,64c1966491a8260a5c75a9d6fd385d16e75f9eb2103e3c6e377eaa42888adc0d,3,3,ok
train,shiyan/data/labels/train/MAR20_2129.txt,MAR20_2129,672,b8b22f219afc582d03d3aa0008f19a62d307e8d56f445e568743cdd7fe5232e3,17,17,ok
train,shiyan/data/labels/train/MAR20_213.txt,MAR20_213,156,d51e018821f811cc709b0a2abe70e9a8d8d3545bbcc812414e3d28b3083bcd38,4,4,ok
train,shiyan/data/labels/train/MAR20_2130.txt,MAR20_2130,278,3bcd4fff3e96aa5b232dac2eedaeb6de42af58c7bcb55d254f6d1d5c5201029e,7,7,ok
train,shiyan/data/labels/train/MAR20_2131.txt,MAR20_2131,558,cabf158c6b7e821b1d3bb03af3b030e1577aa03b9660677aa00da4f5c593a211,14,14,ok
train,shiyan/data/labels/train/MAR20_2132.txt,MAR20_2132,271,3b1d9d5feb3ee41b909431153abce0498d472c1338dfd4bdd93521f69f3dab53,7,7,ok
train,shiyan/data/labels/train/MAR20_2133.txt,MAR20_2133,118,71056fa38557fec1f2f12fed3b90a6b5c0bc356e94b33ace976e4cd31bef5e86,3,3,ok
train,shiyan/data/labels/train/MAR20_2134.txt,MAR20_2134,318,3d3b81b7464d410b64daa7eba4334e86e8d2dfda7c94d8c57811a17c7b06c51d,8,8,ok
train,shiyan/data/labels/train/MAR20_2136.txt,MAR20_2136,158,021bccf52e4f339216088c7c1c0e607e45ceb537e2d986216200cc7965f3d4e1,4,4,ok
train,shiyan/data/labels/train/MAR20_2140.txt,MAR20_2140,118,39643fefff4609b3454938ba967c5a47d24ba6d5da8df9133d9caac8ffc3de86,3,3,ok
train,shiyan/data/labels/train/MAR20_2143.txt,MAR20_2143,156,54c85fff4f65ca4c34b44831f5933bacf87673b10f81d846ee04841e2aff2133,4,4,ok
train,shiyan/data/labels/train/MAR20_2144.txt,MAR20_2144,598,678fea4f1002b731a2296d85fbf59ba265e32ce6dbf82807eae13a4841d54680,15,15,ok
train,shiyan/data/labels/train/MAR20_2145.txt,MAR20_2145,198,4fcf4fb83dfb2bf64e420c8ea61ef8cdc2355608e6a305c7cccfc9590313aaa3,5,5,ok
train,shiyan/data/labels/train/MAR20_2146.txt,MAR20_2146,158,a05e71f6b62c030e992bdf58cf974cde74149dce5937d378e8a5b4da8dd14e71,4,4,ok
train,shiyan/data/labels/train/MAR20_2147.txt,MAR20_2147,238,9fd2c992699d016554a49d627320fb7acb2716a4a059ca0646f27ee2832f1aa3,6,6,ok
train,shiyan/data/labels/train/MAR20_2148.txt,MAR20_2148,78,bf54c7fa092150fe66096aa62a4b7827591aa54c8c361d00709e70e534dd6ad4,2,2,ok
train,shiyan/data/labels/train/MAR20_2149.txt,MAR20_2149,198,a5956d7bfb189b9e54c79d126cbce3a78b7fac72c8b00e4e1b0ae17fe0bccb0d,5,5,ok
train,shiyan/data/labels/train/MAR20_215.txt,MAR20_215,433,557698cfc3db269c58220f6d4aff5259fc2a75baed996e58d45b60e7e93cd20d,11,11,ok
train,shiyan/data/labels/train/MAR20_2151.txt,MAR20_2151,78,ae8d1b706c095cf3c370e6f27a422509f3b51a9c2d673218f127a919631ecfff,2,2,ok
train,shiyan/data/labels/train/MAR20_2152.txt,MAR20_2152,117,088c182edb3e5f2d844d5c5411f8f93b32d9610a44c028efdacb329f5d3f3669,3,3,ok
train,shiyan/data/labels/train/MAR20_2153.txt,MAR20_2153,598,7cb5200ccf04ddc08ff0196668a73d4ae8a2003e364979a4588ebb3e728bd3ab,15,15,ok
train,shiyan/data/labels/train/MAR20_2154.txt,MAR20_2154,118,53a6ad40595af749991dad2e4e93ae95144f847c70340ddace5cc64134791a00,3,3,ok
train,shiyan/data/labels/train/MAR20_2155.txt,MAR20_2155,198,135f783c0f3a6d4fb4f40f6a7fd1bab99930505978b7d3c7c50bd416ab569438,5,5,ok
train,shiyan/data/labels/train/MAR20_2156.txt,MAR20_2156,232,3623370c810d60029c0553d6e4f4a5c1a492f341ab2adc70bf56a308ee659436,6,6,ok
train,shiyan/data/labels/train/MAR20_2158.txt,MAR20_2158,118,0fd7397fa7bd185ebdbee71d95f778093c220d53f6af0eae1fa4ce0ab3677da3,3,3,ok
train,shiyan/data/labels/train/MAR20_2159.txt,MAR20_2159,238,02b8cbc6c9fbc44541db579fe2b5d8d98340c9e3d3adfdc3c8f15be4026a7d51,6,6,ok
train,shiyan/data/labels/train/MAR20_216.txt,MAR20_216,195,d2d3efa5e720df85e9beeac4489e35e975f2bc6190b5fbc17a3eb55e111588a6,5,5,ok
train,shiyan/data/labels/train/MAR20_2160.txt,MAR20_2160,427,f9179800b2f11afde15201f9c0bc27c88f748ae25a1fa4c1fcad7243d0c504cd,11,11,ok
train,shiyan/data/labels/train/MAR20_2162.txt,MAR20_2162,158,22b922a72f6b1c0bbbc0b131688231a50fffa3f258a7e5ed1fd76e69ca786329,4,4,ok
train,shiyan/data/labels/train/MAR20_2164.txt,MAR20_2164,78,a2416ce7a34985cbefbc562a4f827c6d1b7677fcadecac6c20945d1bcf4ae028,2,2,ok
train,shiyan/data/labels/train/MAR20_2165.txt,MAR20_2165,115,6b516930c49895f50ff5869d0052469d4004682981641d8fa076b702d13686f6,3,3,ok
train,shiyan/data/labels/train/MAR20_2166.txt,MAR20_2166,238,c02277f524889ca6345be906c18fb854d06eb754367d31d1db7046bdf45d8d49,6,6,ok
train,shiyan/data/labels/train/MAR20_2168.txt,MAR20_2168,398,d6a4a95648a20221706515b73d339bdab211b3d9122d9f4f46fbbc5794b7f5c6,10,10,ok
train,shiyan/data/labels/train/MAR20_2169.txt,MAR20_2169,318,c516a16ffa574a380578bc7a3c4186144bdaabb01defcd2cb36ccf5bde87205d,8,8,ok
train,shiyan/data/labels/train/MAR20_217.txt,MAR20_217,157,2a9b537ae788656506a611466d271379561115e3a758decbd2bce7953b09a5e6,4,4,ok
train,shiyan/data/labels/train/MAR20_2170.txt,MAR20_2170,434,bb9f7ca1436eb45d3e487a527cf4aacc5eccb05b096d0262a97cb59c948ba99b,11,11,ok
train,shiyan/data/labels/train/MAR20_2171.txt,MAR20_2171,38,f005d6a32ace436fff42c0fb40dc677f749ba41e17e500fa54fe6ea23867033e,1,1,ok
train,shiyan/data/labels/train/MAR20_2172.txt,MAR20_2172,154,a35142632b8d92e83bd55aa8c4711245c7bfe68aab9dd1ec9a7871accd50f450,4,4,ok
train,shiyan/data/labels/train/MAR20_2174.txt,MAR20_2174,198,75e6cf8b13f5081079151ff2a7c7e8f109d8155110f69c21f8f84beeffa8eded,5,5,ok
train,shiyan/data/labels/train/MAR20_2176.txt,MAR20_2176,274,a2d86260b7bed6a8dd7988868abbeff82b4e5870a2b8ef1753fca7628d91f5fb,7,7,ok
train,shiyan/data/labels/train/MAR20_2178.txt,MAR20_2178,78,c2735b61abb24a97710809a21de3a785a273a4643f9f6bebab26cc6bae192be6,2,2,ok
train,shiyan/data/labels/train/MAR20_2179.txt,MAR20_2179,118,5ec81b4cf6a878c5173247d9de2bd095f0fc899459184b8928d499ac5301e657,3,3,ok
train,shiyan/data/labels/train/MAR20_218.txt,MAR20_218,196,3aa146966a19b68b4dd2d70aa46f9e09ce48846ffcba46d195a90755020ca2e6,5,5,ok
train,shiyan/data/labels/train/MAR20_2180.txt,MAR20_2180,233,f9eabca7bcfc00d161cac5e2865404bc6f035bdfccd4504f020035b4480605ac,6,6,ok
train,shiyan/data/labels/train/MAR20_2181.txt,MAR20_2181,638,8396ddb396a3d707748d37c87158c8cd29d9793eef071ffc49306826a046ec80,16,16,ok
train,shiyan/data/labels/train/MAR20_2184.txt,MAR20_2184,118,90cd326c63e51e685722fda47c0774133f9516c7868a808999b323931df9beac,3,3,ok
train,shiyan/data/labels/train/MAR20_2185.txt,MAR20_2185,198,4983d885c48a218aa1ae202391a8f41af52f689fac2135ec08edb0d86bf67ee5,5,5,ok
train,shiyan/data/labels/train/MAR20_2186.txt,MAR20_2186,78,b341cef85005e7a0d7bf7f778bc9bb4509372104e45f355ea5695e2b6eb47376,2,2,ok
train,shiyan/data/labels/train/MAR20_2187.txt,MAR20_2187,118,8656991d90c8332266e794df93ec2861f3076ce9757b3ec0638c08d9b1eebf88,3,3,ok
train,shiyan/data/labels/train/MAR20_2189.txt,MAR20_2189,238,1d55a88d94343a9fa1deea50d544d547cc2b58af2144062209990122612e67d7,6,6,ok
train,shiyan/data/labels/train/MAR20_2190.txt,MAR20_2190,318,401b4118834cb65a4637c6ba01a0f780ec82c0aa40224439bbe4f9b542bb347d,8,8,ok
train,shiyan/data/labels/train/MAR20_2191.txt,MAR20_2191,78,f799935af40850364755275a4f9fb35fdb0a13e59aa756d944ec5f79b41b7950,2,2,ok
train,shiyan/data/labels/train/MAR20_2192.txt,MAR20_2192,478,c10c18fd88b767520e57cf95e5a4f4a050230b79c0749e5cff02bf7ab91618a5,12,12,ok
train,shiyan/data/labels/train/MAR20_2193.txt,MAR20_2193,193,ed898c718257725a1e81b8f16fd17c7eb8306b2c9e56159922d19cd7a3407341,5,5,ok
train,shiyan/data/labels/train/MAR20_2194.txt,MAR20_2194,118,5d991f0091ad26bbe9bec178e4573c936583742b85abd7260f097feb47935666,3,3,ok
train,shiyan/data/labels/train/MAR20_2195.txt,MAR20_2195,118,52b6654669420bcccd4b649177fa5af708783a59909f6ab94d4fd91b79faeaf2,3,3,ok
train,shiyan/data/labels/train/MAR20_2196.txt,MAR20_2196,436,e15f243f49bab09feb88c198c91bcc5fa2570bb38f9789bcd8158ae02ca63fad,11,11,ok
train,shiyan/data/labels/train/MAR20_2197.txt,MAR20_2197,398,739bf5501b3d70737371012fdb5863c3d24ff8c91c44d8602984e1348327b1e5,10,10,ok
train,shiyan/data/labels/train/MAR20_2198.txt,MAR20_2198,77,856595637966ebe447175711e27ca1b17c2117788c4c04ce0de2fcb9d9e75872,2,2,ok
train,shiyan/data/labels/train/MAR20_2199.txt,MAR20_2199,38,1406e91e33a2b68d781cc8c09e0c8524815caef1cfbfdcf03507fd548bee8a78,1,1,ok
train,shiyan/data/labels/train/MAR20_22.txt,MAR20_22,118,5c658d7a1b3a0ed583325854993b092cbe44a620852a17bb7bdb1c2366859f61,3,3,ok
train,shiyan/data/labels/train/MAR20_220.txt,MAR20_220,432,e8afc690ac66573a37ecd2603be5cc92d1086683e932f6432b119fa188074a9d,11,11,ok
train,shiyan/data/labels/train/MAR20_2200.txt,MAR20_2200,78,4317ac7431eac8ea1177564b04fb34007dbd3b7133448d2b00f9971f74a30aae,2,2,ok
train,shiyan/data/labels/train/MAR20_2201.txt,MAR20_2201,232,50b01cc9231287aff5628da646d7c64fced1a1348327b0605a092cf4700ef395,6,6,ok
train,shiyan/data/labels/train/MAR20_2202.txt,MAR20_2202,278,809ebdc2f1a57833ac16401d03f645de9b5a09d639d44dd9aaf951d721486567,7,7,ok
train,shiyan/data/labels/train/MAR20_2203.txt,MAR20_2203,198,90e742f2f20fb83a07934f1cca5e48190fcb0c612e0c586956e04c6cf59839b0,5,5,ok
train,shiyan/data/labels/train/MAR20_2204.txt,MAR20_2204,358,a4bc4c1353ec67de2380c5df968457424854d30ebedb8e11866f65e63be3d40f,9,9,ok
train,shiyan/data/labels/train/MAR20_2206.txt,MAR20_2206,438,3db1f5b6015a677e5a31b85bd8f924577ce92419a47fec8f8088efb1db703633,11,11,ok
train,shiyan/data/labels/train/MAR20_2208.txt,MAR20_2208,154,2d2b808dd43c58259833d2438fa4a737b1a32e57eda8ef9232d5d437932d4f3f,4,4,ok
train,shiyan/data/labels/train/MAR20_221.txt,MAR20_221,238,9274f65c337dfd265e565ed11ccbdcae3fac354a671c5634c17d66d40a2fc265,6,6,ok
train,shiyan/data/labels/train/MAR20_2210.txt,MAR20_2210,1518,36b1e8301eb983617d526149f59134e3d7df859496f2bcb9392860b6b0da425d,38,38,ok
train,shiyan/data/labels/train/MAR20_2211.txt,MAR20_2211,38,3899fb384baf322418ba5e4af35fdd0671c28a88437c2bdc9f70577a69d665a8,1,1,ok
train,shiyan/data/labels/train/MAR20_2212.txt,MAR20_2212,198,1ad2208c7a34426e6fa2164b38a6bb443ea06fef80d9c924a6b4f08d145b5271,5,5,ok
train,shiyan/data/labels/train/MAR20_2214.txt,MAR20_2214,351,463e293f2a2718e93df1cb132cc470e7ff0ebc2524b98a57bfebf1398ef81127,9,9,ok
train,shiyan/data/labels/train/MAR20_2215.txt,MAR20_2215,198,2b37a06df5c53eb1a94730b6ac2c701b27cdc3b8a38fbad28addf8072310c46e,5,5,ok
train,shiyan/data/labels/train/MAR20_2216.txt,MAR20_2216,278,620a912891ae544c0f20c21351360d7cf104f7b0f0644d058ff056dc430196c7,7,7,ok
train,shiyan/data/labels/train/MAR20_2217.txt,MAR20_2217,118,42800e2b6f8babdeebbcae4544d933e4c46a5dfff0bcd450aa711e688331b0a7,3,3,ok
train,shiyan/data/labels/train/MAR20_2218.txt,MAR20_2218,438,417411c0f067506e99af4453552c8fe44129bb62eb7d298fc3111d9a872cddd7,11,11,ok
train,shiyan/data/labels/train/MAR20_2219.txt,MAR20_2219,198,1975f8707b1173d4ab80d5876bf97cab2e3ae17a4434eb2f849d1e3ccc49b9fe,5,5,ok
train,shiyan/data/labels/train/MAR20_222.txt,MAR20_222,518,2c48d2749210ef836907549e23320874215db12ec16becd5cc33c50ff5f62a69,13,13,ok
train,shiyan/data/labels/train/MAR20_2220.txt,MAR20_2220,118,6898677006d72b115c8171502834ade2b7a50c306f81000c04e6357c92d06443,3,3,ok
train,shiyan/data/labels/train/MAR20_2222.txt,MAR20_2222,118,d115e6fb9252f97bcbb7b5e720696046e57d12f40dc481b05f7ec946259857b7,3,3,ok
train,shiyan/data/labels/train/MAR20_2224.txt,MAR20_2224,38,66c1a81980e027200d66bc466e6fa1d6450f0eb92f83ebde41af04faa5f7637e,1,1,ok
train,shiyan/data/labels/train/MAR20_2225.txt,MAR20_2225,118,ca54e96f06c9176797eb83a2bd26d9d1192fb9531d85720b8e010d4da9eb4456,3,3,ok
train,shiyan/data/labels/train/MAR20_2226.txt,MAR20_2226,118,e5cd4df75e06ad06e2a5bb560cffa4635d9b6397999274098ea7cc21584fdedf,3,3,ok
train,shiyan/data/labels/train/MAR20_2228.txt,MAR20_2228,238,21e69724cfc54af38cc2e757718d3d9cb14d2f1721439bad360f6f67d0682a73,6,6,ok
train,shiyan/data/labels/train/MAR20_2229.txt,MAR20_2229,238,b0e870ea52cbc13e572fd751d98cc0878b5fd0577dee7fbb0cfb24a65584ae2d,6,6,ok
train,shiyan/data/labels/train/MAR20_223.txt,MAR20_223,438,ff7763701eb7fc649600e2e38f1e8f4c6870277c9f10dda88da072c9f7c52c77,11,11,ok
train,shiyan/data/labels/train/MAR20_2230.txt,MAR20_2230,468,d1c91205d70ab841dc4939618fb489809ac093d6c1e5066d7ed6c095aa8a3abf,12,12,ok
train,shiyan/data/labels/train/MAR20_2232.txt,MAR20_2232,78,9d0b90e298070ecdebf494a91202fceb7db4872a1c06ee513ea8efa840c5b688,2,2,ok
train,shiyan/data/labels/train/MAR20_2233.txt,MAR20_2233,238,58ad04976d98d03541123ede48e8f01c7ab103ec6c4b30d30da6236e36e62c97,6,6,ok
train,shiyan/data/labels/train/MAR20_2235.txt,MAR20_2235,118,5b7c55e16a02ae0cf52c76ebaf1378ff584654281d8d26b38706c002f7685bee,3,3,ok
train,shiyan/data/labels/train/MAR20_2236.txt,MAR20_2236,154,25a5a564fc1169e82f65ada3dc81d3fb2a26edf09c4545f328901eddd43506f0,4,4,ok
train,shiyan/data/labels/train/MAR20_2237.txt,MAR20_2237,118,b5bae07a8ebf8e8b0bba1d2d410e2f40a52a9935a07633aa64d2981647620315,3,3,ok
train,shiyan/data/labels/train/MAR20_2238.txt,MAR20_2238,349,3b4c589b6f8e234d198005bf4f4e8f014b781112cef928affaa0e847bb7653af,9,9,ok
train,shiyan/data/labels/train/MAR20_2239.txt,MAR20_2239,198,aaf9f644585bfb10655dbdf65206efd6b412c5dadd249cd8442872b27277a94c,5,5,ok
train,shiyan/data/labels/train/MAR20_2240.txt,MAR20_2240,154,55fe4285d3d7731b5b9e820fbb5f6115bd0b1dfd83a8368bccfac768d65ba756,4,4,ok
train,shiyan/data/labels/train/MAR20_2241.txt,MAR20_2241,158,3237a0b797c0a1bf5118b0cdde95f6d06f913a860b7c8cccc9670be854cb9e01,4,4,ok
train,shiyan/data/labels/train/MAR20_2243.txt,MAR20_2243,198,add98212d4f075e5d492fa6de4afd78cc8d16235e0211cac3d3f111a5b136d42,5,5,ok
train,shiyan/data/labels/train/MAR20_2244.txt,MAR20_2244,278,50a5dd23f2f4cd213d4e57d6c55a80642d3bc41b23065ada47f26884a1450976,7,7,ok
train,shiyan/data/labels/train/MAR20_2247.txt,MAR20_2247,234,b72e26ebbcffc14b8f30f458e4be2cbc6019e7d5ff12de45b770fc43e2846db8,6,6,ok
train,shiyan/data/labels/train/MAR20_2249.txt,MAR20_2249,198,1dc30fb248e5b291792fb3f74a2530beaf9ff30e0e8f030ad97f04cd70f61482,5,5,ok
train,shiyan/data/labels/train/MAR20_225.txt,MAR20_225,318,ad386706450d9d7aeb87bfcd8b09c2a1fce8245b599954ad5eb3abe9c17c2da7,8,8,ok
train,shiyan/data/labels/train/MAR20_2250.txt,MAR20_2250,547,732449308cedf2bf03e9c07a293e8180c7062dd3ebe8b049885d8150357057cd,14,14,ok
train,shiyan/data/labels/train/MAR20_2251.txt,MAR20_2251,154,983488b3ecff098b81a40650d549362c2c1d68a6f0caa820097dd324fa223c4b,4,4,ok
train,shiyan/data/labels/train/MAR20_2253.txt,MAR20_2253,478,f9999ea1c2a55454d61fe4ca324b11e7f9afd8e833c00f38186d11e23e51d320,12,12,ok
train,shiyan/data/labels/train/MAR20_2254.txt,MAR20_2254,118,00eaa9ee69f74c509a35bed1cfdf25cef55c1d24074ce3b26ff10d01bdd428b9,3,3,ok
train,shiyan/data/labels/train/MAR20_2255.txt,MAR20_2255,37,85854d13dae1e905b686be64bd5af0e42d8549bf281d0b81789e0a85437fac0a,1,1,ok
train,shiyan/data/labels/train/MAR20_2256.txt,MAR20_2256,154,4eb9c8e53d0e6456c239cf93e1fa4dc45205f1aabb1b8a7ee9f5451743a890dd,4,4,ok
train,shiyan/data/labels/train/MAR20_2257.txt,MAR20_2257,238,5fca4df99e8e948f7b0412cdecd49ce40d0cffdee62508b6fa5e4e5fbb7bde1f,6,6,ok
train,shiyan/data/labels/train/MAR20_2259.txt,MAR20_2259,318,2e275c1d76c25362f66178c54731ec123730d502b52bc50a39ee05bd9a680e7f,8,8,ok
train,shiyan/data/labels/train/MAR20_226.txt,MAR20_226,238,ed06cac77bf2245a8fc65c5155d5996ee3eed18487ed01d4db933b4b511a35e3,6,6,ok
train,shiyan/data/labels/train/MAR20_2260.txt,MAR20_2260,155,db5da4239d99672a6efd99be40c120bd5a42dd90ca009484120507bad234dc30,4,4,ok
train,shiyan/data/labels/train/MAR20_2261.txt,MAR20_2261,118,050e4ec980ba435bb2a2a519f5cf81b58a252c24bc5438856a572f883c9ac705,3,3,ok
train,shiyan/data/labels/train/MAR20_2262.txt,MAR20_2262,193,9783c3254cdb5d8f2598398d782ca290055bdfb00773ad160ab7b9474a2d5bb3,5,5,ok
train,shiyan/data/labels/train/MAR20_2263.txt,MAR20_2263,278,f927b7c472358ae5ffa712b46ad5d8b593c4590b6cc31a4e765dbaa653b86182,7,7,ok
train,shiyan/data/labels/train/MAR20_2265.txt,MAR20_2265,271,884a17ccadf3b0f0dcf703b3916210307dbdf9ebd6c0bba2570a37eb56160e9a,7,7,ok
train,shiyan/data/labels/train/MAR20_2266.txt,MAR20_2266,233,9152ededb3670c82a7ce3bcc9a6f58b8ae03f685b609bc93377651e937757a49,6,6,ok
train,shiyan/data/labels/train/MAR20_2267.txt,MAR20_2267,238,752fff6a77fa8aaf923a4c76f4d4b16faf11f8c97d7e572c3c503120ff7bc2df,6,6,ok
train,shiyan/data/labels/train/MAR20_2268.txt,MAR20_2268,194,072c379ef83526ce86ce9fa266d34df277ed70003fc2bfcbf7a3de1782fda60c,5,5,ok
train,shiyan/data/labels/train/MAR20_2270.txt,MAR20_2270,37,530a6d14003579caccbee970c223de7683bfe9d9f2d873121648a77b077a33d8,1,1,ok
train,shiyan/data/labels/train/MAR20_2272.txt,MAR20_2272,115,9eac0fab03a0f318aa8da86820483740c36471e9e315b30684829cde9a9daa95,3,3,ok
train,shiyan/data/labels/train/MAR20_2273.txt,MAR20_2273,77,5aff443f6a63b8672cba66522d39cc6a0057e6843b1d6e9be233e410b94a20c9,2,2,ok
train,shiyan/data/labels/train/MAR20_2275.txt,MAR20_2275,118,e7ea4bf012c4354e4c43de4e0a91cbbcecacbed858f326653069204c6c8bb22a,3,3,ok
train,shiyan/data/labels/train/MAR20_2276.txt,MAR20_2276,238,106d40c39ac6e70311fac7886ac9a727a002d1b8db5a078ac16356d814244d39,6,6,ok
train,shiyan/data/labels/train/MAR20_2277.txt,MAR20_2277,37,c697a24e232cc2d13c16e341505769c8b42040a1df1911d642f60a70fc6f01f0,1,1,ok
train,shiyan/data/labels/train/MAR20_2278.txt,MAR20_2278,277,df483622a18180e5709a062f8dfa21dbf87211a9f065b8a9c7084dbe622d0660,7,7,ok
train,shiyan/data/labels/train/MAR20_2279.txt,MAR20_2279,238,0e8080b1e09cd903fc95851bdea99cc4915592a8e57955883847c0a916a60a6d,6,6,ok
train,shiyan/data/labels/train/MAR20_2280.txt,MAR20_2280,557,d8ab20ee9da744a3c8f974f397ffb6948ab788c3021cac23bbbd0aea3bcef674,14,14,ok
train,shiyan/data/labels/train/MAR20_2281.txt,MAR20_2281,157,3e76b045daa65c20644bb44701d521433e3862f275060433a7fac4e218859ad9,4,4,ok
train,shiyan/data/labels/train/MAR20_2282.txt,MAR20_2282,232,b6f909b2158dd12203393453efdcc6129e33f89203b214f28eeb57b81644093f,6,6,ok
train,shiyan/data/labels/train/MAR20_2283.txt,MAR20_2283,158,2348d31cd88037ed679fe1d05dd60ebb13081a92adee2b1839e8d30a0abdf577,4,4,ok
train,shiyan/data/labels/train/MAR20_2284.txt,MAR20_2284,349,c1802418fc3e54b543794d6e440afdc32022ea3843ce56eee53c446816970fa2,9,9,ok
train,shiyan/data/labels/train/MAR20_2285.txt,MAR20_2285,638,31ab342c3e945b7ee97e1faa5050858c8d1f141ff0e6ae3863d7f35550727cca,16,16,ok
train,shiyan/data/labels/train/MAR20_2286.txt,MAR20_2286,198,0f2b96d2f95812250b8380b00b43103f87c890f383aeecd85323168b54d891c2,5,5,ok
train,shiyan/data/labels/train/MAR20_2289.txt,MAR20_2289,118,77dd94372740b982aeecb776ad2bae4ba3119ca1fa18950c2cc0d224697448a4,3,3,ok
train,shiyan/data/labels/train/MAR20_229.txt,MAR20_229,158,ac20621eb847c2a7c247808e01d49d3954c41f096de91c77e83280b3cc59c239,4,4,ok
train,shiyan/data/labels/train/MAR20_2290.txt,MAR20_2290,238,62e92744cb11ee5d3e7661f4a983b397695ce6ad03bfda826d03bb357fd684aa,6,6,ok
train,shiyan/data/labels/train/MAR20_2291.txt,MAR20_2291,118,7e9a464fb711b23878b8a1e073eea993e317f99834f89b58cba8a322d547b0c8,3,3,ok
train,shiyan/data/labels/train/MAR20_2292.txt,MAR20_2292,38,1272179622d13a713e6d4b8aac05f8755fa6e828e5c0c1364b1e90ec9b7545ec,1,1,ok
train,shiyan/data/labels/train/MAR20_2293.txt,MAR20_2293,358,8dd52b9bbbaf55b61bfb4f7d11d9794ba6ef5079a092e724902e12dc97720555,9,9,ok
train,shiyan/data/labels/train/MAR20_2295.txt,MAR20_2295,158,2d006f1e25a65d71369aa87682e4e6e934671ff15f57b856f8f387f89af17212,4,4,ok
train,shiyan/data/labels/train/MAR20_2297.txt,MAR20_2297,193,79ffa23f2afacbfadd4399a39b777b4fdccc1815479ec879f2e11212ee1e70c3,5,5,ok
train,shiyan/data/labels/train/MAR20_230.txt,MAR20_230,158,11bf0d30c45fcae24b61a441e371b9c9fd381a22b38f08e3205ded63422e4ede,4,4,ok
train,shiyan/data/labels/train/MAR20_2300.txt,MAR20_2300,238,9d2c60fee8183bba0524ee7f860d6d4f1078ec25d76457ac3a0da35fad72a63f,6,6,ok
train,shiyan/data/labels/train/MAR20_2301.txt,MAR20_2301,193,b4ce06340ec32e234cf82b4ae55146bd80b730ad266089c29e589374dec0e484,5,5,ok
train,shiyan/data/labels/train/MAR20_2302.txt,MAR20_2302,38,fe591fc97d12b039fe32f64b440ea3a91b6257c0629a263958044725844dd9f8,1,1,ok
train,shiyan/data/labels/train/MAR20_2303.txt,MAR20_2303,278,7d5dafdb2366cc03b23bf50519f797b9a28e511e0e8ba462fe424a7b31821b35,7,7,ok
train,shiyan/data/labels/train/MAR20_2304.txt,MAR20_2304,76,006f7baf7393ea28afdef3125eb6ed0769b0dcdab8c7a9c24bed77c4e1517512,2,2,ok
train,shiyan/data/labels/train/MAR20_2305.txt,MAR20_2305,115,35ed9587552aae22b40ba3c3223104e326e8239fa3ae9137387992ff7c86cdc8,3,3,ok
train,shiyan/data/labels/train/MAR20_2306.txt,MAR20_2306,198,3453e5562051a57349cb48679847f04ab4eef94b61cb5fe2ba55389213d7ea62,5,5,ok
train,shiyan/data/labels/train/MAR20_2307.txt,MAR20_2307,78,e85fda606d20c69dda5007f99dc017431a3c5aa5668435af5f2469357c14b65f,2,2,ok
train,shiyan/data/labels/train/MAR20_2308.txt,MAR20_2308,118,661187623b89e03faff45907baeb10559dd960ad20506a85dcb75b7dd0e35545,3,3,ok
train,shiyan/data/labels/train/MAR20_2309.txt,MAR20_2309,198,8a86dae582c6dbb70be2187ee205beea5434e18192958654e48da0d01ad293c5,5,5,ok
train,shiyan/data/labels/train/MAR20_231.txt,MAR20_231,635,f6ca17283583a06d887041fbc415aba7ca44a366f40681a27a194d65eb789bb2,16,16,ok
train,shiyan/data/labels/train/MAR20_2310.txt,MAR20_2310,158,2ca22b1b53e2203f23aa4421c79b3413ac00cc4addb988cbfb6755572f44edf6,4,4,ok
train,shiyan/data/labels/train/MAR20_2311.txt,MAR20_2311,198,a86f3948f586550beb821069f6e07c3264f3cf38373e542e106671ba1c2a2a0b,5,5,ok
train,shiyan/data/labels/train/MAR20_2312.txt,MAR20_2312,117,7a21a19f643c16eef416b9789cfe64c8b059fe873c6d9aae2dad17ad11abb63d,3,3,ok
train,shiyan/data/labels/train/MAR20_2313.txt,MAR20_2313,238,123ad9ae4fea2af667289cdabd621ac4b30b9f5ef35eee42eb61c39eea1ce480,6,6,ok
train,shiyan/data/labels/train/MAR20_2315.txt,MAR20_2315,118,1aaa164330989bb6947ecd5e7ce47db6d636bb49fdf32a0b11079890c63bb576,3,3,ok
train,shiyan/data/labels/train/MAR20_2316.txt,MAR20_2316,198,77f1fcfa226a9e47a4ea76e581e5cff86a647f1e2d179a416b3128d0f816994e,5,5,ok
train,shiyan/data/labels/train/MAR20_2317.txt,MAR20_2317,158,1ab57fb63aec0693b99ccb93b12b6be4eaeacbcfe287067b8cec395090e48b7a,4,4,ok
train,shiyan/data/labels/train/MAR20_2318.txt,MAR20_2318,158,24a5b249a6c1e808826718a219e5c18ede28d2164e2fbd993ed5a931a9abbf16,4,4,ok
train,shiyan/data/labels/train/MAR20_2319.txt,MAR20_2319,198,e34543c4ec7410fa298c2d068e427950b15571eeb2b51b3dbdf726a8a37c0aa3,5,5,ok
train,shiyan/data/labels/train/MAR20_232.txt,MAR20_232,518,c47431789077de2c08fbde2773de121641fd8da7335b9c6ebdacbcc81661ebde,13,13,ok
train,shiyan/data/labels/train/MAR20_2320.txt,MAR20_2320,115,8fd6e955a11916e00a83663b28890a3f4aef4d309c2f77746d7c4a2557ffaaf5,3,3,ok
train,shiyan/data/labels/train/MAR20_2321.txt,MAR20_2321,195,867853540f9ff650b1876e9f9001b531b10a8882cb8510c03db31a39a1d54ddc,5,5,ok
train,shiyan/data/labels/train/MAR20_2322.txt,MAR20_2322,312,21ae0bd134f5226a70fec9e49b4c4024e6ab29781328b571c2d8df1bc45f8038,8,8,ok
train,shiyan/data/labels/train/MAR20_2323.txt,MAR20_2323,38,01998f899e6ae52256f055e854dd88b2b344f586d3eb3e296404bb81a67b5c08,1,1,ok
train,shiyan/data/labels/train/MAR20_2324.txt,MAR20_2324,398,c079fdd604c7cffa763d07a85884136439d75d826b9c1b004e81d5baddc173e3,10,10,ok
train,shiyan/data/labels/train/MAR20_2325.txt,MAR20_2325,358,39ff203897475443fba041fdbc51afffcdad3a0719bc9f507e4f526d16199ac7,9,9,ok
train,shiyan/data/labels/train/MAR20_2326.txt,MAR20_2326,37,6c394dd95e9a5b5deb0b454b9c2444c1d3f2f9a41e6d10ff6f4c4066924826ae,1,1,ok
train,shiyan/data/labels/train/MAR20_2327.txt,MAR20_2327,158,28e97bc16bd7f6b680beba36bc2decd52e2c747983e3b061adc196c7768e380f,4,4,ok
train,shiyan/data/labels/train/MAR20_233.txt,MAR20_233,238,034b712a105973037e9561310c71b48e8eb053e4ebde17b29cad0f1204096709,6,6,ok
train,shiyan/data/labels/train/MAR20_2331.txt,MAR20_2331,78,10c43a41c071d9d6b68c2ce60f7b1b457eec3ed3b48694d0af72971f6ffd2c77,2,2,ok
train,shiyan/data/labels/train/MAR20_2334.txt,MAR20_2334,78,5f30ac9f55b2e6fd1618ccdac897eaa61717021a4ed5a15bb28097b945518a41,2,2,ok
train,shiyan/data/labels/train/MAR20_2336.txt,MAR20_2336,118,f22be4ba05329d088176c2a8755e3b6f669c6fd96ca0714a3f6a9ee093051b5d,3,3,ok
train,shiyan/data/labels/train/MAR20_2337.txt,MAR20_2337,238,2593d9437a379b50d446e831bedfa8fd26a2514d177c144f9f64395d446abaa0,6,6,ok
train,shiyan/data/labels/train/MAR20_2339.txt,MAR20_2339,158,787454ef2a135c07699ef2389e47146767f8eabc70ee4236f58e57a261ebd7dc,4,4,ok
train,shiyan/data/labels/train/MAR20_2340.txt,MAR20_2340,198,7ca866c2a27ce4368e7dcdcd4e52ddcaaa20a473d3ad59e8334713f93dc3c53b,5,5,ok
train,shiyan/data/labels/train/MAR20_2342.txt,MAR20_2342,158,b497effecabcb49bb26863f08bf39d121f4fe212ea1c750e42ee0e347cd6b715,4,4,ok
train,shiyan/data/labels/train/MAR20_2343.txt,MAR20_2343,238,72d3911a4bd8c425ac73c699e7237e8974e15765f463d86d2f9e54fa11bfe0db,6,6,ok
train,shiyan/data/labels/train/MAR20_2344.txt,MAR20_2344,232,60fec4e0a43cf60b43aa7c9e3b66e147315e71ac9e3805df8f0e2aa887729144,6,6,ok
train,shiyan/data/labels/train/MAR20_2345.txt,MAR20_2345,158,0a22a5f72c52ceaa27a198e1a99c4c046e8772d95b30e1ee15e70e99a1e128cd,4,4,ok
train,shiyan/data/labels/train/MAR20_2346.txt,MAR20_2346,158,ba1b671eeb0c18ef34c979c2597ba67bbb5a8da23bf23e4b03d17e628513961c,4,4,ok
train,shiyan/data/labels/train/MAR20_2347.txt,MAR20_2347,196,bdcae729cbfacb4433954492692d60757a32bd929afd62cfe5e5b2c30b7260d0,5,5,ok
train,shiyan/data/labels/train/MAR20_2348.txt,MAR20_2348,118,8bcab0160fb3f7c16cdff89cbb37e9717875ea76065e459f0803c911eeb52229,3,3,ok
train,shiyan/data/labels/train/MAR20_235.txt,MAR20_235,198,a9b26bac18dd6074dd8697cfe7e8dd72ee7c05f626bad052b562cea59b077203,5,5,ok
train,shiyan/data/labels/train/MAR20_2350.txt,MAR20_2350,78,6f6f7f4a3443845ad9e74cd1f43052786041fab5c7fa85c778730e7051e9dd6c,2,2,ok
train,shiyan/data/labels/train/MAR20_2353.txt,MAR20_2353,478,00b27ba057c37d2742c66e0b08e9343c36cfabc322a04262b5653f42041e261a,12,12,ok
train,shiyan/data/labels/train/MAR20_2356.txt,MAR20_2356,158,68353c98403c4980dad00251b0a79b5c0f29ce59e0358cc09dee7b04c8688074,4,4,ok
train,shiyan/data/labels/train/MAR20_2357.txt,MAR20_2357,158,df8ffc2b8fbd2cc5e1a40bb69ea8804bdd848531560cbbc4f714c6a38fd8ce10,4,4,ok
train,shiyan/data/labels/train/MAR20_236.txt,MAR20_236,198,2b75bf27c998b61ab38e0e2f408a0f78d45aa08c54c1af3344d9725175fb897a,5,5,ok
train,shiyan/data/labels/train/MAR20_2360.txt,MAR20_2360,198,4a0d583aafa199bf779afc080bb51b3bd6cab3dc58fd707a21fcf06e51d591c8,5,5,ok
train,shiyan/data/labels/train/MAR20_2361.txt,MAR20_2361,37,0a9265f7a34673d7f208ac90f21930f9a16965ad2145834dda94ae57312f3c87,1,1,ok
train,shiyan/data/labels/train/MAR20_2362.txt,MAR20_2362,232,09ad069d522e9c80b84244e3a1e816eaffe1ea701caa0f4903c52ace2e43bb31,6,6,ok
train,shiyan/data/labels/train/MAR20_2363.txt,MAR20_2363,238,0fabc8b98381b8ab8faf83cdc871fc91546b175b5c1822283ccc4e7414e89c24,6,6,ok
train,shiyan/data/labels/train/MAR20_2365.txt,MAR20_2365,1078,e03328067284532ef27ea9b3082e6d547b421cdb3c58455b35861b378493c65f,27,27,ok
train,shiyan/data/labels/train/MAR20_2368.txt,MAR20_2368,118,51c3817a168f2de46daf8b38a99fd1be52e893a7bf36083c16f6d94f54508917,3,3,ok
train,shiyan/data/labels/train/MAR20_2369.txt,MAR20_2369,238,aa92199526e10890b161dc2cd362ea57a1c881513409abab4201e1e5768a1ff4,6,6,ok
train,shiyan/data/labels/train/MAR20_2370.txt,MAR20_2370,118,e890de6fccda2cdcaa726cd768c11845e64a108821f0cd3b81fd40512c701b13,3,3,ok
train,shiyan/data/labels/train/MAR20_2371.txt,MAR20_2371,278,bff4028b0a79b80ea334fe3d1fd4f6f3da73e592ef867aa841a254af077e6132,7,7,ok
train,shiyan/data/labels/train/MAR20_2372.txt,MAR20_2372,198,bc174ceb4505bf4e6e7a531ce4a88cd1d6b72bc3b6b61e30f56562d42792694a,5,5,ok
train,shiyan/data/labels/train/MAR20_2374.txt,MAR20_2374,158,313515f1a64e4e2226b844526fe8ffe510eb48793e181fb308adfcc01f269aea,4,4,ok
train,shiyan/data/labels/train/MAR20_2376.txt,MAR20_2376,38,2ad8ca4f51d034ef2bd46399e818d0b6a7aebb2c453f160b93c4b07df29f5c0d,1,1,ok
train,shiyan/data/labels/train/MAR20_2378.txt,MAR20_2378,278,1b160d6ec7f748a93d0a4f819a4ce0266216e5db1561a431d6b5f5e6e9d64847,7,7,ok
train,shiyan/data/labels/train/MAR20_2379.txt,MAR20_2379,116,6bbcca72f08a4574cbe09c24db444aef65f581f6d604906d890ec79d9b42f5a7,3,3,ok
train,shiyan/data/labels/train/MAR20_238.txt,MAR20_238,318,f0d74de7b7175b14175877d2cab2b4cfbc5cebd3686659463d87d4ca86661594,8,8,ok
train,shiyan/data/labels/train/MAR20_2381.txt,MAR20_2381,358,e9c83210a936cf562cc31f5443bfb0cdc2db94a727a44e3a165c85124badf8d1,9,9,ok
train,shiyan/data/labels/train/MAR20_2382.txt,MAR20_2382,438,3808df208577e88e1f340beca44652953fe215f6fea5bc9453ce07c0dd274a9c,11,11,ok
train,shiyan/data/labels/train/MAR20_2383.txt,MAR20_2383,238,b010df417eccbbbbe0ed47fe78fc85af9b0e7c20108b2a984735abcea808153c,6,6,ok
train,shiyan/data/labels/train/MAR20_2384.txt,MAR20_2384,357,d6237f2a7bb225dad09aab2893808758371e287be6f666cff0cf78db9a020686,9,9,ok
train,shiyan/data/labels/train/MAR20_2385.txt,MAR20_2385,118,c1af7219e7e06b517c906e889bcba14e3ce57e892b36dc366f7267bf135b8964,3,3,ok
train,shiyan/data/labels/train/MAR20_2386.txt,MAR20_2386,115,5d94555c8656e383ecfea7a69fd1f2f64334bb56a1ca6acdbebe43b5dc566a19,3,3,ok
train,shiyan/data/labels/train/MAR20_2389.txt,MAR20_2389,237,bdb59eecb1906add46fd9f25c1c265e340965960a62b71602596b9a675590260,6,6,ok
train,shiyan/data/labels/train/MAR20_239.txt,MAR20_239,518,1a3b3cddfe54a50052d0fbf79b594f730085adb5a3c32f17677c5eed430630f7,13,13,ok
train,shiyan/data/labels/train/MAR20_2390.txt,MAR20_2390,895,93ac0568b2acdba2b5f9faafc6c50e10602b2fe571da1d4c8346e899d8a6af08,23,23,ok
train,shiyan/data/labels/train/MAR20_2391.txt,MAR20_2391,154,782f1af662f11de4ea2d42a90da58a96f6332a64845c4369612bfacba819a12d,4,4,ok
train,shiyan/data/labels/train/MAR20_2392.txt,MAR20_2392,271,1fb777fb51b21368406d926d85ff6d498409160dc6a01f26eb0638356560e0a7,7,7,ok
train,shiyan/data/labels/train/MAR20_2393.txt,MAR20_2393,478,c1525a4756772a11e97f357449264d7d839cef6a47178b68d1d6d53d8352eff0,12,12,ok
train,shiyan/data/labels/train/MAR20_2394.txt,MAR20_2394,154,18a381db46d8732dc3eb7de9d5707537496dff83089ae81030c89629ee88a27f,4,4,ok
train,shiyan/data/labels/train/MAR20_2395.txt,MAR20_2395,118,996306c488a865051eca5be2f1fe8568b43db1e0132698206b4727c6c4ff93de,3,3,ok
train,shiyan/data/labels/train/MAR20_2396.txt,MAR20_2396,158,226292d405e5640ae8551b736c2e445a23fab1545ab25495de68e6024283f35d,4,4,ok
train,shiyan/data/labels/train/MAR20_2397.txt,MAR20_2397,38,13bd6e67b826405a74de509d4e333bbd7e10ca85de77eb4d734dc9619e1a277e,1,1,ok
train,shiyan/data/labels/train/MAR20_2398.txt,MAR20_2398,271,36fb9871f8ec908d475777737c49cb9dc4ebf2533d5f27083afcf888e2e4a2a7,7,7,ok
train,shiyan/data/labels/train/MAR20_2399.txt,MAR20_2399,78,3429d50b842bf92b8626b22d5a64a35880a00c6ee7f2eb2dd09e96b753b6fe03,2,2,ok
train,shiyan/data/labels/train/MAR20_24.txt,MAR20_24,398,919246cfee7270c6f734c0b996e22bf0e9cfd6d393362748b924336b616b56e8,10,10,ok
train,shiyan/data/labels/train/MAR20_240.txt,MAR20_240,318,b8e359ac882b9085a6def8c18893808d59211e5ed6c7deecd29b2976132b427b,8,8,ok
train,shiyan/data/labels/train/MAR20_2400.txt,MAR20_2400,271,f6c362cdec4b814d527c71a166f908d0826c020aac76f1acfc8e9f63baca559d,7,7,ok
train,shiyan/data/labels/train/MAR20_2401.txt,MAR20_2401,278,75c5b3562d2a423fbca7fce8a8a8c17c79708282aa95e3685f5a9cffde45709e,7,7,ok
train,shiyan/data/labels/train/MAR20_2402.txt,MAR20_2402,158,594fcb664703d4144086506f279554d374b9aa5c63e1f1c3670e220c1e8d686c,4,4,ok
train,shiyan/data/labels/train/MAR20_2403.txt,MAR20_2403,318,f2b9d65f68efe457bb4e614586e7f73adc968d1557fee4b12d53a18671a28f08,8,8,ok
train,shiyan/data/labels/train/MAR20_2404.txt,MAR20_2404,77,c7895c23139b8fda625dcebf253530a7810b85634792a7e2eb1ba215ff670971,2,2,ok
train,shiyan/data/labels/train/MAR20_2405.txt,MAR20_2405,37,87e7470996483a592a60464d2b96475dac2da1a358f9bcff98f4fe9dcb24481e,1,1,ok
train,shiyan/data/labels/train/MAR20_2407.txt,MAR20_2407,278,bafc0b3c5eecfb6abd3a5b0d8aec2876231a1e223e31dfe6f2932412a6d1314a,7,7,ok
train,shiyan/data/labels/train/MAR20_2408.txt,MAR20_2408,318,17ca7dcb064faab72c0f2dec4797f1a30c1339beadfdc706c0f39630cfa47e42,8,8,ok
train,shiyan/data/labels/train/MAR20_2409.txt,MAR20_2409,77,4fa27229cf6c41d4d7dc863156c1a7f6bd1a9a6ea9c6e7c183b9be58a0e5147e,2,2,ok
train,shiyan/data/labels/train/MAR20_2410.txt,MAR20_2410,118,886b011f96bca769665eb8e56666c4eba52bca05be0e21e068c06aa8fba364d3,3,3,ok
train,shiyan/data/labels/train/MAR20_2411.txt,MAR20_2411,117,74abc151f8258451f5f0fc3d986617b2490e5b6feb95059a563263a3d3e7d846,3,3,ok
train,shiyan/data/labels/train/MAR20_2412.txt,MAR20_2412,37,ccff00f74ec7f8f864997a8e9c9c6a9124cdefcf0230a55cf9e746570f8d707d,1,1,ok
train,shiyan/data/labels/train/MAR20_2413.txt,MAR20_2413,78,9d620f613e37613fd20d780c9759cd13fb7f896799cf617cd775f88db01a9322,2,2,ok
train,shiyan/data/labels/train/MAR20_2416.txt,MAR20_2416,358,6a57cc29dadc670049fd74e8b1e5a72c4ac3d695fd257d3dd48a26fe34a8ce66,9,9,ok
train,shiyan/data/labels/train/MAR20_2417.txt,MAR20_2417,198,158c3e7c13c3532499f5b1e583f851074da6d8b6e267d9a2dc742eff408d34c8,5,5,ok
train,shiyan/data/labels/train/MAR20_2418.txt,MAR20_2418,678,d8b2005fd2e261402deedbef39276785c08d74025e06b88f8f2f8a568b2b6e5c,17,17,ok
train,shiyan/data/labels/train/MAR20_2419.txt,MAR20_2419,78,2eb6261b637b4ca43fb71a05324b7f5a4335910b9f617750ea25cf3b1d45c4ae,2,2,ok
train,shiyan/data/labels/train/MAR20_242.txt,MAR20_242,558,9608c844c984f78a39f51daba220a3340a962530b94fe00e6090cdb7eefb151c,14,14,ok
train,shiyan/data/labels/train/MAR20_2420.txt,MAR20_2420,118,f4149fd5fa4f13d460642dd2569b4a3ae502fe61ba9f163a6415b9226b5d2847,3,3,ok
train,shiyan/data/labels/train/MAR20_2422.txt,MAR20_2422,318,d937ac8dfbd405e0c6ada53ffd59c80d160db43a9fb92c1f3fb3809646ad8c8f,8,8,ok
train,shiyan/data/labels/train/MAR20_2427.txt,MAR20_2427,278,f30453d62866a78344e8437e377836ff14d69f879ab756551d314ce87b92615f,7,7,ok
train,shiyan/data/labels/train/MAR20_2428.txt,MAR20_2428,638,65ac335d41f68e4c8fc9f5e5f1aa40ae1f955e1c0b21dd31c1894cc414737e40,16,16,ok
train,shiyan/data/labels/train/MAR20_2429.txt,MAR20_2429,154,577b74ad1df38a7666e847ba085d74965fb31e6d051bdeb68e15454d1a41636a,4,4,ok
train,shiyan/data/labels/train/MAR20_243.txt,MAR20_243,318,f84f4499a585425138fd50cbdeb5b42bad7e1d81f1373a8df6f5b146e559304d,8,8,ok
train,shiyan/data/labels/train/MAR20_2430.txt,MAR20_2430,1285,886a9d71e2265730fa959f09255e4bc7c62b3bc11e67e7c3e50016f6be0d4810,33,33,ok
train,shiyan/data/labels/train/MAR20_2431.txt,MAR20_2431,390,32a06850a86dec45f1ab5d03e14b924e98fd88b9981259c5e4bc65092e76c195,10,10,ok
train,shiyan/data/labels/train/MAR20_2432.txt,MAR20_2432,115,79b5c7310ed26b03cfb9327d574a934044e36ac844a905985a1b7a1beefa185e,3,3,ok
train,shiyan/data/labels/train/MAR20_2433.txt,MAR20_2433,118,4186c8cbef30a76b94c25abd655ae75224db197739cab55c81e04f77a98b7728,3,3,ok
train,shiyan/data/labels/train/MAR20_2434.txt,MAR20_2434,438,5edb343a62449ba2c1065a1807d0fc10987075c2d8d402fe4a12caeeb58bb099,11,11,ok
train,shiyan/data/labels/train/MAR20_2435.txt,MAR20_2435,438,3ce2a3c23de3fa946bf306c5dc65803e395290589d6cb1d034c6a121e143af45,11,11,ok
train,shiyan/data/labels/train/MAR20_2436.txt,MAR20_2436,196,72ec866ae9d73d6080c66add56cc98e1477e9c33069bba4411f72695e5a6bc52,5,5,ok
train,shiyan/data/labels/train/MAR20_2437.txt,MAR20_2437,193,2d8155909ff46d88953ab99b79cb15b0fa831de293b15b5a8a8ea723b1835cd7,5,5,ok
train,shiyan/data/labels/train/MAR20_2439.txt,MAR20_2439,318,9168708e6dd1c3ebdfdcbcf39afe93ee119abc107c52fb793c44b6d553bab7d7,8,8,ok
train,shiyan/data/labels/train/MAR20_244.txt,MAR20_244,158,78dbd7b0378f7cda9e6900280b057dcb43d5488e0114df020c01cde03d237ee7,4,4,ok
train,shiyan/data/labels/train/MAR20_2440.txt,MAR20_2440,238,d7a4c3dabf3d28bc5c858ab8e992cc69a0607633c00c52f2c82ac9c968d1a603,6,6,ok
train,shiyan/data/labels/train/MAR20_2441.txt,MAR20_2441,278,983c6cdedf49642a930224907607ae2c046baf5905f5d47d04cf232cc4584aeb,7,7,ok
train,shiyan/data/labels/train/MAR20_2442.txt,MAR20_2442,238,d0420f489a6a60b13302ed621852bf3a35d8fd6a5e1c08e180617ec244321c61,6,6,ok
train,shiyan/data/labels/train/MAR20_2444.txt,MAR20_2444,358,9f0d0789e4085f9fbe36acd46a91bfbdc7bf42b7432b6c96f6c6b7b0021e80f9,9,9,ok
train,shiyan/data/labels/train/MAR20_2445.txt,MAR20_2445,78,c64c6f5085b78debab15f74327cba866b30b46dd2aa3aa43dda7f48954dc94b5,2,2,ok
train,shiyan/data/labels/train/MAR20_2446.txt,MAR20_2446,198,57512b4f9bfbcb8af84d6e8827064561f22416603ca4a5f42d17d185680b9a83,5,5,ok
train,shiyan/data/labels/train/MAR20_2447.txt,MAR20_2447,396,6ad9479e06370eab60720a26fafb41c6c59fc9c08988b2a9fc16b876eb54e7ae,10,10,ok
train,shiyan/data/labels/train/MAR20_2449.txt,MAR20_2449,193,b6e5cb972234a4920d0f5fcefab19548e83b1a83fd2a828ea61cbfa398504517,5,5,ok
train,shiyan/data/labels/train/MAR20_245.txt,MAR20_245,358,4acbb651e0719e825612c3134af32a01f99b5f0c041d3d705fde1a491bd50555,9,9,ok
train,shiyan/data/labels/train/MAR20_2450.txt,MAR20_2450,158,0a0d00d6d4b636d5961f92a7a52d20eb305f5890ae57fca500f89129b0da27c5,4,4,ok
train,shiyan/data/labels/train/MAR20_2451.txt,MAR20_2451,118,2330a9468da6fb41cb2c5d21bf833cc67093d3ce151c22c790b08ddddbd34cec,3,3,ok
train,shiyan/data/labels/train/MAR20_2452.txt,MAR20_2452,718,d780bc3d19e0e9fb920309d3ee46c96a0777d98ab4ec4a225b4467e1ca35b0e6,18,18,ok
train,shiyan/data/labels/train/MAR20_2453.txt,MAR20_2453,117,ae007f80e7d01fbbe67165fb35791f4cf74853132151b0f8aab3ddffdb435321,3,3,ok
train,shiyan/data/labels/train/MAR20_2454.txt,MAR20_2454,77,7034897e95dd32df5814d729676bd7ee0818d3ee8f537c0a4254b82e5941869e,2,2,ok
train,shiyan/data/labels/train/MAR20_2455.txt,MAR20_2455,158,7a0a8e94c7c18364356a088d13f21a7c7b9b5afe45f378dfc3fa4c351b6d3a9a,4,4,ok
train,shiyan/data/labels/train/MAR20_2456.txt,MAR20_2456,234,820ed7a8aa39811b9af699289df4e62bb0124cc32e983629287f7034e9a59e87,6,6,ok
train,shiyan/data/labels/train/MAR20_2457.txt,MAR20_2457,158,9de8fa4721ac30f206d738a085a8c74a030e3471c84b8b5e8aa17c1e819b966f,4,4,ok
train,shiyan/data/labels/train/MAR20_2458.txt,MAR20_2458,318,b05ebb12b83c246f0618e18f5e451492d8d3c7eede4a5f6d77c751a266c827e4,8,8,ok
train,shiyan/data/labels/train/MAR20_2459.txt,MAR20_2459,118,f85a97f76afb655f37357f54e6aaa2143eb7f8a5253cf160352209c28a2ca646,3,3,ok
train,shiyan/data/labels/train/MAR20_2460.txt,MAR20_2460,318,51f372420cf144f45bedd1d36e044b27e091fdc3282cee0fb70c002497ba1a7c,8,8,ok
train,shiyan/data/labels/train/MAR20_2461.txt,MAR20_2461,198,d71efa0e73c67030b7edc479869201fa7989f6f09bf7e7d16892104af420d75b,5,5,ok
train,shiyan/data/labels/train/MAR20_2462.txt,MAR20_2462,718,56070f6acbe9f69680b060c144ab6f7bea3029d3a656d1430abfe0c68b4c6c77,18,18,ok
train,shiyan/data/labels/train/MAR20_2463.txt,MAR20_2463,38,2efc1e88263cd00848c2828fb864cf5feda305b2dc4140417a8d1426b1be6f04,1,1,ok
train,shiyan/data/labels/train/MAR20_2464.txt,MAR20_2464,238,b10db26feb543f9da2c4e35bbc326446d31c26bc1dd5ebb1d4814324169644ab,6,6,ok
train,shiyan/data/labels/train/MAR20_2465.txt,MAR20_2465,118,6c21167305e8308e13b0d3b8613f6e36640af24b699c4b0dc76858bdb94e3caa,3,3,ok
train,shiyan/data/labels/train/MAR20_2468.txt,MAR20_2468,278,131dfa6a5a50bdaf33a2e81af6abf774f2623fd082eaca8da1753f65a78bf80b,7,7,ok
train,shiyan/data/labels/train/MAR20_247.txt,MAR20_247,198,11ed616924ff5b5abaff03d6df0b5d2346eda74687f90fa3371b184b04b571ab,5,5,ok
train,shiyan/data/labels/train/MAR20_2470.txt,MAR20_2470,398,c8c451cf49876ab1ff7b0fbf04cf1454c2493736116db117a832da3ef0cbbe43,10,10,ok
train,shiyan/data/labels/train/MAR20_2471.txt,MAR20_2471,118,0011a8532721830a1037a451abea114ca2c1a287d1afab3ffa0ef592940baf1a,3,3,ok
train,shiyan/data/labels/train/MAR20_2472.txt,MAR20_2472,198,84d5d2142f15535b40fd8e2b534fcd7b0ce3611f172f4d9563a6d95c5807f02a,5,5,ok
train,shiyan/data/labels/train/MAR20_2474.txt,MAR20_2474,78,101e19f50362fe38148864ee35842d8e0eca41b61ebc18263d1c40ea90c3c083,2,2,ok
train,shiyan/data/labels/train/MAR20_2475.txt,MAR20_2475,398,580b20c58e8f589746e20dc446cc8abc18677932b26da01103682506ba836050,10,10,ok
train,shiyan/data/labels/train/MAR20_2476.txt,MAR20_2476,198,205759a56fb41baa631ad359b0644f3aeb80e30d765d4a307f8a246b44eb2a57,5,5,ok
train,shiyan/data/labels/train/MAR20_2477.txt,MAR20_2477,824,376a09a3a3ebc4d3055b44878f88b712af6a8c04177a0371524fe34b0c5d81ab,21,21,ok
train,shiyan/data/labels/train/MAR20_2478.txt,MAR20_2478,158,1ccd68eedc0c85125e0882bf9292064d836e954e965b0af0769caefd0a02880b,4,4,ok
train,shiyan/data/labels/train/MAR20_2479.txt,MAR20_2479,78,1d464ec22b580f819c7d1c983117ba1bdd9108c9c38fda4516669bcc8e44b4d2,2,2,ok
train,shiyan/data/labels/train/MAR20_248.txt,MAR20_248,478,d82cda238a6c9085afb9d93bbd3245c361e0aef464f8930d8a1a97818a88296b,12,12,ok
train,shiyan/data/labels/train/MAR20_2480.txt,MAR20_2480,232,98f862349cc8b3e54002099f68cd8354936b4fb09f36e54e49a50a9d2fe559a3,6,6,ok
train,shiyan/data/labels/train/MAR20_2481.txt,MAR20_2481,157,b463cd2311cdcef9ff2f3c85482af8c7e7afc162f533afc371eee7b4c8bb9291,4,4,ok
train,shiyan/data/labels/train/MAR20_2482.txt,MAR20_2482,193,f9486a2b72dab7c907314877c7da41bbdd728f0db46311d57e3f23f05b8884b1,5,5,ok
train,shiyan/data/labels/train/MAR20_2483.txt,MAR20_2483,388,2b50d1033e59669daaaf175fec0f64cbe6f5995780248ad03bdf892c203b8c53,10,10,ok
train,shiyan/data/labels/train/MAR20_2484.txt,MAR20_2484,193,1671062f1145d76f8f5c3d06254dd9a4dc76e1700744e18bf28e60d3ca2f62df,5,5,ok
train,shiyan/data/labels/train/MAR20_2485.txt,MAR20_2485,115,1fa2356e81154734e860c1eb2820a4dc56637f381c22284e5326777c940b046e,3,3,ok
train,shiyan/data/labels/train/MAR20_2486.txt,MAR20_2486,238,fda0ef58cb1242317648c4739ee80b8ca617a30178e75e5fd8f09b9f74a5f24f,6,6,ok
train,shiyan/data/labels/train/MAR20_2487.txt,MAR20_2487,278,45e2f4402b99c555e96af93110cd22bd2100d1e01530c829b2ca87637db382d8,7,7,ok
train,shiyan/data/labels/train/MAR20_2488.txt,MAR20_2488,78,74af76304088ec328593e7c573296acb368f7cf7eaf9c939eb16ceeec1d494b2,2,2,ok
train,shiyan/data/labels/train/MAR20_2489.txt,MAR20_2489,315,9b93dcebfc8cd0e823ef608e8ffc6052ce4e1af7c84abf3ea4b6d364605f2998,8,8,ok
train,shiyan/data/labels/train/MAR20_249.txt,MAR20_249,318,f757cb18910ef13cde7fe61ab748cabe04bec8323981eb373d40c3427f75b3e9,8,8,ok
train,shiyan/data/labels/train/MAR20_2490.txt,MAR20_2490,198,1dfc5b471e027387e7e1a9057187a177a2c85def714a00bf9aaf7627ede7b4ce,5,5,ok
train,shiyan/data/labels/train/MAR20_2491.txt,MAR20_2491,544,1341b3cd13145260e86ad8f93b1379568bee609adc0446cf6f88b452b4e827be,14,14,ok
train,shiyan/data/labels/train/MAR20_2492.txt,MAR20_2492,238,49f0e957ecb0754a1d61aaf283141e4bec2d38cc5be57be5a1b59a6e6f1bf2e3,6,6,ok
train,shiyan/data/labels/train/MAR20_2493.txt,MAR20_2493,154,bbe2db820f80396660978a6e8712086b3515cee55e74621e654a5d1f1d076ba9,4,4,ok
train,shiyan/data/labels/train/MAR20_2494.txt,MAR20_2494,272,3180e1288bdd2ccadba0efb52314e8ba1103daf087dd796f99345e01a3365900,7,7,ok
train,shiyan/data/labels/train/MAR20_2495.txt,MAR20_2495,158,893fea0abfba55e78c963e25f2a7cb7a73d78dc9faaddf243c0eaa0b20d04703,4,4,ok
train,shiyan/data/labels/train/MAR20_2497.txt,MAR20_2497,198,83bce5ff438d01ca4504be0301c900855157b11239f18d1ba7c00c7cb7de0708,5,5,ok
train,shiyan/data/labels/train/MAR20_2498.txt,MAR20_2498,310,33cb23502c734b89323a6e8afeaeb232ca11895d20ac926e5afc13cfb7260227,8,8,ok
train,shiyan/data/labels/train/MAR20_2499.txt,MAR20_2499,398,2ca27289d9662879b15a420fc06f07b4647f54f22754e947698edbfe8745ab16,10,10,ok
train,shiyan/data/labels/train/MAR20_25.txt,MAR20_25,154,334c1740f44f02ec955c391b748673bd09e72d3f6de1beea3aa69bb4b2499aa6,4,4,ok
train,shiyan/data/labels/train/MAR20_250.txt,MAR20_250,318,e51f7c0987761f8dc5f8ef926905c7a06179a963f2c9e6aec27c76408299b886,8,8,ok
train,shiyan/data/labels/train/MAR20_2500.txt,MAR20_2500,318,62b0690edccb6ef6706e513fbf95011a9ac4b08f7807889486a8857be3ae61ff,8,8,ok
train,shiyan/data/labels/train/MAR20_2501.txt,MAR20_2501,598,5dd4e585caa08d7045944012d01c09bcd1f17987e5f0bd5041b192b50e78f4de,15,15,ok
train,shiyan/data/labels/train/MAR20_2502.txt,MAR20_2502,238,bd0f29d9c3c7c87e0e23e0a9cf102eac75e97011a8447f081fb884e42133e057,6,6,ok
train,shiyan/data/labels/train/MAR20_2503.txt,MAR20_2503,116,a330c830ef6298106e38ed8ceca32858b632f73a5a2e7251170545cde66ebb5f,3,3,ok
train,shiyan/data/labels/train/MAR20_2504.txt,MAR20_2504,1038,1a6eea47aa56f5583ab2e0bbec93f16f3f7b70698a804a9778b309cfba012f87,26,26,ok
train,shiyan/data/labels/train/MAR20_2506.txt,MAR20_2506,388,b46ec000e1b8c87071faa6376f4fc56705c6727a62fd65cae9bb1055fa7448b1,10,10,ok
train,shiyan/data/labels/train/MAR20_2507.txt,MAR20_2507,193,a597914fbdbc405fb97b572f22844f9a391d0fb84392518d26d0cddb4bfe073e,5,5,ok
train,shiyan/data/labels/train/MAR20_2509.txt,MAR20_2509,116,645eccccf21094849e2b1ff60f639b5e00acea20eb9badf90f0432b1c3766272,3,3,ok
train,shiyan/data/labels/train/MAR20_251.txt,MAR20_251,318,62b79762910f9992f646558fb70229fc24aa7aed8382c9ffaaaa40c5522f9883,8,8,ok
train,shiyan/data/labels/train/MAR20_2510.txt,MAR20_2510,193,cfb3859fecb67bd6a9eeca157d3932cfda24176942210822d9f481499bd93fda,5,5,ok
train,shiyan/data/labels/train/MAR20_2511.txt,MAR20_2511,158,a4179fcbbcc279f433486284e81c9392e8721b311a9c3b4323f961269c6ad317,4,4,ok
train,shiyan/data/labels/train/MAR20_2513.txt,MAR20_2513,37,d17d55d190441c8983107510bfb219cf9a897c1f4b395d8b8ca8d54f28bad97a,1,1,ok
train,shiyan/data/labels/train/MAR20_2514.txt,MAR20_2514,38,1a9820408be851fdf9b7ba60aecd4f20f444d89e38dc181e5305c0fc10a3576f,1,1,ok
train,shiyan/data/labels/train/MAR20_2515.txt,MAR20_2515,78,43e9642927b6ea34598672279d8bcd37933dc0e559e43890105bc75e119b6906,2,2,ok
train,shiyan/data/labels/train/MAR20_2516.txt,MAR20_2516,158,2090918dadb4cc154cf2f3fc5883d007977823e2777d3bbc5b55e768a4af9dc3,4,4,ok
train,shiyan/data/labels/train/MAR20_2517.txt,MAR20_2517,275,9c1b138b62ccf1ce62018b74b78b0cd6f287493abab0e8b0cd1e9009577ad9cd,7,7,ok
train,shiyan/data/labels/train/MAR20_2518.txt,MAR20_2518,118,2e2feb3bb3e5bab3828fd9114b99c79033733b30175f4df2857e5ed5d98162ef,3,3,ok
train,shiyan/data/labels/train/MAR20_2519.txt,MAR20_2519,318,eb7700984de4903c9b0af831a83e5e66cc6dc6999be57c0bdd769a2055f725eb,8,8,ok
train,shiyan/data/labels/train/MAR20_252.txt,MAR20_252,318,5ad8b34e1ee207be881bf9a8325f2f2886ef1ff624d940541b2098565321bdb1,8,8,ok
train,shiyan/data/labels/train/MAR20_2520.txt,MAR20_2520,115,1814733166f5cb3227127831a91f4ded63dff7130b47d0646ea943bc40d55135,3,3,ok
train,shiyan/data/labels/train/MAR20_2521.txt,MAR20_2521,278,30ca92bfaa7ee211fd0bcbfd834eb6fff4109d46174e36b6eed5085906fe03cd,7,7,ok
train,shiyan/data/labels/train/MAR20_2522.txt,MAR20_2522,158,74df7d60b11251f84cc408a6e5ea73e7beb9928a460bb28799dee4081a797fd5,4,4,ok
train,shiyan/data/labels/train/MAR20_2523.txt,MAR20_2523,236,cb547d4be067da852da5c938950d0a21ec40a6dd5f06c967f02daa63df7c43ea,6,6,ok
train,shiyan/data/labels/train/MAR20_2524.txt,MAR20_2524,198,e52c7b7b84db2b8da926341942d98dbff6416167d9e200bcb8ccf0b68ecf845a,5,5,ok
train,shiyan/data/labels/train/MAR20_2525.txt,MAR20_2525,115,9bc70cc4c6546fa5c9a2e49c76cac544bd19fd2e10201c57b1fd3a1237ea0f6d,3,3,ok
train,shiyan/data/labels/train/MAR20_2526.txt,MAR20_2526,115,f14aab6cb90225332a3a30c1ed1dececa6f3ae08b3f7e952a8f00bd9d5ea7196,3,3,ok
train,shiyan/data/labels/train/MAR20_2527.txt,MAR20_2527,154,3fbbd4ee6438e8b7632911d239fca4fd3ca8252af838f83402932d16136ed6a6,4,4,ok
train,shiyan/data/labels/train/MAR20_2529.txt,MAR20_2529,158,a7519857c67e062eff29e99398413826092658c544d5920343e91e9fc9400c44,4,4,ok
train,shiyan/data/labels/train/MAR20_253.txt,MAR20_253,238,20edb173d20f2708147b4c1c15e1b12b2e6ce8001cc7fd6dc9379a0e627a881d,6,6,ok
train,shiyan/data/labels/train/MAR20_2531.txt,MAR20_2531,158,7cd8333fc78dac62aaed55ad70d9c5ab194087ab6a7f3ff69fce84c17fb4283e,4,4,ok
train,shiyan/data/labels/train/MAR20_2532.txt,MAR20_2532,438,06a480896cb10e99bb5ec6fcf0185e6ae90d0c0f52354202ff9a5c484d9d5b71,11,11,ok
train,shiyan/data/labels/train/MAR20_2533.txt,MAR20_2533,158,21d21fc6018e5c5128d06f4009b134f6fdc4654827bab2cc0b1d3f275b72855a,4,4,ok
train,shiyan/data/labels/train/MAR20_2535.txt,MAR20_2535,198,3f72b026f21d190bc79ead748b0e2a18e8009b5843fbac0c4b40e53a2f268425,5,5,ok
train,shiyan/data/labels/train/MAR20_2536.txt,MAR20_2536,78,2c024bf153b74784f2240f68b88e8d9a71521aaad3e9dca812bbb37f40b9cfb3,2,2,ok
train,shiyan/data/labels/train/MAR20_2537.txt,MAR20_2537,278,dc9c4c53d3dd1e7c72ce1d8a208dec7198a1f7b28c84e746986cce6e6f3acd55,7,7,ok
train,shiyan/data/labels/train/MAR20_2538.txt,MAR20_2538,38,8b8319f18b32a2c843ced83d0ef217a1109f8a366b288e18173708903a8fdf63,1,1,ok
train,shiyan/data/labels/train/MAR20_2539.txt,MAR20_2539,78,7bc09976ea02010b559aac9fec471e831934b2ff8b9d45a9f6c56da9247a980c,2,2,ok
train,shiyan/data/labels/train/MAR20_2540.txt,MAR20_2540,118,e593698cb275598bdd47ac17661f68796848a19b79744a57f27930a648c39226,3,3,ok
train,shiyan/data/labels/train/MAR20_2542.txt,MAR20_2542,312,b383ba8456d02fc474df9d9d59eac1475f92645f5548ac5a7e5eff681631902d,8,8,ok
train,shiyan/data/labels/train/MAR20_2543.txt,MAR20_2543,38,de8d887bef3ee8c258cf755de0fbd4f5f5d2ac243e49516c684d76f25f5458af,1,1,ok
train,shiyan/data/labels/train/MAR20_2544.txt,MAR20_2544,78,3e29783ee3c95dbe9840b69ca860019ff8861644481fe87b95f8a03bbc6a9a1a,2,2,ok
train,shiyan/data/labels/train/MAR20_2545.txt,MAR20_2545,587,7580ce2d880c5da2a7c4126cf50525792cacede7439ef6069d2cdbee6858e15b,15,15,ok
train,shiyan/data/labels/train/MAR20_2547.txt,MAR20_2547,198,2d91693e63b0144c325472a3b716bec66c9f67f7e4771ae33c5d19ac2245e89f,5,5,ok
train,shiyan/data/labels/train/MAR20_2548.txt,MAR20_2548,37,215559ed705bc5ae7fb84f58eda4097242f39e3bf719e485ffabe58e6cc6024f,1,1,ok
train,shiyan/data/labels/train/MAR20_2549.txt,MAR20_2549,193,e0c45ab0d6ae166f79abcf6162bab2adaa29b5044d96a841c59f6f540a60f59e,5,5,ok
train,shiyan/data/labels/train/MAR20_255.txt,MAR20_255,158,999ffeec52fc65a799396968071720190bbbf174f50f9261888f104be005bf18,4,4,ok
train,shiyan/data/labels/train/MAR20_2550.txt,MAR20_2550,156,4bb8cda472fdc01b0d8df6284755edbdd40ba42f27d8f82a19d6daabd8eb232a,4,4,ok
train,shiyan/data/labels/train/MAR20_2551.txt,MAR20_2551,389,6b2485b139d025efcf3d4264cf56e2135bb787d4527e59d6892ce3505fc2600d,10,10,ok
train,shiyan/data/labels/train/MAR20_2552.txt,MAR20_2552,358,138e29f1bb3f35e7ca7ebfa6f7125f5fedb81cd387bd9f6bddd9eb452ed9c66b,9,9,ok
train,shiyan/data/labels/train/MAR20_2553.txt,MAR20_2553,118,41c7751cff2d18c5ae06e0ef65096836a2abb5df23c7397b4e81413cb3a1807e,3,3,ok
train,shiyan/data/labels/train/MAR20_2554.txt,MAR20_2554,38,6d179f483d6af68919d28fc30934b02ba1cf94beb43154e7021b9ea852c46f1a,1,1,ok
train,shiyan/data/labels/train/MAR20_2555.txt,MAR20_2555,358,4e5a43d076e093859a1b411567c00dcebd8b67d09ac8a60eca48281fe97f4850,9,9,ok
train,shiyan/data/labels/train/MAR20_2556.txt,MAR20_2556,438,0d235aa0fc0aaa895755e19e0544abe66fdb185a2dbdecf0da21ef52314b7bb1,11,11,ok
train,shiyan/data/labels/train/MAR20_2557.txt,MAR20_2557,318,8dc985031133d4abd0692c892405f8b99787fceebc8cb1bd84d566d4ea17da5d,8,8,ok
train,shiyan/data/labels/train/MAR20_2558.txt,MAR20_2558,118,ac64e2c9c0969edc4967ab48a78cf12736b0cb4479096bbbd9bc5cf40a80c30f,3,3,ok
train,shiyan/data/labels/train/MAR20_2560.txt,MAR20_2560,238,705b7afea2df135e10d1c8a639e3e800d06294efb6c47b16f195c97fc6dd5846,6,6,ok
train,shiyan/data/labels/train/MAR20_2561.txt,MAR20_2561,118,8dca405c793e8f77fcaece861e7d668f10cb8cd4e2a63311a237e2f23c85af3f,3,3,ok
train,shiyan/data/labels/train/MAR20_2562.txt,MAR20_2562,118,34a77dbc883e9a861924c41964cb98f4a246b8e37e83fcbedab191fa64aa8189,3,3,ok
train,shiyan/data/labels/train/MAR20_2564.txt,MAR20_2564,158,f36b213783afa0050e099bf01dcdd6054f53d4fe34b1ab3b2b6ab12db2b7511e,4,4,ok
train,shiyan/data/labels/train/MAR20_2565.txt,MAR20_2565,318,9dcb70acfae601db1cd2191d26b95c4e043c85e17b0997a303078c645c41bc21,8,8,ok
train,shiyan/data/labels/train/MAR20_2566.txt,MAR20_2566,118,93e157622db58170105eeffc09d236264132982f3af801f4ea3709e6a7e17d40,3,3,ok
train,shiyan/data/labels/train/MAR20_2567.txt,MAR20_2567,358,d29a31c8f8549499d4dbcf52d8dd10d97d24353f78fd6a0c7d07fd36c678f1e7,9,9,ok
train,shiyan/data/labels/train/MAR20_2568.txt,MAR20_2568,193,1469dc16b34e1080cfe0ccb4817fd364ecdf15c9fa377e7633fe8d10ca83543d,5,5,ok
train,shiyan/data/labels/train/MAR20_2569.txt,MAR20_2569,438,17a8ba0676d23f86b1c5be4125bb939d69089388781b77c6f318d9a7fd79882b,11,11,ok
train,shiyan/data/labels/train/MAR20_2570.txt,MAR20_2570,38,168102fd3d5767072a17d44641af0d8e961f1b86764cb52af89968976ba2feb1,1,1,ok
train,shiyan/data/labels/train/MAR20_2571.txt,MAR20_2571,478,382315b86c5e9dfcf16daa5a68cdedeedffe74f95ea8635a4d49400bceb287f2,12,12,ok
train,shiyan/data/labels/train/MAR20_2572.txt,MAR20_2572,349,ce8730b4822784d921d83b6c2b741ef63ed43cf1b15361dc1467394615fab450,9,9,ok
train,shiyan/data/labels/train/MAR20_2573.txt,MAR20_2573,198,60214b9987d50ed860a926e8f1fbbeb8648604e49c36f043a6ab0f1225c5008f,5,5,ok
train,shiyan/data/labels/train/MAR20_2574.txt,MAR20_2574,310,c9e6a36c758cebe810d237ccab8bbac9cc0768f6f59a271f0ed0f5cd51786f09,8,8,ok
train,shiyan/data/labels/train/MAR20_2575.txt,MAR20_2575,271,5bcaf78fed6923d2996d8ec99ed2f45073a352a6c806f7ad3b300e00adb09874,7,7,ok
train,shiyan/data/labels/train/MAR20_2576.txt,MAR20_2576,238,0f28825af0e7757c0c97ae664288fc08f51baf611ae3411b993ec565af25eef1,6,6,ok
train,shiyan/data/labels/train/MAR20_2577.txt,MAR20_2577,193,1909e2dc67ffd9d75a20d55be7ffc0ba052de9265711b5dfd8101f967e7c89d1,5,5,ok
train,shiyan/data/labels/train/MAR20_2578.txt,MAR20_2578,273,88519262691716ae74a7cceb188d2ef1c55d6f6ee6852e8ef318dd1ff4520597,7,7,ok
train,shiyan/data/labels/train/MAR20_2579.txt,MAR20_2579,158,b5791825c9e287507ecde5e0ddb1131948bdbd0df265c93e6d5cf664aac39741,4,4,ok
train,shiyan/data/labels/train/MAR20_258.txt,MAR20_258,238,95bc3474a7e6939ceb3b5abeba94022b05453cadd23d28b4b3d5819449f22fc0,6,6,ok
train,shiyan/data/labels/train/MAR20_2580.txt,MAR20_2580,154,ac40383186cdb0f067ed815e3728ae64d8340a5dba8a61b18ebf4d975816ef77,4,4,ok
train,shiyan/data/labels/train/MAR20_2582.txt,MAR20_2582,158,cd21b70d5af20485af2f39cd91afc99773445429eb99f74dcf137c1edeaae6e9,4,4,ok
train,shiyan/data/labels/train/MAR20_2583.txt,MAR20_2583,158,909255f922eb5b8585560f2d07d123d789d082742e59a1a37b4161e3e13c2ed1,4,4,ok
train,shiyan/data/labels/train/MAR20_2584.txt,MAR20_2584,193,73e4994fc9db34119af645fc040c0ba8efe78271680b2511efba143423879604,5,5,ok
train,shiyan/data/labels/train/MAR20_2585.txt,MAR20_2585,118,cd756c12c33fe53a376a85cff998901729cb18515546272b56e3b769a1ebfc4a,3,3,ok
train,shiyan/data/labels/train/MAR20_2587.txt,MAR20_2587,118,7c294f2859540c50391df34cc8a349ecd906af13a8c2f5c5a5fe46d3589cfc35,3,3,ok
train,shiyan/data/labels/train/MAR20_2588.txt,MAR20_2588,193,3269b405a129dc570e898a04126b613727d9633b61d0faf57612a5f9dd5dfc7d,5,5,ok
train,shiyan/data/labels/train/MAR20_2589.txt,MAR20_2589,158,a5e4e2f9de235a353fcbfdb1c9daf23fa5c0d865537d268d7050ad6ff64f78e8,4,4,ok
train,shiyan/data/labels/train/MAR20_259.txt,MAR20_259,318,eac66ef61192a5e60aa639c82d1a80061b6c7698ea4b607d8aa55db43b3068ae,8,8,ok
train,shiyan/data/labels/train/MAR20_2590.txt,MAR20_2590,118,77402e8557110dc856bb906e6d9c9e232c2f35e38ef4277b0c09008675e04032,3,3,ok
train,shiyan/data/labels/train/MAR20_2591.txt,MAR20_2591,518,f26f9b5ad95e5417b2e04ab1c84c03758fe94d4e40cd7f9438284b2c866a5685,13,13,ok
train,shiyan/data/labels/train/MAR20_2592.txt,MAR20_2592,198,2489474a849e605a06933a7238f0c358f74636f21354cf4a6f616bc803f3b5d5,5,5,ok
train,shiyan/data/labels/train/MAR20_2593.txt,MAR20_2593,118,a03756b18d6a7c7171b079e1448678e52ef592665c9cd10653d7635c588838c7,3,3,ok
train,shiyan/data/labels/train/MAR20_2595.txt,MAR20_2595,198,2ad00d7512874db633b89838b360bd2bfeab0792781ad2a3c3e750eb95b22ee6,5,5,ok
train,shiyan/data/labels/train/MAR20_2596.txt,MAR20_2596,158,91a9a41aefe981a26a053bb90f5adc8d3b1f11e288da7161c3a9835346996471,4,4,ok
train,shiyan/data/labels/train/MAR20_2597.txt,MAR20_2597,196,738aad8325a4108f12d772bc5b98694ef6a1909e67725edd43cac67cf4db9d53,5,5,ok
train,shiyan/data/labels/train/MAR20_2598.txt,MAR20_2598,38,0af286647eed3b282e9832f788a93bb9a2a248532c7f5f4de104a0a67ced59f6,1,1,ok
train,shiyan/data/labels/train/MAR20_2599.txt,MAR20_2599,78,c2ed066b3983fea67d6a768e10c346009ecf48b573020bfbbd152fdd2409ee16,2,2,ok
train,shiyan/data/labels/train/MAR20_26.txt,MAR20_26,76,4c05bb29608927a370050c6410f2e232804a94315c14eadadd4a183494c74eae,2,2,ok
train,shiyan/data/labels/train/MAR20_260.txt,MAR20_260,278,280e9a2a406b0513b956e0694e6c4b52ad28319661caa5fc6ce739c413f5e8b5,7,7,ok
train,shiyan/data/labels/train/MAR20_2600.txt,MAR20_2600,198,0fe4feb2ee3cf2d9b8ab686be0024758759267eaea816f4aca9b4af8127aee64,5,5,ok
train,shiyan/data/labels/train/MAR20_2602.txt,MAR20_2602,358,ccf9b24dfdde60a1de1a159c84e8fc57777699ca1d4324cd401cb24778139aae,9,9,ok
train,shiyan/data/labels/train/MAR20_2603.txt,MAR20_2603,78,aa621ee0114867c91315db9182634e4473b008e1e1b20ee04701886c80a70c57,2,2,ok
train,shiyan/data/labels/train/MAR20_2604.txt,MAR20_2604,78,0ae197426ed178b2eac8d0f0270ba51184387153cad458b388c4f71c3a8c2faa,2,2,ok
train,shiyan/data/labels/train/MAR20_2605.txt,MAR20_2605,158,5c90f2c8f345a765137396040827f79a3fac1000809e1993690eb951124d6c39,4,4,ok
train,shiyan/data/labels/train/MAR20_2606.txt,MAR20_2606,318,886fbb9647aa185d66b9103f358cd9bcb05de5413093c17286302d15b4696008,8,8,ok
train,shiyan/data/labels/train/MAR20_2607.txt,MAR20_2607,38,e87cf14ba2bef38be94d4a02e59ee0bf619b727e6bbcc657f8f9b5e61cab2500,1,1,ok
train,shiyan/data/labels/train/MAR20_2608.txt,MAR20_2608,118,d440709cba1879a367b4daa299c38d1cb0101b57ed7cf5b7df92b261267c9810,3,3,ok
train,shiyan/data/labels/train/MAR20_261.txt,MAR20_261,438,cda57c21f6466ed8dd3091548cad1744fcf3fcf455bee8d693f94d5bbf2d1df5,11,11,ok
train,shiyan/data/labels/train/MAR20_2614.txt,MAR20_2614,358,6d3da1cf2d73ff66f3c4a6b93aaa6a667c6bfced08e6bf94638fc72087f0c899,9,9,ok
train,shiyan/data/labels/train/MAR20_2615.txt,MAR20_2615,76,68a3db3443d770befc590e53b10b87d94ba16008d2dfccc91211cd9201e9ac63,2,2,ok
train,shiyan/data/labels/train/MAR20_2616.txt,MAR20_2616,76,a2b795b6827192edabedbf1c2df8502d669eb3a2597db664dae55daad803a06e,2,2,ok
train,shiyan/data/labels/train/MAR20_2617.txt,MAR20_2617,237,fa97280dcf52264c390986ed7d88c3dccc1d3dd9220551a59ee7e1d7569dc7ce,6,6,ok
train,shiyan/data/labels/train/MAR20_2620.txt,MAR20_2620,198,d706942ace6ef6a00b9631daf8375fca891c3c45eeac7dec5cfd3360731313fa,5,5,ok
train,shiyan/data/labels/train/MAR20_2621.txt,MAR20_2621,232,7bd826e7a7ef9dc16316989834321527cab898012e4ea700d898117fc2152f79,6,6,ok
train,shiyan/data/labels/train/MAR20_2623.txt,MAR20_2623,116,35a4106b765618a10afbfbeb65f63881322f83d430fc523620ba57026b07496a,3,3,ok
train,shiyan/data/labels/train/MAR20_2624.txt,MAR20_2624,198,44245ad377867f419679c141da2f5c80b4379f1cedfc46cacab64f33cb70b5b8,5,5,ok
train,shiyan/data/labels/train/MAR20_2625.txt,MAR20_2625,198,73cbba75571fda66c5616a190d3a1aef99f4191b9e12fafc1730a1fe6a264f7f,5,5,ok
train,shiyan/data/labels/train/MAR20_2626.txt,MAR20_2626,198,d10183721724bc0a25bad209526125f3172bc3195ebc319f26b3012cfed56a03,5,5,ok
train,shiyan/data/labels/train/MAR20_2627.txt,MAR20_2627,193,92915fc9c884a6607fdc6f65322004adba06bbb27b5acc02abba9003455391fe,5,5,ok
train,shiyan/data/labels/train/MAR20_2628.txt,MAR20_2628,78,3d5774e1c1341e23b81e808f02d8aca2759b2421a79bb9488798b7819ff7c7f4,2,2,ok
train,shiyan/data/labels/train/MAR20_263.txt,MAR20_263,358,8ae3fa28304fbf06cc9c621a522d445f63e7aa366ef0c78d7683ae2d58ed323f,9,9,ok
train,shiyan/data/labels/train/MAR20_2630.txt,MAR20_2630,678,795ec2e33bf99661b33ef27c79fb6d628b829c771a6fe3162afb39a751b6ab3b,17,17,ok
train,shiyan/data/labels/train/MAR20_2631.txt,MAR20_2631,358,2a21fafae936da990aabb6749a762c8643a194d9a4c0642ce054885d8ee75d01,9,9,ok
train,shiyan/data/labels/train/MAR20_2632.txt,MAR20_2632,158,699be5e1119b125c602bebcebc916f89c9907780b15557bc20c0b8bd4e4132c7,4,4,ok
train,shiyan/data/labels/train/MAR20_2633.txt,MAR20_2633,158,e4c54f4bfe4014b0ac3545040bcf6c06bb39c88c77d8afd4db0f9f715555cea0,4,4,ok
train,shiyan/data/labels/train/MAR20_2634.txt,MAR20_2634,117,a4a4ef4a00c42a45ac3f4627e433842bc3ee0130ab42697537bc367dfe5df065,3,3,ok
train,shiyan/data/labels/train/MAR20_2637.txt,MAR20_2637,157,ccba6851ee4be8300bc978750fa001b3073024eec8d221c579c82a1fcfc63e07,4,4,ok
train,shiyan/data/labels/train/MAR20_2638.txt,MAR20_2638,358,ad6c0663344b1a06f0c5ae554ea5d92cc83dbd0295b692e5539cc814cde2ece8,9,9,ok
train,shiyan/data/labels/train/MAR20_2639.txt,MAR20_2639,118,1931f133e3ef6a5b7eba42a572e0c7790b9abdd03514d0aa26f17ac8592dfc89,3,3,ok
train,shiyan/data/labels/train/MAR20_2640.txt,MAR20_2640,76,6b9689d9bf85fc5bcb1917af0ed4a439789dc3ea84aa2cec5af0e113c6ce0c94,2,2,ok
train,shiyan/data/labels/train/MAR20_2641.txt,MAR20_2641,238,a0d971ff81e693dc567a218336daf5694bdde561310655f00d7fdbeaa77fd8a2,6,6,ok
train,shiyan/data/labels/train/MAR20_2644.txt,MAR20_2644,193,80994d1a7d7e03aaf94c520c2b08a3e2a6598e14b653252d28e0c2e9e1ea797e,5,5,ok
train,shiyan/data/labels/train/MAR20_2645.txt,MAR20_2645,478,31c037036f78b5f7f0c89c9ad2f5772ee13bdfaae249bffcc2d764422a932430,12,12,ok
train,shiyan/data/labels/train/MAR20_2646.txt,MAR20_2646,154,a7b3fbfdbe6b5f5136d59aad683793b2817d1f6ffb9b8928c2f5a4154b22ac4a,4,4,ok
train,shiyan/data/labels/train/MAR20_2648.txt,MAR20_2648,195,56f7cde7ed7d86d89a8a02ce831ecc84f886947b8368c31f5d5b1afbf509f3c6,5,5,ok
train,shiyan/data/labels/train/MAR20_2649.txt,MAR20_2649,438,1e7822ce7a27bd4614309a6f6137ff7861f83350d2aed8f631c54e61021254c9,11,11,ok
train,shiyan/data/labels/train/MAR20_265.txt,MAR20_265,198,8818bc9f698f5a4724acd1a836139de45c0cff8014fb179670869c6dcd629080,5,5,ok
train,shiyan/data/labels/train/MAR20_2650.txt,MAR20_2650,158,22f6bcff4ade54f6f7d63594186068476a7d5b91d3ba5a5d641fa543214e58e3,4,4,ok
train,shiyan/data/labels/train/MAR20_2651.txt,MAR20_2651,198,2d08574341d1dd5602807715ce23032c491a8550f85a31c79d0d692ef30ce7d3,5,5,ok
train,shiyan/data/labels/train/MAR20_2654.txt,MAR20_2654,238,b4b1f69bb1ab10105633ac5169316c1aee698d5ea73c4cd92806181bc5cfe7ca,6,6,ok
train,shiyan/data/labels/train/MAR20_2659.txt,MAR20_2659,38,69cad30be30a54969517d4e253a97b1da4de150f4c1cc1dd0e361f40a7e03a95,1,1,ok
train,shiyan/data/labels/train/MAR20_2660.txt,MAR20_2660,118,21c32037c386b8326576c87f7c973b0079aa8da6c20aa8011eb80433833dda36,3,3,ok
train,shiyan/data/labels/train/MAR20_2662.txt,MAR20_2662,118,258a1d4ec43f38360c388e9be2d4f7c7a59886764e07bf8b7cef1cf1b1d81320,3,3,ok
train,shiyan/data/labels/train/MAR20_2663.txt,MAR20_2663,38,1a601fec3ab2724039255554b4899abfb56defc83741a28821c7a557ba9d910f,1,1,ok
train,shiyan/data/labels/train/MAR20_2664.txt,MAR20_2664,115,482348af47cd9df5f7de5fd5e4ea4bfd880973878c361233184e35ba7b872796,3,3,ok
train,shiyan/data/labels/train/MAR20_2666.txt,MAR20_2666,115,3cbf68f0d25b500577b40bb13bfd06d55573e73f884f46a906e230ccc0cd432c,3,3,ok
train,shiyan/data/labels/train/MAR20_2667.txt,MAR20_2667,238,924bec00763fe92f5b3dc573b398907da051a1606c2881d4941ac7d6fcd64f71,6,6,ok
train,shiyan/data/labels/train/MAR20_2668.txt,MAR20_2668,310,3f4568c55f2d010a458a61f327818f63a9acbaa39b8d79ff83a9a0315b0342b3,8,8,ok
train,shiyan/data/labels/train/MAR20_2669.txt,MAR20_2669,278,e69c9c33a3fd71ab28c994c7175c8a566134232ce8292f4910825ddb315aaf2a,7,7,ok
train,shiyan/data/labels/train/MAR20_267.txt,MAR20_267,398,19b22f97561b0dd9f846189d604767f63b5fb05fe2a4dbe83b0f0a4abe3be1df,10,10,ok
train,shiyan/data/labels/train/MAR20_2671.txt,MAR20_2671,438,dbe268ea58927e4db729ab0fc0deb71da178f3306f8304e3ae43baf8e92cd360,11,11,ok
train,shiyan/data/labels/train/MAR20_2672.txt,MAR20_2672,118,0ba09dfb621e8035eb93ead04d5260232f6d5a7dd4ef046395f1ae5ce32a6ef8,3,3,ok
train,shiyan/data/labels/train/MAR20_2673.txt,MAR20_2673,118,d3dee023a4bca2ae5a0a41208bcac593cc1e4e5725ae2044412e6bbe86215ff6,3,3,ok
train,shiyan/data/labels/train/MAR20_2674.txt,MAR20_2674,157,5c7757c2fb07562b5bda4393df3802294646e0837f949ece5afcbe784bab53bb,4,4,ok
train,shiyan/data/labels/train/MAR20_2675.txt,MAR20_2675,37,91009940edd68b8d8aa07c1690439313d758e6703888b0f6aeb045ce268ffa64,1,1,ok
train,shiyan/data/labels/train/MAR20_2676.txt,MAR20_2676,76,bd94643215c2f08236c0c7bda0013c578a6481f5d2d63d035d4b43a6ec5f9dd6,2,2,ok
train,shiyan/data/labels/train/MAR20_2677.txt,MAR20_2677,315,93f756ac15fbacafc1728471429f5d6f45768b0906ade8558f54cc0b39f2b593,8,8,ok
train,shiyan/data/labels/train/MAR20_2678.txt,MAR20_2678,318,a47fbf07a5e8d85e8957bdf47a7bb1367f1b54ec1ede0d697414ed71dc241afa,8,8,ok
train,shiyan/data/labels/train/MAR20_2679.txt,MAR20_2679,158,e0c8d747bb8581391993172bb27896f3ddd22f46159bc5c6f28c6be4e19c4782,4,4,ok
train,shiyan/data/labels/train/MAR20_268.txt,MAR20_268,158,5316987a767c8a07137bef01e4061164f8c02f9a5f31008f059ef3312febce0f,4,4,ok
train,shiyan/data/labels/train/MAR20_2680.txt,MAR20_2680,118,50bdb12c882d389ceaca2777faa4d5448ebbc0011061ea550285ed747033cda7,3,3,ok
train,shiyan/data/labels/train/MAR20_2681.txt,MAR20_2681,310,734217b92653de1f80c80ed79f779b27820944a2df7f301976e58540ea18f48c,8,8,ok
train,shiyan/data/labels/train/MAR20_2682.txt,MAR20_2682,194,074831f741f7a3c5b335d8dbf000aea68fc401150b6133877163df6cc057724c,5,5,ok
train,shiyan/data/labels/train/MAR20_2683.txt,MAR20_2683,628,1195d995f17d752420811573703028501a441891ebe09be5559886e52079d911,16,16,ok
train,shiyan/data/labels/train/MAR20_2685.txt,MAR20_2685,238,c38e069cffbe0e7ce81ec521dd20e17fb47c8c460f532531fbd620f1c8280da7,6,6,ok
train,shiyan/data/labels/train/MAR20_2687.txt,MAR20_2687,37,10b86140f16fd0ba88c8eac5d1b54692f36ebbe0603db7b26a805a460cd1c3e9,1,1,ok
train,shiyan/data/labels/train/MAR20_2688.txt,MAR20_2688,438,d022fc8cb3b4082480ff45508b354dc7cc544698099f54075dc02a0c28798904,11,11,ok
train,shiyan/data/labels/train/MAR20_2689.txt,MAR20_2689,77,da62aa9620bdb69e2f019bff3bea86fe684c606ba1b58f1f1ca17b2f7fa762e0,2,2,ok
train,shiyan/data/labels/train/MAR20_269.txt,MAR20_269,238,ccd674c83a8c1b64bbd92f0f13936ba87bfdd847d316290d71cceefa46b14faf,6,6,ok
train,shiyan/data/labels/train/MAR20_2690.txt,MAR20_2690,154,b7f64c80453d9e2b0838b8f62a624add7472b226369eef954216ca04773523e5,4,4,ok
train,shiyan/data/labels/train/MAR20_2691.txt,MAR20_2691,118,b906b7d91178da94ab0e099aa953a86941059e72221b505b7725ee199fd146ab,3,3,ok
train,shiyan/data/labels/train/MAR20_2692.txt,MAR20_2692,353,3e3a68efb0f483fa824ee4673dd54c24cc819694d5eadd525f0535207f5ee3bb,9,9,ok
train,shiyan/data/labels/train/MAR20_2693.txt,MAR20_2693,349,ac403a4ee9efa1f390ec8dde4587c355c0a97ba0757fc0edf293cd53bc7e4d80,9,9,ok
train,shiyan/data/labels/train/MAR20_2694.txt,MAR20_2694,355,c20d2857b27efd08fdb1dbafd6e23a0be3dbb5f4ea3443ff1bc11a95ef330838,9,9,ok
train,shiyan/data/labels/train/MAR20_2695.txt,MAR20_2695,395,5f63507e9daa47760413fd87dcdab7da9bcdc847f589a7d25dbca1f47fb8e282,10,10,ok
train,shiyan/data/labels/train/MAR20_2696.txt,MAR20_2696,478,2e0068864984b326452783138d691264e078bfb60c90e567d9ddfc8fef65e02e,12,12,ok
train,shiyan/data/labels/train/MAR20_2697.txt,MAR20_2697,38,6585a0f0dc162196975ee3e5ded214713b5fbb54d6972c3d914da674a8f90b38,1,1,ok
train,shiyan/data/labels/train/MAR20_2698.txt,MAR20_2698,158,dc44c326ffa8a7ec6e94333801d744b4b7a2df0e51715606ee81e71655496f43,4,4,ok
train,shiyan/data/labels/train/MAR20_2699.txt,MAR20_2699,598,44b9af59a17086f2f92f86509b7b8b717d7aed65b8445940bfd8daf8085cccf3,15,15,ok
train,shiyan/data/labels/train/MAR20_27.txt,MAR20_27,232,0d547f6089e82758fdf39ca6ce2b28661d75b631c626d5fd29977d186a541d2f,6,6,ok
train,shiyan/data/labels/train/MAR20_270.txt,MAR20_270,158,a0a2d894923aee95cf2461d8ee661192d872aa80f3a6d61f7308bcce4b1db0eb,4,4,ok
train,shiyan/data/labels/train/MAR20_2701.txt,MAR20_2701,238,8ee9675ecb6fa0ebc42946ebe18ee5632755894d8b91efb3708250d329d49298,6,6,ok
train,shiyan/data/labels/train/MAR20_2702.txt,MAR20_2702,478,7723c335f225d50d7e488e9ba76f85ace441efb18f74e9c121daa10ad72b755b,12,12,ok
train,shiyan/data/labels/train/MAR20_2703.txt,MAR20_2703,158,8e8698fb46be2336711412464c28d2c2b19ebf88bafcd1ceda986e5422c82ac5,4,4,ok
train,shiyan/data/labels/train/MAR20_2705.txt,MAR20_2705,238,b91d138821c172f4a143b90f0cb68b2a661ea1374b7549fce19b8da090f71aec,6,6,ok
train,shiyan/data/labels/train/MAR20_2706.txt,MAR20_2706,598,18fe609c93c62677d57248467478f16b458933812733f449e57370b2911f1c6a,15,15,ok
train,shiyan/data/labels/train/MAR20_2707.txt,MAR20_2707,158,688b9752abce64d4f3bd780c5364d8499fcf7a43966d5be747fdec4f3a974908,4,4,ok
train,shiyan/data/labels/train/MAR20_2708.txt,MAR20_2708,78,97a0db80e9c177bdb9d2e5f4e52ebe7fcbd6348a361ed0992c0dc076c85fe0d5,2,2,ok
train,shiyan/data/labels/train/MAR20_271.txt,MAR20_271,232,55c3c7003f574af763c8d90d95d0fb4f7613ff3a8dc760f78fe83de0cbf96a80,6,6,ok
train,shiyan/data/labels/train/MAR20_2712.txt,MAR20_2712,233,7af2cd46af706bd273cdabd1a5346d5da2db26a0cfaaa8fb1d81decbc327f2ee,6,6,ok
train,shiyan/data/labels/train/MAR20_2713.txt,MAR20_2713,115,b8548493fab54ba2356aa6a250559ce94f966f8a5c1b1751991f57d46b7f9338,3,3,ok
train,shiyan/data/labels/train/MAR20_2714.txt,MAR20_2714,235,d78f53d755be1c5fb29f1cd09706214c6e4c6ded36e4e14955801dcaf4cbbd2f,6,6,ok
train,shiyan/data/labels/train/MAR20_2715.txt,MAR20_2715,238,c2d45658e310877e4249b342538a7ca6c956e911c40035856d918c29a821ade3,6,6,ok
train,shiyan/data/labels/train/MAR20_2717.txt,MAR20_2717,154,8e8cd5adf2f7ad28ba25fae98a62b28c1f28e23ee5d468946280320efd08f9b7,4,4,ok
train,shiyan/data/labels/train/MAR20_2719.txt,MAR20_2719,476,9e2377cdeccd2518e9ca1368313e84f4735e26f629c83635e181596a44f7da9c,12,12,ok
train,shiyan/data/labels/train/MAR20_2720.txt,MAR20_2720,518,0165b8e53077116424e5f6195906bf9b2dc7466ec25caeddbf82fe3c91e0ee72,13,13,ok
train,shiyan/data/labels/train/MAR20_2722.txt,MAR20_2722,358,24e0c542ae8f3a2aecf9d7333e0c3fd771cc25c41b3755efd110332c6affdaba,9,9,ok
train,shiyan/data/labels/train/MAR20_2723.txt,MAR20_2723,115,f383cdbb143c9bcccf42be0d7bc8b8c7eb99241495433fb2763090517ce4894a,3,3,ok
train,shiyan/data/labels/train/MAR20_2724.txt,MAR20_2724,238,bfbf8e24ac04eb2e1b03c2c3bf4418538609cb391897f13611350ef1f159f4a7,6,6,ok
train,shiyan/data/labels/train/MAR20_2725.txt,MAR20_2725,232,8f0b44bfbee03f303ad96107114d0d1d3fde1ef6723d9a49422d78f122511123,6,6,ok
train,shiyan/data/labels/train/MAR20_2726.txt,MAR20_2726,358,60126b85f1c1d90a1e692dc381c5950c154d63525a55ceacc514c8fa9f9345e2,9,9,ok
train,shiyan/data/labels/train/MAR20_2729.txt,MAR20_2729,198,dd25951ac5236e61c5f088f92b5ae6f3e262e177acc9331d04fc20199077fb8f,5,5,ok
train,shiyan/data/labels/train/MAR20_273.txt,MAR20_273,198,a1d8bb0cfb331e573c10b329d1247585de057278c698f9c107c8e94e89b9898b,5,5,ok
train,shiyan/data/labels/train/MAR20_2730.txt,MAR20_2730,278,31b2472dfeb3358ea46294165db27fcfba0f6c039345c14636116e5770a1acaa,7,7,ok
train,shiyan/data/labels/train/MAR20_2732.txt,MAR20_2732,238,bb1a188333078912dda58b3f9a98a072bc479835200af742893e45a96c9f6369,6,6,ok
train,shiyan/data/labels/train/MAR20_2733.txt,MAR20_2733,638,9836b01f34bd4697967fb9b7928625ebfb064bd67909345d969c78b5a163f86b,16,16,ok
train,shiyan/data/labels/train/MAR20_2734.txt,MAR20_2734,198,47b4714ce07cead5bd46ac3802674c7aaf04a3ab839b85b3b8424543b1840676,5,5,ok
train,shiyan/data/labels/train/MAR20_2735.txt,MAR20_2735,198,433bdea9285cbe6af2eb4b51f09e24f056c29b0693de54facb20ce87e635b8ae,5,5,ok
train,shiyan/data/labels/train/MAR20_2736.txt,MAR20_2736,238,daad9c0af825ca42a1abc48d2576c95bee4b12b6b5e366e38746191e3d42bc2d,6,6,ok
train,shiyan/data/labels/train/MAR20_2737.txt,MAR20_2737,438,8325c0e88c0126db5fb6eda99782f0521aadfee19e6e4f585768e08481a1fdfb,11,11,ok
train,shiyan/data/labels/train/MAR20_2738.txt,MAR20_2738,198,cdbc712d5a3c2c63ab1b6321d28f58974cf7ea1e5bea411a1ab4de04d8d94414,5,5,ok
train,shiyan/data/labels/train/MAR20_2739.txt,MAR20_2739,158,d652997d4f08f1001efeb0762cca33cf5f0b8c3cf9c3ad2ae7d9983c33119c0f,4,4,ok
train,shiyan/data/labels/train/MAR20_274.txt,MAR20_274,278,340a3e55913582e681eb39f4d33418a1949a486eaa86a547bed24e8b12b5878b,7,7,ok
train,shiyan/data/labels/train/MAR20_2741.txt,MAR20_2741,398,472cc2252dc9a4a980ce62a94ac1cb47af9546f9142e516721c24aa3d4286e94,10,10,ok
train,shiyan/data/labels/train/MAR20_2742.txt,MAR20_2742,38,b7ae78f198ee18f656b847efbcd333dfb526fe6579b81347eb8a652fb5455327,1,1,ok
train,shiyan/data/labels/train/MAR20_2743.txt,MAR20_2743,438,bc7b2c960a97fc93d23ec33358c1c9116a90f8f8f961ef794e952dc9cada4896,11,11,ok
train,shiyan/data/labels/train/MAR20_2745.txt,MAR20_2745,598,95beaf90871e4bdbf4328048f212da7d7295b641733f104dc989da8fde474c69,15,15,ok
train,shiyan/data/labels/train/MAR20_2746.txt,MAR20_2746,38,0409b1cd7e537de690bd6d03d022e5fa5538125f642e56fb0974aa953da5bb29,1,1,ok
train,shiyan/data/labels/train/MAR20_2747.txt,MAR20_2747,78,0522ff4295cbde00148eff81e2f95d1cec4361272a775be95389fb852610c47b,2,2,ok
train,shiyan/data/labels/train/MAR20_2748.txt,MAR20_2748,154,d54ba048f5fcb8ae7752100ac07caeab3ad85b1b879c5a35818e2a167db0f14b,4,4,ok
train,shiyan/data/labels/train/MAR20_2749.txt,MAR20_2749,158,d02787d124685c1632dd0ac30cae766217d635f04e0ffdaa69db9aef7f28c992,4,4,ok
train,shiyan/data/labels/train/MAR20_275.txt,MAR20_275,158,1f26aca15c7860a60ee48c7f5f9d949668aa886b83ffb7ed3e287ba14ff218c1,4,4,ok
train,shiyan/data/labels/train/MAR20_2750.txt,MAR20_2750,678,9a3a93aaa49bf419e71e12d1b1447dc8678eca24457d58ee220ab0c4df70bfab,17,17,ok
train,shiyan/data/labels/train/MAR20_2751.txt,MAR20_2751,278,7d8830792cc1932e93b99b5474c1f5332aab376c5e8ddade81bffc717531dd7d,7,7,ok
train,shiyan/data/labels/train/MAR20_2753.txt,MAR20_2753,396,b02e80b7d1da0601335d465b78a1e2d492458074bc91c4c365d8a038f2d3e982,10,10,ok
train,shiyan/data/labels/train/MAR20_2754.txt,MAR20_2754,278,2a012543d9e69e79164984b6a6ca940e41a796a17051b0092da4af9adc271fc8,7,7,ok
train,shiyan/data/labels/train/MAR20_2755.txt,MAR20_2755,118,db3a12ffe3e119ee09285861bf37ce06346947f7cd82927762f726b6cd7085c1,3,3,ok
train,shiyan/data/labels/train/MAR20_2756.txt,MAR20_2756,318,cacdff9b5e4293e6c571d1fd9e515745760e38dc43973d4d36b49783936ee6a0,8,8,ok
train,shiyan/data/labels/train/MAR20_2757.txt,MAR20_2757,158,9bf3fa46135758ad013a6f925936635fc6b8fc6282cb2d0772f6d061db3d4efa,4,4,ok
train,shiyan/data/labels/train/MAR20_2758.txt,MAR20_2758,198,a4a293d0d4a774fb8bc4de48ddc88fe9a02aa6e51ba88fb8a554f1421fe3644f,5,5,ok
train,shiyan/data/labels/train/MAR20_2759.txt,MAR20_2759,118,b453df750b3fe291ba3d580a482f51c7ae40e33d10a32158b3ef363c3c4203e0,3,3,ok
train,shiyan/data/labels/train/MAR20_276.txt,MAR20_276,505,88b5b2b1395b096d7f2de48ee1911a7c08317b578cbdb9ad541e2eb858ba540b,13,13,ok
train,shiyan/data/labels/train/MAR20_2760.txt,MAR20_2760,197,10b277586841f52db2c789ab05ac46c7de1ef0bcc2c5525beffa7449df27d840,5,5,ok
train,shiyan/data/labels/train/MAR20_2761.txt,MAR20_2761,38,d094337f7dcec92d05ed62cff52431be3e4b25d9c44ca7580e3a1028eee4687a,1,1,ok
train,shiyan/data/labels/train/MAR20_2762.txt,MAR20_2762,78,7fd9e4042187d269356d61cdd0507ecf4db3a69435937a621cdf79e943a2a147,2,2,ok
train,shiyan/data/labels/train/MAR20_2764.txt,MAR20_2764,238,9aba6b2736bfe4b22cad108985da304c6ab85bc416a73e159c20d193ad374974,6,6,ok
train,shiyan/data/labels/train/MAR20_2765.txt,MAR20_2765,118,11ebd26700a0de0ad91167ed5e02fa39f51a1a4630d2cb9a9128d66e35e16fff,3,3,ok
train,shiyan/data/labels/train/MAR20_2766.txt,MAR20_2766,232,2caed1f397f10df172b64660e06de3dd27a4518ccf2a1756fab372ec8d884434,6,6,ok
train,shiyan/data/labels/train/MAR20_2767.txt,MAR20_2767,118,547fe8042a7c0af7d22bc83eb63c911a9558eade86c3a1c2ce20e7bbeb71f471,3,3,ok
train,shiyan/data/labels/train/MAR20_2768.txt,MAR20_2768,198,12a9bb75fa86af0dbb2ee82e47bd26b094cecceb394dae9060270045aa28d52c,5,5,ok
train,shiyan/data/labels/train/MAR20_2769.txt,MAR20_2769,157,c9d90c8cae1f969a130216de0568476f95dad58044dceff9f5b6e53b3844c6d8,4,4,ok
train,shiyan/data/labels/train/MAR20_277.txt,MAR20_277,349,df6cb97c5aefae83caa871023fce83b631887467745742b721e29a6e8684ac93,9,9,ok
train,shiyan/data/labels/train/MAR20_2771.txt,MAR20_2771,158,99a22d7529686ee24da71a3ccc3be50e26c8aaadf5c58bf12dfab1ce2d74f6e2,4,4,ok
train,shiyan/data/labels/train/MAR20_2772.txt,MAR20_2772,198,29d72a3137e0a8652fe298a3f21b049897c474df91db3404417f4bf39bac3d62,5,5,ok
train,shiyan/data/labels/train/MAR20_2773.txt,MAR20_2773,394,642421bb0298db5fff281bb680be74f484b410e4fdea3ec90b9e841061cf99d7,10,10,ok
train,shiyan/data/labels/train/MAR20_2774.txt,MAR20_2774,118,3b3edca9e4ad457fbbbf61c346d1c1e3bb3cbf45a1ab85c41169ad983c94aa3d,3,3,ok
train,shiyan/data/labels/train/MAR20_2775.txt,MAR20_2775,278,9d3f7af041984d402d065768ebe127dca504883dc4548b3604e3e66397c9ac0b,7,7,ok
train,shiyan/data/labels/train/MAR20_2776.txt,MAR20_2776,678,1a2b3836cd2a33db13b0907bb6d0c5902b90559e019ef4e4be18f5ca1ab6a4ec,17,17,ok
train,shiyan/data/labels/train/MAR20_2777.txt,MAR20_2777,76,333e5efb3758169daefd68831aa47f0a63c618ff5587ece941e8fa739aa68591,2,2,ok
train,shiyan/data/labels/train/MAR20_2778.txt,MAR20_2778,118,76b56bd330213514a20f54e66e09c155611c896dc619b567a495585dd64d2bf6,3,3,ok
train,shiyan/data/labels/train/MAR20_2779.txt,MAR20_2779,78,c46547a461d4865b27a2525a9446fb13d94fe0cb871b9d4f4985742806763a18,2,2,ok
train,shiyan/data/labels/train/MAR20_2780.txt,MAR20_2780,278,1d41bcac244bad38778683dfe80ee3646e80f811bc1fdcdd6f35d98de0e70bd9,7,7,ok
train,shiyan/data/labels/train/MAR20_2781.txt,MAR20_2781,118,80f50b97ff9bcee307bee653a254bf261f0016308be9e720b85eb2ece4c070b9,3,3,ok
train,shiyan/data/labels/train/MAR20_2782.txt,MAR20_2782,278,4dd1e44f60ab59f02c17d682ccfae5fef1cf581e70e704bd15bf776099871632,7,7,ok
train,shiyan/data/labels/train/MAR20_2783.txt,MAR20_2783,438,b01f330074d0d7f1f4bdd4dc71333aa2fd2a787c982a6c4a6caf82e8756a177e,11,11,ok
train,shiyan/data/labels/train/MAR20_2785.txt,MAR20_2785,358,90c0b5ad67983039494fd0786401314959bb574f0f474083b929c26d60547072,9,9,ok
train,shiyan/data/labels/train/MAR20_2786.txt,MAR20_2786,558,8e24c3c185c7d5467fa617d9dc314bb5a80c216ffb354596ca8296ca29b5d82c,14,14,ok
train,shiyan/data/labels/train/MAR20_2787.txt,MAR20_2787,198,3593394ee880755fe978ba610a08e88d76477e18a97d6fd2ea8e63cde94ca7a3,5,5,ok
train,shiyan/data/labels/train/MAR20_2788.txt,MAR20_2788,78,5ca0ec21b82d75c3cf38d32eba08b63b824887021b9b83df2a72a7f05371edae,2,2,ok
train,shiyan/data/labels/train/MAR20_2789.txt,MAR20_2789,38,5b4d7138bd3d640c47304646e7551d73bbf122e1db97f24c7ce645a606ff718b,1,1,ok
train,shiyan/data/labels/train/MAR20_279.txt,MAR20_279,198,bcbfd7749670910576e64a4dae13b13dd2b6b2944f9b4f9ce4a04aee994d0c5f,5,5,ok
train,shiyan/data/labels/train/MAR20_2790.txt,MAR20_2790,238,f52c2bf6bdbadd49ea23f43be064e0a9ab36583827485b399e3b7a9dec151cf6,6,6,ok
train,shiyan/data/labels/train/MAR20_2792.txt,MAR20_2792,154,21177a3087d24f1ff7498daf26574941cc8ec0e2a1a10e9a24367b0f207cd43f,4,4,ok
train,shiyan/data/labels/train/MAR20_2793.txt,MAR20_2793,271,bdc476b2a5ea6de727a6e34f2909c59b80907147229dbd80a24625f07f7c75ad,7,7,ok
train,shiyan/data/labels/train/MAR20_2794.txt,MAR20_2794,478,841d40021135f6d4b9318fb8e91ab32fc74de883da0e83c7da64be04a4de39d4,12,12,ok
train,shiyan/data/labels/train/MAR20_2795.txt,MAR20_2795,38,dedb38c789f56a1deb7c2082f0ce3697481b9312f8783ecbc9d7e7affad5dcbc,1,1,ok
train,shiyan/data/labels/train/MAR20_2796.txt,MAR20_2796,158,3b765e24064a9e17757dc49b08752749079b4a36f2fc77307844657e48db32fa,4,4,ok
train,shiyan/data/labels/train/MAR20_2797.txt,MAR20_2797,398,70afda5fdfa209e0ef5088bb2004a4e627c941892d6e8133318039f9ecaf8d8d,10,10,ok
train,shiyan/data/labels/train/MAR20_2798.txt,MAR20_2798,314,85ddc2fc7a4ca9eef75990e0e983c0d6d8f530c49a980a07b1fa48166e03c80b,8,8,ok
train,shiyan/data/labels/train/MAR20_2799.txt,MAR20_2799,310,62d9afe2f597ec5c611950ae6814e24bd9f6cd54eecbe8d482bd9c5acd8339ce,8,8,ok
train,shiyan/data/labels/train/MAR20_28.txt,MAR20_28,115,4fd283932414f978ace3f9285f7dac9d8b2e582579d02ba1eac6c7313f5767d7,3,3,ok
train,shiyan/data/labels/train/MAR20_280.txt,MAR20_280,158,9a75e2143fffd0000e618ef4a987ec320b2f443cb2688624cf12a77943447332,4,4,ok
train,shiyan/data/labels/train/MAR20_2800.txt,MAR20_2800,1324,6bd09dec66fcb337998eda7c7b2de433033a77bb8796325908d0028869b3f101,34,34,ok
train,shiyan/data/labels/train/MAR20_2801.txt,MAR20_2801,196,c0e4d31a34463ee2ae47186de2c874ffaed283492d206058cefc1226ce8f6533,5,5,ok
train,shiyan/data/labels/train/MAR20_2802.txt,MAR20_2802,78,ea03f1a432cfab17ff2cd2f91962862cd62f613709f604ecccfc1f849275a44a,2,2,ok
train,shiyan/data/labels/train/MAR20_2803.txt,MAR20_2803,37,12fb5bdafd066d1999e68a5fb46071d12604a18b81033e99fc8bf32fae0aed51,1,1,ok
train,shiyan/data/labels/train/MAR20_2804.txt,MAR20_2804,118,89b9151aceefdb5bd090b6f56fdebdacd2297af9fa2e0fb175b6743e99d59473,3,3,ok
train,shiyan/data/labels/train/MAR20_2805.txt,MAR20_2805,275,49638c9ea10d1066955862acf3d4a8f03daf7b9ae133ae1cc164e435c9c5d23f,7,7,ok
train,shiyan/data/labels/train/MAR20_2806.txt,MAR20_2806,118,00d0aed7a348a85650fb2a997e56a133e38228bfc88b258a0045f0487b182e10,3,3,ok
train,shiyan/data/labels/train/MAR20_2807.txt,MAR20_2807,118,daafab6ac0ad04c34c59b9615b448ce51518d39ebb93842cbc48885ec3add445,3,3,ok
train,shiyan/data/labels/train/MAR20_2808.txt,MAR20_2808,238,7e1064f33823fcb340275c6bbd1c85c55b1516aec1be6809cba67ce25a5188e6,6,6,ok
train,shiyan/data/labels/train/MAR20_281.txt,MAR20_281,278,c5c2686d41395d4df542a8ff6bbd290bd6f630cff99f18e6873722098ffd6da3,7,7,ok
train,shiyan/data/labels/train/MAR20_2810.txt,MAR20_2810,478,2a483d4f43f23559f62aaaf2dbb0980fee8b247e52df831d7adf7e54712aff64,12,12,ok
train,shiyan/data/labels/train/MAR20_2811.txt,MAR20_2811,312,a2ae6bc018191026783d50b7045c099139794ef56c93763b11c9061435315902,8,8,ok
train,shiyan/data/labels/train/MAR20_2812.txt,MAR20_2812,118,6549c1d3999734f1479ac0e0edf8c7598011579c488fe415c2305f39341f8d02,3,3,ok
train,shiyan/data/labels/train/MAR20_2813.txt,MAR20_2813,118,480395aa137d013ffcca93444ab295f0a0c0c9495c057b7eb35b01570b40ae1d,3,3,ok
train,shiyan/data/labels/train/MAR20_2814.txt,MAR20_2814,193,00831f326c7c1227c0f58bf166c19167bc56c51411d57178bd9a8b44a0d89ed3,5,5,ok
train,shiyan/data/labels/train/MAR20_2815.txt,MAR20_2815,198,2dec7b89392e611837e7e35ab00ec9f2d602951aa4fca51302ff78b12da333ec,5,5,ok
train,shiyan/data/labels/train/MAR20_2816.txt,MAR20_2816,194,238ec7381f9d318bb45ad15c205e3f754b0254b75003b7ade97f3d0938440c18,5,5,ok
train,shiyan/data/labels/train/MAR20_2817.txt,MAR20_2817,37,a81c140e878f12fbc518ffb719162f496de87a9517f513c25c9e35ce4d32abb9,1,1,ok
train,shiyan/data/labels/train/MAR20_2818.txt,MAR20_2818,118,8a2d4f8c3f0138839bcc832887504e48c250db514b23d2a0a7affaf11530e407,3,3,ok
train,shiyan/data/labels/train/MAR20_2819.txt,MAR20_2819,238,0b38295a9ceac3fa01072f85ac8d718c6c8fcb5db421d85d3e6d0e16e9a6ccda,6,6,ok
train,shiyan/data/labels/train/MAR20_2820.txt,MAR20_2820,198,2328bed82983d8566e79c93f4ddd1bcab751cd825c626817229aac6d99a0d738,5,5,ok
train,shiyan/data/labels/train/MAR20_2821.txt,MAR20_2821,958,3d8277ae7c72d0bc479919e2736a17e7b1d8d1d07bf15881dee9a711d8d48c99,24,24,ok
train,shiyan/data/labels/train/MAR20_2822.txt,MAR20_2822,115,375ed90c338ca97d6202062557f551f56c29b53603d10f8db34e6fadc1421d57,3,3,ok
train,shiyan/data/labels/train/MAR20_2823.txt,MAR20_2823,158,777e07cfe2cdb3ae1b17b07ba9b46be7c055815875da34c462de8e5bc6062b0b,4,4,ok
train,shiyan/data/labels/train/MAR20_2824.txt,MAR20_2824,154,89ce0dc5f053cd6ca09e2132b19c7a31249b8b6e071cf7e407271e5013b35035,4,4,ok
train,shiyan/data/labels/train/MAR20_2825.txt,MAR20_2825,76,04452586ed6af44560e3709eda6a61c97b7efb256997089fa23ca43755fc9b4e,2,2,ok
train,shiyan/data/labels/train/MAR20_2826.txt,MAR20_2826,78,47ed0d665e56ecbc28a82ce0e54da68c310b2566161c7fec0cfba908078258b5,2,2,ok
train,shiyan/data/labels/train/MAR20_2827.txt,MAR20_2827,272,cd75c5d512d1c46f5062fb5e9fe05abf035bda5324466afde6657f265e21c6a5,7,7,ok
train,shiyan/data/labels/train/MAR20_2829.txt,MAR20_2829,278,69622a8cb09046b20463b3b6f628dc1fcb5ca76e7696e233dfdeb2c8d9c61d5c,7,7,ok
train,shiyan/data/labels/train/MAR20_283.txt,MAR20_283,115,12637cd86a64c6d867a834a99a81a465781a7fe8f11d4c3b7f844a342374e5b5,3,3,ok
train,shiyan/data/labels/train/MAR20_2830.txt,MAR20_2830,478,6bc66b32355bfbb22a3e55f4512ca863016fd129ceab87a2fd807608decf7941,12,12,ok
train,shiyan/data/labels/train/MAR20_2831.txt,MAR20_2831,118,a68f657e4121cb176a307ad886d7c9e464ddaf0a6c20c645034799d82c274549,3,3,ok
train,shiyan/data/labels/train/MAR20_2833.txt,MAR20_2833,194,31348e04cd75b9384e091f4b529ad81cad0cbcef14763db1c5aa712932ef8ef6,5,5,ok
train,shiyan/data/labels/train/MAR20_2836.txt,MAR20_2836,38,2d6ca774ab257d2cf85915519292f4ce77ebe565663d64985b8227e5148ca6dd,1,1,ok
train,shiyan/data/labels/train/MAR20_2838.txt,MAR20_2838,278,0b3679632890c24dbc566c6f714b07f323b2d4c252d25117ad7537f89e6fbb15,7,7,ok
train,shiyan/data/labels/train/MAR20_284.txt,MAR20_284,278,ae47e857c0a2798abeed60472a99ed755778e30a0ead7accba7829712ddb5372,7,7,ok
train,shiyan/data/labels/train/MAR20_2840.txt,MAR20_2840,158,52c3dd1b30a3f55a216a29a9bfdccc5c7b47a1551b9e9b0ec86ace55070c09a6,4,4,ok
train,shiyan/data/labels/train/MAR20_2842.txt,MAR20_2842,118,32bc6827c38b3542a7836575ea259b9b2c9ab57a82e5291890b44213b0293848,3,3,ok
train,shiyan/data/labels/train/MAR20_2843.txt,MAR20_2843,237,496e379836db02beb293102909920e41de6aa3d36ba53f514ece770264d88c83,6,6,ok
train,shiyan/data/labels/train/MAR20_2844.txt,MAR20_2844,38,9143bcd9160bd9a5592cccf128439d6d3bfd3225503f0b901a9af8edada6d268,1,1,ok
train,shiyan/data/labels/train/MAR20_2845.txt,MAR20_2845,318,434eb91188e95c89e691a1c44624ce9a207b44f8a17abce1386c7f7bee338965,8,8,ok
train,shiyan/data/labels/train/MAR20_2846.txt,MAR20_2846,38,d2f5f5416c8853b20f130abec17f33f951d700ec3cba88086f138ec851f002fd,1,1,ok
train,shiyan/data/labels/train/MAR20_2848.txt,MAR20_2848,238,a846071431b1275d0428fcc20988dc86917cb92317a0b636e3d7e5ff5530f8fa,6,6,ok
train,shiyan/data/labels/train/MAR20_2849.txt,MAR20_2849,76,e42d9afce2ea5a373b5268ce01b1dd9df0fd47b3ca5c90dccb1607711c9b6b0c,2,2,ok
train,shiyan/data/labels/train/MAR20_2850.txt,MAR20_2850,358,cd737c6d1bf4abb1e20e5cfedeead784a6f2c039acb36a40ad515fe7cfa3aa31,9,9,ok
train,shiyan/data/labels/train/MAR20_2853.txt,MAR20_2853,312,e535eeb0030c17feab12e441bb7f41af7d2630a862c1a884ab92d6134c9f5572,8,8,ok
train,shiyan/data/labels/train/MAR20_2854.txt,MAR20_2854,78,1d5d323b31d06c96ec6f8ba5042316fec72d154d2659b5b5e0631a72fea51ad2,2,2,ok
train,shiyan/data/labels/train/MAR20_2855.txt,MAR20_2855,158,78d4dcd4b52c80a94b8539582904789abf462b2f1a0d05280789656a999f4c20,4,4,ok
train,shiyan/data/labels/train/MAR20_2856.txt,MAR20_2856,427,eb5280bee7875e23ff0ef094c5691728226200c0c310f52b0894e425992bf167,11,11,ok
train,shiyan/data/labels/train/MAR20_2857.txt,MAR20_2857,38,19be47d0abce4a9e48f4267a0de952b7d568908b277e91fb77b9cb1b43342c83,1,1,ok
train,shiyan/data/labels/train/MAR20_2858.txt,MAR20_2858,232,78ef6a15478ad59ee07cb336fc040d19ee972cddf451f35de4b85215ee889c9a,6,6,ok
train,shiyan/data/labels/train/MAR20_286.txt,MAR20_286,156,ef29ae472761f105c2d00275164e0106c672adde3dcfce6c6044c5e154e5c063,4,4,ok
train,shiyan/data/labels/train/MAR20_2860.txt,MAR20_2860,118,76080b92c4123ccfcf7ee69404642ce5ecc10d88f3c7a52a0e2b28c3a49c0e4b,3,3,ok
train,shiyan/data/labels/train/MAR20_2861.txt,MAR20_2861,38,79424971ad73eee0fdc698a456874c6075f09cb30df4c03a4baef800b1ba3ec8,1,1,ok
train,shiyan/data/labels/train/MAR20_2863.txt,MAR20_2863,38,ecb7bc7a3ff2a40f5d79095f23011a2073595d0103d0e9ee0dd3fbec10fb389a,1,1,ok
train,shiyan/data/labels/train/MAR20_2864.txt,MAR20_2864,478,246d9b534d39961b96a646c9d1b86fd4812a83c7b8b2f997e319ef792a0180bf,12,12,ok
train,shiyan/data/labels/train/MAR20_2865.txt,MAR20_2865,154,1831e2a8ae010075b576076adb6214e982da3500fb8b9c3d3913f3c776ef41c6,4,4,ok
train,shiyan/data/labels/train/MAR20_2866.txt,MAR20_2866,238,d450c616031ea7ecab093b0a1d7a71f19bc72b39d875772eb87b7f472f3ace88,6,6,ok
train,shiyan/data/labels/train/MAR20_2867.txt,MAR20_2867,718,d2e17404bb3aaf3dfdd54bdfae31bd164577c7c19d8e2ce05165b06a385a63e9,18,18,ok
train,shiyan/data/labels/train/MAR20_2869.txt,MAR20_2869,37,6108f4a662a1dff7e047136f6f1ce4b99861852b9ec9ebe05597f106dd40afaf,1,1,ok
train,shiyan/data/labels/train/MAR20_2871.txt,MAR20_2871,38,9cdd75e6696f0df1524e314af3ad56603a0e8b4901bc826a6ff70384facd44b9,1,1,ok
train,shiyan/data/labels/train/MAR20_2872.txt,MAR20_2872,154,800851bf070cc97294a471128754dcfb3215ce8a8cf02738393544e530052fe3,4,4,ok
train,shiyan/data/labels/train/MAR20_2875.txt,MAR20_2875,37,a271ae6e2c3235800bb2fa5cce749fb824ce8f4a2dc064a12eca1f2ac4c2f34d,1,1,ok
train,shiyan/data/labels/train/MAR20_2876.txt,MAR20_2876,78,1162bb7777fa80fd34a49a7de6e3e812881d5c013c6b52866b894a5a1cb5293b,2,2,ok
train,shiyan/data/labels/train/MAR20_2877.txt,MAR20_2877,158,9d97bd8e5c945a4e68e99690dcdb1c465c6d1ce6d44d62f3a4d86d5aa9b1235c,4,4,ok
train,shiyan/data/labels/train/MAR20_2878.txt,MAR20_2878,351,afec99052f2ee9e2dc8eadc24cc255773e00b67a20de8dea0add6c42bb9ad72c,9,9,ok
train,shiyan/data/labels/train/MAR20_2879.txt,MAR20_2879,194,447755771e61555558fae09782d923550f99ef2353b0227463d50dd0d15129bf,5,5,ok
train,shiyan/data/labels/train/MAR20_288.txt,MAR20_288,157,21b634bb915290fd939ccd347fc7a67c924ce1e60034a4a79092ef1520d4ee84,4,4,ok
train,shiyan/data/labels/train/MAR20_2880.txt,MAR20_2880,198,364e67681a1906bb0caa4fe2784d183f42cf3c2d1ef6c0a93d0cf68c5774efde,5,5,ok
train,shiyan/data/labels/train/MAR20_2881.txt,MAR20_2881,38,8827c278eaa1ceb48b1d61c0643c16146c69c958c86174f93ffd3874d566b2c3,1,1,ok
train,shiyan/data/labels/train/MAR20_2882.txt,MAR20_2882,358,c927c33842b7553a3a4afbd699c28da459457f9a7b494ea1579a14b675587da1,9,9,ok
train,shiyan/data/labels/train/MAR20_2883.txt,MAR20_2883,232,3c21bea5a1e8e2795e5b64767bd675ed55605d6fcbfe1f27bdf51c5c19c34ba3,6,6,ok
train,shiyan/data/labels/train/MAR20_2884.txt,MAR20_2884,158,6d315476b149160588036170dc997cc3d2b87b9a83b68df768e5235f5583b26f,4,4,ok
train,shiyan/data/labels/train/MAR20_2885.txt,MAR20_2885,76,c8c9c7e3c22d1fcdea11a2ebd4987eb58e6e5be222326e8e9245b14d7d50d12a,2,2,ok
train,shiyan/data/labels/train/MAR20_2886.txt,MAR20_2886,198,e20683fcfe772ff5fcac93ab9a1101e577166ddd404fce83087ec8cdde063492,5,5,ok
train,shiyan/data/labels/train/MAR20_2887.txt,MAR20_2887,77,a071603294e7c2d26ff4943e868ed24f5294cd709f5504b2ffdcb854d8a7d3d0,2,2,ok
train,shiyan/data/labels/train/MAR20_2888.txt,MAR20_2888,78,f77417c52b3347665f721b7fe3bb16deab1317ef0347c5d6d4d740f75d21bfb5,2,2,ok
train,shiyan/data/labels/train/MAR20_2889.txt,MAR20_2889,118,906370f2fc3784c462799f40f7471ee34ec18a1d47ac9d589cfd2385d1543208,3,3,ok
train,shiyan/data/labels/train/MAR20_289.txt,MAR20_289,198,a5eb95f20e9f8e1f656b3c1349e82f24cd1b79dbd90312db5eb283357e289de1,5,5,ok
train,shiyan/data/labels/train/MAR20_2892.txt,MAR20_2892,158,f1941a04e06efb1722d8c31db114fb3ab87825c643a664265789c382b796f9b2,4,4,ok
train,shiyan/data/labels/train/MAR20_2893.txt,MAR20_2893,238,6ce62906fb27367dcd8ab1aad59b1d12ef13527d286154e2046c3503f54a7fe7,6,6,ok
train,shiyan/data/labels/train/MAR20_2894.txt,MAR20_2894,278,d69dbbed9cda493f0f7d7583d3b9c7ce2f16284f8a1e90a045e0eee95fcbbf92,7,7,ok
train,shiyan/data/labels/train/MAR20_2895.txt,MAR20_2895,515,3b0dee895d0cbed6e65764e0d96ae3eb93431116f01384908de42fca66fd191f,13,13,ok
train,shiyan/data/labels/train/MAR20_2896.txt,MAR20_2896,358,47c36f91cf7673dd7250de50d53ed26a40797bde11fc89defa90b37da777685a,9,9,ok
train,shiyan/data/labels/train/MAR20_290.txt,MAR20_290,558,0d24f0e03ab380b01a270ada8f9bd71e97ba3d536c921392f5eea64bcaa79da9,14,14,ok
train,shiyan/data/labels/train/MAR20_2901.txt,MAR20_2901,478,3093255aa77dec3446c7b03fb3a5436e6e54b4617b8c05cd5bcfa450d6762072,12,12,ok
train,shiyan/data/labels/train/MAR20_2902.txt,MAR20_2902,544,125561230a68ac6680dcbaa007c6a58a9758bbe0e8df0b23938ac00d5b59f359,14,14,ok
train,shiyan/data/labels/train/MAR20_2903.txt,MAR20_2903,38,d0806a96096fa94d88008c81d7380dda42bee1fba1bb7d210aefa088030677ac,1,1,ok
train,shiyan/data/labels/train/MAR20_2904.txt,MAR20_2904,118,bd372e7e43d3723ca6238d4d37c204fc33a28b1f6cc2c2683d420480155ba496,3,3,ok
train,shiyan/data/labels/train/MAR20_2905.txt,MAR20_2905,78,4b549e594094342f39d49debf037c90e10d6bc6a09d91711fc57a0c57ae80478,2,2,ok
train,shiyan/data/labels/train/MAR20_2908.txt,MAR20_2908,38,85961b79fd48bf18023332f918c25ad2c3f9a3de991d8d56bb690127bfc65685,1,1,ok
train,shiyan/data/labels/train/MAR20_291.txt,MAR20_291,278,6f949c78b4cdfb334d0027f59bf4a864058707dff7d72a60a4687b3f6fbdc2e6,7,7,ok
train,shiyan/data/labels/train/MAR20_2910.txt,MAR20_2910,238,a3ae7b1a524eba1ff753c0ab42d27716e56264d8d6b053d8736450362fbec486,6,6,ok
train,shiyan/data/labels/train/MAR20_2913.txt,MAR20_2913,198,0ecd6768d83b73b0d2f6a63b6b8becf8785c3d12f261f14a8d2a846bdc125f1f,5,5,ok
train,shiyan/data/labels/train/MAR20_2914.txt,MAR20_2914,238,ed9537eac8ba8a2f76d38a6cba2cd853fc690db8e5d082b0fdac5b990303ee4f,6,6,ok
train,shiyan/data/labels/train/MAR20_2915.txt,MAR20_2915,154,af5d548d49ec1fe03536212f64b5a501fe0d12cf1530f5b0827b7551b4d3976a,4,4,ok
train,shiyan/data/labels/train/MAR20_2916.txt,MAR20_2916,76,ca4c1095257e669b0a43110a4aa6433d9572faeab49bf4ed7fce0ed56f0abde0,2,2,ok
train,shiyan/data/labels/train/MAR20_2917.txt,MAR20_2917,118,bb33e8763a839e721bd3955af6bb5191b1fc9f281a7664732352a0fb54c1ffd7,3,3,ok
train,shiyan/data/labels/train/MAR20_2918.txt,MAR20_2918,318,66496a3962da65ca0931fa208bc60a9b076872447bf272038e5cf143b75b36f3,8,8,ok
train,shiyan/data/labels/train/MAR20_2919.txt,MAR20_2919,158,d908c14201bf605540b539140df435d630988c0d7dea61644b6b26acb0ae8764,4,4,ok
train,shiyan/data/labels/train/MAR20_292.txt,MAR20_292,318,7ec1f8c1acb31c99f5e34eafba85aeade83e217ce3f2e71eb9888c6320b786da,8,8,ok
train,shiyan/data/labels/train/MAR20_2920.txt,MAR20_2920,37,6f57bcb6ccb1b473a89c1f9d86009a735525f468c4517a17d07460d5213eb077,1,1,ok
train,shiyan/data/labels/train/MAR20_2921.txt,MAR20_2921,318,f82e163fe6e4e0d408ef59928d9e79b57a39ceb656280dc2fda36afeec7dff9f,8,8,ok
train,shiyan/data/labels/train/MAR20_2922.txt,MAR20_2922,78,078a4880ff5d67d704a0b55075f7aedbfc895ab503eaea1fe16a7e5e7df74f02,2,2,ok
train,shiyan/data/labels/train/MAR20_2923.txt,MAR20_2923,238,528e95093c2871e38870412ac524f9c593b77c1cdedfcb3c8dc14b7babebdf75,6,6,ok
train,shiyan/data/labels/train/MAR20_2924.txt,MAR20_2924,238,ec31c6f8fecbc6e19f34a684ff074de3c48d35d4d75e3fbbe63efd72cf6b5daf,6,6,ok
train,shiyan/data/labels/train/MAR20_2925.txt,MAR20_2925,38,d66d9b4ab43177be67f02c1e8eede7233d9b0eeddfd9eb9927148bfa07dd1e53,1,1,ok
train,shiyan/data/labels/train/MAR20_2927.txt,MAR20_2927,271,7ad34ada15e758c4a351ca5e10613f54ff70b9c18704fa3ba37cb8831d33cf57,7,7,ok
train,shiyan/data/labels/train/MAR20_2928.txt,MAR20_2928,78,6284d9cdcca6eb688141717d4891e7f6a84fbcfc4e64112740225e9c7e0f08c4,2,2,ok
train,shiyan/data/labels/train/MAR20_293.txt,MAR20_293,232,078a0fb26e87ceca13e05d5d21e8ca78aafed3217b39536627607ddd4bca8c84,6,6,ok
train,shiyan/data/labels/train/MAR20_2931.txt,MAR20_2931,193,7e6c06ebe970a11d6afa93ad1da3ad3b182a235363ff359bd2044c296cf77d73,5,5,ok
train,shiyan/data/labels/train/MAR20_2932.txt,MAR20_2932,438,94bb48cae27f81e0cfc9d074155d579b4584d46aeeb588c68cfa2d58235cf8c2,11,11,ok
train,shiyan/data/labels/train/MAR20_2933.txt,MAR20_2933,278,6785b36ff8bb6a43b2f2042ed41a88365cd1aba42d7c18051cb3b61d8767db2c,7,7,ok
train,shiyan/data/labels/train/MAR20_2934.txt,MAR20_2934,118,48fd72525d5b4874f9964b9a7c3b1721b06e0b2907aa1ef2cc36b3d15ae55cd1,3,3,ok
train,shiyan/data/labels/train/MAR20_2935.txt,MAR20_2935,78,328004248db14b1b1cbf2c7720ce36a7c8695cddf53269f170dd1ac8b1010a0a,2,2,ok
train,shiyan/data/labels/train/MAR20_2936.txt,MAR20_2936,118,a0303748fca1882313d762e2df4864d904ed567da7b6ab45500ea84721a1ff1f,3,3,ok
train,shiyan/data/labels/train/MAR20_2939.txt,MAR20_2939,238,56b1217cc34d851ff63e15126b2636fa45dd68f8f8d1a5150d34e7d5ae0c69f9,6,6,ok
train,shiyan/data/labels/train/MAR20_2940.txt,MAR20_2940,198,0e4281d1f989ee4278d0af3a074e0772e71144877288e9e1deba7ba4d14c03b4,5,5,ok
train,shiyan/data/labels/train/MAR20_2941.txt,MAR20_2941,194,a2ca5c41cfc58108ceeaf7554510f7d2a43d2d98503f4362ceacec933011abb0,5,5,ok
train,shiyan/data/labels/train/MAR20_2942.txt,MAR20_2942,76,84161da2ee327d8d7765210b03e88efa4d730d69d38501ecba8e6e5ebddd00c7,2,2,ok
train,shiyan/data/labels/train/MAR20_2945.txt,MAR20_2945,278,31cada43a521a8444017edc9723f33ab0fdfa0522e7f276ea706290a567326b9,7,7,ok
train,shiyan/data/labels/train/MAR20_2946.txt,MAR20_2946,1051,9477be89c37ab13867a4b012cdef61e6f5e0f94283ab5ab8420aa921428b552d,27,27,ok
train,shiyan/data/labels/train/MAR20_2947.txt,MAR20_2947,38,7a5099255019f574c6cbd5c20bbd93439965d2cb0af53ddfb25ffd90f20c0b46,1,1,ok
train,shiyan/data/labels/train/MAR20_2948.txt,MAR20_2948,318,8f538f78c4aea72acc31049aba490ff770791b159cd92987d63c719b8d745ec3,8,8,ok
train,shiyan/data/labels/train/MAR20_2949.txt,MAR20_2949,117,1104b88128d955fefbdc3d661564b6310396df58b0e814ea2b1fe60929a0e365,3,3,ok
train,shiyan/data/labels/train/MAR20_295.txt,MAR20_295,118,32f2e1fe9440ad6bfc94ca535d51462cf0587555eb71d6b905885f7c32a235b3,3,3,ok
train,shiyan/data/labels/train/MAR20_2951.txt,MAR20_2951,398,bd74fad563ad0285e8c7ed0ca89e36ee706a28bc04e6da31df74b88d5ed28c3c,10,10,ok
train,shiyan/data/labels/train/MAR20_2952.txt,MAR20_2952,118,6a43410def564451fbddc2ea5a54e05e3bbc1b95e8f50ae27562f2584aa75d0f,3,3,ok
train,shiyan/data/labels/train/MAR20_2953.txt,MAR20_2953,158,e9559dfca6a0e5c9fa2912c76af09c241d26d05fdcabff1fa278d429c6437094,4,4,ok
train,shiyan/data/labels/train/MAR20_2954.txt,MAR20_2954,358,7c5b26fb1bae54868fa52fa4479598259f5cdbd2c8d1e1489222d333a1b542f9,9,9,ok
train,shiyan/data/labels/train/MAR20_2955.txt,MAR20_2955,198,093455d92ea9ed170a60fea020f7586bef788f3b73ca40da06e38119c7b4207c,5,5,ok
train,shiyan/data/labels/train/MAR20_2956.txt,MAR20_2956,158,899b37af24f4625d7abaf164d32acbf0288d6e27984c6b3f82cfd9f845aa11bc,4,4,ok
train,shiyan/data/labels/train/MAR20_2957.txt,MAR20_2957,198,6d56c368ceeecf7ebccf313a84364cd6aa6a0f7fc3782e28152cfcb4c0d79417,5,5,ok
train,shiyan/data/labels/train/MAR20_2958.txt,MAR20_2958,276,0329ff302d8e736e5b07179242050ab7b1cd2bc63d5a2227f75a481fc862f1c2,7,7,ok
train,shiyan/data/labels/train/MAR20_2959.txt,MAR20_2959,358,cabe51b2b04996cfaaf482f45e0cfc0a2dc11edafe665fa16e196e1a57376cc3,9,9,ok
train,shiyan/data/labels/train/MAR20_296.txt,MAR20_296,318,07477d0561d5d3f55c8114854853d5f41965145eeef028c6d871063be72532bb,8,8,ok
train,shiyan/data/labels/train/MAR20_2960.txt,MAR20_2960,310,3771b3e6640b0c09da78d9e534401454880c03592b48af5b28f8205d7e375737,8,8,ok
train,shiyan/data/labels/train/MAR20_2961.txt,MAR20_2961,158,826ac3bc2652fa819dcd5cd141fb8c036793f1662d2527cfc44fa261e6b30016,4,4,ok
train,shiyan/data/labels/train/MAR20_2962.txt,MAR20_2962,278,a555dc80bf64ea29f6d3591d7a53731c9af1c3c5c336fe2fe3d204c65f044382,7,7,ok
train,shiyan/data/labels/train/MAR20_2963.txt,MAR20_2963,466,3ee1502bdcc7804ba0cf9e73951d7da70ad62202ac5d25b9460b721f4fdae5a0,12,12,ok
train,shiyan/data/labels/train/MAR20_2964.txt,MAR20_2964,118,dfd58094f42b9ad7bb188517b30278303d6db01aa82586df2cbe236e98453bf3,3,3,ok
train,shiyan/data/labels/train/MAR20_2965.txt,MAR20_2965,38,5c212da4fe2269f4d5a899a29fdce3fb27c91b476414d4e5be959d62e4c5ba54,1,1,ok
train,shiyan/data/labels/train/MAR20_2967.txt,MAR20_2967,198,c64d8d3a5070bf1767625928a500f5cfba7d3827ede9593fb81d56f9a623dcef,5,5,ok
train,shiyan/data/labels/train/MAR20_2969.txt,MAR20_2969,278,13f55201376f36bb62033cf9a2083717a7efabdf07941867c8bf637a62ffb715,7,7,ok
train,shiyan/data/labels/train/MAR20_297.txt,MAR20_297,278,6e3aa37490078130a97c0f28f19508f1e400b16e5dc9a0a3723966a956453256,7,7,ok
train,shiyan/data/labels/train/MAR20_2970.txt,MAR20_2970,115,3f772d675c61b76fcb6c5566d028480d34946d86c2e3b6a1739e671712ff770b,3,3,ok
train,shiyan/data/labels/train/MAR20_2971.txt,MAR20_2971,358,8806106f868502dd1a69c2fee3d934243b6daa89d0c4e16a87af91a626a8137b,9,9,ok
train,shiyan/data/labels/train/MAR20_2972.txt,MAR20_2972,154,1844f6cc6e1de916a1d3b785b21db9e47e31e3ede0f1d6316ff752c0e9255b85,4,4,ok
train,shiyan/data/labels/train/MAR20_2973.txt,MAR20_2973,156,d8d02d4622df6e3fe63f9943eee1c5328eec8aeff6a64c9a139c3f99e3bdda8b,4,4,ok
train,shiyan/data/labels/train/MAR20_2974.txt,MAR20_2974,38,075dcd9f0c5ba09a902ba3572199400bb9c737c35da56f7072850858cf5b03e3,1,1,ok
train,shiyan/data/labels/train/MAR20_2976.txt,MAR20_2976,38,7cbfff139229121fde8fa995709a99520d0b95eb1a5bc4189380fd1ad2e6203a,1,1,ok
train,shiyan/data/labels/train/MAR20_2977.txt,MAR20_2977,76,535fa90af6c5e6a4d7152edec1ff7c120d5600c3e32f66a153a0e77c1668b5b3,2,2,ok
train,shiyan/data/labels/train/MAR20_2978.txt,MAR20_2978,154,286cac4b04020d2dd7d37a6af85c1d1a53f24df5cc7511b9c69404a27c249096,4,4,ok
train,shiyan/data/labels/train/MAR20_2979.txt,MAR20_2979,238,aaf78bb9665e61d2acb348289964cb71c28248cda02dbd944dd7fe3eac6ab89d,6,6,ok
train,shiyan/data/labels/train/MAR20_298.txt,MAR20_298,349,b0da83febe021a05c647b8c018f82c7ecd87f8a24076fdb37d6dc1f06975eef9,9,9,ok
train,shiyan/data/labels/train/MAR20_2980.txt,MAR20_2980,358,d252bb3280e8ec1fb38c01d1de3d6151dd4cc8b7b3cee76b1faf77319ec0b546,9,9,ok
train,shiyan/data/labels/train/MAR20_2981.txt,MAR20_2981,238,d48eee4f122f0efb9a82bf3aedb7e0be260b6bca7f53e0e0c33bbe54eb72b2bf,6,6,ok
train,shiyan/data/labels/train/MAR20_2982.txt,MAR20_2982,78,6a03cd46ecc8bb30fe3da0770a82e9b2da73b662fafe30c7391f48c87823bc87,2,2,ok
train,shiyan/data/labels/train/MAR20_2983.txt,MAR20_2983,154,72b75b1a4e4a00cb07406f5160c5cd4057c58cd2914966daeecc52142c426d5c,4,4,ok
train,shiyan/data/labels/train/MAR20_2984.txt,MAR20_2984,38,bb090a80718527a0f3e6609b6edca77195f99ff93ec68ec31f44a2fc70d5fcdc,1,1,ok
train,shiyan/data/labels/train/MAR20_2985.txt,MAR20_2985,118,40269d087f35a5a363b78cc611c3f134e21d68fef8f7842c8f5b990893f12c29,3,3,ok
train,shiyan/data/labels/train/MAR20_2986.txt,MAR20_2986,474,75577aa121cb9517587687042b8bd1c6fd2a6601f5a527e28f0b21ac6f7deb34,12,12,ok
train,shiyan/data/labels/train/MAR20_2987.txt,MAR20_2987,318,090b6558d21fce7240c269a5a0683651d588546caa6c0c7533dd0b4553f27563,8,8,ok
train,shiyan/data/labels/train/MAR20_2988.txt,MAR20_2988,118,e8d0c201c1c959f2996f9c71c2ba1e7c76e8d12b3e3102c9df5fc6779a5fb416,3,3,ok
train,shiyan/data/labels/train/MAR20_299.txt,MAR20_299,118,6b4bb60687f06dcb47df904d7d745e27f96a8dfc62a18a3ec03ce2194f4dd328,3,3,ok
train,shiyan/data/labels/train/MAR20_2990.txt,MAR20_2990,118,138a3958ff6d674ac8182383060a25e143d502c1f2f2d79c964a2a842599755d,3,3,ok
train,shiyan/data/labels/train/MAR20_2991.txt,MAR20_2991,198,7fa5e66b46d8606595653746c48045e3cba92693ac8341054eafaba759a1ae6a,5,5,ok
train,shiyan/data/labels/train/MAR20_2992.txt,MAR20_2992,271,84b51ac0949e5342299c463f395a82ca4be52965ed4f68ec1c1ac642385f1a47,7,7,ok
train,shiyan/data/labels/train/MAR20_2993.txt,MAR20_2993,238,8a2d4dbc58c9757fa8c362619cbada08bbab5f20c575e8096c6e93608c3f92f8,6,6,ok
train,shiyan/data/labels/train/MAR20_2994.txt,MAR20_2994,238,834b83ccdeacf68a2eace546f051cfb3c81a607cfc78c8c1e0e1e58c533ac783,6,6,ok
train,shiyan/data/labels/train/MAR20_2995.txt,MAR20_2995,558,ea8b877921b9877f8bad17d7b6cb778b99143f8ea588435f3546b5e8e5534bfd,14,14,ok
train,shiyan/data/labels/train/MAR20_2996.txt,MAR20_2996,198,de98ffc1c1d19c17b54d7cbcdd08283d988e3e92feae1e89fd29edb05211aa2e,5,5,ok
train,shiyan/data/labels/train/MAR20_2997.txt,MAR20_2997,158,f996326cc18ce10c0392e18ec28a5cb1ff66e2fbe418c6b65bb81cfd537a1f07,4,4,ok
train,shiyan/data/labels/train/MAR20_2999.txt,MAR20_2999,118,575db5456456a2a3ecb9f5e45b15a65f51dc0c6a40710382ba96730eeed11c2e,3,3,ok
train,shiyan/data/labels/train/MAR20_3.txt,MAR20_3,158,93d90fbee7bb24debfd3caff67783d1886e4d72c4af8816c2321d0ba7ad98796,4,4,ok
train,shiyan/data/labels/train/MAR20_30.txt,MAR20_30,115,a03c0004d75c2b7d335ba0c1be61d4a7f048a1061c0b35901269a2c221550536,3,3,ok
train,shiyan/data/labels/train/MAR20_3000.txt,MAR20_3000,158,10fee2d69a2c9181841473f231c6bd429233dc9214d41779330165b9af54f00d,4,4,ok
train,shiyan/data/labels/train/MAR20_3001.txt,MAR20_3001,318,49d7c5e4659e7330615c7259ea0ca9c0b821bd5bf257302254496dd243829ebc,8,8,ok
train,shiyan/data/labels/train/MAR20_3002.txt,MAR20_3002,118,91cf7287268c17517f87442e653e93965f45a133d05a90ee31d4c865c45b074d,3,3,ok
train,shiyan/data/labels/train/MAR20_3004.txt,MAR20_3004,158,3e85296b9bfe8b70efd5ab55a1e97615cca715b2bd8567d9927a43fe3c2136c1,4,4,ok
train,shiyan/data/labels/train/MAR20_3005.txt,MAR20_3005,116,9cf81baabfd8660c440ed53c50d121566582840331a640ab2a59361f2a66867c,3,3,ok
train,shiyan/data/labels/train/MAR20_3006.txt,MAR20_3006,318,dae4f99cbed04b1c629469dbc7d83e8ee33af547280a7a88f5b6e6f1fdc72f25,8,8,ok
train,shiyan/data/labels/train/MAR20_3007.txt,MAR20_3007,276,c9627e3dd3a9e5eb9dd42eb6543b16caa4fa4c4832155bb1fb5dce1d618eaa05,7,7,ok
train,shiyan/data/labels/train/MAR20_3008.txt,MAR20_3008,478,b80090c5f167c0ba555e8e08921ebc67ea178beae72fe2309259d80e70e2e43d,12,12,ok
train,shiyan/data/labels/train/MAR20_301.txt,MAR20_301,358,2ec712ffc9827ba8d25966b9206e161f44ecca7f09e338949735b9e3918a75dc,9,9,ok
train,shiyan/data/labels/train/MAR20_3011.txt,MAR20_3011,598,3e8ac89cc8ff9b240d417daa67cfe2d75958721647ef5f6fce2862ec7bef7058,15,15,ok
train,shiyan/data/labels/train/MAR20_3012.txt,MAR20_3012,198,4f4e85314488720f9b8bf2fa68d272bd52d98d81a32c1555b776a4686236b48a,5,5,ok
train,shiyan/data/labels/train/MAR20_3013.txt,MAR20_3013,358,75908f9d7c2a65653335787e2368d652bbfaec87d7fa4eb8a1da5d61be02d3f0,9,9,ok
train,shiyan/data/labels/train/MAR20_3014.txt,MAR20_3014,158,843aeb9e5553e0c389adef721e3000055095bfe5138df41a710dca094f652c09,4,4,ok
train,shiyan/data/labels/train/MAR20_3015.txt,MAR20_3015,193,8d1ccd5cdd1ac95a3d7094b9abc86710e181239d6893952a41a6a8749b965f74,5,5,ok
train,shiyan/data/labels/train/MAR20_3016.txt,MAR20_3016,78,dcec39a7144e2f9ff73c80b425f136b94f84659245e685053abd26914f6db56b,2,2,ok
train,shiyan/data/labels/train/MAR20_3017.txt,MAR20_3017,117,78ea592b62462d8ec34159a38771aa701bd2769c7ca83e26073545086ba8334c,3,3,ok
train,shiyan/data/labels/train/MAR20_3018.txt,MAR20_3018,198,760e8ed8197332ee9838ab0ff614dade958f55e519089a2e3bb9adf674ba9b51,5,5,ok
train,shiyan/data/labels/train/MAR20_3019.txt,MAR20_3019,117,9286b489a5b521084c2e75ec7d85cfb84fdaf2cb72a9ae0c0d055f5f4a8af774,3,3,ok
train,shiyan/data/labels/train/MAR20_302.txt,MAR20_302,238,8098b2c9e92b020c4ccbf7429dab2946277ac09b963b817ad3c1355b503dd273,6,6,ok
train,shiyan/data/labels/train/MAR20_3021.txt,MAR20_3021,116,5a620fd186f183849a44f6b150813f5268c49b5603b27d0a85fa646c4d9b7c06,3,3,ok
train,shiyan/data/labels/train/MAR20_3022.txt,MAR20_3022,198,63a798a083ca68bb90c5fcbec7b1abed6cb0763c85177fa1ed3bafb336373191,5,5,ok
train,shiyan/data/labels/train/MAR20_3023.txt,MAR20_3023,278,b2f03a48fefc1a1589ccf6fb488574bcdcb07dbb782df1ba293fe88eefa0c16a,7,7,ok
train,shiyan/data/labels/train/MAR20_3024.txt,MAR20_3024,115,bb4b450992d9be8cd46acfd66125791e52eb037cabaef6c7956f44942375e1b9,3,3,ok
train,shiyan/data/labels/train/MAR20_3026.txt,MAR20_3026,76,2b3b7eb5bb3a2559088495477ceb8f06c21b9d9d9419b3587daab9091136816b,2,2,ok
train,shiyan/data/labels/train/MAR20_3027.txt,MAR20_3027,158,3108a75ca338230147b53c15b1d207b0005d0ab65ce53c131c4c5114258d93ca,4,4,ok
train,shiyan/data/labels/train/MAR20_3028.txt,MAR20_3028,158,db239ee71137b8dde5ac230f52ec435eaa66e7aaeb144e08bd8a7cd6d6dfb627,4,4,ok
train,shiyan/data/labels/train/MAR20_303.txt,MAR20_303,154,f04a2673276f2fd74371e5507d5dc5b1edc8af630da65051d1d2d661516ce685,4,4,ok
train,shiyan/data/labels/train/MAR20_3032.txt,MAR20_3032,78,a9f43b0a142c94933d2eb0dde1b94b51edd60d725542e3ca17c1396844906d1a,2,2,ok
train,shiyan/data/labels/train/MAR20_3033.txt,MAR20_3033,78,f7a9ee0a5a649f47903293ce06923526fbbf61a52a882519f1d72ded7fd06484,2,2,ok
train,shiyan/data/labels/train/MAR20_3034.txt,MAR20_3034,118,f7f7eda2d39d952ad46ece291a87b43edecb03aebd31bf3e3d62c2ef49a2128d,3,3,ok
train,shiyan/data/labels/train/MAR20_3035.txt,MAR20_3035,115,ee40f76807ba4cdba69598275585fa9f96ce153922b935f82766203e619b8ef9,3,3,ok
train,shiyan/data/labels/train/MAR20_3036.txt,MAR20_3036,158,c1502b6cd566ceba3ac96cee350330848796d3b7d5c61776891344bdd18822dd,4,4,ok
train,shiyan/data/labels/train/MAR20_3037.txt,MAR20_3037,37,1c6418e775ac44aaa48c63f535146242850b11613e57cd049019def927d09862,1,1,ok
train,shiyan/data/labels/train/MAR20_3038.txt,MAR20_3038,198,ededd1d66f65f5945f78d26622ac5227a27fad425f95f4de68cd4eb24dce08ab,5,5,ok
train,shiyan/data/labels/train/MAR20_3039.txt,MAR20_3039,511,4562058b1a82e957f77d650341684baa88edd5723731e8474b7bde39eb069f48,13,13,ok
train,shiyan/data/labels/train/MAR20_304.txt,MAR20_304,238,be9b0f5e5e036cf5eead2508838afe553fda9b2325d74fd6c4ab3305f1182b4f,6,6,ok
train,shiyan/data/labels/train/MAR20_3043.txt,MAR20_3043,118,264215cd5e57828c5c503ad7f6d00def3c958ebd198e76af694419046cadc15e,3,3,ok
train,shiyan/data/labels/train/MAR20_3044.txt,MAR20_3044,118,29c6537c04887a74b92d4b7c4f252ecba386a65b981f449b73cc026f72891786,3,3,ok
train,shiyan/data/labels/train/MAR20_3045.txt,MAR20_3045,154,cf6a33e8c1f3a1069bfef43233a75ab008d9c7e4fed24128b87aa127e0ccaefa,4,4,ok
train,shiyan/data/labels/train/MAR20_3046.txt,MAR20_3046,116,540ceb571417dc74ffc62a761e32f3df4e3985dadc08c68f046a2da5c93ebd42,3,3,ok
train,shiyan/data/labels/train/MAR20_3047.txt,MAR20_3047,154,e47345e04153203df2cd07a990b6b22c49284f0bb7ea2678eebd1e3773bb6eb2,4,4,ok
train,shiyan/data/labels/train/MAR20_3048.txt,MAR20_3048,115,32f052af0b2ab3a72318334ad38276976ace6915dc5ff2b3ec6f0acc5c721817,3,3,ok
train,shiyan/data/labels/train/MAR20_3049.txt,MAR20_3049,118,d0752421ecea6ed1e464d9c2d604ba3537b4e7665f17c8ff74a28be533e45531,3,3,ok
train,shiyan/data/labels/train/MAR20_305.txt,MAR20_305,158,19f83556380943d8f0af7c151f709ec707775ea498b471f3195a8a936c0b58bc,4,4,ok
train,shiyan/data/labels/train/MAR20_3050.txt,MAR20_3050,118,b398b9cecb5081cff597e140aa4202e1b3f1d0a91dc20f34eca0b47409527b33,3,3,ok
train,shiyan/data/labels/train/MAR20_3051.txt,MAR20_3051,154,995fd7563a477275cc79745fc7f5ae7f80d8b34db7aef92cddca2a85b6af9824,4,4,ok
train,shiyan/data/labels/train/MAR20_3052.txt,MAR20_3052,598,7019c294a848dc875798533e7c56c8db04732a9b27f6a5a4ebbcf1cafdbbe50f,15,15,ok
train,shiyan/data/labels/train/MAR20_3053.txt,MAR20_3053,271,a17785b57141e06d3bd1bbeb5c947927b7c392163a1d085d815049c8cc26414f,7,7,ok
train,shiyan/data/labels/train/MAR20_3054.txt,MAR20_3054,118,3ea87564a9cd371af77f17f6425fd817b7cb21b4a855b341b69f5056192595f8,3,3,ok
train,shiyan/data/labels/train/MAR20_3056.txt,MAR20_3056,198,410566b10c99d5fb4b83973459acc0dc9065bef50d5cc3237cc707c184010f26,5,5,ok
train,shiyan/data/labels/train/MAR20_3057.txt,MAR20_3057,358,890dba54c9afff3fd8c0c90747593c66444c705096562beed42fccd5a16e1bbb,9,9,ok
train,shiyan/data/labels/train/MAR20_3058.txt,MAR20_3058,118,1a612221006f6d1566ea85997c1a7ba80372b27b66fa980e750a4750e80192ed,3,3,ok
train,shiyan/data/labels/train/MAR20_306.txt,MAR20_306,318,fc15749b9d27cfdc7f073a258d02e402849c48a7075eea6ef34b6e6f2163e3b3,8,8,ok
train,shiyan/data/labels/train/MAR20_3060.txt,MAR20_3060,37,b5b5d1800647a70187d86d2cc148856fdb06beee1124c4a0b95401c77e598193,1,1,ok
train,shiyan/data/labels/train/MAR20_3061.txt,MAR20_3061,156,0f9a80ba5e685b4768de5f37aa84586d5acb285da52fbeb1335ea2f4682caf8d,4,4,ok
train,shiyan/data/labels/train/MAR20_3062.txt,MAR20_3062,118,7fa7d4ba9617052b6c6382dc13fafdc847265ccff6b36366074c2ad9d5b8044d,3,3,ok
train,shiyan/data/labels/train/MAR20_3063.txt,MAR20_3063,350,fe56dd11c47d46d56d2fd9409b1e9af047fe69e7e678e5302b57f427582da88a,9,9,ok
train,shiyan/data/labels/train/MAR20_3064.txt,MAR20_3064,193,386f146382765d356d5432154b0e8b5c48dfba78e94f647ecd33eb78c79d88a0,5,5,ok
train,shiyan/data/labels/train/MAR20_3065.txt,MAR20_3065,158,9d38e4cf091f1214a8498d6c8fbc434795faee00803687e060c41aee9c38970e,4,4,ok
train,shiyan/data/labels/train/MAR20_3066.txt,MAR20_3066,115,d8a65b87a6c4066cb76354c2ada2b7bd35507bb462668093195bf54fb5331ee1,3,3,ok
train,shiyan/data/labels/train/MAR20_3067.txt,MAR20_3067,118,2c4f6a571b6db609e4aeeeec5598dd127d23b450a2d14375773b0ecf9c55a54e,3,3,ok
train,shiyan/data/labels/train/MAR20_3068.txt,MAR20_3068,158,0aebbfc7666a65f23929fdd9921d1be18a6f8f2a44379ed8bab31cea14cf4be4,4,4,ok
train,shiyan/data/labels/train/MAR20_307.txt,MAR20_307,198,0cf85f55f4fdb9e538fe7fbf3b02f72732d796492bb76c96a969dba9c2997373,5,5,ok
train,shiyan/data/labels/train/MAR20_3070.txt,MAR20_3070,518,02529a87eb881891bfed5ffc15a841a02f9c8adc115f9351a666ebdfba7ea7d7,13,13,ok
train,shiyan/data/labels/train/MAR20_3071.txt,MAR20_3071,358,22a17013380200fa4c9f25e62bb9ab2ae69ef349afa689199906872eb582cccb,9,9,ok
train,shiyan/data/labels/train/MAR20_3072.txt,MAR20_3072,678,96d20d4392befb008176c08129fced8d4d46a2e3a93cadad6e61199798accf93,17,17,ok
train,shiyan/data/labels/train/MAR20_3073.txt,MAR20_3073,198,5607b2a337af4070572666f3d4accf4df08b5b1e6c19a86458b6f287ed7d6c29,5,5,ok
train,shiyan/data/labels/train/MAR20_3074.txt,MAR20_3074,558,2414af0bb2d8fc68a9fee3fbac955577947a9874379aecd7142e53ecd3d55f22,14,14,ok
train,shiyan/data/labels/train/MAR20_3075.txt,MAR20_3075,275,afc4a4de0a93a2448393060b1832ec168f063d36267ec445a62a4909e9367968,7,7,ok
train,shiyan/data/labels/train/MAR20_3078.txt,MAR20_3078,278,d910cd093a129eca9ebfb10b18b69dd18cad99c451ca56320948559c44a876d2,7,7,ok
train,shiyan/data/labels/train/MAR20_3079.txt,MAR20_3079,397,48d0a3d282a175219e33060e9c5df372110566da458cdb82b2591f857a15baaf,10,10,ok
train,shiyan/data/labels/train/MAR20_3080.txt,MAR20_3080,278,302968d5d78cff76936f3484b98e4560da71c5706f5b161f26b7300c2c9cd7a9,7,7,ok
train,shiyan/data/labels/train/MAR20_3081.txt,MAR20_3081,193,e12d3c05a65bab0f8cb3f4f4e99624b864d86c6e44486201526bb5800db77aa3,5,5,ok
train,shiyan/data/labels/train/MAR20_3082.txt,MAR20_3082,478,8d37ef3c5fb8a1c7e9bce1574331afc9b54b638803c5dc69c45a5bb68df0204e,12,12,ok
train,shiyan/data/labels/train/MAR20_3083.txt,MAR20_3083,76,ad2917a07b27a09f0386ef6d9d32addc6ba616926a2fdb0b459849fcd8f1fbd1,2,2,ok
train,shiyan/data/labels/train/MAR20_3084.txt,MAR20_3084,274,59f9404d12fd93a3f74f87ea20277eaa8398294b2c0449639abbad9c3061e0e2,7,7,ok
train,shiyan/data/labels/train/MAR20_3085.txt,MAR20_3085,232,b7d1d08a4a78283533fdea482c4a04350c459e40e50a92e4078394da0fce85ae,6,6,ok
train,shiyan/data/labels/train/MAR20_3086.txt,MAR20_3086,438,9207ac5d2c0425832f60166247f8306f384ef945b92366908cb3414831ff4746,11,11,ok
train,shiyan/data/labels/train/MAR20_3087.txt,MAR20_3087,154,af7c8a0fbcd0042ba2aab2976f5107a0d7329582c7cf062ef7baf234c96f07ce,4,4,ok
train,shiyan/data/labels/train/MAR20_3088.txt,MAR20_3088,118,551685f502e91ff7df07a0537968b77ea507dece5dd9aee4594741ace7f37cd1,3,3,ok
train,shiyan/data/labels/train/MAR20_3089.txt,MAR20_3089,278,d400e271975b518f605faa0c9e7c26bc8105b81205928776dfe5c24cd33ea6c3,7,7,ok
train,shiyan/data/labels/train/MAR20_3090.txt,MAR20_3090,193,756b80ae625c8e06bb31aaf8357be3e43a4f81d15a1f68fe2936828654d385bb,5,5,ok
train,shiyan/data/labels/train/MAR20_3091.txt,MAR20_3091,115,563047dbbbad57c563ec2a815c21adf05a89f26051ed87aaa6cd95b9b4922456,3,3,ok
train,shiyan/data/labels/train/MAR20_3092.txt,MAR20_3092,278,75e6756486e39fefe765b15a9c80a385749afce5cd6aa06ea25e4e31d52e3b4d,7,7,ok
train,shiyan/data/labels/train/MAR20_3093.txt,MAR20_3093,38,c2ce04cdb65d320b9a02eff8c205d3a4452c66745c29a8eac4e7b836c22c9d41,1,1,ok
train,shiyan/data/labels/train/MAR20_3094.txt,MAR20_3094,272,ae47056a80f0007bfd62ff0c7cf5d44ac0239da67c84f422418a3c4560c17c9d,7,7,ok
train,shiyan/data/labels/train/MAR20_3095.txt,MAR20_3095,234,51849baa47281ddb1c67e8d51c98d988c7ad4d2b2307c83cb38bb6fa09fe4705,6,6,ok
train,shiyan/data/labels/train/MAR20_3096.txt,MAR20_3096,115,8ff05ffa2bdea81df68eb3cdc767926ec3f174f04fe6baa9fe884beb805b1292,3,3,ok
train,shiyan/data/labels/train/MAR20_3097.txt,MAR20_3097,76,7faefbcf918db5518f557c3cb506d755a7e15a49f416b488ce27df847891da51,2,2,ok
train,shiyan/data/labels/train/MAR20_3098.txt,MAR20_3098,118,1b3b64b8e2097a0962a3f0d2e3540ee1be39f2356e95d2acb2072f9f70d370e6,3,3,ok
train,shiyan/data/labels/train/MAR20_3099.txt,MAR20_3099,505,b19ee4602fb23bcd261c2a6e5e6838d138f3f919ca0ca8fd616ef4c300d1bd74,13,13,ok
train,shiyan/data/labels/train/MAR20_31.txt,MAR20_31,154,048726252b8c299c9bdc17d2c8f25577fa177848b899ccdd12faf18b7633145c,4,4,ok
train,shiyan/data/labels/train/MAR20_310.txt,MAR20_310,318,63df057cc173db00997a75637b41156c23131f8ea75c6b8d856d5cf3d06fb849,8,8,ok
train,shiyan/data/labels/train/MAR20_3102.txt,MAR20_3102,478,2ba15f1fd72135e78fab8d352b6020f293d2be76b21d212b8e36d52d85f24c7c,12,12,ok
train,shiyan/data/labels/train/MAR20_3103.txt,MAR20_3103,233,c4945e73741a2c01ce95cbba9e90ad27a83986e75df1718a27d2f5606d410e78,6,6,ok
train,shiyan/data/labels/train/MAR20_3104.txt,MAR20_3104,718,fe76f0227c0c4ad87580ce1ad598a8fb6322dad42352906125551576851a6e1f,18,18,ok
train,shiyan/data/labels/train/MAR20_3106.txt,MAR20_3106,278,4c73c276cd1802e1ac978019fa03997577e6eba683f7858627137934ef367b9c,7,7,ok
train,shiyan/data/labels/train/MAR20_3109.txt,MAR20_3109,272,556515955ca9d4ba8d77917a7ea3c21977d58ad5704f662df6a7e228950b6965,7,7,ok
train,shiyan/data/labels/train/MAR20_311.txt,MAR20_311,238,1f9648eec0dd1630aa23e512b83cce0b93dc34933780f1bfceaa4b721a81851d,6,6,ok
train,shiyan/data/labels/train/MAR20_3110.txt,MAR20_3110,718,9f0141a0e9d97b7ad1733e494409474edefcded7cc9994081ed7addc0350f1fa,18,18,ok
train,shiyan/data/labels/train/MAR20_3111.txt,MAR20_3111,276,7bc1a095ddcb198e497154c5ccd444c4dd636708b72bca0870bc43e4a339286b,7,7,ok
train,shiyan/data/labels/train/MAR20_3112.txt,MAR20_3112,193,edfa0aeffe8a200274f00346e995c48feb4841ab003af941ae16f830b3bc66db,5,5,ok
train,shiyan/data/labels/train/MAR20_3114.txt,MAR20_3114,118,0d4e2cd9795dc48343bbf4e034a1b6aa31d222a6f2dbe2c202e543ad28d564ee,3,3,ok
train,shiyan/data/labels/train/MAR20_3115.txt,MAR20_3115,427,6cee794ce1b49769462a53c2cc8a0ac321039d13ff1720305c334fb434efb783,11,11,ok
train,shiyan/data/labels/train/MAR20_3116.txt,MAR20_3116,278,14c38be85e04ee39ca627898782885e9092c187307b0d854447a6b3968765d0e,7,7,ok
train,shiyan/data/labels/train/MAR20_3119.txt,MAR20_3119,232,a2a0a877cb8eb653dd206b027681ffe22bd14de00adb9ce4d30c466b665e10e7,6,6,ok
train,shiyan/data/labels/train/MAR20_312.txt,MAR20_312,158,4bc90aedbc00dbee62932859d6168c9146c316d068534554197bd5fb2aa3dbc6,4,4,ok
train,shiyan/data/labels/train/MAR20_3120.txt,MAR20_3120,311,76a8fa30cf50ee2de1e40b9df5426beb5c05160a73558b4c7e483e8779b20271,8,8,ok
train,shiyan/data/labels/train/MAR20_3121.txt,MAR20_3121,158,27cbbfc243f2c4a6c873bc7232f23b11a50ada34f3440299385328a352bf1223,4,4,ok
train,shiyan/data/labels/train/MAR20_3122.txt,MAR20_3122,158,e9ea9987a39522fb1639c519e6e815e7e8fe1ea6db342001450f2349d93c1a5e,4,4,ok
train,shiyan/data/labels/train/MAR20_3123.txt,MAR20_3123,38,c1dcd6d4f413a570bc912d65fd535539451cc4e7ae77ff8d6dde585fd43e9a8c,1,1,ok
train,shiyan/data/labels/train/MAR20_3125.txt,MAR20_3125,78,789822b506e60ab2720dabe0215ea88d2796193b26cbccbb3e3b4471668d2596,2,2,ok
train,shiyan/data/labels/train/MAR20_3126.txt,MAR20_3126,312,7e7a7b356a193f063e1d6f3b086859d40bbedeec071ace911f60d782624a66da,8,8,ok
train,shiyan/data/labels/train/MAR20_3127.txt,MAR20_3127,238,ff23597ba913dde43cfe1448e471400b181096dd4168ef49837380f99cdb7131,6,6,ok
train,shiyan/data/labels/train/MAR20_3129.txt,MAR20_3129,116,eab53337864db4b2b68d61333b5db8789cc0989470c48e32a39ed1880a3489a6,3,3,ok
train,shiyan/data/labels/train/MAR20_313.txt,MAR20_313,118,0e0796c9e1139561df1f79f20e97d5ff8c610be20de3c62f0d5e914c24dc9d2b,3,3,ok
train,shiyan/data/labels/train/MAR20_3130.txt,MAR20_3130,118,9c3291788a263a4e3be902eae982fed8c797e7ce15c653444e8235213f1b623d,3,3,ok
train,shiyan/data/labels/train/MAR20_3131.txt,MAR20_3131,158,8d2cdd11bd4eb22f9ed4a2adaf06241cf4a635e5e76c0db937f6cc9d3a1f2e4f,4,4,ok
train,shiyan/data/labels/train/MAR20_3132.txt,MAR20_3132,272,7b61e1bfd42835071ce8b95913a536079bbf2ae16a53f7b74f17d29d17b7217b,7,7,ok
train,shiyan/data/labels/train/MAR20_3133.txt,MAR20_3133,438,fde379e172652a868420a81592bb2e868a0b796d1231f9882b2c6cd2a0c181b4,11,11,ok
train,shiyan/data/labels/train/MAR20_3135.txt,MAR20_3135,38,c159c72608b97e6c075d83afe9ff70b1882be5ff9082e9b20b6e09470fae2b59,1,1,ok
train,shiyan/data/labels/train/MAR20_3136.txt,MAR20_3136,158,f0f88b5032847d3661d724f5a3f4fbb261d86afcdcf5b092e7c1937f393bcf6c,4,4,ok
train,shiyan/data/labels/train/MAR20_3137.txt,MAR20_3137,238,3333d139a52b6ffa28b7e71ee84a983f9fc12b264e60d13823872cf3330f7c2c,6,6,ok
train,shiyan/data/labels/train/MAR20_314.txt,MAR20_314,238,2a0fad9b18a666c44f1ac9e86d0c880398070d8618d2784e8a2700644246b42a,6,6,ok
train,shiyan/data/labels/train/MAR20_3140.txt,MAR20_3140,76,201d68c39e9e1d1594694ea6efdd6d48922987a0d841b847b5c31fcabc4610c0,2,2,ok
train,shiyan/data/labels/train/MAR20_3141.txt,MAR20_3141,198,f656fdcd60f271fdb8692d3922e3b6ca52bdf0cff9a3af9694b54c540254120f,5,5,ok
train,shiyan/data/labels/train/MAR20_3142.txt,MAR20_3142,198,9863fa7747b535c90c8878ea836dd36e906620fb0f9513c62fdf17546e5ac135,5,5,ok
train,shiyan/data/labels/train/MAR20_3144.txt,MAR20_3144,232,7bef897385d187e45185df77cab95cd984ef53dadb2be3b482be5c670ec2110f,6,6,ok
train,shiyan/data/labels/train/MAR20_3145.txt,MAR20_3145,118,2a6f05e624e8026c8876205bd60266876c79061d85c8f00325efb6ff674937c3,3,3,ok
train,shiyan/data/labels/train/MAR20_3147.txt,MAR20_3147,518,569463b3e1235a7082988a3f1d9c83ae9782eebedce706ea1a192db34c9326b8,13,13,ok
train,shiyan/data/labels/train/MAR20_3148.txt,MAR20_3148,158,8bd5c0863b72f9cc304645126ff8d5f6d2645b75c272385cfcdd92c24502f9a5,4,4,ok
train,shiyan/data/labels/train/MAR20_315.txt,MAR20_315,398,2f581252bd50fa59c8d00ee01b0148d10a83f3509fce5954f902e7432acd3672,10,10,ok
train,shiyan/data/labels/train/MAR20_3150.txt,MAR20_3150,238,c0bc9fbc9d026e8078391a3d5a34c4f00f5f066be1dd973b608ef6b6bfcd749d,6,6,ok
train,shiyan/data/labels/train/MAR20_3151.txt,MAR20_3151,318,806cd412c6a102cd14896f824dc94d0ce3e42adb269c041928a421cfc50427a8,8,8,ok
train,shiyan/data/labels/train/MAR20_3152.txt,MAR20_3152,38,13e64208bbabc5884490484205cb3c43cd8a24eaea5a5bda42d05e2d6201c22a,1,1,ok
train,shiyan/data/labels/train/MAR20_3153.txt,MAR20_3153,238,8de21f930532eb4fe42ea1962be674aa57404994fc29759e60c3ac00de130354,6,6,ok
train,shiyan/data/labels/train/MAR20_3154.txt,MAR20_3154,78,4aee4697760368f7eac8e65091e1ae9ace7397a3ce0372db95c2091e44dd673d,2,2,ok
train,shiyan/data/labels/train/MAR20_3155.txt,MAR20_3155,158,02d3c87da102593a96792768d003070e18513ae056f94832945b17b7672411e1,4,4,ok
train,shiyan/data/labels/train/MAR20_3156.txt,MAR20_3156,78,dca7f921e9032e42fca2585b17585f0a680b1395a0cb6cc52d23018aa64ba9b0,2,2,ok
train,shiyan/data/labels/train/MAR20_3157.txt,MAR20_3157,198,452dcf96dc35387ce9b01296adcfdf5b795f2a109354bba57eff4259aa794e91,5,5,ok
train,shiyan/data/labels/train/MAR20_3158.txt,MAR20_3158,118,5bbe090def7fc28d13f0e454e282d848524c0e1d1117caced401cb5b0e0b0e98,3,3,ok
train,shiyan/data/labels/train/MAR20_3159.txt,MAR20_3159,38,517352a394bb0a18db78809bfac30cf21078988ce283ce2c46d26f9af7ee83ca,1,1,ok
train,shiyan/data/labels/train/MAR20_316.txt,MAR20_316,358,ba9abff2ef98e3e1bbd97bdba21ae99f69b6503a07938dc2f699275203c3e70b,9,9,ok
train,shiyan/data/labels/train/MAR20_3160.txt,MAR20_3160,193,73c2db542bdb361106682d6c02e5c7affd03e54bd1dab30fc1f4f3fd5db41b44,5,5,ok
train,shiyan/data/labels/train/MAR20_3161.txt,MAR20_3161,158,c06e5f2c2dcb535c9ce9fc957b4b91cb3c4e121ad424baf44b0db451d229a6fd,4,4,ok
train,shiyan/data/labels/train/MAR20_3162.txt,MAR20_3162,154,e31c2e065737c8eba61d17412d430e3a9be353450d23933b4f312bd213f41794,4,4,ok
train,shiyan/data/labels/train/MAR20_3163.txt,MAR20_3163,118,d88ff79a31d9f430abbddabef92c3ae709f468bb2d30cdd797a56e7fadae8cb8,3,3,ok
train,shiyan/data/labels/train/MAR20_3164.txt,MAR20_3164,238,498c667afcaa48e0f92c8367d564241bfe85c8af2243592d1bb12b974d673b5e,6,6,ok
train,shiyan/data/labels/train/MAR20_3166.txt,MAR20_3166,115,a1bdcf173413908ca9c474748692f1f5f89b8f4f26fd7748b3ef638972dba993,3,3,ok
train,shiyan/data/labels/train/MAR20_3167.txt,MAR20_3167,118,e0b431bc23e902cffe118d2120ef6f6850a652b96e4aabc217f515799ea80592,3,3,ok
train,shiyan/data/labels/train/MAR20_3168.txt,MAR20_3168,154,432734a49e95b4f802f537040d1e6fef9407bf6e773a5da4251de2d5cf33985b,4,4,ok
train,shiyan/data/labels/train/MAR20_3169.txt,MAR20_3169,115,32d83e5675ae7463ed1ee3cf221bd06cf0238184f858794da2bda0f8efb7e30e,3,3,ok
train,shiyan/data/labels/train/MAR20_317.txt,MAR20_317,318,5ae2f67e41e4625dfdba6288ee723dd802f3aada02dc45b101ff29cd6b0e4c5e,8,8,ok
train,shiyan/data/labels/train/MAR20_3170.txt,MAR20_3170,195,bedcc88f6ad46f7198d1cf6471d5ecfd8b4d6b1b2188d9334c74fd430dc0cf42,5,5,ok
train,shiyan/data/labels/train/MAR20_3171.txt,MAR20_3171,38,9495d36bf56cbecc488b6a27f18c6303a3ab176041292c31b01478a9108e3b72,1,1,ok
train,shiyan/data/labels/train/MAR20_3172.txt,MAR20_3172,115,c80325aff9de4a10a57e1a0e0dd1b9ed370839e7d15d8cfefed05d7add172d0d,3,3,ok
train,shiyan/data/labels/train/MAR20_3173.txt,MAR20_3173,118,ffb712d322a55e761ac2411a21be71f09aa906cb3924b381fae109864d65031b,3,3,ok
train,shiyan/data/labels/train/MAR20_3174.txt,MAR20_3174,118,edb6abf2f4db2cd91703075c36aa61b2d6bbf2fe4e7bf0ed8acadd8cda42fc57,3,3,ok
train,shiyan/data/labels/train/MAR20_3175.txt,MAR20_3175,238,15ae20cf677bb7a00cc427baba47e3f048947f7322fae87e5a1f4308084e96a6,6,6,ok
train,shiyan/data/labels/train/MAR20_3176.txt,MAR20_3176,78,8cfa0035921ec2bc7d32695e313763ae85209fb6b793bbc1b06339e82e7d0141,2,2,ok
train,shiyan/data/labels/train/MAR20_3177.txt,MAR20_3177,77,c3d29b0eca957ae872d167cb318d6658ccc799ff880fb06a9f6792d44362aeca,2,2,ok
train,shiyan/data/labels/train/MAR20_3178.txt,MAR20_3178,198,72622106a16552ede114f864e66d5e4a0e30570319f7a23d4f7f9d43c3f6d194,5,5,ok
train,shiyan/data/labels/train/MAR20_318.txt,MAR20_318,398,bec394604a577a7961b62ea2eba4ef4fa71b14bf2614b90826a32ea89631ab2d,10,10,ok
train,shiyan/data/labels/train/MAR20_3181.txt,MAR20_3181,76,84e17f58c0554888c48a0340022b7bda8aa50620b5c0a2f09e03562dcb03822c,2,2,ok
train,shiyan/data/labels/train/MAR20_3182.txt,MAR20_3182,398,f5d77d78befd270c8c7baf1e44032bc356e08dc75f09b5865e0693fd6186b471,10,10,ok
train,shiyan/data/labels/train/MAR20_3183.txt,MAR20_3183,278,335f9bedbee9304f61e9b280c7f534bc519a1af894982032bfb4dc4274e315e7,7,7,ok
train,shiyan/data/labels/train/MAR20_3184.txt,MAR20_3184,118,d2e3ea1206b2a00a26700803be729cc6d75897fb7287af9aed364f32a0913a22,3,3,ok
train,shiyan/data/labels/train/MAR20_3185.txt,MAR20_3185,37,8825a21b534ae04a8e18783d8baf0fee83f0d18d1cd20fcb6b5275f05e66c999,1,1,ok
train,shiyan/data/labels/train/MAR20_3186.txt,MAR20_3186,118,7fbf241f8b3558e2f5eba8eec8bdc35c7c90dd3e880e0195f7677cada42da43a,3,3,ok
train,shiyan/data/labels/train/MAR20_3187.txt,MAR20_3187,238,366bed528349f6d3ca7c27317fedcf0cc2e426958e9f9a68ab539294f2ced9f7,6,6,ok
train,shiyan/data/labels/train/MAR20_3188.txt,MAR20_3188,158,cff200f469578d60eaaeb80070dcc79b0629c483084beb0b481672c664248bee,4,4,ok
train,shiyan/data/labels/train/MAR20_319.txt,MAR20_319,478,a0aa2995fd7932c58d06f477bed3ec25bd749fdccee28c6489386716eb48c5d9,12,12,ok
train,shiyan/data/labels/train/MAR20_3190.txt,MAR20_3190,438,8c08c15c8e56bb13799c64f7744f0f85804a55784024c935ea173ecf2ec29dab,11,11,ok
train,shiyan/data/labels/train/MAR20_3191.txt,MAR20_3191,158,7d26292df17070860d28a0295611ae7512b3f12df97da7af43dc6ffaa0a04439,4,4,ok
train,shiyan/data/labels/train/MAR20_3193.txt,MAR20_3193,158,becb793a2f4be48bf9845aed542b9fd0229ebe63bc60b3eaf08aa916a9d8b98e,4,4,ok
train,shiyan/data/labels/train/MAR20_3194.txt,MAR20_3194,233,986cc279003a81da845d3a6da85fdece4e2f7f74b640b3e29fde0c6fc35e6ec5,6,6,ok
train,shiyan/data/labels/train/MAR20_3195.txt,MAR20_3195,118,3d8815b1ee3322b8a10ca40b5e7e4c83928d0400c81ed19d1556cd386b95a85d,3,3,ok
train,shiyan/data/labels/train/MAR20_3196.txt,MAR20_3196,193,7a6e285318534f3e1e22a1abf6a116c7f9c426e5402a6b637c7fb9bc8127593e,5,5,ok
train,shiyan/data/labels/train/MAR20_3197.txt,MAR20_3197,278,b2b80b1b6feda41fda8e26d030312892f7f31e91512e1e29b4cf88b3226226e2,7,7,ok
train,shiyan/data/labels/train/MAR20_3198.txt,MAR20_3198,238,76945de28859a8393e43528be085c34d6a496a7bad05bddff0e40d3067077d24,6,6,ok
train,shiyan/data/labels/train/MAR20_32.txt,MAR20_32,118,5896cf8fcac5a4c343ee76fb2bf4c7f8b0c75de2950ec667c21fa12c2a6ebfc5,3,3,ok
train,shiyan/data/labels/train/MAR20_3200.txt,MAR20_3200,477,037b14d66216c083cc03a436e81cf4193823dfd0f06e7c85673a967414a7ec1d,12,12,ok
train,shiyan/data/labels/train/MAR20_3202.txt,MAR20_3202,158,2ae560705b7505f608c5f5f71fdf9bc70e6e7d377cbb52ebd34bff464c6bf76e,4,4,ok
train,shiyan/data/labels/train/MAR20_3203.txt,MAR20_3203,158,b9103857b25e7b0d319e462e9685f7913a3388b8942ddd34d6f50f1948dc0e24,4,4,ok
train,shiyan/data/labels/train/MAR20_3204.txt,MAR20_3204,198,5ba4952fc254644415396678a3a6479a7b8b69aab7e3b75fa5e1be35640ae91f,5,5,ok
train,shiyan/data/labels/train/MAR20_3205.txt,MAR20_3205,232,415fc44967a68a66d3049e9875f44e518fe5f88034dce2272154b149b3ef03de,6,6,ok
train,shiyan/data/labels/train/MAR20_3206.txt,MAR20_3206,158,cdfa11d894c8bbe2b45a2c796e68dc602635d1c41046623bfbee57a2952f0492,4,4,ok
train,shiyan/data/labels/train/MAR20_3207.txt,MAR20_3207,118,15681ab9b62359d1b5a93bae30cf2edec86f48e2a28dfd5d357ff63250447065,3,3,ok
train,shiyan/data/labels/train/MAR20_3208.txt,MAR20_3208,238,ae6933f21494ba18a9830bd4f959eb3baa0e77629ea0071c44d766e963e75ef7,6,6,ok
train,shiyan/data/labels/train/MAR20_3209.txt,MAR20_3209,238,749914938d960e98d74942859309aab8a87434574d1a8543e2a8b431432b19c2,6,6,ok
train,shiyan/data/labels/train/MAR20_321.txt,MAR20_321,271,2c39b4513112be91776ec18b79f7c328689bd2618c174181954aa74b5af31462,7,7,ok
train,shiyan/data/labels/train/MAR20_3210.txt,MAR20_3210,193,07f811dbea72658742e0c5e17c6b5e824aa20d5c299732b89880cd709a009631,5,5,ok
train,shiyan/data/labels/train/MAR20_3211.txt,MAR20_3211,198,c5b49d6dc9124a391bd4ecd163858b830a7dd9f18ca949926daea1e53fba1c72,5,5,ok
train,shiyan/data/labels/train/MAR20_3212.txt,MAR20_3212,118,1128f2815cdd7365f2db1c4fe4765bb4acd78a07e508acd4ea05839ba44d3ccb,3,3,ok
train,shiyan/data/labels/train/MAR20_3213.txt,MAR20_3213,76,4c642d7e038834de9db6c850ebcf379d2121e175d3b8aea7fbb2aaaf7dfa9598,2,2,ok
train,shiyan/data/labels/train/MAR20_3214.txt,MAR20_3214,661,b0e56d9a567a698d3bdf01ca1c4cbbe1d9a957dec4fbe0cf522eb08d794d808e,17,17,ok
train,shiyan/data/labels/train/MAR20_3215.txt,MAR20_3215,78,50ae6994c423020a79c8cc2ec3ad3c780cb62a56f4e3450523f229cdd31cfa59,2,2,ok
train,shiyan/data/labels/train/MAR20_3216.txt,MAR20_3216,436,dc6b3dc7cc3c49e79be028cd070bbfb6f8489a318d33fa46c1e1fdfb03322ac2,11,11,ok
train,shiyan/data/labels/train/MAR20_3217.txt,MAR20_3217,310,d82d33a3073e5debe1fded988bf9c6a73751eed0c375ffa62ba51872158b0d6b,8,8,ok
train,shiyan/data/labels/train/MAR20_3218.txt,MAR20_3218,197,b55620211c11c0b01edbb8d97104b92dbae3ecfeb15fdc94d81ea9ad8871a33d,5,5,ok
train,shiyan/data/labels/train/MAR20_3220.txt,MAR20_3220,118,9326582d6cd54645adbc6ecefb7a39ea33bce15ffa579be928c32aee7f4050cf,3,3,ok
train,shiyan/data/labels/train/MAR20_3221.txt,MAR20_3221,313,de3ded82e90484563ffe8ea933e2b0fbd87016ad15e4e1099af55b0b820301c9,8,8,ok
train,shiyan/data/labels/train/MAR20_3222.txt,MAR20_3222,274,d09315ad715debceed248b2127041e56660a28b6e72f1223758d79901c4fb73d,7,7,ok
train,shiyan/data/labels/train/MAR20_3223.txt,MAR20_3223,78,d6908c337a2638d503ec61fd47b4edfb069cce52fe8ffe3932aaaf3d00ecead2,2,2,ok
train,shiyan/data/labels/train/MAR20_3224.txt,MAR20_3224,278,bcb43e40a4aace02382e0e09a029cc2f2955759c48d0d1068d70b0af702a71cb,7,7,ok
train,shiyan/data/labels/train/MAR20_3225.txt,MAR20_3225,318,2be73512449321f57be7fc995a34e8339ea0f6e5236653e12322afe1fd1a4900,8,8,ok
train,shiyan/data/labels/train/MAR20_3226.txt,MAR20_3226,398,ffb7d7e4ab571307562aa8fa8b200a76da2b489b805e08bf871b335bf890df97,10,10,ok
train,shiyan/data/labels/train/MAR20_3228.txt,MAR20_3228,550,d65a1bfb08281437ec19fd35e3f6487191eb6e1338f3197038585d9c583d51b2,14,14,ok
train,shiyan/data/labels/train/MAR20_323.txt,MAR20_323,76,6072d409f11ec01fb1639f054cf446ab3cdb052fe4d3e3688eeca8a394d373c7,2,2,ok
train,shiyan/data/labels/train/MAR20_3230.txt,MAR20_3230,278,a4ffa7a10e7f7d60a55b79cf1e1ae719693561d252187702c1cd8ad59d97f32c,7,7,ok
train,shiyan/data/labels/train/MAR20_3231.txt,MAR20_3231,198,8d7515b73106ad47e1b55af66f2a47787927c9a68fd7330791eba6005342ef6c,5,5,ok
train,shiyan/data/labels/train/MAR20_3232.txt,MAR20_3232,235,9a515b1cc35d278a13bb36db14a27171cad37e06ccb9d1c2b44f538ab136a7bd,6,6,ok
train,shiyan/data/labels/train/MAR20_3233.txt,MAR20_3233,193,8dc590adc6063fac54e585a087d386573773eb9025202029cece34dc57cb0919,5,5,ok
train,shiyan/data/labels/train/MAR20_3235.txt,MAR20_3235,318,5b2c6f400d13c42696b9ae8a2a14a47daa39a833885376db3c53569dd44b1473,8,8,ok
train,shiyan/data/labels/train/MAR20_3236.txt,MAR20_3236,278,a838c591a7365b9b75f054809ad4393c97b8d5f99c12378ff4e37de6814a1095,7,7,ok
train,shiyan/data/labels/train/MAR20_3237.txt,MAR20_3237,158,81ac5e5895b63892dcc8b73a48eb5eff37f05c3cba8a07e4ad974a27eb52756e,4,4,ok
train,shiyan/data/labels/train/MAR20_3239.txt,MAR20_3239,158,4b45029eb283d4b82e08486fdd11c232aa8c9f430f2bbc9b6da64b68e043c1f6,4,4,ok
train,shiyan/data/labels/train/MAR20_324.txt,MAR20_324,310,1c9196fb28065eb5a5be069d2aa4e7fdcd02fa4ad1d83a8b4379ac7a96eb5058,8,8,ok
train,shiyan/data/labels/train/MAR20_3240.txt,MAR20_3240,275,ed3d8cfa5b56099a640029d3661463473e65e92b75164787bb331dcbd9d087e1,7,7,ok
train,shiyan/data/labels/train/MAR20_3241.txt,MAR20_3241,598,91aa169aae02b43169c92d339dfa074eb15908c8df97e4a2c0577215a7a51f27,15,15,ok
train,shiyan/data/labels/train/MAR20_3243.txt,MAR20_3243,310,9c0915056c9f854cb3d84d3c5794ac3865b42111a4b50cb638e0c051c78bac20,8,8,ok
train,shiyan/data/labels/train/MAR20_3244.txt,MAR20_3244,158,e81843081f52b7142ecf252c904608f692eeb40e86b549edcf7cd39de90dd753,4,4,ok
train,shiyan/data/labels/train/MAR20_3245.txt,MAR20_3245,78,4ac7efef845da2490f7edc2f5538d65ef45f1f99964de075f708548c738275c1,2,2,ok
train,shiyan/data/labels/train/MAR20_3247.txt,MAR20_3247,349,9184b9b763392bf662bad3229fc9f59056f9f58eee1a8843c3b4d0c7bbbfa3b0,9,9,ok
train,shiyan/data/labels/train/MAR20_3248.txt,MAR20_3248,118,b2d3c227f5a7d42a498233c77e83231dd8aedef52283e451b37599887b6b6e87,3,3,ok
train,shiyan/data/labels/train/MAR20_325.txt,MAR20_325,193,ad6f08efc35a47cb047bf3eb0954a7e2dbc17aad2ed4c5804de58d87fcaf0802,5,5,ok
train,shiyan/data/labels/train/MAR20_3250.txt,MAR20_3250,351,ba98651ded1647a416de0789d64f22a3f1a7556d63ca4b32bee3ff1ea9a0e805,9,9,ok
train,shiyan/data/labels/train/MAR20_3251.txt,MAR20_3251,310,d47fbc3e3291d79f29138b13cd4738f12df5d05958f6c3990fc029622c3d9170,8,8,ok
train,shiyan/data/labels/train/MAR20_3252.txt,MAR20_3252,273,8dc3e455ffc088c328ca69e36dd5cf77c2aa5341b80ddb9db8e9a8386fb59582,7,7,ok
train,shiyan/data/labels/train/MAR20_3253.txt,MAR20_3253,318,e9693bc29153b0eb94a90fe7910bdbced41d6c9b0fc927516a950b5af48acd8a,8,8,ok
train,shiyan/data/labels/train/MAR20_3255.txt,MAR20_3255,398,5e5327c642fe00fe04db14c46b6bd41e0de500251b121e85a895b9effbc7d6fb,10,10,ok
train,shiyan/data/labels/train/MAR20_3256.txt,MAR20_3256,198,32800f8fdbda5e9f394a362b4cf4bfaa93073dbca62a5bc8b7be838a1495dd75,5,5,ok
train,shiyan/data/labels/train/MAR20_3257.txt,MAR20_3257,118,0d9892c01729e8d64be6ad7c5f8cdc51aa4355ef406e7f94259fdabed707d1bb,3,3,ok
train,shiyan/data/labels/train/MAR20_3258.txt,MAR20_3258,232,2b89e1ba98bbd00c1c756c0c5ba6d079b2eb05c86b46186132e7994e095e8a02,6,6,ok
train,shiyan/data/labels/train/MAR20_3259.txt,MAR20_3259,78,56b0b6022aa20bbc74eba5b5016fbd80d8df9ad270eab26595b4a3ac3884ffa6,2,2,ok
train,shiyan/data/labels/train/MAR20_326.txt,MAR20_326,115,075bd0d03f8d10cda50d40d4abf7772f3ef202af0318caaa63e051f347769c58,3,3,ok
train,shiyan/data/labels/train/MAR20_3260.txt,MAR20_3260,158,8a8f6b7fe788122beea54301235c9035c4fb305e79d6a0c244fcd9cca0efabe3,4,4,ok
train,shiyan/data/labels/train/MAR20_3261.txt,MAR20_3261,198,117898fef73e85b9a6ea3b7bfeb4bc7efb281991b7f02a4675a3f0fa32e31d11,5,5,ok
train,shiyan/data/labels/train/MAR20_3262.txt,MAR20_3262,198,1bbcfa1f1175240e5ebebb9ba1e1fbd8cf84dfe960375f538d7c9e0ce1d00b3d,5,5,ok
train,shiyan/data/labels/train/MAR20_3264.txt,MAR20_3264,118,1736ed3786a6bf4711134f17f4ae21e5bbfa8a723dd891f2600d056394bfb440,3,3,ok
train,shiyan/data/labels/train/MAR20_3268.txt,MAR20_3268,158,293122421f146e174fe29da3b961dddeef0a41cd5582d5e0cdcdadd72e400233,4,4,ok
train,shiyan/data/labels/train/MAR20_3269.txt,MAR20_3269,118,fd7952e717540954c45f503bd174fdd040a140c1b9bcecc6df62bc24b225b660,3,3,ok
train,shiyan/data/labels/train/MAR20_327.txt,MAR20_327,154,a602ec6de25309b134decd68149c7403d017b54af8a5e84f5dc0dfe5dfa89868,4,4,ok
train,shiyan/data/labels/train/MAR20_3270.txt,MAR20_3270,37,5e273743757fdc14904e9330348db28d5a7cbb6001e0c84df7901a1587939552,1,1,ok
train,shiyan/data/labels/train/MAR20_3271.txt,MAR20_3271,158,5907003da3d016182b0d67d413b5eaa778249f0105922b26457135fa0f040aeb,4,4,ok
train,shiyan/data/labels/train/MAR20_3272.txt,MAR20_3272,118,b2d31c19c933e073cc34cda2a94593f8a16fc65d79571e885a01453d85ccf4a4,3,3,ok
train,shiyan/data/labels/train/MAR20_3273.txt,MAR20_3273,158,2756e491028488da8be45aaadcfc6d184feb043ea3a49620ab7fd731c1c0e443,4,4,ok
train,shiyan/data/labels/train/MAR20_3274.txt,MAR20_3274,278,dc4646a0230187f4a4490c0300d8d3bd627db0c01656156ddf9ecc254281ae3d,7,7,ok
train,shiyan/data/labels/train/MAR20_3275.txt,MAR20_3275,358,b33b9ec87fc0d8ef40543cac97f3de0e576494970717667f8a8049e526dcc561,9,9,ok
train,shiyan/data/labels/train/MAR20_3276.txt,MAR20_3276,558,ad770b8e2898b0c1f0295c338ab6ce3836271ca761a82e8b56ca0583798505d7,14,14,ok
train,shiyan/data/labels/train/MAR20_3278.txt,MAR20_3278,358,2727f0aa6193ae248d441d44ca41a3d38be71720f0d2744363a9589772bb9d06,9,9,ok
train,shiyan/data/labels/train/MAR20_3279.txt,MAR20_3279,232,4a61c731304b265e6de6de4dce03d037801387db9ae6bbd5535d9ce836a093ab,6,6,ok
train,shiyan/data/labels/train/MAR20_328.txt,MAR20_328,37,0e173be753579ff74f5d5fc98ca65077777f2d263e548134f805023a8af8d0b3,1,1,ok
train,shiyan/data/labels/train/MAR20_3280.txt,MAR20_3280,238,d38f282007ccb8e51c97567f362ff0f6091fedfd0c118144ff5b1e7ccfb420e6,6,6,ok
train,shiyan/data/labels/train/MAR20_3281.txt,MAR20_3281,398,a5f782a367247d5cecf98652c18a98000e4337f0c79b39ca6b9a1be99c7c743c,10,10,ok
train,shiyan/data/labels/train/MAR20_3282.txt,MAR20_3282,78,36babccaab04a4905337a2f8fb76476b8af228b24e5ce0f28fc18398862aeed1,2,2,ok
train,shiyan/data/labels/train/MAR20_3283.txt,MAR20_3283,878,821cd67fe12d5371ad5dc59adacd2cc173868579a1c8c6c4dafe51a3a5c93b6b,22,22,ok
train,shiyan/data/labels/train/MAR20_3284.txt,MAR20_3284,38,8c22e7042f2ceeab616b5044402589761894bd9369e6803ec85c8a9cdb317aff,1,1,ok
train,shiyan/data/labels/train/MAR20_3285.txt,MAR20_3285,76,1054655767d5917da8eb5174ed938eed9addfdc006a77c36b59f053581dd0c84,2,2,ok
train,shiyan/data/labels/train/MAR20_3286.txt,MAR20_3286,118,6f4fc2e465dfe851c30ba736f843facc935612a7638462fbb29e5ea78c6e1295,3,3,ok
train,shiyan/data/labels/train/MAR20_3287.txt,MAR20_3287,118,02b2c1dfc3ee42a557c3ac138ce61ded7c5c138763358734d4b671c3b32a5d98,3,3,ok
train,shiyan/data/labels/train/MAR20_3288.txt,MAR20_3288,232,e75b2497d8fbec3d44fdd988b5157ff4aa9dda350d2bebc85c4aa2803d2d1908,6,6,ok
train,shiyan/data/labels/train/MAR20_3289.txt,MAR20_3289,76,f29362a8a6a42c10d1a23d67e07be23a5a455e541b729bb47cda99a83d8df2b1,2,2,ok
train,shiyan/data/labels/train/MAR20_329.txt,MAR20_329,154,41f06cd24a8efe03b7ade5a04e4c473ae09b8fd7234fe3e8505922333258f8d6,4,4,ok
train,shiyan/data/labels/train/MAR20_3290.txt,MAR20_3290,76,e636756d2a33997c94f9c86c15416f5767f941eca7cf1ff548a816e423740df4,2,2,ok
train,shiyan/data/labels/train/MAR20_3291.txt,MAR20_3291,76,a6db1624a28654d400c31218a0f27a6e51947e08dcfd369e0df49f22d2b99859,2,2,ok
train,shiyan/data/labels/train/MAR20_3292.txt,MAR20_3292,38,7e1113dba24bcb54226cec5ed905620c3e7e30ec3ec30ccf5f1aacbee90e69e8,1,1,ok
train,shiyan/data/labels/train/MAR20_3293.txt,MAR20_3293,271,6348899ee84d8db15fdc1cdcfb33adb07b3d78d6deae03be2a1176aa412905fc,7,7,ok
train,shiyan/data/labels/train/MAR20_3294.txt,MAR20_3294,77,4fe2d7a25ccd834fdc24957438359332880bad49509360f652229ccaafd98793,2,2,ok
train,shiyan/data/labels/train/MAR20_3296.txt,MAR20_3296,115,0922d17ae760446a21d4f92e3cf87ec71491a6a1496863292dcedbb186d9cd7b,3,3,ok
train,shiyan/data/labels/train/MAR20_3297.txt,MAR20_3297,238,63b05b713729a2c127247008fcce5543637130c76f69ee90ed7264b50b7c8c6e,6,6,ok
train,shiyan/data/labels/train/MAR20_3298.txt,MAR20_3298,197,ff46603922c9c9b4cce76ce2f77bd682af7d4b417e71383d411abc0e6e6b5e0a,5,5,ok
train,shiyan/data/labels/train/MAR20_3299.txt,MAR20_3299,238,e9fa846e88bd20445ed0c4d99cbef201fdc3e778b261a214171d94ebe7dd4a22,6,6,ok
train,shiyan/data/labels/train/MAR20_33.txt,MAR20_33,78,c67e5d2e815e58824a69acf8f6063aa6bf71d36d0c985e52a4e4f7ac50ae0505,2,2,ok
train,shiyan/data/labels/train/MAR20_3301.txt,MAR20_3301,158,64c95ceb6ffa91e22b4eaf13d32e57c8801b9d39438dedc0f1dd5a52ec16e2a0,4,4,ok
train,shiyan/data/labels/train/MAR20_3303.txt,MAR20_3303,278,a6c7f74bfb6ad0f517bdf743db8440735e006dacafb7c0b12af6292156ab9b6f,7,7,ok
train,shiyan/data/labels/train/MAR20_3304.txt,MAR20_3304,78,19a844598081723987f52ad0b954c615f3e6f5c35b7b7964032acd95ee70119c,2,2,ok
train,shiyan/data/labels/train/MAR20_3305.txt,MAR20_3305,154,a4ed830f729d0f846c2d354b0e031e36bb943c438295797e08cbfaaa1ca8e95b,4,4,ok
train,shiyan/data/labels/train/MAR20_3306.txt,MAR20_3306,118,0a2cecbc75fc791c799b7cd4d09c669c280c7a36f2a8f2446524f8e1cfd96519,3,3,ok
train,shiyan/data/labels/train/MAR20_3307.txt,MAR20_3307,351,19d4a9c04eab12937d7b6740a85a4faeadc62e71d9d0c697637439b818f6810d,9,9,ok
train,shiyan/data/labels/train/MAR20_3308.txt,MAR20_3308,878,60406e39fdeafbd4ad8814a1fdcb35c5e3c113d1f6677065b175ed552c3e85e0,22,22,ok
train,shiyan/data/labels/train/MAR20_3309.txt,MAR20_3309,38,54e136a041bd64b7f18be332d6df5627a82fa11591dd68051d96db0ba9ead001,1,1,ok
train,shiyan/data/labels/train/MAR20_3311.txt,MAR20_3311,37,acea95f503f6e9e3ed9e683143aa2c5934c9919acc04b4e934aa9492b686472a,1,1,ok
train,shiyan/data/labels/train/MAR20_3312.txt,MAR20_3312,118,93f75cb44839556f8cccff498c3430b20410f6c5fe6a48f741c0c663d47cf237,3,3,ok
train,shiyan/data/labels/train/MAR20_3315.txt,MAR20_3315,317,298eb6dd61e89b5c7e3a13de63dbd259e0327e158f56b75ae6716fd13f7f7935,8,8,ok
train,shiyan/data/labels/train/MAR20_3316.txt,MAR20_3316,157,3907ae15ea35263eafc6791c4ebe17d8e8932581d114adf5407889720c10d073,4,4,ok
train,shiyan/data/labels/train/MAR20_3317.txt,MAR20_3317,278,41c227f2c953735a3876840dd7b0b477ba060da62c3ad6bea08cc3c5a1d2ce0c,7,7,ok
train,shiyan/data/labels/train/MAR20_3318.txt,MAR20_3318,310,0cd6819af3264e978e1907f2f600c754a12ce6670f09119b1dbbcec7bc0348e6,8,8,ok
train,shiyan/data/labels/train/MAR20_3319.txt,MAR20_3319,118,62eebb14fc82d51ad02ebc0328d3daba014c6b4e93eedf2787c3839e2c683e00,3,3,ok
train,shiyan/data/labels/train/MAR20_332.txt,MAR20_332,197,6d3c2939e1626b14c31974ca9a3ca5a0480283a537637990dc805d840a492853,5,5,ok
train,shiyan/data/labels/train/MAR20_3320.txt,MAR20_3320,118,26a69d486d626ea2e4f2a7e1d0f4c1e1c05704ebae1bbac6f22cf5ba781b4415,3,3,ok
train,shiyan/data/labels/train/MAR20_3321.txt,MAR20_3321,198,84783f041230203643fd8270daf6f985a94c8dbb5f245170da94dbd5b882e241,5,5,ok
train,shiyan/data/labels/train/MAR20_3322.txt,MAR20_3322,358,930f15e10e999a28fa20c5cd10bc54ba40069e169e74746125808099d6762242,9,9,ok
train,shiyan/data/labels/train/MAR20_3323.txt,MAR20_3323,158,ac1ca7e56c139fb3b17c2d9ee849ad786759fab4ed3121771a71437e7b431e9d,4,4,ok
train,shiyan/data/labels/train/MAR20_3325.txt,MAR20_3325,154,45254dbf4c85c101fd3d16067f1b74e54bb048ec2a9278ffc7148ee9bd0dc2f7,4,4,ok
train,shiyan/data/labels/train/MAR20_3329.txt,MAR20_3329,198,956bf3b7d7e53c2d0dc3aaf73b54fb11cde6c91bf120f1ade222ec2bb4aae663,5,5,ok
train,shiyan/data/labels/train/MAR20_333.txt,MAR20_333,154,e19cffb8d262f00b8ee1aeba6c0ab8cf45dc2f85e6b8d809de3e4d4e67e15a5b,4,4,ok
train,shiyan/data/labels/train/MAR20_3330.txt,MAR20_3330,198,5fd5bff08ce698011a99dfe09ee40baa76ce7afe4c38f94cd8c02a234a1a2746,5,5,ok
train,shiyan/data/labels/train/MAR20_3331.txt,MAR20_3331,76,36f39e862ef9c07348cc27b5a646403ef2eeee16689b99e4a0e61e26e98d535f,2,2,ok
train,shiyan/data/labels/train/MAR20_3332.txt,MAR20_3332,198,867b8bf0013965e6b8e0d03c389c7e353384428e75fccebdf87b0134d115c0ad,5,5,ok
train,shiyan/data/labels/train/MAR20_3333.txt,MAR20_3333,76,3fcc8348b9df61b6f7b38895b0b4b8e65b44ba0681c09269918c07d6732fdf90,2,2,ok
train,shiyan/data/labels/train/MAR20_3334.txt,MAR20_3334,238,4fa10e605e3d8de718977ff4f6e9993dc0b5303d35bbd7b7703ba47f59a5805c,6,6,ok
train,shiyan/data/labels/train/MAR20_3335.txt,MAR20_3335,118,c7b10e2561a6fa37dd7db8f2984ae58165cef683f9d71b3af129b7419f11c174,3,3,ok
train,shiyan/data/labels/train/MAR20_3336.txt,MAR20_3336,233,b9417532f6bdc011c76d7cc52e17cf6f7490e9031fcebd9a42b4fdc3c50811f9,6,6,ok
train,shiyan/data/labels/train/MAR20_3337.txt,MAR20_3337,118,52bf9bcf368be5e0b4699bec54dc5009778218efbd456d3230498d96c9912486,3,3,ok
train,shiyan/data/labels/train/MAR20_3338.txt,MAR20_3338,198,b25e689c833d12d01f665c6ef68270d6f95d65f0d6eda9887e12c9150466eae9,5,5,ok
train,shiyan/data/labels/train/MAR20_3339.txt,MAR20_3339,232,a6d73edeab43568c3fd817507ce9b0f3484b5173af24e6df6f70ca9db3e40994,6,6,ok
train,shiyan/data/labels/train/MAR20_3342.txt,MAR20_3342,238,a67fb2e56ea452f40ee0d77534756c43bcd2d5a10394766ae8309eb8cdd66583,6,6,ok
train,shiyan/data/labels/train/MAR20_3343.txt,MAR20_3343,115,b6562f715e2e26755bd445f05e426589dd28e3dba7e0ba7197f351e15599b568,3,3,ok
train,shiyan/data/labels/train/MAR20_3344.txt,MAR20_3344,115,926755a164a9567dfd2109058dd91984abf360092d31618962265bae6b800065,3,3,ok
train,shiyan/data/labels/train/MAR20_3345.txt,MAR20_3345,118,13d6be3432270dbebe8d3c2ccf3119d606a2aefb06bbb95a6c381754e0cb7eb4,3,3,ok
train,shiyan/data/labels/train/MAR20_3346.txt,MAR20_3346,38,a1173fd93a09f2f7d21f3480eb2e33e993f766905925613eeb8af183b5134cbe,1,1,ok
train,shiyan/data/labels/train/MAR20_3347.txt,MAR20_3347,78,ccc4171b608dedd8ea9e22de6d07be94184c5f46871709eaa5c71bc690340d9e,2,2,ok
train,shiyan/data/labels/train/MAR20_3348.txt,MAR20_3348,277,e2b3644e223ea93d8ab13de30ac35f07ab75b1cba62e6bf796b21765f920a90e,7,7,ok
train,shiyan/data/labels/train/MAR20_3350.txt,MAR20_3350,235,cc7bd3d3c1d1a43d8a829ca55b6f444c83313d8fed2866b0580c61d0c915a0c5,6,6,ok
train,shiyan/data/labels/train/MAR20_3351.txt,MAR20_3351,158,fe64c49d565e8a23a3fa51c6145615f33170dc83c865a2aa54ef6c1d9849dd5b,4,4,ok
train,shiyan/data/labels/train/MAR20_3352.txt,MAR20_3352,478,b36e7b60e3ebbf87e53e1eca6e0b9a25b76860c8a79b3324825b0e7120d2f96d,12,12,ok
train,shiyan/data/labels/train/MAR20_3353.txt,MAR20_3353,388,f9da6f8c4832efb9cfb196edb517abf27c9a06049f958070a86cd753d953941b,10,10,ok
train,shiyan/data/labels/train/MAR20_3355.txt,MAR20_3355,193,5998f42b299a969f35285b65fed365fb4c3bf5af8710658e749891fd56d4a4fd,5,5,ok
train,shiyan/data/labels/train/MAR20_3358.txt,MAR20_3358,198,9cadc88bb20e244d45a13d03f2e8110ca48217c346bd506964ea7340b88dc1d8,5,5,ok
train,shiyan/data/labels/train/MAR20_3359.txt,MAR20_3359,158,df33dda1c3ed5435e3bbc1911da80493595c77cf49b7c93412086c59675f36ec,4,4,ok
train,shiyan/data/labels/train/MAR20_336.txt,MAR20_336,193,1e206629904589b6ea5487c0a879a14fdb853a8351556fe71179ca999982ffad,5,5,ok
train,shiyan/data/labels/train/MAR20_3360.txt,MAR20_3360,558,9ada86fff1a36163543ca7d60a56ded502ac230c0b2ca32f3ab0c59eac641760,14,14,ok
train,shiyan/data/labels/train/MAR20_3364.txt,MAR20_3364,934,a9df330dafaab64d315c0aa22c46fb53955f8ed215a7b8f6a9c61ec8d4001664,24,24,ok
train,shiyan/data/labels/train/MAR20_3366.txt,MAR20_3366,158,1247371039c32761798681cf5c23a08e433b5e53c9cb6b997e83dd88c775debf,4,4,ok
train,shiyan/data/labels/train/MAR20_337.txt,MAR20_337,271,5fedf9c76c4a46cef1924346fe9f9ae3533f7c311b01035cff6f51dbb54ad4b2,7,7,ok
train,shiyan/data/labels/train/MAR20_3371.txt,MAR20_3371,115,d9433fe3605d9d36759252b2988b50ba634fcd7764087e1fac1479a0f18fddc5,3,3,ok
train,shiyan/data/labels/train/MAR20_3372.txt,MAR20_3372,350,1193086707b9d704d0517edd8a61e292168e5c5ba9c7483d7ef5c7c20817f0fd,9,9,ok
train,shiyan/data/labels/train/MAR20_3373.txt,MAR20_3373,237,61b88af1f97f1379692cb3dc4103447b9ec1f3cbd55d8ec1d6c62ae70646636b,6,6,ok
train,shiyan/data/labels/train/MAR20_3374.txt,MAR20_3374,238,d98b6177a509f736ab9a4ae27bbc7fa9538dba860decea763434b194903a5837,6,6,ok
train,shiyan/data/labels/train/MAR20_3376.txt,MAR20_3376,438,a03b8d225662e89c55e4c98a6009ef2cf1efdd6d787b8e7cc1079c38dabff815,11,11,ok
train,shiyan/data/labels/train/MAR20_3379.txt,MAR20_3379,115,200dffdab8e1db3932c4222983ab44c0dbb7cf6c22a50468ebb04fae97bcb0a9,3,3,ok
train,shiyan/data/labels/train/MAR20_338.txt,MAR20_338,115,228cc10a939dd459a9372cd7abc58a92fafab4fe83b4a0555bd387f3fef70f8d,3,3,ok
train,shiyan/data/labels/train/MAR20_3381.txt,MAR20_3381,117,8330e4f8f248f468e6a71119a1eeed5f25afd979757a58466c6713b3e65bd876,3,3,ok
train,shiyan/data/labels/train/MAR20_3382.txt,MAR20_3382,76,552c18ba4c879ba3d2711ddd9e6a383fa0e7b755d218d0165ed4fb423dcade35,2,2,ok
train,shiyan/data/labels/train/MAR20_3384.txt,MAR20_3384,198,c4fcc021de8c3913ea27b2a2d7b9b16c030ecc729e8cd9cd41f77b6203239c27,5,5,ok
train,shiyan/data/labels/train/MAR20_3386.txt,MAR20_3386,193,ab3dea27a58dab7d5e8f78185ccc217c034f168b0852ad99cd6e5f128ed5fcc0,5,5,ok
train,shiyan/data/labels/train/MAR20_3387.txt,MAR20_3387,398,0c103e102ca5d9449fc2dfcfcbf38986a5108c2e603ced0b5dea0594228e9d9f,10,10,ok
train,shiyan/data/labels/train/MAR20_3388.txt,MAR20_3388,76,69adf746fe35e062b1399c6a84935c06401018b3ea3aa0dfe5281a495e1b78bb,2,2,ok
train,shiyan/data/labels/train/MAR20_3389.txt,MAR20_3389,154,48a7034c9e377b3078dd841788edcac34205db920d6764de8aaefd0182fe712e,4,4,ok
train,shiyan/data/labels/train/MAR20_339.txt,MAR20_339,37,febb1527e4efe3e4886abccb314267ee9639cb88c8727882c2d5e2e99047a9e2,1,1,ok
train,shiyan/data/labels/train/MAR20_3390.txt,MAR20_3390,158,8057022fab28a901178b33f80103ee92f805fb13eb1a35aa1750f0daba7973cb,4,4,ok
train,shiyan/data/labels/train/MAR20_3391.txt,MAR20_3391,558,e390868a30538f43fd411bf647d8bd2bfdbd7eb253f4bc0dad78933bd777beb0,14,14,ok
train,shiyan/data/labels/train/MAR20_3392.txt,MAR20_3392,78,97c0d15a68470f895897b4058b6051bf229fc51bc37ca830db60ca9de2f22a7c,2,2,ok
train,shiyan/data/labels/train/MAR20_3394.txt,MAR20_3394,76,e75f5c27932330e36fed5d87fabcbb0664743c954c3bd2390a4877ad417dd877,2,2,ok
train,shiyan/data/labels/train/MAR20_3396.txt,MAR20_3396,238,3a31a238679446f9da41396ab285622197617805852817420db0025726cc6fe3,6,6,ok
train,shiyan/data/labels/train/MAR20_3397.txt,MAR20_3397,38,491fbbb64e7960613083f807269d74d8df59e26c715aa55bf32553636c01c1f9,1,1,ok
train,shiyan/data/labels/train/MAR20_3398.txt,MAR20_3398,238,9c21d3187cb5ec94c0d4050917bb5d116cfcaee7485c96735a41a36dc3444b9e,6,6,ok
train,shiyan/data/labels/train/MAR20_3399.txt,MAR20_3399,318,df686494a247e8ccea6a164768de14c5517c2b32e1559d9cb50492e2cc05415d,8,8,ok
train,shiyan/data/labels/train/MAR20_340.txt,MAR20_340,76,9da05d973415bad32874a0ff3954f3f84c774535637d62ad34695a5d4197a415,2,2,ok
train,shiyan/data/labels/train/MAR20_3401.txt,MAR20_3401,158,f03ce6e34dc2fbcc5ca37ad49b3223a67f688baa00325aedb1e7eeaa5f70fc6c,4,4,ok
train,shiyan/data/labels/train/MAR20_3402.txt,MAR20_3402,116,a2b1144b0abf9c14d14fff250a3dba8b05ff3185be73756a2d5947a75cb218dd,3,3,ok
train,shiyan/data/labels/train/MAR20_3403.txt,MAR20_3403,118,271aac6287899f9024e721fb6c32d9bf537d2121af7c418478b960adc6fff51a,3,3,ok
train,shiyan/data/labels/train/MAR20_3404.txt,MAR20_3404,76,39526ee6a6d4184b91048fe5e8b99eceb22cb861ce0da729bc78bd1eaa038aeb,2,2,ok
train,shiyan/data/labels/train/MAR20_3405.txt,MAR20_3405,118,04ec824362bd2d5e11167b45f21fb4b8a29488bad0a88ca62dcf68fbf2a86fb4,3,3,ok
train,shiyan/data/labels/train/MAR20_3406.txt,MAR20_3406,193,b7d918caca3d337a07e01659e3fa635ef3ae28ee2aab3540770a9bad744405fe,5,5,ok
train,shiyan/data/labels/train/MAR20_3407.txt,MAR20_3407,76,73db8b7cb66aff2df8a3c8523732eda72c2ecb420710846a8059828a809db980,2,2,ok
train,shiyan/data/labels/train/MAR20_3408.txt,MAR20_3408,318,11af4865a9ddfca37117210e6978138644c12bfb89f79e1b0cf72e6608123a62,8,8,ok
train,shiyan/data/labels/train/MAR20_3409.txt,MAR20_3409,78,921d62c0261c4011c185c5edfef4e38c33423ef215fe47a493d383f09e2cc426,2,2,ok
train,shiyan/data/labels/train/MAR20_341.txt,MAR20_341,118,f1a1a37a8c7c7b49c497761862dafe8e3900a4e2f8a687c41711cb7c171928a8,3,3,ok
train,shiyan/data/labels/train/MAR20_3410.txt,MAR20_3410,118,ea9f9395e11b9544b19e51493b801d619b508d07d60bd290543c9474ab136b69,3,3,ok
train,shiyan/data/labels/train/MAR20_3411.txt,MAR20_3411,194,ab6b77e38a9f41584870949684a2baaf761e97e77cab315da9db8fd5d96ed83a,5,5,ok
train,shiyan/data/labels/train/MAR20_3412.txt,MAR20_3412,115,bb9f4353300e5e92040f28f1d98c4c282cdf3d89b1223e4297704b870acdfb87,3,3,ok
train,shiyan/data/labels/train/MAR20_3413.txt,MAR20_3413,118,ea372bd2411a0d95258dbc787993755ba6ad2dbfe4193d46f29fa4c1da4eff48,3,3,ok
train,shiyan/data/labels/train/MAR20_3416.txt,MAR20_3416,427,36a89c01f8f1c747c60ce53de6720813a3a03b322c87e13eb4e7eafa4519eb76,11,11,ok
train,shiyan/data/labels/train/MAR20_3418.txt,MAR20_3418,78,877a26005bc3aace4d2715e30cae3505544107896bd940861d239e72c2d6b6db,2,2,ok
train,shiyan/data/labels/train/MAR20_342.txt,MAR20_342,38,896fa843237f2e51397649d50a4fc86baadbd3e6e2077cb14ed484beec00009f,1,1,ok
train,shiyan/data/labels/train/MAR20_3421.txt,MAR20_3421,118,e6436d8b20eb03277830780d3e54194f7d431c8e56eb32f39bfcc3f87f67181f,3,3,ok
train,shiyan/data/labels/train/MAR20_3422.txt,MAR20_3422,238,aa1406560a4ce518e2a39d55eaaec30fe189b7369818cdae4f915231ac0f0731,6,6,ok
train,shiyan/data/labels/train/MAR20_3423.txt,MAR20_3423,193,352faf70fa30d3fb946884bd297e2905b2e38d9f4a63388864144b700bc97722,5,5,ok
train,shiyan/data/labels/train/MAR20_3424.txt,MAR20_3424,390,5bf30bb0a005f422d26d92d1b77e4add405ac963ee72867bd0bfd052c48f26f0,10,10,ok
train,shiyan/data/labels/train/MAR20_3425.txt,MAR20_3425,76,2049699ca4b5e77b37a3feef02b2bce808defbca6542603d2831c2897244cba8,2,2,ok
train,shiyan/data/labels/train/MAR20_3426.txt,MAR20_3426,193,9244b7c97fda4440eb154118d89af1f1194d395c95ac68e1e06cd0757a4bbacf,5,5,ok
train,shiyan/data/labels/train/MAR20_3428.txt,MAR20_3428,158,8bf4834403b24ac25f1580a2e0abdd49dc511f761f9df1bac63ab416d665348e,4,4,ok
train,shiyan/data/labels/train/MAR20_3429.txt,MAR20_3429,78,817aa096cecb3331755386fb56efe69e6c5b0fedf03c9aa63f858b8fe3bd789a,2,2,ok
train,shiyan/data/labels/train/MAR20_343.txt,MAR20_343,118,4bcb453326e4b8ce785a57a61df42129b870b944af9673c4bebd92e518b76443,3,3,ok
train,shiyan/data/labels/train/MAR20_3430.txt,MAR20_3430,238,8e18e0a7301d7a755a42b59ea9e46e2744f1f219a48f3d4e2fcb3c6e9567e7fd,6,6,ok
train,shiyan/data/labels/train/MAR20_3431.txt,MAR20_3431,318,cace10af1d3f2f58add3f57fba3957be6d73df3d590f074b287e0e2c28ed738e,8,8,ok
train,shiyan/data/labels/train/MAR20_3432.txt,MAR20_3432,117,85e392c2219b3e68956d221dc1fda2f89c2152f405d9075c638b5e51291052a7,3,3,ok
train,shiyan/data/labels/train/MAR20_3433.txt,MAR20_3433,198,2cc3bc510a150f0fb242e5b222b5e099a9710faf34a77136bcf13c8777a9d864,5,5,ok
train,shiyan/data/labels/train/MAR20_3434.txt,MAR20_3434,158,d2236ef529eeb41c47f38984eb60227a614863dbe375a9898e4bde04b94bf42f,4,4,ok
train,shiyan/data/labels/train/MAR20_3436.txt,MAR20_3436,238,e1963fa79be130a8fabf2a99cda715d1bda2710ece398e20e234609de04a43f2,6,6,ok
train,shiyan/data/labels/train/MAR20_3437.txt,MAR20_3437,76,aff063945f71861013e3f538c2952078482553011dc279520952ebbf9ba609ed,2,2,ok
train,shiyan/data/labels/train/MAR20_3438.txt,MAR20_3438,278,0f35b1915971f705a86e52632863f14d492d17d176a1dab5f5ac97034ecbd999,7,7,ok
train,shiyan/data/labels/train/MAR20_3440.txt,MAR20_3440,118,444aa1c97caa3212366e9278fdab977ab427c60aba6511fbce46b480c82be141,3,3,ok
train,shiyan/data/labels/train/MAR20_3441.txt,MAR20_3441,118,1a7a2c55005cc3a3949d20d239bb312418fb12311b4e7bed066d3ee5ea4a9e77,3,3,ok
train,shiyan/data/labels/train/MAR20_3442.txt,MAR20_3442,78,e3e648c17a3e58201d61ba02238bcb69bb9181b95362ab0e347b7f2577a4ad80,2,2,ok
train,shiyan/data/labels/train/MAR20_3443.txt,MAR20_3443,271,02eac9e0d00aefc2be0bd4785c42bac8ca328ad7b54df0cafb9ae9c581620d4d,7,7,ok
train,shiyan/data/labels/train/MAR20_3444.txt,MAR20_3444,158,f769d292299a9960dc9a508f67bb5aa70a2505d3c1921dc6d9da4a997354be39,4,4,ok
train,shiyan/data/labels/train/MAR20_3446.txt,MAR20_3446,115,cdd11ecd2005e6cc499ea20000215107cf41f76ac6193ae1aacf9f787285d8a7,3,3,ok
train,shiyan/data/labels/train/MAR20_3447.txt,MAR20_3447,238,21b84b466646beb90816e512516d7e25f8c4e5ed3c2e759acbe0476a8ea9057b,6,6,ok
train,shiyan/data/labels/train/MAR20_3449.txt,MAR20_3449,156,6f12db908072069ec6f8b0c468f833074873410828bac407f498a8d74fab7f5f,4,4,ok
train,shiyan/data/labels/train/MAR20_345.txt,MAR20_345,358,ecf82189390081e43208540293f4a7fe4497fb5f745eb3b4ee7e4047432a0e90,9,9,ok
train,shiyan/data/labels/train/MAR20_3450.txt,MAR20_3450,278,1027c3cdf68492979ef198282150beb373debcb3a7b4e254b05cefbd4c6ce6ea,7,7,ok
train,shiyan/data/labels/train/MAR20_3451.txt,MAR20_3451,318,9274eb9f90b2f65befaafce380ca7cd1697b51561a9c2c6d5c4758282558d22a,8,8,ok
train,shiyan/data/labels/train/MAR20_3452.txt,MAR20_3452,310,4a6cb0c3c18ef2db4f65474ca97c3ef182208ec8fb46c21d5a0938ade9f1f7fa,8,8,ok
train,shiyan/data/labels/train/MAR20_3453.txt,MAR20_3453,158,31673dba3c9c06e35c9db2657cfab6594a90d88369a58e52364053c8c26880c0,4,4,ok
train,shiyan/data/labels/train/MAR20_3454.txt,MAR20_3454,118,c83651e507a0856c97d346c7a9fb9c865c6d17bd0d86189c737534f67869a438,3,3,ok
train,shiyan/data/labels/train/MAR20_3455.txt,MAR20_3455,78,0ee297f9785f4ab219f3840087e8faf0cb6aae04d6d625fe22733a339aa7eff9,2,2,ok
train,shiyan/data/labels/train/MAR20_3456.txt,MAR20_3456,158,795d23beac0a563642408f9d40999a0f5bee98cd1e71a25c8d6c47f0fe802dc4,4,4,ok
train,shiyan/data/labels/train/MAR20_3457.txt,MAR20_3457,198,450d88e2f02cd33a32baf878eef146f7be5f675c27d0ad6a88fd0e8ec7664091,5,5,ok
train,shiyan/data/labels/train/MAR20_3458.txt,MAR20_3458,478,ac00d56d325f041a06fa1ee1f29b7df8dec9d69bf9d55e57c04652fea5cd8dfd,12,12,ok
train,shiyan/data/labels/train/MAR20_3459.txt,MAR20_3459,318,2cb88a8347f5b5586ddc003b714154fb2b8061dbc03f11d4140708949bffe52f,8,8,ok
train,shiyan/data/labels/train/MAR20_346.txt,MAR20_346,438,5b1c6c87e6a54f453286fce806bb7dcf2b597b2dd6ff975fe3f1888ebfba3495,11,11,ok
train,shiyan/data/labels/train/MAR20_3461.txt,MAR20_3461,357,989a5dfa476640dbf4240e222cdf422635e19e38ab598317359449fabb142cd2,9,9,ok
train,shiyan/data/labels/train/MAR20_3463.txt,MAR20_3463,238,ddcfd9b3c1a8ee6c49c7a3f338b6d33dabbde96dc8b9f2454e8683b9e185cc70,6,6,ok
train,shiyan/data/labels/train/MAR20_3464.txt,MAR20_3464,318,9cc50f152f5b43eea8466b6862c303969aa1c9120cd1eab4f2e141f623dd837a,8,8,ok
train,shiyan/data/labels/train/MAR20_3465.txt,MAR20_3465,154,4acd8fb120cc6c682dd8c15fa3fefa7b2f5b442f828362e62c4a83e0dc03f8ac,4,4,ok
train,shiyan/data/labels/train/MAR20_3466.txt,MAR20_3466,238,6bea09df033b69750704f4c678031123fb1aa27ea80d6ba2e3eb107905a5e6a0,6,6,ok
train,shiyan/data/labels/train/MAR20_3467.txt,MAR20_3467,817,1033219bd84d37bcabf96eb4b124a241715189d9bd21031948a2efb1df58fd08,21,21,ok
train,shiyan/data/labels/train/MAR20_3468.txt,MAR20_3468,198,39647cac870b29b008f0b01a3fc657190dc18d46bda43822d1d7e0dc774f534c,5,5,ok
train,shiyan/data/labels/train/MAR20_347.txt,MAR20_347,118,52a1777f09c4f684c13d236981722df215a40c92f7e1c2ad225b83a78baeb0c3,3,3,ok
train,shiyan/data/labels/train/MAR20_3471.txt,MAR20_3471,78,431b3129fd5d083c2da0b9c248bc99689e43e08bc10a1b927c0c157a82d85898,2,2,ok
train,shiyan/data/labels/train/MAR20_3472.txt,MAR20_3472,198,b70356b52a64ceeed05ec785fa088e3679156949da73546117e9610e3ac733bc,5,5,ok
train,shiyan/data/labels/train/MAR20_3474.txt,MAR20_3474,318,d4bd0deb5abe341663456709afd0c711b89308cc4dba10ddb37787c565b2bb41,8,8,ok
train,shiyan/data/labels/train/MAR20_3475.txt,MAR20_3475,198,40ca5ff78ba1378faa03e0d95a381fcd6a966759c7d2fc7f091116a44b467d02,5,5,ok
train,shiyan/data/labels/train/MAR20_3476.txt,MAR20_3476,158,2610cafbbf38c908c27d8894b408913a74660fe30b64dfb6747b1954826a0d98,4,4,ok
train,shiyan/data/labels/train/MAR20_3477.txt,MAR20_3477,278,6f571b5a7e3758c685fb16d7ce5f2412a16b32bcacc3f2df2cf8cfbf2d177579,7,7,ok
train,shiyan/data/labels/train/MAR20_3478.txt,MAR20_3478,198,c0a9d5b914ede42f0a2c6e6163dec0050ee1446b641f15c552bff7cb4bc16170,5,5,ok
train,shiyan/data/labels/train/MAR20_3479.txt,MAR20_3479,78,ec3f9c262cd98cad9433e2e317a2998e3b340090a3b45ee264a022dfeeb3dbd5,2,2,ok
train,shiyan/data/labels/train/MAR20_348.txt,MAR20_348,118,edffb1f862ab2ff2bcb08b4ff7aa83d86c10bf57ecca34d8474f7dbaaa27f86d,3,3,ok
train,shiyan/data/labels/train/MAR20_3480.txt,MAR20_3480,78,2afe023ea2c7da9ac05ec13892030455efc14b5177526265394b4c18da1c90d7,2,2,ok
train,shiyan/data/labels/train/MAR20_3481.txt,MAR20_3481,118,14b46e90ef685d6e4ab6ec70ba762fc1c84519f56cb26d21c28b5c9c011a3769,3,3,ok
train,shiyan/data/labels/train/MAR20_3482.txt,MAR20_3482,198,e032bad2d6db2a4e89668ef1d8f06d0cca888c4ef71bed547a6cad446e21957b,5,5,ok
train,shiyan/data/labels/train/MAR20_3483.txt,MAR20_3483,198,f1011c63814345a7887f5cb61f7d884690c196822aa09a8fcb102eabadce3bfd,5,5,ok
train,shiyan/data/labels/train/MAR20_3484.txt,MAR20_3484,278,e8236c298744499a4a452fa8a711f389e4a496f6662e0dac7028ddd029fbfa1b,7,7,ok
train,shiyan/data/labels/train/MAR20_3485.txt,MAR20_3485,78,655377a153be7856eb08c2f13b315701865ac5ea1271c506a91eb39692355e1c,2,2,ok
train,shiyan/data/labels/train/MAR20_3486.txt,MAR20_3486,38,94c42aaf77667fe309b6fef287b283128763d12a9c79fd24a68507470e4651f9,1,1,ok
train,shiyan/data/labels/train/MAR20_3487.txt,MAR20_3487,197,9b018fd825518d91d645201d76de384fefc463f7d3fcc733b06db9128ccfa259,5,5,ok
train,shiyan/data/labels/train/MAR20_3488.txt,MAR20_3488,236,f5e1fca5ba8c27bbed0be63d85398c19d6e4cd8e509e29f0eac7e1727d0cf1ac,6,6,ok
train,shiyan/data/labels/train/MAR20_3489.txt,MAR20_3489,158,b839eeaa2d60dcb97a492b9f1a841df7cc95e19141746b89b4705cf2dc5f36f8,4,4,ok
train,shiyan/data/labels/train/MAR20_349.txt,MAR20_349,118,f3a28b419544e9433c77e5b2bd78bd2647ac501d300ce3783f8eca80975424a3,3,3,ok
train,shiyan/data/labels/train/MAR20_3490.txt,MAR20_3490,193,fd84af79e970075ce56f2e85d9bfcf1a239bde44c48ed185458cfc00c3d02321,5,5,ok
train,shiyan/data/labels/train/MAR20_3491.txt,MAR20_3491,78,0c0b9f3f51f68db55b41c356859d71b9583d422b47b413f30bdd8ec2d743b6bb,2,2,ok
train,shiyan/data/labels/train/MAR20_3493.txt,MAR20_3493,118,ec88448e66f937a33aca5648969b6b625c4e60c3fbbe5981ff4aac8f67169ad1,3,3,ok
train,shiyan/data/labels/train/MAR20_3494.txt,MAR20_3494,117,9be0448bcc35f7b004322682373fe5cfba3d1583a91b87f987eaff5b74a97107,3,3,ok
train,shiyan/data/labels/train/MAR20_3495.txt,MAR20_3495,315,36639c53aa31cd6f011141d9cb6cec86f13b4a68225a0a2c6f51d3de3411edd1,8,8,ok
train,shiyan/data/labels/train/MAR20_3496.txt,MAR20_3496,158,6f1826f950211f501f55e0432909612d532435ad54f55816c14bd7279d086e51,4,4,ok
train,shiyan/data/labels/train/MAR20_3497.txt,MAR20_3497,158,d4ab029d98bf7d615c72fa7f2ee1615ad6b0afd13b3170236d8eb6b8f55c10c9,4,4,ok
train,shiyan/data/labels/train/MAR20_3498.txt,MAR20_3498,310,f6eb7e3abc4d57037d460b5d9659e39d7c3c13345c0edc59c028713d96d24e41,8,8,ok
train,shiyan/data/labels/train/MAR20_350.txt,MAR20_350,158,ed05a81cb986540f1cf56a81c39a0f28c961eb95201e66f55ff9ec2b62e5f641,4,4,ok
train,shiyan/data/labels/train/MAR20_3503.txt,MAR20_3503,115,80a5c47ec5ee442805a37f7ae95d4b4e33d12afc2c3896888a41a93407d95b44,3,3,ok
train,shiyan/data/labels/train/MAR20_3504.txt,MAR20_3504,157,e7be7c30ad7c4e27b08384c348bff40448e1b12bb919fa61c12a2c78ad5d8907,4,4,ok
train,shiyan/data/labels/train/MAR20_3506.txt,MAR20_3506,78,e5b07615d86c888b7ddfc9079ad361d899da4ddce24e105fcbd0e29342d3ab8a,2,2,ok
train,shiyan/data/labels/train/MAR20_3507.txt,MAR20_3507,115,5fc8c2e160003ac425578c8585bf0f5a334e5b8d815e7da4838df9cbf5b6318b,3,3,ok
train,shiyan/data/labels/train/MAR20_3508.txt,MAR20_3508,357,121d7dff0f24c75574c73edd7766d8ebb1309fafddb541b8828f850d6eebfe3f,9,9,ok
train,shiyan/data/labels/train/MAR20_351.txt,MAR20_351,198,ee31f9a0889c7500edef1604f467898a2b02fd55f94af7893fa8f52161cf6d57,5,5,ok
train,shiyan/data/labels/train/MAR20_3510.txt,MAR20_3510,78,b787d9c0a155476a9cdb965924acf6450e773d4ca26bd153fdd2f5d41385fded,2,2,ok
train,shiyan/data/labels/train/MAR20_3511.txt,MAR20_3511,349,b6630fda157b3bf61f51c6e556f7fec9190b52692117ab65c3494509c69c76af,9,9,ok
train,shiyan/data/labels/train/MAR20_3513.txt,MAR20_3513,358,bdb1da2c301bc86af39578182579b2663b4f710b22032a65a0fa0ff94bebffd0,9,9,ok
train,shiyan/data/labels/train/MAR20_3514.txt,MAR20_3514,158,4a6a862ab20daff1267722b8ec592b0db1f38ba92c6bd0784e736fce57493985,4,4,ok
train,shiyan/data/labels/train/MAR20_3515.txt,MAR20_3515,115,0936ed5bd85034a722e9b9bc920a3c56662d5ba2fca7ef063cac7f87ae296473,3,3,ok
train,shiyan/data/labels/train/MAR20_3516.txt,MAR20_3516,193,493bf0e849a5ae06ea1175532db8c11bbdb932298e74aa2758734e0f755e62f1,5,5,ok
train,shiyan/data/labels/train/MAR20_3517.txt,MAR20_3517,158,8cbadb7f015f55df09be7f3f338a49eb0167be8c849e82bab86778d33b36d4f8,4,4,ok
train,shiyan/data/labels/train/MAR20_3518.txt,MAR20_3518,197,d8430c1b76748546fdbc90b9cca9fc29a4f9f1e7715d3bbdadde2e3f732721f9,5,5,ok
train,shiyan/data/labels/train/MAR20_3519.txt,MAR20_3519,118,7c85b84fc72229a35a3906e76d5aea20ff036ce0bb743cda223852f553da279f,3,3,ok
train,shiyan/data/labels/train/MAR20_352.txt,MAR20_352,158,f93dbdc85ad254474b3b25fa16e14afc6515eff8698c3f44b0a8fd15db8187e7,4,4,ok
train,shiyan/data/labels/train/MAR20_3520.txt,MAR20_3520,38,c6e7d2abd624bd918dee9b391b59295616bf611a275f6bc60676d7d5b528c4f8,1,1,ok
train,shiyan/data/labels/train/MAR20_3521.txt,MAR20_3521,118,282999b8425b80589153da9b11790165036732c2278b91fe035b03691684132e,3,3,ok
train,shiyan/data/labels/train/MAR20_3524.txt,MAR20_3524,478,df40f7f54a551864c0a6c82f5f997c40dff7e5f428820c1bef9018692cbc992f,12,12,ok
train,shiyan/data/labels/train/MAR20_3526.txt,MAR20_3526,115,fa8a0cc5bde061af68656eb75e12282bf219fc55083c8aea9cece1f7e52ad487,3,3,ok
train,shiyan/data/labels/train/MAR20_3527.txt,MAR20_3527,271,19c848ef186a41e1f79167a077bab70038a8a8af72355a67587046c04559f8c0,7,7,ok
train,shiyan/data/labels/train/MAR20_3528.txt,MAR20_3528,438,4f97233f81271efa0ce3903049ef7d214d58b196d8276bf07aaf9b94c94b4bcb,11,11,ok
train,shiyan/data/labels/train/MAR20_3529.txt,MAR20_3529,388,54cc3ffe572a8bfba6ae548cf2815338c64fe9d8c15db66aa6cc1a4f5c289264,10,10,ok
train,shiyan/data/labels/train/MAR20_353.txt,MAR20_353,198,13588e7ee8988124ac9b78cdae299a377721da54bc46013db896d01957f4754b,5,5,ok
train,shiyan/data/labels/train/MAR20_3530.txt,MAR20_3530,118,bba9a95f7b96da73da6216fc6338a461ff2b088a187e77719e3eb9a1f4b71624,3,3,ok
train,shiyan/data/labels/train/MAR20_3531.txt,MAR20_3531,78,a3946e273e2bd85d54fce2d3c82e9fb1ee488dcda7d33ade616344a1adacc5f5,2,2,ok
train,shiyan/data/labels/train/MAR20_3532.txt,MAR20_3532,115,04d139560e22b49c0224ff141498aad11b0d5c9c067ce63a9adc9f29fbea2447,3,3,ok
train,shiyan/data/labels/train/MAR20_3533.txt,MAR20_3533,38,17b9a11445c2f0cb1b70cb72a732d5959d6084c42770160392336d939b7d1cc5,1,1,ok
train,shiyan/data/labels/train/MAR20_3534.txt,MAR20_3534,198,d4eb5c347f41cebf99c6183edf172633d5703766eb4c70148329b1fd4e22dfe5,5,5,ok
train,shiyan/data/labels/train/MAR20_3535.txt,MAR20_3535,311,41f3d0b4abcad5e7082bdada973302a3e2388b4f3ad97cd5ba2ba34da3573843,8,8,ok
train,shiyan/data/labels/train/MAR20_3536.txt,MAR20_3536,232,fec0e4f2695b9dcddf92b729673789ddcc52e7a4c6a65a6ba2bf31e99712a8b1,6,6,ok
train,shiyan/data/labels/train/MAR20_3538.txt,MAR20_3538,37,71acd45aa722d92fd63164c8e4b34855e559e3ac692ff52b39ad3586b247b405,1,1,ok
train,shiyan/data/labels/train/MAR20_3539.txt,MAR20_3539,154,231a077e6ae16030bbd8405f26eb7a042473a172788758541a6336b68d7d6de3,4,4,ok
train,shiyan/data/labels/train/MAR20_354.txt,MAR20_354,158,680cd74176d77fcb9c4661db4cf1ab62120af956c9255cc62209e89e295b5a21,4,4,ok
train,shiyan/data/labels/train/MAR20_3540.txt,MAR20_3540,271,b68502fa651f8420d4f4573571598e95c96f8b752af6573587243ca1a4f4223b,7,7,ok
train,shiyan/data/labels/train/MAR20_3542.txt,MAR20_3542,38,5d65c2813e093d17c24d0b2027e974787b37b2727ffcea61e3bb108ddadeb139,1,1,ok
train,shiyan/data/labels/train/MAR20_3543.txt,MAR20_3543,238,1b9cd13b477c5ec423bedb79ab82ecfc7496bccd940d34c958c9a42ba5597cc0,6,6,ok
train,shiyan/data/labels/train/MAR20_3544.txt,MAR20_3544,198,f77a2b69812a3725863b0c67cdea5f04db5ce18ccec638ab2e2a417eadca01fb,5,5,ok
train,shiyan/data/labels/train/MAR20_3545.txt,MAR20_3545,158,5a700a9ef3a9e7800bdf0c05d1528f61b6bf010dc48cd08deb26a2c0822a1814,4,4,ok
train,shiyan/data/labels/train/MAR20_3546.txt,MAR20_3546,318,158c5ff490598e824a7a6490477fb4c894b930af4c97129f6e45c13f7e6840e4,8,8,ok
train,shiyan/data/labels/train/MAR20_3547.txt,MAR20_3547,398,70b2b65f49ffaf410f58addf5b5702e399b7a1a6c0b7a3db4c37dcb62e194b9a,10,10,ok
train,shiyan/data/labels/train/MAR20_3548.txt,MAR20_3548,78,8c646789bd273328e684e02774a21027d70fdd91974701831e53391538e07c4a,2,2,ok
train,shiyan/data/labels/train/MAR20_3549.txt,MAR20_3549,478,543df06b1c5867320a1829dfa761a5d7e41ff3f2a968f3dba9de9574533c009a,12,12,ok
train,shiyan/data/labels/train/MAR20_3550.txt,MAR20_3550,238,ccab0a90021775726e7f21b179a08ee24b4bb47d50cafebee4b7d8e29e2c38c1,6,6,ok
train,shiyan/data/labels/train/MAR20_3551.txt,MAR20_3551,278,2b8ec0c3d672a465c0f257db0e1b15551f4d56baaa8da7db36e46b1725f1671f,7,7,ok
train,shiyan/data/labels/train/MAR20_3553.txt,MAR20_3553,118,ce2c98eb156aa8eff3dc45bc84ae840bd196a1d52589c2a31af00bef6810cd6a,3,3,ok
train,shiyan/data/labels/train/MAR20_3554.txt,MAR20_3554,76,5894966d3ed42eb8d787e6070603e74f357a2edbbffca4b1ea912ae67b56fce4,2,2,ok
train,shiyan/data/labels/train/MAR20_3555.txt,MAR20_3555,193,b37234b5de628dee978b21caa0ca98f8e96fea9ea3d5c46d681f51884c1cfef8,5,5,ok
train,shiyan/data/labels/train/MAR20_3556.txt,MAR20_3556,118,c5d0c2c77e90d2c538dd7b9622a5f7a9967d621982e966940fb77d652c131ea4,3,3,ok
train,shiyan/data/labels/train/MAR20_3558.txt,MAR20_3558,115,6233119b94f5e7635c89467df2f99e019183a3e5c00270cac0e36d460c01f7f4,3,3,ok
train,shiyan/data/labels/train/MAR20_3559.txt,MAR20_3559,311,31376850493129eae2723b794fdb12694b2e004e6ec6d999b6b077b402f2fc55,8,8,ok
train,shiyan/data/labels/train/MAR20_356.txt,MAR20_356,198,30c54058a7ef8c68d05f2c969fcb5b55e7a76bf668dbe043a8373738c384c317,5,5,ok
train,shiyan/data/labels/train/MAR20_3560.txt,MAR20_3560,158,958fede3aa7f565139741a60edd679a49fe558e39c1afe83ae87381ac40f75d6,4,4,ok
train,shiyan/data/labels/train/MAR20_3561.txt,MAR20_3561,38,93ed92ba1f9f3da281b15adbd545a17dc07a51c2bce8613664e6b4992d0e2de1,1,1,ok
train,shiyan/data/labels/train/MAR20_3563.txt,MAR20_3563,232,1bc341b17dc609afcd53641580a3f742743303ef61b02da30c3606c5210be5c4,6,6,ok
train,shiyan/data/labels/train/MAR20_3564.txt,MAR20_3564,158,23378717f747b1178e40c004fce7dd02588f34abc5dd308650ab4ef626867a24,4,4,ok
train,shiyan/data/labels/train/MAR20_3566.txt,MAR20_3566,115,146b6cd04db76e6aebf49f56ab61bfa071ef97b7b6455f745bf6bf393caf77fa,3,3,ok
train,shiyan/data/labels/train/MAR20_3567.txt,MAR20_3567,318,3ef00756f17cedb7335d8b9f3c955e0acd25218324c20849390d5268d87754b2,8,8,ok
train,shiyan/data/labels/train/MAR20_3568.txt,MAR20_3568,438,3b5c1d8786377f0b84ae2895344748dad19d91152912fd786eff85379477b667,11,11,ok
train,shiyan/data/labels/train/MAR20_3569.txt,MAR20_3569,157,1ece0f52bb8e8d1e7b4993f7aee0522cacabbc827908496afb7a23776ccbf292,4,4,ok
train,shiyan/data/labels/train/MAR20_357.txt,MAR20_357,198,e1de710f95a48ce307f5e2f17e39fc1f3cf535bb3f384679a1207c211e093409,5,5,ok
train,shiyan/data/labels/train/MAR20_3570.txt,MAR20_3570,158,2a7d41eb731ad4d1e1a8f8e63c3f6e3ee879b2c88aebaffbed8e4e754c8a4267,4,4,ok
train,shiyan/data/labels/train/MAR20_3571.txt,MAR20_3571,115,ee0be2bdd5dd34598899832e13ce4673666d28316dbe370637089a928652f5f1,3,3,ok
train,shiyan/data/labels/train/MAR20_3572.txt,MAR20_3572,598,299ac64432ec2dcf4c24cb01e6884eb4a400813226aa2e3acbeeda277e030368,15,15,ok
train,shiyan/data/labels/train/MAR20_3574.txt,MAR20_3574,77,694a9e3b612396bd78715a0ae49e0b041f5d3a4576b5a43d680b09dc32dfed2a,2,2,ok
train,shiyan/data/labels/train/MAR20_3575.txt,MAR20_3575,198,28352765c63909074d475acb57af790ab9415f7a5782faa6fa5ec0ca9eac0d58,5,5,ok
train,shiyan/data/labels/train/MAR20_3576.txt,MAR20_3576,349,642e73afd630cc3fb11f0936b78276252e3e8b0aa0f5ba95c9dd9d6a66ad8aab,9,9,ok
train,shiyan/data/labels/train/MAR20_3577.txt,MAR20_3577,198,11cc303abe76645efa778662655240bbdca17c5e50146f775b8fc28dea76d998,5,5,ok
train,shiyan/data/labels/train/MAR20_3578.txt,MAR20_3578,318,318814ee74a6a62b00d976a9f57590b66c5259b46cc18d08c66cd810f4f95a87,8,8,ok
train,shiyan/data/labels/train/MAR20_3579.txt,MAR20_3579,194,725b7f7f5560663ef27014f478da49dfb9a24422cddede2c25f1903ded1f0c38,5,5,ok
train,shiyan/data/labels/train/MAR20_358.txt,MAR20_358,238,6461ec9bd12b8f2eda27f298246af7e8c65a97c91bf784a5224230ebf07a605f,6,6,ok
train,shiyan/data/labels/train/MAR20_3581.txt,MAR20_3581,271,3b5fb1e27c2f5b9bd801a96b840dbd1845ec0a4750094197792fd7b75a7f77d0,7,7,ok
train,shiyan/data/labels/train/MAR20_3582.txt,MAR20_3582,158,9c6fc9a741047a24ea4f6325470ed19cb234a394b0e53f7cb704e4fa1a77b2c2,4,4,ok
train,shiyan/data/labels/train/MAR20_3583.txt,MAR20_3583,278,39de02084d2851f3c7909665a9c247a209c864ef190c921b87035654872f1426,7,7,ok
train,shiyan/data/labels/train/MAR20_3584.txt,MAR20_3584,238,837bd7daa152e129c05689e0de855205342f80333f130108e3482a155ce4f226,6,6,ok
train,shiyan/data/labels/train/MAR20_3585.txt,MAR20_3585,271,825b6e2fc062c9f0c30990204584d00a44cc8a84d75e4c86b0a4d7e5057bf1b3,7,7,ok
train,shiyan/data/labels/train/MAR20_3586.txt,MAR20_3586,310,54fed4e2ccb3891f04c3a91c39d7dc1285634d91483e910f1904cfa631e6421d,8,8,ok
train,shiyan/data/labels/train/MAR20_3587.txt,MAR20_3587,37,35a6fe4e457e08117fffb9750225f9def6a788e6cf2cfaf44bec47fea2af5f03,1,1,ok
train,shiyan/data/labels/train/MAR20_3588.txt,MAR20_3588,38,63cb0935913eb18b1c38eb4f9f79ae86e78a118a7cc5967cf5286cad06804618,1,1,ok
train,shiyan/data/labels/train/MAR20_3589.txt,MAR20_3589,238,da13e056411bb583b8271b70b16902fb601cc4e696a08e738b53428a56a04aed,6,6,ok
train,shiyan/data/labels/train/MAR20_3590.txt,MAR20_3590,118,c91f55a90a8658480953589b0b75ae4920c193aacf9b0e09723826b76dee2697,3,3,ok
train,shiyan/data/labels/train/MAR20_3591.txt,MAR20_3591,78,8c0e581c6313d9d89aaa1d92f88457c4e6d5e1ede61aff8e41d726bbce27d4c4,2,2,ok
train,shiyan/data/labels/train/MAR20_3592.txt,MAR20_3592,118,f33a4d3b2ba974c44dcd282b115a29a86c24ae4cdb3207578e883900db9cee8b,3,3,ok
train,shiyan/data/labels/train/MAR20_3593.txt,MAR20_3593,398,0fefcecbf416d8de0e42858037bc63783dda999a4c9d9ea1fb4dbad9f1b9db7c,10,10,ok
train,shiyan/data/labels/train/MAR20_3595.txt,MAR20_3595,271,6438b9903021f5d1658ff6464933bad38b2c8220746a0ed4b2802bf671f4eab2,7,7,ok
train,shiyan/data/labels/train/MAR20_3596.txt,MAR20_3596,154,043d0f812f6f372ee6dd8a4fb3764f954dcba818892076cbf0201ed1dbee0ce0,4,4,ok
train,shiyan/data/labels/train/MAR20_3597.txt,MAR20_3597,193,43dcca7b894c200e3f8d0782a54a0a47b8ed3b6cd5c9194af11e9e4de963c61a,5,5,ok
train,shiyan/data/labels/train/MAR20_3598.txt,MAR20_3598,238,1d60cbda14161b66e1a437c8101ea51932ad04a0dd0a9906d9e69d9178efa813,6,6,ok
train,shiyan/data/labels/train/MAR20_3599.txt,MAR20_3599,398,b907e4f4aa18e4dc3ea867f2a9311eb3550896004ded23da356562864aad7ebe,10,10,ok
train,shiyan/data/labels/train/MAR20_360.txt,MAR20_360,478,dcd51aefd28c109312cadf46137ba92ea753b0ed4ed52216dc9dfc56c6abe60a,12,12,ok
train,shiyan/data/labels/train/MAR20_3600.txt,MAR20_3600,116,0ba4af4275f36c58c465cdeb33dc21cf78c53274839721190a1fab5cd7f6c3fa,3,3,ok
train,shiyan/data/labels/train/MAR20_3601.txt,MAR20_3601,158,7e3523c2f72a5d9fa908b37771059b8140c82f9a22ebe0ca1152900df9f60f79,4,4,ok
train,shiyan/data/labels/train/MAR20_3602.txt,MAR20_3602,76,c3803abe5e38ad66647aeac48540b0fbf49ea6cb9df74302629e8fa70da58a8d,2,2,ok
train,shiyan/data/labels/train/MAR20_3603.txt,MAR20_3603,194,5af6fdf338fab95f9a5f565258f421a1f30e6d7966d28e69daf10b88c1229dfc,5,5,ok
train,shiyan/data/labels/train/MAR20_3604.txt,MAR20_3604,271,c585a119cdca57007254e36836a871ff3706d346aa580aaf93d08d81f24664a3,7,7,ok
train,shiyan/data/labels/train/MAR20_3605.txt,MAR20_3605,397,97afb5e3fddc36a06150a19ecf75999864707e23b9d186e326b9493e562367f9,10,10,ok
train,shiyan/data/labels/train/MAR20_3606.txt,MAR20_3606,118,2852799a9896e1f9769cba9630ce19aaf73a11e0c9ec0cec3cd88b29c97c1c9b,3,3,ok
train,shiyan/data/labels/train/MAR20_3608.txt,MAR20_3608,118,4cd2eabacb55fc4955a7d441d53af209407973d75b3d915d8da73e1354491447,3,3,ok
train,shiyan/data/labels/train/MAR20_3609.txt,MAR20_3609,118,35bafd60715ad1c5d085f9b15727b1cbef67d7cd3b819132d0b3f1b283c023e8,3,3,ok
train,shiyan/data/labels/train/MAR20_361.txt,MAR20_361,118,2b30149243f7a555658ccd52007e7bc4fac687d9c7d94bf253e7aa8bbfef181a,3,3,ok
train,shiyan/data/labels/train/MAR20_3610.txt,MAR20_3610,193,2211e9a1948c10d5c7b5a6cb7e24b479941a038466d107a285a3d7478c14185a,5,5,ok
train,shiyan/data/labels/train/MAR20_3612.txt,MAR20_3612,358,7e068cad5577215e9fd3293ed68266fbce8b26b7b47cd6674044fff0fa2551bf,9,9,ok
train,shiyan/data/labels/train/MAR20_3615.txt,MAR20_3615,78,eaa525cdf91a2f2821616e741e1c0243b4e781293d893a27a12a66854487f796,2,2,ok
train,shiyan/data/labels/train/MAR20_3616.txt,MAR20_3616,155,bd92cd6cb2a5efda9e0ae29b6fc123012986bf625529b8479863bb93a26a7819,4,4,ok
train,shiyan/data/labels/train/MAR20_3617.txt,MAR20_3617,154,969fbca24ed00edeba480f65eac80719cb0f227a7a003d7ed75359bd322e2114,4,4,ok
train,shiyan/data/labels/train/MAR20_3618.txt,MAR20_3618,709,646fc5f785107e218079b96008205d8758aaeec4208e10cefc4d547a0ccdc10c,18,18,ok
train,shiyan/data/labels/train/MAR20_3619.txt,MAR20_3619,358,aad6eb849e921c2dcd1d3c03c3a61c6ca00ff5d487308f402a332bee9b141d72,9,9,ok
train,shiyan/data/labels/train/MAR20_362.txt,MAR20_362,76,11467c42c6252e772ec1c0006bee429d93f98f82db0db4f6c0d3df0c5ad7afaf,2,2,ok
train,shiyan/data/labels/train/MAR20_3621.txt,MAR20_3621,38,b4402206d9995b4c5952ee9f14fb22123d3dcabe8fffa1058b9e954bc7b28b5b,1,1,ok
train,shiyan/data/labels/train/MAR20_3623.txt,MAR20_3623,310,14a581ec8d8215f07bd4acc4af8741e3c65513082fd62b4d1f7d2cd99685f581,8,8,ok
train,shiyan/data/labels/train/MAR20_3624.txt,MAR20_3624,198,40fe7b3ff92b12e20616a86bd682723c975fe7aa5b4a09ea3cdbf8c21a7e2b77,5,5,ok
train,shiyan/data/labels/train/MAR20_3625.txt,MAR20_3625,158,5f159ad69c52ffd16b9ff0e47a42c35441470b17032ae99250f771b85011fcb4,4,4,ok
train,shiyan/data/labels/train/MAR20_3626.txt,MAR20_3626,158,bcffa5a25e0b6a25d0237b3e02d5e44c594dadd446744c12c4fe912f90ede8e6,4,4,ok
train,shiyan/data/labels/train/MAR20_3627.txt,MAR20_3627,318,5fd99195767ac9d6556b3192179d0f580cf9a1d42662bf16370fa6c2bbb66fca,8,8,ok
train,shiyan/data/labels/train/MAR20_3629.txt,MAR20_3629,156,c8a2e8549eab88a3672052920bdfc6e2564f65eaff638a90936d1f267f171982,4,4,ok
train,shiyan/data/labels/train/MAR20_363.txt,MAR20_363,318,88d2234259dd285f324e3596a654b92ab185b642088ec714f29c91d196060063,8,8,ok
train,shiyan/data/labels/train/MAR20_3630.txt,MAR20_3630,118,58b5d8befecfc7185a5fcbc49dfdd6a0db62e0cc8d4b527469a879f5a698a670,3,3,ok
train,shiyan/data/labels/train/MAR20_3632.txt,MAR20_3632,154,0608509911cac7e44d71401581096713af4ac5d689e0e3186ef2be0544bae660,4,4,ok
train,shiyan/data/labels/train/MAR20_3634.txt,MAR20_3634,158,f970b67625b276385d6fcd00d23f6e914cd785c1885f39edb1e52173a7cf5329,4,4,ok
train,shiyan/data/labels/train/MAR20_3635.txt,MAR20_3635,158,6fbe6242899b326087c87693ce74284f75c8570d83c30baecadbe9e5a83ce72c,4,4,ok
train,shiyan/data/labels/train/MAR20_3636.txt,MAR20_3636,198,49256faf1232e4d973669a2afb511cef8bd9350a057f2b0ea8d829088d5bdf0a,5,5,ok
train,shiyan/data/labels/train/MAR20_3637.txt,MAR20_3637,154,d962201d8b8facb06ddb4daf1e5e6627fd42dcd663b134b78717f33195a6a78a,4,4,ok
train,shiyan/data/labels/train/MAR20_3639.txt,MAR20_3639,154,f891d37ad4747896914a26a8570f2e722378e6b0da60e4e1195962e648a0602c,4,4,ok
train,shiyan/data/labels/train/MAR20_364.txt,MAR20_364,116,2408a676b502f384e9085d5d6ea58894a4f26b85c69acd42ec6f5d1e9c3df33b,3,3,ok
train,shiyan/data/labels/train/MAR20_3640.txt,MAR20_3640,1480,953db2c6303f9855f766154a5cca4bc315cb750d018c8d4fa0f1abda8fd40862,38,38,ok
train,shiyan/data/labels/train/MAR20_3642.txt,MAR20_3642,194,71423a8f5abfce226c4e943ce45763cc8572e0000d07d794a6d1bc149e462592,5,5,ok
train,shiyan/data/labels/train/MAR20_3643.txt,MAR20_3643,318,7b37df7d8f533f7f4e463cd0e515057a88a950009175da91726c315d1c03dae2,8,8,ok
train,shiyan/data/labels/train/MAR20_3645.txt,MAR20_3645,198,40e49651b9d12b8fac7ac42c2b544a2894939709a56b6bffefe18bad74a2968c,5,5,ok
train,shiyan/data/labels/train/MAR20_3646.txt,MAR20_3646,318,c3d9785d5886d62d6f26278f43d8a6b9410365730f4bd8414b3463ac6315cceb,8,8,ok
train,shiyan/data/labels/train/MAR20_365.txt,MAR20_365,350,bfa4824c2a7c0d778502a8434b424641ef08087191262d741cb9fd25541f0661,9,9,ok
train,shiyan/data/labels/train/MAR20_3650.txt,MAR20_3650,78,20d4b440298aa4666af47aa2a1ed320341049b4a85db7446fd05d25a2d8fcf61,2,2,ok
train,shiyan/data/labels/train/MAR20_3652.txt,MAR20_3652,115,ed46f5e1054b9a42f65923788784e56744698d16d0048b7874906fe374d54dc4,3,3,ok
train,shiyan/data/labels/train/MAR20_3653.txt,MAR20_3653,158,94c698de577b76d51df0a5657de6dc62780fd500d6423c1da40e1893b0cf72e5,4,4,ok
train,shiyan/data/labels/train/MAR20_3654.txt,MAR20_3654,350,b5a3c4ad87a6b8129a37cf0f5673167893fba3f9f6c8d1dcc61abe9491dad66f,9,9,ok
train,shiyan/data/labels/train/MAR20_3656.txt,MAR20_3656,198,295c569fa799358b92f0d3cc54f7c20dbfcec611d0468ff432006bb51e521f60,5,5,ok
train,shiyan/data/labels/train/MAR20_3658.txt,MAR20_3658,388,4ad0f35f9d753d9b8d473e9ee1d72b8baa741d229d435d1e5dbfdd3f3c619839,10,10,ok
train,shiyan/data/labels/train/MAR20_3659.txt,MAR20_3659,358,dea2f4498a383eb1759f95b7db91b533900e010ba079cd806dae8ed59ba28131,9,9,ok
train,shiyan/data/labels/train/MAR20_366.txt,MAR20_366,311,45fb835de8146d95426eb53182bc9f77e25cd2a5f3b0ac700f0016edc256707a,8,8,ok
train,shiyan/data/labels/train/MAR20_3660.txt,MAR20_3660,118,30f46ce449d1cbc9542c8fbf40e51abe30df2eb8273a69a30ab3b1fe469ac334,3,3,ok
train,shiyan/data/labels/train/MAR20_3661.txt,MAR20_3661,115,c43d0a9f669a0a9656663bcd8628857fdac4e9030514246e1119ce61b970a834,3,3,ok
train,shiyan/data/labels/train/MAR20_3662.txt,MAR20_3662,918,6246be52a1e21ab5e47ef71f0f455d76b33c1fe29e4f50b87282a2590a9af2cf,23,23,ok
train,shiyan/data/labels/train/MAR20_3663.txt,MAR20_3663,278,16482c9c8ed19f379f8a73ff1b6b00aaa8183ae02f5269984dce406631279b6a,7,7,ok
train,shiyan/data/labels/train/MAR20_3664.txt,MAR20_3664,193,da76ecd378b57441eb2f4d64821bc6dce11a0cadacf6606dfb594356ec0b420d,5,5,ok
train,shiyan/data/labels/train/MAR20_3665.txt,MAR20_3665,664,5fb683918b55ce9f3963ea317e0156846ecf26b94cd7caf0c1900b4ab37118b5,17,17,ok
train,shiyan/data/labels/train/MAR20_3666.txt,MAR20_3666,118,74c82f248279861e1f362a54d716d01a4e198842019a712a1b00efc1ef8e8b3c,3,3,ok
train,shiyan/data/labels/train/MAR20_3668.txt,MAR20_3668,195,c8105605517e79ffcd100c17c430c688d4d0f43ee7d0bf547e38c99e84e27e64,5,5,ok
train,shiyan/data/labels/train/MAR20_3669.txt,MAR20_3669,76,bdd140018f35bba77200b295ff86a88a6e944371cc37af8edec243c95680daa1,2,2,ok
train,shiyan/data/labels/train/MAR20_367.txt,MAR20_367,505,0efb816c5f4d1ab75184fd318404327d180471139809a7a259d6c420b2ef83ee,13,13,ok
train,shiyan/data/labels/train/MAR20_3670.txt,MAR20_3670,76,116920c52a8099b89474955be688a5b3c6d60fb092b1a73ef67b65254a043666,2,2,ok
train,shiyan/data/labels/train/MAR20_3671.txt,MAR20_3671,198,18ec2ce0785518ca211d7064592f36fffef7746090d012fbfd9a16e226fdfc3e,5,5,ok
train,shiyan/data/labels/train/MAR20_3672.txt,MAR20_3672,195,4157aae3285810b52f282aea5cfc28929f38837e66fec0ad769dcb36a72a3c01,5,5,ok
train,shiyan/data/labels/train/MAR20_3673.txt,MAR20_3673,466,420ff7f7f4ce96beaf92da910e41eab405a18bec45f8d0bf4ae96a2831898a81,12,12,ok
train,shiyan/data/labels/train/MAR20_3674.txt,MAR20_3674,278,64086d6328f22819ba82109848bf5f5558e58c47aec29914b0854795c134bb04,7,7,ok
train,shiyan/data/labels/train/MAR20_3675.txt,MAR20_3675,198,12cc59bf160f17e768d42a2102a5d97894a03999779a32ce8438949c1224dcc6,5,5,ok
train,shiyan/data/labels/train/MAR20_3676.txt,MAR20_3676,78,49074403d3396f9badbfdbf550d5a14e97036e324e6cfde3a9509f67d6f60ae9,2,2,ok
train,shiyan/data/labels/train/MAR20_3677.txt,MAR20_3677,118,ed897ab964cd7ca7538ea9ecb68aac241510df7a46c003053de2b009285bb5cb,3,3,ok
train,shiyan/data/labels/train/MAR20_3678.txt,MAR20_3678,193,00c90755d3222c4e23e0d247a79ccf2960b6da34b28d8cebf01bd304f60cd8f7,5,5,ok
train,shiyan/data/labels/train/MAR20_3681.txt,MAR20_3681,118,ca19b084a6e5bfff164cd7c796dd0c2923d483c3703949b09753452eded12068,3,3,ok
train,shiyan/data/labels/train/MAR20_3682.txt,MAR20_3682,438,fe27929f57859a012acc1788026f091208353881c91f6cbded1af6bfe6452f98,11,11,ok
train,shiyan/data/labels/train/MAR20_3683.txt,MAR20_3683,198,1ee843bbcbff4695383a0d2dcff420091d46a95ad24c65a8910aa3eb017c84a8,5,5,ok
train,shiyan/data/labels/train/MAR20_3684.txt,MAR20_3684,158,fe789bfe1894c8b9e88948723e485f74a0c04618d24bbec3bd5feee70febbb81,4,4,ok
train,shiyan/data/labels/train/MAR20_3685.txt,MAR20_3685,158,bf9345f9b95cf53cd412a487751032dec57836a327c93c87b0cdde0ea0f58b66,4,4,ok
train,shiyan/data/labels/train/MAR20_3686.txt,MAR20_3686,238,964858af5faa5760e2d12b3b9ff50842a05f2dfab32cd26513b7854d1201eced,6,6,ok
train,shiyan/data/labels/train/MAR20_3687.txt,MAR20_3687,76,db22746dcfcdcae2ed9bd56686369d80d2907339d34a70598bcab0b1083e1f91,2,2,ok
train,shiyan/data/labels/train/MAR20_3688.txt,MAR20_3688,398,bae0b85a588637b0cd12a7d9ac641ed838205177ccb453a98c556f1722ada361,10,10,ok
train,shiyan/data/labels/train/MAR20_3689.txt,MAR20_3689,356,e1fcd7bc3a2e4c843f05cefc3d4a546d4d145c5bac73b8e84213b9366cf926f3,9,9,ok
train,shiyan/data/labels/train/MAR20_369.txt,MAR20_369,38,e6a3733137f34bec0e4934686da183ac3d21b381722ffe6dbacb0a271dc27835,1,1,ok
train,shiyan/data/labels/train/MAR20_3690.txt,MAR20_3690,398,eb4ec58e3b1fe0e966cbca5b8613ffbc1cf9af287ec62fe7745e649d77032909,10,10,ok
train,shiyan/data/labels/train/MAR20_3691.txt,MAR20_3691,193,8ae9319c25d4f9df5975207d52ec349560b9f354640d22ae259fa781b8956d81,5,5,ok
train,shiyan/data/labels/train/MAR20_3692.txt,MAR20_3692,478,7c652d397bdb7a9f03e51702f513da43be9600bc2d052dacdf8686990e538e9c,12,12,ok
train,shiyan/data/labels/train/MAR20_3693.txt,MAR20_3693,193,58132bbfdba49a77d8db53e25e56927629ce59bc482722b2240e5b5332e5c1e0,5,5,ok
train,shiyan/data/labels/train/MAR20_3694.txt,MAR20_3694,198,8ee2e0610f6e819086407c758c2582bb4aa0b090a19d1619df2aad5dc61e3684,5,5,ok
train,shiyan/data/labels/train/MAR20_3695.txt,MAR20_3695,193,f1119dfd5c84c8fd56c7f49b21f3feef0e9b562d1357fce08c838fe683efa6ee,5,5,ok
train,shiyan/data/labels/train/MAR20_3696.txt,MAR20_3696,438,7b9d9d62af4fd441dcd56e9ca7fa169183b545cf1d389aedebd0a93a6391bb75,11,11,ok
train,shiyan/data/labels/train/MAR20_3697.txt,MAR20_3697,388,2e483fd44779e810169f2b9286b5ce189252bd1f495ea5c8d81a96bf000ae37e,10,10,ok
train,shiyan/data/labels/train/MAR20_3698.txt,MAR20_3698,671,5109c9dbdae23f5d8ae3f70360f22ff6097967055a086039e36f4d7c23cd04d1,17,17,ok
train,shiyan/data/labels/train/MAR20_3699.txt,MAR20_3699,232,83f0c35e28f07e64338988c05e26114e90f8c5d8e5153d568121218f6c65ddf0,6,6,ok
train,shiyan/data/labels/train/MAR20_37.txt,MAR20_37,154,cd65166197519c1f972431c4e1033359c9c5689618d2d82bd27ec77df9f7dc57,4,4,ok
train,shiyan/data/labels/train/MAR20_370.txt,MAR20_370,583,8de8632064a497778599f0334cb53d7c9497ab7f2b25e64d47de019f70ba551b,15,15,ok
train,shiyan/data/labels/train/MAR20_3701.txt,MAR20_3701,392,fc0b020aa8961082675494761f1d54f9b1f4ee11c136c8d752fb1c0f7d803b7a,10,10,ok
train,shiyan/data/labels/train/MAR20_3702.txt,MAR20_3702,438,48118335e5ec2210daa3d72fb229dd51bfad44cc49db0703fc6c9910e94b5049,11,11,ok
train,shiyan/data/labels/train/MAR20_3703.txt,MAR20_3703,318,1cd59e5dac96674597b6e8b2305583e8879044c1314345a06c0953f904ebaaca,8,8,ok
train,shiyan/data/labels/train/MAR20_3704.txt,MAR20_3704,198,47144e225bc5f119365d4a7f273c82bee921fb04984e758231e7804e8ab11854,5,5,ok
train,shiyan/data/labels/train/MAR20_3706.txt,MAR20_3706,117,fd4a22f16edc01988341d8530c41be3e39bbcf1070ea4d4131b5ef09da08c0dc,3,3,ok
train,shiyan/data/labels/train/MAR20_3707.txt,MAR20_3707,358,5eee8a95fceb83c646cf543d59a275b06e13fffd93a1733b6df58137bc3b7309,9,9,ok
train,shiyan/data/labels/train/MAR20_3708.txt,MAR20_3708,271,2ef5ce8dffd42f1eff8921646a734afa3285f27981f195098aeb51687fc85d62,7,7,ok
train,shiyan/data/labels/train/MAR20_371.txt,MAR20_371,38,15ba09c520272c5e2f7baabde08779e260447a8068f630e6d3c27f78a1dc4cb2,1,1,ok
train,shiyan/data/labels/train/MAR20_3711.txt,MAR20_3711,232,472c3e2759483d5d8b69ebde7e98d627880a408b8b59032e6d035651fa087c59,6,6,ok
train,shiyan/data/labels/train/MAR20_3712.txt,MAR20_3712,238,0cf8130db472e896e01bba8c30bfe29b59ef9bbc558d2311a51647076ea31f92,6,6,ok
train,shiyan/data/labels/train/MAR20_3713.txt,MAR20_3713,198,6076e34b87c08b7a452116bf52fbfbf1f0b0e937366d7610d84f825e06baf4d2,5,5,ok
train,shiyan/data/labels/train/MAR20_3714.txt,MAR20_3714,313,aa5b491373dd97db1ac42d62a4103069a7b16f9c8aaf073809fb5541a9c7da5c,8,8,ok
train,shiyan/data/labels/train/MAR20_3715.txt,MAR20_3715,117,c18334e3132c3958446f8d30b394cb4ee7c4404f0401b7e3dec540b038122ae4,3,3,ok
train,shiyan/data/labels/train/MAR20_3716.txt,MAR20_3716,238,cd350ec0a7207a9588fc723a89640d147e097e41f6e88b0ad17df75d831d043f,6,6,ok
train,shiyan/data/labels/train/MAR20_3717.txt,MAR20_3717,157,be37618615d1762571998bddfb6111c8b1af68c376df97b71cb29f1d7bcf2a00,4,4,ok
train,shiyan/data/labels/train/MAR20_3718.txt,MAR20_3718,318,a826c44927bd20705a27161448ecb444c671b799c25061e94a91e31277f95997,8,8,ok
train,shiyan/data/labels/train/MAR20_3719.txt,MAR20_3719,710,f9661c35f56f81e1a407cddc47f6de6c2aeb8969cf9e1be23b9bfae279befeb5,18,18,ok
train,shiyan/data/labels/train/MAR20_372.txt,MAR20_372,158,eef2fb0d03b4c87d26f6cafa2b5e8c305c68de69d3f267c1d788505d1ba4f9fe,4,4,ok
train,shiyan/data/labels/train/MAR20_3720.txt,MAR20_3720,312,9720ad825ab265e68cf03fb7670a04a1ecc8ff12d032e061c1d99bb4345c84c0,8,8,ok
train,shiyan/data/labels/train/MAR20_3723.txt,MAR20_3723,468,ee9d50a409b5961fe5dce8986c789b39fe03f237c79395e125174253bda8385f,12,12,ok
train,shiyan/data/labels/train/MAR20_3724.txt,MAR20_3724,234,bb272eab71215dccb5e95373fb0da39259f36675867ca82b2f7cb7c7f9ff45fa,6,6,ok
train,shiyan/data/labels/train/MAR20_3725.txt,MAR20_3725,552,3370a72fd9b2664ab19b42142c1bc28e2e736a7df14b4f68c8e305a42585de96,14,14,ok
train,shiyan/data/labels/train/MAR20_3726.txt,MAR20_3726,313,a005fa89fe4049dac0cbec5fb2c284a22b5ead3216535301b4261f16cd1c59db,8,8,ok
train,shiyan/data/labels/train/MAR20_3727.txt,MAR20_3727,473,44be60cba5ebcc69fa5fadf205baf9933b13cfd2f5f9ad70f2e5dd927171cb31,12,12,ok
train,shiyan/data/labels/train/MAR20_3728.txt,MAR20_3728,271,45d6bf19927bd113f59abcd3a146a45ad1e169f07509ba8403dabf22a34f2086,7,7,ok
train,shiyan/data/labels/train/MAR20_3729.txt,MAR20_3729,310,7e5b1c71c4ccc7ec07e02feea0bdd1910e73417ccaafe3301c41fdd67c9cc08e,8,8,ok
train,shiyan/data/labels/train/MAR20_373.txt,MAR20_373,310,32dd0cea0519329f364fbef6095972f1641da59518fd40700fe5c3bd828628c6,8,8,ok
train,shiyan/data/labels/train/MAR20_3730.txt,MAR20_3730,318,800da320d9014b03cbb438fbe8238d55774fa0a12dab39cf8a7aa34a083ea19b,8,8,ok
train,shiyan/data/labels/train/MAR20_3731.txt,MAR20_3731,236,3aa89414f2a834ba43cea014d1beda6ba10988c43a6848b40cc20974267e29fe,6,6,ok
train,shiyan/data/labels/train/MAR20_3732.txt,MAR20_3732,38,f7fa98fd66227ecf08c653272cb18a699c05d698f834f2c675e4a866d2ab2abb,1,1,ok
train,shiyan/data/labels/train/MAR20_3733.txt,MAR20_3733,278,dda4ddd7ec1107ea3799e5de9622cc4f646dae8567e112ba775f5174c1295b59,7,7,ok
train,shiyan/data/labels/train/MAR20_3734.txt,MAR20_3734,358,78961e557f362a5c263c3ee89636b7f964c65071fa7dee8811f871dbaa637759,9,9,ok
train,shiyan/data/labels/train/MAR20_3735.txt,MAR20_3735,398,5202719486324feb29b0f7c64bccc0768750069f9a1ad45d5f532b97f43bbdca,10,10,ok
train,shiyan/data/labels/train/MAR20_3736.txt,MAR20_3736,237,cf67194df487731b0dead6eba9fc516e6102d44a1e0a584d7919ede344d65d79,6,6,ok
train,shiyan/data/labels/train/MAR20_3737.txt,MAR20_3737,193,3983cf22d9f8161daf3e666aae04e85bf13644cd4ebad2f02be909cfde1fb3a4,5,5,ok
train,shiyan/data/labels/train/MAR20_3738.txt,MAR20_3738,238,9b640d90c95f9fa87ce766fcce09c7b6759b8e05344cb3894a37c0f13f4cf7ff,6,6,ok
train,shiyan/data/labels/train/MAR20_374.txt,MAR20_374,272,ffdf80b65aa343937af1569a35d1224e58ca1aa1ca829246d64027e2846aef9f,7,7,ok
train,shiyan/data/labels/train/MAR20_3740.txt,MAR20_3740,392,e795349406f23e9f884ed33f46155f891730bb840980d7b1685b551ea8d3544e,10,10,ok
train,shiyan/data/labels/train/MAR20_3741.txt,MAR20_3741,197,8ee8e1a441d17834ab99c76a7ba15e709f0e6de2f137edda88affc6793f700d2,5,5,ok
train,shiyan/data/labels/train/MAR20_3742.txt,MAR20_3742,316,7dfd0e6257be06d3004d11b0415896d574cdca4ee041259bf58942e26b1415bb,8,8,ok
train,shiyan/data/labels/train/MAR20_3743.txt,MAR20_3743,358,107efb64a575077b184d7b59389251686e01588f87fdcd87cb7e5cd55a023ae4,9,9,ok
train,shiyan/data/labels/train/MAR20_3744.txt,MAR20_3744,193,614f1fa8f7d111481559b579e1ab7a81cae5dbd27fefb2f81aa35c899eb38e88,5,5,ok
train,shiyan/data/labels/train/MAR20_3745.txt,MAR20_3745,238,5e63b7e9aae8e79db9bbf2819fd259142ef5d1e4a3867744a03622aa64108e29,6,6,ok
train,shiyan/data/labels/train/MAR20_3746.txt,MAR20_3746,472,3cca68455cbd7f90d9c3a84c704f83377dc900ed67e676235f3c207fb5c36340,12,12,ok
train,shiyan/data/labels/train/MAR20_3747.txt,MAR20_3747,438,ba4a79ea200eb79fdf0852e0c89de09362cf061f35f9fc21fbca8886a825ccf3,11,11,ok
train,shiyan/data/labels/train/MAR20_3748.txt,MAR20_3748,198,d9d14c26ddd04867cae0265da8a986b6f5dc794f1aa0ce625a06c6b02a40d0cb,5,5,ok
train,shiyan/data/labels/train/MAR20_3749.txt,MAR20_3749,318,eb630e82cf01e45dd0ab5c9d6c1656296bbe711bd42093154542f6870b7b9bb0,8,8,ok
train,shiyan/data/labels/train/MAR20_375.txt,MAR20_375,318,82be9e69bb4ebad3c93e5bd9f9328fddbc0185b28a48cad161359c34d98f878e,8,8,ok
train,shiyan/data/labels/train/MAR20_3750.txt,MAR20_3750,318,434e4ce6c41da3eacdf5082402cceeb9dc608806348d3864e976e6870a37890f,8,8,ok
train,shiyan/data/labels/train/MAR20_3751.txt,MAR20_3751,474,34e51a556895897d1d9a3e4182fe0951a8e5e535f283aacdf306cf7dd26962b1,12,12,ok
train,shiyan/data/labels/train/MAR20_3752.txt,MAR20_3752,154,ec67be112f556c4cedf96b83648dbab88003c00cab67e86b3075cde4fb80efe8,4,4,ok
train,shiyan/data/labels/train/MAR20_3753.txt,MAR20_3753,433,73bbda2e9bca41465508c331c553773ac7b6563b97b41b6b0b29e24f593449ee,11,11,ok
train,shiyan/data/labels/train/MAR20_3755.txt,MAR20_3755,398,62d3bc5f7ad794cd28aaedffbc6ce0dfd8a29e0f7500afabb860ed501a487994,10,10,ok
train,shiyan/data/labels/train/MAR20_3756.txt,MAR20_3756,278,ea8cefcc3634e89e52c9ac6b30110ed0d01a2ac3b9a85efe084254bbda3fba22,7,7,ok
train,shiyan/data/labels/train/MAR20_3757.txt,MAR20_3757,398,620eeb1d4a049aedb86e98ac3a193b21391cea72f730780bf7adeea7eae24236,10,10,ok
train,shiyan/data/labels/train/MAR20_3758.txt,MAR20_3758,276,4501544215905b9796062a40b2f8fc5993dcbe411f976725a44a2302913a366c,7,7,ok
train,shiyan/data/labels/train/MAR20_376.txt,MAR20_376,478,411d6c716dac5d478164087b26a48abc2060db812727174e13f021a979411d8f,12,12,ok
train,shiyan/data/labels/train/MAR20_3760.txt,MAR20_3760,356,d5549048d424e8b317dcc164dea4387e00d7adfc8888758d3034776385ae49a9,9,9,ok
train,shiyan/data/labels/train/MAR20_3761.txt,MAR20_3761,238,9593c59b0bec77a59b241539808b8c89586a69b6e08e87f5dbdd29c6ee315b9a,6,6,ok
train,shiyan/data/labels/train/MAR20_3762.txt,MAR20_3762,438,160f72ffb90c1b9a2ea5a21a357adb6f989695cac10b244d91400643c3518078,11,11,ok
train,shiyan/data/labels/train/MAR20_3764.txt,MAR20_3764,389,47574c1e1c1d9efa0de3478ffc8a1828c3e8087507b0c781fe15c8a856d2c571,10,10,ok
train,shiyan/data/labels/train/MAR20_3765.txt,MAR20_3765,395,9525ea880432a4aa6dfe91cf8e7e3f1576cde308879b13c57b81ef843a9a77f0,10,10,ok
train,shiyan/data/labels/train/MAR20_3766.txt,MAR20_3766,317,7820be8077e301ea7bde1b0ba83fe7d6e128df62f2ceac7a263e9d0c26246178,8,8,ok
train,shiyan/data/labels/train/MAR20_3767.txt,MAR20_3767,154,573f279fcb72024877f329d143339926f6bb12cc12f0cc6db71eaf6acd28beb8,4,4,ok
train,shiyan/data/labels/train/MAR20_3768.txt,MAR20_3768,277,fb8625ddd36b87712e5511aca4d9ff913bcc8f038023b533d99a45712b88be55,7,7,ok
train,shiyan/data/labels/train/MAR20_3769.txt,MAR20_3769,278,a4f12b01d03f2fa92180630a93e1ef36b32348f2c5d5d86ba90475c9372d8ad0,7,7,ok
train,shiyan/data/labels/train/MAR20_377.txt,MAR20_377,398,5930823b6c36816c0a634362f1922a2e7f09e24792a8f9caa16f457b6818750d,10,10,ok
train,shiyan/data/labels/train/MAR20_3770.txt,MAR20_3770,390,8aac5dcfa4669909dfabefd489a8e122c8bdb480d171c2365a176b3d110f4454,10,10,ok
train,shiyan/data/labels/train/MAR20_3771.txt,MAR20_3771,393,6d46baefd35a798cb36404a7a5ee9bcc1900ad00010ef5ff44a70bff74157311,10,10,ok
train,shiyan/data/labels/train/MAR20_3773.txt,MAR20_3773,198,5312d2de1b8dee353946df98213b57626036f1be56f254a574a335032c62ea32,5,5,ok
train,shiyan/data/labels/train/MAR20_3774.txt,MAR20_3774,236,66eab6f6e99e00170123101cad2d47e0f4c6dd04f5837f0276adb08895ca3fe0,6,6,ok
train,shiyan/data/labels/train/MAR20_3775.txt,MAR20_3775,193,9e5b9dcf68794a34a7b6a0efda86b5083d59ee046fe4598da66c40bb1d18d9db,5,5,ok
train,shiyan/data/labels/train/MAR20_3777.txt,MAR20_3777,78,ad3f7534aba4a73ebed3acb0a192825b55c510782aa2e9dfd3ae4c10566aa837,2,2,ok
train,shiyan/data/labels/train/MAR20_3778.txt,MAR20_3778,310,742dc4c6ab0b4173a44adca046f51c32ab7d59cf341909af99447c305c22846b,8,8,ok
train,shiyan/data/labels/train/MAR20_3779.txt,MAR20_3779,311,f60904bd530a402262d71ff57be24a4b08bd36c1beb2123d265f6b5aeed1bc96,8,8,ok
train,shiyan/data/labels/train/MAR20_378.txt,MAR20_378,158,9490f8e91a42cf68ea1176b779eff20d2d484c201b5507eb0311b6b2a3d6da99,4,4,ok
train,shiyan/data/labels/train/MAR20_3781.txt,MAR20_3781,193,5703400715566795645c673ecf3f988aa033520f79715516fb4e924b36175f5d,5,5,ok
train,shiyan/data/labels/train/MAR20_3782.txt,MAR20_3782,198,df48ca62ea803db8502e210cac3cf0a3298924d3171be2a74416632390ea0874,5,5,ok
train,shiyan/data/labels/train/MAR20_3783.txt,MAR20_3783,157,b708ba225dd525791fd2c92e89c49fc533c13bd8743aa578b8ff2842d5104a10,4,4,ok
train,shiyan/data/labels/train/MAR20_3784.txt,MAR20_3784,354,0b5a0d9fb0a9df706b4e865029d7a7e1e979035b0165ef8b21a10dea322d7aa0,9,9,ok
train,shiyan/data/labels/train/MAR20_3785.txt,MAR20_3785,232,f5ce5d24f585023e4e5e88cd44c6783978309c4bceb946aa0e45a9c6ff489185,6,6,ok
train,shiyan/data/labels/train/MAR20_3786.txt,MAR20_3786,118,9ea8c0bcb853b084312298e6cf7d8aa89105361e3c26a874eb5470e9565492cf,3,3,ok
train,shiyan/data/labels/train/MAR20_3787.txt,MAR20_3787,438,0dda1b887316f0239f69274ff41d82eb381ba5de6857bcd688fd80b944fdb38b,11,11,ok
train,shiyan/data/labels/train/MAR20_3788.txt,MAR20_3788,278,49f023c20cdabd9d6f69e1974e585925f2025a1d18f88eaf477d18f8205c52b0,7,7,ok
train,shiyan/data/labels/train/MAR20_379.txt,MAR20_379,118,e69b572c812182917de03b9c3181f20422ec9cca22db6f93601e9e4abbd0fe6c,3,3,ok
train,shiyan/data/labels/train/MAR20_3790.txt,MAR20_3790,474,ed68c7d2fee9640d8d680a1db8ed22d1cb74bf8e2eecc97ee2a46501f1208277,12,12,ok
train,shiyan/data/labels/train/MAR20_3791.txt,MAR20_3791,232,28439943053b4308136d6623d975b96fb0be94c7fa6d02d9eb75b72677f0f3da,6,6,ok
train,shiyan/data/labels/train/MAR20_3792.txt,MAR20_3792,115,056006849eea4a1f07241b338ac6779b6c2a1cbb4afed3875b4a2c9959c7cadb,3,3,ok
train,shiyan/data/labels/train/MAR20_3793.txt,MAR20_3793,154,35eaea7d8ee4321c30ea3cf4e78600fc4d812030dcc22f7c4c1b4ff43622c431,4,4,ok
train,shiyan/data/labels/train/MAR20_3794.txt,MAR20_3794,272,beb4dce1bee76596bd8475da0a573f37461077328ab307cfca9d91f3112674e3,7,7,ok
train,shiyan/data/labels/train/MAR20_3795.txt,MAR20_3795,238,7745e21e2e3a1d787b617b0926d70ad2e3980c505acdd2174b8ae04de2272ff8,6,6,ok
train,shiyan/data/labels/train/MAR20_3796.txt,MAR20_3796,238,1b841129dce3e372b18ba32f30942231ad0efb38444456731f91bd71498fc2f2,6,6,ok
train,shiyan/data/labels/train/MAR20_3799.txt,MAR20_3799,271,38b888ef8e8956498f15311bc023fbc00e1ff95d6d50e2001bfea42deb2123a2,7,7,ok
train,shiyan/data/labels/train/MAR20_38.txt,MAR20_38,76,49bcec71f8b348b56ab0f4a8c1b5b9d4ebe5031cf089851f1e238f6ea6a6fc78,2,2,ok
train,shiyan/data/labels/train/MAR20_3801.txt,MAR20_3801,356,cc37b002b7122869a5a83213df06d91133aebbf0aba2d881f2a7b2b9fc20c439,9,9,ok
train,shiyan/data/labels/train/MAR20_3803.txt,MAR20_3803,674,1f5b230d2169b7ad21741f54b6c7ac362b1df0f4483446c267de3a0a001818e1,17,17,ok
train,shiyan/data/labels/train/MAR20_3804.txt,MAR20_3804,595,389234c7ded9b239342ef6c00f4a7c7cb0bc24d72cb17c95996d8a48fd764c65,15,15,ok
train,shiyan/data/labels/train/MAR20_3805.txt,MAR20_3805,158,18378d02fe8042ee442c6c10d63cbc0f9d7dc9adacf57ea30ccb7e673a6e0dc3,4,4,ok
train,shiyan/data/labels/train/MAR20_3806.txt,MAR20_3806,396,6e329f90ffd7c2d7d484baaabbec5ade15eebe95f4f090bd8e43a5443705f10d,10,10,ok
train,shiyan/data/labels/train/MAR20_3808.txt,MAR20_3808,193,014471712f5dd3cd15a5c1432884ee7741b0402dcbf2ec3cbaeec3ff345eb299,5,5,ok
train,shiyan/data/labels/train/MAR20_381.txt,MAR20_381,76,398ff180c2817ca3860de9828c89194c9041061d7bff33f1b7929a81d527a30d,2,2,ok
train,shiyan/data/labels/train/MAR20_3810.txt,MAR20_3810,315,ca76da0d1603809ea7556a210ebbb28bb4927522c2d20a60fe77333ddeabc82d,8,8,ok
train,shiyan/data/labels/train/MAR20_3812.txt,MAR20_3812,358,73517b19ff47465584c7418c555cb821dd9233eb06a17146a2b219c8212adcf9,9,9,ok
train,shiyan/data/labels/train/MAR20_3813.txt,MAR20_3813,276,5c22ddca806148818ec6d8e98f9a142e2e691146e8d4f6551cd5c21fba803dbc,7,7,ok
train,shiyan/data/labels/train/MAR20_3814.txt,MAR20_3814,278,96e5558f0391f627c9bd2114c816e2b67f68e4f807ec75fe5f91da62334bf0fe,7,7,ok
train,shiyan/data/labels/train/MAR20_3815.txt,MAR20_3815,193,4cde4bcd9e3657ddb90f0d4bbe24e4a98d42e987ccecf27de9eaf1283d468a2d,5,5,ok
train,shiyan/data/labels/train/MAR20_3816.txt,MAR20_3816,512,b7d3dc79e75f89057572a4ba8dddb60b628131ca2a730ff19caa3a0f2c6d8aa9,13,13,ok
train,shiyan/data/labels/train/MAR20_3817.txt,MAR20_3817,278,807ebb5ce794b211d2ddb930d575f30f38a6c0ce7a191f716fb387b22468a5b4,7,7,ok
train,shiyan/data/labels/train/MAR20_3818.txt,MAR20_3818,318,d50219f16512f7f4e44b5f659c1e36d4e81d4a80b3fe6be96f33b564f43975f1,8,8,ok
train,shiyan/data/labels/train/MAR20_3819.txt,MAR20_3819,551,fece743a96e35fe6f91606d615b22e882f78e8593b98ba4f3a8d7ad23cada2f6,14,14,ok
train,shiyan/data/labels/train/MAR20_382.txt,MAR20_382,115,6d3f4590392fdfe587507fba3d8cc22c93b9847829ef87ba84cb5e82010960ce,3,3,ok
train,shiyan/data/labels/train/MAR20_3820.txt,MAR20_3820,232,f99193e9ac04fc7e35d5ae15b0ef491f04b50492d3d3708f6e3859976dc8d338,6,6,ok
train,shiyan/data/labels/train/MAR20_3821.txt,MAR20_3821,317,0712c99406104f20a6a52fadca62227491da28e6bbf384186865f0917fb88f4b,8,8,ok
train,shiyan/data/labels/train/MAR20_3822.txt,MAR20_3822,438,6447cff4110dfd04a27230383de6a9242dfe26cad0d4ce3c70c65236c4aa45cb,11,11,ok
train,shiyan/data/labels/train/MAR20_3824.txt,MAR20_3824,356,d2ce84598b83b74a0874ccd7aded447afdad3fe7cb2cb0624c24a47d6dd4d07d,9,9,ok
train,shiyan/data/labels/train/MAR20_3825.txt,MAR20_3825,396,ded2f125260ac3610438351d86a00053e78b37e683ec7f8ac8ed2a373a89b6ea,10,10,ok
train,shiyan/data/labels/train/MAR20_3827.txt,MAR20_3827,198,b12a005ce84a7cd1c8eba2a28cabe09d5647af2ca0b22c8f1dd1cc82e22bd4af,5,5,ok
train,shiyan/data/labels/train/MAR20_3828.txt,MAR20_3828,318,acebdf0f63db3a390f08e281809e84424906885448e3a71a95706de306381b08,8,8,ok
train,shiyan/data/labels/train/MAR20_383.txt,MAR20_383,115,d55593e1314cb060fc7b032cd2eaeda8e1ff67e4dabe472b1c76bc8c778862b6,3,3,ok
train,shiyan/data/labels/train/MAR20_3830.txt,MAR20_3830,198,be78e00b34b7dc35e810d4e1618296a97ba1a67f6d22163e70e58f76bfb207df,5,5,ok
train,shiyan/data/labels/train/MAR20_3831.txt,MAR20_3831,358,faeda05054a0b70652b53102c6ef1a7053d97ac7b22a2c430d37b7ed10311d19,9,9,ok
train,shiyan/data/labels/train/MAR20_3832.txt,MAR20_3832,158,0706cd4b04cb2e90df6fa3546f115d01ad48b0757b4af5d0db50d8b40261e15f,4,4,ok
train,shiyan/data/labels/train/MAR20_3833.txt,MAR20_3833,317,a0f0b0178db5f1fef5bb2a5256e20c0f04213bbf5d829e61b26789f27b5d7958,8,8,ok
train,shiyan/data/labels/train/MAR20_3836.txt,MAR20_3836,358,fe8537a71b2594b6107ca7fb183d9401bbed3025bbd6c0aa6963af335c15794c,9,9,ok
train,shiyan/data/labels/train/MAR20_3837.txt,MAR20_3837,234,d4f668828d3828be9b2d753f3ca469bcd7f37ba5c9460893d6e01f03eaedb02d,6,6,ok
train,shiyan/data/labels/train/MAR20_3838.txt,MAR20_3838,158,05b3462aaadcbf49a489099724fdbadfce4dc12a717dac25b6705c072325417d,4,4,ok
train,shiyan/data/labels/train/MAR20_3839.txt,MAR20_3839,158,81d9b3e753c2560931a0bfe122de384a468a7068de1971ef5ac5d625848c0b87,4,4,ok
train,shiyan/data/labels/train/MAR20_384.txt,MAR20_384,76,be557524cf8fcb85356e7062f6c855a359f7429e6063034182de0464a20ecfb0,2,2,ok
train,shiyan/data/labels/train/MAR20_3842.txt,MAR20_3842,318,f394a5699daa70ec75a4a1cfe3043d13c1db4409f163f3b549686384c5610f92,8,8,ok
train,shiyan/data/labels/train/MAR20_386.txt,MAR20_386,76,e03be1c068e512c6449665dafa77de51520013f17bfb711a383a9e62c321f0d5,2,2,ok
train,shiyan/data/labels/train/MAR20_387.txt,MAR20_387,76,c3d1e57450a34a911f427540f73896e70b5422e60b2c1b86b766cebfb46766f7,2,2,ok
train,shiyan/data/labels/train/MAR20_388.txt,MAR20_388,76,2b71fe592859f9d9d2d51415ca2b7f7354633aac38ba1cc88ef6f15a94316a3f,2,2,ok
train,shiyan/data/labels/train/MAR20_389.txt,MAR20_389,76,bb952643e30306fd4f291895b9d5650e8cc617b155873e39b4ad5c2675f49d3f,2,2,ok
train,shiyan/data/labels/train/MAR20_390.txt,MAR20_390,76,3cbc06330ae4bd293da972f140327f8e38810cda4e3993c003f7af74bc26fd81,2,2,ok
train,shiyan/data/labels/train/MAR20_391.txt,MAR20_391,76,e71b1a4a308be869af97fd22583504006c8bcc60803dd5d3d212c9d19422f174,2,2,ok
train,shiyan/data/labels/train/MAR20_392.txt,MAR20_392,238,823378eb9a324511fe027580bc3bf961ad2f1ec27b8bed1f31a5a2ad2ebbb399,6,6,ok
train,shiyan/data/labels/train/MAR20_393.txt,MAR20_393,238,d1a5a6c937be3e4d1dae2d508c6f10060c7fa45456be2448a5d055e3fba6e5dc,6,6,ok
train,shiyan/data/labels/train/MAR20_394.txt,MAR20_394,238,b58df093cbe7813ed6789bae7adbd55a5cc6c2221d91d3c710e6266bf79b9866,6,6,ok
train,shiyan/data/labels/train/MAR20_395.txt,MAR20_395,1278,fa610320862daf7800c64feedf88a9b7234e1c4b058c62b44d1b9d5343d07c19,32,32,ok
train,shiyan/data/labels/train/MAR20_397.txt,MAR20_397,558,ad70ef797e566b306e6dbdac4bb85fd69dd956aea3ab01e35ece23d197bfbe2e,14,14,ok
train,shiyan/data/labels/train/MAR20_399.txt,MAR20_399,438,e17e4b17e113483f742bdc04525b756a7e0709540899419cf564d4ae9ebcce3f,11,11,ok
train,shiyan/data/labels/train/MAR20_4.txt,MAR20_4,76,483600698cadd04a511d0e710b7762860149709251e7a2214b6a5973916c9500,2,2,ok
train,shiyan/data/labels/train/MAR20_40.txt,MAR20_40,193,5bf7ae8b7c44201965882f90fb6e940e377d023b2608fa8b2d83ee1ee14c0301,5,5,ok
train,shiyan/data/labels/train/MAR20_400.txt,MAR20_400,398,9923fb9123d165fb36247e5cb6c2f5230fdfc50cd654a6ce4376830fcce3eec5,10,10,ok
train,shiyan/data/labels/train/MAR20_402.txt,MAR20_402,237,2b512fcd91ea9e9192a2bdba108be2af0937721a076cfd92ec0219fff2bfc13d,6,6,ok
train,shiyan/data/labels/train/MAR20_403.txt,MAR20_403,78,4be460312887224620ca2506fff5907f421665f3ea50c01c67a73e7f71546baa,2,2,ok
train,shiyan/data/labels/train/MAR20_404.txt,MAR20_404,197,937ed89a62d19c50da75301008f03653369d1bdefd5f5796b4f651657a7e7f80,5,5,ok
train,shiyan/data/labels/train/MAR20_405.txt,MAR20_405,158,113e5d051942ddccccb8db08a3d3bfdd1f9c0aefb1d89bcbbebddfe06660d946,4,4,ok
train,shiyan/data/labels/train/MAR20_406.txt,MAR20_406,78,0b98ff0d6e85ba471e15c95c52e096554b414fec519fffc818d3d33f040e3459,2,2,ok
train,shiyan/data/labels/train/MAR20_407.txt,MAR20_407,118,ec266656eb946dcbbe7a3730c6f697b7f4b924bb5a132b19314bbadd88fd2ea0,3,3,ok
train,shiyan/data/labels/train/MAR20_408.txt,MAR20_408,158,cef3ff89cc792127d7bbdeec31bb40e9e6bc1c3bc5d1562f55b0432cb08fbe28,4,4,ok
train,shiyan/data/labels/train/MAR20_410.txt,MAR20_410,197,3d67283faf12867e80f496425b4d8b37b5794b339b43c1cd087c319b363a6e42,5,5,ok
train,shiyan/data/labels/train/MAR20_411.txt,MAR20_411,318,ec0b46521712aaf4ec64e017c459bf7488d34d1d08a823f6877ddfed4d2be4b7,8,8,ok
train,shiyan/data/labels/train/MAR20_413.txt,MAR20_413,118,d35d6d13dc44e4afd4d0bdc9ce909e82bfa77c8a7d0b4b7b31df005790ae4270,3,3,ok
train,shiyan/data/labels/train/MAR20_414.txt,MAR20_414,78,5c944ccb2cc44d5ad85ad5b311e9ef93a3a7a73dc49da29b71d3bbb51ecfceef,2,2,ok
train,shiyan/data/labels/train/MAR20_415.txt,MAR20_415,118,f839dde516e993157044982e49d80c71702012a6f787cb2219327ff5519d40e4,3,3,ok
train,shiyan/data/labels/train/MAR20_417.txt,MAR20_417,78,9d754bf7791ef628dae122caa0eb0051038e00f22861f7f24fd8b434dd1665c5,2,2,ok
train,shiyan/data/labels/train/MAR20_418.txt,MAR20_418,118,2848a4da669c890b6bb3341345aa5d9a67e2d4c32af90eb9a6faa5679372fa48,3,3,ok
train,shiyan/data/labels/train/MAR20_42.txt,MAR20_42,739,e83df808afcf42dac8a0045eedead20aef286bf45208b1713d25d64907ca1bc4,19,19,ok
train,shiyan/data/labels/train/MAR20_421.txt,MAR20_421,78,8ad9d318e3bc2bbcf688722f6df674b650731baf56f76963d756ee7c04063fab,2,2,ok
train,shiyan/data/labels/train/MAR20_422.txt,MAR20_422,438,09d78b8cbd14842448342b27c5c11ff093f807117b4f69766f7bcad60d66cf53,11,11,ok
train,shiyan/data/labels/train/MAR20_423.txt,MAR20_423,278,a91d8f96524b916b7dc8afd391c537a598e3ab7fd3365a53c39bb18be2ace2c4,7,7,ok
train,shiyan/data/labels/train/MAR20_424.txt,MAR20_424,193,4ea70a431d1980344eeda9ba942d32b5281bfcda2f57cd2d0030f3a175aaf04c,5,5,ok
train,shiyan/data/labels/train/MAR20_425.txt,MAR20_425,78,bc682a49c1457a338410c25bae0f6bccc14a4881139b379299331742502af2d2,2,2,ok
train,shiyan/data/labels/train/MAR20_426.txt,MAR20_426,78,33869c39c06a702d3fdc9f6df478c05ced55969a0219da2ce5b48287f496d0b0,2,2,ok
train,shiyan/data/labels/train/MAR20_427.txt,MAR20_427,198,bef443c7138316be05c73e4916dbd358816621ec9de4c86de0de7baa36061234,5,5,ok
train,shiyan/data/labels/train/MAR20_428.txt,MAR20_428,318,22143bb31059e05ae02beda0ea3cefb65d942f15d526b224a76b466fed160653,8,8,ok
train,shiyan/data/labels/train/MAR20_429.txt,MAR20_429,838,2e06fd34b2bbdc9ffc5fe2fbe78fe59d557c48a993e85a3b2f46512525d97994,21,21,ok
train,shiyan/data/labels/train/MAR20_430.txt,MAR20_430,678,8fde7166e424d558bcde545966144725e172f67d5c03e31a49b790a914de21ea,17,17,ok
train,shiyan/data/labels/train/MAR20_432.txt,MAR20_432,158,4ae4bdfd434df034b2fd2fce04772810cd0f45254e5f6c7298ad1920b49f6d69,4,4,ok
train,shiyan/data/labels/train/MAR20_433.txt,MAR20_433,154,18c057f3bad7273378de042ca0a61ba3b491b30e41a06fa2ed4d9615544997d0,4,4,ok
train,shiyan/data/labels/train/MAR20_434.txt,MAR20_434,154,065a0661561b4bf769df426a089e7a211d4bfe6a2e70ba8db5d69369dce93d58,4,4,ok
train,shiyan/data/labels/train/MAR20_435.txt,MAR20_435,154,befa4a475c09939449377d4a250f7c72ce2773b7a0310806f1891cd0abccf051,4,4,ok
train,shiyan/data/labels/train/MAR20_436.txt,MAR20_436,76,23955275052fe741bb7cab0b34eea84222a52a56617367706777825a3373d162,2,2,ok
train,shiyan/data/labels/train/MAR20_437.txt,MAR20_437,238,782cd63cc81f000497e07f22539d611ace5dcb8ccbb02d0e4219e8d4e0fddb9d,6,6,ok
train,shiyan/data/labels/train/MAR20_438.txt,MAR20_438,154,a4c04785849d6b67188cbc0210261210ab51cf21590a0d4852743c8bc5b50dc9,4,4,ok
train,shiyan/data/labels/train/MAR20_439.txt,MAR20_439,232,67acb3006fd479fedd89dd93fac427b4e35f9d8cb3d764e3ffbf7dbf88a67af8,6,6,ok
train,shiyan/data/labels/train/MAR20_440.txt,MAR20_440,238,9a32d6257d26927c76c359da712e2593e5b5c638e24fd2f633dc1743bc85cd32,6,6,ok
train,shiyan/data/labels/train/MAR20_441.txt,MAR20_441,238,db5bc0cfec91eb49d8f38a62245fd06a86c0bab2797732be34a14153eea4a82e,6,6,ok
train,shiyan/data/labels/train/MAR20_442.txt,MAR20_442,238,c328b3b9182dff2bc83a0b2372891c10679e30a665c382fa83ccbe1318ad2fbb,6,6,ok
train,shiyan/data/labels/train/MAR20_443.txt,MAR20_443,238,95fc95fd0d8f9331a3e2af5170af2ec09a3f2365a81707bf5c8ece2da34f7a20,6,6,ok
train,shiyan/data/labels/train/MAR20_444.txt,MAR20_444,238,9a9baa398fd884fc93e6bc5b63d004b38458ead518668a8bfd893bbd918931a2,6,6,ok
train,shiyan/data/labels/train/MAR20_445.txt,MAR20_445,238,5af0a70f683f2509dde6b01d7f5d857d21d81f6de25d8d3187ddba781b0a7a14,6,6,ok
train,shiyan/data/labels/train/MAR20_448.txt,MAR20_448,318,975860b93de7f969f6173c624fcdedaaf2ac55fa6e660703a58371cd090c9005,8,8,ok
train,shiyan/data/labels/train/MAR20_449.txt,MAR20_449,115,b7c6fc234be360a8e118e947d2d59f1e5e240d3271ccaea4af3645d31a74b6ec,3,3,ok
train,shiyan/data/labels/train/MAR20_450.txt,MAR20_450,196,d0139a31858676e433af712b363bc58cd65519fc3d9b6fe4eff2d3a5bcb4a2a8,5,5,ok
train,shiyan/data/labels/train/MAR20_451.txt,MAR20_451,432,b1cc7f0d90bfecb36fb708d6537c76e00aa012d3b078316c46a8cd02481eae23,11,11,ok
train,shiyan/data/labels/train/MAR20_452.txt,MAR20_452,353,86720b77c01ba909c62125bd3ac184596b993d8d6f4dc3b9111796b4a88a4d2c,9,9,ok
train,shiyan/data/labels/train/MAR20_453.txt,MAR20_453,392,2782973c694d0e1611488edf2c0233820c4ed733364383be692e3c426d1d0155,10,10,ok
train,shiyan/data/labels/train/MAR20_455.txt,MAR20_455,432,bea2c13f489563f51aabb0cbab669ce5731410c8482ab9999df3c0e5b1e5fc2e,11,11,ok
train,shiyan/data/labels/train/MAR20_456.txt,MAR20_456,272,41ca6a56f7f4ed9a2ae73a603efd3f3e8b3f0dea85951e8de2b69d823b35a767,7,7,ok
train,shiyan/data/labels/train/MAR20_461.txt,MAR20_461,196,a6841206a2525dc3b739c5c17f95eee2328e0297f963f2be0e120e171b2e09d2,5,5,ok
train,shiyan/data/labels/train/MAR20_462.txt,MAR20_462,238,868d642fe970214a14a598b6d3aafb5afbb2ff0bcc672776756e872cd9395d12,6,6,ok
train,shiyan/data/labels/train/MAR20_463.txt,MAR20_463,274,672aeccdc18846ade7d64f9f41b3063e7193b43ae7dbc6e5a10934ee01501945,7,7,ok
train,shiyan/data/labels/train/MAR20_464.txt,MAR20_464,276,53b52023587f1d11925b240dc816de262e2b50806c7dfac6d027a947b28a4e6d,7,7,ok
train,shiyan/data/labels/train/MAR20_465.txt,MAR20_465,195,c43e87325d3ac0e7f22e9a75ff33c62b3c528bd0be549f136dba4bb90636ae05,5,5,ok
train,shiyan/data/labels/train/MAR20_468.txt,MAR20_468,197,99e4ff714c6dd99c94170d6f19aa5f042219a7ae651d210a0590cfaffbfdb427,5,5,ok
train,shiyan/data/labels/train/MAR20_469.txt,MAR20_469,158,606c6fa58567504bb543cd3599f8aadaa817f5c72b81a54ea997eae37e1cbe91,4,4,ok
train,shiyan/data/labels/train/MAR20_47.txt,MAR20_47,232,1b79f92f485281da772974272fba4a2026fb351c0e0629760c8e4a28e71ad45f,6,6,ok
train,shiyan/data/labels/train/MAR20_470.txt,MAR20_470,196,bdba3c9b8f8385ebe3e1e67b8afb6edc8cccf8ee490cdabc6a0631bb3af2f188,5,5,ok
train,shiyan/data/labels/train/MAR20_471.txt,MAR20_471,118,82540d4fee6068da92ea7239825fc3d5d0f45bdbe29e3da2a6c783782ca53fae,3,3,ok
train,shiyan/data/labels/train/MAR20_472.txt,MAR20_472,232,35984d5357c15fd87e78388e086c92ffabee1d5ae3890cda48f30007d22a8a86,6,6,ok
train,shiyan/data/labels/train/MAR20_473.txt,MAR20_473,438,47894e6c4c3e659bace4b69d9e1bdf3d19c89af13aec200b32cf505c9e57c25f,11,11,ok
train,shiyan/data/labels/train/MAR20_474.txt,MAR20_474,238,e961064f33e91de3d3d94e696eecdafe5aee627c666e6a2e1790104d9aa1d002,6,6,ok
train,shiyan/data/labels/train/MAR20_475.txt,MAR20_475,158,d34023e83aa696788f8073110a7cdee6b0c7f6fed577a25cf252a89874fae990,4,4,ok
train,shiyan/data/labels/train/MAR20_477.txt,MAR20_477,38,93790a803d41ab7bb10ec473606362d5ba49bacfad16f116bb522ce06a5189e5,1,1,ok
train,shiyan/data/labels/train/MAR20_479.txt,MAR20_479,198,3ced119d01d98949f82c87e74cbcd54af0e34d33b9b3638fb8424238134473b3,5,5,ok
train,shiyan/data/labels/train/MAR20_480.txt,MAR20_480,198,3836cba397bbfb8974df9ded1804a612fe8b2de8008fb475a989e9b83cc05e6e,5,5,ok
train,shiyan/data/labels/train/MAR20_481.txt,MAR20_481,278,5878339bb84095d839be5975c7f56758995646179da04fa882b46b20b1283dca,7,7,ok
train,shiyan/data/labels/train/MAR20_482.txt,MAR20_482,158,754bee611528775dc1481ac6aca93d2aaecf7a12462386f1a9f99300ecde6186,4,4,ok
train,shiyan/data/labels/train/MAR20_483.txt,MAR20_483,198,43058f971def4371f9ab0c5cf591ca2f8e34e7a1f45aa627bb1ffd8d678dc0f9,5,5,ok
train,shiyan/data/labels/train/MAR20_484.txt,MAR20_484,356,7dba5a06102e2a4e7496673192a1f8b7463614e520f594cf9885a35565cb2165,9,9,ok
train,shiyan/data/labels/train/MAR20_485.txt,MAR20_485,238,ac6878b449dbc8291c8e5e821d1e5874bd587ad38de401dfc441c7f48b43aec3,6,6,ok
train,shiyan/data/labels/train/MAR20_486.txt,MAR20_486,238,2b4facdda36c561fc290945b0630d71a1bf3324fc2494cac39a8c84c15ab78f8,6,6,ok
train,shiyan/data/labels/train/MAR20_489.txt,MAR20_489,274,e9442888595c76e869ef39153ac6413432932067e46b6d197553d1bc2877ccbe,7,7,ok
train,shiyan/data/labels/train/MAR20_49.txt,MAR20_49,76,4c8bc31af6e1454b7e8a8e8d7272feac92b68386c61dad9c521833fffa11cb5a,2,2,ok
train,shiyan/data/labels/train/MAR20_490.txt,MAR20_490,158,a81545d4b5f5b7d85c570fdb27a626ef76426eaac27b90426043192120ce1e63,4,4,ok
train,shiyan/data/labels/train/MAR20_491.txt,MAR20_491,76,142e47dca8c2ea217a02b8f3ffaeeb6bf24c4123e998f4651a43e1533e6a56a4,2,2,ok
train,shiyan/data/labels/train/MAR20_492.txt,MAR20_492,155,9e708a7319466f25b2f3867990a77077641c804aed4f08481abdb9dffcb0652b,4,4,ok
train,shiyan/data/labels/train/MAR20_495.txt,MAR20_495,278,5e57bf1c43c8d62ab1a727c24d106f80ce7126b87fdfd51436e083db90f45eb9,7,7,ok
train,shiyan/data/labels/train/MAR20_496.txt,MAR20_496,115,ef65a879220e251cf9b8fcac3fffd85463c93f4b23c4c145700d2d3c1f711cbe,3,3,ok
train,shiyan/data/labels/train/MAR20_497.txt,MAR20_497,311,20c87842d0bfaa2390bf41e53d222e16513ce341e824143b97d657656aff1084,8,8,ok
train,shiyan/data/labels/train/MAR20_498.txt,MAR20_498,318,0afdd90549045e796bb8532713d903a80a993bf3059e7c2692e3f91577a413f6,8,8,ok
train,shiyan/data/labels/train/MAR20_499.txt,MAR20_499,115,12009ba468e26ecf455d69ec48df8f3030b80f46e58b60e61bf32d65aa883bc6,3,3,ok
train,shiyan/data/labels/train/MAR20_5.txt,MAR20_5,318,21e06946147acf52d6ba8f493c80f1824eadd7f286b64fa38e250c4039f72316,8,8,ok
train,shiyan/data/labels/train/MAR20_500.txt,MAR20_500,78,fc79c6a8ee703fa8408257d8a0d215198fa1c28a3360fb60775fdce523b08a9e,2,2,ok
train,shiyan/data/labels/train/MAR20_501.txt,MAR20_501,78,5d07673bfddcfeb568222f25a40fca289a5610c66dfbc04ddb6b5c575da17919,2,2,ok
train,shiyan/data/labels/train/MAR20_502.txt,MAR20_502,272,c7de56d9def79a4b6927a4cfc1f5d2dfe574dc57940c7a96d7fafda81488e86b,7,7,ok
train,shiyan/data/labels/train/MAR20_503.txt,MAR20_503,238,177475cb1a1957d72ea673f52e40e2fe04b4fcfbe182d409a079a5c86df85a2e,6,6,ok
train,shiyan/data/labels/train/MAR20_504.txt,MAR20_504,278,d65982b17f396cd289b7241ced166af0527cd69e9b3e5329cbd0801494363a9b,7,7,ok
train,shiyan/data/labels/train/MAR20_505.txt,MAR20_505,154,e7f164c2407511473f6dcb0bc503dbacb55c5be2ec60baf0719137cedf571aeb,4,4,ok
train,shiyan/data/labels/train/MAR20_506.txt,MAR20_506,198,b1dae3a2692b26513e5b2a1b376bb2ac2d80bd4f961c0ea7679165880968321b,5,5,ok
train,shiyan/data/labels/train/MAR20_507.txt,MAR20_507,238,da77c8ece0c46a47c159ef58630cf669bc3d336ac3fe7c03fb2bfe711d45e984,6,6,ok
train,shiyan/data/labels/train/MAR20_508.txt,MAR20_508,158,123f14be7c4d13ff32674a087edf16f42d91bf3340fdc55d330f3c4d8e1565c1,4,4,ok
train,shiyan/data/labels/train/MAR20_509.txt,MAR20_509,318,566bb72b363fad7c0ab01cb64d4756084c6b7341a1e0d36475263cadf47a5477,8,8,ok
train,shiyan/data/labels/train/MAR20_51.txt,MAR20_51,115,0f4f6529e95dc0a3a50ca423001e335abb4b2e393c4808066e5bd3155250455e,3,3,ok
train,shiyan/data/labels/train/MAR20_511.txt,MAR20_511,238,651678fc6ed84b5ba542b50f0b6ffa1057ca38f0f8d09fbb1417bd92cf4f25a1,6,6,ok
train,shiyan/data/labels/train/MAR20_512.txt,MAR20_512,198,4a00194e75113827565a97ea31424bd9c989feda02056e255d2d44e8c02fca57,5,5,ok
train,shiyan/data/labels/train/MAR20_513.txt,MAR20_513,238,e525d31ae8913f43e199fb7bf8f7706aeef7fcd344a670825fedefc9c02ba010,6,6,ok
train,shiyan/data/labels/train/MAR20_514.txt,MAR20_514,349,03a49d7aee6e19d5a62ab60fd05b525455825f02230bcc0d2ccbe88e3e55a0d4,9,9,ok
train,shiyan/data/labels/train/MAR20_515.txt,MAR20_515,310,f509e3262926b445f552839ab212a8a8cae19b44da99cbd6e7b78453f5b3ba05,8,8,ok
train,shiyan/data/labels/train/MAR20_516.txt,MAR20_516,349,054d95e154ff8970bf294899b68eeed2a3695af113f65a7d1546e75c0f3f8776,9,9,ok
train,shiyan/data/labels/train/MAR20_517.txt,MAR20_517,154,4afecb9d067edd92b963163578329b12cdef22dab29da93fe188850b074b8605,4,4,ok
train,shiyan/data/labels/train/MAR20_518.txt,MAR20_518,193,0e3c4395458a3f429bf1ec16cccac3f1e1ac9225d28e6ec373240d6b208147e9,5,5,ok
train,shiyan/data/labels/train/MAR20_519.txt,MAR20_519,238,7966f15219774ef97585ad435c6559de331badf9b5aefe56cc657712357273bc,6,6,ok
train,shiyan/data/labels/train/MAR20_52.txt,MAR20_52,505,95bc4d1396b12dc5fdfcf0884ab16286b3a99cf02841ceafb949d8a169c56ac9,13,13,ok
train,shiyan/data/labels/train/MAR20_520.txt,MAR20_520,277,48b54fa7a41f3720bc59ab254b40a28737f339c03396f1fa6333d66db5acfca5,7,7,ok
train,shiyan/data/labels/train/MAR20_523.txt,MAR20_523,195,d91717e15cb5903a2e87082e450d070e8e5ad9dfc447403c514cc965e502cfa3,5,5,ok
train,shiyan/data/labels/train/MAR20_524.txt,MAR20_524,272,f1c792c90927e5f6ce7f9702d73fc5b8058c54960467b370d5e377181bfc967d,7,7,ok
train,shiyan/data/labels/train/MAR20_525.txt,MAR20_525,317,2d856591f18b535db9145ac3eea76bd9fb50d30b7bab351a3eb5c5743e30c196,8,8,ok
train,shiyan/data/labels/train/MAR20_527.txt,MAR20_527,156,9ed6a51f3a460782991fad91d0ace4d171307d816b2ac89f7c4ebbf62ab01b1d,4,4,ok
train,shiyan/data/labels/train/MAR20_528.txt,MAR20_528,197,97f69907a2a30b74c342c34429b1d1e42520ed919c4c0bce51020ddb56e13bbb,5,5,ok
train,shiyan/data/labels/train/MAR20_529.txt,MAR20_529,195,397dfb00331f3497890482dbb05e99f0befc959dee4faa78ccdeb5498dc1ffd3,5,5,ok
train,shiyan/data/labels/train/MAR20_530.txt,MAR20_530,397,c07ff5e5ceddfb512ac7d2fdde5a40b2caf000ce9b2533486f198837ba79e724,10,10,ok
train,shiyan/data/labels/train/MAR20_532.txt,MAR20_532,478,232d0a18e9cdc1046527b3d432cdfdde5be966483a0411e5140cc582112fa658,12,12,ok
train,shiyan/data/labels/train/MAR20_533.txt,MAR20_533,318,0c0ad0656c9d6f311eec31cde71e229ca930a324c8be81e1ac91ed003a1fe9d7,8,8,ok
train,shiyan/data/labels/train/MAR20_534.txt,MAR20_534,154,3b363b7bfa257db93a761f34fe1869967918d0c71c748d1bd3675b00c4b6a1d4,4,4,ok
train,shiyan/data/labels/train/MAR20_535.txt,MAR20_535,238,796e6e3e4f5114cb7e8310781b47f841d109aec5e7733e637201b493cb490cde,6,6,ok
train,shiyan/data/labels/train/MAR20_536.txt,MAR20_536,398,0cb6400793b5c9f4c7d1bc3ae2da4f17a0b7d81a49d120f371a1919cc086ecb2,10,10,ok
train,shiyan/data/labels/train/MAR20_537.txt,MAR20_537,318,272f942fda47e169703fc35d1449c6502902fe217c75c49f31879833992b36b5,8,8,ok
train,shiyan/data/labels/train/MAR20_539.txt,MAR20_539,817,ca324666dbeb354a47a323fb94f0124edce1ad546385af15cce1e5da8a74b9c9,21,21,ok
train,shiyan/data/labels/train/MAR20_540.txt,MAR20_540,398,149bc30dabac3b4281ecc9b7e0597a4bbb5045165c5b68f6018c0a13521f9d50,10,10,ok
train,shiyan/data/labels/train/MAR20_541.txt,MAR20_541,438,1c707cafdcc920857ae4036a82141c6b8d7a104b0a4eb9279b49d8b5f256e3b7,11,11,ok
train,shiyan/data/labels/train/MAR20_542.txt,MAR20_542,358,3a7eb0a241b617ba75ab0daa89504193e19c3713c09ecc2439d9eb9a9a897b6f,9,9,ok
train,shiyan/data/labels/train/MAR20_543.txt,MAR20_543,238,561f8ceebe5db39796be0a079d28d4995ebe3409d4ee37f792f0cc1df09082c3,6,6,ok
train,shiyan/data/labels/train/MAR20_547.txt,MAR20_547,238,5c954cd50d7c1ee6703dc27bff410f442cb87e5dac1115b0e4c4116d9132cdc6,6,6,ok
train,shiyan/data/labels/train/MAR20_548.txt,MAR20_548,278,d4cc2b3466f423a5a42ab5e0b2f1173ec998457f1da05a866256a7edddd85071,7,7,ok
train,shiyan/data/labels/train/MAR20_549.txt,MAR20_549,398,f9926cfba962426123908ad432b2bc18df381e0dbcb057fb47861d1651459b92,10,10,ok
train,shiyan/data/labels/train/MAR20_55.txt,MAR20_55,115,a1d28e32f82994caa8e53fd3a2d37db61818f05c4bf2bb732f291a6a75075d1c,3,3,ok
train,shiyan/data/labels/train/MAR20_552.txt,MAR20_552,354,9c8015d30b49269ef4cb9a7f47d23faa43e427ee1dced7abeab6a66744230bdb,9,9,ok
train,shiyan/data/labels/train/MAR20_553.txt,MAR20_553,38,a4c6d26bcf74f743fac8d932339b863d35b595cae5e7e13107e4150f17798490,1,1,ok
train,shiyan/data/labels/train/MAR20_554.txt,MAR20_554,38,abd940b3742ce86b691e9f1ec7a919c102b072f5a4d0b23f5a274fada182e643,1,1,ok
train,shiyan/data/labels/train/MAR20_555.txt,MAR20_555,398,ce374039537cc788430a68dea5cd0d6e4a6fe7df78ff855c764c36a319e923d5,10,10,ok
train,shiyan/data/labels/train/MAR20_556.txt,MAR20_556,118,98cdc4b80b2822deb84082b4a616cd36473f62c47fd4d23e0ae3bafa46ef9752,3,3,ok
train,shiyan/data/labels/train/MAR20_557.txt,MAR20_557,38,2f16cecf611a5750c8e8535b105e1aeffd99d1f0afe53f258336e5c659b5492a,1,1,ok
train,shiyan/data/labels/train/MAR20_559.txt,MAR20_559,232,69d73758485be5722f341243d53e41c7c0a515f6a51a9252ae9476f22e7161dc,6,6,ok
train,shiyan/data/labels/train/MAR20_560.txt,MAR20_560,310,888bd19ab1b3e7b80f356836572945332292eb01468f3475a2b1775b104538de,8,8,ok
train,shiyan/data/labels/train/MAR20_561.txt,MAR20_561,238,c9d23e389a3282f74adc65b59d16d54975b0cc8f66b2fcb1e856f28afdaf449d,6,6,ok
train,shiyan/data/labels/train/MAR20_562.txt,MAR20_562,278,cc86b9bd11e666694e15de40abfdbc0359c16da84ef64021116e3a2437da2159,7,7,ok
train,shiyan/data/labels/train/MAR20_563.txt,MAR20_563,271,1b232b7ef802aa941918ec84b5d80d94a6fb21846905dc9a2057e2ba28cf2cb4,7,7,ok
train,shiyan/data/labels/train/MAR20_564.txt,MAR20_564,115,a62843abc811940bb8bce29f4cabcc9bff218eac158e33b530fd6cc98fe97e76,3,3,ok
train,shiyan/data/labels/train/MAR20_565.txt,MAR20_565,349,cb44dd76eb2174108779be7510045ea76344d78521a8568c4592198fe2b09abf,9,9,ok
train,shiyan/data/labels/train/MAR20_566.txt,MAR20_566,157,7dc1a7ac11b50c36d8f13614ef3f1133d0fbd21267504df859903aff7423ef78,4,4,ok
train,shiyan/data/labels/train/MAR20_567.txt,MAR20_567,76,4ee4df140a9a9ce2514c7e6c3366754d57d6c51000afcf18de227bc9617cf083,2,2,ok
train,shiyan/data/labels/train/MAR20_568.txt,MAR20_568,310,2b339ef518bb2dbdfb4c99b8728c8f68780116768e71c8e0893c02b12b9446a5,8,8,ok
train,shiyan/data/labels/train/MAR20_569.txt,MAR20_569,115,4ae39cc051985f6021054c25d1d31b1048228c6edd09c28090c88a66eae655bd,3,3,ok
train,shiyan/data/labels/train/MAR20_57.txt,MAR20_57,78,aa1f4f2d4b7fd46e7eebf936b56b31b6dafce869d27a743e04da4bb6734b89e1,2,2,ok
train,shiyan/data/labels/train/MAR20_570.txt,MAR20_570,76,5c461ec66681e23625bc65cfa357aefc041bb2a70e22db564974f735c56aa02f,2,2,ok
train,shiyan/data/labels/train/MAR20_573.txt,MAR20_573,271,651f89214f2524f41d5aa31022ac798e325db7065819011296a0db4c5e39b0aa,7,7,ok
train,shiyan/data/labels/train/MAR20_574.txt,MAR20_574,115,844c302c37d95aba24c523e4328e2997f99a753dc9cac78a0347b044af4387ee,3,3,ok
train,shiyan/data/labels/train/MAR20_575.txt,MAR20_575,271,bc315d9a6b465499c1f928f43a17a434f656baf956a57923837e16c18ae789ad,7,7,ok
train,shiyan/data/labels/train/MAR20_577.txt,MAR20_577,428,b94fa9f3a47989c62a8a00c256f7ad2d19dfd2657f86a72e469f327717d4bf88,11,11,ok
train,shiyan/data/labels/train/MAR20_578.txt,MAR20_578,429,b164126198f36f1037d0b17e01b8cad978e57d67a8d7ff651ebc6ac408b44812,11,11,ok
train,shiyan/data/labels/train/MAR20_579.txt,MAR20_579,38,00f5896a5b73731ab818d04e024b9749c6debccd1858887a288341d821a28d7b,1,1,ok
train,shiyan/data/labels/train/MAR20_580.txt,MAR20_580,118,0f166d097d0996e2fb0b109a2b993e95529806ad82959b899faddc5bb60a5d01,3,3,ok
train,shiyan/data/labels/train/MAR20_581.txt,MAR20_581,349,79f25cfbc0ccd2847222f6b4b3c3c9de8d2f5b1bed98f0d6e7992acf66a5dbd1,9,9,ok
train,shiyan/data/labels/train/MAR20_582.txt,MAR20_582,118,d35a07078715b6a0801ed4348aaa7a4761bd79fdd1fe2a26efcbd5329d41ddaa,3,3,ok
train,shiyan/data/labels/train/MAR20_583.txt,MAR20_583,196,642e9206a03066d4ccbbf6040424a85e101b23e66303cb60381b740ca9deaf26,5,5,ok
train,shiyan/data/labels/train/MAR20_585.txt,MAR20_585,232,df7ee05046ba974f804ca0f4ebc94a3433335260aa5b23735a2c686b9a311c09,6,6,ok
train,shiyan/data/labels/train/MAR20_586.txt,MAR20_586,115,3fa026447710b85aec0c236b494b5f76268e73ab8636aec3f8fe3937eec68c4a,3,3,ok
train,shiyan/data/labels/train/MAR20_587.txt,MAR20_587,76,6a1d7c0458044920a303bd4934eec6861fa3c4a11bfdc1f58e71f914798accb6,2,2,ok
train,shiyan/data/labels/train/MAR20_588.txt,MAR20_588,278,02b37dd9f2b2f1aebe69accb504e56fb31e229465cee5802f44b52d18eff3ab3,7,7,ok
train,shiyan/data/labels/train/MAR20_589.txt,MAR20_589,388,3332eeb8205682528c3cc375b821094f13cd75bfe12de9d8d1c0c02d6c24c085,10,10,ok
train,shiyan/data/labels/train/MAR20_59.txt,MAR20_59,198,0c75e004f4828ed0817e6cca4a42b47ee4c006ea80ae5af332be881424da332f,5,5,ok
train,shiyan/data/labels/train/MAR20_590.txt,MAR20_590,198,9f6a280e79f03967546e10d36f29146662d4f4a05599ec775964be87758349e6,5,5,ok
train,shiyan/data/labels/train/MAR20_591.txt,MAR20_591,193,b5f424a156caba0a0d8cb944da74aa940b3ec5d8af6f9d73b110ecd990924c07,5,5,ok
train,shiyan/data/labels/train/MAR20_592.txt,MAR20_592,198,9c454ea401ec87ce3a4f4d1a8cc47a269d6f9e399c4a6ba13b4d840c34c5fe0b,5,5,ok
train,shiyan/data/labels/train/MAR20_593.txt,MAR20_593,238,9b13d62cece98eb5564bb72eebd335fcd851426d6731df189e7c374d71fe3992,6,6,ok
train,shiyan/data/labels/train/MAR20_594.txt,MAR20_594,193,995d5098c85eef9b610226834f76ed893de7920f81fc6042c4f86f672043d855,5,5,ok
train,shiyan/data/labels/train/MAR20_595.txt,MAR20_595,232,357b89f702422e7a0d3e40e76d1898f42c5a9e9eaf51d50746c4e34806ec5dd2,6,6,ok
train,shiyan/data/labels/train/MAR20_596.txt,MAR20_596,76,8cdf24d8c15d0a76938a26383c2217fb6cb0395f77fa46f4610348411892e4da,2,2,ok
train,shiyan/data/labels/train/MAR20_598.txt,MAR20_598,198,e08fc44e0fc2d617603931c8f8569b3d003fd798caf8a4100e71b9ef426779a0,5,5,ok
train,shiyan/data/labels/train/MAR20_599.txt,MAR20_599,158,e5856fedb5d7c91bd4c934333d170327dfff26aaf402c3becdb7b68dd589bb85,4,4,ok
train,shiyan/data/labels/train/MAR20_60.txt,MAR20_60,78,a950c242e408d1b2310b289b839a4768f397e987cdaf45fb1c572de534b9c3d7,2,2,ok
train,shiyan/data/labels/train/MAR20_600.txt,MAR20_600,271,deb7178a7a0b3c68f8e47f30144f0efd633083c268891f00b8780e75b5f29da4,7,7,ok
train,shiyan/data/labels/train/MAR20_602.txt,MAR20_602,358,4455b42463b2af734a31bcfa79d8d13ae555246ec33dd8b4eb4ddc55fc832588,9,9,ok
train,shiyan/data/labels/train/MAR20_607.txt,MAR20_607,232,f09b3baf038f63ffa06e0d43c44503d1088b71b36f879846cce5f154a04b4601,6,6,ok
train,shiyan/data/labels/train/MAR20_608.txt,MAR20_608,238,2c7a6279e92ca73a8b1bc8c53333fdb90d51cda4d100582ddff8955909ae3e4c,6,6,ok
train,shiyan/data/labels/train/MAR20_609.txt,MAR20_609,118,578b87144e44c78bbe38adac7573fcb40c08111f07475bcaccfbe06dca38ded7,3,3,ok
train,shiyan/data/labels/train/MAR20_61.txt,MAR20_61,118,a44373db03c4f9428b9a511e0d6752f937403f739e5c3d7d8e422f66a1d246fb,3,3,ok
train,shiyan/data/labels/train/MAR20_610.txt,MAR20_610,357,f7c88dfc6ca0879ff6705e7067686a8b0b9e193792d47efe9ffc35d34057d7c1,9,9,ok
train,shiyan/data/labels/train/MAR20_611.txt,MAR20_611,467,242b84e87ed115fb959a1b2f31a132689363ac6b22a518f17459d94ebd7810b9,12,12,ok
train,shiyan/data/labels/train/MAR20_612.txt,MAR20_612,232,d765306bae6b5d2a08f0e53a39533b126e850569ca668e459ea93b84c8ef6be5,6,6,ok
train,shiyan/data/labels/train/MAR20_613.txt,MAR20_613,271,07c6be72d99551cac75cef4b247b953aa052cd583c346402fb9dd54edbd3463b,7,7,ok
train,shiyan/data/labels/train/MAR20_614.txt,MAR20_614,198,62ebf01bb51e0cc922173a24380781dd8e439fc645456492748ae0c84e093491,5,5,ok
train,shiyan/data/labels/train/MAR20_615.txt,MAR20_615,232,642d47a9307020416d677e5e032e2e81caa29aa1b10bb9c2fe96b815fe731746,6,6,ok
train,shiyan/data/labels/train/MAR20_616.txt,MAR20_616,154,770f276d1b98b76723deebf52a1faf78d537b6e8516198b5e1750c2f19b6d06f,4,4,ok
train,shiyan/data/labels/train/MAR20_617.txt,MAR20_617,115,45e4ff73af90d87a5339a5a49d90f0b298b062a94e47f4b3a23d02a6183a040e,3,3,ok
train,shiyan/data/labels/train/MAR20_618.txt,MAR20_618,310,e34a8a2987d95c556c3b04e8a6dc49639a208e4c94d184c430c0a3a1c395bfee,8,8,ok
train,shiyan/data/labels/train/MAR20_62.txt,MAR20_62,238,39b06bf36e2e9900b71c37ea044c264e9aadfe2fd48ff9a580129c26c2bcdf2e,6,6,ok
train,shiyan/data/labels/train/MAR20_620.txt,MAR20_620,232,f902bc3de64522b4fb259c5dd569c8f5155e99480750598d1f768fe8e786d742,6,6,ok
train,shiyan/data/labels/train/MAR20_621.txt,MAR20_621,76,3cc72dbcb4e040e5211d13c224565e17db7c5c670b6dc7174e90796ca89b9feb,2,2,ok
train,shiyan/data/labels/train/MAR20_622.txt,MAR20_622,271,651a0a90fab1f943c2869ecf3643f301663ca7b9c57960ab2b9f412f87982690,7,7,ok
train,shiyan/data/labels/train/MAR20_623.txt,MAR20_623,232,89efcbf2e3910da9e5d9aacf3f635371e35e75962cd0698863aae78a74e19bc3,6,6,ok
train,shiyan/data/labels/train/MAR20_624.txt,MAR20_624,278,953dc4cad34f8e9752db31ba39c92adf0ae1d8ae299bf115fc4c6a5db5b33635,7,7,ok
train,shiyan/data/labels/train/MAR20_628.txt,MAR20_628,518,14cfe6e57720b4146ca08a33380ce8283bca3c5a4d40b1c3282ac69574c9660d,13,13,ok
train,shiyan/data/labels/train/MAR20_629.txt,MAR20_629,118,3d65fec23676215faa156dc2077257d5d4f2a2bb8a63255359a13bae025c2c8c,3,3,ok
train,shiyan/data/labels/train/MAR20_63.txt,MAR20_63,78,a6c155640feb487677df6128295074d4335da879f2146a6130c4240b8102e90f,2,2,ok
train,shiyan/data/labels/train/MAR20_630.txt,MAR20_630,349,e83fa61dabef6bc8fee562dcdde65466cf57789b3fa2e9cb6d3dcd283250c41a,9,9,ok
train,shiyan/data/labels/train/MAR20_631.txt,MAR20_631,271,c44616a75534dc606ecbb596fec6f4d1f18f08473adbd5d41d42d015af7e5270,7,7,ok
train,shiyan/data/labels/train/MAR20_632.txt,MAR20_632,232,3df9f49584a88fe247c0eb34312859e1bfe02b789a5d114ca58c35e816cc957d,6,6,ok
train,shiyan/data/labels/train/MAR20_633.txt,MAR20_633,154,6ad1bf123fd385c499d20e7234040d8e4ac5d71825bf05bd97ec179fd8276025,4,4,ok
train,shiyan/data/labels/train/MAR20_635.txt,MAR20_635,115,6826875f6039ef086b553d08b253c133857905102392070dbd5a1cd0f052a529,3,3,ok
train,shiyan/data/labels/train/MAR20_636.txt,MAR20_636,388,a51a8e594aa2ec394060f22814df9597b247fbf09d368dc7096c557009def457,10,10,ok
train,shiyan/data/labels/train/MAR20_637.txt,MAR20_637,271,d296949d7f082d55119420e83cfacc9055303ae9329e20e799cff5ce2fc365d9,7,7,ok
train,shiyan/data/labels/train/MAR20_638.txt,MAR20_638,193,0ccfc5a66b07863808d86cef4487229309ef23c8fb698709a45d6f5de0f62bef,5,5,ok
train,shiyan/data/labels/train/MAR20_639.txt,MAR20_639,115,4749085f05865477683f5997b1e263d58f8585a2d07888ce84e18ec466b72d8b,3,3,ok
train,shiyan/data/labels/train/MAR20_64.txt,MAR20_64,76,9bc013cb7e33ce7abf3c742dc1e69b252c990ea07f007bce11904894faf4c90d,2,2,ok
train,shiyan/data/labels/train/MAR20_640.txt,MAR20_640,193,a74ab8ca0c9f59554554496071f4e2f42975a209e141cb4bf77f67c076f6ad7f,5,5,ok
train,shiyan/data/labels/train/MAR20_641.txt,MAR20_641,622,7f8d90440bf07b1da004f18a69f59c9190773e21938487197d00899b9dc2eef2,16,16,ok
train,shiyan/data/labels/train/MAR20_642.txt,MAR20_642,193,30d67a9288a7341914015a9f98e8a1b5ab41c21253963c68196bd7fb140a2621,5,5,ok
train,shiyan/data/labels/train/MAR20_643.txt,MAR20_643,154,515348e6a0492befbde5647e9d76983fcec111716e7b75907bf2fe545a467ef4,4,4,ok
train,shiyan/data/labels/train/MAR20_644.txt,MAR20_644,349,9b97731b07503441535bb4701e94508ad240c1b917538279d4cec5abd8de5738,9,9,ok
train,shiyan/data/labels/train/MAR20_645.txt,MAR20_645,154,34e972e8d585020387c7bc8d014c77c0842e15e848018e6a2b71fb5cd7d7ae76,4,4,ok
train,shiyan/data/labels/train/MAR20_646.txt,MAR20_646,193,37e6c2e5e46b4b12259d150cd3fb2207af1e6784ef2bb8d8c90c6e7115d550f0,5,5,ok
train,shiyan/data/labels/train/MAR20_647.txt,MAR20_647,232,35cda2c7207a4bceaece8fe3a704dc0800bbc81525b1afa205cf95c5b28e7cad,6,6,ok
train,shiyan/data/labels/train/MAR20_648.txt,MAR20_648,154,9448daadc1fbbff31240a8c635d090a47e4cca49c50d944a79d79dce8a6d0fd7,4,4,ok
train,shiyan/data/labels/train/MAR20_649.txt,MAR20_649,193,46e5c0d2ac7227af34c085bb032c57d39deb71b05184b3de3c00b188b8c8af15,5,5,ok
train,shiyan/data/labels/train/MAR20_65.txt,MAR20_65,505,87782b78dcf1c14d63ad119cff79bf3e0d11b88e15bc337fd757e03fed209a84,13,13,ok
train,shiyan/data/labels/train/MAR20_651.txt,MAR20_651,388,82e062f4b30338a1a5bcfc9280538c8c34607ac4bebb6e873fb1fe8268dc1f28,10,10,ok
train,shiyan/data/labels/train/MAR20_652.txt,MAR20_652,583,b005536f2b2ef194da4762af624a134fe481d57b79340206c3dcfe99acd950c7,15,15,ok
train,shiyan/data/labels/train/MAR20_654.txt,MAR20_654,115,ed421a2d13a237d7c32e8f181db9c8cfa8dbde72dcc5119233a47e647b20fdba,3,3,ok
train,shiyan/data/labels/train/MAR20_655.txt,MAR20_655,271,82ba98d23088691145eb82178d2d490508b493db8ed9798a0ae304285cb28241,7,7,ok
train,shiyan/data/labels/train/MAR20_656.txt,MAR20_656,154,ff4b73c92110b7ef70c79ce05a2dae75b47ba840c040469a2fd133efc704e4df,4,4,ok
train,shiyan/data/labels/train/MAR20_657.txt,MAR20_657,193,517aec25b3d5551a25a2c2206ee7e3a19fdfb4e75a1e94afe5eb80d1bc77a49d,5,5,ok
train,shiyan/data/labels/train/MAR20_658.txt,MAR20_658,198,38f011abc80c09312a9d700611420027474fbea7caaedbe14be78015eb068ef9,5,5,ok
train,shiyan/data/labels/train/MAR20_66.txt,MAR20_66,232,594fb595015a596f173862dad851731b8fe8d0f5dd8e070db23c8b0f04a23aff,6,6,ok
train,shiyan/data/labels/train/MAR20_661.txt,MAR20_661,77,c6b71b544008641e46b5de1b78f8fc9e4ba51111fc42364001b2979d2ccd5652,2,2,ok
train,shiyan/data/labels/train/MAR20_662.txt,MAR20_662,117,e1c23a621e67b70215b953b21c6b081d741085627a823b1ca8dab0bbcae6368b,3,3,ok
train,shiyan/data/labels/train/MAR20_663.txt,MAR20_663,198,b2a8eccb0a6c66d3d5331bd472f52d633f19e21d5713bbaf905b4a0a0f9e1d89,5,5,ok
train,shiyan/data/labels/train/MAR20_664.txt,MAR20_664,238,d9337b8c70661b318ba791d3a9a1c3a43fae15e37cbb2764415c288b23bff731,6,6,ok
train,shiyan/data/labels/train/MAR20_665.txt,MAR20_665,278,d1edc031375d06d2c66d54800ec80875eba0c9410e9c6f0316bcd59efabb66c6,7,7,ok
train,shiyan/data/labels/train/MAR20_666.txt,MAR20_666,358,9e34c450852ac2185b11229416ccec880ac6f0e78cd46d35daeea3d9e96fc0e2,9,9,ok
train,shiyan/data/labels/train/MAR20_667.txt,MAR20_667,700,369ba8d6d086b21e5198c6aaf3943bd78021748fb48d14c674eef22ca920b496,18,18,ok
train,shiyan/data/labels/train/MAR20_668.txt,MAR20_668,76,63f3b266e9228bd1aeb4c2797f6cb7f6b222512167b475e85de760583afcf5bc,2,2,ok
train,shiyan/data/labels/train/MAR20_669.txt,MAR20_669,38,a93b47a9fd9dcc73274c369c5ae745da46f891eedfc75afc7fbb20f46054a385,1,1,ok
train,shiyan/data/labels/train/MAR20_67.txt,MAR20_67,154,9638e4e2eedb43767530e406a29a660b2dce3b82e06bb628305ed5882957d880,4,4,ok
train,shiyan/data/labels/train/MAR20_670.txt,MAR20_670,78,c481b86c460257e42c51064c7a1c967b096438ec1a5c09759840d270d97c7517,2,2,ok
train,shiyan/data/labels/train/MAR20_671.txt,MAR20_671,505,ef3481ab3565b29d2f92b395eb07f42667703bdfa7096f3119a578c5e81f17c4,13,13,ok
train,shiyan/data/labels/train/MAR20_673.txt,MAR20_673,466,0febfe0bdf1f3a974e71a516918783516b11df43e6f7ccaec80d2301d9293496,12,12,ok
train,shiyan/data/labels/train/MAR20_674.txt,MAR20_674,741,8ec9d1ed13ccc9bb4ae924502eb7ab3d43c739296a273d6a37619748af23666a,19,19,ok
train,shiyan/data/labels/train/MAR20_677.txt,MAR20_677,478,5447a62b1fb170a6d054e7caa00b68035cb876b2d3fa605afa3de10f4f97b69e,12,12,ok
train,shiyan/data/labels/train/MAR20_678.txt,MAR20_678,318,4427bda7b3f8d6f7bfd87b24b96ed4436571c99e64a839b77703a81b1dad9f18,8,8,ok
train,shiyan/data/labels/train/MAR20_682.txt,MAR20_682,317,ec7e899dd1d8bf63a07e1c201a7cc769956cdeab9c5efc2f1b81e0b1d7dea709,8,8,ok
train,shiyan/data/labels/train/MAR20_683.txt,MAR20_683,238,1ca09be14a3d8dc9402200e043f74e3b248200eb18ab7dda78722da25f0a3f81,6,6,ok
train,shiyan/data/labels/train/MAR20_684.txt,MAR20_684,278,2af47b10560b2d82a2534285228eff33f55162aa081624482ed726d7e90a5443,7,7,ok
train,shiyan/data/labels/train/MAR20_685.txt,MAR20_685,557,7d427e958605b68f466d447d9f2e9f68f49bf7077699fa193b5d83ed1cadd6bc,14,14,ok
train,shiyan/data/labels/train/MAR20_686.txt,MAR20_686,277,7e5e066fc105560fe97af4c6ebf633221413ae648d63dca5413f54be1985751d,7,7,ok
train,shiyan/data/labels/train/MAR20_687.txt,MAR20_687,397,2ac87349b439f45053f23f52805f41f278d57e9fb4785a23759b29f22d0480da,10,10,ok
train,shiyan/data/labels/train/MAR20_688.txt,MAR20_688,237,09e2208c282f6559498df2e971441f9f2a8b853c7d77563e10188d99dc618747,6,6,ok
train,shiyan/data/labels/train/MAR20_689.txt,MAR20_689,398,e8b5ebc4c4d82316ab53ee242d2e49c8808c1d1b25686c383bc5351227fe608e,10,10,ok
train,shiyan/data/labels/train/MAR20_69.txt,MAR20_69,583,217ba46051a25ef3e3ab9d43a22355a970f664df7dfdf638162519ed2cd68df6,15,15,ok
train,shiyan/data/labels/train/MAR20_690.txt,MAR20_690,198,18f4844cbff9169adc2ae826f677041bdc07ee33eccb4f60784cbeb951c4d8f4,5,5,ok
train,shiyan/data/labels/train/MAR20_692.txt,MAR20_692,238,45bc2c6fcb9228b9d4094e42845eacfb92fed3c4edac3a920142ba98e5758cfb,6,6,ok
train,shiyan/data/labels/train/MAR20_693.txt,MAR20_693,237,aff4d921b4f8c10e8b24a6ec9faa7159c2a712e5429d608fa4f312a274de3005,6,6,ok
train,shiyan/data/labels/train/MAR20_695.txt,MAR20_695,158,1d6c72f683880a07aa426a995c6191919201f3303ca5937d5043f5353809b2c4,4,4,ok
train,shiyan/data/labels/train/MAR20_696.txt,MAR20_696,718,ea6b817eb720040b9827136d76b46c1116e5c7527074d48aa751f47830f7f7c7,18,18,ok
train,shiyan/data/labels/train/MAR20_698.txt,MAR20_698,198,f75dee06f036b9cc212dbe47991aa686f217fcb4bcae204471db2bb2237e16e3,5,5,ok
train,shiyan/data/labels/train/MAR20_699.txt,MAR20_699,238,33c9f5e0b98a658aaa02ecc3808093a6da26540984982d2b678301acf71e33b2,6,6,ok
train,shiyan/data/labels/train/MAR20_7.txt,MAR20_7,232,dcbaab1592701cc5eca4b8daa5c9880c618371cfdae55a1040e2dd33661ac49b,6,6,ok
train,shiyan/data/labels/train/MAR20_70.txt,MAR20_70,193,73404bdafdd9c1b5f5d43674dc1989ce537842fda24a2de86bf46a3c6d80170a,5,5,ok
train,shiyan/data/labels/train/MAR20_701.txt,MAR20_701,317,b03323b9491f398fcff4065714068783f27a3c2031e6b7691685d4aa8b896093,8,8,ok
train,shiyan/data/labels/train/MAR20_702.txt,MAR20_702,398,5d35baa5e56c3df82ffbe80aeeb70cda16615e998823ad872d5a91d24967e460,10,10,ok
train,shiyan/data/labels/train/MAR20_703.txt,MAR20_703,278,cae11705758749b8a1e0c2baa00f030af025c4b1062d880fa613ca0d96d2e12e,7,7,ok
train,shiyan/data/labels/train/MAR20_704.txt,MAR20_704,398,5affc51bb66bc65098bedffa8dec73c622cc5b664c5d8350c68470ae928a6b5a,10,10,ok
train,shiyan/data/labels/train/MAR20_706.txt,MAR20_706,318,20c201bf1f18b2766e871d7320f586991c6fe0d255bd240c75ccebd54e9e65d4,8,8,ok
train,shiyan/data/labels/train/MAR20_707.txt,MAR20_707,238,e29b5052c4898039ed8d23546cd17f4adb78680609adfac8d12b238940d6ae10,6,6,ok
train,shiyan/data/labels/train/MAR20_708.txt,MAR20_708,318,fcc5a0c75174a0100586c38143a58806d101325238743a3c6f2308bc87f4d910,8,8,ok
train,shiyan/data/labels/train/MAR20_709.txt,MAR20_709,310,88118da97aee46ec26cdd5de12a44bccf47194bafdfcc615a93b99929fdd69d5,8,8,ok
train,shiyan/data/labels/train/MAR20_71.txt,MAR20_71,232,28c198155634e765c3924aacc55c9eb22b9979fa29874078e3d83f0ca12570f1,6,6,ok
train,shiyan/data/labels/train/MAR20_710.txt,MAR20_710,117,b317819dfd5a4e75c9a16f658ff4dd5f08766fed612814ed8500f0c9020acc35,3,3,ok
train,shiyan/data/labels/train/MAR20_711.txt,MAR20_711,271,5df8d84f28bddf53ebceb5f30ebd597d1fb56a533bbf39b5506a13a31a3f43d1,7,7,ok
train,shiyan/data/labels/train/MAR20_712.txt,MAR20_712,78,5010861c70285a3dc1260eec09422fd0f74d78c544f47f3f3af48a2f437fce42,2,2,ok
train,shiyan/data/labels/train/MAR20_714.txt,MAR20_714,154,521fca9ae8800b31e96af9d2d4948ffc56d846bb1e69996680cbbef0f42b2d17,4,4,ok
train,shiyan/data/labels/train/MAR20_715.txt,MAR20_715,271,762495e4cb012efbc0b76a1b97713a617126f8779f28592e14fd0595feefcfd9,7,7,ok
train,shiyan/data/labels/train/MAR20_716.txt,MAR20_716,238,b895a61d4a69ac3cc8da82b4251383d28d0788655c453b94e59367882b914195,6,6,ok
train,shiyan/data/labels/train/MAR20_717.txt,MAR20_717,398,ef56bdb2ff106fa91cf1dfc274c741688d8d1ed60af956044119cb61c67b2a42,10,10,ok
train,shiyan/data/labels/train/MAR20_719.txt,MAR20_719,158,2663bce3fa96ab814109793ea208b101bff3743f0a2f26e5e7825b0e693f1110,4,4,ok
train,shiyan/data/labels/train/MAR20_72.txt,MAR20_72,310,01d442e124545f0ee370514dd2cadbf3a48f03d572cf656514f737b90eeb4211,8,8,ok
train,shiyan/data/labels/train/MAR20_720.txt,MAR20_720,238,77ba9bf00a9079ef81b9a5a165d7a1c016e83b75a1837ca5afcd5a6601822e33,6,6,ok
train,shiyan/data/labels/train/MAR20_721.txt,MAR20_721,158,a2f80bed7f39dd7b1ac50174cbfac8aa517f2187734b82bf30f0e93c614b4691,4,4,ok
train,shiyan/data/labels/train/MAR20_722.txt,MAR20_722,438,a2e8760e445c0c7cb1d53932c887b03343cd334036ff5f065d762e91a5068d0c,11,11,ok
train,shiyan/data/labels/train/MAR20_723.txt,MAR20_723,478,60d1872788ac548996c324a5e956c0fd16185c63730e0c816b963c67bfd8deb5,12,12,ok
train,shiyan/data/labels/train/MAR20_725.txt,MAR20_725,358,2d01accd726e5fa8c6b10848bd9e192b767662083dd108da25e6cba76cf64685,9,9,ok
train,shiyan/data/labels/train/MAR20_727.txt,MAR20_727,238,43271945ee218476ccdd5363f491569c8193461378a8a37cc0112f652123334e,6,6,ok
train,shiyan/data/labels/train/MAR20_728.txt,MAR20_728,398,3e310300a4449cf11b681cbf5fcdf327e6db6e0f914ef2d91aef07edcb63b4e4,10,10,ok
train,shiyan/data/labels/train/MAR20_729.txt,MAR20_729,358,e158ca19039a4e6560ccb8618daff70884c78a56c91e35c04e4ebe6dbfe78242,9,9,ok
train,shiyan/data/labels/train/MAR20_73.txt,MAR20_73,271,3499ff4201878e1dcc26aa345a2b36c5af351ae29cb244c1d860f3f35c4a23fc,7,7,ok
train,shiyan/data/labels/train/MAR20_730.txt,MAR20_730,238,f118f43a824aecce81ef7eb87d29bd27c5aebd9d40f3daa31fc4e413b96d4337,6,6,ok
train,shiyan/data/labels/train/MAR20_731.txt,MAR20_731,398,58887e3eebe586d113e0138a30ec2d55749aa83163448a5a912711205a29a86e,10,10,ok
train,shiyan/data/labels/train/MAR20_732.txt,MAR20_732,358,153070852bc4ab4509f3a926c87594ecffd5bcc2793ca4b503ee8d51458c490f,9,9,ok
train,shiyan/data/labels/train/MAR20_733.txt,MAR20_733,278,a314937d3c0e48138f37f9dabfb077cddd09fa4b61cae9252bbddb41438478b5,7,7,ok
train,shiyan/data/labels/train/MAR20_734.txt,MAR20_734,198,11dfc3640d55bcdd89a4e4dfcc74a76c091fe4db5bf9e4fc21a091421b6bef00,5,5,ok
train,shiyan/data/labels/train/MAR20_735.txt,MAR20_735,398,81196b58f8d0cddecd13bf4b83d88eb48dc55eeecae39a152216dca001261b5a,10,10,ok
train,shiyan/data/labels/train/MAR20_736.txt,MAR20_736,158,797a8ade087f75992cfce208d92f70f60adaecb52fba717b0fb5df7fc32109d7,4,4,ok
train,shiyan/data/labels/train/MAR20_737.txt,MAR20_737,544,4132cf7ac944a9e3648d41a2a9c81c50f94b5d6f8dfdbb7d26fbf32b30ece846,14,14,ok
train,shiyan/data/labels/train/MAR20_738.txt,MAR20_738,358,72b9dca94374805df33439e94224ebcae33a52b4801f9407a0012e442c3483aa,9,9,ok
train,shiyan/data/labels/train/MAR20_739.txt,MAR20_739,638,7315e373f9a1506bfd1c10d1d84b1287a534c1b202eaf3363eff478bb0ba8c2e,16,16,ok
train,shiyan/data/labels/train/MAR20_74.txt,MAR20_74,76,086ecadc735b7833bf18014828342deac58ec5993f2fd24a0ac791764d3f739f,2,2,ok
train,shiyan/data/labels/train/MAR20_740.txt,MAR20_740,438,99bb540d43008a7ea146d37f64e029ec33d4a966c860ce79bfdd813ec5513fa8,11,11,ok
train,shiyan/data/labels/train/MAR20_741.txt,MAR20_741,318,7890bd381558d2359f3e56e74d4aa5dad15bca7b72c0e4ca3ac1c93073624348,8,8,ok
train,shiyan/data/labels/train/MAR20_742.txt,MAR20_742,427,1e3d94355726b9813333085c6f5a21ac4662f534857b9c03ee97333a3d0da3fd,11,11,ok
train,shiyan/data/labels/train/MAR20_743.txt,MAR20_743,310,790bec50af4067f53cd177deed87e56f5d69fe5902ea0ff89acc6ddec98e5872,8,8,ok
train,shiyan/data/labels/train/MAR20_744.txt,MAR20_744,232,36a5ad05c19763727344cb2504fa21c99b8f7f7e59a07fe250bd99997ea0c84b,6,6,ok
train,shiyan/data/labels/train/MAR20_745.txt,MAR20_745,427,81bcdab0e8cff76f269b4b0a0e0f0fa6ce4608e4d17191a65a63b4dd4310f42f,11,11,ok
train,shiyan/data/labels/train/MAR20_746.txt,MAR20_746,193,ba8573d6121c60c57a82fdad5bb5b32f2456cc42f1fa5495e41f2fb12040064c,5,5,ok
train,shiyan/data/labels/train/MAR20_747.txt,MAR20_747,349,9b1d3158518459af9c427c3cce100b3f3cb26d76883ffd424012becab978f1ae,9,9,ok
train,shiyan/data/labels/train/MAR20_748.txt,MAR20_748,158,0ed7c9fd380ab2425a1a518f8e91997f619ad04f1315cf9b621df44de00dc75a,4,4,ok
train,shiyan/data/labels/train/MAR20_749.txt,MAR20_749,478,c2319413a0c8fae6574e6c0388775320510c298a2c2c5567e5b54093c5b485a5,12,12,ok
train,shiyan/data/labels/train/MAR20_75.txt,MAR20_75,76,52e8fc3107e1f77e02989ae9eff125de542643deb37daad7b301871939c084f3,2,2,ok
train,shiyan/data/labels/train/MAR20_750.txt,MAR20_750,198,71df7a2173a5f381228cbbe8c35af963e18d90380870e835533a16d3915265d5,5,5,ok
train,shiyan/data/labels/train/MAR20_751.txt,MAR20_751,198,7cb70182e049b6899b8349afdb935a8fb157f1387ffd65eaa1116f08eb847f95,5,5,ok
train,shiyan/data/labels/train/MAR20_752.txt,MAR20_752,158,39c8377e9215bf280be64b2853bd4a21c52e9bb3fb53752f781fd5a8141cc962,4,4,ok
train,shiyan/data/labels/train/MAR20_753.txt,MAR20_753,238,2d340f09ccb5ee3a273c2860bfcefc156dc9255aae046289783f8e808a00ca74,6,6,ok
train,shiyan/data/labels/train/MAR20_755.txt,MAR20_755,238,5dcd6ac5c252109c61051cbdcb01fdd06e13d3623e6b5dc45bd953d91d2c33a5,6,6,ok
train,shiyan/data/labels/train/MAR20_756.txt,MAR20_756,158,dd933bb6bfd3e4a77269d728f05c08abb29c76844e776d5001955c556a3eb25a,4,4,ok
train,shiyan/data/labels/train/MAR20_757.txt,MAR20_757,358,dffc856c5f15df0c2a5786984d673882d87588182271c29816eb0d9e6f115a47,9,9,ok
train,shiyan/data/labels/train/MAR20_758.txt,MAR20_758,238,2fc7785584329ad58d0874a3e637ccadcbeeb056b16e4e001ae40c59954f4141,6,6,ok
train,shiyan/data/labels/train/MAR20_760.txt,MAR20_760,38,fd2cf4c2591d8d9a12774accf68b343236522756c544f3a1ad56c82aa4e1e3e2,1,1,ok
train,shiyan/data/labels/train/MAR20_762.txt,MAR20_762,518,9d6fe567e2f97b7a21ce25e108436541960f6edeb8cff8f513090c54bb0a7397,13,13,ok
train,shiyan/data/labels/train/MAR20_764.txt,MAR20_764,838,967bd874d9cc2b1e7cff0aa167633165b4227da63fb4ef3b2ba5aa304ce8c7ac,21,21,ok
train,shiyan/data/labels/train/MAR20_765.txt,MAR20_765,238,6522568d7e303bd830faaeb0fece05f77a29c437a7e93d3ac8f4b421049d5f14,6,6,ok
train,shiyan/data/labels/train/MAR20_766.txt,MAR20_766,158,fdc7ae39cf4c370655f23026a21d11b4bc6949faf6dde754df2ae14debf87361,4,4,ok
train,shiyan/data/labels/train/MAR20_767.txt,MAR20_767,198,3cf41c4db1edced1b985223ccfce7d9bff40a1438f48f6cf519fee1864f38d55,5,5,ok
train,shiyan/data/labels/train/MAR20_768.txt,MAR20_768,318,1f544025b40f79b6651af16c11b4f900d74b4ab7218385251c2f4e7edf6f48f8,8,8,ok
train,shiyan/data/labels/train/MAR20_769.txt,MAR20_769,358,c82b823452a6144ff9ba350e3d260b76f4533db469c2fead0f8a9f75486a0aee,9,9,ok
train,shiyan/data/labels/train/MAR20_77.txt,MAR20_77,76,9dcf0c263b7562ac1cb46853a49c13d017ff16382c0221a739aed8388494a5a0,2,2,ok
train,shiyan/data/labels/train/MAR20_770.txt,MAR20_770,154,c256e0928e661f3ba7ba020f2d610b60beb25cc16335837dbfd139d201ce2b67,4,4,ok
train,shiyan/data/labels/train/MAR20_775.txt,MAR20_775,238,95f65a186602ba933ce30f2104365a0af5bf32c2e7942cfa790ab1db4c6ca2eb,6,6,ok
train,shiyan/data/labels/train/MAR20_776.txt,MAR20_776,198,476e60667321c212b7397920aa847e565efd9de56de9f7b19b94f5a7ee1740f7,5,5,ok
train,shiyan/data/labels/train/MAR20_778.txt,MAR20_778,154,bce7c1d54a4cf4cddba9fa2cf9be16a96fc0d836e9b5194a5933651dc9909e96,4,4,ok
train,shiyan/data/labels/train/MAR20_779.txt,MAR20_779,116,e98411c2fbcb03474d2c81aa139f3edd9f8fe3fb2cd50b9289304295e860cf0c,3,3,ok
train,shiyan/data/labels/train/MAR20_78.txt,MAR20_78,37,f509361742ecb9ece706f1ca936427965d2b1384d2f9c1ec87a77cdfe9b7a97a,1,1,ok
train,shiyan/data/labels/train/MAR20_780.txt,MAR20_780,232,e1a053b3319751b68bd09a900fe1e22ba9f34063523b7987b3b0287d902bb55d,6,6,ok
train,shiyan/data/labels/train/MAR20_781.txt,MAR20_781,232,ada71e38f6554a661b05264983fc29a3431cffa538c04f99fd4b36192a251bab,6,6,ok
train,shiyan/data/labels/train/MAR20_782.txt,MAR20_782,115,42c47922fd43d4c7e4b21e7f5641ea88a4f7e7ddd42df05c038361bddd48904e,3,3,ok
train,shiyan/data/labels/train/MAR20_783.txt,MAR20_783,115,f92da24c120a0e68421a8c129cc6056564946d8c023cf79e800ca31d6651410c,3,3,ok
train,shiyan/data/labels/train/MAR20_784.txt,MAR20_784,316,76f40e81016037ac13acc1cd3f87e263f3b8da0aa7c6af640192e0d9819bf272,8,8,ok
train,shiyan/data/labels/train/MAR20_785.txt,MAR20_785,76,cce422f4ddd3bc27571ef21175b5d83b9168a8000057bb698e6106a62375b7ce,2,2,ok
train,shiyan/data/labels/train/MAR20_786.txt,MAR20_786,598,9b7553e8e20b8b424cd011470f07e4cdfce727b254ebbe8be58a2bc83468fb30,15,15,ok
train,shiyan/data/labels/train/MAR20_789.txt,MAR20_789,115,c08650fe636db6545b497dbbf05313ccea8174b65544d9bcc9ec77556f5673c8,3,3,ok
train,shiyan/data/labels/train/MAR20_79.txt,MAR20_79,76,2d7012d8171efa644b0d21c3d7bad4432f7b363648bddd1ac048c68c7506eba6,2,2,ok
train,shiyan/data/labels/train/MAR20_790.txt,MAR20_790,154,0355a7f941c7541f8fe8f178940b31254a727ad68d0dfa1841a6c39050cadd30,4,4,ok
train,shiyan/data/labels/train/MAR20_791.txt,MAR20_791,37,bfc8513a253cec1456e8cfa0458b61fcb109baf1ac4a2bafc39e33dbfd06d615,1,1,ok
train,shiyan/data/labels/train/MAR20_793.txt,MAR20_793,154,d5a5f86eb6fdf1bd7fba09bee93c82e5ea8345e5534faf6873d3d3c8f521e56a,4,4,ok
train,shiyan/data/labels/train/MAR20_794.txt,MAR20_794,198,78ac645dc238568f76f39e803fcd783d2dcfcc01218cc80a2ffe544d42fd988b,5,5,ok
train,shiyan/data/labels/train/MAR20_795.txt,MAR20_795,158,f2bb330452a31efa0e3890bcb7c85486bdacd4cb6c01e2152886817575629698,4,4,ok
train,shiyan/data/labels/train/MAR20_796.txt,MAR20_796,198,af311eb80111b8c078cf1f357f80499673cd7b5d6c29a32ae84185fe09c4b963,5,5,ok
train,shiyan/data/labels/train/MAR20_797.txt,MAR20_797,158,eb63b0e097624f59bb8d162172ebdb143f624638e04e04932cb75c2db41a5280,4,4,ok
train,shiyan/data/labels/train/MAR20_8.txt,MAR20_8,310,8e96a09cb9dcf7f95676d7bdc89d3cfaebf8f49d417bec6ec6970ec710d34d18,8,8,ok
train,shiyan/data/labels/train/MAR20_80.txt,MAR20_80,505,01f2d59a384ca8437fa04f958c6d08ebb886ae7a0011acb3d3e7f1e92532791c,13,13,ok
train,shiyan/data/labels/train/MAR20_800.txt,MAR20_800,38,918f7da25c5c982de740c9722a8f3bb2a130a8780370dcff669f3975380d63d5,1,1,ok
train,shiyan/data/labels/train/MAR20_801.txt,MAR20_801,238,f6aae013ca0911ee8b94092e8ecb22938b9ff54e9fa662b2ad406daf540c9db6,6,6,ok
train,shiyan/data/labels/train/MAR20_802.txt,MAR20_802,118,a4016923d20bd859ba723faf2c013438835cff4bbe47a5c506b60c321fcb7b99,3,3,ok
train,shiyan/data/labels/train/MAR20_805.txt,MAR20_805,398,566d2687e73ee6ebb3ab2824663b3d91a3f9192c06fd2a8a741dcbab73d13d2e,10,10,ok
train,shiyan/data/labels/train/MAR20_807.txt,MAR20_807,117,dd3afa5640e1632538bc0e9c0adc8f811493d0d297d3e503589499385d74cf35,3,3,ok
train,shiyan/data/labels/train/MAR20_809.txt,MAR20_809,78,081c2e826729444da797771ab66c45d78e5cad91fcc56a7a2534afaa7b04776a,2,2,ok
train,shiyan/data/labels/train/MAR20_81.txt,MAR20_81,76,4eb935a47b40c35211de5a038604c5f3211829d742727e0a3c0ec0e4f99938e2,2,2,ok
train,shiyan/data/labels/train/MAR20_810.txt,MAR20_810,77,98bc43070c00b681ff5b024152e4d020ce0976b1ccef6f717440f7714af91e31,2,2,ok
train,shiyan/data/labels/train/MAR20_811.txt,MAR20_811,272,72e8803acb23a75bb9b18dd9aa4648208610effa660745f38566d629714fb02b,7,7,ok
train,shiyan/data/labels/train/MAR20_812.txt,MAR20_812,196,500ebaa482e080a832ad3a3494dd5d07f397b452a60c5b8dff6d4bf5580ca6fd,5,5,ok
train,shiyan/data/labels/train/MAR20_813.txt,MAR20_813,78,67866f92b88b977880dd46351238a30b8933a60ea368f3f7aa30b03fe36fd44e,2,2,ok
train,shiyan/data/labels/train/MAR20_815.txt,MAR20_815,238,83b018b8f51d9764fd4eaa34187e64a692b62d94fa228f04458d619ec4696d57,6,6,ok
train,shiyan/data/labels/train/MAR20_816.txt,MAR20_816,468,118b0a83ec84630c48bf5e8fc838a9b33b9cd1db256236a53c1a38721b743aa8,12,12,ok
train,shiyan/data/labels/train/MAR20_817.txt,MAR20_817,318,2411d9f25037523e0f8a72ac7f6207b0b73852181338ef42d6f48882642b5eec,8,8,ok
train,shiyan/data/labels/train/MAR20_819.txt,MAR20_819,198,f887eb1c785541e388db0dd8a011f36e48419b6ecde820cc09c7d7ff22b41def,5,5,ok
train,shiyan/data/labels/train/MAR20_820.txt,MAR20_820,271,fc19980568532f98d5e757a116b05da99612976edac1e136ae496cb3d90e2be3,7,7,ok
train,shiyan/data/labels/train/MAR20_821.txt,MAR20_821,195,4542d0ef6057ebca3f26504e9b7c4c81b2a0972bec1c49497b9e3a9d0fcf289f,5,5,ok
train,shiyan/data/labels/train/MAR20_822.txt,MAR20_822,358,ccd8cb35327a8ff8b540581011078804f6f778b0834aa5eb244b7334649bd6d7,9,9,ok
train,shiyan/data/labels/train/MAR20_823.txt,MAR20_823,193,9dbfd29ebd2718a06eb0913494a11605d8e99ec03caab97e7de5a9e4b5bdee97,5,5,ok
train,shiyan/data/labels/train/MAR20_824.txt,MAR20_824,118,83e23647a19f1c749040812d68ebb598b9ce1466efff1b2ce8b138480e005b5f,3,3,ok
train,shiyan/data/labels/train/MAR20_825.txt,MAR20_825,154,1102c96b391d69d6f08fee343959f354b13b7bc9a295702495f9a5695546264e,4,4,ok
train,shiyan/data/labels/train/MAR20_827.txt,MAR20_827,238,769b52ef2cc2b5503d86fd9d536b47a4917b87b1d86b2f25c83bc3c9e774ac0d,6,6,ok
train,shiyan/data/labels/train/MAR20_828.txt,MAR20_828,196,2b1afb7d48d554adbebd0240c37afe056f5d323de96ea94c2ab30c1108a39c13,5,5,ok
train,shiyan/data/labels/train/MAR20_83.txt,MAR20_83,37,ad0250068e580913210c1bd99ab71c7e7806d4f2ae06f5f9f4ef1f276663dbf5,1,1,ok
train,shiyan/data/labels/train/MAR20_830.txt,MAR20_830,310,e9cae9b9bbad6225310dfea3e7ddda5ac364d95317283a4af8586e3e507d05e4,8,8,ok
train,shiyan/data/labels/train/MAR20_831.txt,MAR20_831,198,e8f172cee86d0efd8d0ee83d84bb8bf890fdf9a0a6018e936a76a3fcd8fe087b,5,5,ok
train,shiyan/data/labels/train/MAR20_832.txt,MAR20_832,237,8973f0b3d84df8ccabaf0481a341cf6069ea9c1d01bbb1cc7a66f20cd260d97c,6,6,ok
train,shiyan/data/labels/train/MAR20_833.txt,MAR20_833,238,433fddacb0066125352fca7c66423ceeb14aa5ae08e7a3a349c3896f49b34e23,6,6,ok
train,shiyan/data/labels/train/MAR20_834.txt,MAR20_834,118,05c9889e32a25dfe7d173b3563f4ef19d59a6c478fc2b6ddfad549d21df63462,3,3,ok
train,shiyan/data/labels/train/MAR20_836.txt,MAR20_836,238,68bbffb1c5c671e668268cd496e792bb993c79cbda24cc52604d48d10338d7ad,6,6,ok
train,shiyan/data/labels/train/MAR20_837.txt,MAR20_837,158,277f5950dba9e7ec5bd09816a7603bdabb1ae506edd668c05fc7a4d10925aef2,4,4,ok
train,shiyan/data/labels/train/MAR20_838.txt,MAR20_838,518,f2bca1a465acb4a0e07f845b42e1aed27bee2c8a5a27054c728a0ea32f120ef7,13,13,ok
train,shiyan/data/labels/train/MAR20_84.txt,MAR20_84,76,d2b086689fe2702520d3a4cce164d006e488e550f36f04f029e8330f4b4efb5e,2,2,ok
train,shiyan/data/labels/train/MAR20_840.txt,MAR20_840,154,29c51e4e7a30db5f738a13249aceafbcd6c5032c91ff0beec22f862a23d4ed26,4,4,ok
train,shiyan/data/labels/train/MAR20_841.txt,MAR20_841,78,0b009126c749ba34ab7c852d6f3a0833786690e3cd2b6463895cd9e2833e91db,2,2,ok
train,shiyan/data/labels/train/MAR20_842.txt,MAR20_842,118,39fea4b4b32d392d348c98f198f3b152049e9533549832a337ed4dbef52d9fb1,3,3,ok
train,shiyan/data/labels/train/MAR20_844.txt,MAR20_844,76,38ae97a6b8c5a3737ebe8f19a3e9ddc688e96094dd0dd0637ea72f762d1f693c,2,2,ok
train,shiyan/data/labels/train/MAR20_845.txt,MAR20_845,154,55787f18e76fd599dac34227c37321905f8e603ff4ff818791852673bb2ccb8d,4,4,ok
train,shiyan/data/labels/train/MAR20_846.txt,MAR20_846,473,bb96edbadcefc25f437229740f8d0cf4be1cbebc89395df244e8bcad62d89df6,12,12,ok
train,shiyan/data/labels/train/MAR20_847.txt,MAR20_847,358,3fdce6fa9e240d50b19548643817642bdeb126eb416c46d2ce30938185f8f1d9,9,9,ok
train,shiyan/data/labels/train/MAR20_848.txt,MAR20_848,38,00e518729b5c6ea8599ee1cfb8bf736f19cb0a6a48f67d3e8e1b9b414333e128,1,1,ok
train,shiyan/data/labels/train/MAR20_849.txt,MAR20_849,238,51a4982184aac5181c4f97d0b00421e413ef89ca133fc267e4f26c9c2048bf4e,6,6,ok
train,shiyan/data/labels/train/MAR20_851.txt,MAR20_851,358,d093fd77ed2a8e868a43066cda54e25ed7f90b1a25fbe96653043b1f209acdc9,9,9,ok
train,shiyan/data/labels/train/MAR20_852.txt,MAR20_852,198,07c511e979f70cbdf364dc207f1e3effff669b19565778fdd2e37e00e3ea87a1,5,5,ok
train,shiyan/data/labels/train/MAR20_853.txt,MAR20_853,115,d786c37b5d61e29235a4ae833d4e3831018a7be7090cff1779d6986646c2a2da,3,3,ok
train,shiyan/data/labels/train/MAR20_854.txt,MAR20_854,158,66ea4619ae8248570ee52228645644cc507ce5b438f96abbeefa457161e809f9,4,4,ok
train,shiyan/data/labels/train/MAR20_856.txt,MAR20_856,78,d8bd58522ffa412de12a01c830ad01cb107c0b1363003be7597c60671106089f,2,2,ok
train,shiyan/data/labels/train/MAR20_857.txt,MAR20_857,78,d0d059dba3070e3fd7e002d2c4a400534e5d55e4f16eb40937abbfd51454d36b,2,2,ok
train,shiyan/data/labels/train/MAR20_858.txt,MAR20_858,37,cace52a60624774f5698b84a6facafe0ffd1878a3301337f09f77e307b7fd4de,1,1,ok
train,shiyan/data/labels/train/MAR20_859.txt,MAR20_859,158,4b3e216b0637719a0f85b684ef7512e6ac55a14dd7e04e258c57705f30e95eb9,4,4,ok
train,shiyan/data/labels/train/MAR20_86.txt,MAR20_86,37,156cb40bd17ddee1b369aca916e6e0ca5bf95e1086e00b49a965dc5fe08abb2d,1,1,ok
train,shiyan/data/labels/train/MAR20_860.txt,MAR20_860,194,f49ae2f803597ecc7849dce8670f714576c7f9c2e9e84c88e4522e55bf0acb6f,5,5,ok
train,shiyan/data/labels/train/MAR20_861.txt,MAR20_861,155,ca663596190a45f88177d191ef3a2e4c0de29b9c36eb613399508835c99cb48d,4,4,ok
train,shiyan/data/labels/train/MAR20_862.txt,MAR20_862,158,c82695f7bd072ccc344c729be951f94fb850a0f3ef4fa341a805f4983b94c9de,4,4,ok
train,shiyan/data/labels/train/MAR20_863.txt,MAR20_863,193,7b867389c41bf27afb63fb656deffb5af053720bd3a1a13ada8fe2c0ddaabf6e,5,5,ok
train,shiyan/data/labels/train/MAR20_864.txt,MAR20_864,430,f505fcbd4a7b17a7007a9e5a0e0c06ac2e0a162854053f4c277583a11fac5bcc,11,11,ok
train,shiyan/data/labels/train/MAR20_865.txt,MAR20_865,118,f46009e72ff46cc354beb56dbb2f26a3f329f5728c708255921b27d725e861ce,3,3,ok
train,shiyan/data/labels/train/MAR20_867.txt,MAR20_867,278,bfd4462acb1658ecbfc71c8b578105a5ed68fa1cd1e9fc406b2b93c2946db22c,7,7,ok
train,shiyan/data/labels/train/MAR20_868.txt,MAR20_868,758,21ebe3d555f8511e698c8f184a9c61315a678ddc98e3212f766d516b74031dfe,19,19,ok
train,shiyan/data/labels/train/MAR20_869.txt,MAR20_869,958,13752e8ab2efd22e4ba482a2f3bc91d3f4e3b5cc68ccf220926fc706299ca81b,24,24,ok
train,shiyan/data/labels/train/MAR20_87.txt,MAR20_87,76,567fda6815630f589b43870925b580d1056bc5010b0ef26937ecfc832efc5bcb,2,2,ok
train,shiyan/data/labels/train/MAR20_871.txt,MAR20_871,78,1bf856534958dfedd93c4647050133ccea2475581dd298c186402c01908ce279,2,2,ok
train,shiyan/data/labels/train/MAR20_872.txt,MAR20_872,158,cabcb2195302ce02593d3c6dda53781c169cfa102135645f11b866ff7a5bb276,4,4,ok
train,shiyan/data/labels/train/MAR20_873.txt,MAR20_873,232,40d4022d856cb05c1ebaa4a356d89e4b99a5ca6be206f796e9ea7b9b5a8f590f,6,6,ok
train,shiyan/data/labels/train/MAR20_874.txt,MAR20_874,1402,62dc7dadbca29e9d30a34364a6694e258e352d7925d6eb96660f1eb3a710ffd6,36,36,ok
train,shiyan/data/labels/train/MAR20_875.txt,MAR20_875,310,78c006168f9a45cddb934db4f9b069595b3c8d5ce32e56531f15d22fff50a398,8,8,ok
train,shiyan/data/labels/train/MAR20_876.txt,MAR20_876,238,be09d368b1b4129be1e87f7f720fb55eee000e9a3e092517a2b7d5d8c1c0368b,6,6,ok
train,shiyan/data/labels/train/MAR20_877.txt,MAR20_877,115,93eb882bfe45508251b01c72bf6bcf63fb18e01d6e70089eafe7c7e47b1fd2e8,3,3,ok
train,shiyan/data/labels/train/MAR20_878.txt,MAR20_878,388,f3414dde96862f408bd351144bd5504186649de48a466f60715f60d450d396e6,10,10,ok
train,shiyan/data/labels/train/MAR20_88.txt,MAR20_88,37,29b1358a52ef229a1cd75085412e02e3bce0f092b162b4156846ae91a6233f0f,1,1,ok
train,shiyan/data/labels/train/MAR20_880.txt,MAR20_880,278,da08746748e0d01780d7f8188c1e50ef41784d8efe452fd3bb1b589b8bc8a8d3,7,7,ok
train,shiyan/data/labels/train/MAR20_881.txt,MAR20_881,118,e7cd377908098dda2793e85673e87250ea866dbfbf0a1447233f81a29fdb910c,3,3,ok
train,shiyan/data/labels/train/MAR20_882.txt,MAR20_882,115,9679122b0a9b46eca2ea0143fab125fcc941bca9fb0be685a8ac719678a8f6a8,3,3,ok
train,shiyan/data/labels/train/MAR20_886.txt,MAR20_886,678,11cf213654989f72290510332deb647bd64b428870c4ef4dd19adfef6912977e,17,17,ok
train,shiyan/data/labels/train/MAR20_887.txt,MAR20_887,312,7e1a44180741967229c6e2f56a3d2cbc0f967acb62710ebdb31c9a2f655e0d9d,8,8,ok
train,shiyan/data/labels/train/MAR20_888.txt,MAR20_888,158,519f907f3fe63a309127933012e7d0d25a41f24ec7b3df4ef8c742667dc6dc49,4,4,ok
train,shiyan/data/labels/train/MAR20_89.txt,MAR20_89,37,3ce0a3fd919633d2c0088863d84a20dd0c2116b6ac138117fb4fb371d9415453,1,1,ok
train,shiyan/data/labels/train/MAR20_890.txt,MAR20_890,998,3c363b3d7c766b7e3e6a9f645055d4dff9b1ee5e5d1efef75052eb7f3e7d405d,25,25,ok
train,shiyan/data/labels/train/MAR20_891.txt,MAR20_891,238,b69ecd7f471b4a42029ceb15214d24c9a4985b542ca936c9f2264098c9a7b8a8,6,6,ok
train,shiyan/data/labels/train/MAR20_893.txt,MAR20_893,78,b64df4dcf1b6eadc8be4aa17a6137f1cc8ffed5f87c86e6229fd96f352d61251,2,2,ok
train,shiyan/data/labels/train/MAR20_894.txt,MAR20_894,118,4db2a700dca51b9463e38aed40e744ef0036614082ce479f64dea1f6ad87787f,3,3,ok
train,shiyan/data/labels/train/MAR20_895.txt,MAR20_895,158,37414a9a9dc26e68cbeb1ccbac068d3dc016e4a3434d8ab0dd6889209462abfe,4,4,ok
train,shiyan/data/labels/train/MAR20_896.txt,MAR20_896,115,572c408832f3319ead6ac37b610ca2f8f494668fc2a515959d1f98a24b414e05,3,3,ok
train,shiyan/data/labels/train/MAR20_897.txt,MAR20_897,118,4496af2cb635275c956ac4279bedf9d6d2f936762dff6c9ed3c972db9e90312b,3,3,ok
train,shiyan/data/labels/train/MAR20_898.txt,MAR20_898,193,ea629fa42550452153951960dec720d4971bfd744e76d20d0686ae10a642275d,5,5,ok
train,shiyan/data/labels/train/MAR20_899.txt,MAR20_899,238,31390ff36364ba83ee77a5e77bdb4f51e732136d105521c434e633900c3ae286,6,6,ok
train,shiyan/data/labels/train/MAR20_9.txt,MAR20_9,232,d40d964284fc3e4b5afec7b4293a0cc4eee73896dc354170d1dcf0d4d0b73507,6,6,ok
train,shiyan/data/labels/train/MAR20_90.txt,MAR20_90,37,508854c2a516b3278a8a3b4b38cad33e2e2880f1dd5bce603112b50bd075ad5c,1,1,ok
train,shiyan/data/labels/train/MAR20_900.txt,MAR20_900,118,a486cdac5911e8e8098e98fb5f3aa0434cdbceafcd30922f4c2f194792491b93,3,3,ok
train,shiyan/data/labels/train/MAR20_901.txt,MAR20_901,1650,64e5e1c655d636e3fc4713dbb1bcc977b484511494c8e19d6974f20b866f6e4c,42,42,ok
train,shiyan/data/labels/train/MAR20_902.txt,MAR20_902,558,7283831796e494b3b7f7ea2c8dbb50b7a676454f2dbb515634a391ced9d1a4db,14,14,ok
train,shiyan/data/labels/train/MAR20_903.txt,MAR20_903,158,032e556b11f4e794fc871c3eae666f59d043921f149bd92b2375ea9188229017,4,4,ok
train,shiyan/data/labels/train/MAR20_904.txt,MAR20_904,76,6ab6fa38c002e32bc0a3690c64cf8faca95e6b4a4fc938a4ba4ba9f0f5c73f8f,2,2,ok
train,shiyan/data/labels/train/MAR20_905.txt,MAR20_905,232,6c63048615fc0287a6ba18e61cfac9198bfb0dea98ca800021c3348ac959a378,6,6,ok
train,shiyan/data/labels/train/MAR20_906.txt,MAR20_906,232,8efd8a5ae816201ade3e2d30859897399302fafc50b84a1fcd56f1ea2aeb615d,6,6,ok
train,shiyan/data/labels/train/MAR20_907.txt,MAR20_907,353,915acba8b0abc6be3508906f85e582f0f7d22c21b4dc05a7623d6b0995fbfd27,9,9,ok
train,shiyan/data/labels/train/MAR20_908.txt,MAR20_908,118,547f140cdfc9276f33631b96bbe4bd99b3e786a8a410ea710db3ace544621413,3,3,ok
train,shiyan/data/labels/train/MAR20_909.txt,MAR20_909,715,6f3543be6aab2e58c1691cca7fd074ed6a8f2aaabac58a6841b67cd3beda4192,18,18,ok
train,shiyan/data/labels/train/MAR20_91.txt,MAR20_91,388,bc5a229f2b48bd3c7c0f5821d045f3d45551d10c9905dc964eb92bee9a82430f,10,10,ok
train,shiyan/data/labels/train/MAR20_911.txt,MAR20_911,238,ec95e87c0cfad35a795db42a4c59d07788d3b7a160e46700ec27eb524062bfd5,6,6,ok
train,shiyan/data/labels/train/MAR20_912.txt,MAR20_912,198,f0384d7338bdcde223261d0fcdbf9b7689f9c0a89c494ed354412a2bb012cae4,5,5,ok
train,shiyan/data/labels/train/MAR20_913.txt,MAR20_913,198,faac796d6d5ecba00a3ddf8a98ff1b5a3422804cedf947fd73021e784ade91cf,5,5,ok
train,shiyan/data/labels/train/MAR20_914.txt,MAR20_914,118,8ff6efdbc52941263361f182c54a3e8353ca70efd51e4d2750f927d6d21a8776,3,3,ok
train,shiyan/data/labels/train/MAR20_915.txt,MAR20_915,349,af9a8ebf309bbfdf034db4d423e4310d55c1ead4aa333d31fef3f3fa88424e7a,9,9,ok
train,shiyan/data/labels/train/MAR20_916.txt,MAR20_916,38,aab04a63825e29ca5c57f1da84666883963a0f4c9b8f3bdd0a9d79751275d811,1,1,ok
train,shiyan/data/labels/train/MAR20_917.txt,MAR20_917,115,6debc6a86b3e51d65206bd65328c8058e5f7ba43afa25d6bf84e427bd94cd54a,3,3,ok
train,shiyan/data/labels/train/MAR20_918.txt,MAR20_918,78,3f23b1568399002f3177c54fdb027c4523a4e5ad310461c8e7e0caa1f4d9aa29,2,2,ok
train,shiyan/data/labels/train/MAR20_919.txt,MAR20_919,232,f050e3126701cb40278556aa892b558b8fd4f3fdeb9dd6bb6d29f3b6c154ec46,6,6,ok
train,shiyan/data/labels/train/MAR20_92.txt,MAR20_92,115,f89f52b88b00066e493a6a5945f300e200d6d3a91646e21339a8840914c8a78b,3,3,ok
train,shiyan/data/labels/train/MAR20_920.txt,MAR20_920,238,6559c4fe8c58c4d56149b8aad9113c6082ff6b32608bceca702a823ba9c74ed1,6,6,ok
train,shiyan/data/labels/train/MAR20_921.txt,MAR20_921,973,a7bc542806a73f8fe879fa368438399d356852c0c88bc113cea205386270fb60,25,25,ok
train,shiyan/data/labels/train/MAR20_922.txt,MAR20_922,238,646b266b4099602fdb01cafd27ecd5c17ea620c266a9eb880734e28b23099b24,6,6,ok
train,shiyan/data/labels/train/MAR20_924.txt,MAR20_924,193,eb7a4e13e667d271dc1be0d17a8b832a0ec18a32c124b55d73f6a83b2b1b059c,5,5,ok
train,shiyan/data/labels/train/MAR20_925.txt,MAR20_925,158,9013fa67317f153d6aa4a0fc20e37b529fcc89335c6b7900d625562ed4dd5107,4,4,ok
train,shiyan/data/labels/train/MAR20_926.txt,MAR20_926,154,046fa9a1996a79d4530d2dce13cd1acff71d18161a6ef816e290a35330853341,4,4,ok
train,shiyan/data/labels/train/MAR20_927.txt,MAR20_927,278,54657736c35f58910d6e0390d9a2dc75ccefe8b7972f3e9bd9e4c2a1dd0859ba,7,7,ok
train,shiyan/data/labels/train/MAR20_928.txt,MAR20_928,118,bd06fbf8d501f0a8288074044cfa6f8ae5509b4a264444833098012ca27683db,3,3,ok
train,shiyan/data/labels/train/MAR20_929.txt,MAR20_929,388,b5a053c16b88116476f637f7aaff16ca82c4790fdd5bb423f93f795ce85682fa,10,10,ok
train,shiyan/data/labels/train/MAR20_931.txt,MAR20_931,232,d7703beffc05aa86282ab8b2b051c4f0f8ce96eb317d9290d34c52117e6c08a9,6,6,ok
train,shiyan/data/labels/train/MAR20_933.txt,MAR20_933,193,a542b395f739033d86f680ee336c02d796c06e2f0778f23dc7c084db21cf823d,5,5,ok
train,shiyan/data/labels/train/MAR20_934.txt,MAR20_934,158,492ea72f1edfc1a118321b91db2ff5651577a37dcc8d94a748d9294e11a85749,4,4,ok
train,shiyan/data/labels/train/MAR20_935.txt,MAR20_935,278,63e001e8508f2a8727e3289ed39a1186ee9a4e161f2a4cd8985e105059f7b1e4,7,7,ok
train,shiyan/data/labels/train/MAR20_936.txt,MAR20_936,232,b2bc4c72e781718988f0e68914701af14ef6a78a6422074fb6a7cf3d266302e0,6,6,ok
train,shiyan/data/labels/train/MAR20_937.txt,MAR20_937,195,828ca9c90a614af8c500aefc6a567c32e2bf88f95cf8900ac47766e0640e2abc,5,5,ok
train,shiyan/data/labels/train/MAR20_938.txt,MAR20_938,238,57a1f5188324b8e01325a66584f2adddcae6467b4fe6a94b0dd2be30c8d8ff79,6,6,ok
train,shiyan/data/labels/train/MAR20_939.txt,MAR20_939,78,e7ea847bfd1a75b910a7093b2b4db65541814bc5f4532821a72684836fce1df1,2,2,ok
train,shiyan/data/labels/train/MAR20_94.txt,MAR20_94,349,6d1c597e66b8e110b0447766c275a0efb52f68c14d0736bf9262958f37a24c57,9,9,ok
train,shiyan/data/labels/train/MAR20_940.txt,MAR20_940,271,34cc310f2586afb97e13bfdee62faa5b44bb0eb0929ca283e6299c65e7cc1b92,7,7,ok
train,shiyan/data/labels/train/MAR20_943.txt,MAR20_943,158,b7c7670b511d750946739cd2668f2548e9f1524db512e678977c0a413ed01953,4,4,ok
train,shiyan/data/labels/train/MAR20_946.txt,MAR20_946,157,b5f0011b931fecc541f5e97660a7058fecab05369fec297f15b3471292b21968,4,4,ok
train,shiyan/data/labels/train/MAR20_947.txt,MAR20_947,558,722dd6fdc1178f9a429a59c8d414bf3d87a121c6b8a31055f0df61c2bab62b63,14,14,ok
train,shiyan/data/labels/train/MAR20_951.txt,MAR20_951,318,b1f39aa49ad61653542966ce3ba333fb94282fd00aad118edf5b8e2f9524c762,8,8,ok
train,shiyan/data/labels/train/MAR20_954.txt,MAR20_954,158,b0c69f5025464ca133c6feb10f93f5b46897404bf372631288a2b7cc4e4fe318,4,4,ok
train,shiyan/data/labels/train/MAR20_955.txt,MAR20_955,238,4f04c99caa42a1b4805d04ab15fc198304de712087fb9b6df2bbee479bd8aa0b,6,6,ok
train,shiyan/data/labels/train/MAR20_956.txt,MAR20_956,238,de8fe5a38af2960d0ecaa3275b8e26c6727b66bbf81d1e687600417ce2a3b584,6,6,ok
train,shiyan/data/labels/train/MAR20_957.txt,MAR20_957,198,92335ef14c52f74766bdc1408215e801c734ccbfc8f2a89aa380f8876a1b8f18,5,5,ok
train,shiyan/data/labels/train/MAR20_958.txt,MAR20_958,37,e3484352ed70ad5663c4932e02f705247ba6fa34f19ea7939f2d1d4a54c22ca9,1,1,ok
train,shiyan/data/labels/train/MAR20_96.txt,MAR20_96,115,98f2ad9adde9b9397c3f1a5ddba806deeafc573ad9f732185dff1b027cbd4023,3,3,ok
train,shiyan/data/labels/train/MAR20_960.txt,MAR20_960,277,e17ed1858f03051f23f9000bceb7a6a255a245b759adcd8f13d7a36fb0cd28e0,7,7,ok
train,shiyan/data/labels/train/MAR20_961.txt,MAR20_961,158,3bec2a38a2627511da323064b263ce0bf98ca1b05d7d53b531ac8b8bc978f8e9,4,4,ok
train,shiyan/data/labels/train/MAR20_962.txt,MAR20_962,856,389b24cc916702befc966a8d02e9ce60b95c868415531b7c1a4b952fef672149,22,22,ok
train,shiyan/data/labels/train/MAR20_964.txt,MAR20_964,38,e9f65ad3687a75bbe49d48d0ca016b6e56361fbf8174c188c4ade8426f6cec50,1,1,ok
train,shiyan/data/labels/train/MAR20_965.txt,MAR20_965,518,59e8b700d5e0bd4d2600a75cb4308845e6cbbee8b8f9a1b4c9c97bb50a8af72d,13,13,ok
train,shiyan/data/labels/train/MAR20_966.txt,MAR20_966,831,d3acf9009f0cb70cf17c11bbe857f1247f8c4223a6cb683485813a072af03ad9,21,21,ok
train,shiyan/data/labels/train/MAR20_968.txt,MAR20_968,78,260c81e715296142bf48eaabcc9df9c5076ac0a02799132ac5304fb3f5a48d42,2,2,ok
train,shiyan/data/labels/train/MAR20_97.txt,MAR20_97,349,5da354c58fc8a4d4a0bfa16ac7d8f0565c1ef7d977b183b435752fc8f2093c15,9,9,ok
train,shiyan/data/labels/train/MAR20_970.txt,MAR20_970,193,c602fae62e50117e27f392ca8fb9060d25e09b1f9cb592ba09761a7738aa47a9,5,5,ok
train,shiyan/data/labels/train/MAR20_971.txt,MAR20_971,115,921e97c79c2cad49a22f7b62d929a900bd15f3e1c05218e63e2410a409d67859,3,3,ok
train,shiyan/data/labels/train/MAR20_972.txt,MAR20_972,76,691da1a1e3ac32f1cf3b93127aa8ca2ea40ac36d22a75f2aa33481a8295f4ff2,2,2,ok
train,shiyan/data/labels/train/MAR20_973.txt,MAR20_973,78,25e7f7eeab5eb289b4a414685184c0bfbf4f0b0f8135aac3b20f0dcbdc6d8c26,2,2,ok
train,shiyan/data/labels/train/MAR20_974.txt,MAR20_974,115,99d4a9fceef30dbc15f1f794c17008c0cfc4e47a5e918b9af4d901ddd8b1b828,3,3,ok
train,shiyan/data/labels/train/MAR20_976.txt,MAR20_976,271,2016a87f4b529db1a0339cac1c0fa25edb68d886844f269447b9b17ec211c22b,7,7,ok
train,shiyan/data/labels/train/MAR20_977.txt,MAR20_977,158,ac3cdab0fa22d310be0a205983509812227e34a7b53d04deacd7cbc7aa50bcc0,4,4,ok
train,shiyan/data/labels/train/MAR20_978.txt,MAR20_978,237,2f72384ca1f0ebcedceb5424868a650eac8ef510ddeabb9e955171de918a684e,6,6,ok
train,shiyan/data/labels/train/MAR20_979.txt,MAR20_979,194,1eaa508884a26edd9a45a716e20e57318b3d822da127c8b208c246a99d9a864a,5,5,ok
train,shiyan/data/labels/train/MAR20_98.txt,MAR20_98,272,fa2c0b2e74ba9ffc294c648bdf7fb9cafb22610a00a588e875695637b116dc47,7,7,ok
train,shiyan/data/labels/train/MAR20_981.txt,MAR20_981,154,babda7730af9d2a6914ab2f03dac49fe75fb4f985a15b72e70f0a15ea53840c0,4,4,ok
train,shiyan/data/labels/train/MAR20_982.txt,MAR20_982,271,02292602114534cc7bf49b20f01fad85054b7c8ef0cd012ef62d0168d0bdd6fc,7,7,ok
train,shiyan/data/labels/train/MAR20_983.txt,MAR20_983,238,a942358d35d9ffea98cf1c53e9e98e5a8f193179a360247ad74952fc39c6ccae,6,6,ok
train,shiyan/data/labels/train/MAR20_984.txt,MAR20_984,158,500faf9bacecb41dd1bab8a249236607fe20ff836447b24a5006dcc8393dd4e9,4,4,ok
train,shiyan/data/labels/train/MAR20_985.txt,MAR20_985,118,60663a37ea500a2091bacbafb04447f5e68fc4e0c8f573a7f33d6c5c0f9c8780,3,3,ok
train,shiyan/data/labels/train/MAR20_986.txt,MAR20_986,198,4f1b3976aa952d9b954d10ddb44f73c4cd89381cd2f578cef852eda1997148c7,5,5,ok
train,shiyan/data/labels/train/MAR20_987.txt,MAR20_987,398,b22b2554e0eb654a428fbd2087b4e595d3a353ccb08585a9ce3391542fc54197,10,10,ok
train,shiyan/data/labels/train/MAR20_99.txt,MAR20_99,544,4db3d0dffe33bae71f9efab26927268ac458765d69f231d5079c1593bc8c06b5,14,14,ok
train,shiyan/data/labels/train/MAR20_990.txt,MAR20_990,78,54fa7d2dbd67afdb49785583c7d6445ff8cb16ad300daf525327df3d31f43c49,2,2,ok
train,shiyan/data/labels/train/MAR20_992.txt,MAR20_992,232,61bdd2b303c883d513bcc24d4e25de70d659be7eb16c25c789579fa23c994589,6,6,ok
train,shiyan/data/labels/train/MAR20_993.txt,MAR20_993,198,aa2426fe9856ac04d4133187dcdfc9d29ae2877187e08360ef3afbc5bea265db,5,5,ok
train,shiyan/data/labels/train/MAR20_994.txt,MAR20_994,349,425680bcf79849f85427d28dd833daa7782dd057b75cfc9bbdcaf0d5a6c863f0,9,9,ok
train,shiyan/data/labels/train/MAR20_995.txt,MAR20_995,78,c0ffa146ab3a9639af3cabfcc3228428573da70a8cac5d99b03fc70fa25ae958,2,2,ok
train,shiyan/data/labels/train/MAR20_996.txt,MAR20_996,234,3b4647b217ab98c449224e39254e26add7d284563d6b45394b84ca033e349f96,6,6,ok
train,shiyan/data/labels/train/MAR20_997.txt,MAR20_997,158,f0d83767097cff578fc31204fccab2722afe95577a3c96b1e4d49b0aba299cfa,4,4,ok
train,shiyan/data/labels/train/MAR20_998.txt,MAR20_998,238,2727275aea94d9ca8fa0cc88b8a2950695900a974283d7ae3484c6307f829f01,6,6,ok
train,shiyan/data/labels/train/MAR20_999.txt,MAR20_999,78,296b0df3c69a0bc43b7988338b58792de001dd38cd8efcfe9e345e12b85467c2,2,2,ok
train,shiyan/data/labels/train/W117.1_N32.6_20180715_L1A0003325477-PAN26_crop1.txt,W117.1_N32.6_20180715_L1A0003325477-PAN26_crop1,310,76af4cc44c83b36c76e158b4ad3a472f82f5a71f05ae8b6e5ff420f6ce3758b0,8,8,ok
train,shiyan/data/labels/train/W117.1_N32.6_20180715_L1A0003325477-PAN26_crop2.txt,W117.1_N32.6_20180715_L1A0003325477-PAN26_crop2,115,8061a001b9a75622ebffef3f1069b42f70457d24a1eba20ff465102af1d48c0f,3,3,ok
train,shiyan/data/labels/train/W117.1_N32.6_20180715_L1A0003325477-PAN28_crop1.txt,W117.1_N32.6_20180715_L1A0003325477-PAN28_crop1,310,6de3be295a1938f1a3dcee8f9e296cb16a76e328ecdaa5b0d5617fff49b3a279,8,8,ok
train,shiyan/data/labels/train/W117.3_N32.6_20180403_L1A0003102432-PAN14_crop1.txt,W117.3_N32.6_20180403_L1A0003102432-PAN14_crop1,37,1a3fc9e5402f44009e85a2deb782c4515a8fce425e490e863f3cfc9de66bf28b,1,1,ok
train,shiyan/data/labels/train/W117.3_N32.6_20180809_L1A0003381156-PAN13_crop1.txt,W117.3_N32.6_20180809_L1A0003381156-PAN13_crop1,37,e7fb46178758c0e4bf3c5b1d8002e77973ed7351587f565895b8f3fbf5b40d9f,1,1,ok
train,shiyan/data/labels/train/W117.3_N32.6_20190422_L1A0003957860-PAN12_crop1.txt,W117.3_N32.6_20190422_L1A0003957860-PAN12_crop1,37,bf79bf15b82ebf0eddc9b6bf6f22bb7f02fc7edaf0b8f6868ab55862bcba3d05,1,1,ok
train,shiyan/data/labels/train/W117.3_N32.6_20190422_L1A0003957860-PAN15_crop1.txt,W117.3_N32.6_20190422_L1A0003957860-PAN15_crop1,37,2d9bcf522fcab42078ae119637ba97ce035fe3b3125bddc0bbea2c9e9c26a62b,1,1,ok
train,shiyan/data/labels/train/W157.8_N21.3_20180901_L1A0003426640-PAN25_crop1.txt,W157.8_N21.3_20180901_L1A0003426640-PAN25_crop1,37,94ea9cce21fe61a7da64ca4bb7215d0fb7b92f4b845fc878c64b5d1586093f9d,1,1,ok
train,shiyan/data/labels/train/W157.8_N21.3_20180901_L1A0003426640-PAN25_crop2.txt,W157.8_N21.3_20180901_L1A0003426640-PAN25_crop2,37,23a469e7dbced7c3e445c8175273206c25db52afaaa791e6ea8e9a2f3def9321,1,1,ok
train,shiyan/data/labels/train/W157.8_N21.3_20180901_L1A0003426640-PAN28_crop1.txt,W157.8_N21.3_20180901_L1A0003426640-PAN28_crop1,37,4cd7d559169233fd84b1a5c51592114d8323279c68c81d86b5d39d86e51f18c1,1,1,ok
train,shiyan/data/labels/train/W157.8_N21.3_20180901_L1A0003426640-PAN28_crop2.txt,W157.8_N21.3_20180901_L1A0003426640-PAN28_crop2,37,ecd568e7dd734e73a2625e0a9b1d865ce8ee3cccb8e850a8247da2132b92ac5e,1,1,ok
train,shiyan/data/labels/train/W157.9_N21.3_20150119_L1A0000600031-PAN20_crop1.txt,W157.9_N21.3_20150119_L1A0000600031-PAN20_crop1,37,feebf4c57be66af300c273174c1acfbdde753e210b7fb0acc80c5b371a7a767c,1,1,ok
train,shiyan/data/labels/train/W157.9_N21.3_20150119_L1A0000600031-PAN20_crop2.txt,W157.9_N21.3_20150119_L1A0000600031-PAN20_crop2,37,8f550577479db4ad81af8642d2021e759ada0167034e9d5f872d38a494538cc6,1,1,ok
train,shiyan/data/labels/train/W157.9_N21.3_20150119_L1A0000600031-PAN20_crop3.txt,W157.9_N21.3_20150119_L1A0000600031-PAN20_crop3,37,fd5ce11759efd421647ffe7c9ac57a9ee7d712725258fb06802431b1bddd6282,1,1,ok
train,shiyan/data/labels/train/W157.9_N21.3_20150119_L1A0000600031-PAN21_crop1.txt,W157.9_N21.3_20150119_L1A0000600031-PAN21_crop1,37,a202d3fe8f1ca1fd0428b664d73701ff2b87191ba1810aa4474ad5f001d0147e,1,1,ok
train,shiyan/data/labels/train/W157.9_N21.3_20150119_L1A0000600031-PAN21_crop2.txt,W157.9_N21.3_20150119_L1A0000600031-PAN21_crop2,37,607b1d3f734637d33641d7f570034538e87dcea393a72d76b1560ea7094e7904,1,1,ok
train,shiyan/data/labels/train/W157.9_N21.3_20150119_L1A0000600031-PAN27_crop1.txt,W157.9_N21.3_20150119_L1A0000600031-PAN27_crop1,37,90013a6a2eda436b41171499ec38c6f02a780a820c239538685902cb7af579e7,1,1,ok
train,shiyan/data/labels/train/W157.9_N21.3_20150119_L1A0000600031-PAN27_crop2.txt,W157.9_N21.3_20150119_L1A0000600031-PAN27_crop2,37,ae8606cb01e9e4e9ee65d0864d43540c11cbce4cc595ee74a4f843e8a757f97e,1,1,ok
train,shiyan/data/labels/train/W157.9_N21.3_20150119_L1A0000600031-PAN27_crop3.txt,W157.9_N21.3_20150119_L1A0000600031-PAN27_crop3,37,1f25a8e9a67bc3e68a86da9f918707ab1c324af05993b3e0582b90e193525ecf,1,1,ok
train,shiyan/data/labels/train/W157.9_N21.3_20150119_L1A0000600031-PAN27_crop4.txt,W157.9_N21.3_20150119_L1A0000600031-PAN27_crop4,37,4f2c7e8ac37fc595f7bc969feece8ec573273eded91667b0d1a3d4eb5fc06508,1,1,ok
train,shiyan/data/labels/train/W157.9_N21.3_20150119_L1A0000600031-PAN28_crop1.txt,W157.9_N21.3_20150119_L1A0000600031-PAN28_crop1,193,ea810c77373e0f36df30da146eecbd954590c2f8608d4d013dda930c000d199a,5,5,ok
train,shiyan/data/labels/train/W157.9_N21.3_20150119_L1A0000600031-PAN28_crop2.txt,W157.9_N21.3_20150119_L1A0000600031-PAN28_crop2,154,a755d2e6d54a5efdac62f33d01062cff20b67ffb77efb0a70635acbc7840417b,4,4,ok
train,shiyan/data/labels/train/W157.9_N21.3_20150119_L1A0000600031-PAN28_crop4.txt,W157.9_N21.3_20150119_L1A0000600031-PAN28_crop4,37,8424770152a48aced407185598d9327574d40e29a2d0695a7be3df7e0bb39833,1,1,ok
train,shiyan/data/labels/train/W157.9_N21.3_20150119_L1A0000600031-PAN28_crop5.txt,W157.9_N21.3_20150119_L1A0000600031-PAN28_crop5,37,929dae32aaf2fb7e9c0ce2c4107477f4180abfd53e3c67032a48e15a76597c36,1,1,ok
train,shiyan/data/labels/train/W157.9_N21.3_20150119_L1A0000600031-PAN29_crop1.txt,W157.9_N21.3_20150119_L1A0000600031-PAN29_crop1,154,aa314ab4618c9acd37af5f1f650d3f3d7bbbe9a4040fa94e87cd52a4df839503,4,4,ok
train,shiyan/data/labels/train/W157.9_N21.3_20150119_L1A0000600031-PAN29_crop2.txt,W157.9_N21.3_20150119_L1A0000600031-PAN29_crop2,37,777a2b73f3ed9420e2090da865a6ceaf02681b3260dd69265190c8ace45857ef,1,1,ok
train,shiyan/data/labels/train/W157.9_N21.3_20150119_L1A0000600031-PAN29_crop3.txt,W157.9_N21.3_20150119_L1A0000600031-PAN29_crop3,37,76904f3c5606139a4e9f5f49beaf0d0f1998c2251e4f6f99ef791ed0273ab05d,1,1,ok
train,shiyan/data/labels/train/W157.9_N21.3_20150119_L1A0000600031-PAN29_crop4.txt,W157.9_N21.3_20150119_L1A0000600031-PAN29_crop4,37,217aee3122d3a905d5c87d670bc7950a9d7aae670e6b2d080d020b7f081d6ce4,1,1,ok
train,shiyan/data/labels/train/W157.9_N21.3_20160709_L1A0001690055-PAN20_crop1.txt,W157.9_N21.3_20160709_L1A0001690055-PAN20_crop1,310,11fe5e961582e6fb292f6dc20918aed93474e9d97998c24b3f9c0094eafa4cfb,8,8,ok
train,shiyan/data/labels/train/W157.9_N21.3_20160709_L1A0001690055-PAN20_crop2.txt,W157.9_N21.3_20160709_L1A0001690055-PAN20_crop2,505,8dd7f9d74975614169e5d593a3a4f376882139c2720fdfb6b34b8971265f8078,13,13,ok
train,shiyan/data/labels/train/W157.9_N21.3_20160709_L1A0001690055-PAN20_crop3.txt,W157.9_N21.3_20160709_L1A0001690055-PAN20_crop3,37,36f0de293d353267dae4243de439e36e4d5f59c7175812e0c10dfeacc7d80a00,1,1,ok
train,shiyan/data/labels/train/W157.9_N21.3_20160709_L1A0001690055-PAN23_crop1.txt,W157.9_N21.3_20160709_L1A0001690055-PAN23_crop1,739,034365e51f63357d3ec5f70ea1f5640d1bac3f7de52591454aa942b2b79db919,19,19,ok
train,shiyan/data/labels/train/W157.9_N21.3_20160709_L1A0001690055-PAN23_crop2.txt,W157.9_N21.3_20160709_L1A0001690055-PAN23_crop2,154,442e7df48abbc6ceeb849b76939766e34c69f147bf3c4f1177bfc51dbc000e47,4,4,ok
train,shiyan/data/labels/train/W157.9_N21.3_20160709_L1A0001690055-PAN23_crop3.txt,W157.9_N21.3_20160709_L1A0001690055-PAN23_crop3,271,9c0b9b0f48d0fa147faca3335d646d2e0814fe827a58bdf41a98ca34d14b2f39,7,7,ok
train,shiyan/data/labels/train/W157.9_N21.3_20160709_L1A0001690055-PAN23_crop4.txt,W157.9_N21.3_20160709_L1A0001690055-PAN23_crop4,271,fc356cb526ddb1ccafd731eb451b97e22fa791d2a3d29116f1dc054b85ec517e,7,7,ok
train,shiyan/data/labels/train/W157.9_N21.3_20160709_L1A0001690055-PAN24_crop1.txt,W157.9_N21.3_20160709_L1A0001690055-PAN24_crop1,37,ac5f338b43f119658fdc9a73641671ef1c42ed0552455f19008f0ec27cb76a36,1,1,ok
train,shiyan/data/labels/train/W157.9_N21.3_20160709_L1A0001690055-PAN24_crop2.txt,W157.9_N21.3_20160709_L1A0001690055-PAN24_crop2,76,6eb2223773f25fccaa881c4c71225ac11105c2fcc81f8f31ef588186fbbd72c2,2,2,ok
train,shiyan/data/labels/train/W158.0_N21.4_20190415_L1A0003949798-PAN13_crop1.txt,W158.0_N21.4_20190415_L1A0003949798-PAN13_crop1,76,ec43c53ea484163800b3899c1f5b738d09ac948e2e50ab9a064a0c018a19f58f,2,2,ok
train,shiyan/data/labels/train/W158.0_N21.4_20190415_L1A0003949798-PAN13_crop2.txt,W158.0_N21.4_20190415_L1A0003949798-PAN13_crop2,115,e4dc7bd3995bce06529c6138ed6970b74c47b5c2fe32d796cca7d52f1628d600,3,3,ok
train,shiyan/data/labels/train/W158.0_N21.4_20190415_L1A0003949798-PAN13_crop3.txt,W158.0_N21.4_20190415_L1A0003949798-PAN13_crop3,76,764c4316517e267832892d405b9a16c43156f8375e0ca0f1181e49748a687ba0,2,2,ok
train,shiyan/data/labels/train/W158.0_N21.4_20190415_L1A0003949798-PAN13_crop4.txt,W158.0_N21.4_20190415_L1A0003949798-PAN13_crop4,37,217ef7fe1c89eabc018968143b2ed3e17626079f9e2b7a02e283a12f7e10148b,1,1,ok
train,shiyan/data/labels/train/W158.1_N21.4_20180619_L1A0003270052-PAN14_crop1.txt,W158.1_N21.4_20180619_L1A0003270052-PAN14_crop1,154,fc83895a5c61ba2dfdb15d5d8e482dd782d179211efeb420e4a3197feeca58f9,4,4,ok
train,shiyan/data/labels/train/W158.1_N21.4_20180619_L1A0003270052-PAN14_crop2.txt,W158.1_N21.4_20180619_L1A0003270052-PAN14_crop2,115,f5e8156ae84b7524f9383522ff20cada83bdf907a98c8de204044c32ac9c6d3c,3,3,ok
train,shiyan/data/labels/train/W76.3_N37.0_20150318_L1A0000704021-PAN20_crop1.txt,W76.3_N37.0_20150318_L1A0000704021-PAN20_crop1,193,2bc1b5c2bf926c415e00dedb29c802435ab051c6a086e7639d394a1299568eda,5,5,ok
train,shiyan/data/labels/train/W76.3_N37.0_20150318_L1A0000704021-PAN20_crop2.txt,W76.3_N37.0_20150318_L1A0000704021-PAN20_crop2,37,176cce781cf1a973edaf1ef011bd1cf777925e126b3c7e2fb01a1345d6048b7a,1,1,ok
train,shiyan/data/labels/train/W76.3_N37.0_20150318_L1A0000704021-PAN20_crop3.txt,W76.3_N37.0_20150318_L1A0000704021-PAN20_crop3,115,a766f5ab3d5ded983697e3cb8857f407d503d58ac96375c573ca3f3816cc19eb,3,3,ok
train,shiyan/data/labels/train/W76.3_N37.0_20150318_L1A0000704021-PAN20_crop4.txt,W76.3_N37.0_20150318_L1A0000704021-PAN20_crop4,76,03e969b5f516ae5c0b600dfeba5134b8ee43ec3fcb3373dac5c5c6d330213ddd,2,2,ok
train,shiyan/data/labels/train/W76.3_N37.0_20150318_L1A0000704021-PAN27_crop1.txt,W76.3_N37.0_20150318_L1A0000704021-PAN27_crop1,76,2fa5aee5d11a6877854a2ea8ab97a4ada8d0879a83e7fc3e429aa05033a4cf45,2,2,ok
train,shiyan/data/labels/train/W76.3_N37.0_20150318_L1A0000704021-PAN27_crop2.txt,W76.3_N37.0_20150318_L1A0000704021-PAN27_crop2,154,8235e2e8d4192638865c785c43222eea83cae40e060762179ba565d70a0c1be7,4,4,ok
train,shiyan/data/labels/train/W76.3_N37.0_20150318_L1A0000704021-PAN27_crop3.txt,W76.3_N37.0_20150318_L1A0000704021-PAN27_crop3,193,9032187fb2e76c786ebf51ded4107a14edf63d634c0a320c5465a8a090d624bf,5,5,ok
train,shiyan/data/labels/train/W76.3_N37.0_20150318_L1A0000704021-PAN27_crop4.txt,W76.3_N37.0_20150318_L1A0000704021-PAN27_crop4,37,2a5446a9a395e47f618cbde6773a888711649e2c2e4edbe42f28726d35258ffa,1,1,ok
