index,new_stem,old_image_name,old_label_name,new_image_name,new_label_name,old_image_relpath,old_label_relpath,new_image_relpath,new_label_relpath
1,0001,01-PAN-20240418-318-232-L00000010061-CCD14_3_crop1.jpg,01-PAN-20240418-318-232-L00000010061-CCD14_3_crop1.txt,0001.jpg,0001.txt,images/train/01-PAN-20240418-318-232-L00000010061-CCD14_3_crop1.jpg,labels/train/01-PAN-20240418-318-232-L00000010061-CCD14_3_crop1.txt,images/train/0001.jpg,labels/train/0001.txt
2,0002,01-PAN-20240418-318-232-L00000010061-CCD18_5_crop1.jpg,01-PAN-20240418-318-232-L00000010061-CCD18_5_crop1.txt,0002.jpg,0002.txt,images/train/01-PAN-20240418-318-232-L00000010061-CCD18_5_crop1.jpg,labels/train/01-PAN-20240418-318-232-L00000010061-CCD18_5_crop1.txt,images/train/0002.jpg,labels/train/0002.txt
3,0003,01-PAN-20240420-082-358-L00000010818-CCD16_4_crop1.jpg,01-PAN-20240420-082-358-L00000010818-CCD16_4_crop1.txt,0003.jpg,0003.txt,images/train/01-PAN-20240420-082-358-L00000010818-CCD16_4_crop1.jpg,labels/train/01-PAN-20240420-082-358-L00000010818-CCD16_4_crop1.txt,images/train/0003.jpg,labels/train/0003.txt
4,0004,01-PAN-20240420-113-325-L00000010882-CCD3_5_crop1.jpg,01-PAN-20240420-113-325-L00000010882-CCD3_5_crop1.txt,0004.jpg,0004.txt,images/train/01-PAN-20240420-113-325-L00000010882-CCD3_5_crop1.jpg,labels/train/01-PAN-20240420-113-325-L00000010882-CCD3_5_crop1.txt,images/train/0004.jpg,labels/train/0004.txt
5,0005,01-PAN-20240420-113-325-L00000010882-CCD3_5_crop4.jpg,01-PAN-20240420-113-325-L00000010882-CCD3_5_crop4.txt,0005.jpg,0005.txt,images/train/01-PAN-20240420-113-325-L00000010882-CCD3_5_crop4.jpg,labels/train/01-PAN-20240420-113-325-L00000010882-CCD3_5_crop4.txt,images/train/0005.jpg,labels/train/0005.txt
6,0006,01-PAN-20240420-113-325-L00000010882-CCD3_5_crop5.jpg,01-PAN-20240420-113-325-L00000010882-CCD3_5_crop5.txt,0006.jpg,0006.txt,images/train/01-PAN-20240420-113-325-L00000010882-CCD3_5_crop5.jpg,labels/train/01-PAN-20240420-113-325-L00000010882-CCD3_5_crop5.txt,images/train/0006.jpg,labels/train/0006.txt
7,0007,01-PAN-20240420-113-325-L00000010882-CCD3_5_crop6.jpg,01-PAN-20240420-113-325-L00000010882-CCD3_5_crop6.txt,0007.jpg,0007.txt,images/train/01-PAN-20240420-113-325-L00000010882-CCD3_5_crop6.jpg,labels/train/01-PAN-20240420-113-325-L00000010882-CCD3_5_crop6.txt,images/train/0007.jpg,labels/train/0007.txt
8,0008,01-PAN-20240420-113-325-L00000010882-CCD3_5_crop7.jpg,01-PAN-20240420-113-325-L00000010882-CCD3_5_crop7.txt,0008.jpg,0008.txt,images/train/01-PAN-20240420-113-325-L00000010882-CCD3_5_crop7.jpg,labels/train/01-PAN-20240420-113-325-L00000010882-CCD3_5_crop7.txt,images/train/0008.jpg,labels/train/0008.txt
9,0009,01-PAN-20240420-113-325-L00000010882-CCD3_5_crop8.jpg,01-PAN-20240420-113-325-L00000010882-CCD3_5_crop8.txt,0009.jpg,0009.txt,images/train/01-PAN-20240420-113-325-L00000010882-CCD3_5_crop8.jpg,labels/train/01-PAN-20240420-113-325-L00000010882-CCD3_5_crop8.txt,images/train/0009.jpg,labels/train/0009.txt
10,0010,01-PAN-20240420-113-325-L00000010882-CCD3_5_crop9.jpg,01-PAN-20240420-113-325-L00000010882-CCD3_5_crop9.txt,0010.jpg,0010.txt,images/train/01-PAN-20240420-113-325-L00000010882-CCD3_5_crop9.jpg,labels/train/01-PAN-20240420-113-325-L00000010882-CCD3_5_crop9.txt,images/train/0010.jpg,labels/train/0010.txt
11,0011,01-PAN-20240420-113-325-L00000010882-CCD3_6_crop1.jpg,01-PAN-20240420-113-325-L00000010882-CCD3_6_crop1.txt,0011.jpg,0011.txt,images/train/01-PAN-20240420-113-325-L00000010882-CCD3_6_crop1.jpg,labels/train/01-PAN-20240420-113-325-L00000010882-CCD3_6_crop1.txt,images/train/0011.jpg,labels/train/0011.txt
12,0012,01-PAN-20240420-113-325-L00000010882-CCD3_6_crop2.jpg,01-PAN-20240420-113-325-L00000010882-CCD3_6_crop2.txt,0012.jpg,0012.txt,images/train/01-PAN-20240420-113-325-L00000010882-CCD3_6_crop2.jpg,labels/train/01-PAN-20240420-113-325-L00000010882-CCD3_6_crop2.txt,images/train/0012.jpg,labels/train/0012.txt
13,0013,01-PAN-20240420-113-325-L00000010882-CCD3_6_crop3.jpg,01-PAN-20240420-113-325-L00000010882-CCD3_6_crop3.txt,0013.jpg,0013.txt,images/train/01-PAN-20240420-113-325-L00000010882-CCD3_6_crop3.jpg,labels/train/01-PAN-20240420-113-325-L00000010882-CCD3_6_crop3.txt,images/train/0013.jpg,labels/train/0013.txt
14,0014,01-PAN-20240420-113-325-L00000010882-CCD3_6_crop4.jpg,01-PAN-20240420-113-325-L00000010882-CCD3_6_crop4.txt,0014.jpg,0014.txt,images/train/01-PAN-20240420-113-325-L00000010882-CCD3_6_crop4.jpg,labels/train/01-PAN-20240420-113-325-L00000010882-CCD3_6_crop4.txt,images/train/0014.jpg,labels/train/0014.txt
15,0015,01-PAN-20240420-113-325-L00000010882-CCD4_5_crop1.jpg,01-PAN-20240420-113-325-L00000010882-CCD4_5_crop1.txt,0015.jpg,0015.txt,images/train/01-PAN-20240420-113-325-L00000010882-CCD4_5_crop1.jpg,labels/train/01-PAN-20240420-113-325-L00000010882-CCD4_5_crop1.txt,images/train/0015.jpg,labels/train/0015.txt
16,0016,01-PAN-20240420-113-325-L00000010882-CCD4_5_crop2.jpg,01-PAN-20240420-113-325-L00000010882-CCD4_5_crop2.txt,0016.jpg,0016.txt,images/train/01-PAN-20240420-113-325-L00000010882-CCD4_5_crop2.jpg,labels/train/01-PAN-20240420-113-325-L00000010882-CCD4_5_crop2.txt,images/train/0016.jpg,labels/train/0016.txt
17,0017,01-PAN-20240420-113-325-L00000011195-CCD1_4_crop1.jpg,01-PAN-20240420-113-325-L00000011195-CCD1_4_crop1.txt,0017.jpg,0017.txt,images/train/01-PAN-20240420-113-325-L00000011195-CCD1_4_crop1.jpg,labels/train/01-PAN-20240420-113-325-L00000011195-CCD1_4_crop1.txt,images/train/0017.jpg,labels/train/0017.txt
18,0018,01-PAN-20240421-105-323-L00000010830-CCD21_4_crop1.jpg,01-PAN-20240421-105-323-L00000010830-CCD21_4_crop1.txt,0018.jpg,0018.txt,images/train/01-PAN-20240421-105-323-L00000010830-CCD21_4_crop1.jpg,labels/train/01-PAN-20240421-105-323-L00000010830-CCD21_4_crop1.txt,images/train/0018.jpg,labels/train/0018.txt
19,0019,01-PAN-20240421-423-694-L00000010874-CCD21_2_crop1.jpg,01-PAN-20240421-423-694-L00000010874-CCD21_2_crop1.txt,0019.jpg,0019.txt,images/train/01-PAN-20240421-423-694-L00000010874-CCD21_2_crop1.jpg,labels/train/01-PAN-20240421-423-694-L00000010874-CCD21_2_crop1.txt,images/train/0019.jpg,labels/train/0019.txt
20,0020,01-PAN-20240421-423-694-L00000010874-CCD21_3_crop1.jpg,01-PAN-20240421-423-694-L00000010874-CCD21_3_crop1.txt,0020.jpg,0020.txt,images/train/01-PAN-20240421-423-694-L00000010874-CCD21_3_crop1.jpg,labels/train/01-PAN-20240421-423-694-L00000010874-CCD21_3_crop1.txt,images/train/0020.jpg,labels/train/0020.txt
21,0021,01-PAN-20240421-423-694-L00000010874-CCD21_3_crop2.jpg,01-PAN-20240421-423-694-L00000010874-CCD21_3_crop2.txt,0021.jpg,0021.txt,images/train/01-PAN-20240421-423-694-L00000010874-CCD21_3_crop2.jpg,labels/train/01-PAN-20240421-423-694-L00000010874-CCD21_3_crop2.txt,images/train/0021.jpg,labels/train/0021.txt
22,0022,01-PAN-20240421-423-694-L00000010874-CCD22_2_crop1.jpg,01-PAN-20240421-423-694-L00000010874-CCD22_2_crop1.txt,0022.jpg,0022.txt,images/train/01-PAN-20240421-423-694-L00000010874-CCD22_2_crop1.jpg,labels/train/01-PAN-20240421-423-694-L00000010874-CCD22_2_crop1.txt,images/train/0022.jpg,labels/train/0022.txt
23,0023,01-PAN-20240421-423-694-L00000010874-CCD22_2_crop2.jpg,01-PAN-20240421-423-694-L00000010874-CCD22_2_crop2.txt,0023.jpg,0023.txt,images/train/01-PAN-20240421-423-694-L00000010874-CCD22_2_crop2.jpg,labels/train/01-PAN-20240421-423-694-L00000010874-CCD22_2_crop2.txt,images/train/0023.jpg,labels/train/0023.txt
24,0024,01-PAN-20240422-253-245-L00000010552-CCD5_1_crop1.jpg,01-PAN-20240422-253-245-L00000010552-CCD5_1_crop1.txt,0024.jpg,0024.txt,images/train/01-PAN-20240422-253-245-L00000010552-CCD5_1_crop1.jpg,labels/train/01-PAN-20240422-253-245-L00000010552-CCD5_1_crop1.txt,images/train/0024.jpg,labels/train/0024.txt
25,0025,01-PAN-20240422-253-245-L00000010552-CCD5_2_crop1.jpg,01-PAN-20240422-253-245-L00000010552-CCD5_2_crop1.txt,0025.jpg,0025.txt,images/train/01-PAN-20240422-253-245-L00000010552-CCD5_2_crop1.jpg,labels/train/01-PAN-20240422-253-245-L00000010552-CCD5_2_crop1.txt,images/train/0025.jpg,labels/train/0025.txt
26,0026,01-PAN-20240422-253-245-L00000010552-CCD5_2_crop2.jpg,01-PAN-20240422-253-245-L00000010552-CCD5_2_crop2.txt,0026.jpg,0026.txt,images/train/01-PAN-20240422-253-245-L00000010552-CCD5_2_crop2.jpg,labels/train/01-PAN-20240422-253-245-L00000010552-CCD5_2_crop2.txt,images/train/0026.jpg,labels/train/0026.txt
27,0027,01-PAN-20240422-253-245-L00000010552-CCD5_2_crop3.jpg,01-PAN-20240422-253-245-L00000010552-CCD5_2_crop3.txt,0027.jpg,0027.txt,images/train/01-PAN-20240422-253-245-L00000010552-CCD5_2_crop3.jpg,labels/train/01-PAN-20240422-253-245-L00000010552-CCD5_2_crop3.txt,images/train/0027.jpg,labels/train/0027.txt
28,0028,01-PAN-20240422-253-245-L00000010552-CCD5_3_crop1.jpg,01-PAN-20240422-253-245-L00000010552-CCD5_3_crop1.txt,0028.jpg,0028.txt,images/train/01-PAN-20240422-253-245-L00000010552-CCD5_3_crop1.jpg,labels/train/01-PAN-20240422-253-245-L00000010552-CCD5_3_crop1.txt,images/train/0028.jpg,labels/train/0028.txt
29,0029,01-PAN-20240422-253-245-L00000010552-CCD5_3_crop2.jpg,01-PAN-20240422-253-245-L00000010552-CCD5_3_crop2.txt,0029.jpg,0029.txt,images/train/01-PAN-20240422-253-245-L00000010552-CCD5_3_crop2.jpg,labels/train/01-PAN-20240422-253-245-L00000010552-CCD5_3_crop2.txt,images/train/0029.jpg,labels/train/0029.txt
30,0030,01-PAN-20240422-253-245-L00000010552-CCD5_6_crop1.jpg,01-PAN-20240422-253-245-L00000010552-CCD5_6_crop1.txt,0030.jpg,0030.txt,images/train/01-PAN-20240422-253-245-L00000010552-CCD5_6_crop1.jpg,labels/train/01-PAN-20240422-253-245-L00000010552-CCD5_6_crop1.txt,images/train/0030.jpg,labels/train/0030.txt
31,0031,01-PAN-20240423-029-368-L00000011028-CCD29_4_crop1.jpg,01-PAN-20240423-029-368-L00000011028-CCD29_4_crop1.txt,0031.jpg,0031.txt,images/train/01-PAN-20240423-029-368-L00000011028-CCD29_4_crop1.jpg,labels/train/01-PAN-20240423-029-368-L00000011028-CCD29_4_crop1.txt,images/train/0031.jpg,labels/train/0031.txt
32,0032,01-PAN-20240423-029-368-L00000011028-CCD29_4_crop2.jpg,01-PAN-20240423-029-368-L00000011028-CCD29_4_crop2.txt,0032.jpg,0032.txt,images/train/01-PAN-20240423-029-368-L00000011028-CCD29_4_crop2.jpg,labels/train/01-PAN-20240423-029-368-L00000011028-CCD29_4_crop2.txt,images/train/0032.jpg,labels/train/0032.txt
33,0033,01-PAN-20240423-439-569-L00000011168-CCD16_5_crop1.jpg,01-PAN-20240423-439-569-L00000011168-CCD16_5_crop1.txt,0033.jpg,0033.txt,images/train/01-PAN-20240423-439-569-L00000011168-CCD16_5_crop1.jpg,labels/train/01-PAN-20240423-439-569-L00000011168-CCD16_5_crop1.txt,images/train/0033.jpg,labels/train/0033.txt
34,0034,01-PAN-20240423-439-569-L00000011327-CCD15_5_crop1.jpg,01-PAN-20240423-439-569-L00000011327-CCD15_5_crop1.txt,0034.jpg,0034.txt,images/train/01-PAN-20240423-439-569-L00000011327-CCD15_5_crop1.jpg,labels/train/01-PAN-20240423-439-569-L00000011327-CCD15_5_crop1.txt,images/train/0034.jpg,labels/train/0034.txt
35,0035,01-PAN-20240423-439-569-L00000011327-CCD16_5_crop1.jpg,01-PAN-20240423-439-569-L00000011327-CCD16_5_crop1.txt,0035.jpg,0035.txt,images/train/01-PAN-20240423-439-569-L00000011327-CCD16_5_crop1.jpg,labels/train/01-PAN-20240423-439-569-L00000011327-CCD16_5_crop1.txt,images/train/0035.jpg,labels/train/0035.txt
36,0036,01-PAN-20240423-439-569-L00000011327-CCD16_5_crop2.jpg,01-PAN-20240423-439-569-L00000011327-CCD16_5_crop2.txt,0036.jpg,0036.txt,images/train/01-PAN-20240423-439-569-L00000011327-CCD16_5_crop2.jpg,labels/train/01-PAN-20240423-439-569-L00000011327-CCD16_5_crop2.txt,images/train/0036.jpg,labels/train/0036.txt
37,0037,01-PAN-20240424-146-259-L00000010574-CCD32_7_crop1.jpg,01-PAN-20240424-146-259-L00000010574-CCD32_7_crop1.txt,0037.jpg,0037.txt,images/train/01-PAN-20240424-146-259-L00000010574-CCD32_7_crop1.jpg,labels/train/01-PAN-20240424-146-259-L00000010574-CCD32_7_crop1.txt,images/train/0037.jpg,labels/train/0037.txt
38,0038,01-PAN-20240424-146-259-L00000010574-CCD32_7_crop2.jpg,01-PAN-20240424-146-259-L00000010574-CCD32_7_crop2.txt,0038.jpg,0038.txt,images/train/01-PAN-20240424-146-259-L00000010574-CCD32_7_crop2.jpg,labels/train/01-PAN-20240424-146-259-L00000010574-CCD32_7_crop2.txt,images/train/0038.jpg,labels/train/0038.txt
39,0039,01-PAN-20240424-146-259-L00000010574-CCD32_7_crop4.jpg,01-PAN-20240424-146-259-L00000010574-CCD32_7_crop4.txt,0039.jpg,0039.txt,images/train/01-PAN-20240424-146-259-L00000010574-CCD32_7_crop4.jpg,labels/train/01-PAN-20240424-146-259-L00000010574-CCD32_7_crop4.txt,images/train/0039.jpg,labels/train/0039.txt
40,0040,01-PAN-20240424-146-259-L00000010814-CCD11_5_crop1.jpg,01-PAN-20240424-146-259-L00000010814-CCD11_5_crop1.txt,0040.jpg,0040.txt,images/train/01-PAN-20240424-146-259-L00000010814-CCD11_5_crop1.jpg,labels/train/01-PAN-20240424-146-259-L00000010814-CCD11_5_crop1.txt,images/train/0040.jpg,labels/train/0040.txt
41,0041,01-PAN-20240424-146-260-L00000010815-CCD32_3_crop1.jpg,01-PAN-20240424-146-260-L00000010815-CCD32_3_crop1.txt,0041.jpg,0041.txt,images/train/01-PAN-20240424-146-260-L00000010815-CCD32_3_crop1.jpg,labels/train/01-PAN-20240424-146-260-L00000010815-CCD32_3_crop1.txt,images/train/0041.jpg,labels/train/0041.txt
42,0042,01-PAN-20240424-146-260-L00000010815-CCD32_3_crop2.jpg,01-PAN-20240424-146-260-L00000010815-CCD32_3_crop2.txt,0042.jpg,0042.txt,images/train/01-PAN-20240424-146-260-L00000010815-CCD32_3_crop2.jpg,labels/train/01-PAN-20240424-146-260-L00000010815-CCD32_3_crop2.txt,images/train/0042.jpg,labels/train/0042.txt
43,0043,01-PAN-20240424-146-260-L00000010815-CCD32_3_crop3.jpg,01-PAN-20240424-146-260-L00000010815-CCD32_3_crop3.txt,0043.jpg,0043.txt,images/train/01-PAN-20240424-146-260-L00000010815-CCD32_3_crop3.jpg,labels/train/01-PAN-20240424-146-260-L00000010815-CCD32_3_crop3.txt,images/train/0043.jpg,labels/train/0043.txt
44,0044,01-PAN-20240429-304-323-L00000011120-CCD20_2_crop1.jpg,01-PAN-20240429-304-323-L00000011120-CCD20_2_crop1.txt,0044.jpg,0044.txt,images/train/01-PAN-20240429-304-323-L00000011120-CCD20_2_crop1.jpg,labels/train/01-PAN-20240429-304-323-L00000011120-CCD20_2_crop1.txt,images/train/0044.jpg,labels/train/0044.txt
45,0045,01-PAN-20240429-304-323-L00000011120-CCD20_4_crop1.jpg,01-PAN-20240429-304-323-L00000011120-CCD20_4_crop1.txt,0045.jpg,0045.txt,images/train/01-PAN-20240429-304-323-L00000011120-CCD20_4_crop1.jpg,labels/train/01-PAN-20240429-304-323-L00000011120-CCD20_4_crop1.txt,images/train/0045.jpg,labels/train/0045.txt
46,0046,01-PAN-20240429-304-323-L00000011120-CCD21_3_crop1.jpg,01-PAN-20240429-304-323-L00000011120-CCD21_3_crop1.txt,0046.jpg,0046.txt,images/train/01-PAN-20240429-304-323-L00000011120-CCD21_3_crop1.jpg,labels/train/01-PAN-20240429-304-323-L00000011120-CCD21_3_crop1.txt,images/train/0046.jpg,labels/train/0046.txt
47,0047,01-PAN-20240430-104-336-L00000011523-CCD22_6_crop3.jpg,01-PAN-20240430-104-336-L00000011523-CCD22_6_crop3.txt,0047.jpg,0047.txt,images/train/01-PAN-20240430-104-336-L00000011523-CCD22_6_crop3.jpg,labels/train/01-PAN-20240430-104-336-L00000011523-CCD22_6_crop3.txt,images/train/0047.jpg,labels/train/0047.txt
48,0048,01-PAN-20240430-104-336-L00000011523-CCD23_4_crop1.jpg,01-PAN-20240430-104-336-L00000011523-CCD23_4_crop1.txt,0048.jpg,0048.txt,images/train/01-PAN-20240430-104-336-L00000011523-CCD23_4_crop1.jpg,labels/train/01-PAN-20240430-104-336-L00000011523-CCD23_4_crop1.txt,images/train/0048.jpg,labels/train/0048.txt
49,0049,01-PAN-20240430-104-343-L00000011530-CCD26_4_crop1.jpg,01-PAN-20240430-104-343-L00000011530-CCD26_4_crop1.txt,0049.jpg,0049.txt,images/train/01-PAN-20240430-104-343-L00000011530-CCD26_4_crop1.jpg,labels/train/01-PAN-20240430-104-343-L00000011530-CCD26_4_crop1.txt,images/train/0049.jpg,labels/train/0049.txt
50,0050,01-PAN-20240430-104-348-L00000011535-CCD29_3_crop1.jpg,01-PAN-20240430-104-348-L00000011535-CCD29_3_crop1.txt,0050.jpg,0050.txt,images/train/01-PAN-20240430-104-348-L00000011535-CCD29_3_crop1.jpg,labels/train/01-PAN-20240430-104-348-L00000011535-CCD29_3_crop1.txt,images/train/0050.jpg,labels/train/0050.txt
51,0051,01-PAN-20240430-104-349-L00000011536-CCD22_4_crop1.jpg,01-PAN-20240430-104-349-L00000011536-CCD22_4_crop1.txt,0051.jpg,0051.txt,images/train/01-PAN-20240430-104-349-L00000011536-CCD22_4_crop1.jpg,labels/train/01-PAN-20240430-104-349-L00000011536-CCD22_4_crop1.txt,images/train/0051.jpg,labels/train/0051.txt
52,0052,01-PAN-20240430-227-632-L00000011561-CCD30_5_crop1.jpg,01-PAN-20240430-227-632-L00000011561-CCD30_5_crop1.txt,0052.jpg,0052.txt,images/train/01-PAN-20240430-227-632-L00000011561-CCD30_5_crop1.jpg,labels/train/01-PAN-20240430-227-632-L00000011561-CCD30_5_crop1.txt,images/train/0052.jpg,labels/train/0052.txt
53,0053,01-PAN-20240430-227-632-L00000011561-CCD30_6_crop2.jpg,01-PAN-20240430-227-632-L00000011561-CCD30_6_crop2.txt,0053.jpg,0053.txt,images/train/01-PAN-20240430-227-632-L00000011561-CCD30_6_crop2.jpg,labels/train/01-PAN-20240430-227-632-L00000011561-CCD30_6_crop2.txt,images/train/0053.jpg,labels/train/0053.txt
54,0054,01-PAN-20240430-297-348-L00000011339-CCD16_6_crop1.jpg,01-PAN-20240430-297-348-L00000011339-CCD16_6_crop1.txt,0054.jpg,0054.txt,images/train/01-PAN-20240430-297-348-L00000011339-CCD16_6_crop1.jpg,labels/train/01-PAN-20240430-297-348-L00000011339-CCD16_6_crop1.txt,images/train/0054.jpg,labels/train/0054.txt
55,0055,01-PAN-20240506-094-666-L00000011756-CCD4_1_crop1.jpg,01-PAN-20240506-094-666-L00000011756-CCD4_1_crop1.txt,0055.jpg,0055.txt,images/train/01-PAN-20240506-094-666-L00000011756-CCD4_1_crop1.jpg,labels/train/01-PAN-20240506-094-666-L00000011756-CCD4_1_crop1.txt,images/train/0055.jpg,labels/train/0055.txt
56,0056,01-PAN-20240506-094-666-L00000011756-CCD4_1_crop2.jpg,01-PAN-20240506-094-666-L00000011756-CCD4_1_crop2.txt,0056.jpg,0056.txt,images/train/01-PAN-20240506-094-666-L00000011756-CCD4_1_crop2.jpg,labels/train/01-PAN-20240506-094-666-L00000011756-CCD4_1_crop2.txt,images/train/0056.jpg,labels/train/0056.txt
57,0057,01-PAN-20240506-094-666-L00000011756-CCD4_3_crop1.jpg,01-PAN-20240506-094-666-L00000011756-CCD4_3_crop1.txt,0057.jpg,0057.txt,images/train/01-PAN-20240506-094-666-L00000011756-CCD4_3_crop1.jpg,labels/train/01-PAN-20240506-094-666-L00000011756-CCD4_3_crop1.txt,images/train/0057.jpg,labels/train/0057.txt
58,0058,01-PAN-20240506-094-666-L00000011756-CCD8_2_crop1.jpg,01-PAN-20240506-094-666-L00000011756-CCD8_2_crop1.txt,0058.jpg,0058.txt,images/train/01-PAN-20240506-094-666-L00000011756-CCD8_2_crop1.jpg,labels/train/01-PAN-20240506-094-666-L00000011756-CCD8_2_crop1.txt,images/train/0058.jpg,labels/train/0058.txt
59,0059,01-PAN-20240506-094-666-L00000011756-CCD8_2_crop2.jpg,01-PAN-20240506-094-666-L00000011756-CCD8_2_crop2.txt,0059.jpg,0059.txt,images/train/01-PAN-20240506-094-666-L00000011756-CCD8_2_crop2.jpg,labels/train/01-PAN-20240506-094-666-L00000011756-CCD8_2_crop2.txt,images/train/0059.jpg,labels/train/0059.txt
60,0060,01-PAN-20240506-094-666-L00000011756-CCD8_2_crop3.jpg,01-PAN-20240506-094-666-L00000011756-CCD8_2_crop3.txt,0060.jpg,0060.txt,images/train/01-PAN-20240506-094-666-L00000011756-CCD8_2_crop3.jpg,labels/train/01-PAN-20240506-094-666-L00000011756-CCD8_2_crop3.txt,images/train/0060.jpg,labels/train/0060.txt
61,0061,01-PAN-20240506-094-666-L00000011756-CCD8_3_crop1.jpg,01-PAN-20240506-094-666-L00000011756-CCD8_3_crop1.txt,0061.jpg,0061.txt,images/train/01-PAN-20240506-094-666-L00000011756-CCD8_3_crop1.jpg,labels/train/01-PAN-20240506-094-666-L00000011756-CCD8_3_crop1.txt,images/train/0061.jpg,labels/train/0061.txt
62,0062,01-PAN-20240506-094-666-L00000011756-CCD8_5_crop1.jpg,01-PAN-20240506-094-666-L00000011756-CCD8_5_crop1.txt,0062.jpg,0062.txt,images/train/01-PAN-20240506-094-666-L00000011756-CCD8_5_crop1.jpg,labels/train/01-PAN-20240506-094-666-L00000011756-CCD8_5_crop1.txt,images/train/0062.jpg,labels/train/0062.txt
63,0063,01-PAN-20240506-094-666-L00000011756-CCD9_1_crop1.jpg,01-PAN-20240506-094-666-L00000011756-CCD9_1_crop1.txt,0063.jpg,0063.txt,images/train/01-PAN-20240506-094-666-L00000011756-CCD9_1_crop1.jpg,labels/train/01-PAN-20240506-094-666-L00000011756-CCD9_1_crop1.txt,images/train/0063.jpg,labels/train/0063.txt
64,0064,01-PAN-20240506-094-666-L00000011756-CCD9_1_crop2.jpg,01-PAN-20240506-094-666-L00000011756-CCD9_1_crop2.txt,0064.jpg,0064.txt,images/train/01-PAN-20240506-094-666-L00000011756-CCD9_1_crop2.jpg,labels/train/01-PAN-20240506-094-666-L00000011756-CCD9_1_crop2.txt,images/train/0064.jpg,labels/train/0064.txt
65,0065,01-PAN-20240506-094-666-L00000011756-CCD9_2_crop2.jpg,01-PAN-20240506-094-666-L00000011756-CCD9_2_crop2.txt,0065.jpg,0065.txt,images/train/01-PAN-20240506-094-666-L00000011756-CCD9_2_crop2.jpg,labels/train/01-PAN-20240506-094-666-L00000011756-CCD9_2_crop2.txt,images/train/0065.jpg,labels/train/0065.txt
66,0066,01-PAN-20240506-094-666-L00000011756-CCD9_2_crop3.jpg,01-PAN-20240506-094-666-L00000011756-CCD9_2_crop3.txt,0066.jpg,0066.txt,images/train/01-PAN-20240506-094-666-L00000011756-CCD9_2_crop3.jpg,labels/train/01-PAN-20240506-094-666-L00000011756-CCD9_2_crop3.txt,images/train/0066.jpg,labels/train/0066.txt
67,0067,01-PAN-20240506-094-666-L00000012249-CCD10_6_crop1.jpg,01-PAN-20240506-094-666-L00000012249-CCD10_6_crop1.txt,0067.jpg,0067.txt,images/train/01-PAN-20240506-094-666-L00000012249-CCD10_6_crop1.jpg,labels/train/01-PAN-20240506-094-666-L00000012249-CCD10_6_crop1.txt,images/train/0067.jpg,labels/train/0067.txt
68,0068,01-PAN-20240506-094-666-L00000012249-CCD10_6_crop2.jpg,01-PAN-20240506-094-666-L00000012249-CCD10_6_crop2.txt,0068.jpg,0068.txt,images/train/01-PAN-20240506-094-666-L00000012249-CCD10_6_crop2.jpg,labels/train/01-PAN-20240506-094-666-L00000012249-CCD10_6_crop2.txt,images/train/0068.jpg,labels/train/0068.txt
69,0069,01-PAN-20240506-094-666-L00000012249-CCD11_6_crop1.jpg,01-PAN-20240506-094-666-L00000012249-CCD11_6_crop1.txt,0069.jpg,0069.txt,images/train/01-PAN-20240506-094-666-L00000012249-CCD11_6_crop1.jpg,labels/train/01-PAN-20240506-094-666-L00000012249-CCD11_6_crop1.txt,images/train/0069.jpg,labels/train/0069.txt
70,0070,01-PAN-20240506-094-666-L00000012249-CCD11_6_crop10.jpg,01-PAN-20240506-094-666-L00000012249-CCD11_6_crop10.txt,0070.jpg,0070.txt,images/train/01-PAN-20240506-094-666-L00000012249-CCD11_6_crop10.jpg,labels/train/01-PAN-20240506-094-666-L00000012249-CCD11_6_crop10.txt,images/train/0070.jpg,labels/train/0070.txt
71,0071,01-PAN-20240506-094-666-L00000012249-CCD11_6_crop11.jpg,01-PAN-20240506-094-666-L00000012249-CCD11_6_crop11.txt,0071.jpg,0071.txt,images/train/01-PAN-20240506-094-666-L00000012249-CCD11_6_crop11.jpg,labels/train/01-PAN-20240506-094-666-L00000012249-CCD11_6_crop11.txt,images/train/0071.jpg,labels/train/0071.txt
72,0072,01-PAN-20240506-094-666-L00000012249-CCD11_6_crop2.jpg,01-PAN-20240506-094-666-L00000012249-CCD11_6_crop2.txt,0072.jpg,0072.txt,images/train/01-PAN-20240506-094-666-L00000012249-CCD11_6_crop2.jpg,labels/train/01-PAN-20240506-094-666-L00000012249-CCD11_6_crop2.txt,images/train/0072.jpg,labels/train/0072.txt
73,0073,01-PAN-20240506-094-666-L00000012249-CCD11_6_crop5.jpg,01-PAN-20240506-094-666-L00000012249-CCD11_6_crop5.txt,0073.jpg,0073.txt,images/train/01-PAN-20240506-094-666-L00000012249-CCD11_6_crop5.jpg,labels/train/01-PAN-20240506-094-666-L00000012249-CCD11_6_crop5.txt,images/train/0073.jpg,labels/train/0073.txt
74,0074,01-PAN-20240506-094-666-L00000012249-CCD11_6_crop7.jpg,01-PAN-20240506-094-666-L00000012249-CCD11_6_crop7.txt,0074.jpg,0074.txt,images/train/01-PAN-20240506-094-666-L00000012249-CCD11_6_crop7.jpg,labels/train/01-PAN-20240506-094-666-L00000012249-CCD11_6_crop7.txt,images/train/0074.jpg,labels/train/0074.txt
75,0075,01-PAN-20240506-094-666-L00000012249-CCD11_6_crop8.jpg,01-PAN-20240506-094-666-L00000012249-CCD11_6_crop8.txt,0075.jpg,0075.txt,images/train/01-PAN-20240506-094-666-L00000012249-CCD11_6_crop8.jpg,labels/train/01-PAN-20240506-094-666-L00000012249-CCD11_6_crop8.txt,images/train/0075.jpg,labels/train/0075.txt
76,0076,01-PAN-20240506-094-666-L00000012249-CCD11_6_crop9.jpg,01-PAN-20240506-094-666-L00000012249-CCD11_6_crop9.txt,0076.jpg,0076.txt,images/train/01-PAN-20240506-094-666-L00000012249-CCD11_6_crop9.jpg,labels/train/01-PAN-20240506-094-666-L00000012249-CCD11_6_crop9.txt,images/train/0076.jpg,labels/train/0076.txt
77,0077,01-PAN-20240506-124-321-L00000011847-CCD28_4_crop1.jpg,01-PAN-20240506-124-321-L00000011847-CCD28_4_crop1.txt,0077.jpg,0077.txt,images/train/01-PAN-20240506-124-321-L00000011847-CCD28_4_crop1.jpg,labels/train/01-PAN-20240506-124-321-L00000011847-CCD28_4_crop1.txt,images/train/0077.jpg,labels/train/0077.txt
78,0078,01-PAN-20240506-124-321-L00000011847-CCD28_5_crop2.jpg,01-PAN-20240506-124-321-L00000011847-CCD28_5_crop2.txt,0078.jpg,0078.txt,images/train/01-PAN-20240506-124-321-L00000011847-CCD28_5_crop2.jpg,labels/train/01-PAN-20240506-124-321-L00000011847-CCD28_5_crop2.txt,images/train/0078.jpg,labels/train/0078.txt
79,0079,01-PAN-20240506-124-321-L00000011847-CCD28_5_crop3.jpg,01-PAN-20240506-124-321-L00000011847-CCD28_5_crop3.txt,0079.jpg,0079.txt,images/train/01-PAN-20240506-124-321-L00000011847-CCD28_5_crop3.jpg,labels/train/01-PAN-20240506-124-321-L00000011847-CCD28_5_crop3.txt,images/train/0079.jpg,labels/train/0079.txt
80,0080,01-PAN-20240506-124-321-L00000011847-CCD28_5_crop4.jpg,01-PAN-20240506-124-321-L00000011847-CCD28_5_crop4.txt,0080.jpg,0080.txt,images/train/01-PAN-20240506-124-321-L00000011847-CCD28_5_crop4.jpg,labels/train/01-PAN-20240506-124-321-L00000011847-CCD28_5_crop4.txt,images/train/0080.jpg,labels/train/0080.txt
81,0081,01-PAN-20240506-124-321-L00000011847-CCD28_5_crop5.jpg,01-PAN-20240506-124-321-L00000011847-CCD28_5_crop5.txt,0081.jpg,0081.txt,images/train/01-PAN-20240506-124-321-L00000011847-CCD28_5_crop5.jpg,labels/train/01-PAN-20240506-124-321-L00000011847-CCD28_5_crop5.txt,images/train/0081.jpg,labels/train/0081.txt
82,0082,01-PAN-20240506-124-321-L00000011847-CCD28_5_crop6.jpg,01-PAN-20240506-124-321-L00000011847-CCD28_5_crop6.txt,0082.jpg,0082.txt,images/train/01-PAN-20240506-124-321-L00000011847-CCD28_5_crop6.jpg,labels/train/01-PAN-20240506-124-321-L00000011847-CCD28_5_crop6.txt,images/train/0082.jpg,labels/train/0082.txt
83,0083,01-PAN-20240506-124-321-L00000011847-CCD29_4_crop1.jpg,01-PAN-20240506-124-321-L00000011847-CCD29_4_crop1.txt,0083.jpg,0083.txt,images/train/01-PAN-20240506-124-321-L00000011847-CCD29_4_crop1.jpg,labels/train/01-PAN-20240506-124-321-L00000011847-CCD29_4_crop1.txt,images/train/0083.jpg,labels/train/0083.txt
84,0084,01-PAN-20240506-124-321-L00000011847-CCD29_5_crop1.jpg,01-PAN-20240506-124-321-L00000011847-CCD29_5_crop1.txt,0084.jpg,0084.txt,images/train/01-PAN-20240506-124-321-L00000011847-CCD29_5_crop1.jpg,labels/train/01-PAN-20240506-124-321-L00000011847-CCD29_5_crop1.txt,images/train/0084.jpg,labels/train/0084.txt
85,0085,01-PAN-20240510-097-233-L00000012258-CCD1_2_crop2.jpg,01-PAN-20240510-097-233-L00000012258-CCD1_2_crop2.txt,0085.jpg,0085.txt,images/train/01-PAN-20240510-097-233-L00000012258-CCD1_2_crop2.jpg,labels/train/01-PAN-20240510-097-233-L00000012258-CCD1_2_crop2.txt,images/train/0085.jpg,labels/train/0085.txt
86,0086,01-PAN-20240510-097-233-L00000012258-CCD2_2_crop1.jpg,01-PAN-20240510-097-233-L00000012258-CCD2_2_crop1.txt,0086.jpg,0086.txt,images/train/01-PAN-20240510-097-233-L00000012258-CCD2_2_crop1.jpg,labels/train/01-PAN-20240510-097-233-L00000012258-CCD2_2_crop1.txt,images/train/0086.jpg,labels/train/0086.txt
87,0087,01-PAN-20240511-122-548-L00000012428-CCD26_5_crop2.jpg,01-PAN-20240511-122-548-L00000012428-CCD26_5_crop2.txt,0087.jpg,0087.txt,images/train/01-PAN-20240511-122-548-L00000012428-CCD26_5_crop2.jpg,labels/train/01-PAN-20240511-122-548-L00000012428-CCD26_5_crop2.txt,images/train/0087.jpg,labels/train/0087.txt
88,0088,01-PAN-20240511-122-548-L00000012428-CCD26_5_crop3.jpg,01-PAN-20240511-122-548-L00000012428-CCD26_5_crop3.txt,0088.jpg,0088.txt,images/train/01-PAN-20240511-122-548-L00000012428-CCD26_5_crop3.jpg,labels/train/01-PAN-20240511-122-548-L00000012428-CCD26_5_crop3.txt,images/train/0088.jpg,labels/train/0088.txt
89,0089,01-PAN-20240511-122-548-L00000012428-CCD27_5_crop2.jpg,01-PAN-20240511-122-548-L00000012428-CCD27_5_crop2.txt,0089.jpg,0089.txt,images/train/01-PAN-20240511-122-548-L00000012428-CCD27_5_crop2.jpg,labels/train/01-PAN-20240511-122-548-L00000012428-CCD27_5_crop2.txt,images/train/0089.jpg,labels/train/0089.txt
90,0090,01-PAN-20240511-122-548-L00000012428-CCD27_6_crop1.jpg,01-PAN-20240511-122-548-L00000012428-CCD27_6_crop1.txt,0090.jpg,0090.txt,images/train/01-PAN-20240511-122-548-L00000012428-CCD27_6_crop1.jpg,labels/train/01-PAN-20240511-122-548-L00000012428-CCD27_6_crop1.txt,images/train/0090.jpg,labels/train/0090.txt
91,0091,01-PAN-20240511-122-548-L00000012428-CCD28_5_crop1.jpg,01-PAN-20240511-122-548-L00000012428-CCD28_5_crop1.txt,0091.jpg,0091.txt,images/train/01-PAN-20240511-122-548-L00000012428-CCD28_5_crop1.jpg,labels/train/01-PAN-20240511-122-548-L00000012428-CCD28_5_crop1.txt,images/train/0091.jpg,labels/train/0091.txt
92,0092,01-PAN-20240511-152-202-L00000012357-CCD23_5_crop1.jpg,01-PAN-20240511-152-202-L00000012357-CCD23_5_crop1.txt,0092.jpg,0092.txt,images/train/01-PAN-20240511-152-202-L00000012357-CCD23_5_crop1.jpg,labels/train/01-PAN-20240511-152-202-L00000012357-CCD23_5_crop1.txt,images/train/0092.jpg,labels/train/0092.txt
93,0093,01-PAN-20240511-152-202-L00000012357-CCD23_5_crop2.jpg,01-PAN-20240511-152-202-L00000012357-CCD23_5_crop2.txt,0093.jpg,0093.txt,images/train/01-PAN-20240511-152-202-L00000012357-CCD23_5_crop2.jpg,labels/train/01-PAN-20240511-152-202-L00000012357-CCD23_5_crop2.txt,images/train/0093.jpg,labels/train/0093.txt
94,0094,01-PAN-20240513-108-689-L00000012464-CCD29_5_crop2.jpg,01-PAN-20240513-108-689-L00000012464-CCD29_5_crop2.txt,0094.jpg,0094.txt,images/train/01-PAN-20240513-108-689-L00000012464-CCD29_5_crop2.jpg,labels/train/01-PAN-20240513-108-689-L00000012464-CCD29_5_crop2.txt,images/train/0094.jpg,labels/train/0094.txt
95,0095,01-PAN-20240513-108-689-L00000012464-CCD29_6_crop1.jpg,01-PAN-20240513-108-689-L00000012464-CCD29_6_crop1.txt,0095.jpg,0095.txt,images/train/01-PAN-20240513-108-689-L00000012464-CCD29_6_crop1.jpg,labels/train/01-PAN-20240513-108-689-L00000012464-CCD29_6_crop1.txt,images/train/0095.jpg,labels/train/0095.txt
96,0096,01-PAN-20240513-108-689-L00000012464-CCD29_6_crop2.jpg,01-PAN-20240513-108-689-L00000012464-CCD29_6_crop2.txt,0096.jpg,0096.txt,images/train/01-PAN-20240513-108-689-L00000012464-CCD29_6_crop2.jpg,labels/train/01-PAN-20240513-108-689-L00000012464-CCD29_6_crop2.txt,images/train/0096.jpg,labels/train/0096.txt
97,0097,01-PAN-20240513-108-690-L00000012465-CCD28_2_crop1.jpg,01-PAN-20240513-108-690-L00000012465-CCD28_2_crop1.txt,0097.jpg,0097.txt,images/train/01-PAN-20240513-108-690-L00000012465-CCD28_2_crop1.jpg,labels/train/01-PAN-20240513-108-690-L00000012465-CCD28_2_crop1.txt,images/train/0097.jpg,labels/train/0097.txt
98,0098,01-PAN-20240513-108-690-L00000012465-CCD28_2_crop2.jpg,01-PAN-20240513-108-690-L00000012465-CCD28_2_crop2.txt,0098.jpg,0098.txt,images/train/01-PAN-20240513-108-690-L00000012465-CCD28_2_crop2.jpg,labels/train/01-PAN-20240513-108-690-L00000012465-CCD28_2_crop2.txt,images/train/0098.jpg,labels/train/0098.txt
99,0099,01-PAN-20240513-108-690-L00000012465-CCD28_2_crop3.jpg,01-PAN-20240513-108-690-L00000012465-CCD28_2_crop3.txt,0099.jpg,0099.txt,images/train/01-PAN-20240513-108-690-L00000012465-CCD28_2_crop3.jpg,labels/train/01-PAN-20240513-108-690-L00000012465-CCD28_2_crop3.txt,images/train/0099.jpg,labels/train/0099.txt
100,0100,01-PAN-20240513-108-690-L00000012465-CCD28_3_crop2.jpg,01-PAN-20240513-108-690-L00000012465-CCD28_3_crop2.txt,0100.jpg,0100.txt,images/train/01-PAN-20240513-108-690-L00000012465-CCD28_3_crop2.jpg,labels/train/01-PAN-20240513-108-690-L00000012465-CCD28_3_crop2.txt,images/train/0100.jpg,labels/train/0100.txt
101,0101,01-PAN-20240513-108-690-L00000012465-CCD28_3_crop4.jpg,01-PAN-20240513-108-690-L00000012465-CCD28_3_crop4.txt,0101.jpg,0101.txt,images/train/01-PAN-20240513-108-690-L00000012465-CCD28_3_crop4.jpg,labels/train/01-PAN-20240513-108-690-L00000012465-CCD28_3_crop4.txt,images/train/0101.jpg,labels/train/0101.txt
102,0102,01-PAN-20240513-108-690-L00000012465-CCD29_1_crop2.jpg,01-PAN-20240513-108-690-L00000012465-CCD29_1_crop2.txt,0102.jpg,0102.txt,images/train/01-PAN-20240513-108-690-L00000012465-CCD29_1_crop2.jpg,labels/train/01-PAN-20240513-108-690-L00000012465-CCD29_1_crop2.txt,images/train/0102.jpg,labels/train/0102.txt
103,0103,01-PAN-20240513-108-690-L00000012465-CCD29_1_crop4.jpg,01-PAN-20240513-108-690-L00000012465-CCD29_1_crop4.txt,0103.jpg,0103.txt,images/train/01-PAN-20240513-108-690-L00000012465-CCD29_1_crop4.jpg,labels/train/01-PAN-20240513-108-690-L00000012465-CCD29_1_crop4.txt,images/train/0103.jpg,labels/train/0103.txt
104,0104,01-PAN-20240513-108-690-L00000012465-CCD29_1_crop5.jpg,01-PAN-20240513-108-690-L00000012465-CCD29_1_crop5.txt,0104.jpg,0104.txt,images/train/01-PAN-20240513-108-690-L00000012465-CCD29_1_crop5.jpg,labels/train/01-PAN-20240513-108-690-L00000012465-CCD29_1_crop5.txt,images/train/0104.jpg,labels/train/0104.txt
105,0105,01-PAN-20240513-108-690-L00000012465-CCD29_3_crop2.jpg,01-PAN-20240513-108-690-L00000012465-CCD29_3_crop2.txt,0105.jpg,0105.txt,images/train/01-PAN-20240513-108-690-L00000012465-CCD29_3_crop2.jpg,labels/train/01-PAN-20240513-108-690-L00000012465-CCD29_3_crop2.txt,images/train/0105.jpg,labels/train/0105.txt
106,0106,01-PAN-20240513-108-690-L00000012465-CCD29_3_crop3.jpg,01-PAN-20240513-108-690-L00000012465-CCD29_3_crop3.txt,0106.jpg,0106.txt,images/train/01-PAN-20240513-108-690-L00000012465-CCD29_3_crop3.jpg,labels/train/01-PAN-20240513-108-690-L00000012465-CCD29_3_crop3.txt,images/train/0106.jpg,labels/train/0106.txt
107,0107,01-PAN-20240513-108-690-L00000012465-CCD32_5_crop1.jpg,01-PAN-20240513-108-690-L00000012465-CCD32_5_crop1.txt,0107.jpg,0107.txt,images/train/01-PAN-20240513-108-690-L00000012465-CCD32_5_crop1.jpg,labels/train/01-PAN-20240513-108-690-L00000012465-CCD32_5_crop1.txt,images/train/0107.jpg,labels/train/0107.txt
108,0108,01-PAN-20240513-108-691-L00000012466-CCD27_5_crop1.jpg,01-PAN-20240513-108-691-L00000012466-CCD27_5_crop1.txt,0108.jpg,0108.txt,images/train/01-PAN-20240513-108-691-L00000012466-CCD27_5_crop1.jpg,labels/train/01-PAN-20240513-108-691-L00000012466-CCD27_5_crop1.txt,images/train/0108.jpg,labels/train/0108.txt
109,0109,01-PAN-20240513-108-691-L00000012466-CCD27_5_crop2.jpg,01-PAN-20240513-108-691-L00000012466-CCD27_5_crop2.txt,0109.jpg,0109.txt,images/train/01-PAN-20240513-108-691-L00000012466-CCD27_5_crop2.jpg,labels/train/01-PAN-20240513-108-691-L00000012466-CCD27_5_crop2.txt,images/train/0109.jpg,labels/train/0109.txt
110,0110,01-PAN-20240513-139-166-L00000012468-CCD22_2_crop1.jpg,01-PAN-20240513-139-166-L00000012468-CCD22_2_crop1.txt,0110.jpg,0110.txt,images/train/01-PAN-20240513-139-166-L00000012468-CCD22_2_crop1.jpg,labels/train/01-PAN-20240513-139-166-L00000012468-CCD22_2_crop1.txt,images/train/0110.jpg,labels/train/0110.txt
111,0111,01-PAN-20240513-456-301-L00000012440-CCD1_4_crop1.jpg,01-PAN-20240513-456-301-L00000012440-CCD1_4_crop1.txt,0111.jpg,0111.txt,images/train/01-PAN-20240513-456-301-L00000012440-CCD1_4_crop1.jpg,labels/train/01-PAN-20240513-456-301-L00000012440-CCD1_4_crop1.txt,images/train/0111.jpg,labels/train/0111.txt
112,0112,01-PAN-20240513-456-301-L00000012440-CCD1_4_crop2.jpg,01-PAN-20240513-456-301-L00000012440-CCD1_4_crop2.txt,0112.jpg,0112.txt,images/train/01-PAN-20240513-456-301-L00000012440-CCD1_4_crop2.jpg,labels/train/01-PAN-20240513-456-301-L00000012440-CCD1_4_crop2.txt,images/train/0112.jpg,labels/train/0112.txt
113,0113,01-PAN-20240513-456-301-L00000012440-CCD1_4_crop3.jpg,01-PAN-20240513-456-301-L00000012440-CCD1_4_crop3.txt,0113.jpg,0113.txt,images/train/01-PAN-20240513-456-301-L00000012440-CCD1_4_crop3.jpg,labels/train/01-PAN-20240513-456-301-L00000012440-CCD1_4_crop3.txt,images/train/0113.jpg,labels/train/0113.txt
114,0114,01-PAN-20240513-456-301-L00000012440-CCD1_4_crop4.jpg,01-PAN-20240513-456-301-L00000012440-CCD1_4_crop4.txt,0114.jpg,0114.txt,images/train/01-PAN-20240513-456-301-L00000012440-CCD1_4_crop4.jpg,labels/train/01-PAN-20240513-456-301-L00000012440-CCD1_4_crop4.txt,images/train/0114.jpg,labels/train/0114.txt
115,0115,01-PAN-20240513-456-301-L00000012440-CCD1_5_crop1.jpg,01-PAN-20240513-456-301-L00000012440-CCD1_5_crop1.txt,0115.jpg,0115.txt,images/train/01-PAN-20240513-456-301-L00000012440-CCD1_5_crop1.jpg,labels/train/01-PAN-20240513-456-301-L00000012440-CCD1_5_crop1.txt,images/train/0115.jpg,labels/train/0115.txt
116,0116,01-PAN-20240513-456-301-L00000012440-CCD1_5_crop10.jpg,01-PAN-20240513-456-301-L00000012440-CCD1_5_crop10.txt,0116.jpg,0116.txt,images/train/01-PAN-20240513-456-301-L00000012440-CCD1_5_crop10.jpg,labels/train/01-PAN-20240513-456-301-L00000012440-CCD1_5_crop10.txt,images/train/0116.jpg,labels/train/0116.txt
117,0117,01-PAN-20240513-456-301-L00000012440-CCD1_5_crop11.jpg,01-PAN-20240513-456-301-L00000012440-CCD1_5_crop11.txt,0117.jpg,0117.txt,images/train/01-PAN-20240513-456-301-L00000012440-CCD1_5_crop11.jpg,labels/train/01-PAN-20240513-456-301-L00000012440-CCD1_5_crop11.txt,images/train/0117.jpg,labels/train/0117.txt
118,0118,01-PAN-20240513-456-301-L00000012440-CCD1_5_crop2.jpg,01-PAN-20240513-456-301-L00000012440-CCD1_5_crop2.txt,0118.jpg,0118.txt,images/train/01-PAN-20240513-456-301-L00000012440-CCD1_5_crop2.jpg,labels/train/01-PAN-20240513-456-301-L00000012440-CCD1_5_crop2.txt,images/train/0118.jpg,labels/train/0118.txt
119,0119,01-PAN-20240513-456-301-L00000012440-CCD1_5_crop3.jpg,01-PAN-20240513-456-301-L00000012440-CCD1_5_crop3.txt,0119.jpg,0119.txt,images/train/01-PAN-20240513-456-301-L00000012440-CCD1_5_crop3.jpg,labels/train/01-PAN-20240513-456-301-L00000012440-CCD1_5_crop3.txt,images/train/0119.jpg,labels/train/0119.txt
120,0120,01-PAN-20240513-456-301-L00000012440-CCD1_5_crop4.jpg,01-PAN-20240513-456-301-L00000012440-CCD1_5_crop4.txt,0120.jpg,0120.txt,images/train/01-PAN-20240513-456-301-L00000012440-CCD1_5_crop4.jpg,labels/train/01-PAN-20240513-456-301-L00000012440-CCD1_5_crop4.txt,images/train/0120.jpg,labels/train/0120.txt
121,0121,01-PAN-20240513-456-301-L00000012440-CCD1_5_crop5.jpg,01-PAN-20240513-456-301-L00000012440-CCD1_5_crop5.txt,0121.jpg,0121.txt,images/train/01-PAN-20240513-456-301-L00000012440-CCD1_5_crop5.jpg,labels/train/01-PAN-20240513-456-301-L00000012440-CCD1_5_crop5.txt,images/train/0121.jpg,labels/train/0121.txt
122,0122,01-PAN-20240513-456-301-L00000012440-CCD1_5_crop6.jpg,01-PAN-20240513-456-301-L00000012440-CCD1_5_crop6.txt,0122.jpg,0122.txt,images/train/01-PAN-20240513-456-301-L00000012440-CCD1_5_crop6.jpg,labels/train/01-PAN-20240513-456-301-L00000012440-CCD1_5_crop6.txt,images/train/0122.jpg,labels/train/0122.txt
123,0123,01-PAN-20240513-456-301-L00000012440-CCD1_5_crop7.jpg,01-PAN-20240513-456-301-L00000012440-CCD1_5_crop7.txt,0123.jpg,0123.txt,images/train/01-PAN-20240513-456-301-L00000012440-CCD1_5_crop7.jpg,labels/train/01-PAN-20240513-456-301-L00000012440-CCD1_5_crop7.txt,images/train/0123.jpg,labels/train/0123.txt
124,0124,01-PAN-20240513-456-301-L00000012440-CCD1_5_crop8.jpg,01-PAN-20240513-456-301-L00000012440-CCD1_5_crop8.txt,0124.jpg,0124.txt,images/train/01-PAN-20240513-456-301-L00000012440-CCD1_5_crop8.jpg,labels/train/01-PAN-20240513-456-301-L00000012440-CCD1_5_crop8.txt,images/train/0124.jpg,labels/train/0124.txt
125,0125,01-PAN-20240513-456-301-L00000012440-CCD1_5_crop9.jpg,01-PAN-20240513-456-301-L00000012440-CCD1_5_crop9.txt,0125.jpg,0125.txt,images/train/01-PAN-20240513-456-301-L00000012440-CCD1_5_crop9.jpg,labels/train/01-PAN-20240513-456-301-L00000012440-CCD1_5_crop9.txt,images/train/0125.jpg,labels/train/0125.txt
126,0126,01-PAN-20240513-456-301-L00000012440-CCD1_6_crop1.jpg,01-PAN-20240513-456-301-L00000012440-CCD1_6_crop1.txt,0126.jpg,0126.txt,images/train/01-PAN-20240513-456-301-L00000012440-CCD1_6_crop1.jpg,labels/train/01-PAN-20240513-456-301-L00000012440-CCD1_6_crop1.txt,images/train/0126.jpg,labels/train/0126.txt
127,0127,01-PAN-20240513-456-301-L00000012440-CCD1_6_crop2.jpg,01-PAN-20240513-456-301-L00000012440-CCD1_6_crop2.txt,0127.jpg,0127.txt,images/train/01-PAN-20240513-456-301-L00000012440-CCD1_6_crop2.jpg,labels/train/01-PAN-20240513-456-301-L00000012440-CCD1_6_crop2.txt,images/train/0127.jpg,labels/train/0127.txt
128,0128,01-PAN-20240513-456-301-L00000012440-CCD2_4_crop1.jpg,01-PAN-20240513-456-301-L00000012440-CCD2_4_crop1.txt,0128.jpg,0128.txt,images/train/01-PAN-20240513-456-301-L00000012440-CCD2_4_crop1.jpg,labels/train/01-PAN-20240513-456-301-L00000012440-CCD2_4_crop1.txt,images/train/0128.jpg,labels/train/0128.txt
129,0129,01-PAN-20240513-456-301-L00000012440-CCD2_6_crop1.jpg,01-PAN-20240513-456-301-L00000012440-CCD2_6_crop1.txt,0129.jpg,0129.txt,images/train/01-PAN-20240513-456-301-L00000012440-CCD2_6_crop1.jpg,labels/train/01-PAN-20240513-456-301-L00000012440-CCD2_6_crop1.txt,images/train/0129.jpg,labels/train/0129.txt
130,0130,01-PAN-20240513-456-301-L00000012440-CCD2_6_crop2.jpg,01-PAN-20240513-456-301-L00000012440-CCD2_6_crop2.txt,0130.jpg,0130.txt,images/train/01-PAN-20240513-456-301-L00000012440-CCD2_6_crop2.jpg,labels/train/01-PAN-20240513-456-301-L00000012440-CCD2_6_crop2.txt,images/train/0130.jpg,labels/train/0130.txt
131,0131,01-PAN-20240513-456-301-L00000012440-CCD2_6_crop4.jpg,01-PAN-20240513-456-301-L00000012440-CCD2_6_crop4.txt,0131.jpg,0131.txt,images/train/01-PAN-20240513-456-301-L00000012440-CCD2_6_crop4.jpg,labels/train/01-PAN-20240513-456-301-L00000012440-CCD2_6_crop4.txt,images/train/0131.jpg,labels/train/0131.txt
132,0132,01-PAN-20240513-456-301-L00000012440-CCD2_6_crop6.jpg,01-PAN-20240513-456-301-L00000012440-CCD2_6_crop6.txt,0132.jpg,0132.txt,images/train/01-PAN-20240513-456-301-L00000012440-CCD2_6_crop6.jpg,labels/train/01-PAN-20240513-456-301-L00000012440-CCD2_6_crop6.txt,images/train/0132.jpg,labels/train/0132.txt
133,0133,01-PAN-20240513-456-302-L00000012441-CCD1_1_crop1.jpg,01-PAN-20240513-456-302-L00000012441-CCD1_1_crop1.txt,0133.jpg,0133.txt,images/train/01-PAN-20240513-456-302-L00000012441-CCD1_1_crop1.jpg,labels/train/01-PAN-20240513-456-302-L00000012441-CCD1_1_crop1.txt,images/train/0133.jpg,labels/train/0133.txt
134,0134,01-PAN-20240513-456-302-L00000012441-CCD1_1_crop2.jpg,01-PAN-20240513-456-302-L00000012441-CCD1_1_crop2.txt,0134.jpg,0134.txt,images/train/01-PAN-20240513-456-302-L00000012441-CCD1_1_crop2.jpg,labels/train/01-PAN-20240513-456-302-L00000012441-CCD1_1_crop2.txt,images/train/0134.jpg,labels/train/0134.txt
135,0135,01-PAN-20240513-456-302-L00000012441-CCD1_2_crop1.jpg,01-PAN-20240513-456-302-L00000012441-CCD1_2_crop1.txt,0135.jpg,0135.txt,images/train/01-PAN-20240513-456-302-L00000012441-CCD1_2_crop1.jpg,labels/train/01-PAN-20240513-456-302-L00000012441-CCD1_2_crop1.txt,images/train/0135.jpg,labels/train/0135.txt
136,0136,01-PAN-20240513-456-302-L00000012441-CCD1_2_crop2.jpg,01-PAN-20240513-456-302-L00000012441-CCD1_2_crop2.txt,0136.jpg,0136.txt,images/train/01-PAN-20240513-456-302-L00000012441-CCD1_2_crop2.jpg,labels/train/01-PAN-20240513-456-302-L00000012441-CCD1_2_crop2.txt,images/train/0136.jpg,labels/train/0136.txt
137,0137,01-PAN-20240513-456-302-L00000012441-CCD1_2_crop3.jpg,01-PAN-20240513-456-302-L00000012441-CCD1_2_crop3.txt,0137.jpg,0137.txt,images/train/01-PAN-20240513-456-302-L00000012441-CCD1_2_crop3.jpg,labels/train/01-PAN-20240513-456-302-L00000012441-CCD1_2_crop3.txt,images/train/0137.jpg,labels/train/0137.txt
138,0138,01-PAN-20240513-456-304-L00000012443-CCD11_4_crop1.jpg,01-PAN-20240513-456-304-L00000012443-CCD11_4_crop1.txt,0138.jpg,0138.txt,images/train/01-PAN-20240513-456-304-L00000012443-CCD11_4_crop1.jpg,labels/train/01-PAN-20240513-456-304-L00000012443-CCD11_4_crop1.txt,images/train/0138.jpg,labels/train/0138.txt
139,0139,01-PAN-20240513-456-304-L00000012443-CCD11_4_crop10.jpg,01-PAN-20240513-456-304-L00000012443-CCD11_4_crop10.txt,0139.jpg,0139.txt,images/train/01-PAN-20240513-456-304-L00000012443-CCD11_4_crop10.jpg,labels/train/01-PAN-20240513-456-304-L00000012443-CCD11_4_crop10.txt,images/train/0139.jpg,labels/train/0139.txt
140,0140,01-PAN-20240513-456-304-L00000012443-CCD11_4_crop11.jpg,01-PAN-20240513-456-304-L00000012443-CCD11_4_crop11.txt,0140.jpg,0140.txt,images/train/01-PAN-20240513-456-304-L00000012443-CCD11_4_crop11.jpg,labels/train/01-PAN-20240513-456-304-L00000012443-CCD11_4_crop11.txt,images/train/0140.jpg,labels/train/0140.txt
141,0141,01-PAN-20240513-456-304-L00000012443-CCD11_4_crop2.jpg,01-PAN-20240513-456-304-L00000012443-CCD11_4_crop2.txt,0141.jpg,0141.txt,images/train/01-PAN-20240513-456-304-L00000012443-CCD11_4_crop2.jpg,labels/train/01-PAN-20240513-456-304-L00000012443-CCD11_4_crop2.txt,images/train/0141.jpg,labels/train/0141.txt
142,0142,01-PAN-20240513-456-304-L00000012443-CCD11_4_crop3.jpg,01-PAN-20240513-456-304-L00000012443-CCD11_4_crop3.txt,0142.jpg,0142.txt,images/train/01-PAN-20240513-456-304-L00000012443-CCD11_4_crop3.jpg,labels/train/01-PAN-20240513-456-304-L00000012443-CCD11_4_crop3.txt,images/train/0142.jpg,labels/train/0142.txt
143,0143,01-PAN-20240513-456-304-L00000012443-CCD11_4_crop4.jpg,01-PAN-20240513-456-304-L00000012443-CCD11_4_crop4.txt,0143.jpg,0143.txt,images/train/01-PAN-20240513-456-304-L00000012443-CCD11_4_crop4.jpg,labels/train/01-PAN-20240513-456-304-L00000012443-CCD11_4_crop4.txt,images/train/0143.jpg,labels/train/0143.txt
144,0144,01-PAN-20240513-456-304-L00000012443-CCD11_4_crop5.jpg,01-PAN-20240513-456-304-L00000012443-CCD11_4_crop5.txt,0144.jpg,0144.txt,images/train/01-PAN-20240513-456-304-L00000012443-CCD11_4_crop5.jpg,labels/train/01-PAN-20240513-456-304-L00000012443-CCD11_4_crop5.txt,images/train/0144.jpg,labels/train/0144.txt
145,0145,01-PAN-20240513-456-304-L00000012443-CCD11_4_crop7.jpg,01-PAN-20240513-456-304-L00000012443-CCD11_4_crop7.txt,0145.jpg,0145.txt,images/train/01-PAN-20240513-456-304-L00000012443-CCD11_4_crop7.jpg,labels/train/01-PAN-20240513-456-304-L00000012443-CCD11_4_crop7.txt,images/train/0145.jpg,labels/train/0145.txt
146,0146,01-PAN-20240513-456-304-L00000012443-CCD11_4_crop8.jpg,01-PAN-20240513-456-304-L00000012443-CCD11_4_crop8.txt,0146.jpg,0146.txt,images/train/01-PAN-20240513-456-304-L00000012443-CCD11_4_crop8.jpg,labels/train/01-PAN-20240513-456-304-L00000012443-CCD11_4_crop8.txt,images/train/0146.jpg,labels/train/0146.txt
147,0147,01-PAN-20240513-456-304-L00000012443-CCD11_4_crop9.jpg,01-PAN-20240513-456-304-L00000012443-CCD11_4_crop9.txt,0147.jpg,0147.txt,images/train/01-PAN-20240513-456-304-L00000012443-CCD11_4_crop9.jpg,labels/train/01-PAN-20240513-456-304-L00000012443-CCD11_4_crop9.txt,images/train/0147.jpg,labels/train/0147.txt
148,0148,01-PAN-20240513-456-304-L00000012443-CCD11_6_crop1.jpg,01-PAN-20240513-456-304-L00000012443-CCD11_6_crop1.txt,0148.jpg,0148.txt,images/train/01-PAN-20240513-456-304-L00000012443-CCD11_6_crop1.jpg,labels/train/01-PAN-20240513-456-304-L00000012443-CCD11_6_crop1.txt,images/train/0148.jpg,labels/train/0148.txt
149,0149,01-PAN-20240513-456-304-L00000012443-CCD12_4_crop1.jpg,01-PAN-20240513-456-304-L00000012443-CCD12_4_crop1.txt,0149.jpg,0149.txt,images/train/01-PAN-20240513-456-304-L00000012443-CCD12_4_crop1.jpg,labels/train/01-PAN-20240513-456-304-L00000012443-CCD12_4_crop1.txt,images/train/0149.jpg,labels/train/0149.txt
150,0150,01-PAN-20240513-456-304-L00000012443-CCD12_4_crop2.jpg,01-PAN-20240513-456-304-L00000012443-CCD12_4_crop2.txt,0150.jpg,0150.txt,images/train/01-PAN-20240513-456-304-L00000012443-CCD12_4_crop2.jpg,labels/train/01-PAN-20240513-456-304-L00000012443-CCD12_4_crop2.txt,images/train/0150.jpg,labels/train/0150.txt
151,0151,01-PAN-20240513-456-304-L00000012443-CCD12_4_crop3.jpg,01-PAN-20240513-456-304-L00000012443-CCD12_4_crop3.txt,0151.jpg,0151.txt,images/train/01-PAN-20240513-456-304-L00000012443-CCD12_4_crop3.jpg,labels/train/01-PAN-20240513-456-304-L00000012443-CCD12_4_crop3.txt,images/train/0151.jpg,labels/train/0151.txt
152,0152,01-PAN-20240513-456-304-L00000012443-CCD14_3_crop1.jpg,01-PAN-20240513-456-304-L00000012443-CCD14_3_crop1.txt,0152.jpg,0152.txt,images/train/01-PAN-20240513-456-304-L00000012443-CCD14_3_crop1.jpg,labels/train/01-PAN-20240513-456-304-L00000012443-CCD14_3_crop1.txt,images/train/0152.jpg,labels/train/0152.txt
153,0153,01-PAN-20240513-456-304-L00000012443-CCD15_3_crop1.jpg,01-PAN-20240513-456-304-L00000012443-CCD15_3_crop1.txt,0153.jpg,0153.txt,images/train/01-PAN-20240513-456-304-L00000012443-CCD15_3_crop1.jpg,labels/train/01-PAN-20240513-456-304-L00000012443-CCD15_3_crop1.txt,images/train/0153.jpg,labels/train/0153.txt
154,0154,01-PAN-20240513-456-304-L00000012443-CCD15_3_crop2.jpg,01-PAN-20240513-456-304-L00000012443-CCD15_3_crop2.txt,0154.jpg,0154.txt,images/train/01-PAN-20240513-456-304-L00000012443-CCD15_3_crop2.jpg,labels/train/01-PAN-20240513-456-304-L00000012443-CCD15_3_crop2.txt,images/train/0154.jpg,labels/train/0154.txt
155,0155,01-PAN-20240513-456-304-L00000012443-CCD15_3_crop3.jpg,01-PAN-20240513-456-304-L00000012443-CCD15_3_crop3.txt,0155.jpg,0155.txt,images/train/01-PAN-20240513-456-304-L00000012443-CCD15_3_crop3.jpg,labels/train/01-PAN-20240513-456-304-L00000012443-CCD15_3_crop3.txt,images/train/0155.jpg,labels/train/0155.txt
156,0156,01-PAN-20240513-456-304-L00000012443-CCD15_3_crop4.jpg,01-PAN-20240513-456-304-L00000012443-CCD15_3_crop4.txt,0156.jpg,0156.txt,images/train/01-PAN-20240513-456-304-L00000012443-CCD15_3_crop4.jpg,labels/train/01-PAN-20240513-456-304-L00000012443-CCD15_3_crop4.txt,images/train/0156.jpg,labels/train/0156.txt
157,0157,01-PAN-20240513-456-304-L00000012443-CCD15_3_crop5.jpg,01-PAN-20240513-456-304-L00000012443-CCD15_3_crop5.txt,0157.jpg,0157.txt,images/train/01-PAN-20240513-456-304-L00000012443-CCD15_3_crop5.jpg,labels/train/01-PAN-20240513-456-304-L00000012443-CCD15_3_crop5.txt,images/train/0157.jpg,labels/train/0157.txt
158,0158,01-PAN-20240513-456-304-L00000012443-CCD15_3_crop6.jpg,01-PAN-20240513-456-304-L00000012443-CCD15_3_crop6.txt,0158.jpg,0158.txt,images/train/01-PAN-20240513-456-304-L00000012443-CCD15_3_crop6.jpg,labels/train/01-PAN-20240513-456-304-L00000012443-CCD15_3_crop6.txt,images/train/0158.jpg,labels/train/0158.txt
159,0159,01-PAN-20240513-456-304-L00000012443-CCD15_3_crop7.jpg,01-PAN-20240513-456-304-L00000012443-CCD15_3_crop7.txt,0159.jpg,0159.txt,images/train/01-PAN-20240513-456-304-L00000012443-CCD15_3_crop7.jpg,labels/train/01-PAN-20240513-456-304-L00000012443-CCD15_3_crop7.txt,images/train/0159.jpg,labels/train/0159.txt
160,0160,01-PAN-20240513-456-304-L00000012443-CCD15_3_crop8.jpg,01-PAN-20240513-456-304-L00000012443-CCD15_3_crop8.txt,0160.jpg,0160.txt,images/train/01-PAN-20240513-456-304-L00000012443-CCD15_3_crop8.jpg,labels/train/01-PAN-20240513-456-304-L00000012443-CCD15_3_crop8.txt,images/train/0160.jpg,labels/train/0160.txt
161,0161,01-PAN-20240513-456-304-L00000012443-CCD15_6_crop1.jpg,01-PAN-20240513-456-304-L00000012443-CCD15_6_crop1.txt,0161.jpg,0161.txt,images/train/01-PAN-20240513-456-304-L00000012443-CCD15_6_crop1.jpg,labels/train/01-PAN-20240513-456-304-L00000012443-CCD15_6_crop1.txt,images/train/0161.jpg,labels/train/0161.txt
162,0162,01-PAN-20240513-456-304-L00000012443-CCD15_6_crop2.jpg,01-PAN-20240513-456-304-L00000012443-CCD15_6_crop2.txt,0162.jpg,0162.txt,images/train/01-PAN-20240513-456-304-L00000012443-CCD15_6_crop2.jpg,labels/train/01-PAN-20240513-456-304-L00000012443-CCD15_6_crop2.txt,images/train/0162.jpg,labels/train/0162.txt
163,0163,01-PAN-20240513-456-304-L00000012443-CCD16_1_crop1.jpg,01-PAN-20240513-456-304-L00000012443-CCD16_1_crop1.txt,0163.jpg,0163.txt,images/train/01-PAN-20240513-456-304-L00000012443-CCD16_1_crop1.jpg,labels/train/01-PAN-20240513-456-304-L00000012443-CCD16_1_crop1.txt,images/train/0163.jpg,labels/train/0163.txt
164,0164,01-PAN-20240513-456-304-L00000012443-CCD16_1_crop2.jpg,01-PAN-20240513-456-304-L00000012443-CCD16_1_crop2.txt,0164.jpg,0164.txt,images/train/01-PAN-20240513-456-304-L00000012443-CCD16_1_crop2.jpg,labels/train/01-PAN-20240513-456-304-L00000012443-CCD16_1_crop2.txt,images/train/0164.jpg,labels/train/0164.txt
165,0165,01-PAN-20240513-456-304-L00000012443-CCD16_2_crop1.jpg,01-PAN-20240513-456-304-L00000012443-CCD16_2_crop1.txt,0165.jpg,0165.txt,images/train/01-PAN-20240513-456-304-L00000012443-CCD16_2_crop1.jpg,labels/train/01-PAN-20240513-456-304-L00000012443-CCD16_2_crop1.txt,images/train/0165.jpg,labels/train/0165.txt
166,0166,01-PAN-20240513-456-304-L00000012443-CCD16_2_crop3.jpg,01-PAN-20240513-456-304-L00000012443-CCD16_2_crop3.txt,0166.jpg,0166.txt,images/train/01-PAN-20240513-456-304-L00000012443-CCD16_2_crop3.jpg,labels/train/01-PAN-20240513-456-304-L00000012443-CCD16_2_crop3.txt,images/train/0166.jpg,labels/train/0166.txt
167,0167,01-PAN-20240513-456-304-L00000012443-CCD16_2_crop4.jpg,01-PAN-20240513-456-304-L00000012443-CCD16_2_crop4.txt,0167.jpg,0167.txt,images/train/01-PAN-20240513-456-304-L00000012443-CCD16_2_crop4.jpg,labels/train/01-PAN-20240513-456-304-L00000012443-CCD16_2_crop4.txt,images/train/0167.jpg,labels/train/0167.txt
168,0168,01-PAN-20240513-456-304-L00000012443-CCD16_2_crop5.jpg,01-PAN-20240513-456-304-L00000012443-CCD16_2_crop5.txt,0168.jpg,0168.txt,images/train/01-PAN-20240513-456-304-L00000012443-CCD16_2_crop5.jpg,labels/train/01-PAN-20240513-456-304-L00000012443-CCD16_2_crop5.txt,images/train/0168.jpg,labels/train/0168.txt
169,0169,01-PAN-20240513-456-304-L00000012443-CCD16_3_crop1.jpg,01-PAN-20240513-456-304-L00000012443-CCD16_3_crop1.txt,0169.jpg,0169.txt,images/train/01-PAN-20240513-456-304-L00000012443-CCD16_3_crop1.jpg,labels/train/01-PAN-20240513-456-304-L00000012443-CCD16_3_crop1.txt,images/train/0169.jpg,labels/train/0169.txt
170,0170,01-PAN-20240513-456-304-L00000012443-CCD16_6_crop1.jpg,01-PAN-20240513-456-304-L00000012443-CCD16_6_crop1.txt,0170.jpg,0170.txt,images/train/01-PAN-20240513-456-304-L00000012443-CCD16_6_crop1.jpg,labels/train/01-PAN-20240513-456-304-L00000012443-CCD16_6_crop1.txt,images/train/0170.jpg,labels/train/0170.txt
171,0171,01-PAN-20240513-456-304-L00000012443-CCD16_6_crop2.jpg,01-PAN-20240513-456-304-L00000012443-CCD16_6_crop2.txt,0171.jpg,0171.txt,images/train/01-PAN-20240513-456-304-L00000012443-CCD16_6_crop2.jpg,labels/train/01-PAN-20240513-456-304-L00000012443-CCD16_6_crop2.txt,images/train/0171.jpg,labels/train/0171.txt
172,0172,01-PAN-20240513-456-304-L00000012443-CCD17_2_crop1.jpg,01-PAN-20240513-456-304-L00000012443-CCD17_2_crop1.txt,0172.jpg,0172.txt,images/train/01-PAN-20240513-456-304-L00000012443-CCD17_2_crop1.jpg,labels/train/01-PAN-20240513-456-304-L00000012443-CCD17_2_crop1.txt,images/train/0172.jpg,labels/train/0172.txt
173,0173,01-PAN-20240513-456-304-L00000012443-CCD4_2_crop1.jpg,01-PAN-20240513-456-304-L00000012443-CCD4_2_crop1.txt,0173.jpg,0173.txt,images/train/01-PAN-20240513-456-304-L00000012443-CCD4_2_crop1.jpg,labels/train/01-PAN-20240513-456-304-L00000012443-CCD4_2_crop1.txt,images/train/0173.jpg,labels/train/0173.txt
174,0174,01-PAN-20240513-456-304-L00000012443-CCD5_1_crop1.jpg,01-PAN-20240513-456-304-L00000012443-CCD5_1_crop1.txt,0174.jpg,0174.txt,images/train/01-PAN-20240513-456-304-L00000012443-CCD5_1_crop1.jpg,labels/train/01-PAN-20240513-456-304-L00000012443-CCD5_1_crop1.txt,images/train/0174.jpg,labels/train/0174.txt
175,0175,01-PAN-20240513-456-304-L00000012443-CCD5_2_crop1.jpg,01-PAN-20240513-456-304-L00000012443-CCD5_2_crop1.txt,0175.jpg,0175.txt,images/train/01-PAN-20240513-456-304-L00000012443-CCD5_2_crop1.jpg,labels/train/01-PAN-20240513-456-304-L00000012443-CCD5_2_crop1.txt,images/train/0175.jpg,labels/train/0175.txt
176,0176,01-PAN-20240513-456-304-L00000012443-CCD5_2_crop2.jpg,01-PAN-20240513-456-304-L00000012443-CCD5_2_crop2.txt,0176.jpg,0176.txt,images/train/01-PAN-20240513-456-304-L00000012443-CCD5_2_crop2.jpg,labels/train/01-PAN-20240513-456-304-L00000012443-CCD5_2_crop2.txt,images/train/0176.jpg,labels/train/0176.txt
177,0177,01-PAN-20240513-456-304-L00000012443-CCD5_2_crop3.jpg,01-PAN-20240513-456-304-L00000012443-CCD5_2_crop3.txt,0177.jpg,0177.txt,images/train/01-PAN-20240513-456-304-L00000012443-CCD5_2_crop3.jpg,labels/train/01-PAN-20240513-456-304-L00000012443-CCD5_2_crop3.txt,images/train/0177.jpg,labels/train/0177.txt
178,0178,01-PAN-20240513-456-304-L00000012443-CCD5_2_crop4.jpg,01-PAN-20240513-456-304-L00000012443-CCD5_2_crop4.txt,0178.jpg,0178.txt,images/train/01-PAN-20240513-456-304-L00000012443-CCD5_2_crop4.jpg,labels/train/01-PAN-20240513-456-304-L00000012443-CCD5_2_crop4.txt,images/train/0178.jpg,labels/train/0178.txt
179,0179,01-PAN-20240513-456-304-L00000012443-CCD5_2_crop5.jpg,01-PAN-20240513-456-304-L00000012443-CCD5_2_crop5.txt,0179.jpg,0179.txt,images/train/01-PAN-20240513-456-304-L00000012443-CCD5_2_crop5.jpg,labels/train/01-PAN-20240513-456-304-L00000012443-CCD5_2_crop5.txt,images/train/0179.jpg,labels/train/0179.txt
180,0180,01-PAN-20240513-456-304-L00000012443-CCD5_4_crop1.jpg,01-PAN-20240513-456-304-L00000012443-CCD5_4_crop1.txt,0180.jpg,0180.txt,images/train/01-PAN-20240513-456-304-L00000012443-CCD5_4_crop1.jpg,labels/train/01-PAN-20240513-456-304-L00000012443-CCD5_4_crop1.txt,images/train/0180.jpg,labels/train/0180.txt
181,0181,01-PAN-20240513-456-304-L00000012443-CCD5_4_crop2.jpg,01-PAN-20240513-456-304-L00000012443-CCD5_4_crop2.txt,0181.jpg,0181.txt,images/train/01-PAN-20240513-456-304-L00000012443-CCD5_4_crop2.jpg,labels/train/01-PAN-20240513-456-304-L00000012443-CCD5_4_crop2.txt,images/train/0181.jpg,labels/train/0181.txt
182,0182,01-PAN-20240513-456-304-L00000012443-CCD5_4_crop3.jpg,01-PAN-20240513-456-304-L00000012443-CCD5_4_crop3.txt,0182.jpg,0182.txt,images/train/01-PAN-20240513-456-304-L00000012443-CCD5_4_crop3.jpg,labels/train/01-PAN-20240513-456-304-L00000012443-CCD5_4_crop3.txt,images/train/0182.jpg,labels/train/0182.txt
183,0183,01-PAN-20240513-456-304-L00000012443-CCD6_1_crop1.jpg,01-PAN-20240513-456-304-L00000012443-CCD6_1_crop1.txt,0183.jpg,0183.txt,images/train/01-PAN-20240513-456-304-L00000012443-CCD6_1_crop1.jpg,labels/train/01-PAN-20240513-456-304-L00000012443-CCD6_1_crop1.txt,images/train/0183.jpg,labels/train/0183.txt
184,0184,01-PAN-20240513-456-304-L00000012443-CCD6_1_crop2.jpg,01-PAN-20240513-456-304-L00000012443-CCD6_1_crop2.txt,0184.jpg,0184.txt,images/train/01-PAN-20240513-456-304-L00000012443-CCD6_1_crop2.jpg,labels/train/01-PAN-20240513-456-304-L00000012443-CCD6_1_crop2.txt,images/train/0184.jpg,labels/train/0184.txt
185,0185,01-PAN-20240513-456-304-L00000012443-CCD6_2_crop1.jpg,01-PAN-20240513-456-304-L00000012443-CCD6_2_crop1.txt,0185.jpg,0185.txt,images/train/01-PAN-20240513-456-304-L00000012443-CCD6_2_crop1.jpg,labels/train/01-PAN-20240513-456-304-L00000012443-CCD6_2_crop1.txt,images/train/0185.jpg,labels/train/0185.txt
186,0186,01-PAN-20240513-456-304-L00000012443-CCD6_2_crop10.jpg,01-PAN-20240513-456-304-L00000012443-CCD6_2_crop10.txt,0186.jpg,0186.txt,images/train/01-PAN-20240513-456-304-L00000012443-CCD6_2_crop10.jpg,labels/train/01-PAN-20240513-456-304-L00000012443-CCD6_2_crop10.txt,images/train/0186.jpg,labels/train/0186.txt
187,0187,01-PAN-20240513-456-304-L00000012443-CCD6_2_crop11.jpg,01-PAN-20240513-456-304-L00000012443-CCD6_2_crop11.txt,0187.jpg,0187.txt,images/train/01-PAN-20240513-456-304-L00000012443-CCD6_2_crop11.jpg,labels/train/01-PAN-20240513-456-304-L00000012443-CCD6_2_crop11.txt,images/train/0187.jpg,labels/train/0187.txt
188,0188,01-PAN-20240513-456-304-L00000012443-CCD6_2_crop2.jpg,01-PAN-20240513-456-304-L00000012443-CCD6_2_crop2.txt,0188.jpg,0188.txt,images/train/01-PAN-20240513-456-304-L00000012443-CCD6_2_crop2.jpg,labels/train/01-PAN-20240513-456-304-L00000012443-CCD6_2_crop2.txt,images/train/0188.jpg,labels/train/0188.txt
189,0189,01-PAN-20240513-456-304-L00000012443-CCD6_2_crop3.jpg,01-PAN-20240513-456-304-L00000012443-CCD6_2_crop3.txt,0189.jpg,0189.txt,images/train/01-PAN-20240513-456-304-L00000012443-CCD6_2_crop3.jpg,labels/train/01-PAN-20240513-456-304-L00000012443-CCD6_2_crop3.txt,images/train/0189.jpg,labels/train/0189.txt
190,0190,01-PAN-20240513-456-304-L00000012443-CCD6_2_crop4.jpg,01-PAN-20240513-456-304-L00000012443-CCD6_2_crop4.txt,0190.jpg,0190.txt,images/train/01-PAN-20240513-456-304-L00000012443-CCD6_2_crop4.jpg,labels/train/01-PAN-20240513-456-304-L00000012443-CCD6_2_crop4.txt,images/train/0190.jpg,labels/train/0190.txt
191,0191,01-PAN-20240513-456-304-L00000012443-CCD6_2_crop5.jpg,01-PAN-20240513-456-304-L00000012443-CCD6_2_crop5.txt,0191.jpg,0191.txt,images/train/01-PAN-20240513-456-304-L00000012443-CCD6_2_crop5.jpg,labels/train/01-PAN-20240513-456-304-L00000012443-CCD6_2_crop5.txt,images/train/0191.jpg,labels/train/0191.txt
192,0192,01-PAN-20240513-456-304-L00000012443-CCD6_2_crop6.jpg,01-PAN-20240513-456-304-L00000012443-CCD6_2_crop6.txt,0192.jpg,0192.txt,images/train/01-PAN-20240513-456-304-L00000012443-CCD6_2_crop6.jpg,labels/train/01-PAN-20240513-456-304-L00000012443-CCD6_2_crop6.txt,images/train/0192.jpg,labels/train/0192.txt
193,0193,01-PAN-20240513-456-304-L00000012443-CCD6_2_crop7.jpg,01-PAN-20240513-456-304-L00000012443-CCD6_2_crop7.txt,0193.jpg,0193.txt,images/train/01-PAN-20240513-456-304-L00000012443-CCD6_2_crop7.jpg,labels/train/01-PAN-20240513-456-304-L00000012443-CCD6_2_crop7.txt,images/train/0193.jpg,labels/train/0193.txt
194,0194,01-PAN-20240513-456-304-L00000012443-CCD6_2_crop8.jpg,01-PAN-20240513-456-304-L00000012443-CCD6_2_crop8.txt,0194.jpg,0194.txt,images/train/01-PAN-20240513-456-304-L00000012443-CCD6_2_crop8.jpg,labels/train/01-PAN-20240513-456-304-L00000012443-CCD6_2_crop8.txt,images/train/0194.jpg,labels/train/0194.txt
195,0195,01-PAN-20240513-456-304-L00000012443-CCD6_2_crop9.jpg,01-PAN-20240513-456-304-L00000012443-CCD6_2_crop9.txt,0195.jpg,0195.txt,images/train/01-PAN-20240513-456-304-L00000012443-CCD6_2_crop9.jpg,labels/train/01-PAN-20240513-456-304-L00000012443-CCD6_2_crop9.txt,images/train/0195.jpg,labels/train/0195.txt
196,0196,01-PAN-20240513-456-304-L00000012443-CCD6_3_crop1.jpg,01-PAN-20240513-456-304-L00000012443-CCD6_3_crop1.txt,0196.jpg,0196.txt,images/train/01-PAN-20240513-456-304-L00000012443-CCD6_3_crop1.jpg,labels/train/01-PAN-20240513-456-304-L00000012443-CCD6_3_crop1.txt,images/train/0196.jpg,labels/train/0196.txt
197,0197,01-PAN-20240513-456-304-L00000012443-CCD6_3_crop2.jpg,01-PAN-20240513-456-304-L00000012443-CCD6_3_crop2.txt,0197.jpg,0197.txt,images/train/01-PAN-20240513-456-304-L00000012443-CCD6_3_crop2.jpg,labels/train/01-PAN-20240513-456-304-L00000012443-CCD6_3_crop2.txt,images/train/0197.jpg,labels/train/0197.txt
198,0198,01-PAN-20240513-456-304-L00000012443-CCD6_3_crop3.jpg,01-PAN-20240513-456-304-L00000012443-CCD6_3_crop3.txt,0198.jpg,0198.txt,images/train/01-PAN-20240513-456-304-L00000012443-CCD6_3_crop3.jpg,labels/train/01-PAN-20240513-456-304-L00000012443-CCD6_3_crop3.txt,images/train/0198.jpg,labels/train/0198.txt
199,0199,01-PAN-20240513-456-304-L00000012443-CCD6_3_crop4.jpg,01-PAN-20240513-456-304-L00000012443-CCD6_3_crop4.txt,0199.jpg,0199.txt,images/train/01-PAN-20240513-456-304-L00000012443-CCD6_3_crop4.jpg,labels/train/01-PAN-20240513-456-304-L00000012443-CCD6_3_crop4.txt,images/train/0199.jpg,labels/train/0199.txt
200,0200,01-PAN-20240513-456-304-L00000012443-CCD6_3_crop5.jpg,01-PAN-20240513-456-304-L00000012443-CCD6_3_crop5.txt,0200.jpg,0200.txt,images/train/01-PAN-20240513-456-304-L00000012443-CCD6_3_crop5.jpg,labels/train/01-PAN-20240513-456-304-L00000012443-CCD6_3_crop5.txt,images/train/0200.jpg,labels/train/0200.txt
201,0201,01-PAN-20240513-456-304-L00000012443-CCD6_3_crop6.jpg,01-PAN-20240513-456-304-L00000012443-CCD6_3_crop6.txt,0201.jpg,0201.txt,images/train/01-PAN-20240513-456-304-L00000012443-CCD6_3_crop6.jpg,labels/train/01-PAN-20240513-456-304-L00000012443-CCD6_3_crop6.txt,images/train/0201.jpg,labels/train/0201.txt
202,0202,01-PAN-20240513-456-304-L00000012443-CCD6_3_crop7.jpg,01-PAN-20240513-456-304-L00000012443-CCD6_3_crop7.txt,0202.jpg,0202.txt,images/train/01-PAN-20240513-456-304-L00000012443-CCD6_3_crop7.jpg,labels/train/01-PAN-20240513-456-304-L00000012443-CCD6_3_crop7.txt,images/train/0202.jpg,labels/train/0202.txt
203,0203,01-PAN-20240513-456-304-L00000012443-CCD6_4_crop1.jpg,01-PAN-20240513-456-304-L00000012443-CCD6_4_crop1.txt,0203.jpg,0203.txt,images/train/01-PAN-20240513-456-304-L00000012443-CCD6_4_crop1.jpg,labels/train/01-PAN-20240513-456-304-L00000012443-CCD6_4_crop1.txt,images/train/0203.jpg,labels/train/0203.txt
204,0204,01-PAN-20240513-456-304-L00000012443-CCD6_4_crop2.jpg,01-PAN-20240513-456-304-L00000012443-CCD6_4_crop2.txt,0204.jpg,0204.txt,images/train/01-PAN-20240513-456-304-L00000012443-CCD6_4_crop2.jpg,labels/train/01-PAN-20240513-456-304-L00000012443-CCD6_4_crop2.txt,images/train/0204.jpg,labels/train/0204.txt
205,0205,01-PAN-20240513-456-304-L00000012443-CCD6_5_crop2.jpg,01-PAN-20240513-456-304-L00000012443-CCD6_5_crop2.txt,0205.jpg,0205.txt,images/train/01-PAN-20240513-456-304-L00000012443-CCD6_5_crop2.jpg,labels/train/01-PAN-20240513-456-304-L00000012443-CCD6_5_crop2.txt,images/train/0205.jpg,labels/train/0205.txt
206,0206,01-PAN-20240513-456-304-L00000012443-CCD7_3_crop1.jpg,01-PAN-20240513-456-304-L00000012443-CCD7_3_crop1.txt,0206.jpg,0206.txt,images/train/01-PAN-20240513-456-304-L00000012443-CCD7_3_crop1.jpg,labels/train/01-PAN-20240513-456-304-L00000012443-CCD7_3_crop1.txt,images/train/0206.jpg,labels/train/0206.txt
207,0207,01-PAN-20240513-456-304-L00000012443-CCD7_3_crop10.jpg,01-PAN-20240513-456-304-L00000012443-CCD7_3_crop10.txt,0207.jpg,0207.txt,images/train/01-PAN-20240513-456-304-L00000012443-CCD7_3_crop10.jpg,labels/train/01-PAN-20240513-456-304-L00000012443-CCD7_3_crop10.txt,images/train/0207.jpg,labels/train/0207.txt
208,0208,01-PAN-20240513-456-304-L00000012443-CCD7_3_crop11.jpg,01-PAN-20240513-456-304-L00000012443-CCD7_3_crop11.txt,0208.jpg,0208.txt,images/train/01-PAN-20240513-456-304-L00000012443-CCD7_3_crop11.jpg,labels/train/01-PAN-20240513-456-304-L00000012443-CCD7_3_crop11.txt,images/train/0208.jpg,labels/train/0208.txt
209,0209,01-PAN-20240513-456-304-L00000012443-CCD7_3_crop2.jpg,01-PAN-20240513-456-304-L00000012443-CCD7_3_crop2.txt,0209.jpg,0209.txt,images/train/01-PAN-20240513-456-304-L00000012443-CCD7_3_crop2.jpg,labels/train/01-PAN-20240513-456-304-L00000012443-CCD7_3_crop2.txt,images/train/0209.jpg,labels/train/0209.txt
210,0210,01-PAN-20240513-456-304-L00000012443-CCD7_3_crop3.jpg,01-PAN-20240513-456-304-L00000012443-CCD7_3_crop3.txt,0210.jpg,0210.txt,images/train/01-PAN-20240513-456-304-L00000012443-CCD7_3_crop3.jpg,labels/train/01-PAN-20240513-456-304-L00000012443-CCD7_3_crop3.txt,images/train/0210.jpg,labels/train/0210.txt
211,0211,01-PAN-20240513-456-304-L00000012443-CCD7_3_crop4.jpg,01-PAN-20240513-456-304-L00000012443-CCD7_3_crop4.txt,0211.jpg,0211.txt,images/train/01-PAN-20240513-456-304-L00000012443-CCD7_3_crop4.jpg,labels/train/01-PAN-20240513-456-304-L00000012443-CCD7_3_crop4.txt,images/train/0211.jpg,labels/train/0211.txt
212,0212,01-PAN-20240513-456-304-L00000012443-CCD7_3_crop5.jpg,01-PAN-20240513-456-304-L00000012443-CCD7_3_crop5.txt,0212.jpg,0212.txt,images/train/01-PAN-20240513-456-304-L00000012443-CCD7_3_crop5.jpg,labels/train/01-PAN-20240513-456-304-L00000012443-CCD7_3_crop5.txt,images/train/0212.jpg,labels/train/0212.txt
213,0213,01-PAN-20240513-456-304-L00000012443-CCD7_3_crop7.jpg,01-PAN-20240513-456-304-L00000012443-CCD7_3_crop7.txt,0213.jpg,0213.txt,images/train/01-PAN-20240513-456-304-L00000012443-CCD7_3_crop7.jpg,labels/train/01-PAN-20240513-456-304-L00000012443-CCD7_3_crop7.txt,images/train/0213.jpg,labels/train/0213.txt
214,0214,01-PAN-20240513-456-304-L00000012443-CCD7_3_crop8.jpg,01-PAN-20240513-456-304-L00000012443-CCD7_3_crop8.txt,0214.jpg,0214.txt,images/train/01-PAN-20240513-456-304-L00000012443-CCD7_3_crop8.jpg,labels/train/01-PAN-20240513-456-304-L00000012443-CCD7_3_crop8.txt,images/train/0214.jpg,labels/train/0214.txt
215,0215,01-PAN-20240513-456-304-L00000012443-CCD7_3_crop9.jpg,01-PAN-20240513-456-304-L00000012443-CCD7_3_crop9.txt,0215.jpg,0215.txt,images/train/01-PAN-20240513-456-304-L00000012443-CCD7_3_crop9.jpg,labels/train/01-PAN-20240513-456-304-L00000012443-CCD7_3_crop9.txt,images/train/0215.jpg,labels/train/0215.txt
216,0216,01-PAN-20240513-456-304-L00000012443-CCD7_4_crop2.jpg,01-PAN-20240513-456-304-L00000012443-CCD7_4_crop2.txt,0216.jpg,0216.txt,images/train/01-PAN-20240513-456-304-L00000012443-CCD7_4_crop2.jpg,labels/train/01-PAN-20240513-456-304-L00000012443-CCD7_4_crop2.txt,images/train/0216.jpg,labels/train/0216.txt
217,0217,01-PAN-20240513-456-305-L00000012444-CCD15_1_crop2.jpg,01-PAN-20240513-456-305-L00000012444-CCD15_1_crop2.txt,0217.jpg,0217.txt,images/train/01-PAN-20240513-456-305-L00000012444-CCD15_1_crop2.jpg,labels/train/01-PAN-20240513-456-305-L00000012444-CCD15_1_crop2.txt,images/train/0217.jpg,labels/train/0217.txt
218,0218,01-PAN-20240513-456-305-L00000012444-CCD15_3_crop2.jpg,01-PAN-20240513-456-305-L00000012444-CCD15_3_crop2.txt,0218.jpg,0218.txt,images/train/01-PAN-20240513-456-305-L00000012444-CCD15_3_crop2.jpg,labels/train/01-PAN-20240513-456-305-L00000012444-CCD15_3_crop2.txt,images/train/0218.jpg,labels/train/0218.txt
219,0219,01-PAN-20240513-456-305-L00000012444-CCD15_4_crop1.jpg,01-PAN-20240513-456-305-L00000012444-CCD15_4_crop1.txt,0219.jpg,0219.txt,images/train/01-PAN-20240513-456-305-L00000012444-CCD15_4_crop1.jpg,labels/train/01-PAN-20240513-456-305-L00000012444-CCD15_4_crop1.txt,images/train/0219.jpg,labels/train/0219.txt
220,0220,01-PAN-20240513-456-305-L00000012444-CCD15_4_crop2.jpg,01-PAN-20240513-456-305-L00000012444-CCD15_4_crop2.txt,0220.jpg,0220.txt,images/train/01-PAN-20240513-456-305-L00000012444-CCD15_4_crop2.jpg,labels/train/01-PAN-20240513-456-305-L00000012444-CCD15_4_crop2.txt,images/train/0220.jpg,labels/train/0220.txt
221,0221,01-PAN-20240513-456-305-L00000012444-CCD15_4_crop3.jpg,01-PAN-20240513-456-305-L00000012444-CCD15_4_crop3.txt,0221.jpg,0221.txt,images/train/01-PAN-20240513-456-305-L00000012444-CCD15_4_crop3.jpg,labels/train/01-PAN-20240513-456-305-L00000012444-CCD15_4_crop3.txt,images/train/0221.jpg,labels/train/0221.txt
222,0222,01-PAN-20240513-456-305-L00000012444-CCD15_4_crop4.jpg,01-PAN-20240513-456-305-L00000012444-CCD15_4_crop4.txt,0222.jpg,0222.txt,images/train/01-PAN-20240513-456-305-L00000012444-CCD15_4_crop4.jpg,labels/train/01-PAN-20240513-456-305-L00000012444-CCD15_4_crop4.txt,images/train/0222.jpg,labels/train/0222.txt
223,0223,01-PAN-20240513-456-305-L00000012444-CCD15_4_crop5.jpg,01-PAN-20240513-456-305-L00000012444-CCD15_4_crop5.txt,0223.jpg,0223.txt,images/train/01-PAN-20240513-456-305-L00000012444-CCD15_4_crop5.jpg,labels/train/01-PAN-20240513-456-305-L00000012444-CCD15_4_crop5.txt,images/train/0223.jpg,labels/train/0223.txt
224,0224,01-PAN-20240513-456-305-L00000012444-CCD16_1_crop1.jpg,01-PAN-20240513-456-305-L00000012444-CCD16_1_crop1.txt,0224.jpg,0224.txt,images/train/01-PAN-20240513-456-305-L00000012444-CCD16_1_crop1.jpg,labels/train/01-PAN-20240513-456-305-L00000012444-CCD16_1_crop1.txt,images/train/0224.jpg,labels/train/0224.txt
225,0225,01-PAN-20240513-456-305-L00000012444-CCD16_1_crop2.jpg,01-PAN-20240513-456-305-L00000012444-CCD16_1_crop2.txt,0225.jpg,0225.txt,images/train/01-PAN-20240513-456-305-L00000012444-CCD16_1_crop2.jpg,labels/train/01-PAN-20240513-456-305-L00000012444-CCD16_1_crop2.txt,images/train/0225.jpg,labels/train/0225.txt
226,0226,01-PAN-20240513-456-305-L00000012444-CCD16_2_crop1.jpg,01-PAN-20240513-456-305-L00000012444-CCD16_2_crop1.txt,0226.jpg,0226.txt,images/train/01-PAN-20240513-456-305-L00000012444-CCD16_2_crop1.jpg,labels/train/01-PAN-20240513-456-305-L00000012444-CCD16_2_crop1.txt,images/train/0226.jpg,labels/train/0226.txt
227,0227,01-PAN-20240513-456-305-L00000012444-CCD16_3_crop1.jpg,01-PAN-20240513-456-305-L00000012444-CCD16_3_crop1.txt,0227.jpg,0227.txt,images/train/01-PAN-20240513-456-305-L00000012444-CCD16_3_crop1.jpg,labels/train/01-PAN-20240513-456-305-L00000012444-CCD16_3_crop1.txt,images/train/0227.jpg,labels/train/0227.txt
228,0228,01-PAN-20240513-456-305-L00000012444-CCD16_4_crop1.jpg,01-PAN-20240513-456-305-L00000012444-CCD16_4_crop1.txt,0228.jpg,0228.txt,images/train/01-PAN-20240513-456-305-L00000012444-CCD16_4_crop1.jpg,labels/train/01-PAN-20240513-456-305-L00000012444-CCD16_4_crop1.txt,images/train/0228.jpg,labels/train/0228.txt
229,0229,01-PAN-20240513-456-305-L00000012444-CCD18_1_crop1.jpg,01-PAN-20240513-456-305-L00000012444-CCD18_1_crop1.txt,0229.jpg,0229.txt,images/train/01-PAN-20240513-456-305-L00000012444-CCD18_1_crop1.jpg,labels/train/01-PAN-20240513-456-305-L00000012444-CCD18_1_crop1.txt,images/train/0229.jpg,labels/train/0229.txt
230,0230,01-PAN-20240513-456-305-L00000012444-CCD18_3_crop1.jpg,01-PAN-20240513-456-305-L00000012444-CCD18_3_crop1.txt,0230.jpg,0230.txt,images/train/01-PAN-20240513-456-305-L00000012444-CCD18_3_crop1.jpg,labels/train/01-PAN-20240513-456-305-L00000012444-CCD18_3_crop1.txt,images/train/0230.jpg,labels/train/0230.txt
231,0231,01-PAN-20240513-456-305-L00000012444-CCD18_3_crop2.jpg,01-PAN-20240513-456-305-L00000012444-CCD18_3_crop2.txt,0231.jpg,0231.txt,images/train/01-PAN-20240513-456-305-L00000012444-CCD18_3_crop2.jpg,labels/train/01-PAN-20240513-456-305-L00000012444-CCD18_3_crop2.txt,images/train/0231.jpg,labels/train/0231.txt
232,0232,01-PAN-20240513-456-306-L00000012445-CCD25_2_crop1.jpg,01-PAN-20240513-456-306-L00000012445-CCD25_2_crop1.txt,0232.jpg,0232.txt,images/train/01-PAN-20240513-456-306-L00000012445-CCD25_2_crop1.jpg,labels/train/01-PAN-20240513-456-306-L00000012445-CCD25_2_crop1.txt,images/train/0232.jpg,labels/train/0232.txt
233,0233,01-PAN-20240513-456-306-L00000012445-CCD26_1_crop1.jpg,01-PAN-20240513-456-306-L00000012445-CCD26_1_crop1.txt,0233.jpg,0233.txt,images/train/01-PAN-20240513-456-306-L00000012445-CCD26_1_crop1.jpg,labels/train/01-PAN-20240513-456-306-L00000012445-CCD26_1_crop1.txt,images/train/0233.jpg,labels/train/0233.txt
234,0234,01-PAN-20240513-456-307-L00000012446-CCD26_4_crop1.jpg,01-PAN-20240513-456-307-L00000012446-CCD26_4_crop1.txt,0234.jpg,0234.txt,images/train/01-PAN-20240513-456-307-L00000012446-CCD26_4_crop1.jpg,labels/train/01-PAN-20240513-456-307-L00000012446-CCD26_4_crop1.txt,images/train/0234.jpg,labels/train/0234.txt
235,0235,01-PAN-20240513-456-307-L00000012446-CCD26_4_crop2.jpg,01-PAN-20240513-456-307-L00000012446-CCD26_4_crop2.txt,0235.jpg,0235.txt,images/train/01-PAN-20240513-456-307-L00000012446-CCD26_4_crop2.jpg,labels/train/01-PAN-20240513-456-307-L00000012446-CCD26_4_crop2.txt,images/train/0235.jpg,labels/train/0235.txt
236,0236,01-PAN-20240513-456-307-L00000012446-CCD26_4_crop3.jpg,01-PAN-20240513-456-307-L00000012446-CCD26_4_crop3.txt,0236.jpg,0236.txt,images/train/01-PAN-20240513-456-307-L00000012446-CCD26_4_crop3.jpg,labels/train/01-PAN-20240513-456-307-L00000012446-CCD26_4_crop3.txt,images/train/0236.jpg,labels/train/0236.txt
237,0237,01-PAN-20240513-456-307-L00000012446-CCD26_5_crop1.jpg,01-PAN-20240513-456-307-L00000012446-CCD26_5_crop1.txt,0237.jpg,0237.txt,images/train/01-PAN-20240513-456-307-L00000012446-CCD26_5_crop1.jpg,labels/train/01-PAN-20240513-456-307-L00000012446-CCD26_5_crop1.txt,images/train/0237.jpg,labels/train/0237.txt
238,0238,01-PAN-20240513-456-307-L00000012446-CCD26_5_crop2.jpg,01-PAN-20240513-456-307-L00000012446-CCD26_5_crop2.txt,0238.jpg,0238.txt,images/train/01-PAN-20240513-456-307-L00000012446-CCD26_5_crop2.jpg,labels/train/01-PAN-20240513-456-307-L00000012446-CCD26_5_crop2.txt,images/train/0238.jpg,labels/train/0238.txt
239,0239,01-PAN-20240513-456-307-L00000012446-CCD26_5_crop3.jpg,01-PAN-20240513-456-307-L00000012446-CCD26_5_crop3.txt,0239.jpg,0239.txt,images/train/01-PAN-20240513-456-307-L00000012446-CCD26_5_crop3.jpg,labels/train/01-PAN-20240513-456-307-L00000012446-CCD26_5_crop3.txt,images/train/0239.jpg,labels/train/0239.txt
240,0240,01-PAN-20240513-456-307-L00000012446-CCD26_5_crop4.jpg,01-PAN-20240513-456-307-L00000012446-CCD26_5_crop4.txt,0240.jpg,0240.txt,images/train/01-PAN-20240513-456-307-L00000012446-CCD26_5_crop4.jpg,labels/train/01-PAN-20240513-456-307-L00000012446-CCD26_5_crop4.txt,images/train/0240.jpg,labels/train/0240.txt
241,0241,01-PAN-20240513-456-307-L00000012446-CCD26_5_crop5.jpg,01-PAN-20240513-456-307-L00000012446-CCD26_5_crop5.txt,0241.jpg,0241.txt,images/train/01-PAN-20240513-456-307-L00000012446-CCD26_5_crop5.jpg,labels/train/01-PAN-20240513-456-307-L00000012446-CCD26_5_crop5.txt,images/train/0241.jpg,labels/train/0241.txt
242,0242,01-PAN-20240513-456-307-L00000012446-CCD26_5_crop6.jpg,01-PAN-20240513-456-307-L00000012446-CCD26_5_crop6.txt,0242.jpg,0242.txt,images/train/01-PAN-20240513-456-307-L00000012446-CCD26_5_crop6.jpg,labels/train/01-PAN-20240513-456-307-L00000012446-CCD26_5_crop6.txt,images/train/0242.jpg,labels/train/0242.txt
243,0243,01-PAN-20240513-456-307-L00000012446-CCD26_5_crop7.jpg,01-PAN-20240513-456-307-L00000012446-CCD26_5_crop7.txt,0243.jpg,0243.txt,images/train/01-PAN-20240513-456-307-L00000012446-CCD26_5_crop7.jpg,labels/train/01-PAN-20240513-456-307-L00000012446-CCD26_5_crop7.txt,images/train/0243.jpg,labels/train/0243.txt
244,0244,01-PAN-20240513-456-307-L00000012446-CCD27_4_crop1.jpg,01-PAN-20240513-456-307-L00000012446-CCD27_4_crop1.txt,0244.jpg,0244.txt,images/train/01-PAN-20240513-456-307-L00000012446-CCD27_4_crop1.jpg,labels/train/01-PAN-20240513-456-307-L00000012446-CCD27_4_crop1.txt,images/train/0244.jpg,labels/train/0244.txt
245,0245,01-PAN-20240513-456-307-L00000012446-CCD27_4_crop3.jpg,01-PAN-20240513-456-307-L00000012446-CCD27_4_crop3.txt,0245.jpg,0245.txt,images/train/01-PAN-20240513-456-307-L00000012446-CCD27_4_crop3.jpg,labels/train/01-PAN-20240513-456-307-L00000012446-CCD27_4_crop3.txt,images/train/0245.jpg,labels/train/0245.txt
246,0246,01-PAN-20240513-456-307-L00000012446-CCD27_5_crop1.jpg,01-PAN-20240513-456-307-L00000012446-CCD27_5_crop1.txt,0246.jpg,0246.txt,images/train/01-PAN-20240513-456-307-L00000012446-CCD27_5_crop1.jpg,labels/train/01-PAN-20240513-456-307-L00000012446-CCD27_5_crop1.txt,images/train/0246.jpg,labels/train/0246.txt
247,0247,01-PAN-20240513-456-307-L00000012446-CCD27_5_crop2.jpg,01-PAN-20240513-456-307-L00000012446-CCD27_5_crop2.txt,0247.jpg,0247.txt,images/train/01-PAN-20240513-456-307-L00000012446-CCD27_5_crop2.jpg,labels/train/01-PAN-20240513-456-307-L00000012446-CCD27_5_crop2.txt,images/train/0247.jpg,labels/train/0247.txt
248,0248,01-PAN-20240513-456-307-L00000012446-CCD27_5_crop3.jpg,01-PAN-20240513-456-307-L00000012446-CCD27_5_crop3.txt,0248.jpg,0248.txt,images/train/01-PAN-20240513-456-307-L00000012446-CCD27_5_crop3.jpg,labels/train/01-PAN-20240513-456-307-L00000012446-CCD27_5_crop3.txt,images/train/0248.jpg,labels/train/0248.txt
249,0249,01-PAN-20240513-456-307-L00000012446-CCD27_6_crop1.jpg,01-PAN-20240513-456-307-L00000012446-CCD27_6_crop1.txt,0249.jpg,0249.txt,images/train/01-PAN-20240513-456-307-L00000012446-CCD27_6_crop1.jpg,labels/train/01-PAN-20240513-456-307-L00000012446-CCD27_6_crop1.txt,images/train/0249.jpg,labels/train/0249.txt
250,0250,01-PAN-20240513-456-307-L00000012446-CCD30_2_crop1.jpg,01-PAN-20240513-456-307-L00000012446-CCD30_2_crop1.txt,0250.jpg,0250.txt,images/train/01-PAN-20240513-456-307-L00000012446-CCD30_2_crop1.jpg,labels/train/01-PAN-20240513-456-307-L00000012446-CCD30_2_crop1.txt,images/train/0250.jpg,labels/train/0250.txt
251,0251,01-PAN-20240513-456-307-L00000012446-CCD30_3_crop1.jpg,01-PAN-20240513-456-307-L00000012446-CCD30_3_crop1.txt,0251.jpg,0251.txt,images/train/01-PAN-20240513-456-307-L00000012446-CCD30_3_crop1.jpg,labels/train/01-PAN-20240513-456-307-L00000012446-CCD30_3_crop1.txt,images/train/0251.jpg,labels/train/0251.txt
252,0252,01-PAN-20240513-456-307-L00000012446-CCD30_3_crop2.jpg,01-PAN-20240513-456-307-L00000012446-CCD30_3_crop2.txt,0252.jpg,0252.txt,images/train/01-PAN-20240513-456-307-L00000012446-CCD30_3_crop2.jpg,labels/train/01-PAN-20240513-456-307-L00000012446-CCD30_3_crop2.txt,images/train/0252.jpg,labels/train/0252.txt
253,0253,01-PAN-20240513-456-307-L00000012446-CCD30_3_crop3.jpg,01-PAN-20240513-456-307-L00000012446-CCD30_3_crop3.txt,0253.jpg,0253.txt,images/train/01-PAN-20240513-456-307-L00000012446-CCD30_3_crop3.jpg,labels/train/01-PAN-20240513-456-307-L00000012446-CCD30_3_crop3.txt,images/train/0253.jpg,labels/train/0253.txt
254,0254,01-PAN-20240513-456-307-L00000012446-CCD30_3_crop4.jpg,01-PAN-20240513-456-307-L00000012446-CCD30_3_crop4.txt,0254.jpg,0254.txt,images/train/01-PAN-20240513-456-307-L00000012446-CCD30_3_crop4.jpg,labels/train/01-PAN-20240513-456-307-L00000012446-CCD30_3_crop4.txt,images/train/0254.jpg,labels/train/0254.txt
255,0255,01-PAN-20240513-456-307-L00000012446-CCD31_1_crop1.jpg,01-PAN-20240513-456-307-L00000012446-CCD31_1_crop1.txt,0255.jpg,0255.txt,images/train/01-PAN-20240513-456-307-L00000012446-CCD31_1_crop1.jpg,labels/train/01-PAN-20240513-456-307-L00000012446-CCD31_1_crop1.txt,images/train/0255.jpg,labels/train/0255.txt
256,0256,01-PAN-20240513-456-307-L00000012446-CCD31_2_crop1.jpg,01-PAN-20240513-456-307-L00000012446-CCD31_2_crop1.txt,0256.jpg,0256.txt,images/train/01-PAN-20240513-456-307-L00000012446-CCD31_2_crop1.jpg,labels/train/01-PAN-20240513-456-307-L00000012446-CCD31_2_crop1.txt,images/train/0256.jpg,labels/train/0256.txt
257,0257,01-PAN-20240513-456-307-L00000012446-CCD31_2_crop2.jpg,01-PAN-20240513-456-307-L00000012446-CCD31_2_crop2.txt,0257.jpg,0257.txt,images/train/01-PAN-20240513-456-307-L00000012446-CCD31_2_crop2.jpg,labels/train/01-PAN-20240513-456-307-L00000012446-CCD31_2_crop2.txt,images/train/0257.jpg,labels/train/0257.txt
258,0258,01-PAN-20240513-456-307-L00000012446-CCD31_2_crop4.jpg,01-PAN-20240513-456-307-L00000012446-CCD31_2_crop4.txt,0258.jpg,0258.txt,images/train/01-PAN-20240513-456-307-L00000012446-CCD31_2_crop4.jpg,labels/train/01-PAN-20240513-456-307-L00000012446-CCD31_2_crop4.txt,images/train/0258.jpg,labels/train/0258.txt
259,0259,01-PAN-20240513-456-307-L00000012446-CCD31_2_crop5.jpg,01-PAN-20240513-456-307-L00000012446-CCD31_2_crop5.txt,0259.jpg,0259.txt,images/train/01-PAN-20240513-456-307-L00000012446-CCD31_2_crop5.jpg,labels/train/01-PAN-20240513-456-307-L00000012446-CCD31_2_crop5.txt,images/train/0259.jpg,labels/train/0259.txt
260,0260,01-PAN-20240513-456-307-L00000012446-CCD31_3_crop1.jpg,01-PAN-20240513-456-307-L00000012446-CCD31_3_crop1.txt,0260.jpg,0260.txt,images/train/01-PAN-20240513-456-307-L00000012446-CCD31_3_crop1.jpg,labels/train/01-PAN-20240513-456-307-L00000012446-CCD31_3_crop1.txt,images/train/0260.jpg,labels/train/0260.txt
261,0261,01-PAN-20240513-456-307-L00000012446-CCD31_3_crop3.jpg,01-PAN-20240513-456-307-L00000012446-CCD31_3_crop3.txt,0261.jpg,0261.txt,images/train/01-PAN-20240513-456-307-L00000012446-CCD31_3_crop3.jpg,labels/train/01-PAN-20240513-456-307-L00000012446-CCD31_3_crop3.txt,images/train/0261.jpg,labels/train/0261.txt
262,0262,01-PAN-20240513-456-307-L00000012446-CCD31_3_crop5.jpg,01-PAN-20240513-456-307-L00000012446-CCD31_3_crop5.txt,0262.jpg,0262.txt,images/train/01-PAN-20240513-456-307-L00000012446-CCD31_3_crop5.jpg,labels/train/01-PAN-20240513-456-307-L00000012446-CCD31_3_crop5.txt,images/train/0262.jpg,labels/train/0262.txt
263,0263,01-PAN-20240513-456-307-L00000012446-CCD31_3_crop6.jpg,01-PAN-20240513-456-307-L00000012446-CCD31_3_crop6.txt,0263.jpg,0263.txt,images/train/01-PAN-20240513-456-307-L00000012446-CCD31_3_crop6.jpg,labels/train/01-PAN-20240513-456-307-L00000012446-CCD31_3_crop6.txt,images/train/0263.jpg,labels/train/0263.txt
264,0264,01-PAN-20240513-456-307-L00000012446-CCD31_3_crop7.jpg,01-PAN-20240513-456-307-L00000012446-CCD31_3_crop7.txt,0264.jpg,0264.txt,images/train/01-PAN-20240513-456-307-L00000012446-CCD31_3_crop7.jpg,labels/train/01-PAN-20240513-456-307-L00000012446-CCD31_3_crop7.txt,images/train/0264.jpg,labels/train/0264.txt
265,0265,01-PAN-20240513-456-307-L00000012446-CCD31_3_crop8.jpg,01-PAN-20240513-456-307-L00000012446-CCD31_3_crop8.txt,0265.jpg,0265.txt,images/train/01-PAN-20240513-456-307-L00000012446-CCD31_3_crop8.jpg,labels/train/01-PAN-20240513-456-307-L00000012446-CCD31_3_crop8.txt,images/train/0265.jpg,labels/train/0265.txt
266,0266,01-PAN-20240513-456-307-L00000012446-CCD31_3_crop9.jpg,01-PAN-20240513-456-307-L00000012446-CCD31_3_crop9.txt,0266.jpg,0266.txt,images/train/01-PAN-20240513-456-307-L00000012446-CCD31_3_crop9.jpg,labels/train/01-PAN-20240513-456-307-L00000012446-CCD31_3_crop9.txt,images/train/0266.jpg,labels/train/0266.txt
267,0267,01-PAN-20240513-456-307-L00000012446-CCD32_2_crop1.jpg,01-PAN-20240513-456-307-L00000012446-CCD32_2_crop1.txt,0267.jpg,0267.txt,images/train/01-PAN-20240513-456-307-L00000012446-CCD32_2_crop1.jpg,labels/train/01-PAN-20240513-456-307-L00000012446-CCD32_2_crop1.txt,images/train/0267.jpg,labels/train/0267.txt
268,0268,01-PAN-20240513-456-307-L00000012446-CCD32_2_crop2.jpg,01-PAN-20240513-456-307-L00000012446-CCD32_2_crop2.txt,0268.jpg,0268.txt,images/train/01-PAN-20240513-456-307-L00000012446-CCD32_2_crop2.jpg,labels/train/01-PAN-20240513-456-307-L00000012446-CCD32_2_crop2.txt,images/train/0268.jpg,labels/train/0268.txt
269,0269,01-PAN-20240513-456-307-L00000012446-CCD32_2_crop4.jpg,01-PAN-20240513-456-307-L00000012446-CCD32_2_crop4.txt,0269.jpg,0269.txt,images/train/01-PAN-20240513-456-307-L00000012446-CCD32_2_crop4.jpg,labels/train/01-PAN-20240513-456-307-L00000012446-CCD32_2_crop4.txt,images/train/0269.jpg,labels/train/0269.txt
270,0270,01-PAN-20240513-456-307-L00000012446-CCD32_2_crop5.jpg,01-PAN-20240513-456-307-L00000012446-CCD32_2_crop5.txt,0270.jpg,0270.txt,images/train/01-PAN-20240513-456-307-L00000012446-CCD32_2_crop5.jpg,labels/train/01-PAN-20240513-456-307-L00000012446-CCD32_2_crop5.txt,images/train/0270.jpg,labels/train/0270.txt
271,0271,01-PAN-20240513-456-307-L00000012446-CCD32_2_crop6.jpg,01-PAN-20240513-456-307-L00000012446-CCD32_2_crop6.txt,0271.jpg,0271.txt,images/train/01-PAN-20240513-456-307-L00000012446-CCD32_2_crop6.jpg,labels/train/01-PAN-20240513-456-307-L00000012446-CCD32_2_crop6.txt,images/train/0271.jpg,labels/train/0271.txt
272,0272,01-PAN-20240513-456-307-L00000012446-CCD32_2_crop7.jpg,01-PAN-20240513-456-307-L00000012446-CCD32_2_crop7.txt,0272.jpg,0272.txt,images/train/01-PAN-20240513-456-307-L00000012446-CCD32_2_crop7.jpg,labels/train/01-PAN-20240513-456-307-L00000012446-CCD32_2_crop7.txt,images/train/0272.jpg,labels/train/0272.txt
273,0273,01-PAN-20240513-456-307-L00000012446-CCD32_2_crop8.jpg,01-PAN-20240513-456-307-L00000012446-CCD32_2_crop8.txt,0273.jpg,0273.txt,images/train/01-PAN-20240513-456-307-L00000012446-CCD32_2_crop8.jpg,labels/train/01-PAN-20240513-456-307-L00000012446-CCD32_2_crop8.txt,images/train/0273.jpg,labels/train/0273.txt
274,0274,01-PAN-20240513-456-307-L00000012446-CCD32_2_crop9.jpg,01-PAN-20240513-456-307-L00000012446-CCD32_2_crop9.txt,0274.jpg,0274.txt,images/train/01-PAN-20240513-456-307-L00000012446-CCD32_2_crop9.jpg,labels/train/01-PAN-20240513-456-307-L00000012446-CCD32_2_crop9.txt,images/train/0274.jpg,labels/train/0274.txt
275,0275,01-PAN-20240513-456-307-L00000012446-CCD32_3_crop1.jpg,01-PAN-20240513-456-307-L00000012446-CCD32_3_crop1.txt,0275.jpg,0275.txt,images/train/01-PAN-20240513-456-307-L00000012446-CCD32_3_crop1.jpg,labels/train/01-PAN-20240513-456-307-L00000012446-CCD32_3_crop1.txt,images/train/0275.jpg,labels/train/0275.txt
276,0276,01-PAN-20240513-456-307-L00000012446-CCD32_3_crop2.jpg,01-PAN-20240513-456-307-L00000012446-CCD32_3_crop2.txt,0276.jpg,0276.txt,images/train/01-PAN-20240513-456-307-L00000012446-CCD32_3_crop2.jpg,labels/train/01-PAN-20240513-456-307-L00000012446-CCD32_3_crop2.txt,images/train/0276.jpg,labels/train/0276.txt
277,0277,01-PAN-20240514-225-443-L00000012695-CCD25_3_crop1.jpg,01-PAN-20240514-225-443-L00000012695-CCD25_3_crop1.txt,0277.jpg,0277.txt,images/train/01-PAN-20240514-225-443-L00000012695-CCD25_3_crop1.jpg,labels/train/01-PAN-20240514-225-443-L00000012695-CCD25_3_crop1.txt,images/train/0277.jpg,labels/train/0277.txt
278,0278,01-PAN-20240514-225-443-L00000012695-CCD25_3_crop2.jpg,01-PAN-20240514-225-443-L00000012695-CCD25_3_crop2.txt,0278.jpg,0278.txt,images/train/01-PAN-20240514-225-443-L00000012695-CCD25_3_crop2.jpg,labels/train/01-PAN-20240514-225-443-L00000012695-CCD25_3_crop2.txt,images/train/0278.jpg,labels/train/0278.txt
279,0279,01-PAN-20240514-225-443-L00000012695-CCD25_3_crop3.jpg,01-PAN-20240514-225-443-L00000012695-CCD25_3_crop3.txt,0279.jpg,0279.txt,images/train/01-PAN-20240514-225-443-L00000012695-CCD25_3_crop3.jpg,labels/train/01-PAN-20240514-225-443-L00000012695-CCD25_3_crop3.txt,images/train/0279.jpg,labels/train/0279.txt
280,0280,01-PAN-20240514-225-443-L00000012695-CCD25_3_crop4.jpg,01-PAN-20240514-225-443-L00000012695-CCD25_3_crop4.txt,0280.jpg,0280.txt,images/train/01-PAN-20240514-225-443-L00000012695-CCD25_3_crop4.jpg,labels/train/01-PAN-20240514-225-443-L00000012695-CCD25_3_crop4.txt,images/train/0280.jpg,labels/train/0280.txt
281,0281,01-PAN-20240514-225-443-L00000012695-CCD25_3_crop5.jpg,01-PAN-20240514-225-443-L00000012695-CCD25_3_crop5.txt,0281.jpg,0281.txt,images/train/01-PAN-20240514-225-443-L00000012695-CCD25_3_crop5.jpg,labels/train/01-PAN-20240514-225-443-L00000012695-CCD25_3_crop5.txt,images/train/0281.jpg,labels/train/0281.txt
282,0282,01-PAN-20240514-225-443-L00000012695-CCD25_3_crop6.jpg,01-PAN-20240514-225-443-L00000012695-CCD25_3_crop6.txt,0282.jpg,0282.txt,images/train/01-PAN-20240514-225-443-L00000012695-CCD25_3_crop6.jpg,labels/train/01-PAN-20240514-225-443-L00000012695-CCD25_3_crop6.txt,images/train/0282.jpg,labels/train/0282.txt
283,0283,01-PAN-20240514-225-443-L00000012695-CCD25_3_crop7.jpg,01-PAN-20240514-225-443-L00000012695-CCD25_3_crop7.txt,0283.jpg,0283.txt,images/train/01-PAN-20240514-225-443-L00000012695-CCD25_3_crop7.jpg,labels/train/01-PAN-20240514-225-443-L00000012695-CCD25_3_crop7.txt,images/train/0283.jpg,labels/train/0283.txt
284,0284,01-PAN-20240514-294-364-L00000012484-CCD11_6_crop1.jpg,01-PAN-20240514-294-364-L00000012484-CCD11_6_crop1.txt,0284.jpg,0284.txt,images/train/01-PAN-20240514-294-364-L00000012484-CCD11_6_crop1.jpg,labels/train/01-PAN-20240514-294-364-L00000012484-CCD11_6_crop1.txt,images/train/0284.jpg,labels/train/0284.txt
285,0285,01-PAN-20240514-294-365-L00000012485-CCD11_3_crop1.jpg,01-PAN-20240514-294-365-L00000012485-CCD11_3_crop1.txt,0285.jpg,0285.txt,images/train/01-PAN-20240514-294-365-L00000012485-CCD11_3_crop1.jpg,labels/train/01-PAN-20240514-294-365-L00000012485-CCD11_3_crop1.txt,images/train/0285.jpg,labels/train/0285.txt
286,0286,01-PAN-20240514-294-365-L00000012485-CCD12_2_crop1.jpg,01-PAN-20240514-294-365-L00000012485-CCD12_2_crop1.txt,0286.jpg,0286.txt,images/train/01-PAN-20240514-294-365-L00000012485-CCD12_2_crop1.jpg,labels/train/01-PAN-20240514-294-365-L00000012485-CCD12_2_crop1.txt,images/train/0286.jpg,labels/train/0286.txt
287,0287,01-PAN-20240514-294-365-L00000012485-CCD12_3_crop1.jpg,01-PAN-20240514-294-365-L00000012485-CCD12_3_crop1.txt,0287.jpg,0287.txt,images/train/01-PAN-20240514-294-365-L00000012485-CCD12_3_crop1.jpg,labels/train/01-PAN-20240514-294-365-L00000012485-CCD12_3_crop1.txt,images/train/0287.jpg,labels/train/0287.txt
288,0288,01-PAN-20240514-294-365-L00000012485-CCD12_3_crop2.jpg,01-PAN-20240514-294-365-L00000012485-CCD12_3_crop2.txt,0288.jpg,0288.txt,images/train/01-PAN-20240514-294-365-L00000012485-CCD12_3_crop2.jpg,labels/train/01-PAN-20240514-294-365-L00000012485-CCD12_3_crop2.txt,images/train/0288.jpg,labels/train/0288.txt
289,0289,01-PAN-20240514-294-365-L00000012485-CCD13_3_crop1.jpg,01-PAN-20240514-294-365-L00000012485-CCD13_3_crop1.txt,0289.jpg,0289.txt,images/train/01-PAN-20240514-294-365-L00000012485-CCD13_3_crop1.jpg,labels/train/01-PAN-20240514-294-365-L00000012485-CCD13_3_crop1.txt,images/train/0289.jpg,labels/train/0289.txt
290,0290,01-PAN-20240514-449-302-L00000012639-CCD30_5_crop1.jpg,01-PAN-20240514-449-302-L00000012639-CCD30_5_crop1.txt,0290.jpg,0290.txt,images/train/01-PAN-20240514-449-302-L00000012639-CCD30_5_crop1.jpg,labels/train/01-PAN-20240514-449-302-L00000012639-CCD30_5_crop1.txt,images/train/0290.jpg,labels/train/0290.txt
291,0291,01-PAN-20240514-449-302-L00000012639-CCD31_5_crop1.jpg,01-PAN-20240514-449-302-L00000012639-CCD31_5_crop1.txt,0291.jpg,0291.txt,images/train/01-PAN-20240514-449-302-L00000012639-CCD31_5_crop1.jpg,labels/train/01-PAN-20240514-449-302-L00000012639-CCD31_5_crop1.txt,images/train/0291.jpg,labels/train/0291.txt
292,0292,01-PAN-20240514-449-302-L00000012639-CCD31_5_crop2.jpg,01-PAN-20240514-449-302-L00000012639-CCD31_5_crop2.txt,0292.jpg,0292.txt,images/train/01-PAN-20240514-449-302-L00000012639-CCD31_5_crop2.jpg,labels/train/01-PAN-20240514-449-302-L00000012639-CCD31_5_crop2.txt,images/train/0292.jpg,labels/train/0292.txt
293,0293,01-PAN-20240514-449-307-L00000012644-CCD3_6_crop1.jpg,01-PAN-20240514-449-307-L00000012644-CCD3_6_crop1.txt,0293.jpg,0293.txt,images/train/01-PAN-20240514-449-307-L00000012644-CCD3_6_crop1.jpg,labels/train/01-PAN-20240514-449-307-L00000012644-CCD3_6_crop1.txt,images/train/0293.jpg,labels/train/0293.txt
294,0294,01-PAN-20240514-449-308-L00000012645-CCD10_1_crop1.jpg,01-PAN-20240514-449-308-L00000012645-CCD10_1_crop1.txt,0294.jpg,0294.txt,images/train/01-PAN-20240514-449-308-L00000012645-CCD10_1_crop1.jpg,labels/train/01-PAN-20240514-449-308-L00000012645-CCD10_1_crop1.txt,images/train/0294.jpg,labels/train/0294.txt
295,0295,01-PAN-20240514-449-308-L00000012645-CCD11_4_crop1.jpg,01-PAN-20240514-449-308-L00000012645-CCD11_4_crop1.txt,0295.jpg,0295.txt,images/train/01-PAN-20240514-449-308-L00000012645-CCD11_4_crop1.jpg,labels/train/01-PAN-20240514-449-308-L00000012645-CCD11_4_crop1.txt,images/train/0295.jpg,labels/train/0295.txt
296,0296,01-PAN-20240514-449-308-L00000012645-CCD12_5_crop1.jpg,01-PAN-20240514-449-308-L00000012645-CCD12_5_crop1.txt,0296.jpg,0296.txt,images/train/01-PAN-20240514-449-308-L00000012645-CCD12_5_crop1.jpg,labels/train/01-PAN-20240514-449-308-L00000012645-CCD12_5_crop1.txt,images/train/0296.jpg,labels/train/0296.txt
297,0297,01-PAN-20240514-449-308-L00000012645-CCD12_5_crop2.jpg,01-PAN-20240514-449-308-L00000012645-CCD12_5_crop2.txt,0297.jpg,0297.txt,images/train/01-PAN-20240514-449-308-L00000012645-CCD12_5_crop2.jpg,labels/train/01-PAN-20240514-449-308-L00000012645-CCD12_5_crop2.txt,images/train/0297.jpg,labels/train/0297.txt
298,0298,01-PAN-20240514-449-308-L00000012645-CCD13_3_crop1.jpg,01-PAN-20240514-449-308-L00000012645-CCD13_3_crop1.txt,0298.jpg,0298.txt,images/train/01-PAN-20240514-449-308-L00000012645-CCD13_3_crop1.jpg,labels/train/01-PAN-20240514-449-308-L00000012645-CCD13_3_crop1.txt,images/train/0298.jpg,labels/train/0298.txt
299,0299,01-PAN-20240514-449-308-L00000012645-CCD13_6_crop1.jpg,01-PAN-20240514-449-308-L00000012645-CCD13_6_crop1.txt,0299.jpg,0299.txt,images/train/01-PAN-20240514-449-308-L00000012645-CCD13_6_crop1.jpg,labels/train/01-PAN-20240514-449-308-L00000012645-CCD13_6_crop1.txt,images/train/0299.jpg,labels/train/0299.txt
300,0300,01-PAN-20240514-449-308-L00000012645-CCD13_6_crop2.jpg,01-PAN-20240514-449-308-L00000012645-CCD13_6_crop2.txt,0300.jpg,0300.txt,images/train/01-PAN-20240514-449-308-L00000012645-CCD13_6_crop2.jpg,labels/train/01-PAN-20240514-449-308-L00000012645-CCD13_6_crop2.txt,images/train/0300.jpg,labels/train/0300.txt
301,0301,01-PAN-20240514-449-308-L00000012645-CCD14_1_crop1.jpg,01-PAN-20240514-449-308-L00000012645-CCD14_1_crop1.txt,0301.jpg,0301.txt,images/train/01-PAN-20240514-449-308-L00000012645-CCD14_1_crop1.jpg,labels/train/01-PAN-20240514-449-308-L00000012645-CCD14_1_crop1.txt,images/train/0301.jpg,labels/train/0301.txt
302,0302,01-PAN-20240514-449-308-L00000012645-CCD14_1_crop3.jpg,01-PAN-20240514-449-308-L00000012645-CCD14_1_crop3.txt,0302.jpg,0302.txt,images/train/01-PAN-20240514-449-308-L00000012645-CCD14_1_crop3.jpg,labels/train/01-PAN-20240514-449-308-L00000012645-CCD14_1_crop3.txt,images/train/0302.jpg,labels/train/0302.txt
303,0303,01-PAN-20240514-449-308-L00000012645-CCD14_2_crop1.jpg,01-PAN-20240514-449-308-L00000012645-CCD14_2_crop1.txt,0303.jpg,0303.txt,images/train/01-PAN-20240514-449-308-L00000012645-CCD14_2_crop1.jpg,labels/train/01-PAN-20240514-449-308-L00000012645-CCD14_2_crop1.txt,images/train/0303.jpg,labels/train/0303.txt
304,0304,01-PAN-20240514-449-308-L00000012645-CCD14_2_crop2.jpg,01-PAN-20240514-449-308-L00000012645-CCD14_2_crop2.txt,0304.jpg,0304.txt,images/train/01-PAN-20240514-449-308-L00000012645-CCD14_2_crop2.jpg,labels/train/01-PAN-20240514-449-308-L00000012645-CCD14_2_crop2.txt,images/train/0304.jpg,labels/train/0304.txt
305,0305,01-PAN-20240514-449-308-L00000012645-CCD14_2_crop3.jpg,01-PAN-20240514-449-308-L00000012645-CCD14_2_crop3.txt,0305.jpg,0305.txt,images/train/01-PAN-20240514-449-308-L00000012645-CCD14_2_crop3.jpg,labels/train/01-PAN-20240514-449-308-L00000012645-CCD14_2_crop3.txt,images/train/0305.jpg,labels/train/0305.txt
306,0306,01-PAN-20240514-449-308-L00000012645-CCD14_2_crop4.jpg,01-PAN-20240514-449-308-L00000012645-CCD14_2_crop4.txt,0306.jpg,0306.txt,images/train/01-PAN-20240514-449-308-L00000012645-CCD14_2_crop4.jpg,labels/train/01-PAN-20240514-449-308-L00000012645-CCD14_2_crop4.txt,images/train/0306.jpg,labels/train/0306.txt
307,0307,01-PAN-20240514-449-308-L00000012645-CCD14_2_crop5.jpg,01-PAN-20240514-449-308-L00000012645-CCD14_2_crop5.txt,0307.jpg,0307.txt,images/train/01-PAN-20240514-449-308-L00000012645-CCD14_2_crop5.jpg,labels/train/01-PAN-20240514-449-308-L00000012645-CCD14_2_crop5.txt,images/train/0307.jpg,labels/train/0307.txt
308,0308,01-PAN-20240514-449-308-L00000012645-CCD15_1_crop1.jpg,01-PAN-20240514-449-308-L00000012645-CCD15_1_crop1.txt,0308.jpg,0308.txt,images/train/01-PAN-20240514-449-308-L00000012645-CCD15_1_crop1.jpg,labels/train/01-PAN-20240514-449-308-L00000012645-CCD15_1_crop1.txt,images/train/0308.jpg,labels/train/0308.txt
309,0309,01-PAN-20240514-449-308-L00000012645-CCD15_1_crop2.jpg,01-PAN-20240514-449-308-L00000012645-CCD15_1_crop2.txt,0309.jpg,0309.txt,images/train/01-PAN-20240514-449-308-L00000012645-CCD15_1_crop2.jpg,labels/train/01-PAN-20240514-449-308-L00000012645-CCD15_1_crop2.txt,images/train/0309.jpg,labels/train/0309.txt
310,0310,01-PAN-20240514-449-308-L00000012645-CCD15_1_crop3.jpg,01-PAN-20240514-449-308-L00000012645-CCD15_1_crop3.txt,0310.jpg,0310.txt,images/train/01-PAN-20240514-449-308-L00000012645-CCD15_1_crop3.jpg,labels/train/01-PAN-20240514-449-308-L00000012645-CCD15_1_crop3.txt,images/train/0310.jpg,labels/train/0310.txt
311,0311,01-PAN-20240514-449-308-L00000012645-CCD15_2_crop2.jpg,01-PAN-20240514-449-308-L00000012645-CCD15_2_crop2.txt,0311.jpg,0311.txt,images/train/01-PAN-20240514-449-308-L00000012645-CCD15_2_crop2.jpg,labels/train/01-PAN-20240514-449-308-L00000012645-CCD15_2_crop2.txt,images/train/0311.jpg,labels/train/0311.txt
312,0312,01-PAN-20240514-449-308-L00000012645-CCD15_3_crop2.jpg,01-PAN-20240514-449-308-L00000012645-CCD15_3_crop2.txt,0312.jpg,0312.txt,images/train/01-PAN-20240514-449-308-L00000012645-CCD15_3_crop2.jpg,labels/train/01-PAN-20240514-449-308-L00000012645-CCD15_3_crop2.txt,images/train/0312.jpg,labels/train/0312.txt
313,0313,01-PAN-20240514-449-308-L00000012645-CCD16_1_crop1.jpg,01-PAN-20240514-449-308-L00000012645-CCD16_1_crop1.txt,0313.jpg,0313.txt,images/train/01-PAN-20240514-449-308-L00000012645-CCD16_1_crop1.jpg,labels/train/01-PAN-20240514-449-308-L00000012645-CCD16_1_crop1.txt,images/train/0313.jpg,labels/train/0313.txt
314,0314,01-PAN-20240514-449-308-L00000012645-CCD16_1_crop2.jpg,01-PAN-20240514-449-308-L00000012645-CCD16_1_crop2.txt,0314.jpg,0314.txt,images/train/01-PAN-20240514-449-308-L00000012645-CCD16_1_crop2.jpg,labels/train/01-PAN-20240514-449-308-L00000012645-CCD16_1_crop2.txt,images/train/0314.jpg,labels/train/0314.txt
315,0315,01-PAN-20240514-449-308-L00000012645-CCD16_2_crop2.jpg,01-PAN-20240514-449-308-L00000012645-CCD16_2_crop2.txt,0315.jpg,0315.txt,images/train/01-PAN-20240514-449-308-L00000012645-CCD16_2_crop2.jpg,labels/train/01-PAN-20240514-449-308-L00000012645-CCD16_2_crop2.txt,images/train/0315.jpg,labels/train/0315.txt
316,0316,01-PAN-20240514-449-308-L00000012645-CCD16_2_crop3.jpg,01-PAN-20240514-449-308-L00000012645-CCD16_2_crop3.txt,0316.jpg,0316.txt,images/train/01-PAN-20240514-449-308-L00000012645-CCD16_2_crop3.jpg,labels/train/01-PAN-20240514-449-308-L00000012645-CCD16_2_crop3.txt,images/train/0316.jpg,labels/train/0316.txt
317,0317,01-PAN-20240514-449-308-L00000012645-CCD17_3_crop1.jpg,01-PAN-20240514-449-308-L00000012645-CCD17_3_crop1.txt,0317.jpg,0317.txt,images/train/01-PAN-20240514-449-308-L00000012645-CCD17_3_crop1.jpg,labels/train/01-PAN-20240514-449-308-L00000012645-CCD17_3_crop1.txt,images/train/0317.jpg,labels/train/0317.txt
318,0318,01-PAN-20240514-449-308-L00000012645-CCD20_3_crop1.jpg,01-PAN-20240514-449-308-L00000012645-CCD20_3_crop1.txt,0318.jpg,0318.txt,images/train/01-PAN-20240514-449-308-L00000012645-CCD20_3_crop1.jpg,labels/train/01-PAN-20240514-449-308-L00000012645-CCD20_3_crop1.txt,images/train/0318.jpg,labels/train/0318.txt
319,0319,01-PAN-20240514-449-308-L00000012645-CCD20_4_crop1.jpg,01-PAN-20240514-449-308-L00000012645-CCD20_4_crop1.txt,0319.jpg,0319.txt,images/train/01-PAN-20240514-449-308-L00000012645-CCD20_4_crop1.jpg,labels/train/01-PAN-20240514-449-308-L00000012645-CCD20_4_crop1.txt,images/train/0319.jpg,labels/train/0319.txt
320,0320,01-PAN-20240514-449-308-L00000012645-CCD20_6_crop1.jpg,01-PAN-20240514-449-308-L00000012645-CCD20_6_crop1.txt,0320.jpg,0320.txt,images/train/01-PAN-20240514-449-308-L00000012645-CCD20_6_crop1.jpg,labels/train/01-PAN-20240514-449-308-L00000012645-CCD20_6_crop1.txt,images/train/0320.jpg,labels/train/0320.txt
321,0321,01-PAN-20240514-449-308-L00000012645-CCD3_1_crop1.jpg,01-PAN-20240514-449-308-L00000012645-CCD3_1_crop1.txt,0321.jpg,0321.txt,images/train/01-PAN-20240514-449-308-L00000012645-CCD3_1_crop1.jpg,labels/train/01-PAN-20240514-449-308-L00000012645-CCD3_1_crop1.txt,images/train/0321.jpg,labels/train/0321.txt
322,0322,01-PAN-20240514-449-309-L00000012646-CCD13_1_crop1.jpg,01-PAN-20240514-449-309-L00000012646-CCD13_1_crop1.txt,0322.jpg,0322.txt,images/train/01-PAN-20240514-449-309-L00000012646-CCD13_1_crop1.jpg,labels/train/01-PAN-20240514-449-309-L00000012646-CCD13_1_crop1.txt,images/train/0322.jpg,labels/train/0322.txt
323,0323,01-PAN-20240514-449-309-L00000012646-CCD13_1_crop2.jpg,01-PAN-20240514-449-309-L00000012646-CCD13_1_crop2.txt,0323.jpg,0323.txt,images/train/01-PAN-20240514-449-309-L00000012646-CCD13_1_crop2.jpg,labels/train/01-PAN-20240514-449-309-L00000012646-CCD13_1_crop2.txt,images/train/0323.jpg,labels/train/0323.txt
324,0324,01-PAN-20240514-449-309-L00000012646-CCD13_2_crop1.jpg,01-PAN-20240514-449-309-L00000012646-CCD13_2_crop1.txt,0324.jpg,0324.txt,images/train/01-PAN-20240514-449-309-L00000012646-CCD13_2_crop1.jpg,labels/train/01-PAN-20240514-449-309-L00000012646-CCD13_2_crop1.txt,images/train/0324.jpg,labels/train/0324.txt
325,0325,01-PAN-20240514-449-309-L00000012646-CCD13_2_crop2.jpg,01-PAN-20240514-449-309-L00000012646-CCD13_2_crop2.txt,0325.jpg,0325.txt,images/train/01-PAN-20240514-449-309-L00000012646-CCD13_2_crop2.jpg,labels/train/01-PAN-20240514-449-309-L00000012646-CCD13_2_crop2.txt,images/train/0325.jpg,labels/train/0325.txt
326,0326,01-PAN-20240514-449-309-L00000012646-CCD31_6_crop1.jpg,01-PAN-20240514-449-309-L00000012646-CCD31_6_crop1.txt,0326.jpg,0326.txt,images/train/01-PAN-20240514-449-309-L00000012646-CCD31_6_crop1.jpg,labels/train/01-PAN-20240514-449-309-L00000012646-CCD31_6_crop1.txt,images/train/0326.jpg,labels/train/0326.txt
327,0327,01-PAN-20240514-449-311-L00000012648-CCD21_2_crop1.jpg,01-PAN-20240514-449-311-L00000012648-CCD21_2_crop1.txt,0327.jpg,0327.txt,images/train/01-PAN-20240514-449-311-L00000012648-CCD21_2_crop1.jpg,labels/train/01-PAN-20240514-449-311-L00000012648-CCD21_2_crop1.txt,images/train/0327.jpg,labels/train/0327.txt
328,0328,01-PAN-20240514-449-311-L00000012648-CCD22_2_crop1.jpg,01-PAN-20240514-449-311-L00000012648-CCD22_2_crop1.txt,0328.jpg,0328.txt,images/train/01-PAN-20240514-449-311-L00000012648-CCD22_2_crop1.jpg,labels/train/01-PAN-20240514-449-311-L00000012648-CCD22_2_crop1.txt,images/train/0328.jpg,labels/train/0328.txt
329,0329,01-PAN-20240514-449-311-L00000012648-CCD22_2_crop2.jpg,01-PAN-20240514-449-311-L00000012648-CCD22_2_crop2.txt,0329.jpg,0329.txt,images/train/01-PAN-20240514-449-311-L00000012648-CCD22_2_crop2.jpg,labels/train/01-PAN-20240514-449-311-L00000012648-CCD22_2_crop2.txt,images/train/0329.jpg,labels/train/0329.txt
330,0330,01-PAN-20240514-449-311-L00000012648-CCD22_2_crop3.jpg,01-PAN-20240514-449-311-L00000012648-CCD22_2_crop3.txt,0330.jpg,0330.txt,images/train/01-PAN-20240514-449-311-L00000012648-CCD22_2_crop3.jpg,labels/train/01-PAN-20240514-449-311-L00000012648-CCD22_2_crop3.txt,images/train/0330.jpg,labels/train/0330.txt
331,0331,01-PAN-20240514-449-311-L00000012648-CCD22_3_crop1.jpg,01-PAN-20240514-449-311-L00000012648-CCD22_3_crop1.txt,0331.jpg,0331.txt,images/train/01-PAN-20240514-449-311-L00000012648-CCD22_3_crop1.jpg,labels/train/01-PAN-20240514-449-311-L00000012648-CCD22_3_crop1.txt,images/train/0331.jpg,labels/train/0331.txt
332,0332,01-PAN-20240514-449-311-L00000012648-CCD22_3_crop2.jpg,01-PAN-20240514-449-311-L00000012648-CCD22_3_crop2.txt,0332.jpg,0332.txt,images/train/01-PAN-20240514-449-311-L00000012648-CCD22_3_crop2.jpg,labels/train/01-PAN-20240514-449-311-L00000012648-CCD22_3_crop2.txt,images/train/0332.jpg,labels/train/0332.txt
333,0333,01-PAN-20240514-449-311-L00000012648-CCD23_3_crop1.jpg,01-PAN-20240514-449-311-L00000012648-CCD23_3_crop1.txt,0333.jpg,0333.txt,images/train/01-PAN-20240514-449-311-L00000012648-CCD23_3_crop1.jpg,labels/train/01-PAN-20240514-449-311-L00000012648-CCD23_3_crop1.txt,images/train/0333.jpg,labels/train/0333.txt
334,0334,01-PAN-20240514-449-311-L00000012648-CCD31_1_crop1.jpg,01-PAN-20240514-449-311-L00000012648-CCD31_1_crop1.txt,0334.jpg,0334.txt,images/train/01-PAN-20240514-449-311-L00000012648-CCD31_1_crop1.jpg,labels/train/01-PAN-20240514-449-311-L00000012648-CCD31_1_crop1.txt,images/train/0334.jpg,labels/train/0334.txt
335,0335,01-PAN-20240514-449-311-L00000012648-CCD31_2_crop1.jpg,01-PAN-20240514-449-311-L00000012648-CCD31_2_crop1.txt,0335.jpg,0335.txt,images/train/01-PAN-20240514-449-311-L00000012648-CCD31_2_crop1.jpg,labels/train/01-PAN-20240514-449-311-L00000012648-CCD31_2_crop1.txt,images/train/0335.jpg,labels/train/0335.txt
336,0336,01-PAN-20240514-449-311-L00000012648-CCD31_2_crop2.jpg,01-PAN-20240514-449-311-L00000012648-CCD31_2_crop2.txt,0336.jpg,0336.txt,images/train/01-PAN-20240514-449-311-L00000012648-CCD31_2_crop2.jpg,labels/train/01-PAN-20240514-449-311-L00000012648-CCD31_2_crop2.txt,images/train/0336.jpg,labels/train/0336.txt
337,0337,01-PAN-20240514-449-311-L00000012648-CCD32_1_crop1.jpg,01-PAN-20240514-449-311-L00000012648-CCD32_1_crop1.txt,0337.jpg,0337.txt,images/train/01-PAN-20240514-449-311-L00000012648-CCD32_1_crop1.jpg,labels/train/01-PAN-20240514-449-311-L00000012648-CCD32_1_crop1.txt,images/train/0337.jpg,labels/train/0337.txt
338,0338,01-PAN-20240515-001-329-L00000012633-CCD9_5_crop1.jpg,01-PAN-20240515-001-329-L00000012633-CCD9_5_crop1.txt,0338.jpg,0338.txt,images/train/01-PAN-20240515-001-329-L00000012633-CCD9_5_crop1.jpg,labels/train/01-PAN-20240515-001-329-L00000012633-CCD9_5_crop1.txt,images/train/0338.jpg,labels/train/0338.txt
339,0339,01-PAN-20240515-001-329-L00000012633-CCD9_5_crop2.jpg,01-PAN-20240515-001-329-L00000012633-CCD9_5_crop2.txt,0339.jpg,0339.txt,images/train/01-PAN-20240515-001-329-L00000012633-CCD9_5_crop2.jpg,labels/train/01-PAN-20240515-001-329-L00000012633-CCD9_5_crop2.txt,images/train/0339.jpg,labels/train/0339.txt
340,0340,01-PAN-20240515-001-331-L00000012635-CCD19_3_crop1.jpg,01-PAN-20240515-001-331-L00000012635-CCD19_3_crop1.txt,0340.jpg,0340.txt,images/train/01-PAN-20240515-001-331-L00000012635-CCD19_3_crop1.jpg,labels/train/01-PAN-20240515-001-331-L00000012635-CCD19_3_crop1.txt,images/train/0340.jpg,labels/train/0340.txt
341,0341,01-PAN-20240515-001-331-L00000012635-CCD19_3_crop2.jpg,01-PAN-20240515-001-331-L00000012635-CCD19_3_crop2.txt,0341.jpg,0341.txt,images/train/01-PAN-20240515-001-331-L00000012635-CCD19_3_crop2.jpg,labels/train/01-PAN-20240515-001-331-L00000012635-CCD19_3_crop2.txt,images/train/0341.jpg,labels/train/0341.txt
342,0342,01-PAN-20240515-001-331-L00000012635-CCD19_3_crop3.jpg,01-PAN-20240515-001-331-L00000012635-CCD19_3_crop3.txt,0342.jpg,0342.txt,images/train/01-PAN-20240515-001-331-L00000012635-CCD19_3_crop3.jpg,labels/train/01-PAN-20240515-001-331-L00000012635-CCD19_3_crop3.txt,images/train/0342.jpg,labels/train/0342.txt
343,0343,01-PAN-20240515-001-331-L00000012635-CCD19_3_crop8.jpg,01-PAN-20240515-001-331-L00000012635-CCD19_3_crop8.txt,0343.jpg,0343.txt,images/train/01-PAN-20240515-001-331-L00000012635-CCD19_3_crop8.jpg,labels/train/01-PAN-20240515-001-331-L00000012635-CCD19_3_crop8.txt,images/train/0343.jpg,labels/train/0343.txt
344,0344,01-PAN-20240515-001-331-L00000012635-CCD19_4_crop1.jpg,01-PAN-20240515-001-331-L00000012635-CCD19_4_crop1.txt,0344.jpg,0344.txt,images/train/01-PAN-20240515-001-331-L00000012635-CCD19_4_crop1.jpg,labels/train/01-PAN-20240515-001-331-L00000012635-CCD19_4_crop1.txt,images/train/0344.jpg,labels/train/0344.txt
345,0345,01-PAN-20240515-001-331-L00000012635-CCD19_4_crop3.jpg,01-PAN-20240515-001-331-L00000012635-CCD19_4_crop3.txt,0345.jpg,0345.txt,images/train/01-PAN-20240515-001-331-L00000012635-CCD19_4_crop3.jpg,labels/train/01-PAN-20240515-001-331-L00000012635-CCD19_4_crop3.txt,images/train/0345.jpg,labels/train/0345.txt
346,0346,01-PAN-20240515-001-331-L00000012635-CCD19_5_crop1.jpg,01-PAN-20240515-001-331-L00000012635-CCD19_5_crop1.txt,0346.jpg,0346.txt,images/train/01-PAN-20240515-001-331-L00000012635-CCD19_5_crop1.jpg,labels/train/01-PAN-20240515-001-331-L00000012635-CCD19_5_crop1.txt,images/train/0346.jpg,labels/train/0346.txt
347,0347,01-PAN-20240515-001-331-L00000012635-CCD19_5_crop2.jpg,01-PAN-20240515-001-331-L00000012635-CCD19_5_crop2.txt,0347.jpg,0347.txt,images/train/01-PAN-20240515-001-331-L00000012635-CCD19_5_crop2.jpg,labels/train/01-PAN-20240515-001-331-L00000012635-CCD19_5_crop2.txt,images/train/0347.jpg,labels/train/0347.txt
348,0348,01-PAN-20240515-001-331-L00000012635-CCD19_5_crop3.jpg,01-PAN-20240515-001-331-L00000012635-CCD19_5_crop3.txt,0348.jpg,0348.txt,images/train/01-PAN-20240515-001-331-L00000012635-CCD19_5_crop3.jpg,labels/train/01-PAN-20240515-001-331-L00000012635-CCD19_5_crop3.txt,images/train/0348.jpg,labels/train/0348.txt
349,0349,01-PAN-20240515-001-331-L00000012635-CCD19_5_crop4.jpg,01-PAN-20240515-001-331-L00000012635-CCD19_5_crop4.txt,0349.jpg,0349.txt,images/train/01-PAN-20240515-001-331-L00000012635-CCD19_5_crop4.jpg,labels/train/01-PAN-20240515-001-331-L00000012635-CCD19_5_crop4.txt,images/train/0349.jpg,labels/train/0349.txt
350,0350,01-PAN-20240515-001-331-L00000012635-CCD19_5_crop5.jpg,01-PAN-20240515-001-331-L00000012635-CCD19_5_crop5.txt,0350.jpg,0350.txt,images/train/01-PAN-20240515-001-331-L00000012635-CCD19_5_crop5.jpg,labels/train/01-PAN-20240515-001-331-L00000012635-CCD19_5_crop5.txt,images/train/0350.jpg,labels/train/0350.txt
351,0351,01-PAN-20240515-001-331-L00000012635-CCD19_6_crop2.jpg,01-PAN-20240515-001-331-L00000012635-CCD19_6_crop2.txt,0351.jpg,0351.txt,images/train/01-PAN-20240515-001-331-L00000012635-CCD19_6_crop2.jpg,labels/train/01-PAN-20240515-001-331-L00000012635-CCD19_6_crop2.txt,images/train/0351.jpg,labels/train/0351.txt
352,0352,01-PAN-20250118-471-374-L00000075006-CCD18_4_crop1.jpg,01-PAN-20250118-471-374-L00000075006-CCD18_4_crop1.txt,0352.jpg,0352.txt,images/train/01-PAN-20250118-471-374-L00000075006-CCD18_4_crop1.jpg,labels/train/01-PAN-20250118-471-374-L00000075006-CCD18_4_crop1.txt,images/train/0352.jpg,labels/train/0352.txt
353,0353,01-PAN-20250210-441-302-L00000100998-CCD17_1_crop1.jpg,01-PAN-20250210-441-302-L00000100998-CCD17_1_crop1.txt,0353.jpg,0353.txt,images/train/01-PAN-20250210-441-302-L00000100998-CCD17_1_crop1.jpg,labels/train/01-PAN-20250210-441-302-L00000100998-CCD17_1_crop1.txt,images/train/0353.jpg,labels/train/0353.txt
354,0354,01-PAN-20250210-441-302-L00000100998-CCD17_1_crop2.jpg,01-PAN-20250210-441-302-L00000100998-CCD17_1_crop2.txt,0354.jpg,0354.txt,images/train/01-PAN-20250210-441-302-L00000100998-CCD17_1_crop2.jpg,labels/train/01-PAN-20250210-441-302-L00000100998-CCD17_1_crop2.txt,images/train/0354.jpg,labels/train/0354.txt
355,0355,01-PAN-20250210-441-302-L00000100998-CCD17_1_crop3.jpg,01-PAN-20250210-441-302-L00000100998-CCD17_1_crop3.txt,0355.jpg,0355.txt,images/train/01-PAN-20250210-441-302-L00000100998-CCD17_1_crop3.jpg,labels/train/01-PAN-20250210-441-302-L00000100998-CCD17_1_crop3.txt,images/train/0355.jpg,labels/train/0355.txt
356,0356,01-PAN-20250210-441-302-L00000100998-CCD17_1_crop4.jpg,01-PAN-20250210-441-302-L00000100998-CCD17_1_crop4.txt,0356.jpg,0356.txt,images/train/01-PAN-20250210-441-302-L00000100998-CCD17_1_crop4.jpg,labels/train/01-PAN-20250210-441-302-L00000100998-CCD17_1_crop4.txt,images/train/0356.jpg,labels/train/0356.txt
357,0357,01-PAN-20250210-441-302-L00000100998-CCD17_1_crop5.jpg,01-PAN-20250210-441-302-L00000100998-CCD17_1_crop5.txt,0357.jpg,0357.txt,images/train/01-PAN-20250210-441-302-L00000100998-CCD17_1_crop5.jpg,labels/train/01-PAN-20250210-441-302-L00000100998-CCD17_1_crop5.txt,images/train/0357.jpg,labels/train/0357.txt
358,0358,01-PAN-20250210-441-302-L00000100998-CCD18_2_crop1.jpg,01-PAN-20250210-441-302-L00000100998-CCD18_2_crop1.txt,0358.jpg,0358.txt,images/train/01-PAN-20250210-441-302-L00000100998-CCD18_2_crop1.jpg,labels/train/01-PAN-20250210-441-302-L00000100998-CCD18_2_crop1.txt,images/train/0358.jpg,labels/train/0358.txt
359,0359,01-PAN-20250210-441-302-L00000100998-CCD18_2_crop10.jpg,01-PAN-20250210-441-302-L00000100998-CCD18_2_crop10.txt,0359.jpg,0359.txt,images/train/01-PAN-20250210-441-302-L00000100998-CCD18_2_crop10.jpg,labels/train/01-PAN-20250210-441-302-L00000100998-CCD18_2_crop10.txt,images/train/0359.jpg,labels/train/0359.txt
360,0360,01-PAN-20250210-441-302-L00000100998-CCD18_2_crop2.jpg,01-PAN-20250210-441-302-L00000100998-CCD18_2_crop2.txt,0360.jpg,0360.txt,images/train/01-PAN-20250210-441-302-L00000100998-CCD18_2_crop2.jpg,labels/train/01-PAN-20250210-441-302-L00000100998-CCD18_2_crop2.txt,images/train/0360.jpg,labels/train/0360.txt
361,0361,01-PAN-20250210-441-302-L00000100998-CCD18_2_crop4.jpg,01-PAN-20250210-441-302-L00000100998-CCD18_2_crop4.txt,0361.jpg,0361.txt,images/train/01-PAN-20250210-441-302-L00000100998-CCD18_2_crop4.jpg,labels/train/01-PAN-20250210-441-302-L00000100998-CCD18_2_crop4.txt,images/train/0361.jpg,labels/train/0361.txt
362,0362,01-PAN-20250210-441-302-L00000100998-CCD18_2_crop5.jpg,01-PAN-20250210-441-302-L00000100998-CCD18_2_crop5.txt,0362.jpg,0362.txt,images/train/01-PAN-20250210-441-302-L00000100998-CCD18_2_crop5.jpg,labels/train/01-PAN-20250210-441-302-L00000100998-CCD18_2_crop5.txt,images/train/0362.jpg,labels/train/0362.txt
363,0363,01-PAN-20250210-441-302-L00000100998-CCD18_2_crop6.jpg,01-PAN-20250210-441-302-L00000100998-CCD18_2_crop6.txt,0363.jpg,0363.txt,images/train/01-PAN-20250210-441-302-L00000100998-CCD18_2_crop6.jpg,labels/train/01-PAN-20250210-441-302-L00000100998-CCD18_2_crop6.txt,images/train/0363.jpg,labels/train/0363.txt
364,0364,01-PAN-20250210-441-302-L00000100998-CCD18_2_crop7.jpg,01-PAN-20250210-441-302-L00000100998-CCD18_2_crop7.txt,0364.jpg,0364.txt,images/train/01-PAN-20250210-441-302-L00000100998-CCD18_2_crop7.jpg,labels/train/01-PAN-20250210-441-302-L00000100998-CCD18_2_crop7.txt,images/train/0364.jpg,labels/train/0364.txt
365,0365,01-PAN-20250210-441-302-L00000100998-CCD18_2_crop8.jpg,01-PAN-20250210-441-302-L00000100998-CCD18_2_crop8.txt,0365.jpg,0365.txt,images/train/01-PAN-20250210-441-302-L00000100998-CCD18_2_crop8.jpg,labels/train/01-PAN-20250210-441-302-L00000100998-CCD18_2_crop8.txt,images/train/0365.jpg,labels/train/0365.txt
366,0366,01-PAN-20250210-441-302-L00000100998-CCD18_2_crop9.jpg,01-PAN-20250210-441-302-L00000100998-CCD18_2_crop9.txt,0366.jpg,0366.txt,images/train/01-PAN-20250210-441-302-L00000100998-CCD18_2_crop9.jpg,labels/train/01-PAN-20250210-441-302-L00000100998-CCD18_2_crop9.txt,images/train/0366.jpg,labels/train/0366.txt
367,0367,01-PAN-20250210-441-302-L00000100998-CCD18_3_crop1.jpg,01-PAN-20250210-441-302-L00000100998-CCD18_3_crop1.txt,0367.jpg,0367.txt,images/train/01-PAN-20250210-441-302-L00000100998-CCD18_3_crop1.jpg,labels/train/01-PAN-20250210-441-302-L00000100998-CCD18_3_crop1.txt,images/train/0367.jpg,labels/train/0367.txt
368,0368,01-PAN-20250210-441-302-L00000100998-CCD18_3_crop2.jpg,01-PAN-20250210-441-302-L00000100998-CCD18_3_crop2.txt,0368.jpg,0368.txt,images/train/01-PAN-20250210-441-302-L00000100998-CCD18_3_crop2.jpg,labels/train/01-PAN-20250210-441-302-L00000100998-CCD18_3_crop2.txt,images/train/0368.jpg,labels/train/0368.txt
369,0369,01-PAN-20250210-441-302-L00000100998-CCD18_3_crop3.jpg,01-PAN-20250210-441-302-L00000100998-CCD18_3_crop3.txt,0369.jpg,0369.txt,images/train/01-PAN-20250210-441-302-L00000100998-CCD18_3_crop3.jpg,labels/train/01-PAN-20250210-441-302-L00000100998-CCD18_3_crop3.txt,images/train/0369.jpg,labels/train/0369.txt
370,0370,01-PAN-20250210-441-302-L00000100998-CCD18_3_crop4.jpg,01-PAN-20250210-441-302-L00000100998-CCD18_3_crop4.txt,0370.jpg,0370.txt,images/train/01-PAN-20250210-441-302-L00000100998-CCD18_3_crop4.jpg,labels/train/01-PAN-20250210-441-302-L00000100998-CCD18_3_crop4.txt,images/train/0370.jpg,labels/train/0370.txt
371,0371,01-PAN-20250210-441-302-L00000100998-CCD18_3_crop6.jpg,01-PAN-20250210-441-302-L00000100998-CCD18_3_crop6.txt,0371.jpg,0371.txt,images/train/01-PAN-20250210-441-302-L00000100998-CCD18_3_crop6.jpg,labels/train/01-PAN-20250210-441-302-L00000100998-CCD18_3_crop6.txt,images/train/0371.jpg,labels/train/0371.txt
372,0372,01-PAN-20250210-441-302-L00000100998-CCD18_3_crop7.jpg,01-PAN-20250210-441-302-L00000100998-CCD18_3_crop7.txt,0372.jpg,0372.txt,images/train/01-PAN-20250210-441-302-L00000100998-CCD18_3_crop7.jpg,labels/train/01-PAN-20250210-441-302-L00000100998-CCD18_3_crop7.txt,images/train/0372.jpg,labels/train/0372.txt
373,0373,01-PAN-20250210-441-302-L00000100998-CCD18_4_crop1.jpg,01-PAN-20250210-441-302-L00000100998-CCD18_4_crop1.txt,0373.jpg,0373.txt,images/train/01-PAN-20250210-441-302-L00000100998-CCD18_4_crop1.jpg,labels/train/01-PAN-20250210-441-302-L00000100998-CCD18_4_crop1.txt,images/train/0373.jpg,labels/train/0373.txt
374,0374,01-PAN-20250210-441-302-L00000100998-CCD18_4_crop2.jpg,01-PAN-20250210-441-302-L00000100998-CCD18_4_crop2.txt,0374.jpg,0374.txt,images/train/01-PAN-20250210-441-302-L00000100998-CCD18_4_crop2.jpg,labels/train/01-PAN-20250210-441-302-L00000100998-CCD18_4_crop2.txt,images/train/0374.jpg,labels/train/0374.txt
375,0375,01-PAN-20250210-441-302-L00000100998-CCD18_4_crop3.jpg,01-PAN-20250210-441-302-L00000100998-CCD18_4_crop3.txt,0375.jpg,0375.txt,images/train/01-PAN-20250210-441-302-L00000100998-CCD18_4_crop3.jpg,labels/train/01-PAN-20250210-441-302-L00000100998-CCD18_4_crop3.txt,images/train/0375.jpg,labels/train/0375.txt
376,0376,01-PAN-20250210-441-302-L00000100998-CCD19_5_crop1.jpg,01-PAN-20250210-441-302-L00000100998-CCD19_5_crop1.txt,0376.jpg,0376.txt,images/train/01-PAN-20250210-441-302-L00000100998-CCD19_5_crop1.jpg,labels/train/01-PAN-20250210-441-302-L00000100998-CCD19_5_crop1.txt,images/train/0376.jpg,labels/train/0376.txt
377,0377,01-PAN-20250210-441-302-L00000100998-CCD23_1_crop2.jpg,01-PAN-20250210-441-302-L00000100998-CCD23_1_crop2.txt,0377.jpg,0377.txt,images/train/01-PAN-20250210-441-302-L00000100998-CCD23_1_crop2.jpg,labels/train/01-PAN-20250210-441-302-L00000100998-CCD23_1_crop2.txt,images/train/0377.jpg,labels/train/0377.txt
378,0378,01-PAN-20250210-441-302-L00000100998-CCD23_1_crop3.jpg,01-PAN-20250210-441-302-L00000100998-CCD23_1_crop3.txt,0378.jpg,0378.txt,images/train/01-PAN-20250210-441-302-L00000100998-CCD23_1_crop3.jpg,labels/train/01-PAN-20250210-441-302-L00000100998-CCD23_1_crop3.txt,images/train/0378.jpg,labels/train/0378.txt
379,0379,01-PAN-20250210-441-302-L00000100998-CCD23_1_crop4.jpg,01-PAN-20250210-441-302-L00000100998-CCD23_1_crop4.txt,0379.jpg,0379.txt,images/train/01-PAN-20250210-441-302-L00000100998-CCD23_1_crop4.jpg,labels/train/01-PAN-20250210-441-302-L00000100998-CCD23_1_crop4.txt,images/train/0379.jpg,labels/train/0379.txt
380,0380,01-PAN-20250210-441-302-L00000100998-CCD23_2_crop1.jpg,01-PAN-20250210-441-302-L00000100998-CCD23_2_crop1.txt,0380.jpg,0380.txt,images/train/01-PAN-20250210-441-302-L00000100998-CCD23_2_crop1.jpg,labels/train/01-PAN-20250210-441-302-L00000100998-CCD23_2_crop1.txt,images/train/0380.jpg,labels/train/0380.txt
381,0381,01-PAN-20250210-441-302-L00000100998-CCD23_2_crop2.jpg,01-PAN-20250210-441-302-L00000100998-CCD23_2_crop2.txt,0381.jpg,0381.txt,images/train/01-PAN-20250210-441-302-L00000100998-CCD23_2_crop2.jpg,labels/train/01-PAN-20250210-441-302-L00000100998-CCD23_2_crop2.txt,images/train/0381.jpg,labels/train/0381.txt
382,0382,01-PAN-20250210-441-302-L00000100998-CCD23_3_crop2.jpg,01-PAN-20250210-441-302-L00000100998-CCD23_3_crop2.txt,0382.jpg,0382.txt,images/train/01-PAN-20250210-441-302-L00000100998-CCD23_3_crop2.jpg,labels/train/01-PAN-20250210-441-302-L00000100998-CCD23_3_crop2.txt,images/train/0382.jpg,labels/train/0382.txt
383,0383,01-PAN-20250210-441-302-L00000100998-CCD23_4_crop1.jpg,01-PAN-20250210-441-302-L00000100998-CCD23_4_crop1.txt,0383.jpg,0383.txt,images/train/01-PAN-20250210-441-302-L00000100998-CCD23_4_crop1.jpg,labels/train/01-PAN-20250210-441-302-L00000100998-CCD23_4_crop1.txt,images/train/0383.jpg,labels/train/0383.txt
384,0384,01-PAN-20250210-441-302-L00000100998-CCD23_4_crop2.jpg,01-PAN-20250210-441-302-L00000100998-CCD23_4_crop2.txt,0384.jpg,0384.txt,images/train/01-PAN-20250210-441-302-L00000100998-CCD23_4_crop2.jpg,labels/train/01-PAN-20250210-441-302-L00000100998-CCD23_4_crop2.txt,images/train/0384.jpg,labels/train/0384.txt
385,0385,01-PAN-20250210-441-302-L00000100998-CCD23_4_crop3.jpg,01-PAN-20250210-441-302-L00000100998-CCD23_4_crop3.txt,0385.jpg,0385.txt,images/train/01-PAN-20250210-441-302-L00000100998-CCD23_4_crop3.jpg,labels/train/01-PAN-20250210-441-302-L00000100998-CCD23_4_crop3.txt,images/train/0385.jpg,labels/train/0385.txt
386,0386,01-PAN-20250210-441-302-L00000100998-CCD23_4_crop4.jpg,01-PAN-20250210-441-302-L00000100998-CCD23_4_crop4.txt,0386.jpg,0386.txt,images/train/01-PAN-20250210-441-302-L00000100998-CCD23_4_crop4.jpg,labels/train/01-PAN-20250210-441-302-L00000100998-CCD23_4_crop4.txt,images/train/0386.jpg,labels/train/0386.txt
387,0387,01-PAN-20250210-441-302-L00000100998-CCD23_4_crop5.jpg,01-PAN-20250210-441-302-L00000100998-CCD23_4_crop5.txt,0387.jpg,0387.txt,images/train/01-PAN-20250210-441-302-L00000100998-CCD23_4_crop5.jpg,labels/train/01-PAN-20250210-441-302-L00000100998-CCD23_4_crop5.txt,images/train/0387.jpg,labels/train/0387.txt
388,0388,01-PAN-20250210-441-302-L00000100998-CCD23_4_crop6.jpg,01-PAN-20250210-441-302-L00000100998-CCD23_4_crop6.txt,0388.jpg,0388.txt,images/train/01-PAN-20250210-441-302-L00000100998-CCD23_4_crop6.jpg,labels/train/01-PAN-20250210-441-302-L00000100998-CCD23_4_crop6.txt,images/train/0388.jpg,labels/train/0388.txt
389,0389,01-PAN-20250210-441-302-L00000100998-CCD24_1_crop3.jpg,01-PAN-20250210-441-302-L00000100998-CCD24_1_crop3.txt,0389.jpg,0389.txt,images/train/01-PAN-20250210-441-302-L00000100998-CCD24_1_crop3.jpg,labels/train/01-PAN-20250210-441-302-L00000100998-CCD24_1_crop3.txt,images/train/0389.jpg,labels/train/0389.txt
390,0390,01-PAN-20250210-441-302-L00000100998-CCD24_1_crop4.jpg,01-PAN-20250210-441-302-L00000100998-CCD24_1_crop4.txt,0390.jpg,0390.txt,images/train/01-PAN-20250210-441-302-L00000100998-CCD24_1_crop4.jpg,labels/train/01-PAN-20250210-441-302-L00000100998-CCD24_1_crop4.txt,images/train/0390.jpg,labels/train/0390.txt
391,0391,01-PAN-20250210-441-302-L00000100998-CCD24_1_crop5.jpg,01-PAN-20250210-441-302-L00000100998-CCD24_1_crop5.txt,0391.jpg,0391.txt,images/train/01-PAN-20250210-441-302-L00000100998-CCD24_1_crop5.jpg,labels/train/01-PAN-20250210-441-302-L00000100998-CCD24_1_crop5.txt,images/train/0391.jpg,labels/train/0391.txt
392,0392,01-PAN-20250210-441-302-L00000100998-CCD24_2_crop1.jpg,01-PAN-20250210-441-302-L00000100998-CCD24_2_crop1.txt,0392.jpg,0392.txt,images/train/01-PAN-20250210-441-302-L00000100998-CCD24_2_crop1.jpg,labels/train/01-PAN-20250210-441-302-L00000100998-CCD24_2_crop1.txt,images/train/0392.jpg,labels/train/0392.txt
393,0393,01-PAN-20250210-441-302-L00000100998-CCD24_2_crop2.jpg,01-PAN-20250210-441-302-L00000100998-CCD24_2_crop2.txt,0393.jpg,0393.txt,images/train/01-PAN-20250210-441-302-L00000100998-CCD24_2_crop2.jpg,labels/train/01-PAN-20250210-441-302-L00000100998-CCD24_2_crop2.txt,images/train/0393.jpg,labels/train/0393.txt
394,0394,01-PAN-20250210-441-302-L00000100998-CCD24_4_crop1.jpg,01-PAN-20250210-441-302-L00000100998-CCD24_4_crop1.txt,0394.jpg,0394.txt,images/train/01-PAN-20250210-441-302-L00000100998-CCD24_4_crop1.jpg,labels/train/01-PAN-20250210-441-302-L00000100998-CCD24_4_crop1.txt,images/train/0394.jpg,labels/train/0394.txt
395,0395,01-PAN-20250210-441-302-L00000100998-CCD24_4_crop2.jpg,01-PAN-20250210-441-302-L00000100998-CCD24_4_crop2.txt,0395.jpg,0395.txt,images/train/01-PAN-20250210-441-302-L00000100998-CCD24_4_crop2.jpg,labels/train/01-PAN-20250210-441-302-L00000100998-CCD24_4_crop2.txt,images/train/0395.jpg,labels/train/0395.txt
396,0396,01-PAN-20250210-441-302-L00000100998-CCD24_4_crop4.jpg,01-PAN-20250210-441-302-L00000100998-CCD24_4_crop4.txt,0396.jpg,0396.txt,images/train/01-PAN-20250210-441-302-L00000100998-CCD24_4_crop4.jpg,labels/train/01-PAN-20250210-441-302-L00000100998-CCD24_4_crop4.txt,images/train/0396.jpg,labels/train/0396.txt
397,0397,01-PAN-20250210-441-302-L00000100998-CCD25_5_crop1.jpg,01-PAN-20250210-441-302-L00000100998-CCD25_5_crop1.txt,0397.jpg,0397.txt,images/train/01-PAN-20250210-441-302-L00000100998-CCD25_5_crop1.jpg,labels/train/01-PAN-20250210-441-302-L00000100998-CCD25_5_crop1.txt,images/train/0397.jpg,labels/train/0397.txt
398,0398,01-PAN-20250210-441-302-L00000100998-CCD25_5_crop2.jpg,01-PAN-20250210-441-302-L00000100998-CCD25_5_crop2.txt,0398.jpg,0398.txt,images/train/01-PAN-20250210-441-302-L00000100998-CCD25_5_crop2.jpg,labels/train/01-PAN-20250210-441-302-L00000100998-CCD25_5_crop2.txt,images/train/0398.jpg,labels/train/0398.txt
399,0399,01-PAN-20250210-441-302-L00000100998-CCD25_5_crop3.jpg,01-PAN-20250210-441-302-L00000100998-CCD25_5_crop3.txt,0399.jpg,0399.txt,images/train/01-PAN-20250210-441-302-L00000100998-CCD25_5_crop3.jpg,labels/train/01-PAN-20250210-441-302-L00000100998-CCD25_5_crop3.txt,images/train/0399.jpg,labels/train/0399.txt
400,0400,01-PAN-20250210-441-302-L00000100998-CCD25_5_crop4.jpg,01-PAN-20250210-441-302-L00000100998-CCD25_5_crop4.txt,0400.jpg,0400.txt,images/train/01-PAN-20250210-441-302-L00000100998-CCD25_5_crop4.jpg,labels/train/01-PAN-20250210-441-302-L00000100998-CCD25_5_crop4.txt,images/train/0400.jpg,labels/train/0400.txt
401,0401,01-PAN-20250210-441-302-L00000100998-CCD25_5_crop5.jpg,01-PAN-20250210-441-302-L00000100998-CCD25_5_crop5.txt,0401.jpg,0401.txt,images/train/01-PAN-20250210-441-302-L00000100998-CCD25_5_crop5.jpg,labels/train/01-PAN-20250210-441-302-L00000100998-CCD25_5_crop5.txt,images/train/0401.jpg,labels/train/0401.txt
402,0402,01-PAN-20250210-441-302-L00000100998-CCD25_6_crop1.jpg,01-PAN-20250210-441-302-L00000100998-CCD25_6_crop1.txt,0402.jpg,0402.txt,images/train/01-PAN-20250210-441-302-L00000100998-CCD25_6_crop1.jpg,labels/train/01-PAN-20250210-441-302-L00000100998-CCD25_6_crop1.txt,images/train/0402.jpg,labels/train/0402.txt
403,0403,01-PAN-20250210-441-302-L00000100998-CCD25_6_crop2.jpg,01-PAN-20250210-441-302-L00000100998-CCD25_6_crop2.txt,0403.jpg,0403.txt,images/train/01-PAN-20250210-441-302-L00000100998-CCD25_6_crop2.jpg,labels/train/01-PAN-20250210-441-302-L00000100998-CCD25_6_crop2.txt,images/train/0403.jpg,labels/train/0403.txt
404,0404,01-PAN-20250210-441-302-L00000100998-CCD25_6_crop3.jpg,01-PAN-20250210-441-302-L00000100998-CCD25_6_crop3.txt,0404.jpg,0404.txt,images/train/01-PAN-20250210-441-302-L00000100998-CCD25_6_crop3.jpg,labels/train/01-PAN-20250210-441-302-L00000100998-CCD25_6_crop3.txt,images/train/0404.jpg,labels/train/0404.txt
405,0405,01-PAN-20250210-441-302-L00000100998-CCD25_6_crop4.jpg,01-PAN-20250210-441-302-L00000100998-CCD25_6_crop4.txt,0405.jpg,0405.txt,images/train/01-PAN-20250210-441-302-L00000100998-CCD25_6_crop4.jpg,labels/train/01-PAN-20250210-441-302-L00000100998-CCD25_6_crop4.txt,images/train/0405.jpg,labels/train/0405.txt
406,0406,01-PAN-20250210-441-302-L00000100998-CCD25_6_crop5.jpg,01-PAN-20250210-441-302-L00000100998-CCD25_6_crop5.txt,0406.jpg,0406.txt,images/train/01-PAN-20250210-441-302-L00000100998-CCD25_6_crop5.jpg,labels/train/01-PAN-20250210-441-302-L00000100998-CCD25_6_crop5.txt,images/train/0406.jpg,labels/train/0406.txt
407,0407,01-PAN-20250210-441-302-L00000100998-CCD25_6_crop6.jpg,01-PAN-20250210-441-302-L00000100998-CCD25_6_crop6.txt,0407.jpg,0407.txt,images/train/01-PAN-20250210-441-302-L00000100998-CCD25_6_crop6.jpg,labels/train/01-PAN-20250210-441-302-L00000100998-CCD25_6_crop6.txt,images/train/0407.jpg,labels/train/0407.txt
408,0408,01-PAN-20250210-441-302-L00000100998-CCD25_6_crop7.jpg,01-PAN-20250210-441-302-L00000100998-CCD25_6_crop7.txt,0408.jpg,0408.txt,images/train/01-PAN-20250210-441-302-L00000100998-CCD25_6_crop7.jpg,labels/train/01-PAN-20250210-441-302-L00000100998-CCD25_6_crop7.txt,images/train/0408.jpg,labels/train/0408.txt
409,0409,01-PAN-20250210-441-302-L00000100998-CCD26_5_crop1.jpg,01-PAN-20250210-441-302-L00000100998-CCD26_5_crop1.txt,0409.jpg,0409.txt,images/train/01-PAN-20250210-441-302-L00000100998-CCD26_5_crop1.jpg,labels/train/01-PAN-20250210-441-302-L00000100998-CCD26_5_crop1.txt,images/train/0409.jpg,labels/train/0409.txt
410,0410,01-PAN-20250210-441-302-L00000100998-CCD26_5_crop2.jpg,01-PAN-20250210-441-302-L00000100998-CCD26_5_crop2.txt,0410.jpg,0410.txt,images/train/01-PAN-20250210-441-302-L00000100998-CCD26_5_crop2.jpg,labels/train/01-PAN-20250210-441-302-L00000100998-CCD26_5_crop2.txt,images/train/0410.jpg,labels/train/0410.txt
411,0411,01-PAN-20250210-441-302-L00000100998-CCD26_6_crop1.jpg,01-PAN-20250210-441-302-L00000100998-CCD26_6_crop1.txt,0411.jpg,0411.txt,images/train/01-PAN-20250210-441-302-L00000100998-CCD26_6_crop1.jpg,labels/train/01-PAN-20250210-441-302-L00000100998-CCD26_6_crop1.txt,images/train/0411.jpg,labels/train/0411.txt
412,0412,01-PAN-20250321-446-308-L00000101035-CCD21_4_crop1.jpg,01-PAN-20250321-446-308-L00000101035-CCD21_4_crop1.txt,0412.jpg,0412.txt,images/train/01-PAN-20250321-446-308-L00000101035-CCD21_4_crop1.jpg,labels/train/01-PAN-20250321-446-308-L00000101035-CCD21_4_crop1.txt,images/train/0412.jpg,labels/train/0412.txt
413,0413,01-PAN-20250328-462-374-L00000101101-CCD19_6_crop2.jpg,01-PAN-20250328-462-374-L00000101101-CCD19_6_crop2.txt,0413.jpg,0413.txt,images/train/01-PAN-20250328-462-374-L00000101101-CCD19_6_crop2.jpg,labels/train/01-PAN-20250328-462-374-L00000101101-CCD19_6_crop2.txt,images/train/0413.jpg,labels/train/0413.txt
414,0414,01-PAN-20250328-462-374-L00000101101-CCD19_6_crop3.jpg,01-PAN-20250328-462-374-L00000101101-CCD19_6_crop3.txt,0414.jpg,0414.txt,images/train/01-PAN-20250328-462-374-L00000101101-CCD19_6_crop3.jpg,labels/train/01-PAN-20250328-462-374-L00000101101-CCD19_6_crop3.txt,images/train/0414.jpg,labels/train/0414.txt
415,0415,01-PAN-20250328-462-374-L00000101101-CCD20_5_crop1.jpg,01-PAN-20250328-462-374-L00000101101-CCD20_5_crop1.txt,0415.jpg,0415.txt,images/train/01-PAN-20250328-462-374-L00000101101-CCD20_5_crop1.jpg,labels/train/01-PAN-20250328-462-374-L00000101101-CCD20_5_crop1.txt,images/train/0415.jpg,labels/train/0415.txt
416,0416,01-PAN-20250328-462-374-L00000101101-CCD20_5_crop2.jpg,01-PAN-20250328-462-374-L00000101101-CCD20_5_crop2.txt,0416.jpg,0416.txt,images/train/01-PAN-20250328-462-374-L00000101101-CCD20_5_crop2.jpg,labels/train/01-PAN-20250328-462-374-L00000101101-CCD20_5_crop2.txt,images/train/0416.jpg,labels/train/0416.txt
417,0417,01-PAN-20250328-462-374-L00000101101-CCD20_6_crop5.jpg,01-PAN-20250328-462-374-L00000101101-CCD20_6_crop5.txt,0417.jpg,0417.txt,images/train/01-PAN-20250328-462-374-L00000101101-CCD20_6_crop5.jpg,labels/train/01-PAN-20250328-462-374-L00000101101-CCD20_6_crop5.txt,images/train/0417.jpg,labels/train/0417.txt
418,0418,01-PAN-20250328-462-374-L00000101101-CCD20_6_crop6.jpg,01-PAN-20250328-462-374-L00000101101-CCD20_6_crop6.txt,0418.jpg,0418.txt,images/train/01-PAN-20250328-462-374-L00000101101-CCD20_6_crop6.jpg,labels/train/01-PAN-20250328-462-374-L00000101101-CCD20_6_crop6.txt,images/train/0418.jpg,labels/train/0418.txt
419,0419,01-PAN-20250328-462-374-L00000101101-CCD20_6_crop7.jpg,01-PAN-20250328-462-374-L00000101101-CCD20_6_crop7.txt,0419.jpg,0419.txt,images/train/01-PAN-20250328-462-374-L00000101101-CCD20_6_crop7.jpg,labels/train/01-PAN-20250328-462-374-L00000101101-CCD20_6_crop7.txt,images/train/0419.jpg,labels/train/0419.txt
420,0420,01-PAN-20250328-462-374-L00000101101-CCD20_6_crop8.jpg,01-PAN-20250328-462-374-L00000101101-CCD20_6_crop8.txt,0420.jpg,0420.txt,images/train/01-PAN-20250328-462-374-L00000101101-CCD20_6_crop8.jpg,labels/train/01-PAN-20250328-462-374-L00000101101-CCD20_6_crop8.txt,images/train/0420.jpg,labels/train/0420.txt
421,0421,01-PAN-20250328-462-374-L00000101101-CCD20_6_crop9.jpg,01-PAN-20250328-462-374-L00000101101-CCD20_6_crop9.txt,0421.jpg,0421.txt,images/train/01-PAN-20250328-462-374-L00000101101-CCD20_6_crop9.jpg,labels/train/01-PAN-20250328-462-374-L00000101101-CCD20_6_crop9.txt,images/train/0421.jpg,labels/train/0421.txt
422,0422,01-PAN-20250328-462-374-L00000101101-CCD21_4_crop1.jpg,01-PAN-20250328-462-374-L00000101101-CCD21_4_crop1.txt,0422.jpg,0422.txt,images/train/01-PAN-20250328-462-374-L00000101101-CCD21_4_crop1.jpg,labels/train/01-PAN-20250328-462-374-L00000101101-CCD21_4_crop1.txt,images/train/0422.jpg,labels/train/0422.txt
423,0423,01-PAN-20250328-462-374-L00000101101-CCD21_4_crop2.jpg,01-PAN-20250328-462-374-L00000101101-CCD21_4_crop2.txt,0423.jpg,0423.txt,images/train/01-PAN-20250328-462-374-L00000101101-CCD21_4_crop2.jpg,labels/train/01-PAN-20250328-462-374-L00000101101-CCD21_4_crop2.txt,images/train/0423.jpg,labels/train/0423.txt
424,0424,01-PAN-20250328-462-374-L00000101101-CCD21_5_crop1.jpg,01-PAN-20250328-462-374-L00000101101-CCD21_5_crop1.txt,0424.jpg,0424.txt,images/train/01-PAN-20250328-462-374-L00000101101-CCD21_5_crop1.jpg,labels/train/01-PAN-20250328-462-374-L00000101101-CCD21_5_crop1.txt,images/train/0424.jpg,labels/train/0424.txt
425,0425,01-PAN-20250328-462-374-L00000101101-CCD21_5_crop10.jpg,01-PAN-20250328-462-374-L00000101101-CCD21_5_crop10.txt,0425.jpg,0425.txt,images/train/01-PAN-20250328-462-374-L00000101101-CCD21_5_crop10.jpg,labels/train/01-PAN-20250328-462-374-L00000101101-CCD21_5_crop10.txt,images/train/0425.jpg,labels/train/0425.txt
426,0426,01-PAN-20250328-462-374-L00000101101-CCD21_5_crop11.jpg,01-PAN-20250328-462-374-L00000101101-CCD21_5_crop11.txt,0426.jpg,0426.txt,images/train/01-PAN-20250328-462-374-L00000101101-CCD21_5_crop11.jpg,labels/train/01-PAN-20250328-462-374-L00000101101-CCD21_5_crop11.txt,images/train/0426.jpg,labels/train/0426.txt
427,0427,01-PAN-20250328-462-374-L00000101101-CCD21_5_crop12.jpg,01-PAN-20250328-462-374-L00000101101-CCD21_5_crop12.txt,0427.jpg,0427.txt,images/train/01-PAN-20250328-462-374-L00000101101-CCD21_5_crop12.jpg,labels/train/01-PAN-20250328-462-374-L00000101101-CCD21_5_crop12.txt,images/train/0427.jpg,labels/train/0427.txt
428,0428,01-PAN-20250328-462-374-L00000101101-CCD21_5_crop14.jpg,01-PAN-20250328-462-374-L00000101101-CCD21_5_crop14.txt,0428.jpg,0428.txt,images/train/01-PAN-20250328-462-374-L00000101101-CCD21_5_crop14.jpg,labels/train/01-PAN-20250328-462-374-L00000101101-CCD21_5_crop14.txt,images/train/0428.jpg,labels/train/0428.txt
429,0429,01-PAN-20250328-462-374-L00000101101-CCD21_5_crop15.jpg,01-PAN-20250328-462-374-L00000101101-CCD21_5_crop15.txt,0429.jpg,0429.txt,images/train/01-PAN-20250328-462-374-L00000101101-CCD21_5_crop15.jpg,labels/train/01-PAN-20250328-462-374-L00000101101-CCD21_5_crop15.txt,images/train/0429.jpg,labels/train/0429.txt
430,0430,01-PAN-20250328-462-374-L00000101101-CCD21_5_crop2.jpg,01-PAN-20250328-462-374-L00000101101-CCD21_5_crop2.txt,0430.jpg,0430.txt,images/train/01-PAN-20250328-462-374-L00000101101-CCD21_5_crop2.jpg,labels/train/01-PAN-20250328-462-374-L00000101101-CCD21_5_crop2.txt,images/train/0430.jpg,labels/train/0430.txt
431,0431,01-PAN-20250328-462-374-L00000101101-CCD21_5_crop3.jpg,01-PAN-20250328-462-374-L00000101101-CCD21_5_crop3.txt,0431.jpg,0431.txt,images/train/01-PAN-20250328-462-374-L00000101101-CCD21_5_crop3.jpg,labels/train/01-PAN-20250328-462-374-L00000101101-CCD21_5_crop3.txt,images/train/0431.jpg,labels/train/0431.txt
432,0432,01-PAN-20250328-462-374-L00000101101-CCD21_5_crop5.jpg,01-PAN-20250328-462-374-L00000101101-CCD21_5_crop5.txt,0432.jpg,0432.txt,images/train/01-PAN-20250328-462-374-L00000101101-CCD21_5_crop5.jpg,labels/train/01-PAN-20250328-462-374-L00000101101-CCD21_5_crop5.txt,images/train/0432.jpg,labels/train/0432.txt
433,0433,01-PAN-20250328-462-374-L00000101101-CCD21_5_crop6.jpg,01-PAN-20250328-462-374-L00000101101-CCD21_5_crop6.txt,0433.jpg,0433.txt,images/train/01-PAN-20250328-462-374-L00000101101-CCD21_5_crop6.jpg,labels/train/01-PAN-20250328-462-374-L00000101101-CCD21_5_crop6.txt,images/train/0433.jpg,labels/train/0433.txt
434,0434,01-PAN-20250328-462-374-L00000101101-CCD21_5_crop7.jpg,01-PAN-20250328-462-374-L00000101101-CCD21_5_crop7.txt,0434.jpg,0434.txt,images/train/01-PAN-20250328-462-374-L00000101101-CCD21_5_crop7.jpg,labels/train/01-PAN-20250328-462-374-L00000101101-CCD21_5_crop7.txt,images/train/0434.jpg,labels/train/0434.txt
435,0435,01-PAN-20250328-462-374-L00000101101-CCD21_5_crop8.jpg,01-PAN-20250328-462-374-L00000101101-CCD21_5_crop8.txt,0435.jpg,0435.txt,images/train/01-PAN-20250328-462-374-L00000101101-CCD21_5_crop8.jpg,labels/train/01-PAN-20250328-462-374-L00000101101-CCD21_5_crop8.txt,images/train/0435.jpg,labels/train/0435.txt
436,0436,01-PAN-20250328-462-374-L00000101101-CCD21_5_crop9.jpg,01-PAN-20250328-462-374-L00000101101-CCD21_5_crop9.txt,0436.jpg,0436.txt,images/train/01-PAN-20250328-462-374-L00000101101-CCD21_5_crop9.jpg,labels/train/01-PAN-20250328-462-374-L00000101101-CCD21_5_crop9.txt,images/train/0436.jpg,labels/train/0436.txt
437,0437,01-PAN-20250328-462-374-L00000101101-CCD22_2_crop1.jpg,01-PAN-20250328-462-374-L00000101101-CCD22_2_crop1.txt,0437.jpg,0437.txt,images/train/01-PAN-20250328-462-374-L00000101101-CCD22_2_crop1.jpg,labels/train/01-PAN-20250328-462-374-L00000101101-CCD22_2_crop1.txt,images/train/0437.jpg,labels/train/0437.txt
438,0438,01-PAN-20250328-462-374-L00000101101-CCD22_2_crop2.jpg,01-PAN-20250328-462-374-L00000101101-CCD22_2_crop2.txt,0438.jpg,0438.txt,images/train/01-PAN-20250328-462-374-L00000101101-CCD22_2_crop2.jpg,labels/train/01-PAN-20250328-462-374-L00000101101-CCD22_2_crop2.txt,images/train/0438.jpg,labels/train/0438.txt
439,0439,01-PAN-20250328-462-374-L00000101101-CCD22_3_crop1.jpg,01-PAN-20250328-462-374-L00000101101-CCD22_3_crop1.txt,0439.jpg,0439.txt,images/train/01-PAN-20250328-462-374-L00000101101-CCD22_3_crop1.jpg,labels/train/01-PAN-20250328-462-374-L00000101101-CCD22_3_crop1.txt,images/train/0439.jpg,labels/train/0439.txt
440,0440,01-PAN-20250328-462-374-L00000101101-CCD22_3_crop2.jpg,01-PAN-20250328-462-374-L00000101101-CCD22_3_crop2.txt,0440.jpg,0440.txt,images/train/01-PAN-20250328-462-374-L00000101101-CCD22_3_crop2.jpg,labels/train/01-PAN-20250328-462-374-L00000101101-CCD22_3_crop2.txt,images/train/0440.jpg,labels/train/0440.txt
441,0441,01-PAN-20250328-462-374-L00000101101-CCD22_3_crop3.jpg,01-PAN-20250328-462-374-L00000101101-CCD22_3_crop3.txt,0441.jpg,0441.txt,images/train/01-PAN-20250328-462-374-L00000101101-CCD22_3_crop3.jpg,labels/train/01-PAN-20250328-462-374-L00000101101-CCD22_3_crop3.txt,images/train/0441.jpg,labels/train/0441.txt
442,0442,01-PAN-20250328-462-375-L00000101102-CCD19_1_crop1.jpg,01-PAN-20250328-462-375-L00000101102-CCD19_1_crop1.txt,0442.jpg,0442.txt,images/train/01-PAN-20250328-462-375-L00000101102-CCD19_1_crop1.jpg,labels/train/01-PAN-20250328-462-375-L00000101102-CCD19_1_crop1.txt,images/train/0442.jpg,labels/train/0442.txt
443,0443,01-PAN-20250328-462-375-L00000101102-CCD19_1_crop2.jpg,01-PAN-20250328-462-375-L00000101102-CCD19_1_crop2.txt,0443.jpg,0443.txt,images/train/01-PAN-20250328-462-375-L00000101102-CCD19_1_crop2.jpg,labels/train/01-PAN-20250328-462-375-L00000101102-CCD19_1_crop2.txt,images/train/0443.jpg,labels/train/0443.txt
444,0444,01-PAN-20250328-462-375-L00000101102-CCD19_1_crop3.jpg,01-PAN-20250328-462-375-L00000101102-CCD19_1_crop3.txt,0444.jpg,0444.txt,images/train/01-PAN-20250328-462-375-L00000101102-CCD19_1_crop3.jpg,labels/train/01-PAN-20250328-462-375-L00000101102-CCD19_1_crop3.txt,images/train/0444.jpg,labels/train/0444.txt
445,0445,01-PAN-20250328-462-375-L00000101102-CCD20_1_crop10.jpg,01-PAN-20250328-462-375-L00000101102-CCD20_1_crop10.txt,0445.jpg,0445.txt,images/train/01-PAN-20250328-462-375-L00000101102-CCD20_1_crop10.jpg,labels/train/01-PAN-20250328-462-375-L00000101102-CCD20_1_crop10.txt,images/train/0445.jpg,labels/train/0445.txt
446,0446,01-PAN-20250328-462-375-L00000101102-CCD20_1_crop11.jpg,01-PAN-20250328-462-375-L00000101102-CCD20_1_crop11.txt,0446.jpg,0446.txt,images/train/01-PAN-20250328-462-375-L00000101102-CCD20_1_crop11.jpg,labels/train/01-PAN-20250328-462-375-L00000101102-CCD20_1_crop11.txt,images/train/0446.jpg,labels/train/0446.txt
447,0447,01-PAN-20250328-462-375-L00000101102-CCD20_1_crop12.jpg,01-PAN-20250328-462-375-L00000101102-CCD20_1_crop12.txt,0447.jpg,0447.txt,images/train/01-PAN-20250328-462-375-L00000101102-CCD20_1_crop12.jpg,labels/train/01-PAN-20250328-462-375-L00000101102-CCD20_1_crop12.txt,images/train/0447.jpg,labels/train/0447.txt
448,0448,01-PAN-20250328-462-375-L00000101102-CCD20_1_crop2.jpg,01-PAN-20250328-462-375-L00000101102-CCD20_1_crop2.txt,0448.jpg,0448.txt,images/train/01-PAN-20250328-462-375-L00000101102-CCD20_1_crop2.jpg,labels/train/01-PAN-20250328-462-375-L00000101102-CCD20_1_crop2.txt,images/train/0448.jpg,labels/train/0448.txt
449,0449,01-PAN-20250328-462-375-L00000101102-CCD20_1_crop3.jpg,01-PAN-20250328-462-375-L00000101102-CCD20_1_crop3.txt,0449.jpg,0449.txt,images/train/01-PAN-20250328-462-375-L00000101102-CCD20_1_crop3.jpg,labels/train/01-PAN-20250328-462-375-L00000101102-CCD20_1_crop3.txt,images/train/0449.jpg,labels/train/0449.txt
450,0450,01-PAN-20250328-462-375-L00000101102-CCD20_1_crop4.jpg,01-PAN-20250328-462-375-L00000101102-CCD20_1_crop4.txt,0450.jpg,0450.txt,images/train/01-PAN-20250328-462-375-L00000101102-CCD20_1_crop4.jpg,labels/train/01-PAN-20250328-462-375-L00000101102-CCD20_1_crop4.txt,images/train/0450.jpg,labels/train/0450.txt
451,0451,01-PAN-20250328-462-375-L00000101102-CCD20_1_crop5.jpg,01-PAN-20250328-462-375-L00000101102-CCD20_1_crop5.txt,0451.jpg,0451.txt,images/train/01-PAN-20250328-462-375-L00000101102-CCD20_1_crop5.jpg,labels/train/01-PAN-20250328-462-375-L00000101102-CCD20_1_crop5.txt,images/train/0451.jpg,labels/train/0451.txt
452,0452,01-PAN-20250328-462-375-L00000101102-CCD20_1_crop6.jpg,01-PAN-20250328-462-375-L00000101102-CCD20_1_crop6.txt,0452.jpg,0452.txt,images/train/01-PAN-20250328-462-375-L00000101102-CCD20_1_crop6.jpg,labels/train/01-PAN-20250328-462-375-L00000101102-CCD20_1_crop6.txt,images/train/0452.jpg,labels/train/0452.txt
453,0453,01-PAN-20250328-462-375-L00000101102-CCD20_1_crop7.jpg,01-PAN-20250328-462-375-L00000101102-CCD20_1_crop7.txt,0453.jpg,0453.txt,images/train/01-PAN-20250328-462-375-L00000101102-CCD20_1_crop7.jpg,labels/train/01-PAN-20250328-462-375-L00000101102-CCD20_1_crop7.txt,images/train/0453.jpg,labels/train/0453.txt
454,0454,01-PAN-20250328-462-375-L00000101102-CCD20_1_crop9.jpg,01-PAN-20250328-462-375-L00000101102-CCD20_1_crop9.txt,0454.jpg,0454.txt,images/train/01-PAN-20250328-462-375-L00000101102-CCD20_1_crop9.jpg,labels/train/01-PAN-20250328-462-375-L00000101102-CCD20_1_crop9.txt,images/train/0454.jpg,labels/train/0454.txt
455,0455,01-PAN-20250328-462-375-L00000101102-CCD20_2_crop1.jpg,01-PAN-20250328-462-375-L00000101102-CCD20_2_crop1.txt,0455.jpg,0455.txt,images/train/01-PAN-20250328-462-375-L00000101102-CCD20_2_crop1.jpg,labels/train/01-PAN-20250328-462-375-L00000101102-CCD20_2_crop1.txt,images/train/0455.jpg,labels/train/0455.txt
456,0456,01-PAN-20250328-462-375-L00000101102-CCD20_2_crop2.jpg,01-PAN-20250328-462-375-L00000101102-CCD20_2_crop2.txt,0456.jpg,0456.txt,images/train/01-PAN-20250328-462-375-L00000101102-CCD20_2_crop2.jpg,labels/train/01-PAN-20250328-462-375-L00000101102-CCD20_2_crop2.txt,images/train/0456.jpg,labels/train/0456.txt
457,0457,01-PAN-20250328-462-375-L00000101102-CCD20_2_crop3.jpg,01-PAN-20250328-462-375-L00000101102-CCD20_2_crop3.txt,0457.jpg,0457.txt,images/train/01-PAN-20250328-462-375-L00000101102-CCD20_2_crop3.jpg,labels/train/01-PAN-20250328-462-375-L00000101102-CCD20_2_crop3.txt,images/train/0457.jpg,labels/train/0457.txt
458,0458,01-PAN-20250328-462-375-L00000101102-CCD20_2_crop4.jpg,01-PAN-20250328-462-375-L00000101102-CCD20_2_crop4.txt,0458.jpg,0458.txt,images/train/01-PAN-20250328-462-375-L00000101102-CCD20_2_crop4.jpg,labels/train/01-PAN-20250328-462-375-L00000101102-CCD20_2_crop4.txt,images/train/0458.jpg,labels/train/0458.txt
459,0459,01-PAN-20250328-462-375-L00000101102-CCD20_2_crop5.jpg,01-PAN-20250328-462-375-L00000101102-CCD20_2_crop5.txt,0459.jpg,0459.txt,images/train/01-PAN-20250328-462-375-L00000101102-CCD20_2_crop5.jpg,labels/train/01-PAN-20250328-462-375-L00000101102-CCD20_2_crop5.txt,images/train/0459.jpg,labels/train/0459.txt
460,0460,01-PAN-20250328-462-375-L00000101102-CCD20_2_crop6.jpg,01-PAN-20250328-462-375-L00000101102-CCD20_2_crop6.txt,0460.jpg,0460.txt,images/train/01-PAN-20250328-462-375-L00000101102-CCD20_2_crop6.jpg,labels/train/01-PAN-20250328-462-375-L00000101102-CCD20_2_crop6.txt,images/train/0460.jpg,labels/train/0460.txt
461,0461,01-PAN-20250328-462-375-L00000101102-CCD21_1_crop1.jpg,01-PAN-20250328-462-375-L00000101102-CCD21_1_crop1.txt,0461.jpg,0461.txt,images/train/01-PAN-20250328-462-375-L00000101102-CCD21_1_crop1.jpg,labels/train/01-PAN-20250328-462-375-L00000101102-CCD21_1_crop1.txt,images/train/0461.jpg,labels/train/0461.txt
462,0462,01-PAN-20250328-462-375-L00000101102-CCD21_1_crop2.jpg,01-PAN-20250328-462-375-L00000101102-CCD21_1_crop2.txt,0462.jpg,0462.txt,images/train/01-PAN-20250328-462-375-L00000101102-CCD21_1_crop2.jpg,labels/train/01-PAN-20250328-462-375-L00000101102-CCD21_1_crop2.txt,images/train/0462.jpg,labels/train/0462.txt
463,0463,01-PAN-20250328-462-375-L00000101102-CCD21_1_crop3.jpg,01-PAN-20250328-462-375-L00000101102-CCD21_1_crop3.txt,0463.jpg,0463.txt,images/train/01-PAN-20250328-462-375-L00000101102-CCD21_1_crop3.jpg,labels/train/01-PAN-20250328-462-375-L00000101102-CCD21_1_crop3.txt,images/train/0463.jpg,labels/train/0463.txt
464,0464,01-PAN-20250331-442-283-L00000101157-CCD22_2_crop1.jpg,01-PAN-20250331-442-283-L00000101157-CCD22_2_crop1.txt,0464.jpg,0464.txt,images/train/01-PAN-20250331-442-283-L00000101157-CCD22_2_crop1.jpg,labels/train/01-PAN-20250331-442-283-L00000101157-CCD22_2_crop1.txt,images/train/0464.jpg,labels/train/0464.txt
465,0465,01-PAN-20250331-442-283-L00000101157-CCD22_3_crop1.jpg,01-PAN-20250331-442-283-L00000101157-CCD22_3_crop1.txt,0465.jpg,0465.txt,images/train/01-PAN-20250331-442-283-L00000101157-CCD22_3_crop1.jpg,labels/train/01-PAN-20250331-442-283-L00000101157-CCD22_3_crop1.txt,images/train/0465.jpg,labels/train/0465.txt
466,0466,01-PAN-20250331-442-283-L00000101157-CCD22_3_crop2.jpg,01-PAN-20250331-442-283-L00000101157-CCD22_3_crop2.txt,0466.jpg,0466.txt,images/train/01-PAN-20250331-442-283-L00000101157-CCD22_3_crop2.jpg,labels/train/01-PAN-20250331-442-283-L00000101157-CCD22_3_crop2.txt,images/train/0466.jpg,labels/train/0466.txt
467,0467,01-PAN-20250403-166-186-L00000098801-CCD17_3_crop1.jpg,01-PAN-20250403-166-186-L00000098801-CCD17_3_crop1.txt,0467.jpg,0467.txt,images/train/01-PAN-20250403-166-186-L00000098801-CCD17_3_crop1.jpg,labels/train/01-PAN-20250403-166-186-L00000098801-CCD17_3_crop1.txt,images/train/0467.jpg,labels/train/0467.txt
468,0468,01-PAN-20250404-004-390-L00000099138-CCD21_3_crop1.jpg,01-PAN-20250404-004-390-L00000099138-CCD21_3_crop1.txt,0468.jpg,0468.txt,images/train/01-PAN-20250404-004-390-L00000099138-CCD21_3_crop1.jpg,labels/train/01-PAN-20250404-004-390-L00000099138-CCD21_3_crop1.txt,images/train/0468.jpg,labels/train/0468.txt
469,0469,01-PAN-20250404-004-390-L00000099138-CCD21_3_crop2.jpg,01-PAN-20250404-004-390-L00000099138-CCD21_3_crop2.txt,0469.jpg,0469.txt,images/train/01-PAN-20250404-004-390-L00000099138-CCD21_3_crop2.jpg,labels/train/01-PAN-20250404-004-390-L00000099138-CCD21_3_crop2.txt,images/train/0469.jpg,labels/train/0469.txt
470,0470,01-PAN-20250404-004-390-L00000099138-CCD21_3_crop3.jpg,01-PAN-20250404-004-390-L00000099138-CCD21_3_crop3.txt,0470.jpg,0470.txt,images/train/01-PAN-20250404-004-390-L00000099138-CCD21_3_crop3.jpg,labels/train/01-PAN-20250404-004-390-L00000099138-CCD21_3_crop3.txt,images/train/0470.jpg,labels/train/0470.txt
471,0471,01-PAN-20250404-004-390-L00000099138-CCD21_4_crop2.jpg,01-PAN-20250404-004-390-L00000099138-CCD21_4_crop2.txt,0471.jpg,0471.txt,images/train/01-PAN-20250404-004-390-L00000099138-CCD21_4_crop2.jpg,labels/train/01-PAN-20250404-004-390-L00000099138-CCD21_4_crop2.txt,images/train/0471.jpg,labels/train/0471.txt
472,0472,01-PAN-20250404-004-398-L00000099146-CCD13_3_crop2.jpg,01-PAN-20250404-004-398-L00000099146-CCD13_3_crop2.txt,0472.jpg,0472.txt,images/train/01-PAN-20250404-004-398-L00000099146-CCD13_3_crop2.jpg,labels/train/01-PAN-20250404-004-398-L00000099146-CCD13_3_crop2.txt,images/train/0472.jpg,labels/train/0472.txt
473,0473,01-PAN-20250404-004-398-L00000099146-CCD13_3_crop3.jpg,01-PAN-20250404-004-398-L00000099146-CCD13_3_crop3.txt,0473.jpg,0473.txt,images/train/01-PAN-20250404-004-398-L00000099146-CCD13_3_crop3.jpg,labels/train/01-PAN-20250404-004-398-L00000099146-CCD13_3_crop3.txt,images/train/0473.jpg,labels/train/0473.txt
474,0474,01-PAN-20250404-005-440-L00000099179-CCD9_5_crop2.jpg,01-PAN-20250404-005-440-L00000099179-CCD9_5_crop2.txt,0474.jpg,0474.txt,images/train/01-PAN-20250404-005-440-L00000099179-CCD9_5_crop2.jpg,labels/train/01-PAN-20250404-005-440-L00000099179-CCD9_5_crop2.txt,images/train/0474.jpg,labels/train/0474.txt
475,0475,01-PAN-20250404-005-440-L00000099179-CCD9_5_crop3.jpg,01-PAN-20250404-005-440-L00000099179-CCD9_5_crop3.txt,0475.jpg,0475.txt,images/train/01-PAN-20250404-005-440-L00000099179-CCD9_5_crop3.jpg,labels/train/01-PAN-20250404-005-440-L00000099179-CCD9_5_crop3.txt,images/train/0475.jpg,labels/train/0475.txt
476,0476,01-PAN-20250404-005-440-L00000099179-CCD9_5_crop4.jpg,01-PAN-20250404-005-440-L00000099179-CCD9_5_crop4.txt,0476.jpg,0476.txt,images/train/01-PAN-20250404-005-440-L00000099179-CCD9_5_crop4.jpg,labels/train/01-PAN-20250404-005-440-L00000099179-CCD9_5_crop4.txt,images/train/0476.jpg,labels/train/0476.txt
477,0477,01-PAN-20250404-320-224-L00000098913-CCD19_6_crop1.jpg,01-PAN-20250404-320-224-L00000098913-CCD19_6_crop1.txt,0477.jpg,0477.txt,images/train/01-PAN-20250404-320-224-L00000098913-CCD19_6_crop1.jpg,labels/train/01-PAN-20250404-320-224-L00000098913-CCD19_6_crop1.txt,images/train/0477.jpg,labels/train/0477.txt
478,0478,01-PAN-20250404-320-224-L00000098913-CCD19_6_crop2.jpg,01-PAN-20250404-320-224-L00000098913-CCD19_6_crop2.txt,0478.jpg,0478.txt,images/train/01-PAN-20250404-320-224-L00000098913-CCD19_6_crop2.jpg,labels/train/01-PAN-20250404-320-224-L00000098913-CCD19_6_crop2.txt,images/train/0478.jpg,labels/train/0478.txt
479,0479,01-PAN-20250404-320-224-L00000098913-CCD19_6_crop3.jpg,01-PAN-20250404-320-224-L00000098913-CCD19_6_crop3.txt,0479.jpg,0479.txt,images/train/01-PAN-20250404-320-224-L00000098913-CCD19_6_crop3.jpg,labels/train/01-PAN-20250404-320-224-L00000098913-CCD19_6_crop3.txt,images/train/0479.jpg,labels/train/0479.txt
480,0480,01-PAN-20250404-320-224-L00000098913-CCD20_5_crop1.jpg,01-PAN-20250404-320-224-L00000098913-CCD20_5_crop1.txt,0480.jpg,0480.txt,images/train/01-PAN-20250404-320-224-L00000098913-CCD20_5_crop1.jpg,labels/train/01-PAN-20250404-320-224-L00000098913-CCD20_5_crop1.txt,images/train/0480.jpg,labels/train/0480.txt
481,0481,01-PAN-20250404-320-230-L00000098919-CCD6_3_crop1.jpg,01-PAN-20250404-320-230-L00000098919-CCD6_3_crop1.txt,0481.jpg,0481.txt,images/train/01-PAN-20250404-320-230-L00000098919-CCD6_3_crop1.jpg,labels/train/01-PAN-20250404-320-230-L00000098919-CCD6_3_crop1.txt,images/train/0481.jpg,labels/train/0481.txt
482,0482,01-PAN-20250404-320-230-L00000098919-CCD6_3_crop2.jpg,01-PAN-20250404-320-230-L00000098919-CCD6_3_crop2.txt,0482.jpg,0482.txt,images/train/01-PAN-20250404-320-230-L00000098919-CCD6_3_crop2.jpg,labels/train/01-PAN-20250404-320-230-L00000098919-CCD6_3_crop2.txt,images/train/0482.jpg,labels/train/0482.txt
483,0483,01-PAN-20250404-320-230-L00000098919-CCD6_4_crop1.jpg,01-PAN-20250404-320-230-L00000098919-CCD6_4_crop1.txt,0483.jpg,0483.txt,images/train/01-PAN-20250404-320-230-L00000098919-CCD6_4_crop1.jpg,labels/train/01-PAN-20250404-320-230-L00000098919-CCD6_4_crop1.txt,images/train/0483.jpg,labels/train/0483.txt
484,0484,01-PAN-20250404-320-230-L00000098919-CCD6_4_crop2.jpg,01-PAN-20250404-320-230-L00000098919-CCD6_4_crop2.txt,0484.jpg,0484.txt,images/train/01-PAN-20250404-320-230-L00000098919-CCD6_4_crop2.jpg,labels/train/01-PAN-20250404-320-230-L00000098919-CCD6_4_crop2.txt,images/train/0484.jpg,labels/train/0484.txt
485,0485,01-PAN-20250404-320-230-L00000098919-CCD6_4_crop3.jpg,01-PAN-20250404-320-230-L00000098919-CCD6_4_crop3.txt,0485.jpg,0485.txt,images/train/01-PAN-20250404-320-230-L00000098919-CCD6_4_crop3.jpg,labels/train/01-PAN-20250404-320-230-L00000098919-CCD6_4_crop3.txt,images/train/0485.jpg,labels/train/0485.txt
486,0486,01-PAN-20250404-320-230-L00000098919-CCD6_4_crop4.jpg,01-PAN-20250404-320-230-L00000098919-CCD6_4_crop4.txt,0486.jpg,0486.txt,images/train/01-PAN-20250404-320-230-L00000098919-CCD6_4_crop4.jpg,labels/train/01-PAN-20250404-320-230-L00000098919-CCD6_4_crop4.txt,images/train/0486.jpg,labels/train/0486.txt
487,0487,01-PAN-20250405-061-361-L00000099504-CCD29_2_crop1.jpg,01-PAN-20250405-061-361-L00000099504-CCD29_2_crop1.txt,0487.jpg,0487.txt,images/train/01-PAN-20250405-061-361-L00000099504-CCD29_2_crop1.jpg,labels/train/01-PAN-20250405-061-361-L00000099504-CCD29_2_crop1.txt,images/train/0487.jpg,labels/train/0487.txt
488,0488,01-PAN-20250405-061-361-L00000099504-CCD29_3_crop1.jpg,01-PAN-20250405-061-361-L00000099504-CCD29_3_crop1.txt,0488.jpg,0488.txt,images/train/01-PAN-20250405-061-361-L00000099504-CCD29_3_crop1.jpg,labels/train/01-PAN-20250405-061-361-L00000099504-CCD29_3_crop1.txt,images/train/0488.jpg,labels/train/0488.txt
489,0489,01-PAN-20250405-061-361-L00000099504-CCD29_3_crop2.jpg,01-PAN-20250405-061-361-L00000099504-CCD29_3_crop2.txt,0489.jpg,0489.txt,images/train/01-PAN-20250405-061-361-L00000099504-CCD29_3_crop2.jpg,labels/train/01-PAN-20250405-061-361-L00000099504-CCD29_3_crop2.txt,images/train/0489.jpg,labels/train/0489.txt
490,0490,01-PAN-20250405-061-362-L00000099505-CCD14_3_crop2.jpg,01-PAN-20250405-061-362-L00000099505-CCD14_3_crop2.txt,0490.jpg,0490.txt,images/train/01-PAN-20250405-061-362-L00000099505-CCD14_3_crop2.jpg,labels/train/01-PAN-20250405-061-362-L00000099505-CCD14_3_crop2.txt,images/train/0490.jpg,labels/train/0490.txt
491,0491,01-PAN-20250405-061-362-L00000099505-CCD15_3_crop1.jpg,01-PAN-20250405-061-362-L00000099505-CCD15_3_crop1.txt,0491.jpg,0491.txt,images/train/01-PAN-20250405-061-362-L00000099505-CCD15_3_crop1.jpg,labels/train/01-PAN-20250405-061-362-L00000099505-CCD15_3_crop1.txt,images/train/0491.jpg,labels/train/0491.txt
492,0492,01-PAN-20250405-061-362-L00000099505-CCD15_3_crop2.jpg,01-PAN-20250405-061-362-L00000099505-CCD15_3_crop2.txt,0492.jpg,0492.txt,images/train/01-PAN-20250405-061-362-L00000099505-CCD15_3_crop2.jpg,labels/train/01-PAN-20250405-061-362-L00000099505-CCD15_3_crop2.txt,images/train/0492.jpg,labels/train/0492.txt
493,0493,01-PAN-20250405-061-362-L00000099505-CCD15_3_crop3.jpg,01-PAN-20250405-061-362-L00000099505-CCD15_3_crop3.txt,0493.jpg,0493.txt,images/train/01-PAN-20250405-061-362-L00000099505-CCD15_3_crop3.jpg,labels/train/01-PAN-20250405-061-362-L00000099505-CCD15_3_crop3.txt,images/train/0493.jpg,labels/train/0493.txt
494,0494,01-PAN-20250405-061-362-L00000099505-CCD22_2_crop1.jpg,01-PAN-20250405-061-362-L00000099505-CCD22_2_crop1.txt,0494.jpg,0494.txt,images/train/01-PAN-20250405-061-362-L00000099505-CCD22_2_crop1.jpg,labels/train/01-PAN-20250405-061-362-L00000099505-CCD22_2_crop1.txt,images/train/0494.jpg,labels/train/0494.txt
495,0495,01-PAN-20250405-061-362-L00000099505-CCD22_2_crop2.jpg,01-PAN-20250405-061-362-L00000099505-CCD22_2_crop2.txt,0495.jpg,0495.txt,images/train/01-PAN-20250405-061-362-L00000099505-CCD22_2_crop2.jpg,labels/train/01-PAN-20250405-061-362-L00000099505-CCD22_2_crop2.txt,images/train/0495.jpg,labels/train/0495.txt
496,0496,01-PAN-20250405-061-362-L00000099505-CCD22_3_crop1.jpg,01-PAN-20250405-061-362-L00000099505-CCD22_3_crop1.txt,0496.jpg,0496.txt,images/train/01-PAN-20250405-061-362-L00000099505-CCD22_3_crop1.jpg,labels/train/01-PAN-20250405-061-362-L00000099505-CCD22_3_crop1.txt,images/train/0496.jpg,labels/train/0496.txt
497,0497,01-PAN-20250405-061-362-L00000099505-CCD22_3_crop10.jpg,01-PAN-20250405-061-362-L00000099505-CCD22_3_crop10.txt,0497.jpg,0497.txt,images/train/01-PAN-20250405-061-362-L00000099505-CCD22_3_crop10.jpg,labels/train/01-PAN-20250405-061-362-L00000099505-CCD22_3_crop10.txt,images/train/0497.jpg,labels/train/0497.txt
498,0498,01-PAN-20250405-061-362-L00000099505-CCD22_3_crop3.jpg,01-PAN-20250405-061-362-L00000099505-CCD22_3_crop3.txt,0498.jpg,0498.txt,images/train/01-PAN-20250405-061-362-L00000099505-CCD22_3_crop3.jpg,labels/train/01-PAN-20250405-061-362-L00000099505-CCD22_3_crop3.txt,images/train/0498.jpg,labels/train/0498.txt
499,0499,01-PAN-20250405-061-362-L00000099505-CCD22_3_crop5.jpg,01-PAN-20250405-061-362-L00000099505-CCD22_3_crop5.txt,0499.jpg,0499.txt,images/train/01-PAN-20250405-061-362-L00000099505-CCD22_3_crop5.jpg,labels/train/01-PAN-20250405-061-362-L00000099505-CCD22_3_crop5.txt,images/train/0499.jpg,labels/train/0499.txt
500,0500,01-PAN-20250405-061-362-L00000099505-CCD22_3_crop6.jpg,01-PAN-20250405-061-362-L00000099505-CCD22_3_crop6.txt,0500.jpg,0500.txt,images/train/01-PAN-20250405-061-362-L00000099505-CCD22_3_crop6.jpg,labels/train/01-PAN-20250405-061-362-L00000099505-CCD22_3_crop6.txt,images/train/0500.jpg,labels/train/0500.txt
501,0501,01-PAN-20250405-061-362-L00000099505-CCD22_3_crop7.jpg,01-PAN-20250405-061-362-L00000099505-CCD22_3_crop7.txt,0501.jpg,0501.txt,images/train/01-PAN-20250405-061-362-L00000099505-CCD22_3_crop7.jpg,labels/train/01-PAN-20250405-061-362-L00000099505-CCD22_3_crop7.txt,images/train/0501.jpg,labels/train/0501.txt
502,0502,01-PAN-20250405-061-362-L00000099505-CCD22_3_crop8.jpg,01-PAN-20250405-061-362-L00000099505-CCD22_3_crop8.txt,0502.jpg,0502.txt,images/train/01-PAN-20250405-061-362-L00000099505-CCD22_3_crop8.jpg,labels/train/01-PAN-20250405-061-362-L00000099505-CCD22_3_crop8.txt,images/train/0502.jpg,labels/train/0502.txt
503,0503,01-PAN-20250405-061-362-L00000099505-CCD22_3_crop9.jpg,01-PAN-20250405-061-362-L00000099505-CCD22_3_crop9.txt,0503.jpg,0503.txt,images/train/01-PAN-20250405-061-362-L00000099505-CCD22_3_crop9.jpg,labels/train/01-PAN-20250405-061-362-L00000099505-CCD22_3_crop9.txt,images/train/0503.jpg,labels/train/0503.txt
504,0504,01-PAN-20250405-440-262-L00000099257-CCD28_5_crop1.jpg,01-PAN-20250405-440-262-L00000099257-CCD28_5_crop1.txt,0504.jpg,0504.txt,images/train/01-PAN-20250405-440-262-L00000099257-CCD28_5_crop1.jpg,labels/train/01-PAN-20250405-440-262-L00000099257-CCD28_5_crop1.txt,images/train/0504.jpg,labels/train/0504.txt
505,0505,01-PAN-20250405-440-262-L00000099257-CCD29_5_crop1.jpg,01-PAN-20250405-440-262-L00000099257-CCD29_5_crop1.txt,0505.jpg,0505.txt,images/train/01-PAN-20250405-440-262-L00000099257-CCD29_5_crop1.jpg,labels/train/01-PAN-20250405-440-262-L00000099257-CCD29_5_crop1.txt,images/train/0505.jpg,labels/train/0505.txt
506,0506,01-PAN-20250405-440-262-L00000099257-CCD31_5_crop1.jpg,01-PAN-20250405-440-262-L00000099257-CCD31_5_crop1.txt,0506.jpg,0506.txt,images/train/01-PAN-20250405-440-262-L00000099257-CCD31_5_crop1.jpg,labels/train/01-PAN-20250405-440-262-L00000099257-CCD31_5_crop1.txt,images/train/0506.jpg,labels/train/0506.txt
507,0507,01-PAN-20250405-440-262-L00000099257-CCD31_5_crop2.jpg,01-PAN-20250405-440-262-L00000099257-CCD31_5_crop2.txt,0507.jpg,0507.txt,images/train/01-PAN-20250405-440-262-L00000099257-CCD31_5_crop2.jpg,labels/train/01-PAN-20250405-440-262-L00000099257-CCD31_5_crop2.txt,images/train/0507.jpg,labels/train/0507.txt
508,0508,01-PAN-20250405-440-262-L00000099257-CCD31_5_crop4.jpg,01-PAN-20250405-440-262-L00000099257-CCD31_5_crop4.txt,0508.jpg,0508.txt,images/train/01-PAN-20250405-440-262-L00000099257-CCD31_5_crop4.jpg,labels/train/01-PAN-20250405-440-262-L00000099257-CCD31_5_crop4.txt,images/train/0508.jpg,labels/train/0508.txt
509,0509,01-PAN-20250405-440-262-L00000099257-CCD31_5_crop5.jpg,01-PAN-20250405-440-262-L00000099257-CCD31_5_crop5.txt,0509.jpg,0509.txt,images/train/01-PAN-20250405-440-262-L00000099257-CCD31_5_crop5.jpg,labels/train/01-PAN-20250405-440-262-L00000099257-CCD31_5_crop5.txt,images/train/0509.jpg,labels/train/0509.txt
510,0510,01-PAN-20250405-440-262-L00000099257-CCD32_5_crop1.jpg,01-PAN-20250405-440-262-L00000099257-CCD32_5_crop1.txt,0510.jpg,0510.txt,images/train/01-PAN-20250405-440-262-L00000099257-CCD32_5_crop1.jpg,labels/train/01-PAN-20250405-440-262-L00000099257-CCD32_5_crop1.txt,images/train/0510.jpg,labels/train/0510.txt
511,0511,01-PAN-20250405-440-262-L00000099257-CCD32_5_crop2.jpg,01-PAN-20250405-440-262-L00000099257-CCD32_5_crop2.txt,0511.jpg,0511.txt,images/train/01-PAN-20250405-440-262-L00000099257-CCD32_5_crop2.jpg,labels/train/01-PAN-20250405-440-262-L00000099257-CCD32_5_crop2.txt,images/train/0511.jpg,labels/train/0511.txt
512,0512,01-PAN-20250405-469-276-L00000099303-CCD10_3_crop1.jpg,01-PAN-20250405-469-276-L00000099303-CCD10_3_crop1.txt,0512.jpg,0512.txt,images/train/01-PAN-20250405-469-276-L00000099303-CCD10_3_crop1.jpg,labels/train/01-PAN-20250405-469-276-L00000099303-CCD10_3_crop1.txt,images/train/0512.jpg,labels/train/0512.txt
513,0513,01-PAN-20250405-469-276-L00000099303-CCD11_2_crop1.jpg,01-PAN-20250405-469-276-L00000099303-CCD11_2_crop1.txt,0513.jpg,0513.txt,images/train/01-PAN-20250405-469-276-L00000099303-CCD11_2_crop1.jpg,labels/train/01-PAN-20250405-469-276-L00000099303-CCD11_2_crop1.txt,images/train/0513.jpg,labels/train/0513.txt
514,0514,01-PAN-20250405-469-276-L00000099303-CCD11_5_crop1.jpg,01-PAN-20250405-469-276-L00000099303-CCD11_5_crop1.txt,0514.jpg,0514.txt,images/train/01-PAN-20250405-469-276-L00000099303-CCD11_5_crop1.jpg,labels/train/01-PAN-20250405-469-276-L00000099303-CCD11_5_crop1.txt,images/train/0514.jpg,labels/train/0514.txt
515,0515,01-PAN-20250405-469-276-L00000099303-CCD11_5_crop2.jpg,01-PAN-20250405-469-276-L00000099303-CCD11_5_crop2.txt,0515.jpg,0515.txt,images/train/01-PAN-20250405-469-276-L00000099303-CCD11_5_crop2.jpg,labels/train/01-PAN-20250405-469-276-L00000099303-CCD11_5_crop2.txt,images/train/0515.jpg,labels/train/0515.txt
516,0516,01-PAN-20250405-469-276-L00000099303-CCD11_5_crop3.jpg,01-PAN-20250405-469-276-L00000099303-CCD11_5_crop3.txt,0516.jpg,0516.txt,images/train/01-PAN-20250405-469-276-L00000099303-CCD11_5_crop3.jpg,labels/train/01-PAN-20250405-469-276-L00000099303-CCD11_5_crop3.txt,images/train/0516.jpg,labels/train/0516.txt
517,0517,01-PAN-20250405-469-276-L00000099303-CCD11_6_crop1.jpg,01-PAN-20250405-469-276-L00000099303-CCD11_6_crop1.txt,0517.jpg,0517.txt,images/train/01-PAN-20250405-469-276-L00000099303-CCD11_6_crop1.jpg,labels/train/01-PAN-20250405-469-276-L00000099303-CCD11_6_crop1.txt,images/train/0517.jpg,labels/train/0517.txt
518,0518,01-PAN-20250405-469-276-L00000099303-CCD12_4_crop1.jpg,01-PAN-20250405-469-276-L00000099303-CCD12_4_crop1.txt,0518.jpg,0518.txt,images/train/01-PAN-20250405-469-276-L00000099303-CCD12_4_crop1.jpg,labels/train/01-PAN-20250405-469-276-L00000099303-CCD12_4_crop1.txt,images/train/0518.jpg,labels/train/0518.txt
519,0519,01-PAN-20250405-469-277-L00000099304-CCD15_2_crop1.jpg,01-PAN-20250405-469-277-L00000099304-CCD15_2_crop1.txt,0519.jpg,0519.txt,images/train/01-PAN-20250405-469-277-L00000099304-CCD15_2_crop1.jpg,labels/train/01-PAN-20250405-469-277-L00000099304-CCD15_2_crop1.txt,images/train/0519.jpg,labels/train/0519.txt
520,0520,01-PAN-20250405-469-277-L00000099304-CCD15_2_crop2.jpg,01-PAN-20250405-469-277-L00000099304-CCD15_2_crop2.txt,0520.jpg,0520.txt,images/train/01-PAN-20250405-469-277-L00000099304-CCD15_2_crop2.jpg,labels/train/01-PAN-20250405-469-277-L00000099304-CCD15_2_crop2.txt,images/train/0520.jpg,labels/train/0520.txt
521,0521,01-PAN-20250405-469-277-L00000099304-CCD15_2_crop3.jpg,01-PAN-20250405-469-277-L00000099304-CCD15_2_crop3.txt,0521.jpg,0521.txt,images/train/01-PAN-20250405-469-277-L00000099304-CCD15_2_crop3.jpg,labels/train/01-PAN-20250405-469-277-L00000099304-CCD15_2_crop3.txt,images/train/0521.jpg,labels/train/0521.txt
522,0522,01-PAN-20250405-469-277-L00000099304-CCD15_2_crop5.jpg,01-PAN-20250405-469-277-L00000099304-CCD15_2_crop5.txt,0522.jpg,0522.txt,images/train/01-PAN-20250405-469-277-L00000099304-CCD15_2_crop5.jpg,labels/train/01-PAN-20250405-469-277-L00000099304-CCD15_2_crop5.txt,images/train/0522.jpg,labels/train/0522.txt
523,0523,01-PAN-20250405-469-277-L00000099304-CCD15_2_crop6.jpg,01-PAN-20250405-469-277-L00000099304-CCD15_2_crop6.txt,0523.jpg,0523.txt,images/train/01-PAN-20250405-469-277-L00000099304-CCD15_2_crop6.jpg,labels/train/01-PAN-20250405-469-277-L00000099304-CCD15_2_crop6.txt,images/train/0523.jpg,labels/train/0523.txt
524,0524,01-PAN-20250405-469-277-L00000099304-CCD15_2_crop7.jpg,01-PAN-20250405-469-277-L00000099304-CCD15_2_crop7.txt,0524.jpg,0524.txt,images/train/01-PAN-20250405-469-277-L00000099304-CCD15_2_crop7.jpg,labels/train/01-PAN-20250405-469-277-L00000099304-CCD15_2_crop7.txt,images/train/0524.jpg,labels/train/0524.txt
525,0525,01-PAN-20250405-469-277-L00000099304-CCD15_2_crop8.jpg,01-PAN-20250405-469-277-L00000099304-CCD15_2_crop8.txt,0525.jpg,0525.txt,images/train/01-PAN-20250405-469-277-L00000099304-CCD15_2_crop8.jpg,labels/train/01-PAN-20250405-469-277-L00000099304-CCD15_2_crop8.txt,images/train/0525.jpg,labels/train/0525.txt
526,0526,01-PAN-20250405-469-277-L00000099304-CCD15_2_crop9.jpg,01-PAN-20250405-469-277-L00000099304-CCD15_2_crop9.txt,0526.jpg,0526.txt,images/train/01-PAN-20250405-469-277-L00000099304-CCD15_2_crop9.jpg,labels/train/01-PAN-20250405-469-277-L00000099304-CCD15_2_crop9.txt,images/train/0526.jpg,labels/train/0526.txt
527,0527,01-PAN-20250405-469-277-L00000099304-CCD15_6_crop1.jpg,01-PAN-20250405-469-277-L00000099304-CCD15_6_crop1.txt,0527.jpg,0527.txt,images/train/01-PAN-20250405-469-277-L00000099304-CCD15_6_crop1.jpg,labels/train/01-PAN-20250405-469-277-L00000099304-CCD15_6_crop1.txt,images/train/0527.jpg,labels/train/0527.txt
528,0528,01-PAN-20250405-469-277-L00000099304-CCD15_6_crop2.jpg,01-PAN-20250405-469-277-L00000099304-CCD15_6_crop2.txt,0528.jpg,0528.txt,images/train/01-PAN-20250405-469-277-L00000099304-CCD15_6_crop2.jpg,labels/train/01-PAN-20250405-469-277-L00000099304-CCD15_6_crop2.txt,images/train/0528.jpg,labels/train/0528.txt
529,0529,01-PAN-20250405-469-277-L00000099304-CCD17_3_crop1.jpg,01-PAN-20250405-469-277-L00000099304-CCD17_3_crop1.txt,0529.jpg,0529.txt,images/train/01-PAN-20250405-469-277-L00000099304-CCD17_3_crop1.jpg,labels/train/01-PAN-20250405-469-277-L00000099304-CCD17_3_crop1.txt,images/train/0529.jpg,labels/train/0529.txt
530,0530,01-PAN-20250405-469-277-L00000099304-CCD18_4_crop4.jpg,01-PAN-20250405-469-277-L00000099304-CCD18_4_crop4.txt,0530.jpg,0530.txt,images/train/01-PAN-20250405-469-277-L00000099304-CCD18_4_crop4.jpg,labels/train/01-PAN-20250405-469-277-L00000099304-CCD18_4_crop4.txt,images/train/0530.jpg,labels/train/0530.txt
531,0531,01-PAN-20250405-469-277-L00000099304-CCD18_4_crop5.jpg,01-PAN-20250405-469-277-L00000099304-CCD18_4_crop5.txt,0531.jpg,0531.txt,images/train/01-PAN-20250405-469-277-L00000099304-CCD18_4_crop5.jpg,labels/train/01-PAN-20250405-469-277-L00000099304-CCD18_4_crop5.txt,images/train/0531.jpg,labels/train/0531.txt
532,0532,01-PAN-20250405-469-277-L00000099304-CCD18_4_crop6.jpg,01-PAN-20250405-469-277-L00000099304-CCD18_4_crop6.txt,0532.jpg,0532.txt,images/train/01-PAN-20250405-469-277-L00000099304-CCD18_4_crop6.jpg,labels/train/01-PAN-20250405-469-277-L00000099304-CCD18_4_crop6.txt,images/train/0532.jpg,labels/train/0532.txt
533,0533,01-PAN-20250405-469-277-L00000099304-CCD19_4_crop1.jpg,01-PAN-20250405-469-277-L00000099304-CCD19_4_crop1.txt,0533.jpg,0533.txt,images/train/01-PAN-20250405-469-277-L00000099304-CCD19_4_crop1.jpg,labels/train/01-PAN-20250405-469-277-L00000099304-CCD19_4_crop1.txt,images/train/0533.jpg,labels/train/0533.txt
534,0534,01-PAN-20250405-469-277-L00000099304-CCD19_5_crop1.jpg,01-PAN-20250405-469-277-L00000099304-CCD19_5_crop1.txt,0534.jpg,0534.txt,images/train/01-PAN-20250405-469-277-L00000099304-CCD19_5_crop1.jpg,labels/train/01-PAN-20250405-469-277-L00000099304-CCD19_5_crop1.txt,images/train/0534.jpg,labels/train/0534.txt
535,0535,01-PAN-20250405-469-277-L00000099304-CCD19_5_crop2.jpg,01-PAN-20250405-469-277-L00000099304-CCD19_5_crop2.txt,0535.jpg,0535.txt,images/train/01-PAN-20250405-469-277-L00000099304-CCD19_5_crop2.jpg,labels/train/01-PAN-20250405-469-277-L00000099304-CCD19_5_crop2.txt,images/train/0535.jpg,labels/train/0535.txt
536,0536,01-PAN-20250405-469-277-L00000099304-CCD19_5_crop3.jpg,01-PAN-20250405-469-277-L00000099304-CCD19_5_crop3.txt,0536.jpg,0536.txt,images/train/01-PAN-20250405-469-277-L00000099304-CCD19_5_crop3.jpg,labels/train/01-PAN-20250405-469-277-L00000099304-CCD19_5_crop3.txt,images/train/0536.jpg,labels/train/0536.txt
537,0537,01-PAN-20250406-463-326-L00000099680-CCD14_1_crop1.jpg,01-PAN-20250406-463-326-L00000099680-CCD14_1_crop1.txt,0537.jpg,0537.txt,images/train/01-PAN-20250406-463-326-L00000099680-CCD14_1_crop1.jpg,labels/train/01-PAN-20250406-463-326-L00000099680-CCD14_1_crop1.txt,images/train/0537.jpg,labels/train/0537.txt
538,0538,01-PAN-20250406-463-326-L00000099680-CCD14_2_crop1.jpg,01-PAN-20250406-463-326-L00000099680-CCD14_2_crop1.txt,0538.jpg,0538.txt,images/train/01-PAN-20250406-463-326-L00000099680-CCD14_2_crop1.jpg,labels/train/01-PAN-20250406-463-326-L00000099680-CCD14_2_crop1.txt,images/train/0538.jpg,labels/train/0538.txt
539,0539,01-PAN-20250406-463-326-L00000099680-CCD14_2_crop2.jpg,01-PAN-20250406-463-326-L00000099680-CCD14_2_crop2.txt,0539.jpg,0539.txt,images/train/01-PAN-20250406-463-326-L00000099680-CCD14_2_crop2.jpg,labels/train/01-PAN-20250406-463-326-L00000099680-CCD14_2_crop2.txt,images/train/0539.jpg,labels/train/0539.txt
540,0540,01-PAN-20250406-463-326-L00000099680-CCD14_2_crop3.jpg,01-PAN-20250406-463-326-L00000099680-CCD14_2_crop3.txt,0540.jpg,0540.txt,images/train/01-PAN-20250406-463-326-L00000099680-CCD14_2_crop3.jpg,labels/train/01-PAN-20250406-463-326-L00000099680-CCD14_2_crop3.txt,images/train/0540.jpg,labels/train/0540.txt
541,0541,01-PAN-20250406-463-334-L00000099688-CCD13_2_crop1.jpg,01-PAN-20250406-463-334-L00000099688-CCD13_2_crop1.txt,0541.jpg,0541.txt,images/train/01-PAN-20250406-463-334-L00000099688-CCD13_2_crop1.jpg,labels/train/01-PAN-20250406-463-334-L00000099688-CCD13_2_crop1.txt,images/train/0541.jpg,labels/train/0541.txt
542,0542,01-PAN-20250407-169-194-L00000100137-CCD13_1_crop2.jpg,01-PAN-20250407-169-194-L00000100137-CCD13_1_crop2.txt,0542.jpg,0542.txt,images/train/01-PAN-20250407-169-194-L00000100137-CCD13_1_crop2.jpg,labels/train/01-PAN-20250407-169-194-L00000100137-CCD13_1_crop2.txt,images/train/0542.jpg,labels/train/0542.txt
543,0543,01-PAN-20250407-169-194-L00000100137-CCD13_1_crop3.jpg,01-PAN-20250407-169-194-L00000100137-CCD13_1_crop3.txt,0543.jpg,0543.txt,images/train/01-PAN-20250407-169-194-L00000100137-CCD13_1_crop3.jpg,labels/train/01-PAN-20250407-169-194-L00000100137-CCD13_1_crop3.txt,images/train/0543.jpg,labels/train/0543.txt
544,0544,01-PAN-20250407-169-194-L00000100137-CCD13_1_crop4.jpg,01-PAN-20250407-169-194-L00000100137-CCD13_1_crop4.txt,0544.jpg,0544.txt,images/train/01-PAN-20250407-169-194-L00000100137-CCD13_1_crop4.jpg,labels/train/01-PAN-20250407-169-194-L00000100137-CCD13_1_crop4.txt,images/train/0544.jpg,labels/train/0544.txt
545,0545,01-PAN-20250407-169-194-L00000100137-CCD13_1_crop5.jpg,01-PAN-20250407-169-194-L00000100137-CCD13_1_crop5.txt,0545.jpg,0545.txt,images/train/01-PAN-20250407-169-194-L00000100137-CCD13_1_crop5.jpg,labels/train/01-PAN-20250407-169-194-L00000100137-CCD13_1_crop5.txt,images/train/0545.jpg,labels/train/0545.txt
546,0546,01-PAN-20250407-169-194-L00000100137-CCD13_1_crop6.jpg,01-PAN-20250407-169-194-L00000100137-CCD13_1_crop6.txt,0546.jpg,0546.txt,images/train/01-PAN-20250407-169-194-L00000100137-CCD13_1_crop6.jpg,labels/train/01-PAN-20250407-169-194-L00000100137-CCD13_1_crop6.txt,images/train/0546.jpg,labels/train/0546.txt
547,0547,01-PAN-20250407-169-194-L00000100137-CCD13_1_crop7.jpg,01-PAN-20250407-169-194-L00000100137-CCD13_1_crop7.txt,0547.jpg,0547.txt,images/train/01-PAN-20250407-169-194-L00000100137-CCD13_1_crop7.jpg,labels/train/01-PAN-20250407-169-194-L00000100137-CCD13_1_crop7.txt,images/train/0547.jpg,labels/train/0547.txt
548,0548,01-PAN-20250407-169-201-L00000100241-CCD9_1_crop1.jpg,01-PAN-20250407-169-201-L00000100241-CCD9_1_crop1.txt,0548.jpg,0548.txt,images/train/01-PAN-20250407-169-201-L00000100241-CCD9_1_crop1.jpg,labels/train/01-PAN-20250407-169-201-L00000100241-CCD9_1_crop1.txt,images/train/0548.jpg,labels/train/0548.txt
549,0549,01-PAN-20250407-169-201-L00000100241-CCD9_1_crop2.jpg,01-PAN-20250407-169-201-L00000100241-CCD9_1_crop2.txt,0549.jpg,0549.txt,images/train/01-PAN-20250407-169-201-L00000100241-CCD9_1_crop2.jpg,labels/train/01-PAN-20250407-169-201-L00000100241-CCD9_1_crop2.txt,images/train/0549.jpg,labels/train/0549.txt
550,0550,01-PAN-20250407-169-201-L00000100241-CCD9_1_crop3.jpg,01-PAN-20250407-169-201-L00000100241-CCD9_1_crop3.txt,0550.jpg,0550.txt,images/train/01-PAN-20250407-169-201-L00000100241-CCD9_1_crop3.jpg,labels/train/01-PAN-20250407-169-201-L00000100241-CCD9_1_crop3.txt,images/train/0550.jpg,labels/train/0550.txt
551,0551,01-PAN-20250407-456-301-L00000100047-CCD1_4_crop10.jpg,01-PAN-20250407-456-301-L00000100047-CCD1_4_crop10.txt,0551.jpg,0551.txt,images/train/01-PAN-20250407-456-301-L00000100047-CCD1_4_crop10.jpg,labels/train/01-PAN-20250407-456-301-L00000100047-CCD1_4_crop10.txt,images/train/0551.jpg,labels/train/0551.txt
552,0552,01-PAN-20250407-456-301-L00000100047-CCD1_4_crop11.jpg,01-PAN-20250407-456-301-L00000100047-CCD1_4_crop11.txt,0552.jpg,0552.txt,images/train/01-PAN-20250407-456-301-L00000100047-CCD1_4_crop11.jpg,labels/train/01-PAN-20250407-456-301-L00000100047-CCD1_4_crop11.txt,images/train/0552.jpg,labels/train/0552.txt
553,0553,01-PAN-20250407-456-301-L00000100047-CCD1_4_crop12.jpg,01-PAN-20250407-456-301-L00000100047-CCD1_4_crop12.txt,0553.jpg,0553.txt,images/train/01-PAN-20250407-456-301-L00000100047-CCD1_4_crop12.jpg,labels/train/01-PAN-20250407-456-301-L00000100047-CCD1_4_crop12.txt,images/train/0553.jpg,labels/train/0553.txt
554,0554,01-PAN-20250407-456-301-L00000100047-CCD1_4_crop14.jpg,01-PAN-20250407-456-301-L00000100047-CCD1_4_crop14.txt,0554.jpg,0554.txt,images/train/01-PAN-20250407-456-301-L00000100047-CCD1_4_crop14.jpg,labels/train/01-PAN-20250407-456-301-L00000100047-CCD1_4_crop14.txt,images/train/0554.jpg,labels/train/0554.txt
555,0555,01-PAN-20250407-456-301-L00000100047-CCD1_4_crop15.jpg,01-PAN-20250407-456-301-L00000100047-CCD1_4_crop15.txt,0555.jpg,0555.txt,images/train/01-PAN-20250407-456-301-L00000100047-CCD1_4_crop15.jpg,labels/train/01-PAN-20250407-456-301-L00000100047-CCD1_4_crop15.txt,images/train/0555.jpg,labels/train/0555.txt
556,0556,01-PAN-20250407-456-301-L00000100047-CCD1_4_crop18.jpg,01-PAN-20250407-456-301-L00000100047-CCD1_4_crop18.txt,0556.jpg,0556.txt,images/train/01-PAN-20250407-456-301-L00000100047-CCD1_4_crop18.jpg,labels/train/01-PAN-20250407-456-301-L00000100047-CCD1_4_crop18.txt,images/train/0556.jpg,labels/train/0556.txt
557,0557,01-PAN-20250407-456-301-L00000100047-CCD1_4_crop2.jpg,01-PAN-20250407-456-301-L00000100047-CCD1_4_crop2.txt,0557.jpg,0557.txt,images/train/01-PAN-20250407-456-301-L00000100047-CCD1_4_crop2.jpg,labels/train/01-PAN-20250407-456-301-L00000100047-CCD1_4_crop2.txt,images/train/0557.jpg,labels/train/0557.txt
558,0558,01-PAN-20250407-456-301-L00000100047-CCD1_4_crop3.jpg,01-PAN-20250407-456-301-L00000100047-CCD1_4_crop3.txt,0558.jpg,0558.txt,images/train/01-PAN-20250407-456-301-L00000100047-CCD1_4_crop3.jpg,labels/train/01-PAN-20250407-456-301-L00000100047-CCD1_4_crop3.txt,images/train/0558.jpg,labels/train/0558.txt
559,0559,01-PAN-20250407-456-301-L00000100047-CCD1_4_crop4.jpg,01-PAN-20250407-456-301-L00000100047-CCD1_4_crop4.txt,0559.jpg,0559.txt,images/train/01-PAN-20250407-456-301-L00000100047-CCD1_4_crop4.jpg,labels/train/01-PAN-20250407-456-301-L00000100047-CCD1_4_crop4.txt,images/train/0559.jpg,labels/train/0559.txt
560,0560,01-PAN-20250407-456-301-L00000100047-CCD1_4_crop6.jpg,01-PAN-20250407-456-301-L00000100047-CCD1_4_crop6.txt,0560.jpg,0560.txt,images/train/01-PAN-20250407-456-301-L00000100047-CCD1_4_crop6.jpg,labels/train/01-PAN-20250407-456-301-L00000100047-CCD1_4_crop6.txt,images/train/0560.jpg,labels/train/0560.txt
561,0561,01-PAN-20250407-456-301-L00000100047-CCD1_4_crop7.jpg,01-PAN-20250407-456-301-L00000100047-CCD1_4_crop7.txt,0561.jpg,0561.txt,images/train/01-PAN-20250407-456-301-L00000100047-CCD1_4_crop7.jpg,labels/train/01-PAN-20250407-456-301-L00000100047-CCD1_4_crop7.txt,images/train/0561.jpg,labels/train/0561.txt
562,0562,01-PAN-20250407-456-301-L00000100047-CCD1_4_crop9.jpg,01-PAN-20250407-456-301-L00000100047-CCD1_4_crop9.txt,0562.jpg,0562.txt,images/train/01-PAN-20250407-456-301-L00000100047-CCD1_4_crop9.jpg,labels/train/01-PAN-20250407-456-301-L00000100047-CCD1_4_crop9.txt,images/train/0562.jpg,labels/train/0562.txt
563,0563,01-PAN-20250407-456-301-L00000100047-CCD1_5_crop1.jpg,01-PAN-20250407-456-301-L00000100047-CCD1_5_crop1.txt,0563.jpg,0563.txt,images/train/01-PAN-20250407-456-301-L00000100047-CCD1_5_crop1.jpg,labels/train/01-PAN-20250407-456-301-L00000100047-CCD1_5_crop1.txt,images/train/0563.jpg,labels/train/0563.txt
564,0564,01-PAN-20250407-456-301-L00000100047-CCD1_5_crop2.jpg,01-PAN-20250407-456-301-L00000100047-CCD1_5_crop2.txt,0564.jpg,0564.txt,images/train/01-PAN-20250407-456-301-L00000100047-CCD1_5_crop2.jpg,labels/train/01-PAN-20250407-456-301-L00000100047-CCD1_5_crop2.txt,images/train/0564.jpg,labels/train/0564.txt
565,0565,01-PAN-20250407-456-301-L00000100047-CCD1_5_crop3.jpg,01-PAN-20250407-456-301-L00000100047-CCD1_5_crop3.txt,0565.jpg,0565.txt,images/train/01-PAN-20250407-456-301-L00000100047-CCD1_5_crop3.jpg,labels/train/01-PAN-20250407-456-301-L00000100047-CCD1_5_crop3.txt,images/train/0565.jpg,labels/train/0565.txt
566,0566,01-PAN-20250407-456-301-L00000100047-CCD1_5_crop4.jpg,01-PAN-20250407-456-301-L00000100047-CCD1_5_crop4.txt,0566.jpg,0566.txt,images/train/01-PAN-20250407-456-301-L00000100047-CCD1_5_crop4.jpg,labels/train/01-PAN-20250407-456-301-L00000100047-CCD1_5_crop4.txt,images/train/0566.jpg,labels/train/0566.txt
567,0567,01-PAN-20250407-456-301-L00000100047-CCD1_5_crop5.jpg,01-PAN-20250407-456-301-L00000100047-CCD1_5_crop5.txt,0567.jpg,0567.txt,images/train/01-PAN-20250407-456-301-L00000100047-CCD1_5_crop5.jpg,labels/train/01-PAN-20250407-456-301-L00000100047-CCD1_5_crop5.txt,images/train/0567.jpg,labels/train/0567.txt
568,0568,01-PAN-20250407-456-301-L00000100047-CCD1_5_crop7.jpg,01-PAN-20250407-456-301-L00000100047-CCD1_5_crop7.txt,0568.jpg,0568.txt,images/train/01-PAN-20250407-456-301-L00000100047-CCD1_5_crop7.jpg,labels/train/01-PAN-20250407-456-301-L00000100047-CCD1_5_crop7.txt,images/train/0568.jpg,labels/train/0568.txt
569,0569,01-PAN-20250407-456-301-L00000100047-CCD1_5_crop8.jpg,01-PAN-20250407-456-301-L00000100047-CCD1_5_crop8.txt,0569.jpg,0569.txt,images/train/01-PAN-20250407-456-301-L00000100047-CCD1_5_crop8.jpg,labels/train/01-PAN-20250407-456-301-L00000100047-CCD1_5_crop8.txt,images/train/0569.jpg,labels/train/0569.txt
570,0570,01-PAN-20250407-456-301-L00000100047-CCD1_6_crop2.jpg,01-PAN-20250407-456-301-L00000100047-CCD1_6_crop2.txt,0570.jpg,0570.txt,images/train/01-PAN-20250407-456-301-L00000100047-CCD1_6_crop2.jpg,labels/train/01-PAN-20250407-456-301-L00000100047-CCD1_6_crop2.txt,images/train/0570.jpg,labels/train/0570.txt
571,0571,01-PAN-20250407-456-301-L00000100047-CCD1_6_crop3.jpg,01-PAN-20250407-456-301-L00000100047-CCD1_6_crop3.txt,0571.jpg,0571.txt,images/train/01-PAN-20250407-456-301-L00000100047-CCD1_6_crop3.jpg,labels/train/01-PAN-20250407-456-301-L00000100047-CCD1_6_crop3.txt,images/train/0571.jpg,labels/train/0571.txt
572,0572,01-PAN-20250407-456-301-L00000100047-CCD1_6_crop4.jpg,01-PAN-20250407-456-301-L00000100047-CCD1_6_crop4.txt,0572.jpg,0572.txt,images/train/01-PAN-20250407-456-301-L00000100047-CCD1_6_crop4.jpg,labels/train/01-PAN-20250407-456-301-L00000100047-CCD1_6_crop4.txt,images/train/0572.jpg,labels/train/0572.txt
573,0573,01-PAN-20250407-456-301-L00000100047-CCD1_6_crop5.jpg,01-PAN-20250407-456-301-L00000100047-CCD1_6_crop5.txt,0573.jpg,0573.txt,images/train/01-PAN-20250407-456-301-L00000100047-CCD1_6_crop5.jpg,labels/train/01-PAN-20250407-456-301-L00000100047-CCD1_6_crop5.txt,images/train/0573.jpg,labels/train/0573.txt
574,0574,01-PAN-20250407-456-303-L00000100049-CCD5_6_crop1.jpg,01-PAN-20250407-456-303-L00000100049-CCD5_6_crop1.txt,0574.jpg,0574.txt,images/train/01-PAN-20250407-456-303-L00000100049-CCD5_6_crop1.jpg,labels/train/01-PAN-20250407-456-303-L00000100049-CCD5_6_crop1.txt,images/train/0574.jpg,labels/train/0574.txt
575,0575,01-PAN-20250407-456-303-L00000100049-CCD5_6_crop2.jpg,01-PAN-20250407-456-303-L00000100049-CCD5_6_crop2.txt,0575.jpg,0575.txt,images/train/01-PAN-20250407-456-303-L00000100049-CCD5_6_crop2.jpg,labels/train/01-PAN-20250407-456-303-L00000100049-CCD5_6_crop2.txt,images/train/0575.jpg,labels/train/0575.txt
576,0576,01-PAN-20250407-456-303-L00000100049-CCD5_6_crop3.jpg,01-PAN-20250407-456-303-L00000100049-CCD5_6_crop3.txt,0576.jpg,0576.txt,images/train/01-PAN-20250407-456-303-L00000100049-CCD5_6_crop3.jpg,labels/train/01-PAN-20250407-456-303-L00000100049-CCD5_6_crop3.txt,images/train/0576.jpg,labels/train/0576.txt
577,0577,01-PAN-20250407-456-303-L00000100049-CCD5_6_crop4.jpg,01-PAN-20250407-456-303-L00000100049-CCD5_6_crop4.txt,0577.jpg,0577.txt,images/train/01-PAN-20250407-456-303-L00000100049-CCD5_6_crop4.jpg,labels/train/01-PAN-20250407-456-303-L00000100049-CCD5_6_crop4.txt,images/train/0577.jpg,labels/train/0577.txt
578,0578,01-PAN-20250407-456-303-L00000100049-CCD5_6_crop6.jpg,01-PAN-20250407-456-303-L00000100049-CCD5_6_crop6.txt,0578.jpg,0578.txt,images/train/01-PAN-20250407-456-303-L00000100049-CCD5_6_crop6.jpg,labels/train/01-PAN-20250407-456-303-L00000100049-CCD5_6_crop6.txt,images/train/0578.jpg,labels/train/0578.txt
579,0579,01-PAN-20250407-456-303-L00000100049-CCD5_6_crop7.jpg,01-PAN-20250407-456-303-L00000100049-CCD5_6_crop7.txt,0579.jpg,0579.txt,images/train/01-PAN-20250407-456-303-L00000100049-CCD5_6_crop7.jpg,labels/train/01-PAN-20250407-456-303-L00000100049-CCD5_6_crop7.txt,images/train/0579.jpg,labels/train/0579.txt
580,0580,01-PAN-20250407-456-303-L00000100049-CCD6_6_crop1.jpg,01-PAN-20250407-456-303-L00000100049-CCD6_6_crop1.txt,0580.jpg,0580.txt,images/train/01-PAN-20250407-456-303-L00000100049-CCD6_6_crop1.jpg,labels/train/01-PAN-20250407-456-303-L00000100049-CCD6_6_crop1.txt,images/train/0580.jpg,labels/train/0580.txt
581,0581,01-PAN-20250407-456-303-L00000100049-CCD6_6_crop2.jpg,01-PAN-20250407-456-303-L00000100049-CCD6_6_crop2.txt,0581.jpg,0581.txt,images/train/01-PAN-20250407-456-303-L00000100049-CCD6_6_crop2.jpg,labels/train/01-PAN-20250407-456-303-L00000100049-CCD6_6_crop2.txt,images/train/0581.jpg,labels/train/0581.txt
582,0582,01-PAN-20250407-456-303-L00000100049-CCD6_6_crop4.jpg,01-PAN-20250407-456-303-L00000100049-CCD6_6_crop4.txt,0582.jpg,0582.txt,images/train/01-PAN-20250407-456-303-L00000100049-CCD6_6_crop4.jpg,labels/train/01-PAN-20250407-456-303-L00000100049-CCD6_6_crop4.txt,images/train/0582.jpg,labels/train/0582.txt
583,0583,01-PAN-20250407-456-303-L00000100049-CCD6_6_crop5.jpg,01-PAN-20250407-456-303-L00000100049-CCD6_6_crop5.txt,0583.jpg,0583.txt,images/train/01-PAN-20250407-456-303-L00000100049-CCD6_6_crop5.jpg,labels/train/01-PAN-20250407-456-303-L00000100049-CCD6_6_crop5.txt,images/train/0583.jpg,labels/train/0583.txt
584,0584,01-PAN-20250407-456-304-L00000100050-CCD10_3_crop1.jpg,01-PAN-20250407-456-304-L00000100050-CCD10_3_crop1.txt,0584.jpg,0584.txt,images/train/01-PAN-20250407-456-304-L00000100050-CCD10_3_crop1.jpg,labels/train/01-PAN-20250407-456-304-L00000100050-CCD10_3_crop1.txt,images/train/0584.jpg,labels/train/0584.txt
585,0585,01-PAN-20250407-456-304-L00000100050-CCD11_3_crop1.jpg,01-PAN-20250407-456-304-L00000100050-CCD11_3_crop1.txt,0585.jpg,0585.txt,images/train/01-PAN-20250407-456-304-L00000100050-CCD11_3_crop1.jpg,labels/train/01-PAN-20250407-456-304-L00000100050-CCD11_3_crop1.txt,images/train/0585.jpg,labels/train/0585.txt
586,0586,01-PAN-20250407-456-304-L00000100050-CCD11_3_crop2.jpg,01-PAN-20250407-456-304-L00000100050-CCD11_3_crop2.txt,0586.jpg,0586.txt,images/train/01-PAN-20250407-456-304-L00000100050-CCD11_3_crop2.jpg,labels/train/01-PAN-20250407-456-304-L00000100050-CCD11_3_crop2.txt,images/train/0586.jpg,labels/train/0586.txt
587,0587,01-PAN-20250407-456-304-L00000100050-CCD11_3_crop3.jpg,01-PAN-20250407-456-304-L00000100050-CCD11_3_crop3.txt,0587.jpg,0587.txt,images/train/01-PAN-20250407-456-304-L00000100050-CCD11_3_crop3.jpg,labels/train/01-PAN-20250407-456-304-L00000100050-CCD11_3_crop3.txt,images/train/0587.jpg,labels/train/0587.txt
588,0588,01-PAN-20250407-456-304-L00000100050-CCD11_3_crop4.jpg,01-PAN-20250407-456-304-L00000100050-CCD11_3_crop4.txt,0588.jpg,0588.txt,images/train/01-PAN-20250407-456-304-L00000100050-CCD11_3_crop4.jpg,labels/train/01-PAN-20250407-456-304-L00000100050-CCD11_3_crop4.txt,images/train/0588.jpg,labels/train/0588.txt
589,0589,01-PAN-20250407-456-304-L00000100050-CCD11_3_crop5.jpg,01-PAN-20250407-456-304-L00000100050-CCD11_3_crop5.txt,0589.jpg,0589.txt,images/train/01-PAN-20250407-456-304-L00000100050-CCD11_3_crop5.jpg,labels/train/01-PAN-20250407-456-304-L00000100050-CCD11_3_crop5.txt,images/train/0589.jpg,labels/train/0589.txt
590,0590,01-PAN-20250407-456-304-L00000100050-CCD11_4_crop1.jpg,01-PAN-20250407-456-304-L00000100050-CCD11_4_crop1.txt,0590.jpg,0590.txt,images/train/01-PAN-20250407-456-304-L00000100050-CCD11_4_crop1.jpg,labels/train/01-PAN-20250407-456-304-L00000100050-CCD11_4_crop1.txt,images/train/0590.jpg,labels/train/0590.txt
591,0591,01-PAN-20250407-456-304-L00000100050-CCD11_4_crop2.jpg,01-PAN-20250407-456-304-L00000100050-CCD11_4_crop2.txt,0591.jpg,0591.txt,images/train/01-PAN-20250407-456-304-L00000100050-CCD11_4_crop2.jpg,labels/train/01-PAN-20250407-456-304-L00000100050-CCD11_4_crop2.txt,images/train/0591.jpg,labels/train/0591.txt
592,0592,01-PAN-20250407-456-304-L00000100050-CCD11_4_crop3.jpg,01-PAN-20250407-456-304-L00000100050-CCD11_4_crop3.txt,0592.jpg,0592.txt,images/train/01-PAN-20250407-456-304-L00000100050-CCD11_4_crop3.jpg,labels/train/01-PAN-20250407-456-304-L00000100050-CCD11_4_crop3.txt,images/train/0592.jpg,labels/train/0592.txt
593,0593,01-PAN-20250407-456-304-L00000100050-CCD11_4_crop5.jpg,01-PAN-20250407-456-304-L00000100050-CCD11_4_crop5.txt,0593.jpg,0593.txt,images/train/01-PAN-20250407-456-304-L00000100050-CCD11_4_crop5.jpg,labels/train/01-PAN-20250407-456-304-L00000100050-CCD11_4_crop5.txt,images/train/0593.jpg,labels/train/0593.txt
594,0594,01-PAN-20250407-456-304-L00000100050-CCD11_4_crop6.jpg,01-PAN-20250407-456-304-L00000100050-CCD11_4_crop6.txt,0594.jpg,0594.txt,images/train/01-PAN-20250407-456-304-L00000100050-CCD11_4_crop6.jpg,labels/train/01-PAN-20250407-456-304-L00000100050-CCD11_4_crop6.txt,images/train/0594.jpg,labels/train/0594.txt
595,0595,01-PAN-20250407-456-304-L00000100050-CCD13_3_crop1.jpg,01-PAN-20250407-456-304-L00000100050-CCD13_3_crop1.txt,0595.jpg,0595.txt,images/train/01-PAN-20250407-456-304-L00000100050-CCD13_3_crop1.jpg,labels/train/01-PAN-20250407-456-304-L00000100050-CCD13_3_crop1.txt,images/train/0595.jpg,labels/train/0595.txt
596,0596,01-PAN-20250407-456-304-L00000100050-CCD13_3_crop2.jpg,01-PAN-20250407-456-304-L00000100050-CCD13_3_crop2.txt,0596.jpg,0596.txt,images/train/01-PAN-20250407-456-304-L00000100050-CCD13_3_crop2.jpg,labels/train/01-PAN-20250407-456-304-L00000100050-CCD13_3_crop2.txt,images/train/0596.jpg,labels/train/0596.txt
597,0597,01-PAN-20250407-456-304-L00000100050-CCD13_3_crop3.jpg,01-PAN-20250407-456-304-L00000100050-CCD13_3_crop3.txt,0597.jpg,0597.txt,images/train/01-PAN-20250407-456-304-L00000100050-CCD13_3_crop3.jpg,labels/train/01-PAN-20250407-456-304-L00000100050-CCD13_3_crop3.txt,images/train/0597.jpg,labels/train/0597.txt
598,0598,01-PAN-20250407-456-304-L00000100050-CCD14_3_crop1.jpg,01-PAN-20250407-456-304-L00000100050-CCD14_3_crop1.txt,0598.jpg,0598.txt,images/train/01-PAN-20250407-456-304-L00000100050-CCD14_3_crop1.jpg,labels/train/01-PAN-20250407-456-304-L00000100050-CCD14_3_crop1.txt,images/train/0598.jpg,labels/train/0598.txt
599,0599,01-PAN-20250407-456-304-L00000100050-CCD14_3_crop3.jpg,01-PAN-20250407-456-304-L00000100050-CCD14_3_crop3.txt,0599.jpg,0599.txt,images/train/01-PAN-20250407-456-304-L00000100050-CCD14_3_crop3.jpg,labels/train/01-PAN-20250407-456-304-L00000100050-CCD14_3_crop3.txt,images/train/0599.jpg,labels/train/0599.txt
600,0600,01-PAN-20250407-456-304-L00000100050-CCD14_3_crop4.jpg,01-PAN-20250407-456-304-L00000100050-CCD14_3_crop4.txt,0600.jpg,0600.txt,images/train/01-PAN-20250407-456-304-L00000100050-CCD14_3_crop4.jpg,labels/train/01-PAN-20250407-456-304-L00000100050-CCD14_3_crop4.txt,images/train/0600.jpg,labels/train/0600.txt
601,0601,01-PAN-20250407-456-304-L00000100050-CCD14_3_crop5.jpg,01-PAN-20250407-456-304-L00000100050-CCD14_3_crop5.txt,0601.jpg,0601.txt,images/train/01-PAN-20250407-456-304-L00000100050-CCD14_3_crop5.jpg,labels/train/01-PAN-20250407-456-304-L00000100050-CCD14_3_crop5.txt,images/train/0601.jpg,labels/train/0601.txt
602,0602,01-PAN-20250407-456-304-L00000100050-CCD14_4_crop1.jpg,01-PAN-20250407-456-304-L00000100050-CCD14_4_crop1.txt,0602.jpg,0602.txt,images/train/01-PAN-20250407-456-304-L00000100050-CCD14_4_crop1.jpg,labels/train/01-PAN-20250407-456-304-L00000100050-CCD14_4_crop1.txt,images/train/0602.jpg,labels/train/0602.txt
603,0603,01-PAN-20250407-456-304-L00000100050-CCD14_4_crop2.jpg,01-PAN-20250407-456-304-L00000100050-CCD14_4_crop2.txt,0603.jpg,0603.txt,images/train/01-PAN-20250407-456-304-L00000100050-CCD14_4_crop2.jpg,labels/train/01-PAN-20250407-456-304-L00000100050-CCD14_4_crop2.txt,images/train/0603.jpg,labels/train/0603.txt
604,0604,01-PAN-20250407-456-304-L00000100050-CCD14_4_crop3.jpg,01-PAN-20250407-456-304-L00000100050-CCD14_4_crop3.txt,0604.jpg,0604.txt,images/train/01-PAN-20250407-456-304-L00000100050-CCD14_4_crop3.jpg,labels/train/01-PAN-20250407-456-304-L00000100050-CCD14_4_crop3.txt,images/train/0604.jpg,labels/train/0604.txt
605,0605,01-PAN-20250407-456-304-L00000100050-CCD15_2_crop1.jpg,01-PAN-20250407-456-304-L00000100050-CCD15_2_crop1.txt,0605.jpg,0605.txt,images/train/01-PAN-20250407-456-304-L00000100050-CCD15_2_crop1.jpg,labels/train/01-PAN-20250407-456-304-L00000100050-CCD15_2_crop1.txt,images/train/0605.jpg,labels/train/0605.txt
606,0606,01-PAN-20250407-456-304-L00000100050-CCD15_2_crop2.jpg,01-PAN-20250407-456-304-L00000100050-CCD15_2_crop2.txt,0606.jpg,0606.txt,images/train/01-PAN-20250407-456-304-L00000100050-CCD15_2_crop2.jpg,labels/train/01-PAN-20250407-456-304-L00000100050-CCD15_2_crop2.txt,images/train/0606.jpg,labels/train/0606.txt
607,0607,01-PAN-20250407-456-304-L00000100050-CCD15_2_crop3.jpg,01-PAN-20250407-456-304-L00000100050-CCD15_2_crop3.txt,0607.jpg,0607.txt,images/train/01-PAN-20250407-456-304-L00000100050-CCD15_2_crop3.jpg,labels/train/01-PAN-20250407-456-304-L00000100050-CCD15_2_crop3.txt,images/train/0607.jpg,labels/train/0607.txt
608,0608,01-PAN-20250407-456-304-L00000100050-CCD15_3_crop1.jpg,01-PAN-20250407-456-304-L00000100050-CCD15_3_crop1.txt,0608.jpg,0608.txt,images/train/01-PAN-20250407-456-304-L00000100050-CCD15_3_crop1.jpg,labels/train/01-PAN-20250407-456-304-L00000100050-CCD15_3_crop1.txt,images/train/0608.jpg,labels/train/0608.txt
609,0609,01-PAN-20250407-456-304-L00000100050-CCD15_3_crop2.jpg,01-PAN-20250407-456-304-L00000100050-CCD15_3_crop2.txt,0609.jpg,0609.txt,images/train/01-PAN-20250407-456-304-L00000100050-CCD15_3_crop2.jpg,labels/train/01-PAN-20250407-456-304-L00000100050-CCD15_3_crop2.txt,images/train/0609.jpg,labels/train/0609.txt
610,0610,01-PAN-20250407-456-304-L00000100050-CCD15_3_crop3.jpg,01-PAN-20250407-456-304-L00000100050-CCD15_3_crop3.txt,0610.jpg,0610.txt,images/train/01-PAN-20250407-456-304-L00000100050-CCD15_3_crop3.jpg,labels/train/01-PAN-20250407-456-304-L00000100050-CCD15_3_crop3.txt,images/train/0610.jpg,labels/train/0610.txt
611,0611,01-PAN-20250407-456-304-L00000100050-CCD15_3_crop4.jpg,01-PAN-20250407-456-304-L00000100050-CCD15_3_crop4.txt,0611.jpg,0611.txt,images/train/01-PAN-20250407-456-304-L00000100050-CCD15_3_crop4.jpg,labels/train/01-PAN-20250407-456-304-L00000100050-CCD15_3_crop4.txt,images/train/0611.jpg,labels/train/0611.txt
612,0612,01-PAN-20250407-456-304-L00000100050-CCD16_1_crop1.jpg,01-PAN-20250407-456-304-L00000100050-CCD16_1_crop1.txt,0612.jpg,0612.txt,images/train/01-PAN-20250407-456-304-L00000100050-CCD16_1_crop1.jpg,labels/train/01-PAN-20250407-456-304-L00000100050-CCD16_1_crop1.txt,images/train/0612.jpg,labels/train/0612.txt
613,0613,01-PAN-20250407-456-304-L00000100050-CCD16_1_crop2.jpg,01-PAN-20250407-456-304-L00000100050-CCD16_1_crop2.txt,0613.jpg,0613.txt,images/train/01-PAN-20250407-456-304-L00000100050-CCD16_1_crop2.jpg,labels/train/01-PAN-20250407-456-304-L00000100050-CCD16_1_crop2.txt,images/train/0613.jpg,labels/train/0613.txt
614,0614,01-PAN-20250407-456-304-L00000100050-CCD16_1_crop3.jpg,01-PAN-20250407-456-304-L00000100050-CCD16_1_crop3.txt,0614.jpg,0614.txt,images/train/01-PAN-20250407-456-304-L00000100050-CCD16_1_crop3.jpg,labels/train/01-PAN-20250407-456-304-L00000100050-CCD16_1_crop3.txt,images/train/0614.jpg,labels/train/0614.txt
615,0615,01-PAN-20250407-456-304-L00000100050-CCD16_2_crop1.jpg,01-PAN-20250407-456-304-L00000100050-CCD16_2_crop1.txt,0615.jpg,0615.txt,images/train/01-PAN-20250407-456-304-L00000100050-CCD16_2_crop1.jpg,labels/train/01-PAN-20250407-456-304-L00000100050-CCD16_2_crop1.txt,images/train/0615.jpg,labels/train/0615.txt
616,0616,01-PAN-20250407-456-304-L00000100050-CCD16_2_crop2.jpg,01-PAN-20250407-456-304-L00000100050-CCD16_2_crop2.txt,0616.jpg,0616.txt,images/train/01-PAN-20250407-456-304-L00000100050-CCD16_2_crop2.jpg,labels/train/01-PAN-20250407-456-304-L00000100050-CCD16_2_crop2.txt,images/train/0616.jpg,labels/train/0616.txt
617,0617,01-PAN-20250407-456-304-L00000100050-CCD16_2_crop3.jpg,01-PAN-20250407-456-304-L00000100050-CCD16_2_crop3.txt,0617.jpg,0617.txt,images/train/01-PAN-20250407-456-304-L00000100050-CCD16_2_crop3.jpg,labels/train/01-PAN-20250407-456-304-L00000100050-CCD16_2_crop3.txt,images/train/0617.jpg,labels/train/0617.txt
618,0618,01-PAN-20250407-456-304-L00000100050-CCD16_2_crop4.jpg,01-PAN-20250407-456-304-L00000100050-CCD16_2_crop4.txt,0618.jpg,0618.txt,images/train/01-PAN-20250407-456-304-L00000100050-CCD16_2_crop4.jpg,labels/train/01-PAN-20250407-456-304-L00000100050-CCD16_2_crop4.txt,images/train/0618.jpg,labels/train/0618.txt
619,0619,01-PAN-20250407-456-304-L00000100050-CCD5_1_crop2.jpg,01-PAN-20250407-456-304-L00000100050-CCD5_1_crop2.txt,0619.jpg,0619.txt,images/train/01-PAN-20250407-456-304-L00000100050-CCD5_1_crop2.jpg,labels/train/01-PAN-20250407-456-304-L00000100050-CCD5_1_crop2.txt,images/train/0619.jpg,labels/train/0619.txt
620,0620,01-PAN-20250407-456-304-L00000100050-CCD5_1_crop3.jpg,01-PAN-20250407-456-304-L00000100050-CCD5_1_crop3.txt,0620.jpg,0620.txt,images/train/01-PAN-20250407-456-304-L00000100050-CCD5_1_crop3.jpg,labels/train/01-PAN-20250407-456-304-L00000100050-CCD5_1_crop3.txt,images/train/0620.jpg,labels/train/0620.txt
621,0621,01-PAN-20250407-456-304-L00000100050-CCD5_1_crop5.jpg,01-PAN-20250407-456-304-L00000100050-CCD5_1_crop5.txt,0621.jpg,0621.txt,images/train/01-PAN-20250407-456-304-L00000100050-CCD5_1_crop5.jpg,labels/train/01-PAN-20250407-456-304-L00000100050-CCD5_1_crop5.txt,images/train/0621.jpg,labels/train/0621.txt
622,0622,01-PAN-20250407-456-304-L00000100050-CCD5_1_crop6.jpg,01-PAN-20250407-456-304-L00000100050-CCD5_1_crop6.txt,0622.jpg,0622.txt,images/train/01-PAN-20250407-456-304-L00000100050-CCD5_1_crop6.jpg,labels/train/01-PAN-20250407-456-304-L00000100050-CCD5_1_crop6.txt,images/train/0622.jpg,labels/train/0622.txt
623,0623,01-PAN-20250407-456-304-L00000100050-CCD5_2_crop2.jpg,01-PAN-20250407-456-304-L00000100050-CCD5_2_crop2.txt,0623.jpg,0623.txt,images/train/01-PAN-20250407-456-304-L00000100050-CCD5_2_crop2.jpg,labels/train/01-PAN-20250407-456-304-L00000100050-CCD5_2_crop2.txt,images/train/0623.jpg,labels/train/0623.txt
624,0624,01-PAN-20250407-456-304-L00000100050-CCD6_1_crop1.jpg,01-PAN-20250407-456-304-L00000100050-CCD6_1_crop1.txt,0624.jpg,0624.txt,images/train/01-PAN-20250407-456-304-L00000100050-CCD6_1_crop1.jpg,labels/train/01-PAN-20250407-456-304-L00000100050-CCD6_1_crop1.txt,images/train/0624.jpg,labels/train/0624.txt
625,0625,01-PAN-20250407-456-304-L00000100050-CCD6_1_crop2.jpg,01-PAN-20250407-456-304-L00000100050-CCD6_1_crop2.txt,0625.jpg,0625.txt,images/train/01-PAN-20250407-456-304-L00000100050-CCD6_1_crop2.jpg,labels/train/01-PAN-20250407-456-304-L00000100050-CCD6_1_crop2.txt,images/train/0625.jpg,labels/train/0625.txt
626,0626,01-PAN-20250407-456-304-L00000100050-CCD6_2_crop1.jpg,01-PAN-20250407-456-304-L00000100050-CCD6_2_crop1.txt,0626.jpg,0626.txt,images/train/01-PAN-20250407-456-304-L00000100050-CCD6_2_crop1.jpg,labels/train/01-PAN-20250407-456-304-L00000100050-CCD6_2_crop1.txt,images/train/0626.jpg,labels/train/0626.txt
627,0627,01-PAN-20250407-456-304-L00000100050-CCD6_2_crop2.jpg,01-PAN-20250407-456-304-L00000100050-CCD6_2_crop2.txt,0627.jpg,0627.txt,images/train/01-PAN-20250407-456-304-L00000100050-CCD6_2_crop2.jpg,labels/train/01-PAN-20250407-456-304-L00000100050-CCD6_2_crop2.txt,images/train/0627.jpg,labels/train/0627.txt
628,0628,01-PAN-20250407-456-304-L00000100050-CCD6_2_crop4.jpg,01-PAN-20250407-456-304-L00000100050-CCD6_2_crop4.txt,0628.jpg,0628.txt,images/train/01-PAN-20250407-456-304-L00000100050-CCD6_2_crop4.jpg,labels/train/01-PAN-20250407-456-304-L00000100050-CCD6_2_crop4.txt,images/train/0628.jpg,labels/train/0628.txt
629,0629,01-PAN-20250407-456-304-L00000100050-CCD6_3_crop1.jpg,01-PAN-20250407-456-304-L00000100050-CCD6_3_crop1.txt,0629.jpg,0629.txt,images/train/01-PAN-20250407-456-304-L00000100050-CCD6_3_crop1.jpg,labels/train/01-PAN-20250407-456-304-L00000100050-CCD6_3_crop1.txt,images/train/0629.jpg,labels/train/0629.txt
630,0630,01-PAN-20250407-456-304-L00000100050-CCD6_3_crop2.jpg,01-PAN-20250407-456-304-L00000100050-CCD6_3_crop2.txt,0630.jpg,0630.txt,images/train/01-PAN-20250407-456-304-L00000100050-CCD6_3_crop2.jpg,labels/train/01-PAN-20250407-456-304-L00000100050-CCD6_3_crop2.txt,images/train/0630.jpg,labels/train/0630.txt
631,0631,01-PAN-20250407-456-304-L00000100050-CCD7_2_crop1.jpg,01-PAN-20250407-456-304-L00000100050-CCD7_2_crop1.txt,0631.jpg,0631.txt,images/train/01-PAN-20250407-456-304-L00000100050-CCD7_2_crop1.jpg,labels/train/01-PAN-20250407-456-304-L00000100050-CCD7_2_crop1.txt,images/train/0631.jpg,labels/train/0631.txt
632,0632,01-PAN-20250407-456-304-L00000100050-CCD7_3_crop1.jpg,01-PAN-20250407-456-304-L00000100050-CCD7_3_crop1.txt,0632.jpg,0632.txt,images/train/01-PAN-20250407-456-304-L00000100050-CCD7_3_crop1.jpg,labels/train/01-PAN-20250407-456-304-L00000100050-CCD7_3_crop1.txt,images/train/0632.jpg,labels/train/0632.txt
633,0633,01-PAN-20250407-456-304-L00000100050-CCD7_3_crop2.jpg,01-PAN-20250407-456-304-L00000100050-CCD7_3_crop2.txt,0633.jpg,0633.txt,images/train/01-PAN-20250407-456-304-L00000100050-CCD7_3_crop2.jpg,labels/train/01-PAN-20250407-456-304-L00000100050-CCD7_3_crop2.txt,images/train/0633.jpg,labels/train/0633.txt
634,0634,01-PAN-20250407-456-304-L00000100050-CCD7_3_crop3.jpg,01-PAN-20250407-456-304-L00000100050-CCD7_3_crop3.txt,0634.jpg,0634.txt,images/train/01-PAN-20250407-456-304-L00000100050-CCD7_3_crop3.jpg,labels/train/01-PAN-20250407-456-304-L00000100050-CCD7_3_crop3.txt,images/train/0634.jpg,labels/train/0634.txt
635,0635,01-PAN-20250407-456-304-L00000100050-CCD7_3_crop6.jpg,01-PAN-20250407-456-304-L00000100050-CCD7_3_crop6.txt,0635.jpg,0635.txt,images/train/01-PAN-20250407-456-304-L00000100050-CCD7_3_crop6.jpg,labels/train/01-PAN-20250407-456-304-L00000100050-CCD7_3_crop6.txt,images/train/0635.jpg,labels/train/0635.txt
636,0636,02-PAN-20250320-146-221-L00000000208-CCD32_1_crop1.jpg,02-PAN-20250320-146-221-L00000000208-CCD32_1_crop1.txt,0636.jpg,0636.txt,images/train/02-PAN-20250320-146-221-L00000000208-CCD32_1_crop1.jpg,labels/train/02-PAN-20250320-146-221-L00000000208-CCD32_1_crop1.txt,images/train/0636.jpg,labels/train/0636.txt
637,0637,02-PAN-20250321-108-307-L00000000254-CCD17_1_crop1.jpg,02-PAN-20250321-108-307-L00000000254-CCD17_1_crop1.txt,0637.jpg,0637.txt,images/train/02-PAN-20250321-108-307-L00000000254-CCD17_1_crop1.jpg,labels/train/02-PAN-20250321-108-307-L00000000254-CCD17_1_crop1.txt,images/train/0637.jpg,labels/train/0637.txt
638,0638,02-PAN-20250321-108-307-L00000000254-CCD17_1_crop2.jpg,02-PAN-20250321-108-307-L00000000254-CCD17_1_crop2.txt,0638.jpg,0638.txt,images/train/02-PAN-20250321-108-307-L00000000254-CCD17_1_crop2.jpg,labels/train/02-PAN-20250321-108-307-L00000000254-CCD17_1_crop2.txt,images/train/0638.jpg,labels/train/0638.txt
639,0639,02-PAN-20250321-108-307-L00000000254-CCD17_1_crop4.jpg,02-PAN-20250321-108-307-L00000000254-CCD17_1_crop4.txt,0639.jpg,0639.txt,images/train/02-PAN-20250321-108-307-L00000000254-CCD17_1_crop4.jpg,labels/train/02-PAN-20250321-108-307-L00000000254-CCD17_1_crop4.txt,images/train/0639.jpg,labels/train/0639.txt
640,0640,02-PAN-20250321-141-166-L00000000249-CCD11_3_crop1.jpg,02-PAN-20250321-141-166-L00000000249-CCD11_3_crop1.txt,0640.jpg,0640.txt,images/train/02-PAN-20250321-141-166-L00000000249-CCD11_3_crop1.jpg,labels/train/02-PAN-20250321-141-166-L00000000249-CCD11_3_crop1.txt,images/train/0640.jpg,labels/train/0640.txt
641,0641,02-PAN-20250321-141-166-L00000000249-CCD11_3_crop2.jpg,02-PAN-20250321-141-166-L00000000249-CCD11_3_crop2.txt,0641.jpg,0641.txt,images/train/02-PAN-20250321-141-166-L00000000249-CCD11_3_crop2.jpg,labels/train/02-PAN-20250321-141-166-L00000000249-CCD11_3_crop2.txt,images/train/0641.jpg,labels/train/0641.txt
642,0642,02-PAN-20250321-141-168-L00000000251-CCD15_2_crop1.jpg,02-PAN-20250321-141-168-L00000000251-CCD15_2_crop1.txt,0642.jpg,0642.txt,images/train/02-PAN-20250321-141-168-L00000000251-CCD15_2_crop1.jpg,labels/train/02-PAN-20250321-141-168-L00000000251-CCD15_2_crop1.txt,images/train/0642.jpg,labels/train/0642.txt
643,0643,02-PAN-20250321-455-302-L00000000225-CCD1_2_crop1.jpg,02-PAN-20250321-455-302-L00000000225-CCD1_2_crop1.txt,0643.jpg,0643.txt,images/train/02-PAN-20250321-455-302-L00000000225-CCD1_2_crop1.jpg,labels/train/02-PAN-20250321-455-302-L00000000225-CCD1_2_crop1.txt,images/train/0643.jpg,labels/train/0643.txt
644,0644,02-PAN-20250321-455-302-L00000000225-CCD2_1_crop2.jpg,02-PAN-20250321-455-302-L00000000225-CCD2_1_crop2.txt,0644.jpg,0644.txt,images/train/02-PAN-20250321-455-302-L00000000225-CCD2_1_crop2.jpg,labels/train/02-PAN-20250321-455-302-L00000000225-CCD2_1_crop2.txt,images/train/0644.jpg,labels/train/0644.txt
645,0645,02-PAN-20250321-455-302-L00000000225-CCD2_1_crop3.jpg,02-PAN-20250321-455-302-L00000000225-CCD2_1_crop3.txt,0645.jpg,0645.txt,images/train/02-PAN-20250321-455-302-L00000000225-CCD2_1_crop3.jpg,labels/train/02-PAN-20250321-455-302-L00000000225-CCD2_1_crop3.txt,images/train/0645.jpg,labels/train/0645.txt
646,0646,02-PAN-20250321-455-302-L00000000225-CCD2_1_crop4.jpg,02-PAN-20250321-455-302-L00000000225-CCD2_1_crop4.txt,0646.jpg,0646.txt,images/train/02-PAN-20250321-455-302-L00000000225-CCD2_1_crop4.jpg,labels/train/02-PAN-20250321-455-302-L00000000225-CCD2_1_crop4.txt,images/train/0646.jpg,labels/train/0646.txt
647,0647,02-PAN-20250321-455-302-L00000000225-CCD2_1_crop5.jpg,02-PAN-20250321-455-302-L00000000225-CCD2_1_crop5.txt,0647.jpg,0647.txt,images/train/02-PAN-20250321-455-302-L00000000225-CCD2_1_crop5.jpg,labels/train/02-PAN-20250321-455-302-L00000000225-CCD2_1_crop5.txt,images/train/0647.jpg,labels/train/0647.txt
648,0648,02-PAN-20250321-455-302-L00000000225-CCD2_1_crop6.jpg,02-PAN-20250321-455-302-L00000000225-CCD2_1_crop6.txt,0648.jpg,0648.txt,images/train/02-PAN-20250321-455-302-L00000000225-CCD2_1_crop6.jpg,labels/train/02-PAN-20250321-455-302-L00000000225-CCD2_1_crop6.txt,images/train/0648.jpg,labels/train/0648.txt
649,0649,02-PAN-20250321-455-302-L00000000225-CCD2_1_crop7.jpg,02-PAN-20250321-455-302-L00000000225-CCD2_1_crop7.txt,0649.jpg,0649.txt,images/train/02-PAN-20250321-455-302-L00000000225-CCD2_1_crop7.jpg,labels/train/02-PAN-20250321-455-302-L00000000225-CCD2_1_crop7.txt,images/train/0649.jpg,labels/train/0649.txt
650,0650,02-PAN-20250321-455-302-L00000000225-CCD2_2_crop1.jpg,02-PAN-20250321-455-302-L00000000225-CCD2_2_crop1.txt,0650.jpg,0650.txt,images/train/02-PAN-20250321-455-302-L00000000225-CCD2_2_crop1.jpg,labels/train/02-PAN-20250321-455-302-L00000000225-CCD2_2_crop1.txt,images/train/0650.jpg,labels/train/0650.txt
651,0651,02-PAN-20250321-455-302-L00000000225-CCD2_2_crop2.jpg,02-PAN-20250321-455-302-L00000000225-CCD2_2_crop2.txt,0651.jpg,0651.txt,images/train/02-PAN-20250321-455-302-L00000000225-CCD2_2_crop2.jpg,labels/train/02-PAN-20250321-455-302-L00000000225-CCD2_2_crop2.txt,images/train/0651.jpg,labels/train/0651.txt
652,0652,02-PAN-20250321-455-302-L00000000225-CCD2_2_crop4.jpg,02-PAN-20250321-455-302-L00000000225-CCD2_2_crop4.txt,0652.jpg,0652.txt,images/train/02-PAN-20250321-455-302-L00000000225-CCD2_2_crop4.jpg,labels/train/02-PAN-20250321-455-302-L00000000225-CCD2_2_crop4.txt,images/train/0652.jpg,labels/train/0652.txt
653,0653,02-PAN-20250321-455-302-L00000000225-CCD2_2_crop6.jpg,02-PAN-20250321-455-302-L00000000225-CCD2_2_crop6.txt,0653.jpg,0653.txt,images/train/02-PAN-20250321-455-302-L00000000225-CCD2_2_crop6.jpg,labels/train/02-PAN-20250321-455-302-L00000000225-CCD2_2_crop6.txt,images/train/0653.jpg,labels/train/0653.txt
654,0654,02-PAN-20250321-455-302-L00000000225-CCD2_2_crop7.jpg,02-PAN-20250321-455-302-L00000000225-CCD2_2_crop7.txt,0654.jpg,0654.txt,images/train/02-PAN-20250321-455-302-L00000000225-CCD2_2_crop7.jpg,labels/train/02-PAN-20250321-455-302-L00000000225-CCD2_2_crop7.txt,images/train/0654.jpg,labels/train/0654.txt
655,0655,02-PAN-20250321-455-302-L00000000225-CCD2_2_crop9.jpg,02-PAN-20250321-455-302-L00000000225-CCD2_2_crop9.txt,0655.jpg,0655.txt,images/train/02-PAN-20250321-455-302-L00000000225-CCD2_2_crop9.jpg,labels/train/02-PAN-20250321-455-302-L00000000225-CCD2_2_crop9.txt,images/train/0655.jpg,labels/train/0655.txt
656,0656,02-PAN-20250321-455-302-L00000000225-CCD2_3_crop1.jpg,02-PAN-20250321-455-302-L00000000225-CCD2_3_crop1.txt,0656.jpg,0656.txt,images/train/02-PAN-20250321-455-302-L00000000225-CCD2_3_crop1.jpg,labels/train/02-PAN-20250321-455-302-L00000000225-CCD2_3_crop1.txt,images/train/0656.jpg,labels/train/0656.txt
657,0657,02-PAN-20250321-455-302-L00000000225-CCD3_1_crop10.jpg,02-PAN-20250321-455-302-L00000000225-CCD3_1_crop10.txt,0657.jpg,0657.txt,images/train/02-PAN-20250321-455-302-L00000000225-CCD3_1_crop10.jpg,labels/train/02-PAN-20250321-455-302-L00000000225-CCD3_1_crop10.txt,images/train/0657.jpg,labels/train/0657.txt
658,0658,02-PAN-20250321-455-302-L00000000225-CCD3_1_crop11.jpg,02-PAN-20250321-455-302-L00000000225-CCD3_1_crop11.txt,0658.jpg,0658.txt,images/train/02-PAN-20250321-455-302-L00000000225-CCD3_1_crop11.jpg,labels/train/02-PAN-20250321-455-302-L00000000225-CCD3_1_crop11.txt,images/train/0658.jpg,labels/train/0658.txt
659,0659,02-PAN-20250321-455-302-L00000000225-CCD3_1_crop12.jpg,02-PAN-20250321-455-302-L00000000225-CCD3_1_crop12.txt,0659.jpg,0659.txt,images/train/02-PAN-20250321-455-302-L00000000225-CCD3_1_crop12.jpg,labels/train/02-PAN-20250321-455-302-L00000000225-CCD3_1_crop12.txt,images/train/0659.jpg,labels/train/0659.txt
660,0660,02-PAN-20250321-455-302-L00000000225-CCD3_1_crop3.jpg,02-PAN-20250321-455-302-L00000000225-CCD3_1_crop3.txt,0660.jpg,0660.txt,images/train/02-PAN-20250321-455-302-L00000000225-CCD3_1_crop3.jpg,labels/train/02-PAN-20250321-455-302-L00000000225-CCD3_1_crop3.txt,images/train/0660.jpg,labels/train/0660.txt
661,0661,02-PAN-20250321-455-302-L00000000225-CCD3_1_crop5.jpg,02-PAN-20250321-455-302-L00000000225-CCD3_1_crop5.txt,0661.jpg,0661.txt,images/train/02-PAN-20250321-455-302-L00000000225-CCD3_1_crop5.jpg,labels/train/02-PAN-20250321-455-302-L00000000225-CCD3_1_crop5.txt,images/train/0661.jpg,labels/train/0661.txt
662,0662,02-PAN-20250321-455-302-L00000000225-CCD3_1_crop6.jpg,02-PAN-20250321-455-302-L00000000225-CCD3_1_crop6.txt,0662.jpg,0662.txt,images/train/02-PAN-20250321-455-302-L00000000225-CCD3_1_crop6.jpg,labels/train/02-PAN-20250321-455-302-L00000000225-CCD3_1_crop6.txt,images/train/0662.jpg,labels/train/0662.txt
663,0663,02-PAN-20250321-455-302-L00000000225-CCD3_1_crop7.jpg,02-PAN-20250321-455-302-L00000000225-CCD3_1_crop7.txt,0663.jpg,0663.txt,images/train/02-PAN-20250321-455-302-L00000000225-CCD3_1_crop7.jpg,labels/train/02-PAN-20250321-455-302-L00000000225-CCD3_1_crop7.txt,images/train/0663.jpg,labels/train/0663.txt
664,0664,02-PAN-20250321-455-302-L00000000225-CCD3_1_crop8.jpg,02-PAN-20250321-455-302-L00000000225-CCD3_1_crop8.txt,0664.jpg,0664.txt,images/train/02-PAN-20250321-455-302-L00000000225-CCD3_1_crop8.jpg,labels/train/02-PAN-20250321-455-302-L00000000225-CCD3_1_crop8.txt,images/train/0664.jpg,labels/train/0664.txt
665,0665,02-PAN-20250321-455-302-L00000000225-CCD3_1_crop9.jpg,02-PAN-20250321-455-302-L00000000225-CCD3_1_crop9.txt,0665.jpg,0665.txt,images/train/02-PAN-20250321-455-302-L00000000225-CCD3_1_crop9.jpg,labels/train/02-PAN-20250321-455-302-L00000000225-CCD3_1_crop9.txt,images/train/0665.jpg,labels/train/0665.txt
666,0666,02-PAN-20250321-455-302-L00000000225-CCD3_2_crop1.jpg,02-PAN-20250321-455-302-L00000000225-CCD3_2_crop1.txt,0666.jpg,0666.txt,images/train/02-PAN-20250321-455-302-L00000000225-CCD3_2_crop1.jpg,labels/train/02-PAN-20250321-455-302-L00000000225-CCD3_2_crop1.txt,images/train/0666.jpg,labels/train/0666.txt
667,0667,02-PAN-20250321-455-302-L00000000225-CCD3_2_crop2.jpg,02-PAN-20250321-455-302-L00000000225-CCD3_2_crop2.txt,0667.jpg,0667.txt,images/train/02-PAN-20250321-455-302-L00000000225-CCD3_2_crop2.jpg,labels/train/02-PAN-20250321-455-302-L00000000225-CCD3_2_crop2.txt,images/train/0667.jpg,labels/train/0667.txt
668,0668,02-PAN-20250321-455-302-L00000000225-CCD3_2_crop3.jpg,02-PAN-20250321-455-302-L00000000225-CCD3_2_crop3.txt,0668.jpg,0668.txt,images/train/02-PAN-20250321-455-302-L00000000225-CCD3_2_crop3.jpg,labels/train/02-PAN-20250321-455-302-L00000000225-CCD3_2_crop3.txt,images/train/0668.jpg,labels/train/0668.txt
669,0669,02-PAN-20250321-455-302-L00000000225-CCD4_1_crop1.jpg,02-PAN-20250321-455-302-L00000000225-CCD4_1_crop1.txt,0669.jpg,0669.txt,images/train/02-PAN-20250321-455-302-L00000000225-CCD4_1_crop1.jpg,labels/train/02-PAN-20250321-455-302-L00000000225-CCD4_1_crop1.txt,images/train/0669.jpg,labels/train/0669.txt
670,0670,02-PAN-20250321-455-302-L00000000225-CCD4_2_crop1.jpg,02-PAN-20250321-455-302-L00000000225-CCD4_2_crop1.txt,0670.jpg,0670.txt,images/train/02-PAN-20250321-455-302-L00000000225-CCD4_2_crop1.jpg,labels/train/02-PAN-20250321-455-302-L00000000225-CCD4_2_crop1.txt,images/train/0670.jpg,labels/train/0670.txt
671,0671,02-PAN-20250321-455-302-L00000000225-CCD4_2_crop2.jpg,02-PAN-20250321-455-302-L00000000225-CCD4_2_crop2.txt,0671.jpg,0671.txt,images/train/02-PAN-20250321-455-302-L00000000225-CCD4_2_crop2.jpg,labels/train/02-PAN-20250321-455-302-L00000000225-CCD4_2_crop2.txt,images/train/0671.jpg,labels/train/0671.txt
672,0672,02-PAN-20250321-455-302-L00000000225-CCD4_2_crop3.jpg,02-PAN-20250321-455-302-L00000000225-CCD4_2_crop3.txt,0672.jpg,0672.txt,images/train/02-PAN-20250321-455-302-L00000000225-CCD4_2_crop3.jpg,labels/train/02-PAN-20250321-455-302-L00000000225-CCD4_2_crop3.txt,images/train/0672.jpg,labels/train/0672.txt
673,0673,02-PAN-20250321-455-302-L00000000225-CCD4_2_crop4.jpg,02-PAN-20250321-455-302-L00000000225-CCD4_2_crop4.txt,0673.jpg,0673.txt,images/train/02-PAN-20250321-455-302-L00000000225-CCD4_2_crop4.jpg,labels/train/02-PAN-20250321-455-302-L00000000225-CCD4_2_crop4.txt,images/train/0673.jpg,labels/train/0673.txt
674,0674,02-PAN-20250321-455-302-L00000000225-CCD4_2_crop5.jpg,02-PAN-20250321-455-302-L00000000225-CCD4_2_crop5.txt,0674.jpg,0674.txt,images/train/02-PAN-20250321-455-302-L00000000225-CCD4_2_crop5.jpg,labels/train/02-PAN-20250321-455-302-L00000000225-CCD4_2_crop5.txt,images/train/0674.jpg,labels/train/0674.txt
675,0675,02-PAN-20250321-455-302-L00000000225-CCD4_2_crop6.jpg,02-PAN-20250321-455-302-L00000000225-CCD4_2_crop6.txt,0675.jpg,0675.txt,images/train/02-PAN-20250321-455-302-L00000000225-CCD4_2_crop6.jpg,labels/train/02-PAN-20250321-455-302-L00000000225-CCD4_2_crop6.txt,images/train/0675.jpg,labels/train/0675.txt
676,0676,02-PAN-20250321-455-302-L00000000225-CCD4_2_crop7.jpg,02-PAN-20250321-455-302-L00000000225-CCD4_2_crop7.txt,0676.jpg,0676.txt,images/train/02-PAN-20250321-455-302-L00000000225-CCD4_2_crop7.jpg,labels/train/02-PAN-20250321-455-302-L00000000225-CCD4_2_crop7.txt,images/train/0676.jpg,labels/train/0676.txt
677,0677,02-PAN-20250321-455-302-L00000000225-CCD4_2_crop8.jpg,02-PAN-20250321-455-302-L00000000225-CCD4_2_crop8.txt,0677.jpg,0677.txt,images/train/02-PAN-20250321-455-302-L00000000225-CCD4_2_crop8.jpg,labels/train/02-PAN-20250321-455-302-L00000000225-CCD4_2_crop8.txt,images/train/0677.jpg,labels/train/0677.txt
678,0678,02-PAN-20250321-455-302-L00000000225-CCD4_2_crop9.jpg,02-PAN-20250321-455-302-L00000000225-CCD4_2_crop9.txt,0678.jpg,0678.txt,images/train/02-PAN-20250321-455-302-L00000000225-CCD4_2_crop9.jpg,labels/train/02-PAN-20250321-455-302-L00000000225-CCD4_2_crop9.txt,images/train/0678.jpg,labels/train/0678.txt
679,0679,02-PAN-20250321-455-304-L00000000227-CCD13_4_crop1.jpg,02-PAN-20250321-455-304-L00000000227-CCD13_4_crop1.txt,0679.jpg,0679.txt,images/train/02-PAN-20250321-455-304-L00000000227-CCD13_4_crop1.jpg,labels/train/02-PAN-20250321-455-304-L00000000227-CCD13_4_crop1.txt,images/train/0679.jpg,labels/train/0679.txt
680,0680,02-PAN-20250321-455-304-L00000000227-CCD13_4_crop3.jpg,02-PAN-20250321-455-304-L00000000227-CCD13_4_crop3.txt,0680.jpg,0680.txt,images/train/02-PAN-20250321-455-304-L00000000227-CCD13_4_crop3.jpg,labels/train/02-PAN-20250321-455-304-L00000000227-CCD13_4_crop3.txt,images/train/0680.jpg,labels/train/0680.txt
681,0681,02-PAN-20250321-455-304-L00000000227-CCD13_4_crop4.jpg,02-PAN-20250321-455-304-L00000000227-CCD13_4_crop4.txt,0681.jpg,0681.txt,images/train/02-PAN-20250321-455-304-L00000000227-CCD13_4_crop4.jpg,labels/train/02-PAN-20250321-455-304-L00000000227-CCD13_4_crop4.txt,images/train/0681.jpg,labels/train/0681.txt
682,0682,02-PAN-20250321-455-304-L00000000227-CCD13_4_crop5.jpg,02-PAN-20250321-455-304-L00000000227-CCD13_4_crop5.txt,0682.jpg,0682.txt,images/train/02-PAN-20250321-455-304-L00000000227-CCD13_4_crop5.jpg,labels/train/02-PAN-20250321-455-304-L00000000227-CCD13_4_crop5.txt,images/train/0682.jpg,labels/train/0682.txt
683,0683,02-PAN-20250321-455-304-L00000000227-CCD13_4_crop6.jpg,02-PAN-20250321-455-304-L00000000227-CCD13_4_crop6.txt,0683.jpg,0683.txt,images/train/02-PAN-20250321-455-304-L00000000227-CCD13_4_crop6.jpg,labels/train/02-PAN-20250321-455-304-L00000000227-CCD13_4_crop6.txt,images/train/0683.jpg,labels/train/0683.txt
684,0684,02-PAN-20250321-455-304-L00000000227-CCD13_5_crop1.jpg,02-PAN-20250321-455-304-L00000000227-CCD13_5_crop1.txt,0684.jpg,0684.txt,images/train/02-PAN-20250321-455-304-L00000000227-CCD13_5_crop1.jpg,labels/train/02-PAN-20250321-455-304-L00000000227-CCD13_5_crop1.txt,images/train/0684.jpg,labels/train/0684.txt
685,0685,02-PAN-20250321-455-304-L00000000227-CCD13_5_crop2.jpg,02-PAN-20250321-455-304-L00000000227-CCD13_5_crop2.txt,0685.jpg,0685.txt,images/train/02-PAN-20250321-455-304-L00000000227-CCD13_5_crop2.jpg,labels/train/02-PAN-20250321-455-304-L00000000227-CCD13_5_crop2.txt,images/train/0685.jpg,labels/train/0685.txt
686,0686,02-PAN-20250321-455-304-L00000000227-CCD13_5_crop3.jpg,02-PAN-20250321-455-304-L00000000227-CCD13_5_crop3.txt,0686.jpg,0686.txt,images/train/02-PAN-20250321-455-304-L00000000227-CCD13_5_crop3.jpg,labels/train/02-PAN-20250321-455-304-L00000000227-CCD13_5_crop3.txt,images/train/0686.jpg,labels/train/0686.txt
687,0687,02-PAN-20250321-455-304-L00000000227-CCD14_4_crop1.jpg,02-PAN-20250321-455-304-L00000000227-CCD14_4_crop1.txt,0687.jpg,0687.txt,images/train/02-PAN-20250321-455-304-L00000000227-CCD14_4_crop1.jpg,labels/train/02-PAN-20250321-455-304-L00000000227-CCD14_4_crop1.txt,images/train/0687.jpg,labels/train/0687.txt
688,0688,02-PAN-20250321-455-304-L00000000227-CCD14_4_crop2.jpg,02-PAN-20250321-455-304-L00000000227-CCD14_4_crop2.txt,0688.jpg,0688.txt,images/train/02-PAN-20250321-455-304-L00000000227-CCD14_4_crop2.jpg,labels/train/02-PAN-20250321-455-304-L00000000227-CCD14_4_crop2.txt,images/train/0688.jpg,labels/train/0688.txt
689,0689,02-PAN-20250321-455-304-L00000000227-CCD14_5_crop1.jpg,02-PAN-20250321-455-304-L00000000227-CCD14_5_crop1.txt,0689.jpg,0689.txt,images/train/02-PAN-20250321-455-304-L00000000227-CCD14_5_crop1.jpg,labels/train/02-PAN-20250321-455-304-L00000000227-CCD14_5_crop1.txt,images/train/0689.jpg,labels/train/0689.txt
690,0690,02-PAN-20250321-455-304-L00000000227-CCD15_4_crop1.jpg,02-PAN-20250321-455-304-L00000000227-CCD15_4_crop1.txt,0690.jpg,0690.txt,images/train/02-PAN-20250321-455-304-L00000000227-CCD15_4_crop1.jpg,labels/train/02-PAN-20250321-455-304-L00000000227-CCD15_4_crop1.txt,images/train/0690.jpg,labels/train/0690.txt
691,0691,02-PAN-20250321-455-304-L00000000227-CCD16_3_crop1.jpg,02-PAN-20250321-455-304-L00000000227-CCD16_3_crop1.txt,0691.jpg,0691.txt,images/train/02-PAN-20250321-455-304-L00000000227-CCD16_3_crop1.jpg,labels/train/02-PAN-20250321-455-304-L00000000227-CCD16_3_crop1.txt,images/train/0691.jpg,labels/train/0691.txt
692,0692,02-PAN-20250321-455-304-L00000000227-CCD16_4_crop1.jpg,02-PAN-20250321-455-304-L00000000227-CCD16_4_crop1.txt,0692.jpg,0692.txt,images/train/02-PAN-20250321-455-304-L00000000227-CCD16_4_crop1.jpg,labels/train/02-PAN-20250321-455-304-L00000000227-CCD16_4_crop1.txt,images/train/0692.jpg,labels/train/0692.txt
693,0693,02-PAN-20250321-455-304-L00000000227-CCD17_3_crop1.jpg,02-PAN-20250321-455-304-L00000000227-CCD17_3_crop1.txt,0693.jpg,0693.txt,images/train/02-PAN-20250321-455-304-L00000000227-CCD17_3_crop1.jpg,labels/train/02-PAN-20250321-455-304-L00000000227-CCD17_3_crop1.txt,images/train/0693.jpg,labels/train/0693.txt
694,0694,02-PAN-20250321-455-304-L00000000227-CCD17_3_crop2.jpg,02-PAN-20250321-455-304-L00000000227-CCD17_3_crop2.txt,0694.jpg,0694.txt,images/train/02-PAN-20250321-455-304-L00000000227-CCD17_3_crop2.jpg,labels/train/02-PAN-20250321-455-304-L00000000227-CCD17_3_crop2.txt,images/train/0694.jpg,labels/train/0694.txt
695,0695,02-PAN-20250321-455-304-L00000000227-CCD17_3_crop3.jpg,02-PAN-20250321-455-304-L00000000227-CCD17_3_crop3.txt,0695.jpg,0695.txt,images/train/02-PAN-20250321-455-304-L00000000227-CCD17_3_crop3.jpg,labels/train/02-PAN-20250321-455-304-L00000000227-CCD17_3_crop3.txt,images/train/0695.jpg,labels/train/0695.txt
696,0696,02-PAN-20250321-455-304-L00000000227-CCD17_3_crop4.jpg,02-PAN-20250321-455-304-L00000000227-CCD17_3_crop4.txt,0696.jpg,0696.txt,images/train/02-PAN-20250321-455-304-L00000000227-CCD17_3_crop4.jpg,labels/train/02-PAN-20250321-455-304-L00000000227-CCD17_3_crop4.txt,images/train/0696.jpg,labels/train/0696.txt
697,0697,02-PAN-20250321-455-304-L00000000227-CCD17_4_crop1.jpg,02-PAN-20250321-455-304-L00000000227-CCD17_4_crop1.txt,0697.jpg,0697.txt,images/train/02-PAN-20250321-455-304-L00000000227-CCD17_4_crop1.jpg,labels/train/02-PAN-20250321-455-304-L00000000227-CCD17_4_crop1.txt,images/train/0697.jpg,labels/train/0697.txt
698,0698,02-PAN-20250321-455-304-L00000000227-CCD17_4_crop3.jpg,02-PAN-20250321-455-304-L00000000227-CCD17_4_crop3.txt,0698.jpg,0698.txt,images/train/02-PAN-20250321-455-304-L00000000227-CCD17_4_crop3.jpg,labels/train/02-PAN-20250321-455-304-L00000000227-CCD17_4_crop3.txt,images/train/0698.jpg,labels/train/0698.txt
699,0699,02-PAN-20250321-455-304-L00000000227-CCD17_4_crop4.jpg,02-PAN-20250321-455-304-L00000000227-CCD17_4_crop4.txt,0699.jpg,0699.txt,images/train/02-PAN-20250321-455-304-L00000000227-CCD17_4_crop4.jpg,labels/train/02-PAN-20250321-455-304-L00000000227-CCD17_4_crop4.txt,images/train/0699.jpg,labels/train/0699.txt
700,0700,02-PAN-20250321-455-304-L00000000227-CCD17_6_crop1.jpg,02-PAN-20250321-455-304-L00000000227-CCD17_6_crop1.txt,0700.jpg,0700.txt,images/train/02-PAN-20250321-455-304-L00000000227-CCD17_6_crop1.jpg,labels/train/02-PAN-20250321-455-304-L00000000227-CCD17_6_crop1.txt,images/train/0700.jpg,labels/train/0700.txt
701,0701,02-PAN-20250321-455-304-L00000000227-CCD18_2_crop2.jpg,02-PAN-20250321-455-304-L00000000227-CCD18_2_crop2.txt,0701.jpg,0701.txt,images/train/02-PAN-20250321-455-304-L00000000227-CCD18_2_crop2.jpg,labels/train/02-PAN-20250321-455-304-L00000000227-CCD18_2_crop2.txt,images/train/0701.jpg,labels/train/0701.txt
702,0702,02-PAN-20250321-455-304-L00000000227-CCD18_2_crop3.jpg,02-PAN-20250321-455-304-L00000000227-CCD18_2_crop3.txt,0702.jpg,0702.txt,images/train/02-PAN-20250321-455-304-L00000000227-CCD18_2_crop3.jpg,labels/train/02-PAN-20250321-455-304-L00000000227-CCD18_2_crop3.txt,images/train/0702.jpg,labels/train/0702.txt
703,0703,02-PAN-20250321-455-304-L00000000227-CCD18_3_crop1.jpg,02-PAN-20250321-455-304-L00000000227-CCD18_3_crop1.txt,0703.jpg,0703.txt,images/train/02-PAN-20250321-455-304-L00000000227-CCD18_3_crop1.jpg,labels/train/02-PAN-20250321-455-304-L00000000227-CCD18_3_crop1.txt,images/train/0703.jpg,labels/train/0703.txt
704,0704,02-PAN-20250321-455-304-L00000000227-CCD18_4_crop1.jpg,02-PAN-20250321-455-304-L00000000227-CCD18_4_crop1.txt,0704.jpg,0704.txt,images/train/02-PAN-20250321-455-304-L00000000227-CCD18_4_crop1.jpg,labels/train/02-PAN-20250321-455-304-L00000000227-CCD18_4_crop1.txt,images/train/0704.jpg,labels/train/0704.txt
705,0705,02-PAN-20250321-455-304-L00000000227-CCD7_2_crop1.jpg,02-PAN-20250321-455-304-L00000000227-CCD7_2_crop1.txt,0705.jpg,0705.txt,images/train/02-PAN-20250321-455-304-L00000000227-CCD7_2_crop1.jpg,labels/train/02-PAN-20250321-455-304-L00000000227-CCD7_2_crop1.txt,images/train/0705.jpg,labels/train/0705.txt
706,0706,02-PAN-20250321-455-304-L00000000227-CCD7_2_crop2.jpg,02-PAN-20250321-455-304-L00000000227-CCD7_2_crop2.txt,0706.jpg,0706.txt,images/train/02-PAN-20250321-455-304-L00000000227-CCD7_2_crop2.jpg,labels/train/02-PAN-20250321-455-304-L00000000227-CCD7_2_crop2.txt,images/train/0706.jpg,labels/train/0706.txt
707,0707,02-PAN-20250321-455-304-L00000000227-CCD7_2_crop3.jpg,02-PAN-20250321-455-304-L00000000227-CCD7_2_crop3.txt,0707.jpg,0707.txt,images/train/02-PAN-20250321-455-304-L00000000227-CCD7_2_crop3.jpg,labels/train/02-PAN-20250321-455-304-L00000000227-CCD7_2_crop3.txt,images/train/0707.jpg,labels/train/0707.txt
708,0708,02-PAN-20250321-455-304-L00000000227-CCD7_2_crop4.jpg,02-PAN-20250321-455-304-L00000000227-CCD7_2_crop4.txt,0708.jpg,0708.txt,images/train/02-PAN-20250321-455-304-L00000000227-CCD7_2_crop4.jpg,labels/train/02-PAN-20250321-455-304-L00000000227-CCD7_2_crop4.txt,images/train/0708.jpg,labels/train/0708.txt
709,0709,02-PAN-20250321-455-304-L00000000227-CCD7_3_crop2.jpg,02-PAN-20250321-455-304-L00000000227-CCD7_3_crop2.txt,0709.jpg,0709.txt,images/train/02-PAN-20250321-455-304-L00000000227-CCD7_3_crop2.jpg,labels/train/02-PAN-20250321-455-304-L00000000227-CCD7_3_crop2.txt,images/train/0709.jpg,labels/train/0709.txt
710,0710,02-PAN-20250321-455-304-L00000000227-CCD7_3_crop3.jpg,02-PAN-20250321-455-304-L00000000227-CCD7_3_crop3.txt,0710.jpg,0710.txt,images/train/02-PAN-20250321-455-304-L00000000227-CCD7_3_crop3.jpg,labels/train/02-PAN-20250321-455-304-L00000000227-CCD7_3_crop3.txt,images/train/0710.jpg,labels/train/0710.txt
711,0711,02-PAN-20250321-455-304-L00000000227-CCD7_3_crop4.jpg,02-PAN-20250321-455-304-L00000000227-CCD7_3_crop4.txt,0711.jpg,0711.txt,images/train/02-PAN-20250321-455-304-L00000000227-CCD7_3_crop4.jpg,labels/train/02-PAN-20250321-455-304-L00000000227-CCD7_3_crop4.txt,images/train/0711.jpg,labels/train/0711.txt
712,0712,02-PAN-20250321-455-304-L00000000227-CCD7_4_crop1.jpg,02-PAN-20250321-455-304-L00000000227-CCD7_4_crop1.txt,0712.jpg,0712.txt,images/train/02-PAN-20250321-455-304-L00000000227-CCD7_4_crop1.jpg,labels/train/02-PAN-20250321-455-304-L00000000227-CCD7_4_crop1.txt,images/train/0712.jpg,labels/train/0712.txt
713,0713,02-PAN-20250321-455-304-L00000000227-CCD7_5_crop1.jpg,02-PAN-20250321-455-304-L00000000227-CCD7_5_crop1.txt,0713.jpg,0713.txt,images/train/02-PAN-20250321-455-304-L00000000227-CCD7_5_crop1.jpg,labels/train/02-PAN-20250321-455-304-L00000000227-CCD7_5_crop1.txt,images/train/0713.jpg,labels/train/0713.txt
714,0714,02-PAN-20250321-455-304-L00000000227-CCD7_5_crop2.jpg,02-PAN-20250321-455-304-L00000000227-CCD7_5_crop2.txt,0714.jpg,0714.txt,images/train/02-PAN-20250321-455-304-L00000000227-CCD7_5_crop2.jpg,labels/train/02-PAN-20250321-455-304-L00000000227-CCD7_5_crop2.txt,images/train/0714.jpg,labels/train/0714.txt
715,0715,02-PAN-20250321-455-304-L00000000227-CCD8_2_crop3.jpg,02-PAN-20250321-455-304-L00000000227-CCD8_2_crop3.txt,0715.jpg,0715.txt,images/train/02-PAN-20250321-455-304-L00000000227-CCD8_2_crop3.jpg,labels/train/02-PAN-20250321-455-304-L00000000227-CCD8_2_crop3.txt,images/train/0715.jpg,labels/train/0715.txt
716,0716,02-PAN-20250321-455-304-L00000000227-CCD8_2_crop4.jpg,02-PAN-20250321-455-304-L00000000227-CCD8_2_crop4.txt,0716.jpg,0716.txt,images/train/02-PAN-20250321-455-304-L00000000227-CCD8_2_crop4.jpg,labels/train/02-PAN-20250321-455-304-L00000000227-CCD8_2_crop4.txt,images/train/0716.jpg,labels/train/0716.txt
717,0717,02-PAN-20250321-455-304-L00000000227-CCD8_2_crop6.jpg,02-PAN-20250321-455-304-L00000000227-CCD8_2_crop6.txt,0717.jpg,0717.txt,images/train/02-PAN-20250321-455-304-L00000000227-CCD8_2_crop6.jpg,labels/train/02-PAN-20250321-455-304-L00000000227-CCD8_2_crop6.txt,images/train/0717.jpg,labels/train/0717.txt
718,0718,02-PAN-20250321-455-304-L00000000227-CCD8_2_crop7.jpg,02-PAN-20250321-455-304-L00000000227-CCD8_2_crop7.txt,0718.jpg,0718.txt,images/train/02-PAN-20250321-455-304-L00000000227-CCD8_2_crop7.jpg,labels/train/02-PAN-20250321-455-304-L00000000227-CCD8_2_crop7.txt,images/train/0718.jpg,labels/train/0718.txt
719,0719,02-PAN-20250321-455-304-L00000000227-CCD8_2_crop8.jpg,02-PAN-20250321-455-304-L00000000227-CCD8_2_crop8.txt,0719.jpg,0719.txt,images/train/02-PAN-20250321-455-304-L00000000227-CCD8_2_crop8.jpg,labels/train/02-PAN-20250321-455-304-L00000000227-CCD8_2_crop8.txt,images/train/0719.jpg,labels/train/0719.txt
720,0720,02-PAN-20250321-455-304-L00000000227-CCD8_2_crop9.jpg,02-PAN-20250321-455-304-L00000000227-CCD8_2_crop9.txt,0720.jpg,0720.txt,images/train/02-PAN-20250321-455-304-L00000000227-CCD8_2_crop9.jpg,labels/train/02-PAN-20250321-455-304-L00000000227-CCD8_2_crop9.txt,images/train/0720.jpg,labels/train/0720.txt
721,0721,02-PAN-20250321-455-304-L00000000227-CCD8_3_crop1.jpg,02-PAN-20250321-455-304-L00000000227-CCD8_3_crop1.txt,0721.jpg,0721.txt,images/train/02-PAN-20250321-455-304-L00000000227-CCD8_3_crop1.jpg,labels/train/02-PAN-20250321-455-304-L00000000227-CCD8_3_crop1.txt,images/train/0721.jpg,labels/train/0721.txt
722,0722,02-PAN-20250321-455-304-L00000000227-CCD8_3_crop2.jpg,02-PAN-20250321-455-304-L00000000227-CCD8_3_crop2.txt,0722.jpg,0722.txt,images/train/02-PAN-20250321-455-304-L00000000227-CCD8_3_crop2.jpg,labels/train/02-PAN-20250321-455-304-L00000000227-CCD8_3_crop2.txt,images/train/0722.jpg,labels/train/0722.txt
723,0723,02-PAN-20250321-455-304-L00000000227-CCD8_3_crop3.jpg,02-PAN-20250321-455-304-L00000000227-CCD8_3_crop3.txt,0723.jpg,0723.txt,images/train/02-PAN-20250321-455-304-L00000000227-CCD8_3_crop3.jpg,labels/train/02-PAN-20250321-455-304-L00000000227-CCD8_3_crop3.txt,images/train/0723.jpg,labels/train/0723.txt
724,0724,02-PAN-20250321-455-304-L00000000227-CCD8_4_crop1.jpg,02-PAN-20250321-455-304-L00000000227-CCD8_4_crop1.txt,0724.jpg,0724.txt,images/train/02-PAN-20250321-455-304-L00000000227-CCD8_4_crop1.jpg,labels/train/02-PAN-20250321-455-304-L00000000227-CCD8_4_crop1.txt,images/train/0724.jpg,labels/train/0724.txt
725,0725,02-PAN-20250321-455-304-L00000000227-CCD8_4_crop2.jpg,02-PAN-20250321-455-304-L00000000227-CCD8_4_crop2.txt,0725.jpg,0725.txt,images/train/02-PAN-20250321-455-304-L00000000227-CCD8_4_crop2.jpg,labels/train/02-PAN-20250321-455-304-L00000000227-CCD8_4_crop2.txt,images/train/0725.jpg,labels/train/0725.txt
726,0726,02-PAN-20250321-455-304-L00000000227-CCD8_4_crop3.jpg,02-PAN-20250321-455-304-L00000000227-CCD8_4_crop3.txt,0726.jpg,0726.txt,images/train/02-PAN-20250321-455-304-L00000000227-CCD8_4_crop3.jpg,labels/train/02-PAN-20250321-455-304-L00000000227-CCD8_4_crop3.txt,images/train/0726.jpg,labels/train/0726.txt
727,0727,02-PAN-20250321-455-304-L00000000227-CCD8_4_crop6.jpg,02-PAN-20250321-455-304-L00000000227-CCD8_4_crop6.txt,0727.jpg,0727.txt,images/train/02-PAN-20250321-455-304-L00000000227-CCD8_4_crop6.jpg,labels/train/02-PAN-20250321-455-304-L00000000227-CCD8_4_crop6.txt,images/train/0727.jpg,labels/train/0727.txt
728,0728,02-PAN-20250321-455-304-L00000000227-CCD8_4_crop7.jpg,02-PAN-20250321-455-304-L00000000227-CCD8_4_crop7.txt,0728.jpg,0728.txt,images/train/02-PAN-20250321-455-304-L00000000227-CCD8_4_crop7.jpg,labels/train/02-PAN-20250321-455-304-L00000000227-CCD8_4_crop7.txt,images/train/0728.jpg,labels/train/0728.txt
729,0729,02-PAN-20250321-455-304-L00000000227-CCD8_4_crop8.jpg,02-PAN-20250321-455-304-L00000000227-CCD8_4_crop8.txt,0729.jpg,0729.txt,images/train/02-PAN-20250321-455-304-L00000000227-CCD8_4_crop8.jpg,labels/train/02-PAN-20250321-455-304-L00000000227-CCD8_4_crop8.txt,images/train/0729.jpg,labels/train/0729.txt
730,0730,02-PAN-20250321-455-304-L00000000227-CCD8_5_crop1.jpg,02-PAN-20250321-455-304-L00000000227-CCD8_5_crop1.txt,0730.jpg,0730.txt,images/train/02-PAN-20250321-455-304-L00000000227-CCD8_5_crop1.jpg,labels/train/02-PAN-20250321-455-304-L00000000227-CCD8_5_crop1.txt,images/train/0730.jpg,labels/train/0730.txt
731,0731,02-PAN-20250321-455-304-L00000000227-CCD9_4_crop1.jpg,02-PAN-20250321-455-304-L00000000227-CCD9_4_crop1.txt,0731.jpg,0731.txt,images/train/02-PAN-20250321-455-304-L00000000227-CCD9_4_crop1.jpg,labels/train/02-PAN-20250321-455-304-L00000000227-CCD9_4_crop1.txt,images/train/0731.jpg,labels/train/0731.txt
732,0732,02-PAN-20250321-455-304-L00000000227-CCD9_4_crop2.jpg,02-PAN-20250321-455-304-L00000000227-CCD9_4_crop2.txt,0732.jpg,0732.txt,images/train/02-PAN-20250321-455-304-L00000000227-CCD9_4_crop2.jpg,labels/train/02-PAN-20250321-455-304-L00000000227-CCD9_4_crop2.txt,images/train/0732.jpg,labels/train/0732.txt
733,0733,02-PAN-20250321-455-304-L00000000227-CCD9_4_crop4.jpg,02-PAN-20250321-455-304-L00000000227-CCD9_4_crop4.txt,0733.jpg,0733.txt,images/train/02-PAN-20250321-455-304-L00000000227-CCD9_4_crop4.jpg,labels/train/02-PAN-20250321-455-304-L00000000227-CCD9_4_crop4.txt,images/train/0733.jpg,labels/train/0733.txt
734,0734,02-PAN-20250321-455-304-L00000000227-CCD9_4_crop7.jpg,02-PAN-20250321-455-304-L00000000227-CCD9_4_crop7.txt,0734.jpg,0734.txt,images/train/02-PAN-20250321-455-304-L00000000227-CCD9_4_crop7.jpg,labels/train/02-PAN-20250321-455-304-L00000000227-CCD9_4_crop7.txt,images/train/0734.jpg,labels/train/0734.txt
735,0735,02-PAN-20250323-442-300-L00000000284-CCD2_5_crop1.jpg,02-PAN-20250323-442-300-L00000000284-CCD2_5_crop1.txt,0735.jpg,0735.txt,images/train/02-PAN-20250323-442-300-L00000000284-CCD2_5_crop1.jpg,labels/train/02-PAN-20250323-442-300-L00000000284-CCD2_5_crop1.txt,images/train/0735.jpg,labels/train/0735.txt
736,0736,02-PAN-20250323-442-300-L00000000284-CCD2_5_crop2.jpg,02-PAN-20250323-442-300-L00000000284-CCD2_5_crop2.txt,0736.jpg,0736.txt,images/train/02-PAN-20250323-442-300-L00000000284-CCD2_5_crop2.jpg,labels/train/02-PAN-20250323-442-300-L00000000284-CCD2_5_crop2.txt,images/train/0736.jpg,labels/train/0736.txt
737,0737,02-PAN-20250323-442-300-L00000000284-CCD2_5_crop3.jpg,02-PAN-20250323-442-300-L00000000284-CCD2_5_crop3.txt,0737.jpg,0737.txt,images/train/02-PAN-20250323-442-300-L00000000284-CCD2_5_crop3.jpg,labels/train/02-PAN-20250323-442-300-L00000000284-CCD2_5_crop3.txt,images/train/0737.jpg,labels/train/0737.txt
738,0738,02-PAN-20250323-442-300-L00000000284-CCD6_6_crop1.jpg,02-PAN-20250323-442-300-L00000000284-CCD6_6_crop1.txt,0738.jpg,0738.txt,images/train/02-PAN-20250323-442-300-L00000000284-CCD6_6_crop1.jpg,labels/train/02-PAN-20250323-442-300-L00000000284-CCD6_6_crop1.txt,images/train/0738.jpg,labels/train/0738.txt
739,0739,02-PAN-20250323-442-300-L00000000284-CCD6_6_crop2.jpg,02-PAN-20250323-442-300-L00000000284-CCD6_6_crop2.txt,0739.jpg,0739.txt,images/train/02-PAN-20250323-442-300-L00000000284-CCD6_6_crop2.jpg,labels/train/02-PAN-20250323-442-300-L00000000284-CCD6_6_crop2.txt,images/train/0739.jpg,labels/train/0739.txt
740,0740,02-PAN-20250323-442-301-L00000000285-CCD5_3_crop1.jpg,02-PAN-20250323-442-301-L00000000285-CCD5_3_crop1.txt,0740.jpg,0740.txt,images/train/02-PAN-20250323-442-301-L00000000285-CCD5_3_crop1.jpg,labels/train/02-PAN-20250323-442-301-L00000000285-CCD5_3_crop1.txt,images/train/0740.jpg,labels/train/0740.txt
741,0741,02-PAN-20250323-442-301-L00000000285-CCD5_4_crop1.jpg,02-PAN-20250323-442-301-L00000000285-CCD5_4_crop1.txt,0741.jpg,0741.txt,images/train/02-PAN-20250323-442-301-L00000000285-CCD5_4_crop1.jpg,labels/train/02-PAN-20250323-442-301-L00000000285-CCD5_4_crop1.txt,images/train/0741.jpg,labels/train/0741.txt
742,0742,02-PAN-20250323-442-301-L00000000285-CCD6_2_crop1.jpg,02-PAN-20250323-442-301-L00000000285-CCD6_2_crop1.txt,0742.jpg,0742.txt,images/train/02-PAN-20250323-442-301-L00000000285-CCD6_2_crop1.jpg,labels/train/02-PAN-20250323-442-301-L00000000285-CCD6_2_crop1.txt,images/train/0742.jpg,labels/train/0742.txt
743,0743,02-PAN-20250323-442-301-L00000000285-CCD6_2_crop2.jpg,02-PAN-20250323-442-301-L00000000285-CCD6_2_crop2.txt,0743.jpg,0743.txt,images/train/02-PAN-20250323-442-301-L00000000285-CCD6_2_crop2.jpg,labels/train/02-PAN-20250323-442-301-L00000000285-CCD6_2_crop2.txt,images/train/0743.jpg,labels/train/0743.txt
744,0744,02-PAN-20250323-442-301-L00000000285-CCD6_2_crop3.jpg,02-PAN-20250323-442-301-L00000000285-CCD6_2_crop3.txt,0744.jpg,0744.txt,images/train/02-PAN-20250323-442-301-L00000000285-CCD6_2_crop3.jpg,labels/train/02-PAN-20250323-442-301-L00000000285-CCD6_2_crop3.txt,images/train/0744.jpg,labels/train/0744.txt
745,0745,02-PAN-20250323-442-301-L00000000285-CCD6_2_crop4.jpg,02-PAN-20250323-442-301-L00000000285-CCD6_2_crop4.txt,0745.jpg,0745.txt,images/train/02-PAN-20250323-442-301-L00000000285-CCD6_2_crop4.jpg,labels/train/02-PAN-20250323-442-301-L00000000285-CCD6_2_crop4.txt,images/train/0745.jpg,labels/train/0745.txt
746,0746,02-PAN-20250323-442-301-L00000000285-CCD6_2_crop5.jpg,02-PAN-20250323-442-301-L00000000285-CCD6_2_crop5.txt,0746.jpg,0746.txt,images/train/02-PAN-20250323-442-301-L00000000285-CCD6_2_crop5.jpg,labels/train/02-PAN-20250323-442-301-L00000000285-CCD6_2_crop5.txt,images/train/0746.jpg,labels/train/0746.txt
747,0747,02-PAN-20250323-442-301-L00000000285-CCD6_2_crop6.jpg,02-PAN-20250323-442-301-L00000000285-CCD6_2_crop6.txt,0747.jpg,0747.txt,images/train/02-PAN-20250323-442-301-L00000000285-CCD6_2_crop6.jpg,labels/train/02-PAN-20250323-442-301-L00000000285-CCD6_2_crop6.txt,images/train/0747.jpg,labels/train/0747.txt
748,0748,02-PAN-20250323-442-301-L00000000285-CCD6_2_crop8.jpg,02-PAN-20250323-442-301-L00000000285-CCD6_2_crop8.txt,0748.jpg,0748.txt,images/train/02-PAN-20250323-442-301-L00000000285-CCD6_2_crop8.jpg,labels/train/02-PAN-20250323-442-301-L00000000285-CCD6_2_crop8.txt,images/train/0748.jpg,labels/train/0748.txt
749,0749,02-PAN-20250323-442-301-L00000000285-CCD6_2_crop9.jpg,02-PAN-20250323-442-301-L00000000285-CCD6_2_crop9.txt,0749.jpg,0749.txt,images/train/02-PAN-20250323-442-301-L00000000285-CCD6_2_crop9.jpg,labels/train/02-PAN-20250323-442-301-L00000000285-CCD6_2_crop9.txt,images/train/0749.jpg,labels/train/0749.txt
750,0750,02-PAN-20250323-442-301-L00000000285-CCD6_3_crop1.jpg,02-PAN-20250323-442-301-L00000000285-CCD6_3_crop1.txt,0750.jpg,0750.txt,images/train/02-PAN-20250323-442-301-L00000000285-CCD6_3_crop1.jpg,labels/train/02-PAN-20250323-442-301-L00000000285-CCD6_3_crop1.txt,images/train/0750.jpg,labels/train/0750.txt
751,0751,02-PAN-20250323-442-301-L00000000285-CCD6_3_crop2.jpg,02-PAN-20250323-442-301-L00000000285-CCD6_3_crop2.txt,0751.jpg,0751.txt,images/train/02-PAN-20250323-442-301-L00000000285-CCD6_3_crop2.jpg,labels/train/02-PAN-20250323-442-301-L00000000285-CCD6_3_crop2.txt,images/train/0751.jpg,labels/train/0751.txt
752,0752,02-PAN-20250323-442-301-L00000000285-CCD6_3_crop4.jpg,02-PAN-20250323-442-301-L00000000285-CCD6_3_crop4.txt,0752.jpg,0752.txt,images/train/02-PAN-20250323-442-301-L00000000285-CCD6_3_crop4.jpg,labels/train/02-PAN-20250323-442-301-L00000000285-CCD6_3_crop4.txt,images/train/0752.jpg,labels/train/0752.txt
753,0753,02-PAN-20250323-442-301-L00000000285-CCD6_3_crop5.jpg,02-PAN-20250323-442-301-L00000000285-CCD6_3_crop5.txt,0753.jpg,0753.txt,images/train/02-PAN-20250323-442-301-L00000000285-CCD6_3_crop5.jpg,labels/train/02-PAN-20250323-442-301-L00000000285-CCD6_3_crop5.txt,images/train/0753.jpg,labels/train/0753.txt
754,0754,02-PAN-20250323-442-301-L00000000285-CCD6_5_crop1.jpg,02-PAN-20250323-442-301-L00000000285-CCD6_5_crop1.txt,0754.jpg,0754.txt,images/train/02-PAN-20250323-442-301-L00000000285-CCD6_5_crop1.jpg,labels/train/02-PAN-20250323-442-301-L00000000285-CCD6_5_crop1.txt,images/train/0754.jpg,labels/train/0754.txt
755,0755,02-PAN-20250323-442-301-L00000000285-CCD6_5_crop2.jpg,02-PAN-20250323-442-301-L00000000285-CCD6_5_crop2.txt,0755.jpg,0755.txt,images/train/02-PAN-20250323-442-301-L00000000285-CCD6_5_crop2.jpg,labels/train/02-PAN-20250323-442-301-L00000000285-CCD6_5_crop2.txt,images/train/0755.jpg,labels/train/0755.txt
756,0756,02-PAN-20250323-442-301-L00000000285-CCD6_5_crop3.jpg,02-PAN-20250323-442-301-L00000000285-CCD6_5_crop3.txt,0756.jpg,0756.txt,images/train/02-PAN-20250323-442-301-L00000000285-CCD6_5_crop3.jpg,labels/train/02-PAN-20250323-442-301-L00000000285-CCD6_5_crop3.txt,images/train/0756.jpg,labels/train/0756.txt
757,0757,02-PAN-20250323-442-301-L00000000285-CCD6_5_crop4.jpg,02-PAN-20250323-442-301-L00000000285-CCD6_5_crop4.txt,0757.jpg,0757.txt,images/train/02-PAN-20250323-442-301-L00000000285-CCD6_5_crop4.jpg,labels/train/02-PAN-20250323-442-301-L00000000285-CCD6_5_crop4.txt,images/train/0757.jpg,labels/train/0757.txt
758,0758,02-PAN-20250323-442-301-L00000000285-CCD7_6_crop1.jpg,02-PAN-20250323-442-301-L00000000285-CCD7_6_crop1.txt,0758.jpg,0758.txt,images/train/02-PAN-20250323-442-301-L00000000285-CCD7_6_crop1.jpg,labels/train/02-PAN-20250323-442-301-L00000000285-CCD7_6_crop1.txt,images/train/0758.jpg,labels/train/0758.txt
759,0759,02-PAN-20250323-442-301-L00000000285-CCD7_6_crop2.jpg,02-PAN-20250323-442-301-L00000000285-CCD7_6_crop2.txt,0759.jpg,0759.txt,images/train/02-PAN-20250323-442-301-L00000000285-CCD7_6_crop2.jpg,labels/train/02-PAN-20250323-442-301-L00000000285-CCD7_6_crop2.txt,images/train/0759.jpg,labels/train/0759.txt
760,0760,02-PAN-20250323-442-302-L00000000286-CCD3_3_crop1.jpg,02-PAN-20250323-442-302-L00000000286-CCD3_3_crop1.txt,0760.jpg,0760.txt,images/train/02-PAN-20250323-442-302-L00000000286-CCD3_3_crop1.jpg,labels/train/02-PAN-20250323-442-302-L00000000286-CCD3_3_crop1.txt,images/train/0760.jpg,labels/train/0760.txt
761,0761,02-PAN-20250323-442-302-L00000000286-CCD3_3_crop2.jpg,02-PAN-20250323-442-302-L00000000286-CCD3_3_crop2.txt,0761.jpg,0761.txt,images/train/02-PAN-20250323-442-302-L00000000286-CCD3_3_crop2.jpg,labels/train/02-PAN-20250323-442-302-L00000000286-CCD3_3_crop2.txt,images/train/0761.jpg,labels/train/0761.txt
762,0762,02-PAN-20250323-442-302-L00000000286-CCD3_4_crop1.jpg,02-PAN-20250323-442-302-L00000000286-CCD3_4_crop1.txt,0762.jpg,0762.txt,images/train/02-PAN-20250323-442-302-L00000000286-CCD3_4_crop1.jpg,labels/train/02-PAN-20250323-442-302-L00000000286-CCD3_4_crop1.txt,images/train/0762.jpg,labels/train/0762.txt
763,0763,02-PAN-20250323-442-302-L00000000286-CCD4_2_crop1.jpg,02-PAN-20250323-442-302-L00000000286-CCD4_2_crop1.txt,0763.jpg,0763.txt,images/train/02-PAN-20250323-442-302-L00000000286-CCD4_2_crop1.jpg,labels/train/02-PAN-20250323-442-302-L00000000286-CCD4_2_crop1.txt,images/train/0763.jpg,labels/train/0763.txt
764,0764,02-PAN-20250323-442-302-L00000000286-CCD4_2_crop2.jpg,02-PAN-20250323-442-302-L00000000286-CCD4_2_crop2.txt,0764.jpg,0764.txt,images/train/02-PAN-20250323-442-302-L00000000286-CCD4_2_crop2.jpg,labels/train/02-PAN-20250323-442-302-L00000000286-CCD4_2_crop2.txt,images/train/0764.jpg,labels/train/0764.txt
765,0765,02-PAN-20250323-442-302-L00000000286-CCD4_6_crop1.jpg,02-PAN-20250323-442-302-L00000000286-CCD4_6_crop1.txt,0765.jpg,0765.txt,images/train/02-PAN-20250323-442-302-L00000000286-CCD4_6_crop1.jpg,labels/train/02-PAN-20250323-442-302-L00000000286-CCD4_6_crop1.txt,images/train/0765.jpg,labels/train/0765.txt
766,0766,02-PAN-20250323-442-302-L00000000286-CCD5_1_crop1.jpg,02-PAN-20250323-442-302-L00000000286-CCD5_1_crop1.txt,0766.jpg,0766.txt,images/train/02-PAN-20250323-442-302-L00000000286-CCD5_1_crop1.jpg,labels/train/02-PAN-20250323-442-302-L00000000286-CCD5_1_crop1.txt,images/train/0766.jpg,labels/train/0766.txt
767,0767,02-PAN-20250323-442-302-L00000000286-CCD5_1_crop2.jpg,02-PAN-20250323-442-302-L00000000286-CCD5_1_crop2.txt,0767.jpg,0767.txt,images/train/02-PAN-20250323-442-302-L00000000286-CCD5_1_crop2.jpg,labels/train/02-PAN-20250323-442-302-L00000000286-CCD5_1_crop2.txt,images/train/0767.jpg,labels/train/0767.txt
768,0768,02-PAN-20250323-442-302-L00000000286-CCD6_6_crop1.jpg,02-PAN-20250323-442-302-L00000000286-CCD6_6_crop1.txt,0768.jpg,0768.txt,images/train/02-PAN-20250323-442-302-L00000000286-CCD6_6_crop1.jpg,labels/train/02-PAN-20250323-442-302-L00000000286-CCD6_6_crop1.txt,images/train/0768.jpg,labels/train/0768.txt
769,0769,02-PAN-20250323-442-302-L00000000286-CCD6_6_crop2.jpg,02-PAN-20250323-442-302-L00000000286-CCD6_6_crop2.txt,0769.jpg,0769.txt,images/train/02-PAN-20250323-442-302-L00000000286-CCD6_6_crop2.jpg,labels/train/02-PAN-20250323-442-302-L00000000286-CCD6_6_crop2.txt,images/train/0769.jpg,labels/train/0769.txt
770,0770,02-PAN-20250323-442-302-L00000000286-CCD7_2_crop1.jpg,02-PAN-20250323-442-302-L00000000286-CCD7_2_crop1.txt,0770.jpg,0770.txt,images/train/02-PAN-20250323-442-302-L00000000286-CCD7_2_crop1.jpg,labels/train/02-PAN-20250323-442-302-L00000000286-CCD7_2_crop1.txt,images/train/0770.jpg,labels/train/0770.txt
771,0771,02-PAN-20250323-442-302-L00000000286-CCD7_2_crop2.jpg,02-PAN-20250323-442-302-L00000000286-CCD7_2_crop2.txt,0771.jpg,0771.txt,images/train/02-PAN-20250323-442-302-L00000000286-CCD7_2_crop2.jpg,labels/train/02-PAN-20250323-442-302-L00000000286-CCD7_2_crop2.txt,images/train/0771.jpg,labels/train/0771.txt
772,0772,02-PAN-20250323-442-302-L00000000286-CCD7_2_crop3.jpg,02-PAN-20250323-442-302-L00000000286-CCD7_2_crop3.txt,0772.jpg,0772.txt,images/train/02-PAN-20250323-442-302-L00000000286-CCD7_2_crop3.jpg,labels/train/02-PAN-20250323-442-302-L00000000286-CCD7_2_crop3.txt,images/train/0772.jpg,labels/train/0772.txt
773,0773,02-PAN-20250323-442-302-L00000000286-CCD7_2_crop4.jpg,02-PAN-20250323-442-302-L00000000286-CCD7_2_crop4.txt,0773.jpg,0773.txt,images/train/02-PAN-20250323-442-302-L00000000286-CCD7_2_crop4.jpg,labels/train/02-PAN-20250323-442-302-L00000000286-CCD7_2_crop4.txt,images/train/0773.jpg,labels/train/0773.txt
774,0774,02-PAN-20250323-442-302-L00000000286-CCD7_2_crop5.jpg,02-PAN-20250323-442-302-L00000000286-CCD7_2_crop5.txt,0774.jpg,0774.txt,images/train/02-PAN-20250323-442-302-L00000000286-CCD7_2_crop5.jpg,labels/train/02-PAN-20250323-442-302-L00000000286-CCD7_2_crop5.txt,images/train/0774.jpg,labels/train/0774.txt
775,0775,02-PAN-20250323-442-302-L00000000286-CCD7_2_crop6.jpg,02-PAN-20250323-442-302-L00000000286-CCD7_2_crop6.txt,0775.jpg,0775.txt,images/train/02-PAN-20250323-442-302-L00000000286-CCD7_2_crop6.jpg,labels/train/02-PAN-20250323-442-302-L00000000286-CCD7_2_crop6.txt,images/train/0775.jpg,labels/train/0775.txt
776,0776,02-PAN-20250323-442-302-L00000000286-CCD7_2_crop7.jpg,02-PAN-20250323-442-302-L00000000286-CCD7_2_crop7.txt,0776.jpg,0776.txt,images/train/02-PAN-20250323-442-302-L00000000286-CCD7_2_crop7.jpg,labels/train/02-PAN-20250323-442-302-L00000000286-CCD7_2_crop7.txt,images/train/0776.jpg,labels/train/0776.txt
777,0777,02-PAN-20250323-442-302-L00000000286-CCD7_2_crop8.jpg,02-PAN-20250323-442-302-L00000000286-CCD7_2_crop8.txt,0777.jpg,0777.txt,images/train/02-PAN-20250323-442-302-L00000000286-CCD7_2_crop8.jpg,labels/train/02-PAN-20250323-442-302-L00000000286-CCD7_2_crop8.txt,images/train/0777.jpg,labels/train/0777.txt
778,0778,02-PAN-20250323-442-302-L00000000286-CCD7_2_crop9.jpg,02-PAN-20250323-442-302-L00000000286-CCD7_2_crop9.txt,0778.jpg,0778.txt,images/train/02-PAN-20250323-442-302-L00000000286-CCD7_2_crop9.jpg,labels/train/02-PAN-20250323-442-302-L00000000286-CCD7_2_crop9.txt,images/train/0778.jpg,labels/train/0778.txt
779,0779,02-PAN-20250323-442-302-L00000000286-CCD7_3_crop1.jpg,02-PAN-20250323-442-302-L00000000286-CCD7_3_crop1.txt,0779.jpg,0779.txt,images/train/02-PAN-20250323-442-302-L00000000286-CCD7_3_crop1.jpg,labels/train/02-PAN-20250323-442-302-L00000000286-CCD7_3_crop1.txt,images/train/0779.jpg,labels/train/0779.txt
780,0780,02-PAN-20250323-442-302-L00000000286-CCD7_3_crop2.jpg,02-PAN-20250323-442-302-L00000000286-CCD7_3_crop2.txt,0780.jpg,0780.txt,images/train/02-PAN-20250323-442-302-L00000000286-CCD7_3_crop2.jpg,labels/train/02-PAN-20250323-442-302-L00000000286-CCD7_3_crop2.txt,images/train/0780.jpg,labels/train/0780.txt
781,0781,02-PAN-20250323-442-302-L00000000286-CCD7_3_crop3.jpg,02-PAN-20250323-442-302-L00000000286-CCD7_3_crop3.txt,0781.jpg,0781.txt,images/train/02-PAN-20250323-442-302-L00000000286-CCD7_3_crop3.jpg,labels/train/02-PAN-20250323-442-302-L00000000286-CCD7_3_crop3.txt,images/train/0781.jpg,labels/train/0781.txt
782,0782,02-PAN-20250323-442-302-L00000000286-CCD7_3_crop4.jpg,02-PAN-20250323-442-302-L00000000286-CCD7_3_crop4.txt,0782.jpg,0782.txt,images/train/02-PAN-20250323-442-302-L00000000286-CCD7_3_crop4.jpg,labels/train/02-PAN-20250323-442-302-L00000000286-CCD7_3_crop4.txt,images/train/0782.jpg,labels/train/0782.txt
783,0783,02-PAN-20250323-442-302-L00000000286-CCD7_3_crop6.jpg,02-PAN-20250323-442-302-L00000000286-CCD7_3_crop6.txt,0783.jpg,0783.txt,images/train/02-PAN-20250323-442-302-L00000000286-CCD7_3_crop6.jpg,labels/train/02-PAN-20250323-442-302-L00000000286-CCD7_3_crop6.txt,images/train/0783.jpg,labels/train/0783.txt
784,0784,02-PAN-20250323-442-302-L00000000286-CCD7_3_crop7.jpg,02-PAN-20250323-442-302-L00000000286-CCD7_3_crop7.txt,0784.jpg,0784.txt,images/train/02-PAN-20250323-442-302-L00000000286-CCD7_3_crop7.jpg,labels/train/02-PAN-20250323-442-302-L00000000286-CCD7_3_crop7.txt,images/train/0784.jpg,labels/train/0784.txt
785,0785,02-PAN-20250323-442-302-L00000000286-CCD7_3_crop8.jpg,02-PAN-20250323-442-302-L00000000286-CCD7_3_crop8.txt,0785.jpg,0785.txt,images/train/02-PAN-20250323-442-302-L00000000286-CCD7_3_crop8.jpg,labels/train/02-PAN-20250323-442-302-L00000000286-CCD7_3_crop8.txt,images/train/0785.jpg,labels/train/0785.txt
786,0786,02-PAN-20250323-442-302-L00000000286-CCD7_3_crop9.jpg,02-PAN-20250323-442-302-L00000000286-CCD7_3_crop9.txt,0786.jpg,0786.txt,images/train/02-PAN-20250323-442-302-L00000000286-CCD7_3_crop9.jpg,labels/train/02-PAN-20250323-442-302-L00000000286-CCD7_3_crop9.txt,images/train/0786.jpg,labels/train/0786.txt
787,0787,02-PAN-20250323-442-302-L00000000286-CCD7_4_crop10.jpg,02-PAN-20250323-442-302-L00000000286-CCD7_4_crop10.txt,0787.jpg,0787.txt,images/train/02-PAN-20250323-442-302-L00000000286-CCD7_4_crop10.jpg,labels/train/02-PAN-20250323-442-302-L00000000286-CCD7_4_crop10.txt,images/train/0787.jpg,labels/train/0787.txt
788,0788,02-PAN-20250323-442-302-L00000000286-CCD7_4_crop3.jpg,02-PAN-20250323-442-302-L00000000286-CCD7_4_crop3.txt,0788.jpg,0788.txt,images/train/02-PAN-20250323-442-302-L00000000286-CCD7_4_crop3.jpg,labels/train/02-PAN-20250323-442-302-L00000000286-CCD7_4_crop3.txt,images/train/0788.jpg,labels/train/0788.txt
789,0789,02-PAN-20250323-442-302-L00000000286-CCD7_4_crop4.jpg,02-PAN-20250323-442-302-L00000000286-CCD7_4_crop4.txt,0789.jpg,0789.txt,images/train/02-PAN-20250323-442-302-L00000000286-CCD7_4_crop4.jpg,labels/train/02-PAN-20250323-442-302-L00000000286-CCD7_4_crop4.txt,images/train/0789.jpg,labels/train/0789.txt
790,0790,02-PAN-20250323-442-302-L00000000286-CCD7_4_crop5.jpg,02-PAN-20250323-442-302-L00000000286-CCD7_4_crop5.txt,0790.jpg,0790.txt,images/train/02-PAN-20250323-442-302-L00000000286-CCD7_4_crop5.jpg,labels/train/02-PAN-20250323-442-302-L00000000286-CCD7_4_crop5.txt,images/train/0790.jpg,labels/train/0790.txt
791,0791,02-PAN-20250323-442-302-L00000000286-CCD7_4_crop6.jpg,02-PAN-20250323-442-302-L00000000286-CCD7_4_crop6.txt,0791.jpg,0791.txt,images/train/02-PAN-20250323-442-302-L00000000286-CCD7_4_crop6.jpg,labels/train/02-PAN-20250323-442-302-L00000000286-CCD7_4_crop6.txt,images/train/0791.jpg,labels/train/0791.txt
792,0792,02-PAN-20250323-442-302-L00000000286-CCD7_4_crop8.jpg,02-PAN-20250323-442-302-L00000000286-CCD7_4_crop8.txt,0792.jpg,0792.txt,images/train/02-PAN-20250323-442-302-L00000000286-CCD7_4_crop8.jpg,labels/train/02-PAN-20250323-442-302-L00000000286-CCD7_4_crop8.txt,images/train/0792.jpg,labels/train/0792.txt
793,0793,02-PAN-20250323-442-302-L00000000286-CCD7_4_crop9.jpg,02-PAN-20250323-442-302-L00000000286-CCD7_4_crop9.txt,0793.jpg,0793.txt,images/train/02-PAN-20250323-442-302-L00000000286-CCD7_4_crop9.jpg,labels/train/02-PAN-20250323-442-302-L00000000286-CCD7_4_crop9.txt,images/train/0793.jpg,labels/train/0793.txt
794,0794,02-PAN-20250323-442-302-L00000000286-CCD7_5_crop1.jpg,02-PAN-20250323-442-302-L00000000286-CCD7_5_crop1.txt,0794.jpg,0794.txt,images/train/02-PAN-20250323-442-302-L00000000286-CCD7_5_crop1.jpg,labels/train/02-PAN-20250323-442-302-L00000000286-CCD7_5_crop1.txt,images/train/0794.jpg,labels/train/0794.txt
795,0795,02-PAN-20250323-442-302-L00000000286-CCD7_5_crop2.jpg,02-PAN-20250323-442-302-L00000000286-CCD7_5_crop2.txt,0795.jpg,0795.txt,images/train/02-PAN-20250323-442-302-L00000000286-CCD7_5_crop2.jpg,labels/train/02-PAN-20250323-442-302-L00000000286-CCD7_5_crop2.txt,images/train/0795.jpg,labels/train/0795.txt
796,0796,02-PAN-20250323-442-302-L00000000286-CCD7_5_crop3.jpg,02-PAN-20250323-442-302-L00000000286-CCD7_5_crop3.txt,0796.jpg,0796.txt,images/train/02-PAN-20250323-442-302-L00000000286-CCD7_5_crop3.jpg,labels/train/02-PAN-20250323-442-302-L00000000286-CCD7_5_crop3.txt,images/train/0796.jpg,labels/train/0796.txt
797,0797,02-PAN-20250323-442-302-L00000000286-CCD7_6_crop1.jpg,02-PAN-20250323-442-302-L00000000286-CCD7_6_crop1.txt,0797.jpg,0797.txt,images/train/02-PAN-20250323-442-302-L00000000286-CCD7_6_crop1.jpg,labels/train/02-PAN-20250323-442-302-L00000000286-CCD7_6_crop1.txt,images/train/0797.jpg,labels/train/0797.txt
798,0798,02-PAN-20250323-442-302-L00000000286-CCD7_6_crop2.jpg,02-PAN-20250323-442-302-L00000000286-CCD7_6_crop2.txt,0798.jpg,0798.txt,images/train/02-PAN-20250323-442-302-L00000000286-CCD7_6_crop2.jpg,labels/train/02-PAN-20250323-442-302-L00000000286-CCD7_6_crop2.txt,images/train/0798.jpg,labels/train/0798.txt
799,0799,02-PAN-20250323-442-302-L00000000286-CCD8_2_crop3.jpg,02-PAN-20250323-442-302-L00000000286-CCD8_2_crop3.txt,0799.jpg,0799.txt,images/train/02-PAN-20250323-442-302-L00000000286-CCD8_2_crop3.jpg,labels/train/02-PAN-20250323-442-302-L00000000286-CCD8_2_crop3.txt,images/train/0799.jpg,labels/train/0799.txt
800,0800,02-PAN-20250323-442-303-L00000000287-CCD6_2_crop1.jpg,02-PAN-20250323-442-303-L00000000287-CCD6_2_crop1.txt,0800.jpg,0800.txt,images/train/02-PAN-20250323-442-303-L00000000287-CCD6_2_crop1.jpg,labels/train/02-PAN-20250323-442-303-L00000000287-CCD6_2_crop1.txt,images/train/0800.jpg,labels/train/0800.txt
801,0801,02-PAN-20250323-442-303-L00000000287-CCD6_2_crop2.jpg,02-PAN-20250323-442-303-L00000000287-CCD6_2_crop2.txt,0801.jpg,0801.txt,images/train/02-PAN-20250323-442-303-L00000000287-CCD6_2_crop2.jpg,labels/train/02-PAN-20250323-442-303-L00000000287-CCD6_2_crop2.txt,images/train/0801.jpg,labels/train/0801.txt
802,0802,02-PAN-20250323-442-303-L00000000287-CCD6_2_crop3.jpg,02-PAN-20250323-442-303-L00000000287-CCD6_2_crop3.txt,0802.jpg,0802.txt,images/train/02-PAN-20250323-442-303-L00000000287-CCD6_2_crop3.jpg,labels/train/02-PAN-20250323-442-303-L00000000287-CCD6_2_crop3.txt,images/train/0802.jpg,labels/train/0802.txt
803,0803,02-PAN-20250323-442-303-L00000000287-CCD7_1_crop1.jpg,02-PAN-20250323-442-303-L00000000287-CCD7_1_crop1.txt,0803.jpg,0803.txt,images/train/02-PAN-20250323-442-303-L00000000287-CCD7_1_crop1.jpg,labels/train/02-PAN-20250323-442-303-L00000000287-CCD7_1_crop1.txt,images/train/0803.jpg,labels/train/0803.txt
804,0804,02-PAN-20250323-442-303-L00000000287-CCD7_2_crop1.jpg,02-PAN-20250323-442-303-L00000000287-CCD7_2_crop1.txt,0804.jpg,0804.txt,images/train/02-PAN-20250323-442-303-L00000000287-CCD7_2_crop1.jpg,labels/train/02-PAN-20250323-442-303-L00000000287-CCD7_2_crop1.txt,images/train/0804.jpg,labels/train/0804.txt
805,0805,02-PAN-20250324-468-372-L00000000371-CCD16_3_crop2.jpg,02-PAN-20250324-468-372-L00000000371-CCD16_3_crop2.txt,0805.jpg,0805.txt,images/train/02-PAN-20250324-468-372-L00000000371-CCD16_3_crop2.jpg,labels/train/02-PAN-20250324-468-372-L00000000371-CCD16_3_crop2.txt,images/train/0805.jpg,labels/train/0805.txt
806,0806,02-PAN-20250324-468-373-L00000000372-CCD16_2_crop1.jpg,02-PAN-20250324-468-373-L00000000372-CCD16_2_crop1.txt,0806.jpg,0806.txt,images/train/02-PAN-20250324-468-373-L00000000372-CCD16_2_crop1.jpg,labels/train/02-PAN-20250324-468-373-L00000000372-CCD16_2_crop1.txt,images/train/0806.jpg,labels/train/0806.txt
807,0807,02-PAN-20250324-468-373-L00000000372-CCD23_3_crop1.jpg,02-PAN-20250324-468-373-L00000000372-CCD23_3_crop1.txt,0807.jpg,0807.txt,images/train/02-PAN-20250324-468-373-L00000000372-CCD23_3_crop1.jpg,labels/train/02-PAN-20250324-468-373-L00000000372-CCD23_3_crop1.txt,images/train/0807.jpg,labels/train/0807.txt
808,0808,02-PAN-20250325-081-360-L00000000455-CCD15_6_crop1.jpg,02-PAN-20250325-081-360-L00000000455-CCD15_6_crop1.txt,0808.jpg,0808.txt,images/train/02-PAN-20250325-081-360-L00000000455-CCD15_6_crop1.jpg,labels/train/02-PAN-20250325-081-360-L00000000455-CCD15_6_crop1.txt,images/train/0808.jpg,labels/train/0808.txt
809,0809,02-PAN-20250325-081-360-L00000000455-CCD15_6_crop3.jpg,02-PAN-20250325-081-360-L00000000455-CCD15_6_crop3.txt,0809.jpg,0809.txt,images/train/02-PAN-20250325-081-360-L00000000455-CCD15_6_crop3.jpg,labels/train/02-PAN-20250325-081-360-L00000000455-CCD15_6_crop3.txt,images/train/0809.jpg,labels/train/0809.txt
810,0810,02-PAN-20250325-081-360-L00000000455-CCD15_6_crop4.jpg,02-PAN-20250325-081-360-L00000000455-CCD15_6_crop4.txt,0810.jpg,0810.txt,images/train/02-PAN-20250325-081-360-L00000000455-CCD15_6_crop4.jpg,labels/train/02-PAN-20250325-081-360-L00000000455-CCD15_6_crop4.txt,images/train/0810.jpg,labels/train/0810.txt
811,0811,02-PAN-20250325-081-361-L00000000456-CCD15_1_crop1.jpg,02-PAN-20250325-081-361-L00000000456-CCD15_1_crop1.txt,0811.jpg,0811.txt,images/train/02-PAN-20250325-081-361-L00000000456-CCD15_1_crop1.jpg,labels/train/02-PAN-20250325-081-361-L00000000456-CCD15_1_crop1.txt,images/train/0811.jpg,labels/train/0811.txt
812,0812,02-PAN-20250325-081-361-L00000000456-CCD15_1_crop2.jpg,02-PAN-20250325-081-361-L00000000456-CCD15_1_crop2.txt,0812.jpg,0812.txt,images/train/02-PAN-20250325-081-361-L00000000456-CCD15_1_crop2.jpg,labels/train/02-PAN-20250325-081-361-L00000000456-CCD15_1_crop2.txt,images/train/0812.jpg,labels/train/0812.txt
813,0813,02-PAN-20250325-081-361-L00000000456-CCD15_1_crop3.jpg,02-PAN-20250325-081-361-L00000000456-CCD15_1_crop3.txt,0813.jpg,0813.txt,images/train/02-PAN-20250325-081-361-L00000000456-CCD15_1_crop3.jpg,labels/train/02-PAN-20250325-081-361-L00000000456-CCD15_1_crop3.txt,images/train/0813.jpg,labels/train/0813.txt
814,0814,02-PAN-20250325-081-361-L00000000456-CCD15_3_crop1.jpg,02-PAN-20250325-081-361-L00000000456-CCD15_3_crop1.txt,0814.jpg,0814.txt,images/train/02-PAN-20250325-081-361-L00000000456-CCD15_3_crop1.jpg,labels/train/02-PAN-20250325-081-361-L00000000456-CCD15_3_crop1.txt,images/train/0814.jpg,labels/train/0814.txt
815,0815,02-PAN-20250325-081-361-L00000000456-CCD15_3_crop3.jpg,02-PAN-20250325-081-361-L00000000456-CCD15_3_crop3.txt,0815.jpg,0815.txt,images/train/02-PAN-20250325-081-361-L00000000456-CCD15_3_crop3.jpg,labels/train/02-PAN-20250325-081-361-L00000000456-CCD15_3_crop3.txt,images/train/0815.jpg,labels/train/0815.txt
816,0816,02-PAN-20250325-081-361-L00000000456-CCD15_4_crop1.jpg,02-PAN-20250325-081-361-L00000000456-CCD15_4_crop1.txt,0816.jpg,0816.txt,images/train/02-PAN-20250325-081-361-L00000000456-CCD15_4_crop1.jpg,labels/train/02-PAN-20250325-081-361-L00000000456-CCD15_4_crop1.txt,images/train/0816.jpg,labels/train/0816.txt
817,0817,02-PAN-20250325-081-361-L00000000456-CCD15_5_crop1.jpg,02-PAN-20250325-081-361-L00000000456-CCD15_5_crop1.txt,0817.jpg,0817.txt,images/train/02-PAN-20250325-081-361-L00000000456-CCD15_5_crop1.jpg,labels/train/02-PAN-20250325-081-361-L00000000456-CCD15_5_crop1.txt,images/train/0817.jpg,labels/train/0817.txt
818,0818,02-PAN-20250325-081-361-L00000000456-CCD16_4_crop2.jpg,02-PAN-20250325-081-361-L00000000456-CCD16_4_crop2.txt,0818.jpg,0818.txt,images/train/02-PAN-20250325-081-361-L00000000456-CCD16_4_crop2.jpg,labels/train/02-PAN-20250325-081-361-L00000000456-CCD16_4_crop2.txt,images/train/0818.jpg,labels/train/0818.txt
819,0819,02-PAN-20250325-081-361-L00000000456-CCD16_4_crop3.jpg,02-PAN-20250325-081-361-L00000000456-CCD16_4_crop3.txt,0819.jpg,0819.txt,images/train/02-PAN-20250325-081-361-L00000000456-CCD16_4_crop3.jpg,labels/train/02-PAN-20250325-081-361-L00000000456-CCD16_4_crop3.txt,images/train/0819.jpg,labels/train/0819.txt
820,0820,02-PAN-20250325-462-360-L00000000422-CCD12_2_crop2.jpg,02-PAN-20250325-462-360-L00000000422-CCD12_2_crop2.txt,0820.jpg,0820.txt,images/train/02-PAN-20250325-462-360-L00000000422-CCD12_2_crop2.jpg,labels/train/02-PAN-20250325-462-360-L00000000422-CCD12_2_crop2.txt,images/train/0820.jpg,labels/train/0820.txt
821,0821,02-PAN-20250325-462-360-L00000000422-CCD12_2_crop3.jpg,02-PAN-20250325-462-360-L00000000422-CCD12_2_crop3.txt,0821.jpg,0821.txt,images/train/02-PAN-20250325-462-360-L00000000422-CCD12_2_crop3.jpg,labels/train/02-PAN-20250325-462-360-L00000000422-CCD12_2_crop3.txt,images/train/0821.jpg,labels/train/0821.txt
822,0822,02-PAN-20250325-462-360-L00000000422-CCD12_2_crop4.jpg,02-PAN-20250325-462-360-L00000000422-CCD12_2_crop4.txt,0822.jpg,0822.txt,images/train/02-PAN-20250325-462-360-L00000000422-CCD12_2_crop4.jpg,labels/train/02-PAN-20250325-462-360-L00000000422-CCD12_2_crop4.txt,images/train/0822.jpg,labels/train/0822.txt
823,0823,02-PAN-20250325-462-360-L00000000422-CCD12_2_crop5.jpg,02-PAN-20250325-462-360-L00000000422-CCD12_2_crop5.txt,0823.jpg,0823.txt,images/train/02-PAN-20250325-462-360-L00000000422-CCD12_2_crop5.jpg,labels/train/02-PAN-20250325-462-360-L00000000422-CCD12_2_crop5.txt,images/train/0823.jpg,labels/train/0823.txt
824,0824,02-PAN-20250325-462-360-L00000000422-CCD12_3_crop2.jpg,02-PAN-20250325-462-360-L00000000422-CCD12_3_crop2.txt,0824.jpg,0824.txt,images/train/02-PAN-20250325-462-360-L00000000422-CCD12_3_crop2.jpg,labels/train/02-PAN-20250325-462-360-L00000000422-CCD12_3_crop2.txt,images/train/0824.jpg,labels/train/0824.txt
825,0825,02-PAN-20250325-462-360-L00000000422-CCD12_3_crop3.jpg,02-PAN-20250325-462-360-L00000000422-CCD12_3_crop3.txt,0825.jpg,0825.txt,images/train/02-PAN-20250325-462-360-L00000000422-CCD12_3_crop3.jpg,labels/train/02-PAN-20250325-462-360-L00000000422-CCD12_3_crop3.txt,images/train/0825.jpg,labels/train/0825.txt
826,0826,02-PAN-20250325-462-360-L00000000422-CCD21_4_crop2.jpg,02-PAN-20250325-462-360-L00000000422-CCD21_4_crop2.txt,0826.jpg,0826.txt,images/train/02-PAN-20250325-462-360-L00000000422-CCD21_4_crop2.jpg,labels/train/02-PAN-20250325-462-360-L00000000422-CCD21_4_crop2.txt,images/train/0826.jpg,labels/train/0826.txt
827,0827,02-PAN-20250325-462-360-L00000000422-CCD21_4_crop3.jpg,02-PAN-20250325-462-360-L00000000422-CCD21_4_crop3.txt,0827.jpg,0827.txt,images/train/02-PAN-20250325-462-360-L00000000422-CCD21_4_crop3.jpg,labels/train/02-PAN-20250325-462-360-L00000000422-CCD21_4_crop3.txt,images/train/0827.jpg,labels/train/0827.txt
828,0828,02-PAN-20250325-462-360-L00000000422-CCD22_4_crop1.jpg,02-PAN-20250325-462-360-L00000000422-CCD22_4_crop1.txt,0828.jpg,0828.txt,images/train/02-PAN-20250325-462-360-L00000000422-CCD22_4_crop1.jpg,labels/train/02-PAN-20250325-462-360-L00000000422-CCD22_4_crop1.txt,images/train/0828.jpg,labels/train/0828.txt
829,0829,02-PAN-20250326-108-335-L00000000593-CCD19_4_crop2.jpg,02-PAN-20250326-108-335-L00000000593-CCD19_4_crop2.txt,0829.jpg,0829.txt,images/train/02-PAN-20250326-108-335-L00000000593-CCD19_4_crop2.jpg,labels/train/02-PAN-20250326-108-335-L00000000593-CCD19_4_crop2.txt,images/train/0829.jpg,labels/train/0829.txt
830,0830,02-PAN-20250326-108-335-L00000000593-CCD19_5_crop1.jpg,02-PAN-20250326-108-335-L00000000593-CCD19_5_crop1.txt,0830.jpg,0830.txt,images/train/02-PAN-20250326-108-335-L00000000593-CCD19_5_crop1.jpg,labels/train/02-PAN-20250326-108-335-L00000000593-CCD19_5_crop1.txt,images/train/0830.jpg,labels/train/0830.txt
831,0831,02-PAN-20250326-108-335-L00000000593-CCD20_3_crop1.jpg,02-PAN-20250326-108-335-L00000000593-CCD20_3_crop1.txt,0831.jpg,0831.txt,images/train/02-PAN-20250326-108-335-L00000000593-CCD20_3_crop1.jpg,labels/train/02-PAN-20250326-108-335-L00000000593-CCD20_3_crop1.txt,images/train/0831.jpg,labels/train/0831.txt
832,0832,02-PAN-20250326-108-335-L00000000593-CCD20_3_crop2.jpg,02-PAN-20250326-108-335-L00000000593-CCD20_3_crop2.txt,0832.jpg,0832.txt,images/train/02-PAN-20250326-108-335-L00000000593-CCD20_3_crop2.jpg,labels/train/02-PAN-20250326-108-335-L00000000593-CCD20_3_crop2.txt,images/train/0832.jpg,labels/train/0832.txt
833,0833,02-PAN-20250326-108-335-L00000000593-CCD20_3_crop3.jpg,02-PAN-20250326-108-335-L00000000593-CCD20_3_crop3.txt,0833.jpg,0833.txt,images/train/02-PAN-20250326-108-335-L00000000593-CCD20_3_crop3.jpg,labels/train/02-PAN-20250326-108-335-L00000000593-CCD20_3_crop3.txt,images/train/0833.jpg,labels/train/0833.txt
834,0834,02-PAN-20250327-133-317-L00000000542-CCD32_4_crop1.jpg,02-PAN-20250327-133-317-L00000000542-CCD32_4_crop1.txt,0834.jpg,0834.txt,images/train/02-PAN-20250327-133-317-L00000000542-CCD32_4_crop1.jpg,labels/train/02-PAN-20250327-133-317-L00000000542-CCD32_4_crop1.txt,images/train/0834.jpg,labels/train/0834.txt
835,0835,02-PAN-20250327-133-317-L00000000542-CCD32_4_crop2.jpg,02-PAN-20250327-133-317-L00000000542-CCD32_4_crop2.txt,0835.jpg,0835.txt,images/train/02-PAN-20250327-133-317-L00000000542-CCD32_4_crop2.jpg,labels/train/02-PAN-20250327-133-317-L00000000542-CCD32_4_crop2.txt,images/train/0835.jpg,labels/train/0835.txt
836,0836,02-PAN-20250329-087-336-L00000000675-CCD18_6_crop1.jpg,02-PAN-20250329-087-336-L00000000675-CCD18_6_crop1.txt,0836.jpg,0836.txt,images/train/02-PAN-20250329-087-336-L00000000675-CCD18_6_crop1.jpg,labels/train/02-PAN-20250329-087-336-L00000000675-CCD18_6_crop1.txt,images/train/0836.jpg,labels/train/0836.txt
837,0837,02-PAN-20250329-087-337-L00000000676-CCD11_6_crop1.jpg,02-PAN-20250329-087-337-L00000000676-CCD11_6_crop1.txt,0837.jpg,0837.txt,images/train/02-PAN-20250329-087-337-L00000000676-CCD11_6_crop1.jpg,labels/train/02-PAN-20250329-087-337-L00000000676-CCD11_6_crop1.txt,images/train/0837.jpg,labels/train/0837.txt
838,0838,02-PAN-20250329-087-337-L00000000676-CCD17_1_crop1.jpg,02-PAN-20250329-087-337-L00000000676-CCD17_1_crop1.txt,0838.jpg,0838.txt,images/train/02-PAN-20250329-087-337-L00000000676-CCD17_1_crop1.jpg,labels/train/02-PAN-20250329-087-337-L00000000676-CCD17_1_crop1.txt,images/train/0838.jpg,labels/train/0838.txt
839,0839,02-PAN-20250329-087-337-L00000000676-CCD18_1_crop2.jpg,02-PAN-20250329-087-337-L00000000676-CCD18_1_crop2.txt,0839.jpg,0839.txt,images/train/02-PAN-20250329-087-337-L00000000676-CCD18_1_crop2.jpg,labels/train/02-PAN-20250329-087-337-L00000000676-CCD18_1_crop2.txt,images/train/0839.jpg,labels/train/0839.txt
840,0840,02-PAN-20250329-087-338-L00000000677-CCD10_3_crop1.jpg,02-PAN-20250329-087-338-L00000000677-CCD10_3_crop1.txt,0840.jpg,0840.txt,images/train/02-PAN-20250329-087-338-L00000000677-CCD10_3_crop1.jpg,labels/train/02-PAN-20250329-087-338-L00000000677-CCD10_3_crop1.txt,images/train/0840.jpg,labels/train/0840.txt
841,0841,02-PAN-20250329-087-338-L00000000677-CCD10_4_crop1.jpg,02-PAN-20250329-087-338-L00000000677-CCD10_4_crop1.txt,0841.jpg,0841.txt,images/train/02-PAN-20250329-087-338-L00000000677-CCD10_4_crop1.jpg,labels/train/02-PAN-20250329-087-338-L00000000677-CCD10_4_crop1.txt,images/train/0841.jpg,labels/train/0841.txt
842,0842,02-PAN-20250329-087-338-L00000000677-CCD10_4_crop2.jpg,02-PAN-20250329-087-338-L00000000677-CCD10_4_crop2.txt,0842.jpg,0842.txt,images/train/02-PAN-20250329-087-338-L00000000677-CCD10_4_crop2.jpg,labels/train/02-PAN-20250329-087-338-L00000000677-CCD10_4_crop2.txt,images/train/0842.jpg,labels/train/0842.txt
843,0843,02-PAN-20250329-087-338-L00000000677-CCD10_4_crop3.jpg,02-PAN-20250329-087-338-L00000000677-CCD10_4_crop3.txt,0843.jpg,0843.txt,images/train/02-PAN-20250329-087-338-L00000000677-CCD10_4_crop3.jpg,labels/train/02-PAN-20250329-087-338-L00000000677-CCD10_4_crop3.txt,images/train/0843.jpg,labels/train/0843.txt
844,0844,02-PAN-20250329-087-338-L00000000677-CCD11_3_crop1.jpg,02-PAN-20250329-087-338-L00000000677-CCD11_3_crop1.txt,0844.jpg,0844.txt,images/train/02-PAN-20250329-087-338-L00000000677-CCD11_3_crop1.jpg,labels/train/02-PAN-20250329-087-338-L00000000677-CCD11_3_crop1.txt,images/train/0844.jpg,labels/train/0844.txt
845,0845,02-PAN-20250329-087-338-L00000000677-CCD11_3_crop2.jpg,02-PAN-20250329-087-338-L00000000677-CCD11_3_crop2.txt,0845.jpg,0845.txt,images/train/02-PAN-20250329-087-338-L00000000677-CCD11_3_crop2.jpg,labels/train/02-PAN-20250329-087-338-L00000000677-CCD11_3_crop2.txt,images/train/0845.jpg,labels/train/0845.txt
846,0846,02-PAN-20250329-087-338-L00000000677-CCD11_3_crop3.jpg,02-PAN-20250329-087-338-L00000000677-CCD11_3_crop3.txt,0846.jpg,0846.txt,images/train/02-PAN-20250329-087-338-L00000000677-CCD11_3_crop3.jpg,labels/train/02-PAN-20250329-087-338-L00000000677-CCD11_3_crop3.txt,images/train/0846.jpg,labels/train/0846.txt
847,0847,02-PAN-20250329-087-338-L00000000677-CCD11_3_crop4.jpg,02-PAN-20250329-087-338-L00000000677-CCD11_3_crop4.txt,0847.jpg,0847.txt,images/train/02-PAN-20250329-087-338-L00000000677-CCD11_3_crop4.jpg,labels/train/02-PAN-20250329-087-338-L00000000677-CCD11_3_crop4.txt,images/train/0847.jpg,labels/train/0847.txt
848,0848,02-PAN-20250329-087-338-L00000000677-CCD11_4_crop1.jpg,02-PAN-20250329-087-338-L00000000677-CCD11_4_crop1.txt,0848.jpg,0848.txt,images/train/02-PAN-20250329-087-338-L00000000677-CCD11_4_crop1.jpg,labels/train/02-PAN-20250329-087-338-L00000000677-CCD11_4_crop1.txt,images/train/0848.jpg,labels/train/0848.txt
849,0849,02-PAN-20250329-087-338-L00000000677-CCD11_4_crop2.jpg,02-PAN-20250329-087-338-L00000000677-CCD11_4_crop2.txt,0849.jpg,0849.txt,images/train/02-PAN-20250329-087-338-L00000000677-CCD11_4_crop2.jpg,labels/train/02-PAN-20250329-087-338-L00000000677-CCD11_4_crop2.txt,images/train/0849.jpg,labels/train/0849.txt
850,0850,02-PAN-20250329-089-274-L00000000683-CCD14_4_crop1.jpg,02-PAN-20250329-089-274-L00000000683-CCD14_4_crop1.txt,0850.jpg,0850.txt,images/train/02-PAN-20250329-089-274-L00000000683-CCD14_4_crop1.jpg,labels/train/02-PAN-20250329-089-274-L00000000683-CCD14_4_crop1.txt,images/train/0850.jpg,labels/train/0850.txt
851,0851,02-PAN-20250329-212-808-L00000000701-CCD24_3_crop1.jpg,02-PAN-20250329-212-808-L00000000701-CCD24_3_crop1.txt,0851.jpg,0851.txt,images/train/02-PAN-20250329-212-808-L00000000701-CCD24_3_crop1.jpg,labels/train/02-PAN-20250329-212-808-L00000000701-CCD24_3_crop1.txt,images/train/0851.jpg,labels/train/0851.txt
852,0852,02-PAN-20250329-467-288-L00000000665-CCD10_5_crop1.jpg,02-PAN-20250329-467-288-L00000000665-CCD10_5_crop1.txt,0852.jpg,0852.txt,images/train/02-PAN-20250329-467-288-L00000000665-CCD10_5_crop1.jpg,labels/train/02-PAN-20250329-467-288-L00000000665-CCD10_5_crop1.txt,images/train/0852.jpg,labels/train/0852.txt
853,0853,02-PAN-20250329-467-288-L00000000665-CCD10_5_crop2.jpg,02-PAN-20250329-467-288-L00000000665-CCD10_5_crop2.txt,0853.jpg,0853.txt,images/train/02-PAN-20250329-467-288-L00000000665-CCD10_5_crop2.jpg,labels/train/02-PAN-20250329-467-288-L00000000665-CCD10_5_crop2.txt,images/train/0853.jpg,labels/train/0853.txt
854,0854,02-PAN-20250329-467-288-L00000000665-CCD14_3_crop1.jpg,02-PAN-20250329-467-288-L00000000665-CCD14_3_crop1.txt,0854.jpg,0854.txt,images/train/02-PAN-20250329-467-288-L00000000665-CCD14_3_crop1.jpg,labels/train/02-PAN-20250329-467-288-L00000000665-CCD14_3_crop1.txt,images/train/0854.jpg,labels/train/0854.txt
855,0855,02-PAN-20250329-467-288-L00000000665-CCD16_3_crop2.jpg,02-PAN-20250329-467-288-L00000000665-CCD16_3_crop2.txt,0855.jpg,0855.txt,images/train/02-PAN-20250329-467-288-L00000000665-CCD16_3_crop2.jpg,labels/train/02-PAN-20250329-467-288-L00000000665-CCD16_3_crop2.txt,images/train/0855.jpg,labels/train/0855.txt
856,0856,02-PAN-20250329-467-288-L00000000665-CCD19_5_crop2.jpg,02-PAN-20250329-467-288-L00000000665-CCD19_5_crop2.txt,0856.jpg,0856.txt,images/train/02-PAN-20250329-467-288-L00000000665-CCD19_5_crop2.jpg,labels/train/02-PAN-20250329-467-288-L00000000665-CCD19_5_crop2.txt,images/train/0856.jpg,labels/train/0856.txt
857,0857,02-PAN-20250329-467-290-L00000000667-CCD25_5_crop1.jpg,02-PAN-20250329-467-290-L00000000667-CCD25_5_crop1.txt,0857.jpg,0857.txt,images/train/02-PAN-20250329-467-290-L00000000667-CCD25_5_crop1.jpg,labels/train/02-PAN-20250329-467-290-L00000000667-CCD25_5_crop1.txt,images/train/0857.jpg,labels/train/0857.txt
858,0858,02-PAN-20250329-467-290-L00000000667-CCD26_5_crop1.jpg,02-PAN-20250329-467-290-L00000000667-CCD26_5_crop1.txt,0858.jpg,0858.txt,images/train/02-PAN-20250329-467-290-L00000000667-CCD26_5_crop1.jpg,labels/train/02-PAN-20250329-467-290-L00000000667-CCD26_5_crop1.txt,images/train/0858.jpg,labels/train/0858.txt
859,0859,02-PAN-20250329-467-290-L00000000667-CCD26_5_crop2.jpg,02-PAN-20250329-467-290-L00000000667-CCD26_5_crop2.txt,0859.jpg,0859.txt,images/train/02-PAN-20250329-467-290-L00000000667-CCD26_5_crop2.jpg,labels/train/02-PAN-20250329-467-290-L00000000667-CCD26_5_crop2.txt,images/train/0859.jpg,labels/train/0859.txt
860,0860,02-PAN-20250329-467-290-L00000000667-CCD27_6_crop1.jpg,02-PAN-20250329-467-290-L00000000667-CCD27_6_crop1.txt,0860.jpg,0860.txt,images/train/02-PAN-20250329-467-290-L00000000667-CCD27_6_crop1.jpg,labels/train/02-PAN-20250329-467-290-L00000000667-CCD27_6_crop1.txt,images/train/0860.jpg,labels/train/0860.txt
861,0861,02-PAN-20250330-461-282-L00000000742-CCD26_1_crop1.jpg,02-PAN-20250330-461-282-L00000000742-CCD26_1_crop1.txt,0861.jpg,0861.txt,images/train/02-PAN-20250330-461-282-L00000000742-CCD26_1_crop1.jpg,labels/train/02-PAN-20250330-461-282-L00000000742-CCD26_1_crop1.txt,images/train/0861.jpg,labels/train/0861.txt
862,0862,02-PAN-20250330-461-284-L00000000744-CCD20_1_crop1.jpg,02-PAN-20250330-461-284-L00000000744-CCD20_1_crop1.txt,0862.jpg,0862.txt,images/train/02-PAN-20250330-461-284-L00000000744-CCD20_1_crop1.jpg,labels/train/02-PAN-20250330-461-284-L00000000744-CCD20_1_crop1.txt,images/train/0862.jpg,labels/train/0862.txt
863,0863,02-PAN-20250330-461-284-L00000000744-CCD20_1_crop2.jpg,02-PAN-20250330-461-284-L00000000744-CCD20_1_crop2.txt,0863.jpg,0863.txt,images/train/02-PAN-20250330-461-284-L00000000744-CCD20_1_crop2.jpg,labels/train/02-PAN-20250330-461-284-L00000000744-CCD20_1_crop2.txt,images/train/0863.jpg,labels/train/0863.txt
864,0864,02-PAN-20250330-461-284-L00000000744-CCD20_1_crop3.jpg,02-PAN-20250330-461-284-L00000000744-CCD20_1_crop3.txt,0864.jpg,0864.txt,images/train/02-PAN-20250330-461-284-L00000000744-CCD20_1_crop3.jpg,labels/train/02-PAN-20250330-461-284-L00000000744-CCD20_1_crop3.txt,images/train/0864.jpg,labels/train/0864.txt
865,0865,02-PAN-20250330-461-284-L00000000744-CCD20_1_crop4.jpg,02-PAN-20250330-461-284-L00000000744-CCD20_1_crop4.txt,0865.jpg,0865.txt,images/train/02-PAN-20250330-461-284-L00000000744-CCD20_1_crop4.jpg,labels/train/02-PAN-20250330-461-284-L00000000744-CCD20_1_crop4.txt,images/train/0865.jpg,labels/train/0865.txt
866,0866,02-PAN-20250330-461-284-L00000000744-CCD20_1_crop6.jpg,02-PAN-20250330-461-284-L00000000744-CCD20_1_crop6.txt,0866.jpg,0866.txt,images/train/02-PAN-20250330-461-284-L00000000744-CCD20_1_crop6.jpg,labels/train/02-PAN-20250330-461-284-L00000000744-CCD20_1_crop6.txt,images/train/0866.jpg,labels/train/0866.txt
867,0867,02-PAN-20250330-461-284-L00000000744-CCD20_1_crop7.jpg,02-PAN-20250330-461-284-L00000000744-CCD20_1_crop7.txt,0867.jpg,0867.txt,images/train/02-PAN-20250330-461-284-L00000000744-CCD20_1_crop7.jpg,labels/train/02-PAN-20250330-461-284-L00000000744-CCD20_1_crop7.txt,images/train/0867.jpg,labels/train/0867.txt
868,0868,02-PAN-20250330-461-284-L00000000744-CCD23_4_crop1.jpg,02-PAN-20250330-461-284-L00000000744-CCD23_4_crop1.txt,0868.jpg,0868.txt,images/train/02-PAN-20250330-461-284-L00000000744-CCD23_4_crop1.jpg,labels/train/02-PAN-20250330-461-284-L00000000744-CCD23_4_crop1.txt,images/train/0868.jpg,labels/train/0868.txt
869,0869,02-PAN-20250330-461-284-L00000000744-CCD23_4_crop2.jpg,02-PAN-20250330-461-284-L00000000744-CCD23_4_crop2.txt,0869.jpg,0869.txt,images/train/02-PAN-20250330-461-284-L00000000744-CCD23_4_crop2.jpg,labels/train/02-PAN-20250330-461-284-L00000000744-CCD23_4_crop2.txt,images/train/0869.jpg,labels/train/0869.txt
870,0870,02-PAN-20250330-461-284-L00000000744-CCD23_4_crop3.jpg,02-PAN-20250330-461-284-L00000000744-CCD23_4_crop3.txt,0870.jpg,0870.txt,images/train/02-PAN-20250330-461-284-L00000000744-CCD23_4_crop3.jpg,labels/train/02-PAN-20250330-461-284-L00000000744-CCD23_4_crop3.txt,images/train/0870.jpg,labels/train/0870.txt
871,0871,02-PAN-20250330-461-284-L00000000744-CCD23_4_crop4.jpg,02-PAN-20250330-461-284-L00000000744-CCD23_4_crop4.txt,0871.jpg,0871.txt,images/train/02-PAN-20250330-461-284-L00000000744-CCD23_4_crop4.jpg,labels/train/02-PAN-20250330-461-284-L00000000744-CCD23_4_crop4.txt,images/train/0871.jpg,labels/train/0871.txt
872,0872,02-PAN-20250330-461-284-L00000000744-CCD23_4_crop5.jpg,02-PAN-20250330-461-284-L00000000744-CCD23_4_crop5.txt,0872.jpg,0872.txt,images/train/02-PAN-20250330-461-284-L00000000744-CCD23_4_crop5.jpg,labels/train/02-PAN-20250330-461-284-L00000000744-CCD23_4_crop5.txt,images/train/0872.jpg,labels/train/0872.txt
873,0873,02-PAN-20250330-461-284-L00000000744-CCD23_4_crop7.jpg,02-PAN-20250330-461-284-L00000000744-CCD23_4_crop7.txt,0873.jpg,0873.txt,images/train/02-PAN-20250330-461-284-L00000000744-CCD23_4_crop7.jpg,labels/train/02-PAN-20250330-461-284-L00000000744-CCD23_4_crop7.txt,images/train/0873.jpg,labels/train/0873.txt
874,0874,02-PAN-20250402-255-280-L00000001117-CCD10_4_crop3.jpg,02-PAN-20250402-255-280-L00000001117-CCD10_4_crop3.txt,0874.jpg,0874.txt,images/train/02-PAN-20250402-255-280-L00000001117-CCD10_4_crop3.jpg,labels/train/02-PAN-20250402-255-280-L00000001117-CCD10_4_crop3.txt,images/train/0874.jpg,labels/train/0874.txt
875,0875,02-PAN-20250402-255-280-L00000001117-CCD10_4_crop4.jpg,02-PAN-20250402-255-280-L00000001117-CCD10_4_crop4.txt,0875.jpg,0875.txt,images/train/02-PAN-20250402-255-280-L00000001117-CCD10_4_crop4.jpg,labels/train/02-PAN-20250402-255-280-L00000001117-CCD10_4_crop4.txt,images/train/0875.jpg,labels/train/0875.txt
876,0876,02-PAN-20250402-255-280-L00000001117-CCD10_4_crop6.jpg,02-PAN-20250402-255-280-L00000001117-CCD10_4_crop6.txt,0876.jpg,0876.txt,images/train/02-PAN-20250402-255-280-L00000001117-CCD10_4_crop6.jpg,labels/train/02-PAN-20250402-255-280-L00000001117-CCD10_4_crop6.txt,images/train/0876.jpg,labels/train/0876.txt
877,0877,02-PAN-20250402-255-354-L00000001127-CCD8_5_crop1.jpg,02-PAN-20250402-255-354-L00000001127-CCD8_5_crop1.txt,0877.jpg,0877.txt,images/train/02-PAN-20250402-255-354-L00000001127-CCD8_5_crop1.jpg,labels/train/02-PAN-20250402-255-354-L00000001127-CCD8_5_crop1.txt,images/train/0877.jpg,labels/train/0877.txt
878,0878,02-PAN-20250402-255-354-L00000001127-CCD8_5_crop3.jpg,02-PAN-20250402-255-354-L00000001127-CCD8_5_crop3.txt,0878.jpg,0878.txt,images/train/02-PAN-20250402-255-354-L00000001127-CCD8_5_crop3.jpg,labels/train/02-PAN-20250402-255-354-L00000001127-CCD8_5_crop3.txt,images/train/0878.jpg,labels/train/0878.txt
879,0879,02-PAN-20250402-255-354-L00000001127-CCD8_5_crop4.jpg,02-PAN-20250402-255-354-L00000001127-CCD8_5_crop4.txt,0879.jpg,0879.txt,images/train/02-PAN-20250402-255-354-L00000001127-CCD8_5_crop4.jpg,labels/train/02-PAN-20250402-255-354-L00000001127-CCD8_5_crop4.txt,images/train/0879.jpg,labels/train/0879.txt
880,0880,02-PAN-20250403-149-294-L00000001223-CCD16_6_crop1.jpg,02-PAN-20250403-149-294-L00000001223-CCD16_6_crop1.txt,0880.jpg,0880.txt,images/train/02-PAN-20250403-149-294-L00000001223-CCD16_6_crop1.jpg,labels/train/02-PAN-20250403-149-294-L00000001223-CCD16_6_crop1.txt,images/train/0880.jpg,labels/train/0880.txt
881,0881,02-PAN-20250403-149-294-L00000001223-CCD16_6_crop2.jpg,02-PAN-20250403-149-294-L00000001223-CCD16_6_crop2.txt,0881.jpg,0881.txt,images/train/02-PAN-20250403-149-294-L00000001223-CCD16_6_crop2.jpg,labels/train/02-PAN-20250403-149-294-L00000001223-CCD16_6_crop2.txt,images/train/0881.jpg,labels/train/0881.txt
882,0882,02-PAN-20250403-149-294-L00000001223-CCD16_6_crop3.jpg,02-PAN-20250403-149-294-L00000001223-CCD16_6_crop3.txt,0882.jpg,0882.txt,images/train/02-PAN-20250403-149-294-L00000001223-CCD16_6_crop3.jpg,labels/train/02-PAN-20250403-149-294-L00000001223-CCD16_6_crop3.txt,images/train/0882.jpg,labels/train/0882.txt
883,0883,02-PAN-20250403-149-294-L00000001223-CCD16_6_crop4.jpg,02-PAN-20250403-149-294-L00000001223-CCD16_6_crop4.txt,0883.jpg,0883.txt,images/train/02-PAN-20250403-149-294-L00000001223-CCD16_6_crop4.jpg,labels/train/02-PAN-20250403-149-294-L00000001223-CCD16_6_crop4.txt,images/train/0883.jpg,labels/train/0883.txt
884,0884,02-PAN-20250403-149-294-L00000001223-CCD16_6_crop6.jpg,02-PAN-20250403-149-294-L00000001223-CCD16_6_crop6.txt,0884.jpg,0884.txt,images/train/02-PAN-20250403-149-294-L00000001223-CCD16_6_crop6.jpg,labels/train/02-PAN-20250403-149-294-L00000001223-CCD16_6_crop6.txt,images/train/0884.jpg,labels/train/0884.txt
885,0885,02-PAN-20250403-149-294-L00000001223-CCD17_6_crop1.jpg,02-PAN-20250403-149-294-L00000001223-CCD17_6_crop1.txt,0885.jpg,0885.txt,images/train/02-PAN-20250403-149-294-L00000001223-CCD17_6_crop1.jpg,labels/train/02-PAN-20250403-149-294-L00000001223-CCD17_6_crop1.txt,images/train/0885.jpg,labels/train/0885.txt
886,0886,02-PAN-20250403-149-295-L00000001224-CCD15_2_crop1.jpg,02-PAN-20250403-149-295-L00000001224-CCD15_2_crop1.txt,0886.jpg,0886.txt,images/train/02-PAN-20250403-149-295-L00000001224-CCD15_2_crop1.jpg,labels/train/02-PAN-20250403-149-295-L00000001224-CCD15_2_crop1.txt,images/train/0886.jpg,labels/train/0886.txt
887,0887,02-PAN-20250403-149-295-L00000001224-CCD15_2_crop2.jpg,02-PAN-20250403-149-295-L00000001224-CCD15_2_crop2.txt,0887.jpg,0887.txt,images/train/02-PAN-20250403-149-295-L00000001224-CCD15_2_crop2.jpg,labels/train/02-PAN-20250403-149-295-L00000001224-CCD15_2_crop2.txt,images/train/0887.jpg,labels/train/0887.txt
888,0888,02-PAN-20250403-149-295-L00000001224-CCD15_2_crop3.jpg,02-PAN-20250403-149-295-L00000001224-CCD15_2_crop3.txt,0888.jpg,0888.txt,images/train/02-PAN-20250403-149-295-L00000001224-CCD15_2_crop3.jpg,labels/train/02-PAN-20250403-149-295-L00000001224-CCD15_2_crop3.txt,images/train/0888.jpg,labels/train/0888.txt
889,0889,02-PAN-20250403-149-295-L00000001224-CCD15_2_crop4.jpg,02-PAN-20250403-149-295-L00000001224-CCD15_2_crop4.txt,0889.jpg,0889.txt,images/train/02-PAN-20250403-149-295-L00000001224-CCD15_2_crop4.jpg,labels/train/02-PAN-20250403-149-295-L00000001224-CCD15_2_crop4.txt,images/train/0889.jpg,labels/train/0889.txt
890,0890,02-PAN-20250403-149-295-L00000001224-CCD15_2_crop5.jpg,02-PAN-20250403-149-295-L00000001224-CCD15_2_crop5.txt,0890.jpg,0890.txt,images/train/02-PAN-20250403-149-295-L00000001224-CCD15_2_crop5.jpg,labels/train/02-PAN-20250403-149-295-L00000001224-CCD15_2_crop5.txt,images/train/0890.jpg,labels/train/0890.txt
891,0891,02-PAN-20250403-149-295-L00000001224-CCD15_2_crop7.jpg,02-PAN-20250403-149-295-L00000001224-CCD15_2_crop7.txt,0891.jpg,0891.txt,images/train/02-PAN-20250403-149-295-L00000001224-CCD15_2_crop7.jpg,labels/train/02-PAN-20250403-149-295-L00000001224-CCD15_2_crop7.txt,images/train/0891.jpg,labels/train/0891.txt
892,0892,02-PAN-20250403-149-295-L00000001224-CCD16_2_crop2.jpg,02-PAN-20250403-149-295-L00000001224-CCD16_2_crop2.txt,0892.jpg,0892.txt,images/train/02-PAN-20250403-149-295-L00000001224-CCD16_2_crop2.jpg,labels/train/02-PAN-20250403-149-295-L00000001224-CCD16_2_crop2.txt,images/train/0892.jpg,labels/train/0892.txt
893,0893,02-PAN-20250403-149-295-L00000001224-CCD16_2_crop3.jpg,02-PAN-20250403-149-295-L00000001224-CCD16_2_crop3.txt,0893.jpg,0893.txt,images/train/02-PAN-20250403-149-295-L00000001224-CCD16_2_crop3.jpg,labels/train/02-PAN-20250403-149-295-L00000001224-CCD16_2_crop3.txt,images/train/0893.jpg,labels/train/0893.txt
894,0894,02-PAN-20250403-149-295-L00000001224-CCD16_2_crop4.jpg,02-PAN-20250403-149-295-L00000001224-CCD16_2_crop4.txt,0894.jpg,0894.txt,images/train/02-PAN-20250403-149-295-L00000001224-CCD16_2_crop4.jpg,labels/train/02-PAN-20250403-149-295-L00000001224-CCD16_2_crop4.txt,images/train/0894.jpg,labels/train/0894.txt
895,0895,02-PAN-20250403-149-295-L00000001224-CCD16_2_crop5.jpg,02-PAN-20250403-149-295-L00000001224-CCD16_2_crop5.txt,0895.jpg,0895.txt,images/train/02-PAN-20250403-149-295-L00000001224-CCD16_2_crop5.jpg,labels/train/02-PAN-20250403-149-295-L00000001224-CCD16_2_crop5.txt,images/train/0895.jpg,labels/train/0895.txt
896,0896,02-PAN-20250403-149-295-L00000001224-CCD16_2_crop6.jpg,02-PAN-20250403-149-295-L00000001224-CCD16_2_crop6.txt,0896.jpg,0896.txt,images/train/02-PAN-20250403-149-295-L00000001224-CCD16_2_crop6.jpg,labels/train/02-PAN-20250403-149-295-L00000001224-CCD16_2_crop6.txt,images/train/0896.jpg,labels/train/0896.txt
897,0897,02-PAN-20250403-149-295-L00000001224-CCD16_2_crop7.jpg,02-PAN-20250403-149-295-L00000001224-CCD16_2_crop7.txt,0897.jpg,0897.txt,images/train/02-PAN-20250403-149-295-L00000001224-CCD16_2_crop7.jpg,labels/train/02-PAN-20250403-149-295-L00000001224-CCD16_2_crop7.txt,images/train/0897.jpg,labels/train/0897.txt
898,0898,02-PAN-20250403-149-295-L00000001224-CCD16_2_crop8.jpg,02-PAN-20250403-149-295-L00000001224-CCD16_2_crop8.txt,0898.jpg,0898.txt,images/train/02-PAN-20250403-149-295-L00000001224-CCD16_2_crop8.jpg,labels/train/02-PAN-20250403-149-295-L00000001224-CCD16_2_crop8.txt,images/train/0898.jpg,labels/train/0898.txt
899,0899,02-PAN-20250403-149-295-L00000001224-CCD16_3_crop2.jpg,02-PAN-20250403-149-295-L00000001224-CCD16_3_crop2.txt,0899.jpg,0899.txt,images/train/02-PAN-20250403-149-295-L00000001224-CCD16_3_crop2.jpg,labels/train/02-PAN-20250403-149-295-L00000001224-CCD16_3_crop2.txt,images/train/0899.jpg,labels/train/0899.txt
900,0900,02-PAN-20250403-149-295-L00000001224-CCD16_3_crop4.jpg,02-PAN-20250403-149-295-L00000001224-CCD16_3_crop4.txt,0900.jpg,0900.txt,images/train/02-PAN-20250403-149-295-L00000001224-CCD16_3_crop4.jpg,labels/train/02-PAN-20250403-149-295-L00000001224-CCD16_3_crop4.txt,images/train/0900.jpg,labels/train/0900.txt
901,0901,02-PAN-20250403-149-295-L00000001224-CCD16_3_crop5.jpg,02-PAN-20250403-149-295-L00000001224-CCD16_3_crop5.txt,0901.jpg,0901.txt,images/train/02-PAN-20250403-149-295-L00000001224-CCD16_3_crop5.jpg,labels/train/02-PAN-20250403-149-295-L00000001224-CCD16_3_crop5.txt,images/train/0901.jpg,labels/train/0901.txt
902,0902,02-PAN-20250403-149-295-L00000001224-CCD17_1_crop1.jpg,02-PAN-20250403-149-295-L00000001224-CCD17_1_crop1.txt,0902.jpg,0902.txt,images/train/02-PAN-20250403-149-295-L00000001224-CCD17_1_crop1.jpg,labels/train/02-PAN-20250403-149-295-L00000001224-CCD17_1_crop1.txt,images/train/0902.jpg,labels/train/0902.txt
903,0903,02-PAN-20250403-209-692-L00000001219-CCD14_6_crop1.jpg,02-PAN-20250403-209-692-L00000001219-CCD14_6_crop1.txt,0903.jpg,0903.txt,images/train/02-PAN-20250403-209-692-L00000001219-CCD14_6_crop1.jpg,labels/train/02-PAN-20250403-209-692-L00000001219-CCD14_6_crop1.txt,images/train/0903.jpg,labels/train/0903.txt
904,0904,02-PAN-20250403-466-364-L00000001478-CCD18_1_crop3.jpg,02-PAN-20250403-466-364-L00000001478-CCD18_1_crop3.txt,0904.jpg,0904.txt,images/train/02-PAN-20250403-466-364-L00000001478-CCD18_1_crop3.jpg,labels/train/02-PAN-20250403-466-364-L00000001478-CCD18_1_crop3.txt,images/train/0904.jpg,labels/train/0904.txt
905,0905,02-PAN-20250403-466-364-L00000001478-CCD18_1_crop4.jpg,02-PAN-20250403-466-364-L00000001478-CCD18_1_crop4.txt,0905.jpg,0905.txt,images/train/02-PAN-20250403-466-364-L00000001478-CCD18_1_crop4.jpg,labels/train/02-PAN-20250403-466-364-L00000001478-CCD18_1_crop4.txt,images/train/0905.jpg,labels/train/0905.txt
906,0906,02-PAN-20250403-466-364-L00000001478-CCD18_1_crop5.jpg,02-PAN-20250403-466-364-L00000001478-CCD18_1_crop5.txt,0906.jpg,0906.txt,images/train/02-PAN-20250403-466-364-L00000001478-CCD18_1_crop5.jpg,labels/train/02-PAN-20250403-466-364-L00000001478-CCD18_1_crop5.txt,images/train/0906.jpg,labels/train/0906.txt
907,0907,02-PAN-20250403-466-364-L00000001478-CCD18_1_crop6.jpg,02-PAN-20250403-466-364-L00000001478-CCD18_1_crop6.txt,0907.jpg,0907.txt,images/train/02-PAN-20250403-466-364-L00000001478-CCD18_1_crop6.jpg,labels/train/02-PAN-20250403-466-364-L00000001478-CCD18_1_crop6.txt,images/train/0907.jpg,labels/train/0907.txt
908,0908,02-PAN-20250403-466-364-L00000001478-CCD18_2_crop2.jpg,02-PAN-20250403-466-364-L00000001478-CCD18_2_crop2.txt,0908.jpg,0908.txt,images/train/02-PAN-20250403-466-364-L00000001478-CCD18_2_crop2.jpg,labels/train/02-PAN-20250403-466-364-L00000001478-CCD18_2_crop2.txt,images/train/0908.jpg,labels/train/0908.txt
909,0909,02-PAN-20250403-466-364-L00000001478-CCD18_2_crop4.jpg,02-PAN-20250403-466-364-L00000001478-CCD18_2_crop4.txt,0909.jpg,0909.txt,images/train/02-PAN-20250403-466-364-L00000001478-CCD18_2_crop4.jpg,labels/train/02-PAN-20250403-466-364-L00000001478-CCD18_2_crop4.txt,images/train/0909.jpg,labels/train/0909.txt
910,0910,02-PAN-20250403-466-364-L00000001478-CCD18_3_crop2.jpg,02-PAN-20250403-466-364-L00000001478-CCD18_3_crop2.txt,0910.jpg,0910.txt,images/train/02-PAN-20250403-466-364-L00000001478-CCD18_3_crop2.jpg,labels/train/02-PAN-20250403-466-364-L00000001478-CCD18_3_crop2.txt,images/train/0910.jpg,labels/train/0910.txt
911,0911,02-PAN-20250403-466-364-L00000001478-CCD18_3_crop3.jpg,02-PAN-20250403-466-364-L00000001478-CCD18_3_crop3.txt,0911.jpg,0911.txt,images/train/02-PAN-20250403-466-364-L00000001478-CCD18_3_crop3.jpg,labels/train/02-PAN-20250403-466-364-L00000001478-CCD18_3_crop3.txt,images/train/0911.jpg,labels/train/0911.txt
912,0912,02-PAN-20250403-466-364-L00000001478-CCD18_3_crop4.jpg,02-PAN-20250403-466-364-L00000001478-CCD18_3_crop4.txt,0912.jpg,0912.txt,images/train/02-PAN-20250403-466-364-L00000001478-CCD18_3_crop4.jpg,labels/train/02-PAN-20250403-466-364-L00000001478-CCD18_3_crop4.txt,images/train/0912.jpg,labels/train/0912.txt
913,0913,02-PAN-20250403-466-364-L00000001478-CCD18_3_crop5.jpg,02-PAN-20250403-466-364-L00000001478-CCD18_3_crop5.txt,0913.jpg,0913.txt,images/train/02-PAN-20250403-466-364-L00000001478-CCD18_3_crop5.jpg,labels/train/02-PAN-20250403-466-364-L00000001478-CCD18_3_crop5.txt,images/train/0913.jpg,labels/train/0913.txt
914,0914,02-PAN-20250403-466-364-L00000001478-CCD18_3_crop6.jpg,02-PAN-20250403-466-364-L00000001478-CCD18_3_crop6.txt,0914.jpg,0914.txt,images/train/02-PAN-20250403-466-364-L00000001478-CCD18_3_crop6.jpg,labels/train/02-PAN-20250403-466-364-L00000001478-CCD18_3_crop6.txt,images/train/0914.jpg,labels/train/0914.txt
915,0915,02-PAN-20250403-466-364-L00000001478-CCD18_3_crop7.jpg,02-PAN-20250403-466-364-L00000001478-CCD18_3_crop7.txt,0915.jpg,0915.txt,images/train/02-PAN-20250403-466-364-L00000001478-CCD18_3_crop7.jpg,labels/train/02-PAN-20250403-466-364-L00000001478-CCD18_3_crop7.txt,images/train/0915.jpg,labels/train/0915.txt
916,0916,02-PAN-20250403-466-364-L00000001478-CCD18_4_crop1.jpg,02-PAN-20250403-466-364-L00000001478-CCD18_4_crop1.txt,0916.jpg,0916.txt,images/train/02-PAN-20250403-466-364-L00000001478-CCD18_4_crop1.jpg,labels/train/02-PAN-20250403-466-364-L00000001478-CCD18_4_crop1.txt,images/train/0916.jpg,labels/train/0916.txt
917,0917,02-PAN-20250403-466-364-L00000001478-CCD18_4_crop2.jpg,02-PAN-20250403-466-364-L00000001478-CCD18_4_crop2.txt,0917.jpg,0917.txt,images/train/02-PAN-20250403-466-364-L00000001478-CCD18_4_crop2.jpg,labels/train/02-PAN-20250403-466-364-L00000001478-CCD18_4_crop2.txt,images/train/0917.jpg,labels/train/0917.txt
918,0918,02-PAN-20250403-466-364-L00000001478-CCD18_4_crop3.jpg,02-PAN-20250403-466-364-L00000001478-CCD18_4_crop3.txt,0918.jpg,0918.txt,images/train/02-PAN-20250403-466-364-L00000001478-CCD18_4_crop3.jpg,labels/train/02-PAN-20250403-466-364-L00000001478-CCD18_4_crop3.txt,images/train/0918.jpg,labels/train/0918.txt
919,0919,02-PAN-20250403-466-364-L00000001478-CCD18_4_crop4.jpg,02-PAN-20250403-466-364-L00000001478-CCD18_4_crop4.txt,0919.jpg,0919.txt,images/train/02-PAN-20250403-466-364-L00000001478-CCD18_4_crop4.jpg,labels/train/02-PAN-20250403-466-364-L00000001478-CCD18_4_crop4.txt,images/train/0919.jpg,labels/train/0919.txt
920,0920,02-PAN-20250403-466-364-L00000001478-CCD18_4_crop5.jpg,02-PAN-20250403-466-364-L00000001478-CCD18_4_crop5.txt,0920.jpg,0920.txt,images/train/02-PAN-20250403-466-364-L00000001478-CCD18_4_crop5.jpg,labels/train/02-PAN-20250403-466-364-L00000001478-CCD18_4_crop5.txt,images/train/0920.jpg,labels/train/0920.txt
921,0921,02-PAN-20250403-466-364-L00000001478-CCD18_4_crop7.jpg,02-PAN-20250403-466-364-L00000001478-CCD18_4_crop7.txt,0921.jpg,0921.txt,images/train/02-PAN-20250403-466-364-L00000001478-CCD18_4_crop7.jpg,labels/train/02-PAN-20250403-466-364-L00000001478-CCD18_4_crop7.txt,images/train/0921.jpg,labels/train/0921.txt
922,0922,02-PAN-20250405-013-428-L00000001337-CCD28_3_crop1.jpg,02-PAN-20250405-013-428-L00000001337-CCD28_3_crop1.txt,0922.jpg,0922.txt,images/train/02-PAN-20250405-013-428-L00000001337-CCD28_3_crop1.jpg,labels/train/02-PAN-20250405-013-428-L00000001337-CCD28_3_crop1.txt,images/train/0922.jpg,labels/train/0922.txt
923,0923,02-PAN-20250405-013-428-L00000001337-CCD28_3_crop2.jpg,02-PAN-20250405-013-428-L00000001337-CCD28_3_crop2.txt,0923.jpg,0923.txt,images/train/02-PAN-20250405-013-428-L00000001337-CCD28_3_crop2.jpg,labels/train/02-PAN-20250405-013-428-L00000001337-CCD28_3_crop2.txt,images/train/0923.jpg,labels/train/0923.txt
924,0924,02-PAN-20250405-013-428-L00000001337-CCD28_3_crop3.jpg,02-PAN-20250405-013-428-L00000001337-CCD28_3_crop3.txt,0924.jpg,0924.txt,images/train/02-PAN-20250405-013-428-L00000001337-CCD28_3_crop3.jpg,labels/train/02-PAN-20250405-013-428-L00000001337-CCD28_3_crop3.txt,images/train/0924.jpg,labels/train/0924.txt
925,0925,02-PAN-20250405-013-428-L00000001337-CCD28_3_crop4.jpg,02-PAN-20250405-013-428-L00000001337-CCD28_3_crop4.txt,0925.jpg,0925.txt,images/train/02-PAN-20250405-013-428-L00000001337-CCD28_3_crop4.jpg,labels/train/02-PAN-20250405-013-428-L00000001337-CCD28_3_crop4.txt,images/train/0925.jpg,labels/train/0925.txt
926,0926,02-PAN-20250405-013-428-L00000001337-CCD28_3_crop5.jpg,02-PAN-20250405-013-428-L00000001337-CCD28_3_crop5.txt,0926.jpg,0926.txt,images/train/02-PAN-20250405-013-428-L00000001337-CCD28_3_crop5.jpg,labels/train/02-PAN-20250405-013-428-L00000001337-CCD28_3_crop5.txt,images/train/0926.jpg,labels/train/0926.txt
927,0927,02-PAN-20250405-013-428-L00000001337-CCD28_3_crop6.jpg,02-PAN-20250405-013-428-L00000001337-CCD28_3_crop6.txt,0927.jpg,0927.txt,images/train/02-PAN-20250405-013-428-L00000001337-CCD28_3_crop6.jpg,labels/train/02-PAN-20250405-013-428-L00000001337-CCD28_3_crop6.txt,images/train/0927.jpg,labels/train/0927.txt
928,0928,02-PAN-20250405-013-428-L00000001337-CCD28_6_crop1.jpg,02-PAN-20250405-013-428-L00000001337-CCD28_6_crop1.txt,0928.jpg,0928.txt,images/train/02-PAN-20250405-013-428-L00000001337-CCD28_6_crop1.jpg,labels/train/02-PAN-20250405-013-428-L00000001337-CCD28_6_crop1.txt,images/train/0928.jpg,labels/train/0928.txt
929,0929,02-PAN-20250405-013-428-L00000001337-CCD28_6_crop2.jpg,02-PAN-20250405-013-428-L00000001337-CCD28_6_crop2.txt,0929.jpg,0929.txt,images/train/02-PAN-20250405-013-428-L00000001337-CCD28_6_crop2.jpg,labels/train/02-PAN-20250405-013-428-L00000001337-CCD28_6_crop2.txt,images/train/0929.jpg,labels/train/0929.txt
930,0930,02-PAN-20250405-013-428-L00000001337-CCD29_1_crop1.jpg,02-PAN-20250405-013-428-L00000001337-CCD29_1_crop1.txt,0930.jpg,0930.txt,images/train/02-PAN-20250405-013-428-L00000001337-CCD29_1_crop1.jpg,labels/train/02-PAN-20250405-013-428-L00000001337-CCD29_1_crop1.txt,images/train/0930.jpg,labels/train/0930.txt
931,0931,02-PAN-20250405-013-428-L00000001337-CCD29_1_crop11.jpg,02-PAN-20250405-013-428-L00000001337-CCD29_1_crop11.txt,0931.jpg,0931.txt,images/train/02-PAN-20250405-013-428-L00000001337-CCD29_1_crop11.jpg,labels/train/02-PAN-20250405-013-428-L00000001337-CCD29_1_crop11.txt,images/train/0931.jpg,labels/train/0931.txt
932,0932,02-PAN-20250405-013-428-L00000001337-CCD29_1_crop2.jpg,02-PAN-20250405-013-428-L00000001337-CCD29_1_crop2.txt,0932.jpg,0932.txt,images/train/02-PAN-20250405-013-428-L00000001337-CCD29_1_crop2.jpg,labels/train/02-PAN-20250405-013-428-L00000001337-CCD29_1_crop2.txt,images/train/0932.jpg,labels/train/0932.txt
933,0933,02-PAN-20250405-013-428-L00000001337-CCD29_1_crop3.jpg,02-PAN-20250405-013-428-L00000001337-CCD29_1_crop3.txt,0933.jpg,0933.txt,images/train/02-PAN-20250405-013-428-L00000001337-CCD29_1_crop3.jpg,labels/train/02-PAN-20250405-013-428-L00000001337-CCD29_1_crop3.txt,images/train/0933.jpg,labels/train/0933.txt
934,0934,02-PAN-20250405-013-428-L00000001337-CCD29_1_crop5.jpg,02-PAN-20250405-013-428-L00000001337-CCD29_1_crop5.txt,0934.jpg,0934.txt,images/train/02-PAN-20250405-013-428-L00000001337-CCD29_1_crop5.jpg,labels/train/02-PAN-20250405-013-428-L00000001337-CCD29_1_crop5.txt,images/train/0934.jpg,labels/train/0934.txt
935,0935,02-PAN-20250405-013-428-L00000001337-CCD29_1_crop6.jpg,02-PAN-20250405-013-428-L00000001337-CCD29_1_crop6.txt,0935.jpg,0935.txt,images/train/02-PAN-20250405-013-428-L00000001337-CCD29_1_crop6.jpg,labels/train/02-PAN-20250405-013-428-L00000001337-CCD29_1_crop6.txt,images/train/0935.jpg,labels/train/0935.txt
936,0936,02-PAN-20250405-013-428-L00000001337-CCD29_1_crop8.jpg,02-PAN-20250405-013-428-L00000001337-CCD29_1_crop8.txt,0936.jpg,0936.txt,images/train/02-PAN-20250405-013-428-L00000001337-CCD29_1_crop8.jpg,labels/train/02-PAN-20250405-013-428-L00000001337-CCD29_1_crop8.txt,images/train/0936.jpg,labels/train/0936.txt
937,0937,02-PAN-20250405-013-428-L00000001337-CCD29_1_crop9.jpg,02-PAN-20250405-013-428-L00000001337-CCD29_1_crop9.txt,0937.jpg,0937.txt,images/train/02-PAN-20250405-013-428-L00000001337-CCD29_1_crop9.jpg,labels/train/02-PAN-20250405-013-428-L00000001337-CCD29_1_crop9.txt,images/train/0937.jpg,labels/train/0937.txt
938,0938,02-PAN-20250405-013-428-L00000001337-CCD29_3_crop1.jpg,02-PAN-20250405-013-428-L00000001337-CCD29_3_crop1.txt,0938.jpg,0938.txt,images/train/02-PAN-20250405-013-428-L00000001337-CCD29_3_crop1.jpg,labels/train/02-PAN-20250405-013-428-L00000001337-CCD29_3_crop1.txt,images/train/0938.jpg,labels/train/0938.txt
939,0939,02-PAN-20250405-013-428-L00000001337-CCD29_3_crop3.jpg,02-PAN-20250405-013-428-L00000001337-CCD29_3_crop3.txt,0939.jpg,0939.txt,images/train/02-PAN-20250405-013-428-L00000001337-CCD29_3_crop3.jpg,labels/train/02-PAN-20250405-013-428-L00000001337-CCD29_3_crop3.txt,images/train/0939.jpg,labels/train/0939.txt
940,0940,02-PAN-20250405-013-428-L00000001337-CCD29_3_crop4.jpg,02-PAN-20250405-013-428-L00000001337-CCD29_3_crop4.txt,0940.jpg,0940.txt,images/train/02-PAN-20250405-013-428-L00000001337-CCD29_3_crop4.jpg,labels/train/02-PAN-20250405-013-428-L00000001337-CCD29_3_crop4.txt,images/train/0940.jpg,labels/train/0940.txt
941,0941,02-PAN-20250405-013-428-L00000001337-CCD29_3_crop5.jpg,02-PAN-20250405-013-428-L00000001337-CCD29_3_crop5.txt,0941.jpg,0941.txt,images/train/02-PAN-20250405-013-428-L00000001337-CCD29_3_crop5.jpg,labels/train/02-PAN-20250405-013-428-L00000001337-CCD29_3_crop5.txt,images/train/0941.jpg,labels/train/0941.txt
942,0942,02-PAN-20250405-013-428-L00000001337-CCD29_3_crop6.jpg,02-PAN-20250405-013-428-L00000001337-CCD29_3_crop6.txt,0942.jpg,0942.txt,images/train/02-PAN-20250405-013-428-L00000001337-CCD29_3_crop6.jpg,labels/train/02-PAN-20250405-013-428-L00000001337-CCD29_3_crop6.txt,images/train/0942.jpg,labels/train/0942.txt
943,0943,02-PAN-20250405-013-428-L00000001337-CCD29_3_crop7.jpg,02-PAN-20250405-013-428-L00000001337-CCD29_3_crop7.txt,0943.jpg,0943.txt,images/train/02-PAN-20250405-013-428-L00000001337-CCD29_3_crop7.jpg,labels/train/02-PAN-20250405-013-428-L00000001337-CCD29_3_crop7.txt,images/train/0943.jpg,labels/train/0943.txt
944,0944,02-PAN-20250405-013-430-L00000001339-CCD20_2_crop2.jpg,02-PAN-20250405-013-430-L00000001339-CCD20_2_crop2.txt,0944.jpg,0944.txt,images/train/02-PAN-20250405-013-430-L00000001339-CCD20_2_crop2.jpg,labels/train/02-PAN-20250405-013-430-L00000001339-CCD20_2_crop2.txt,images/train/0944.jpg,labels/train/0944.txt
945,0945,02-PAN-20250405-013-430-L00000001339-CCD20_3_crop1.jpg,02-PAN-20250405-013-430-L00000001339-CCD20_3_crop1.txt,0945.jpg,0945.txt,images/train/02-PAN-20250405-013-430-L00000001339-CCD20_3_crop1.jpg,labels/train/02-PAN-20250405-013-430-L00000001339-CCD20_3_crop1.txt,images/train/0945.jpg,labels/train/0945.txt
946,0946,02-PAN-20250405-013-430-L00000001339-CCD26_4_crop1.jpg,02-PAN-20250405-013-430-L00000001339-CCD26_4_crop1.txt,0946.jpg,0946.txt,images/train/02-PAN-20250405-013-430-L00000001339-CCD26_4_crop1.jpg,labels/train/02-PAN-20250405-013-430-L00000001339-CCD26_4_crop1.txt,images/train/0946.jpg,labels/train/0946.txt
947,0947,02-PAN-20250405-013-430-L00000001339-CCD26_4_crop2.jpg,02-PAN-20250405-013-430-L00000001339-CCD26_4_crop2.txt,0947.jpg,0947.txt,images/train/02-PAN-20250405-013-430-L00000001339-CCD26_4_crop2.jpg,labels/train/02-PAN-20250405-013-430-L00000001339-CCD26_4_crop2.txt,images/train/0947.jpg,labels/train/0947.txt
948,0948,02-PAN-20250405-013-430-L00000001339-CCD26_4_crop3.jpg,02-PAN-20250405-013-430-L00000001339-CCD26_4_crop3.txt,0948.jpg,0948.txt,images/train/02-PAN-20250405-013-430-L00000001339-CCD26_4_crop3.jpg,labels/train/02-PAN-20250405-013-430-L00000001339-CCD26_4_crop3.txt,images/train/0948.jpg,labels/train/0948.txt
949,0949,02-PAN-20250414-140-169-L00000002665-CCD14_1_crop1.jpg,02-PAN-20250414-140-169-L00000002665-CCD14_1_crop1.txt,0949.jpg,0949.txt,images/train/02-PAN-20250414-140-169-L00000002665-CCD14_1_crop1.jpg,labels/train/02-PAN-20250414-140-169-L00000002665-CCD14_1_crop1.txt,images/train/0949.jpg,labels/train/0949.txt
950,0950,02-PAN-20250414-140-169-L00000002665-CCD22_1_crop1.jpg,02-PAN-20250414-140-169-L00000002665-CCD22_1_crop1.txt,0950.jpg,0950.txt,images/train/02-PAN-20250414-140-169-L00000002665-CCD22_1_crop1.jpg,labels/train/02-PAN-20250414-140-169-L00000002665-CCD22_1_crop1.txt,images/train/0950.jpg,labels/train/0950.txt
951,0951,02-PAN-20250414-140-169-L00000002665-CCD23_6_crop1.jpg,02-PAN-20250414-140-169-L00000002665-CCD23_6_crop1.txt,0951.jpg,0951.txt,images/train/02-PAN-20250414-140-169-L00000002665-CCD23_6_crop1.jpg,labels/train/02-PAN-20250414-140-169-L00000002665-CCD23_6_crop1.txt,images/train/0951.jpg,labels/train/0951.txt
952,0952,02-PAN-20250414-140-170-L00000002666-CCD8_5_crop1.jpg,02-PAN-20250414-140-170-L00000002666-CCD8_5_crop1.txt,0952.jpg,0952.txt,images/train/02-PAN-20250414-140-170-L00000002666-CCD8_5_crop1.jpg,labels/train/02-PAN-20250414-140-170-L00000002666-CCD8_5_crop1.txt,images/train/0952.jpg,labels/train/0952.txt
953,0953,02-PAN-20250414-201-668-L00000002680-CCD19_2_crop1.jpg,02-PAN-20250414-201-668-L00000002680-CCD19_2_crop1.txt,0953.jpg,0953.txt,images/train/02-PAN-20250414-201-668-L00000002680-CCD19_2_crop1.jpg,labels/train/02-PAN-20250414-201-668-L00000002680-CCD19_2_crop1.txt,images/train/0953.jpg,labels/train/0953.txt
954,0954,02-PAN-20250414-201-668-L00000002680-CCD20_5_crop2.jpg,02-PAN-20250414-201-668-L00000002680-CCD20_5_crop2.txt,0954.jpg,0954.txt,images/train/02-PAN-20250414-201-668-L00000002680-CCD20_5_crop2.jpg,labels/train/02-PAN-20250414-201-668-L00000002680-CCD20_5_crop2.txt,images/train/0954.jpg,labels/train/0954.txt
955,0955,02-PAN-20250414-201-668-L00000002680-CCD20_5_crop3.jpg,02-PAN-20250414-201-668-L00000002680-CCD20_5_crop3.txt,0955.jpg,0955.txt,images/train/02-PAN-20250414-201-668-L00000002680-CCD20_5_crop3.jpg,labels/train/02-PAN-20250414-201-668-L00000002680-CCD20_5_crop3.txt,images/train/0955.jpg,labels/train/0955.txt
956,0956,02-PAN-20250414-201-668-L00000002680-CCD29_2_crop1.jpg,02-PAN-20250414-201-668-L00000002680-CCD29_2_crop1.txt,0956.jpg,0956.txt,images/train/02-PAN-20250414-201-668-L00000002680-CCD29_2_crop1.jpg,labels/train/02-PAN-20250414-201-668-L00000002680-CCD29_2_crop1.txt,images/train/0956.jpg,labels/train/0956.txt
957,0957,02-PAN-20250414-201-668-L00000002680-CCD29_2_crop2.jpg,02-PAN-20250414-201-668-L00000002680-CCD29_2_crop2.txt,0957.jpg,0957.txt,images/train/02-PAN-20250414-201-668-L00000002680-CCD29_2_crop2.jpg,labels/train/02-PAN-20250414-201-668-L00000002680-CCD29_2_crop2.txt,images/train/0957.jpg,labels/train/0957.txt
958,0958,02-PAN-20250414-201-668-L00000002680-CCD29_2_crop3.jpg,02-PAN-20250414-201-668-L00000002680-CCD29_2_crop3.txt,0958.jpg,0958.txt,images/train/02-PAN-20250414-201-668-L00000002680-CCD29_2_crop3.jpg,labels/train/02-PAN-20250414-201-668-L00000002680-CCD29_2_crop3.txt,images/train/0958.jpg,labels/train/0958.txt
959,0959,02-PAN-20250414-201-669-L00000002681-CCD20_1_crop1.jpg,02-PAN-20250414-201-669-L00000002681-CCD20_1_crop1.txt,0959.jpg,0959.txt,images/train/02-PAN-20250414-201-669-L00000002681-CCD20_1_crop1.jpg,labels/train/02-PAN-20250414-201-669-L00000002681-CCD20_1_crop1.txt,images/train/0959.jpg,labels/train/0959.txt
960,0960,02-PAN-20250414-201-669-L00000002681-CCD20_1_crop2.jpg,02-PAN-20250414-201-669-L00000002681-CCD20_1_crop2.txt,0960.jpg,0960.txt,images/train/02-PAN-20250414-201-669-L00000002681-CCD20_1_crop2.jpg,labels/train/02-PAN-20250414-201-669-L00000002681-CCD20_1_crop2.txt,images/train/0960.jpg,labels/train/0960.txt
961,0961,02-PAN-20250414-201-674-L00000002686-CCD14_6_crop1.jpg,02-PAN-20250414-201-674-L00000002686-CCD14_6_crop1.txt,0961.jpg,0961.txt,images/train/02-PAN-20250414-201-674-L00000002686-CCD14_6_crop1.jpg,labels/train/02-PAN-20250414-201-674-L00000002686-CCD14_6_crop1.txt,images/train/0961.jpg,labels/train/0961.txt
962,0962,02-PAN-20250415-449-299-L00000002688-CCD28_4_crop1.jpg,02-PAN-20250415-449-299-L00000002688-CCD28_4_crop1.txt,0962.jpg,0962.txt,images/train/02-PAN-20250415-449-299-L00000002688-CCD28_4_crop1.jpg,labels/train/02-PAN-20250415-449-299-L00000002688-CCD28_4_crop1.txt,images/train/0962.jpg,labels/train/0962.txt
963,0963,02-PAN-20250415-449-299-L00000002688-CCD30_3_crop1.jpg,02-PAN-20250415-449-299-L00000002688-CCD30_3_crop1.txt,0963.jpg,0963.txt,images/train/02-PAN-20250415-449-299-L00000002688-CCD30_3_crop1.jpg,labels/train/02-PAN-20250415-449-299-L00000002688-CCD30_3_crop1.txt,images/train/0963.jpg,labels/train/0963.txt
964,0964,02-PAN-20250415-449-300-L00000002689-CCD26_4_crop1.jpg,02-PAN-20250415-449-300-L00000002689-CCD26_4_crop1.txt,0964.jpg,0964.txt,images/train/02-PAN-20250415-449-300-L00000002689-CCD26_4_crop1.jpg,labels/train/02-PAN-20250415-449-300-L00000002689-CCD26_4_crop1.txt,images/train/0964.jpg,labels/train/0964.txt
965,0965,02-PAN-20250415-449-300-L00000002689-CCD28_1_crop1.jpg,02-PAN-20250415-449-300-L00000002689-CCD28_1_crop1.txt,0965.jpg,0965.txt,images/train/02-PAN-20250415-449-300-L00000002689-CCD28_1_crop1.jpg,labels/train/02-PAN-20250415-449-300-L00000002689-CCD28_1_crop1.txt,images/train/0965.jpg,labels/train/0965.txt
966,0966,02-PAN-20250415-449-307-L00000002696-CCD11_6_crop2.jpg,02-PAN-20250415-449-307-L00000002696-CCD11_6_crop2.txt,0966.jpg,0966.txt,images/train/02-PAN-20250415-449-307-L00000002696-CCD11_6_crop2.jpg,labels/train/02-PAN-20250415-449-307-L00000002696-CCD11_6_crop2.txt,images/train/0966.jpg,labels/train/0966.txt
967,0967,02-PAN-20250415-449-307-L00000002696-CCD11_6_crop3.jpg,02-PAN-20250415-449-307-L00000002696-CCD11_6_crop3.txt,0967.jpg,0967.txt,images/train/02-PAN-20250415-449-307-L00000002696-CCD11_6_crop3.jpg,labels/train/02-PAN-20250415-449-307-L00000002696-CCD11_6_crop3.txt,images/train/0967.jpg,labels/train/0967.txt
968,0968,02-PAN-20250415-449-307-L00000002696-CCD6_5_crop1.jpg,02-PAN-20250415-449-307-L00000002696-CCD6_5_crop1.txt,0968.jpg,0968.txt,images/train/02-PAN-20250415-449-307-L00000002696-CCD6_5_crop1.jpg,labels/train/02-PAN-20250415-449-307-L00000002696-CCD6_5_crop1.txt,images/train/0968.jpg,labels/train/0968.txt
969,0969,02-PAN-20250415-449-307-L00000002696-CCD7_5_crop1.jpg,02-PAN-20250415-449-307-L00000002696-CCD7_5_crop1.txt,0969.jpg,0969.txt,images/train/02-PAN-20250415-449-307-L00000002696-CCD7_5_crop1.jpg,labels/train/02-PAN-20250415-449-307-L00000002696-CCD7_5_crop1.txt,images/train/0969.jpg,labels/train/0969.txt
970,0970,02-PAN-20250415-449-307-L00000002696-CCD7_5_crop2.jpg,02-PAN-20250415-449-307-L00000002696-CCD7_5_crop2.txt,0970.jpg,0970.txt,images/train/02-PAN-20250415-449-307-L00000002696-CCD7_5_crop2.jpg,labels/train/02-PAN-20250415-449-307-L00000002696-CCD7_5_crop2.txt,images/train/0970.jpg,labels/train/0970.txt
971,0971,02-PAN-20250415-449-308-L00000002697-CCD11_1_crop1.jpg,02-PAN-20250415-449-308-L00000002697-CCD11_1_crop1.txt,0971.jpg,0971.txt,images/train/02-PAN-20250415-449-308-L00000002697-CCD11_1_crop1.jpg,labels/train/02-PAN-20250415-449-308-L00000002697-CCD11_1_crop1.txt,images/train/0971.jpg,labels/train/0971.txt
972,0972,02-PAN-20250415-449-308-L00000002697-CCD11_1_crop2.jpg,02-PAN-20250415-449-308-L00000002697-CCD11_1_crop2.txt,0972.jpg,0972.txt,images/train/02-PAN-20250415-449-308-L00000002697-CCD11_1_crop2.jpg,labels/train/02-PAN-20250415-449-308-L00000002697-CCD11_1_crop2.txt,images/train/0972.jpg,labels/train/0972.txt
973,0973,02-PAN-20250415-449-309-L00000002698-CCD29_6_crop1.jpg,02-PAN-20250415-449-309-L00000002698-CCD29_6_crop1.txt,0973.jpg,0973.txt,images/train/02-PAN-20250415-449-309-L00000002698-CCD29_6_crop1.jpg,labels/train/02-PAN-20250415-449-309-L00000002698-CCD29_6_crop1.txt,images/train/0973.jpg,labels/train/0973.txt
974,0974,02-PAN-20250415-449-310-L00000002699-CCD12_4_crop1.jpg,02-PAN-20250415-449-310-L00000002699-CCD12_4_crop1.txt,0974.jpg,0974.txt,images/train/02-PAN-20250415-449-310-L00000002699-CCD12_4_crop1.jpg,labels/train/02-PAN-20250415-449-310-L00000002699-CCD12_4_crop1.txt,images/train/0974.jpg,labels/train/0974.txt
975,0975,02-PAN-20250415-449-310-L00000002699-CCD30_1_crop1.jpg,02-PAN-20250415-449-310-L00000002699-CCD30_1_crop1.txt,0975.jpg,0975.txt,images/train/02-PAN-20250415-449-310-L00000002699-CCD30_1_crop1.jpg,labels/train/02-PAN-20250415-449-310-L00000002699-CCD30_1_crop1.txt,images/train/0975.jpg,labels/train/0975.txt
976,0976,02-PAN-20250415-449-310-L00000002699-CCD31_5_crop1.jpg,02-PAN-20250415-449-310-L00000002699-CCD31_5_crop1.txt,0976.jpg,0976.txt,images/train/02-PAN-20250415-449-310-L00000002699-CCD31_5_crop1.jpg,labels/train/02-PAN-20250415-449-310-L00000002699-CCD31_5_crop1.txt,images/train/0976.jpg,labels/train/0976.txt
977,0977,02-PAN-20250415-449-311-L00000002700-CCD24_6_crop2.jpg,02-PAN-20250415-449-311-L00000002700-CCD24_6_crop2.txt,0977.jpg,0977.txt,images/train/02-PAN-20250415-449-311-L00000002700-CCD24_6_crop2.jpg,labels/train/02-PAN-20250415-449-311-L00000002700-CCD24_6_crop2.txt,images/train/0977.jpg,labels/train/0977.txt
978,0978,02-PAN-20250415-449-311-L00000002700-CCD24_6_crop4.jpg,02-PAN-20250415-449-311-L00000002700-CCD24_6_crop4.txt,0978.jpg,0978.txt,images/train/02-PAN-20250415-449-311-L00000002700-CCD24_6_crop4.jpg,labels/train/02-PAN-20250415-449-311-L00000002700-CCD24_6_crop4.txt,images/train/0978.jpg,labels/train/0978.txt
979,0979,02-PAN-20250415-449-311-L00000002700-CCD25_6_crop1.jpg,02-PAN-20250415-449-311-L00000002700-CCD25_6_crop1.txt,0979.jpg,0979.txt,images/train/02-PAN-20250415-449-311-L00000002700-CCD25_6_crop1.jpg,labels/train/02-PAN-20250415-449-311-L00000002700-CCD25_6_crop1.txt,images/train/0979.jpg,labels/train/0979.txt
980,0980,02-PAN-20250415-449-311-L00000002700-CCD25_6_crop2.jpg,02-PAN-20250415-449-311-L00000002700-CCD25_6_crop2.txt,0980.jpg,0980.txt,images/train/02-PAN-20250415-449-311-L00000002700-CCD25_6_crop2.jpg,labels/train/02-PAN-20250415-449-311-L00000002700-CCD25_6_crop2.txt,images/train/0980.jpg,labels/train/0980.txt
981,0981,02-PAN-20250415-449-311-L00000002700-CCD25_6_crop3.jpg,02-PAN-20250415-449-311-L00000002700-CCD25_6_crop3.txt,0981.jpg,0981.txt,images/train/02-PAN-20250415-449-311-L00000002700-CCD25_6_crop3.jpg,labels/train/02-PAN-20250415-449-311-L00000002700-CCD25_6_crop3.txt,images/train/0981.jpg,labels/train/0981.txt
982,0982,02-PAN-20250415-449-312-L00000002701-CCD24_1_crop1.jpg,02-PAN-20250415-449-312-L00000002701-CCD24_1_crop1.txt,0982.jpg,0982.txt,images/train/02-PAN-20250415-449-312-L00000002701-CCD24_1_crop1.jpg,labels/train/02-PAN-20250415-449-312-L00000002701-CCD24_1_crop1.txt,images/train/0982.jpg,labels/train/0982.txt
983,0983,02-PAN-20250415-449-312-L00000002701-CCD24_1_crop2.jpg,02-PAN-20250415-449-312-L00000002701-CCD24_1_crop2.txt,0983.jpg,0983.txt,images/train/02-PAN-20250415-449-312-L00000002701-CCD24_1_crop2.jpg,labels/train/02-PAN-20250415-449-312-L00000002701-CCD24_1_crop2.txt,images/train/0983.jpg,labels/train/0983.txt
984,0984,02-PAN-20250415-449-312-L00000002701-CCD24_1_crop3.jpg,02-PAN-20250415-449-312-L00000002701-CCD24_1_crop3.txt,0984.jpg,0984.txt,images/train/02-PAN-20250415-449-312-L00000002701-CCD24_1_crop3.jpg,labels/train/02-PAN-20250415-449-312-L00000002701-CCD24_1_crop3.txt,images/train/0984.jpg,labels/train/0984.txt
985,0985,02-PAN-20250415-449-312-L00000002701-CCD25_1_crop1.jpg,02-PAN-20250415-449-312-L00000002701-CCD25_1_crop1.txt,0985.jpg,0985.txt,images/train/02-PAN-20250415-449-312-L00000002701-CCD25_1_crop1.jpg,labels/train/02-PAN-20250415-449-312-L00000002701-CCD25_1_crop1.txt,images/train/0985.jpg,labels/train/0985.txt
986,0986,02-PAN-20250415-449-312-L00000002701-CCD25_1_crop2.jpg,02-PAN-20250415-449-312-L00000002701-CCD25_1_crop2.txt,0986.jpg,0986.txt,images/train/02-PAN-20250415-449-312-L00000002701-CCD25_1_crop2.jpg,labels/train/02-PAN-20250415-449-312-L00000002701-CCD25_1_crop2.txt,images/train/0986.jpg,labels/train/0986.txt
987,0987,02-PAN-20250415-449-312-L00000002701-CCD3_6_crop2.jpg,02-PAN-20250415-449-312-L00000002701-CCD3_6_crop2.txt,0987.jpg,0987.txt,images/train/02-PAN-20250415-449-312-L00000002701-CCD3_6_crop2.jpg,labels/train/02-PAN-20250415-449-312-L00000002701-CCD3_6_crop2.txt,images/train/0987.jpg,labels/train/0987.txt
988,0988,02-PAN-20250415-449-312-L00000002701-CCD3_6_crop3.jpg,02-PAN-20250415-449-312-L00000002701-CCD3_6_crop3.txt,0988.jpg,0988.txt,images/train/02-PAN-20250415-449-312-L00000002701-CCD3_6_crop3.jpg,labels/train/02-PAN-20250415-449-312-L00000002701-CCD3_6_crop3.txt,images/train/0988.jpg,labels/train/0988.txt
989,0989,02-PAN-20250415-449-313-L00000002702-CCD3_1_crop1.jpg,02-PAN-20250415-449-313-L00000002702-CCD3_1_crop1.txt,0989.jpg,0989.txt,images/train/02-PAN-20250415-449-313-L00000002702-CCD3_1_crop1.jpg,labels/train/02-PAN-20250415-449-313-L00000002702-CCD3_1_crop1.txt,images/train/0989.jpg,labels/train/0989.txt
990,0990,02-PAN-20250415-449-313-L00000002702-CCD3_1_crop2.jpg,02-PAN-20250415-449-313-L00000002702-CCD3_1_crop2.txt,0990.jpg,0990.txt,images/train/02-PAN-20250415-449-313-L00000002702-CCD3_1_crop2.jpg,labels/train/02-PAN-20250415-449-313-L00000002702-CCD3_1_crop2.txt,images/train/0990.jpg,labels/train/0990.txt
991,0991,02-PAN-20250415-449-313-L00000002702-CCD3_1_crop3.jpg,02-PAN-20250415-449-313-L00000002702-CCD3_1_crop3.txt,0991.jpg,0991.txt,images/train/02-PAN-20250415-449-313-L00000002702-CCD3_1_crop3.jpg,labels/train/02-PAN-20250415-449-313-L00000002702-CCD3_1_crop3.txt,images/train/0991.jpg,labels/train/0991.txt
992,0992,02-PAN-20250415-449-313-L00000002702-CCD3_1_crop4.jpg,02-PAN-20250415-449-313-L00000002702-CCD3_1_crop4.txt,0992.jpg,0992.txt,images/train/02-PAN-20250415-449-313-L00000002702-CCD3_1_crop4.jpg,labels/train/02-PAN-20250415-449-313-L00000002702-CCD3_1_crop4.txt,images/train/0992.jpg,labels/train/0992.txt
993,0993,02-PAN-20250415-449-313-L00000002702-CCD4_1_crop1.jpg,02-PAN-20250415-449-313-L00000002702-CCD4_1_crop1.txt,0993.jpg,0993.txt,images/train/02-PAN-20250415-449-313-L00000002702-CCD4_1_crop1.jpg,labels/train/02-PAN-20250415-449-313-L00000002702-CCD4_1_crop1.txt,images/train/0993.jpg,labels/train/0993.txt
994,0994,02-PAN-20250415-449-313-L00000002702-CCD4_1_crop2.jpg,02-PAN-20250415-449-313-L00000002702-CCD4_1_crop2.txt,0994.jpg,0994.txt,images/train/02-PAN-20250415-449-313-L00000002702-CCD4_1_crop2.jpg,labels/train/02-PAN-20250415-449-313-L00000002702-CCD4_1_crop2.txt,images/train/0994.jpg,labels/train/0994.txt
995,0995,02-PAN-20250415-449-313-L00000002702-CCD4_1_crop3.jpg,02-PAN-20250415-449-313-L00000002702-CCD4_1_crop3.txt,0995.jpg,0995.txt,images/train/02-PAN-20250415-449-313-L00000002702-CCD4_1_crop3.jpg,labels/train/02-PAN-20250415-449-313-L00000002702-CCD4_1_crop3.txt,images/train/0995.jpg,labels/train/0995.txt
996,0996,02-PAN-20250415-449-313-L00000002702-CCD9_6_crop1.jpg,02-PAN-20250415-449-313-L00000002702-CCD9_6_crop1.txt,0996.jpg,0996.txt,images/train/02-PAN-20250415-449-313-L00000002702-CCD9_6_crop1.jpg,labels/train/02-PAN-20250415-449-313-L00000002702-CCD9_6_crop1.txt,images/train/0996.jpg,labels/train/0996.txt
997,0997,02-PAN-20250415-449-314-L00000002703-CCD9_1_crop1.jpg,02-PAN-20250415-449-314-L00000002703-CCD9_1_crop1.txt,0997.jpg,0997.txt,images/train/02-PAN-20250415-449-314-L00000002703-CCD9_1_crop1.jpg,labels/train/02-PAN-20250415-449-314-L00000002703-CCD9_1_crop1.txt,images/train/0997.jpg,labels/train/0997.txt
998,0998,02-PAN-20250415-449-314-L00000002703-CCD9_1_crop2.jpg,02-PAN-20250415-449-314-L00000002703-CCD9_1_crop2.txt,0998.jpg,0998.txt,images/train/02-PAN-20250415-449-314-L00000002703-CCD9_1_crop2.jpg,labels/train/02-PAN-20250415-449-314-L00000002703-CCD9_1_crop2.txt,images/train/0998.jpg,labels/train/0998.txt
999,0999,02-PAN-20250415-449-314-L00000002703-CCD9_1_crop3.jpg,02-PAN-20250415-449-314-L00000002703-CCD9_1_crop3.txt,0999.jpg,0999.txt,images/train/02-PAN-20250415-449-314-L00000002703-CCD9_1_crop3.jpg,labels/train/02-PAN-20250415-449-314-L00000002703-CCD9_1_crop3.txt,images/train/0999.jpg,labels/train/0999.txt
1000,1000,02-PAN-20250415-449-317-L00000002706-CCD16_6_crop1.jpg,02-PAN-20250415-449-317-L00000002706-CCD16_6_crop1.txt,1000.jpg,1000.txt,images/train/02-PAN-20250415-449-317-L00000002706-CCD16_6_crop1.jpg,labels/train/02-PAN-20250415-449-317-L00000002706-CCD16_6_crop1.txt,images/train/1000.jpg,labels/train/1000.txt
1001,1001,02-PAN-20250415-449-317-L00000002706-CCD30_6_crop1.jpg,02-PAN-20250415-449-317-L00000002706-CCD30_6_crop1.txt,1001.jpg,1001.txt,images/train/02-PAN-20250415-449-317-L00000002706-CCD30_6_crop1.jpg,labels/train/02-PAN-20250415-449-317-L00000002706-CCD30_6_crop1.txt,images/train/1001.jpg,labels/train/1001.txt
1002,1002,02-PAN-20250415-449-317-L00000002706-CCD31_6_crop1.jpg,02-PAN-20250415-449-317-L00000002706-CCD31_6_crop1.txt,1002.jpg,1002.txt,images/train/02-PAN-20250415-449-317-L00000002706-CCD31_6_crop1.jpg,labels/train/02-PAN-20250415-449-317-L00000002706-CCD31_6_crop1.txt,images/train/1002.jpg,labels/train/1002.txt
1003,1003,02-PAN-20250415-449-318-L00000002707-CCD23_2_crop1.jpg,02-PAN-20250415-449-318-L00000002707-CCD23_2_crop1.txt,1003.jpg,1003.txt,images/train/02-PAN-20250415-449-318-L00000002707-CCD23_2_crop1.jpg,labels/train/02-PAN-20250415-449-318-L00000002707-CCD23_2_crop1.txt,images/train/1003.jpg,labels/train/1003.txt
1004,1004,02-PAN-20250415-449-318-L00000002707-CCD25_1_crop1.jpg,02-PAN-20250415-449-318-L00000002707-CCD25_1_crop1.txt,1004.jpg,1004.txt,images/train/02-PAN-20250415-449-318-L00000002707-CCD25_1_crop1.jpg,labels/train/02-PAN-20250415-449-318-L00000002707-CCD25_1_crop1.txt,images/train/1004.jpg,labels/train/1004.txt
1005,1005,02-PAN-20250415-449-318-L00000002707-CCD31_1_crop1.jpg,02-PAN-20250415-449-318-L00000002707-CCD31_1_crop1.txt,1005.jpg,1005.txt,images/train/02-PAN-20250415-449-318-L00000002707-CCD31_1_crop1.jpg,labels/train/02-PAN-20250415-449-318-L00000002707-CCD31_1_crop1.txt,images/train/1005.jpg,labels/train/1005.txt
1006,1006,02-PAN-20250415-449-319-L00000002708-CCD4_2_crop1.jpg,02-PAN-20250415-449-319-L00000002708-CCD4_2_crop1.txt,1006.jpg,1006.txt,images/train/02-PAN-20250415-449-319-L00000002708-CCD4_2_crop1.jpg,labels/train/02-PAN-20250415-449-319-L00000002708-CCD4_2_crop1.txt,images/train/1006.jpg,labels/train/1006.txt
1007,1007,02-PAN-20250415-449-320-L00000002709-CCD25_5_crop1.jpg,02-PAN-20250415-449-320-L00000002709-CCD25_5_crop1.txt,1007.jpg,1007.txt,images/train/02-PAN-20250415-449-320-L00000002709-CCD25_5_crop1.jpg,labels/train/02-PAN-20250415-449-320-L00000002709-CCD25_5_crop1.txt,images/train/1007.jpg,labels/train/1007.txt
1008,1008,02-PAN-20250415-449-320-L00000002711-CCD25_2_crop1.jpg,02-PAN-20250415-449-320-L00000002711-CCD25_2_crop1.txt,1008.jpg,1008.txt,images/train/02-PAN-20250415-449-320-L00000002711-CCD25_2_crop1.jpg,labels/train/02-PAN-20250415-449-320-L00000002711-CCD25_2_crop1.txt,images/train/1008.jpg,labels/train/1008.txt
1009,1009,02-PAN-20250415-449-321-L00000002710-CCD25_4_crop1.jpg,02-PAN-20250415-449-321-L00000002710-CCD25_4_crop1.txt,1009.jpg,1009.txt,images/train/02-PAN-20250415-449-321-L00000002710-CCD25_4_crop1.jpg,labels/train/02-PAN-20250415-449-321-L00000002710-CCD25_4_crop1.txt,images/train/1009.jpg,labels/train/1009.txt
1010,1010,02-PAN-20250415-449-321-L00000002712-CCD12_6_crop1.jpg,02-PAN-20250415-449-321-L00000002712-CCD12_6_crop1.txt,1010.jpg,1010.txt,images/train/02-PAN-20250415-449-321-L00000002712-CCD12_6_crop1.jpg,labels/train/02-PAN-20250415-449-321-L00000002712-CCD12_6_crop1.txt,images/train/1010.jpg,labels/train/1010.txt
1011,1011,02-PAN-20250415-449-321-L00000002712-CCD26_4_crop1.jpg,02-PAN-20250415-449-321-L00000002712-CCD26_4_crop1.txt,1011.jpg,1011.txt,images/train/02-PAN-20250415-449-321-L00000002712-CCD26_4_crop1.jpg,labels/train/02-PAN-20250415-449-321-L00000002712-CCD26_4_crop1.txt,images/train/1011.jpg,labels/train/1011.txt
1012,1012,E103.9_N1.2_20200419_L1A0004749016-PAN20_crop2.jpg,E103.9_N1.2_20200419_L1A0004749016-PAN20_crop2.txt,1012.jpg,1012.txt,images/train/E103.9_N1.2_20200419_L1A0004749016-PAN20_crop2.jpg,labels/train/E103.9_N1.2_20200419_L1A0004749016-PAN20_crop2.txt,images/train/1012.jpg,labels/train/1012.txt
1013,1013,E103.9_N1.2_20200419_L1A0004749016-PAN20_crop3.jpg,E103.9_N1.2_20200419_L1A0004749016-PAN20_crop3.txt,1013.jpg,1013.txt,images/train/E103.9_N1.2_20200419_L1A0004749016-PAN20_crop3.jpg,labels/train/E103.9_N1.2_20200419_L1A0004749016-PAN20_crop3.txt,images/train/1013.jpg,labels/train/1013.txt
1014,1014,E103.9_N1.2_20200419_L1A0004749016-PAN20_crop4.jpg,E103.9_N1.2_20200419_L1A0004749016-PAN20_crop4.txt,1014.jpg,1014.txt,images/train/E103.9_N1.2_20200419_L1A0004749016-PAN20_crop4.jpg,labels/train/E103.9_N1.2_20200419_L1A0004749016-PAN20_crop4.txt,images/train/1014.jpg,labels/train/1014.txt
1015,1015,E103.9_N1.2_20200419_L1A0004749016-PAN20_crop5.jpg,E103.9_N1.2_20200419_L1A0004749016-PAN20_crop5.txt,1015.jpg,1015.txt,images/train/E103.9_N1.2_20200419_L1A0004749016-PAN20_crop5.jpg,labels/train/E103.9_N1.2_20200419_L1A0004749016-PAN20_crop5.txt,images/train/1015.jpg,labels/train/1015.txt
1016,1016,E103.9_N1.2_20200419_L1A0004749016-PAN21_crop1.jpg,E103.9_N1.2_20200419_L1A0004749016-PAN21_crop1.txt,1016.jpg,1016.txt,images/train/E103.9_N1.2_20200419_L1A0004749016-PAN21_crop1.jpg,labels/train/E103.9_N1.2_20200419_L1A0004749016-PAN21_crop1.txt,images/train/1016.jpg,labels/train/1016.txt
1017,1017,E103.9_N1.2_20200419_L1A0004749016-PAN21_crop2.jpg,E103.9_N1.2_20200419_L1A0004749016-PAN21_crop2.txt,1017.jpg,1017.txt,images/train/E103.9_N1.2_20200419_L1A0004749016-PAN21_crop2.jpg,labels/train/E103.9_N1.2_20200419_L1A0004749016-PAN21_crop2.txt,images/train/1017.jpg,labels/train/1017.txt
1018,1018,E103.9_N1.2_20200419_L1A0004749016-PAN21_crop3.jpg,E103.9_N1.2_20200419_L1A0004749016-PAN21_crop3.txt,1018.jpg,1018.txt,images/train/E103.9_N1.2_20200419_L1A0004749016-PAN21_crop3.jpg,labels/train/E103.9_N1.2_20200419_L1A0004749016-PAN21_crop3.txt,images/train/1018.jpg,labels/train/1018.txt
1019,1019,E103.9_N1.2_20200419_L1A0004749016-PAN21_crop5.jpg,E103.9_N1.2_20200419_L1A0004749016-PAN21_crop5.txt,1019.jpg,1019.txt,images/train/E103.9_N1.2_20200419_L1A0004749016-PAN21_crop5.jpg,labels/train/E103.9_N1.2_20200419_L1A0004749016-PAN21_crop5.txt,images/train/1019.jpg,labels/train/1019.txt
1020,1020,E103.9_N1.2_20200419_L1A0004749016-PAN21_crop6.jpg,E103.9_N1.2_20200419_L1A0004749016-PAN21_crop6.txt,1020.jpg,1020.txt,images/train/E103.9_N1.2_20200419_L1A0004749016-PAN21_crop6.jpg,labels/train/E103.9_N1.2_20200419_L1A0004749016-PAN21_crop6.txt,images/train/1020.jpg,labels/train/1020.txt
1021,1021,E103.9_N1.2_20200419_L1A0004749016-PAN21_crop8.jpg,E103.9_N1.2_20200419_L1A0004749016-PAN21_crop8.txt,1021.jpg,1021.txt,images/train/E103.9_N1.2_20200419_L1A0004749016-PAN21_crop8.jpg,labels/train/E103.9_N1.2_20200419_L1A0004749016-PAN21_crop8.txt,images/train/1021.jpg,labels/train/1021.txt
1022,1022,E103.9_N1.2_20200419_L1A0004749016-PAN22_crop10.jpg,E103.9_N1.2_20200419_L1A0004749016-PAN22_crop10.txt,1022.jpg,1022.txt,images/train/E103.9_N1.2_20200419_L1A0004749016-PAN22_crop10.jpg,labels/train/E103.9_N1.2_20200419_L1A0004749016-PAN22_crop10.txt,images/train/1022.jpg,labels/train/1022.txt
1023,1023,E103.9_N1.2_20200419_L1A0004749016-PAN22_crop3.jpg,E103.9_N1.2_20200419_L1A0004749016-PAN22_crop3.txt,1023.jpg,1023.txt,images/train/E103.9_N1.2_20200419_L1A0004749016-PAN22_crop3.jpg,labels/train/E103.9_N1.2_20200419_L1A0004749016-PAN22_crop3.txt,images/train/1023.jpg,labels/train/1023.txt
1024,1024,E103.9_N1.2_20200419_L1A0004749016-PAN22_crop4.jpg,E103.9_N1.2_20200419_L1A0004749016-PAN22_crop4.txt,1024.jpg,1024.txt,images/train/E103.9_N1.2_20200419_L1A0004749016-PAN22_crop4.jpg,labels/train/E103.9_N1.2_20200419_L1A0004749016-PAN22_crop4.txt,images/train/1024.jpg,labels/train/1024.txt
1025,1025,E103.9_N1.2_20200419_L1A0004749016-PAN22_crop5.jpg,E103.9_N1.2_20200419_L1A0004749016-PAN22_crop5.txt,1025.jpg,1025.txt,images/train/E103.9_N1.2_20200419_L1A0004749016-PAN22_crop5.jpg,labels/train/E103.9_N1.2_20200419_L1A0004749016-PAN22_crop5.txt,images/train/1025.jpg,labels/train/1025.txt
1026,1026,E103.9_N1.2_20200419_L1A0004749016-PAN22_crop6.jpg,E103.9_N1.2_20200419_L1A0004749016-PAN22_crop6.txt,1026.jpg,1026.txt,images/train/E103.9_N1.2_20200419_L1A0004749016-PAN22_crop6.jpg,labels/train/E103.9_N1.2_20200419_L1A0004749016-PAN22_crop6.txt,images/train/1026.jpg,labels/train/1026.txt
1027,1027,E103.9_N1.2_20200419_L1A0004749016-PAN22_crop8.jpg,E103.9_N1.2_20200419_L1A0004749016-PAN22_crop8.txt,1027.jpg,1027.txt,images/train/E103.9_N1.2_20200419_L1A0004749016-PAN22_crop8.jpg,labels/train/E103.9_N1.2_20200419_L1A0004749016-PAN22_crop8.txt,images/train/1027.jpg,labels/train/1027.txt
1028,1028,E103.9_N1.2_20200419_L1A0004749016-PAN24_crop1.jpg,E103.9_N1.2_20200419_L1A0004749016-PAN24_crop1.txt,1028.jpg,1028.txt,images/train/E103.9_N1.2_20200419_L1A0004749016-PAN24_crop1.jpg,labels/train/E103.9_N1.2_20200419_L1A0004749016-PAN24_crop1.txt,images/train/1028.jpg,labels/train/1028.txt
1029,1029,E103.9_N1.2_20200419_L1A0004749016-PAN25_crop1.jpg,E103.9_N1.2_20200419_L1A0004749016-PAN25_crop1.txt,1029.jpg,1029.txt,images/train/E103.9_N1.2_20200419_L1A0004749016-PAN25_crop1.jpg,labels/train/E103.9_N1.2_20200419_L1A0004749016-PAN25_crop1.txt,images/train/1029.jpg,labels/train/1029.txt
1030,1030,E103.9_N1.2_20200419_L1A0004749016-PAN25_crop10.jpg,E103.9_N1.2_20200419_L1A0004749016-PAN25_crop10.txt,1030.jpg,1030.txt,images/train/E103.9_N1.2_20200419_L1A0004749016-PAN25_crop10.jpg,labels/train/E103.9_N1.2_20200419_L1A0004749016-PAN25_crop10.txt,images/train/1030.jpg,labels/train/1030.txt
1031,1031,E103.9_N1.2_20200419_L1A0004749016-PAN25_crop11.jpg,E103.9_N1.2_20200419_L1A0004749016-PAN25_crop11.txt,1031.jpg,1031.txt,images/train/E103.9_N1.2_20200419_L1A0004749016-PAN25_crop11.jpg,labels/train/E103.9_N1.2_20200419_L1A0004749016-PAN25_crop11.txt,images/train/1031.jpg,labels/train/1031.txt
1032,1032,E103.9_N1.2_20200419_L1A0004749016-PAN25_crop13.jpg,E103.9_N1.2_20200419_L1A0004749016-PAN25_crop13.txt,1032.jpg,1032.txt,images/train/E103.9_N1.2_20200419_L1A0004749016-PAN25_crop13.jpg,labels/train/E103.9_N1.2_20200419_L1A0004749016-PAN25_crop13.txt,images/train/1032.jpg,labels/train/1032.txt
1033,1033,E103.9_N1.2_20200419_L1A0004749016-PAN25_crop14.jpg,E103.9_N1.2_20200419_L1A0004749016-PAN25_crop14.txt,1033.jpg,1033.txt,images/train/E103.9_N1.2_20200419_L1A0004749016-PAN25_crop14.jpg,labels/train/E103.9_N1.2_20200419_L1A0004749016-PAN25_crop14.txt,images/train/1033.jpg,labels/train/1033.txt
1034,1034,E103.9_N1.2_20200419_L1A0004749016-PAN25_crop16.jpg,E103.9_N1.2_20200419_L1A0004749016-PAN25_crop16.txt,1034.jpg,1034.txt,images/train/E103.9_N1.2_20200419_L1A0004749016-PAN25_crop16.jpg,labels/train/E103.9_N1.2_20200419_L1A0004749016-PAN25_crop16.txt,images/train/1034.jpg,labels/train/1034.txt
1035,1035,E103.9_N1.2_20200419_L1A0004749016-PAN25_crop17.jpg,E103.9_N1.2_20200419_L1A0004749016-PAN25_crop17.txt,1035.jpg,1035.txt,images/train/E103.9_N1.2_20200419_L1A0004749016-PAN25_crop17.jpg,labels/train/E103.9_N1.2_20200419_L1A0004749016-PAN25_crop17.txt,images/train/1035.jpg,labels/train/1035.txt
1036,1036,E103.9_N1.2_20200419_L1A0004749016-PAN25_crop18.jpg,E103.9_N1.2_20200419_L1A0004749016-PAN25_crop18.txt,1036.jpg,1036.txt,images/train/E103.9_N1.2_20200419_L1A0004749016-PAN25_crop18.jpg,labels/train/E103.9_N1.2_20200419_L1A0004749016-PAN25_crop18.txt,images/train/1036.jpg,labels/train/1036.txt
1037,1037,E103.9_N1.2_20200419_L1A0004749016-PAN25_crop19.jpg,E103.9_N1.2_20200419_L1A0004749016-PAN25_crop19.txt,1037.jpg,1037.txt,images/train/E103.9_N1.2_20200419_L1A0004749016-PAN25_crop19.jpg,labels/train/E103.9_N1.2_20200419_L1A0004749016-PAN25_crop19.txt,images/train/1037.jpg,labels/train/1037.txt
1038,1038,E103.9_N1.2_20200419_L1A0004749016-PAN25_crop2.jpg,E103.9_N1.2_20200419_L1A0004749016-PAN25_crop2.txt,1038.jpg,1038.txt,images/train/E103.9_N1.2_20200419_L1A0004749016-PAN25_crop2.jpg,labels/train/E103.9_N1.2_20200419_L1A0004749016-PAN25_crop2.txt,images/train/1038.jpg,labels/train/1038.txt
1039,1039,E103.9_N1.2_20200419_L1A0004749016-PAN25_crop20.jpg,E103.9_N1.2_20200419_L1A0004749016-PAN25_crop20.txt,1039.jpg,1039.txt,images/train/E103.9_N1.2_20200419_L1A0004749016-PAN25_crop20.jpg,labels/train/E103.9_N1.2_20200419_L1A0004749016-PAN25_crop20.txt,images/train/1039.jpg,labels/train/1039.txt
1040,1040,E103.9_N1.2_20200419_L1A0004749016-PAN25_crop21.jpg,E103.9_N1.2_20200419_L1A0004749016-PAN25_crop21.txt,1040.jpg,1040.txt,images/train/E103.9_N1.2_20200419_L1A0004749016-PAN25_crop21.jpg,labels/train/E103.9_N1.2_20200419_L1A0004749016-PAN25_crop21.txt,images/train/1040.jpg,labels/train/1040.txt
1041,1041,E103.9_N1.2_20200419_L1A0004749016-PAN25_crop23.jpg,E103.9_N1.2_20200419_L1A0004749016-PAN25_crop23.txt,1041.jpg,1041.txt,images/train/E103.9_N1.2_20200419_L1A0004749016-PAN25_crop23.jpg,labels/train/E103.9_N1.2_20200419_L1A0004749016-PAN25_crop23.txt,images/train/1041.jpg,labels/train/1041.txt
1042,1042,E103.9_N1.2_20200419_L1A0004749016-PAN25_crop24.jpg,E103.9_N1.2_20200419_L1A0004749016-PAN25_crop24.txt,1042.jpg,1042.txt,images/train/E103.9_N1.2_20200419_L1A0004749016-PAN25_crop24.jpg,labels/train/E103.9_N1.2_20200419_L1A0004749016-PAN25_crop24.txt,images/train/1042.jpg,labels/train/1042.txt
1043,1043,E103.9_N1.2_20200419_L1A0004749016-PAN25_crop25.jpg,E103.9_N1.2_20200419_L1A0004749016-PAN25_crop25.txt,1043.jpg,1043.txt,images/train/E103.9_N1.2_20200419_L1A0004749016-PAN25_crop25.jpg,labels/train/E103.9_N1.2_20200419_L1A0004749016-PAN25_crop25.txt,images/train/1043.jpg,labels/train/1043.txt
1044,1044,E103.9_N1.2_20200419_L1A0004749016-PAN25_crop26.jpg,E103.9_N1.2_20200419_L1A0004749016-PAN25_crop26.txt,1044.jpg,1044.txt,images/train/E103.9_N1.2_20200419_L1A0004749016-PAN25_crop26.jpg,labels/train/E103.9_N1.2_20200419_L1A0004749016-PAN25_crop26.txt,images/train/1044.jpg,labels/train/1044.txt
1045,1045,E103.9_N1.2_20200419_L1A0004749016-PAN25_crop27.jpg,E103.9_N1.2_20200419_L1A0004749016-PAN25_crop27.txt,1045.jpg,1045.txt,images/train/E103.9_N1.2_20200419_L1A0004749016-PAN25_crop27.jpg,labels/train/E103.9_N1.2_20200419_L1A0004749016-PAN25_crop27.txt,images/train/1045.jpg,labels/train/1045.txt
1046,1046,E103.9_N1.2_20200419_L1A0004749016-PAN25_crop5.jpg,E103.9_N1.2_20200419_L1A0004749016-PAN25_crop5.txt,1046.jpg,1046.txt,images/train/E103.9_N1.2_20200419_L1A0004749016-PAN25_crop5.jpg,labels/train/E103.9_N1.2_20200419_L1A0004749016-PAN25_crop5.txt,images/train/1046.jpg,labels/train/1046.txt
1047,1047,E103.9_N1.2_20200419_L1A0004749016-PAN25_crop6.jpg,E103.9_N1.2_20200419_L1A0004749016-PAN25_crop6.txt,1047.jpg,1047.txt,images/train/E103.9_N1.2_20200419_L1A0004749016-PAN25_crop6.jpg,labels/train/E103.9_N1.2_20200419_L1A0004749016-PAN25_crop6.txt,images/train/1047.jpg,labels/train/1047.txt
1048,1048,E103.9_N1.2_20200419_L1A0004749016-PAN25_crop7.jpg,E103.9_N1.2_20200419_L1A0004749016-PAN25_crop7.txt,1048.jpg,1048.txt,images/train/E103.9_N1.2_20200419_L1A0004749016-PAN25_crop7.jpg,labels/train/E103.9_N1.2_20200419_L1A0004749016-PAN25_crop7.txt,images/train/1048.jpg,labels/train/1048.txt
1049,1049,E103.9_N1.2_20200419_L1A0004749016-PAN26_crop1.jpg,E103.9_N1.2_20200419_L1A0004749016-PAN26_crop1.txt,1049.jpg,1049.txt,images/train/E103.9_N1.2_20200419_L1A0004749016-PAN26_crop1.jpg,labels/train/E103.9_N1.2_20200419_L1A0004749016-PAN26_crop1.txt,images/train/1049.jpg,labels/train/1049.txt
1050,1050,E103.9_N1.2_20200419_L1A0004749016-PAN26_crop10.jpg,E103.9_N1.2_20200419_L1A0004749016-PAN26_crop10.txt,1050.jpg,1050.txt,images/train/E103.9_N1.2_20200419_L1A0004749016-PAN26_crop10.jpg,labels/train/E103.9_N1.2_20200419_L1A0004749016-PAN26_crop10.txt,images/train/1050.jpg,labels/train/1050.txt
1051,1051,E103.9_N1.2_20200419_L1A0004749016-PAN26_crop11.jpg,E103.9_N1.2_20200419_L1A0004749016-PAN26_crop11.txt,1051.jpg,1051.txt,images/train/E103.9_N1.2_20200419_L1A0004749016-PAN26_crop11.jpg,labels/train/E103.9_N1.2_20200419_L1A0004749016-PAN26_crop11.txt,images/train/1051.jpg,labels/train/1051.txt
1052,1052,E103.9_N1.2_20200419_L1A0004749016-PAN26_crop12.jpg,E103.9_N1.2_20200419_L1A0004749016-PAN26_crop12.txt,1052.jpg,1052.txt,images/train/E103.9_N1.2_20200419_L1A0004749016-PAN26_crop12.jpg,labels/train/E103.9_N1.2_20200419_L1A0004749016-PAN26_crop12.txt,images/train/1052.jpg,labels/train/1052.txt
1053,1053,E103.9_N1.2_20200419_L1A0004749016-PAN26_crop14.jpg,E103.9_N1.2_20200419_L1A0004749016-PAN26_crop14.txt,1053.jpg,1053.txt,images/train/E103.9_N1.2_20200419_L1A0004749016-PAN26_crop14.jpg,labels/train/E103.9_N1.2_20200419_L1A0004749016-PAN26_crop14.txt,images/train/1053.jpg,labels/train/1053.txt
1054,1054,E103.9_N1.2_20200419_L1A0004749016-PAN26_crop15.jpg,E103.9_N1.2_20200419_L1A0004749016-PAN26_crop15.txt,1054.jpg,1054.txt,images/train/E103.9_N1.2_20200419_L1A0004749016-PAN26_crop15.jpg,labels/train/E103.9_N1.2_20200419_L1A0004749016-PAN26_crop15.txt,images/train/1054.jpg,labels/train/1054.txt
1055,1055,E103.9_N1.2_20200419_L1A0004749016-PAN26_crop16.jpg,E103.9_N1.2_20200419_L1A0004749016-PAN26_crop16.txt,1055.jpg,1055.txt,images/train/E103.9_N1.2_20200419_L1A0004749016-PAN26_crop16.jpg,labels/train/E103.9_N1.2_20200419_L1A0004749016-PAN26_crop16.txt,images/train/1055.jpg,labels/train/1055.txt
1056,1056,E103.9_N1.2_20200419_L1A0004749016-PAN26_crop17.jpg,E103.9_N1.2_20200419_L1A0004749016-PAN26_crop17.txt,1056.jpg,1056.txt,images/train/E103.9_N1.2_20200419_L1A0004749016-PAN26_crop17.jpg,labels/train/E103.9_N1.2_20200419_L1A0004749016-PAN26_crop17.txt,images/train/1056.jpg,labels/train/1056.txt
1057,1057,E103.9_N1.2_20200419_L1A0004749016-PAN26_crop18.jpg,E103.9_N1.2_20200419_L1A0004749016-PAN26_crop18.txt,1057.jpg,1057.txt,images/train/E103.9_N1.2_20200419_L1A0004749016-PAN26_crop18.jpg,labels/train/E103.9_N1.2_20200419_L1A0004749016-PAN26_crop18.txt,images/train/1057.jpg,labels/train/1057.txt
1058,1058,E103.9_N1.2_20200419_L1A0004749016-PAN26_crop19.jpg,E103.9_N1.2_20200419_L1A0004749016-PAN26_crop19.txt,1058.jpg,1058.txt,images/train/E103.9_N1.2_20200419_L1A0004749016-PAN26_crop19.jpg,labels/train/E103.9_N1.2_20200419_L1A0004749016-PAN26_crop19.txt,images/train/1058.jpg,labels/train/1058.txt
1059,1059,E103.9_N1.2_20200419_L1A0004749016-PAN26_crop2.jpg,E103.9_N1.2_20200419_L1A0004749016-PAN26_crop2.txt,1059.jpg,1059.txt,images/train/E103.9_N1.2_20200419_L1A0004749016-PAN26_crop2.jpg,labels/train/E103.9_N1.2_20200419_L1A0004749016-PAN26_crop2.txt,images/train/1059.jpg,labels/train/1059.txt
1060,1060,E103.9_N1.2_20200419_L1A0004749016-PAN26_crop3.jpg,E103.9_N1.2_20200419_L1A0004749016-PAN26_crop3.txt,1060.jpg,1060.txt,images/train/E103.9_N1.2_20200419_L1A0004749016-PAN26_crop3.jpg,labels/train/E103.9_N1.2_20200419_L1A0004749016-PAN26_crop3.txt,images/train/1060.jpg,labels/train/1060.txt
1061,1061,E103.9_N1.2_20200419_L1A0004749016-PAN26_crop4.jpg,E103.9_N1.2_20200419_L1A0004749016-PAN26_crop4.txt,1061.jpg,1061.txt,images/train/E103.9_N1.2_20200419_L1A0004749016-PAN26_crop4.jpg,labels/train/E103.9_N1.2_20200419_L1A0004749016-PAN26_crop4.txt,images/train/1061.jpg,labels/train/1061.txt
1062,1062,E103.9_N1.2_20200419_L1A0004749016-PAN26_crop5.jpg,E103.9_N1.2_20200419_L1A0004749016-PAN26_crop5.txt,1062.jpg,1062.txt,images/train/E103.9_N1.2_20200419_L1A0004749016-PAN26_crop5.jpg,labels/train/E103.9_N1.2_20200419_L1A0004749016-PAN26_crop5.txt,images/train/1062.jpg,labels/train/1062.txt
1063,1063,E103.9_N1.2_20200419_L1A0004749016-PAN26_crop6.jpg,E103.9_N1.2_20200419_L1A0004749016-PAN26_crop6.txt,1063.jpg,1063.txt,images/train/E103.9_N1.2_20200419_L1A0004749016-PAN26_crop6.jpg,labels/train/E103.9_N1.2_20200419_L1A0004749016-PAN26_crop6.txt,images/train/1063.jpg,labels/train/1063.txt
1064,1064,E103.9_N1.2_20200419_L1A0004749016-PAN26_crop7.jpg,E103.9_N1.2_20200419_L1A0004749016-PAN26_crop7.txt,1064.jpg,1064.txt,images/train/E103.9_N1.2_20200419_L1A0004749016-PAN26_crop7.jpg,labels/train/E103.9_N1.2_20200419_L1A0004749016-PAN26_crop7.txt,images/train/1064.jpg,labels/train/1064.txt
1065,1065,E103.9_N1.2_20200419_L1A0004749016-PAN26_crop9.jpg,E103.9_N1.2_20200419_L1A0004749016-PAN26_crop9.txt,1065.jpg,1065.txt,images/train/E103.9_N1.2_20200419_L1A0004749016-PAN26_crop9.jpg,labels/train/E103.9_N1.2_20200419_L1A0004749016-PAN26_crop9.txt,images/train/1065.jpg,labels/train/1065.txt
1066,1066,E103.9_N1.2_20200419_L1A0004749016-PAN27_crop1.jpg,E103.9_N1.2_20200419_L1A0004749016-PAN27_crop1.txt,1066.jpg,1066.txt,images/train/E103.9_N1.2_20200419_L1A0004749016-PAN27_crop1.jpg,labels/train/E103.9_N1.2_20200419_L1A0004749016-PAN27_crop1.txt,images/train/1066.jpg,labels/train/1066.txt
1067,1067,E103.9_N1.2_20200419_L1A0004749016-PAN27_crop10.jpg,E103.9_N1.2_20200419_L1A0004749016-PAN27_crop10.txt,1067.jpg,1067.txt,images/train/E103.9_N1.2_20200419_L1A0004749016-PAN27_crop10.jpg,labels/train/E103.9_N1.2_20200419_L1A0004749016-PAN27_crop10.txt,images/train/1067.jpg,labels/train/1067.txt
1068,1068,E103.9_N1.2_20200419_L1A0004749016-PAN27_crop11.jpg,E103.9_N1.2_20200419_L1A0004749016-PAN27_crop11.txt,1068.jpg,1068.txt,images/train/E103.9_N1.2_20200419_L1A0004749016-PAN27_crop11.jpg,labels/train/E103.9_N1.2_20200419_L1A0004749016-PAN27_crop11.txt,images/train/1068.jpg,labels/train/1068.txt
1069,1069,E103.9_N1.2_20200419_L1A0004749016-PAN27_crop12.jpg,E103.9_N1.2_20200419_L1A0004749016-PAN27_crop12.txt,1069.jpg,1069.txt,images/train/E103.9_N1.2_20200419_L1A0004749016-PAN27_crop12.jpg,labels/train/E103.9_N1.2_20200419_L1A0004749016-PAN27_crop12.txt,images/train/1069.jpg,labels/train/1069.txt
1070,1070,E103.9_N1.2_20200419_L1A0004749016-PAN27_crop13.jpg,E103.9_N1.2_20200419_L1A0004749016-PAN27_crop13.txt,1070.jpg,1070.txt,images/train/E103.9_N1.2_20200419_L1A0004749016-PAN27_crop13.jpg,labels/train/E103.9_N1.2_20200419_L1A0004749016-PAN27_crop13.txt,images/train/1070.jpg,labels/train/1070.txt
1071,1071,E103.9_N1.2_20200419_L1A0004749016-PAN27_crop14.jpg,E103.9_N1.2_20200419_L1A0004749016-PAN27_crop14.txt,1071.jpg,1071.txt,images/train/E103.9_N1.2_20200419_L1A0004749016-PAN27_crop14.jpg,labels/train/E103.9_N1.2_20200419_L1A0004749016-PAN27_crop14.txt,images/train/1071.jpg,labels/train/1071.txt
1072,1072,E103.9_N1.2_20200419_L1A0004749016-PAN27_crop16.jpg,E103.9_N1.2_20200419_L1A0004749016-PAN27_crop16.txt,1072.jpg,1072.txt,images/train/E103.9_N1.2_20200419_L1A0004749016-PAN27_crop16.jpg,labels/train/E103.9_N1.2_20200419_L1A0004749016-PAN27_crop16.txt,images/train/1072.jpg,labels/train/1072.txt
1073,1073,E103.9_N1.2_20200419_L1A0004749016-PAN27_crop18.jpg,E103.9_N1.2_20200419_L1A0004749016-PAN27_crop18.txt,1073.jpg,1073.txt,images/train/E103.9_N1.2_20200419_L1A0004749016-PAN27_crop18.jpg,labels/train/E103.9_N1.2_20200419_L1A0004749016-PAN27_crop18.txt,images/train/1073.jpg,labels/train/1073.txt
1074,1074,E103.9_N1.2_20200419_L1A0004749016-PAN27_crop19.jpg,E103.9_N1.2_20200419_L1A0004749016-PAN27_crop19.txt,1074.jpg,1074.txt,images/train/E103.9_N1.2_20200419_L1A0004749016-PAN27_crop19.jpg,labels/train/E103.9_N1.2_20200419_L1A0004749016-PAN27_crop19.txt,images/train/1074.jpg,labels/train/1074.txt
1075,1075,E103.9_N1.2_20200419_L1A0004749016-PAN27_crop2.jpg,E103.9_N1.2_20200419_L1A0004749016-PAN27_crop2.txt,1075.jpg,1075.txt,images/train/E103.9_N1.2_20200419_L1A0004749016-PAN27_crop2.jpg,labels/train/E103.9_N1.2_20200419_L1A0004749016-PAN27_crop2.txt,images/train/1075.jpg,labels/train/1075.txt
1076,1076,E103.9_N1.2_20200419_L1A0004749016-PAN27_crop20.jpg,E103.9_N1.2_20200419_L1A0004749016-PAN27_crop20.txt,1076.jpg,1076.txt,images/train/E103.9_N1.2_20200419_L1A0004749016-PAN27_crop20.jpg,labels/train/E103.9_N1.2_20200419_L1A0004749016-PAN27_crop20.txt,images/train/1076.jpg,labels/train/1076.txt
1077,1077,E103.9_N1.2_20200419_L1A0004749016-PAN27_crop4.jpg,E103.9_N1.2_20200419_L1A0004749016-PAN27_crop4.txt,1077.jpg,1077.txt,images/train/E103.9_N1.2_20200419_L1A0004749016-PAN27_crop4.jpg,labels/train/E103.9_N1.2_20200419_L1A0004749016-PAN27_crop4.txt,images/train/1077.jpg,labels/train/1077.txt
1078,1078,E103.9_N1.2_20200419_L1A0004749016-PAN27_crop5.jpg,E103.9_N1.2_20200419_L1A0004749016-PAN27_crop5.txt,1078.jpg,1078.txt,images/train/E103.9_N1.2_20200419_L1A0004749016-PAN27_crop5.jpg,labels/train/E103.9_N1.2_20200419_L1A0004749016-PAN27_crop5.txt,images/train/1078.jpg,labels/train/1078.txt
1079,1079,E103.9_N1.2_20200419_L1A0004749016-PAN27_crop6.jpg,E103.9_N1.2_20200419_L1A0004749016-PAN27_crop6.txt,1079.jpg,1079.txt,images/train/E103.9_N1.2_20200419_L1A0004749016-PAN27_crop6.jpg,labels/train/E103.9_N1.2_20200419_L1A0004749016-PAN27_crop6.txt,images/train/1079.jpg,labels/train/1079.txt
1080,1080,E103.9_N1.2_20200419_L1A0004749016-PAN27_crop7.jpg,E103.9_N1.2_20200419_L1A0004749016-PAN27_crop7.txt,1080.jpg,1080.txt,images/train/E103.9_N1.2_20200419_L1A0004749016-PAN27_crop7.jpg,labels/train/E103.9_N1.2_20200419_L1A0004749016-PAN27_crop7.txt,images/train/1080.jpg,labels/train/1080.txt
1081,1081,E103.9_N1.2_20200419_L1A0004749016-PAN27_crop8.jpg,E103.9_N1.2_20200419_L1A0004749016-PAN27_crop8.txt,1081.jpg,1081.txt,images/train/E103.9_N1.2_20200419_L1A0004749016-PAN27_crop8.jpg,labels/train/E103.9_N1.2_20200419_L1A0004749016-PAN27_crop8.txt,images/train/1081.jpg,labels/train/1081.txt
1082,1082,E103.9_N1.2_20200419_L1A0004749016-PAN27_crop9.jpg,E103.9_N1.2_20200419_L1A0004749016-PAN27_crop9.txt,1082.jpg,1082.txt,images/train/E103.9_N1.2_20200419_L1A0004749016-PAN27_crop9.jpg,labels/train/E103.9_N1.2_20200419_L1A0004749016-PAN27_crop9.txt,images/train/1082.jpg,labels/train/1082.txt
1083,1083,E103.9_N1.2_20200419_L1A0004749016-PAN28_crop1.jpg,E103.9_N1.2_20200419_L1A0004749016-PAN28_crop1.txt,1083.jpg,1083.txt,images/train/E103.9_N1.2_20200419_L1A0004749016-PAN28_crop1.jpg,labels/train/E103.9_N1.2_20200419_L1A0004749016-PAN28_crop1.txt,images/train/1083.jpg,labels/train/1083.txt
1084,1084,E103.9_N1.2_20200419_L1A0004749016-PAN28_crop3.jpg,E103.9_N1.2_20200419_L1A0004749016-PAN28_crop3.txt,1084.jpg,1084.txt,images/train/E103.9_N1.2_20200419_L1A0004749016-PAN28_crop3.jpg,labels/train/E103.9_N1.2_20200419_L1A0004749016-PAN28_crop3.txt,images/train/1084.jpg,labels/train/1084.txt
1085,1085,E103.9_N1.2_20200419_L1A0004749016-PAN28_crop4.jpg,E103.9_N1.2_20200419_L1A0004749016-PAN28_crop4.txt,1085.jpg,1085.txt,images/train/E103.9_N1.2_20200419_L1A0004749016-PAN28_crop4.jpg,labels/train/E103.9_N1.2_20200419_L1A0004749016-PAN28_crop4.txt,images/train/1085.jpg,labels/train/1085.txt
1086,1086,E103.9_N1.2_20200419_L1A0004749016-PAN28_crop5.jpg,E103.9_N1.2_20200419_L1A0004749016-PAN28_crop5.txt,1086.jpg,1086.txt,images/train/E103.9_N1.2_20200419_L1A0004749016-PAN28_crop5.jpg,labels/train/E103.9_N1.2_20200419_L1A0004749016-PAN28_crop5.txt,images/train/1086.jpg,labels/train/1086.txt
1087,1087,E103.9_N1.2_20200419_L1A0004749016-PAN28_crop6.jpg,E103.9_N1.2_20200419_L1A0004749016-PAN28_crop6.txt,1087.jpg,1087.txt,images/train/E103.9_N1.2_20200419_L1A0004749016-PAN28_crop6.jpg,labels/train/E103.9_N1.2_20200419_L1A0004749016-PAN28_crop6.txt,images/train/1087.jpg,labels/train/1087.txt
1088,1088,E103.9_N1.2_20200419_L1A0004749016-PAN28_crop7.jpg,E103.9_N1.2_20200419_L1A0004749016-PAN28_crop7.txt,1088.jpg,1088.txt,images/train/E103.9_N1.2_20200419_L1A0004749016-PAN28_crop7.jpg,labels/train/E103.9_N1.2_20200419_L1A0004749016-PAN28_crop7.txt,images/train/1088.jpg,labels/train/1088.txt
1089,1089,E103.9_N1.2_20200419_L1A0004749016-PAN28_crop8.jpg,E103.9_N1.2_20200419_L1A0004749016-PAN28_crop8.txt,1089.jpg,1089.txt,images/train/E103.9_N1.2_20200419_L1A0004749016-PAN28_crop8.jpg,labels/train/E103.9_N1.2_20200419_L1A0004749016-PAN28_crop8.txt,images/train/1089.jpg,labels/train/1089.txt
1090,1090,E103.9_N1.2_20200419_L1A0004749016-PAN28_crop9.jpg,E103.9_N1.2_20200419_L1A0004749016-PAN28_crop9.txt,1090.jpg,1090.txt,images/train/E103.9_N1.2_20200419_L1A0004749016-PAN28_crop9.jpg,labels/train/E103.9_N1.2_20200419_L1A0004749016-PAN28_crop9.txt,images/train/1090.jpg,labels/train/1090.txt
1091,1091,E103.9_N1.2_20200419_L1A0004749016-PAN29_crop1.jpg,E103.9_N1.2_20200419_L1A0004749016-PAN29_crop1.txt,1091.jpg,1091.txt,images/train/E103.9_N1.2_20200419_L1A0004749016-PAN29_crop1.jpg,labels/train/E103.9_N1.2_20200419_L1A0004749016-PAN29_crop1.txt,images/train/1091.jpg,labels/train/1091.txt
1092,1092,E103.9_N1.2_20200419_L1A0004749016-PAN29_crop2.jpg,E103.9_N1.2_20200419_L1A0004749016-PAN29_crop2.txt,1092.jpg,1092.txt,images/train/E103.9_N1.2_20200419_L1A0004749016-PAN29_crop2.jpg,labels/train/E103.9_N1.2_20200419_L1A0004749016-PAN29_crop2.txt,images/train/1092.jpg,labels/train/1092.txt
1093,1093,E112.9_N9.5_20151204_L1A0001219553-PAN22_crop1.jpg,E112.9_N9.5_20151204_L1A0001219553-PAN22_crop1.txt,1093.jpg,1093.txt,images/train/E112.9_N9.5_20151204_L1A0001219553-PAN22_crop1.jpg,labels/train/E112.9_N9.5_20151204_L1A0001219553-PAN22_crop1.txt,images/train/1093.jpg,labels/train/1093.txt
1094,1094,E112.9_N9.5_20151204_L1A0001219553-PAN22_crop2.jpg,E112.9_N9.5_20151204_L1A0001219553-PAN22_crop2.txt,1094.jpg,1094.txt,images/train/E112.9_N9.5_20151204_L1A0001219553-PAN22_crop2.jpg,labels/train/E112.9_N9.5_20151204_L1A0001219553-PAN22_crop2.txt,images/train/1094.jpg,labels/train/1094.txt
1095,1095,E112.9_N9.5_20151204_L1A0001219553-PAN22_crop3.jpg,E112.9_N9.5_20151204_L1A0001219553-PAN22_crop3.txt,1095.jpg,1095.txt,images/train/E112.9_N9.5_20151204_L1A0001219553-PAN22_crop3.jpg,labels/train/E112.9_N9.5_20151204_L1A0001219553-PAN22_crop3.txt,images/train/1095.jpg,labels/train/1095.txt
1096,1096,E112.9_N9.5_20151204_L1A0001219553-PAN22_crop5.jpg,E112.9_N9.5_20151204_L1A0001219553-PAN22_crop5.txt,1096.jpg,1096.txt,images/train/E112.9_N9.5_20151204_L1A0001219553-PAN22_crop5.jpg,labels/train/E112.9_N9.5_20151204_L1A0001219553-PAN22_crop5.txt,images/train/1096.jpg,labels/train/1096.txt
1097,1097,E120.2_N14.7_20161023_L1A0001910573-PAN10_crop1.jpg,E120.2_N14.7_20161023_L1A0001910573-PAN10_crop1.txt,1097.jpg,1097.txt,images/train/E120.2_N14.7_20161023_L1A0001910573-PAN10_crop1.jpg,labels/train/E120.2_N14.7_20161023_L1A0001910573-PAN10_crop1.txt,images/train/1097.jpg,labels/train/1097.txt
1098,1098,E120.2_N14.7_20161023_L1A0001910573-PAN12_crop1.jpg,E120.2_N14.7_20161023_L1A0001910573-PAN12_crop1.txt,1098.jpg,1098.txt,images/train/E120.2_N14.7_20161023_L1A0001910573-PAN12_crop1.jpg,labels/train/E120.2_N14.7_20161023_L1A0001910573-PAN12_crop1.txt,images/train/1098.jpg,labels/train/1098.txt
1099,1099,E120.2_N14.7_20161023_L1A0001910573-PAN12_crop2.jpg,E120.2_N14.7_20161023_L1A0001910573-PAN12_crop2.txt,1099.jpg,1099.txt,images/train/E120.2_N14.7_20161023_L1A0001910573-PAN12_crop2.jpg,labels/train/E120.2_N14.7_20161023_L1A0001910573-PAN12_crop2.txt,images/train/1099.jpg,labels/train/1099.txt
1100,1100,E120.2_N14.7_20161023_L1A0001910573-PAN12_crop4.jpg,E120.2_N14.7_20161023_L1A0001910573-PAN12_crop4.txt,1100.jpg,1100.txt,images/train/E120.2_N14.7_20161023_L1A0001910573-PAN12_crop4.jpg,labels/train/E120.2_N14.7_20161023_L1A0001910573-PAN12_crop4.txt,images/train/1100.jpg,labels/train/1100.txt
1101,1101,E120.2_N14.7_20161023_L1A0001910573-PAN15_crop2.jpg,E120.2_N14.7_20161023_L1A0001910573-PAN15_crop2.txt,1101.jpg,1101.txt,images/train/E120.2_N14.7_20161023_L1A0001910573-PAN15_crop2.jpg,labels/train/E120.2_N14.7_20161023_L1A0001910573-PAN15_crop2.txt,images/train/1101.jpg,labels/train/1101.txt
1102,1102,E120.2_N14.7_20161023_L1A0001910573-PAN15_crop3.jpg,E120.2_N14.7_20161023_L1A0001910573-PAN15_crop3.txt,1102.jpg,1102.txt,images/train/E120.2_N14.7_20161023_L1A0001910573-PAN15_crop3.jpg,labels/train/E120.2_N14.7_20161023_L1A0001910573-PAN15_crop3.txt,images/train/1102.jpg,labels/train/1102.txt
1103,1103,E120.2_N14.7_20161023_L1A0001910573-PAN15_crop4.jpg,E120.2_N14.7_20161023_L1A0001910573-PAN15_crop4.txt,1103.jpg,1103.txt,images/train/E120.2_N14.7_20161023_L1A0001910573-PAN15_crop4.jpg,labels/train/E120.2_N14.7_20161023_L1A0001910573-PAN15_crop4.txt,images/train/1103.jpg,labels/train/1103.txt
1104,1104,E120.2_N14.7_20161023_L1A0001910573-PAN19_crop1.jpg,E120.2_N14.7_20161023_L1A0001910573-PAN19_crop1.txt,1104.jpg,1104.txt,images/train/E120.2_N14.7_20161023_L1A0001910573-PAN19_crop1.jpg,labels/train/E120.2_N14.7_20161023_L1A0001910573-PAN19_crop1.txt,images/train/1104.jpg,labels/train/1104.txt
1105,1105,E120.2_N14.7_20161023_L1A0001910573-PAN19_crop2.jpg,E120.2_N14.7_20161023_L1A0001910573-PAN19_crop2.txt,1105.jpg,1105.txt,images/train/E120.2_N14.7_20161023_L1A0001910573-PAN19_crop2.jpg,labels/train/E120.2_N14.7_20161023_L1A0001910573-PAN19_crop2.txt,images/train/1105.jpg,labels/train/1105.txt
1106,1106,E120.2_N14.7_20161023_L1A0001910573-PAN19_crop3.jpg,E120.2_N14.7_20161023_L1A0001910573-PAN19_crop3.txt,1106.jpg,1106.txt,images/train/E120.2_N14.7_20161023_L1A0001910573-PAN19_crop3.jpg,labels/train/E120.2_N14.7_20161023_L1A0001910573-PAN19_crop3.txt,images/train/1106.jpg,labels/train/1106.txt
1107,1107,E120.2_N14.7_20161023_L1A0001910573-PAN19_crop6.jpg,E120.2_N14.7_20161023_L1A0001910573-PAN19_crop6.txt,1107.jpg,1107.txt,images/train/E120.2_N14.7_20161023_L1A0001910573-PAN19_crop6.jpg,labels/train/E120.2_N14.7_20161023_L1A0001910573-PAN19_crop6.txt,images/train/1107.jpg,labels/train/1107.txt
1108,1108,E120.2_N14.7_20190309_L1A0003875932-PAN10_crop1.jpg,E120.2_N14.7_20190309_L1A0003875932-PAN10_crop1.txt,1108.jpg,1108.txt,images/train/E120.2_N14.7_20190309_L1A0003875932-PAN10_crop1.jpg,labels/train/E120.2_N14.7_20190309_L1A0003875932-PAN10_crop1.txt,images/train/1108.jpg,labels/train/1108.txt
1109,1109,E120.2_N14.7_20190309_L1A0003875932-PAN10_crop2.jpg,E120.2_N14.7_20190309_L1A0003875932-PAN10_crop2.txt,1109.jpg,1109.txt,images/train/E120.2_N14.7_20190309_L1A0003875932-PAN10_crop2.jpg,labels/train/E120.2_N14.7_20190309_L1A0003875932-PAN10_crop2.txt,images/train/1109.jpg,labels/train/1109.txt
1110,1110,E120.2_N14.7_20190309_L1A0003875932-PAN13_crop1.jpg,E120.2_N14.7_20190309_L1A0003875932-PAN13_crop1.txt,1110.jpg,1110.txt,images/train/E120.2_N14.7_20190309_L1A0003875932-PAN13_crop1.jpg,labels/train/E120.2_N14.7_20190309_L1A0003875932-PAN13_crop1.txt,images/train/1110.jpg,labels/train/1110.txt
1111,1111,E120.2_N14.7_20190309_L1A0003875932-PAN14_crop1.jpg,E120.2_N14.7_20190309_L1A0003875932-PAN14_crop1.txt,1111.jpg,1111.txt,images/train/E120.2_N14.7_20190309_L1A0003875932-PAN14_crop1.jpg,labels/train/E120.2_N14.7_20190309_L1A0003875932-PAN14_crop1.txt,images/train/1111.jpg,labels/train/1111.txt
1112,1112,E120.2_N14.7_20190309_L1A0003875932-PAN17_crop1.jpg,E120.2_N14.7_20190309_L1A0003875932-PAN17_crop1.txt,1112.jpg,1112.txt,images/train/E120.2_N14.7_20190309_L1A0003875932-PAN17_crop1.jpg,labels/train/E120.2_N14.7_20190309_L1A0003875932-PAN17_crop1.txt,images/train/1112.jpg,labels/train/1112.txt
1113,1113,E120.2_N14.9_20190309_L1A0003875931-PAN11_crop1.jpg,E120.2_N14.9_20190309_L1A0003875931-PAN11_crop1.txt,1113.jpg,1113.txt,images/train/E120.2_N14.9_20190309_L1A0003875931-PAN11_crop1.jpg,labels/train/E120.2_N14.9_20190309_L1A0003875931-PAN11_crop1.txt,images/train/1113.jpg,labels/train/1113.txt
1114,1114,E120.2_N14.9_20190309_L1A0003875931-PAN13_crop1.jpg,E120.2_N14.9_20190309_L1A0003875931-PAN13_crop1.txt,1114.jpg,1114.txt,images/train/E120.2_N14.9_20190309_L1A0003875931-PAN13_crop1.jpg,labels/train/E120.2_N14.9_20190309_L1A0003875931-PAN13_crop1.txt,images/train/1114.jpg,labels/train/1114.txt
1115,1115,E120.2_N14.9_20190309_L1A0003875931-PAN15_crop2.jpg,E120.2_N14.9_20190309_L1A0003875931-PAN15_crop2.txt,1115.jpg,1115.txt,images/train/E120.2_N14.9_20190309_L1A0003875931-PAN15_crop2.jpg,labels/train/E120.2_N14.9_20190309_L1A0003875931-PAN15_crop2.txt,images/train/1115.jpg,labels/train/1115.txt
1116,1116,E120.2_N14.9_20190309_L1A0003875931-PAN15_crop3.jpg,E120.2_N14.9_20190309_L1A0003875931-PAN15_crop3.txt,1116.jpg,1116.txt,images/train/E120.2_N14.9_20190309_L1A0003875931-PAN15_crop3.jpg,labels/train/E120.2_N14.9_20190309_L1A0003875931-PAN15_crop3.txt,images/train/1116.jpg,labels/train/1116.txt
1117,1117,E120.2_N14.9_20190309_L1A0003875931-PAN15_crop4.jpg,E120.2_N14.9_20190309_L1A0003875931-PAN15_crop4.txt,1117.jpg,1117.txt,images/train/E120.2_N14.9_20190309_L1A0003875931-PAN15_crop4.jpg,labels/train/E120.2_N14.9_20190309_L1A0003875931-PAN15_crop4.txt,images/train/1117.jpg,labels/train/1117.txt
1118,1118,E120.2_N14.9_20190309_L1A0003875931-PAN15_crop5.jpg,E120.2_N14.9_20190309_L1A0003875931-PAN15_crop5.txt,1118.jpg,1118.txt,images/train/E120.2_N14.9_20190309_L1A0003875931-PAN15_crop5.jpg,labels/train/E120.2_N14.9_20190309_L1A0003875931-PAN15_crop5.txt,images/train/1118.jpg,labels/train/1118.txt
1119,1119,E121.9_N31.2_20181003_L2A0003786874-PAN11_crop1.jpg,E121.9_N31.2_20181003_L2A0003786874-PAN11_crop1.txt,1119.jpg,1119.txt,images/train/E121.9_N31.2_20181003_L2A0003786874-PAN11_crop1.jpg,labels/train/E121.9_N31.2_20181003_L2A0003786874-PAN11_crop1.txt,images/train/1119.jpg,labels/train/1119.txt
1120,1120,E121.9_N31.2_20181003_L2A0003786874-PAN11_crop2.jpg,E121.9_N31.2_20181003_L2A0003786874-PAN11_crop2.txt,1120.jpg,1120.txt,images/train/E121.9_N31.2_20181003_L2A0003786874-PAN11_crop2.jpg,labels/train/E121.9_N31.2_20181003_L2A0003786874-PAN11_crop2.txt,images/train/1120.jpg,labels/train/1120.txt
1121,1121,E121.9_N31.2_20181003_L2A0003786874-PAN12_crop1.jpg,E121.9_N31.2_20181003_L2A0003786874-PAN12_crop1.txt,1121.jpg,1121.txt,images/train/E121.9_N31.2_20181003_L2A0003786874-PAN12_crop1.jpg,labels/train/E121.9_N31.2_20181003_L2A0003786874-PAN12_crop1.txt,images/train/1121.jpg,labels/train/1121.txt
1122,1122,E121.9_N31.2_20181003_L2A0003786874-PAN12_crop2.jpg,E121.9_N31.2_20181003_L2A0003786874-PAN12_crop2.txt,1122.jpg,1122.txt,images/train/E121.9_N31.2_20181003_L2A0003786874-PAN12_crop2.jpg,labels/train/E121.9_N31.2_20181003_L2A0003786874-PAN12_crop2.txt,images/train/1122.jpg,labels/train/1122.txt
1123,1123,E121.9_N31.2_20181003_L2A0003786874-PAN14_crop1.jpg,E121.9_N31.2_20181003_L2A0003786874-PAN14_crop1.txt,1123.jpg,1123.txt,images/train/E121.9_N31.2_20181003_L2A0003786874-PAN14_crop1.jpg,labels/train/E121.9_N31.2_20181003_L2A0003786874-PAN14_crop1.txt,images/train/1123.jpg,labels/train/1123.txt
1124,1124,E121.9_N31.2_20181003_L2A0003786874-PAN14_crop2.jpg,E121.9_N31.2_20181003_L2A0003786874-PAN14_crop2.txt,1124.jpg,1124.txt,images/train/E121.9_N31.2_20181003_L2A0003786874-PAN14_crop2.jpg,labels/train/E121.9_N31.2_20181003_L2A0003786874-PAN14_crop2.txt,images/train/1124.jpg,labels/train/1124.txt
1125,1125,E121.9_N31.2_20181003_L2A0003786874-PAN14_crop3.jpg,E121.9_N31.2_20181003_L2A0003786874-PAN14_crop3.txt,1125.jpg,1125.txt,images/train/E121.9_N31.2_20181003_L2A0003786874-PAN14_crop3.jpg,labels/train/E121.9_N31.2_20181003_L2A0003786874-PAN14_crop3.txt,images/train/1125.jpg,labels/train/1125.txt
1126,1126,E121.9_N31.2_20181003_L2A0003786874-PAN15_crop1.jpg,E121.9_N31.2_20181003_L2A0003786874-PAN15_crop1.txt,1126.jpg,1126.txt,images/train/E121.9_N31.2_20181003_L2A0003786874-PAN15_crop1.jpg,labels/train/E121.9_N31.2_20181003_L2A0003786874-PAN15_crop1.txt,images/train/1126.jpg,labels/train/1126.txt
1127,1127,E121.9_N31.2_20181003_L2A0003786874-PAN15_crop2.jpg,E121.9_N31.2_20181003_L2A0003786874-PAN15_crop2.txt,1127.jpg,1127.txt,images/train/E121.9_N31.2_20181003_L2A0003786874-PAN15_crop2.jpg,labels/train/E121.9_N31.2_20181003_L2A0003786874-PAN15_crop2.txt,images/train/1127.jpg,labels/train/1127.txt
1128,1128,E121.9_N31.2_20181003_L2A0003786874-PAN15_crop3.jpg,E121.9_N31.2_20181003_L2A0003786874-PAN15_crop3.txt,1128.jpg,1128.txt,images/train/E121.9_N31.2_20181003_L2A0003786874-PAN15_crop3.jpg,labels/train/E121.9_N31.2_20181003_L2A0003786874-PAN15_crop3.txt,images/train/1128.jpg,labels/train/1128.txt
1129,1129,E121.9_N31.2_20181003_L2A0003786874-PAN18_crop1.jpg,E121.9_N31.2_20181003_L2A0003786874-PAN18_crop1.txt,1129.jpg,1129.txt,images/train/E121.9_N31.2_20181003_L2A0003786874-PAN18_crop1.jpg,labels/train/E121.9_N31.2_20181003_L2A0003786874-PAN18_crop1.txt,images/train/1129.jpg,labels/train/1129.txt
1130,1130,E121.9_N31.2_20181003_L2A0003786874-PAN18_crop2.jpg,E121.9_N31.2_20181003_L2A0003786874-PAN18_crop2.txt,1130.jpg,1130.txt,images/train/E121.9_N31.2_20181003_L2A0003786874-PAN18_crop2.jpg,labels/train/E121.9_N31.2_20181003_L2A0003786874-PAN18_crop2.txt,images/train/1130.jpg,labels/train/1130.txt
1131,1131,E127.6_N26.2_20190313_L1A0003881008-PAN18_crop1.jpg,E127.6_N26.2_20190313_L1A0003881008-PAN18_crop1.txt,1131.jpg,1131.txt,images/train/E127.6_N26.2_20190313_L1A0003881008-PAN18_crop1.jpg,labels/train/E127.6_N26.2_20190313_L1A0003881008-PAN18_crop1.txt,images/train/1131.jpg,labels/train/1131.txt
1132,1132,E127.9_N26.4_20170304_L1A0002218828-PAN14_crop1.jpg,E127.9_N26.4_20170304_L1A0002218828-PAN14_crop1.txt,1132.jpg,1132.txt,images/train/E127.9_N26.4_20170304_L1A0002218828-PAN14_crop1.jpg,labels/train/E127.9_N26.4_20170304_L1A0002218828-PAN14_crop1.txt,images/train/1132.jpg,labels/train/1132.txt
1133,1133,E127.9_N26.4_20170304_L1A0002218828-PAN14_crop2.jpg,E127.9_N26.4_20170304_L1A0002218828-PAN14_crop2.txt,1133.jpg,1133.txt,images/train/E127.9_N26.4_20170304_L1A0002218828-PAN14_crop2.jpg,labels/train/E127.9_N26.4_20170304_L1A0002218828-PAN14_crop2.txt,images/train/1133.jpg,labels/train/1133.txt
1134,1134,E127.9_N26.4_20181214_L1A0003681395-PAN18_crop1.jpg,E127.9_N26.4_20181214_L1A0003681395-PAN18_crop1.txt,1134.jpg,1134.txt,images/train/E127.9_N26.4_20181214_L1A0003681395-PAN18_crop1.jpg,labels/train/E127.9_N26.4_20181214_L1A0003681395-PAN18_crop1.txt,images/train/1134.jpg,labels/train/1134.txt
1135,1135,E128.0_N26.3_20180531_L1A0003228719-PAN20_crop1.jpg,E128.0_N26.3_20180531_L1A0003228719-PAN20_crop1.txt,1135.jpg,1135.txt,images/train/E128.0_N26.3_20180531_L1A0003228719-PAN20_crop1.jpg,labels/train/E128.0_N26.3_20180531_L1A0003228719-PAN20_crop1.txt,images/train/1135.jpg,labels/train/1135.txt
1136,1136,E129.6_N33.1_20161027_L1A0001918498-PAN25_crop2.jpg,E129.6_N33.1_20161027_L1A0001918498-PAN25_crop2.txt,1136.jpg,1136.txt,images/train/E129.6_N33.1_20161027_L1A0001918498-PAN25_crop2.jpg,labels/train/E129.6_N33.1_20161027_L1A0001918498-PAN25_crop2.txt,images/train/1136.jpg,labels/train/1136.txt
1137,1137,E129.6_N33.1_20161027_L1A0001931206-PAN29_crop1.jpg,E129.6_N33.1_20161027_L1A0001931206-PAN29_crop1.txt,1137.jpg,1137.txt,images/train/E129.6_N33.1_20161027_L1A0001931206-PAN29_crop1.jpg,labels/train/E129.6_N33.1_20161027_L1A0001931206-PAN29_crop1.txt,images/train/1137.jpg,labels/train/1137.txt
1138,1138,E129.6_N33.1_20161027_L1A0001931206-PAN29_crop2.jpg,E129.6_N33.1_20161027_L1A0001931206-PAN29_crop2.txt,1138.jpg,1138.txt,images/train/E129.6_N33.1_20161027_L1A0001931206-PAN29_crop2.jpg,labels/train/E129.6_N33.1_20161027_L1A0001931206-PAN29_crop2.txt,images/train/1138.jpg,labels/train/1138.txt
1139,1139,E129.6_N33.1_20161027_L1A0001931206-PAN29_crop3.jpg,E129.6_N33.1_20161027_L1A0001931206-PAN29_crop3.txt,1139.jpg,1139.txt,images/train/E129.6_N33.1_20161027_L1A0001931206-PAN29_crop3.jpg,labels/train/E129.6_N33.1_20161027_L1A0001931206-PAN29_crop3.txt,images/train/1139.jpg,labels/train/1139.txt
1140,1140,E129.6_N33.1_20161027_L1A0001931206-PAN29_crop5.jpg,E129.6_N33.1_20161027_L1A0001931206-PAN29_crop5.txt,1140.jpg,1140.txt,images/train/E129.6_N33.1_20161027_L1A0001931206-PAN29_crop5.jpg,labels/train/E129.6_N33.1_20161027_L1A0001931206-PAN29_crop5.txt,images/train/1140.jpg,labels/train/1140.txt
1141,1141,E129.6_N33.1_20161027_L1A0001931206-PAN29_crop6.jpg,E129.6_N33.1_20161027_L1A0001931206-PAN29_crop6.txt,1141.jpg,1141.txt,images/train/E129.6_N33.1_20161027_L1A0001931206-PAN29_crop6.jpg,labels/train/E129.6_N33.1_20161027_L1A0001931206-PAN29_crop6.txt,images/train/1141.jpg,labels/train/1141.txt
1142,1142,E129.6_N33.1_20161027_L1A0001931206-PAN29_crop7.jpg,E129.6_N33.1_20161027_L1A0001931206-PAN29_crop7.txt,1142.jpg,1142.txt,images/train/E129.6_N33.1_20161027_L1A0001931206-PAN29_crop7.jpg,labels/train/E129.6_N33.1_20161027_L1A0001931206-PAN29_crop7.txt,images/train/1142.jpg,labels/train/1142.txt
1143,1143,E129.6_N33.1_20180412_L1A0003117760-PAN23_crop1.jpg,E129.6_N33.1_20180412_L1A0003117760-PAN23_crop1.txt,1143.jpg,1143.txt,images/train/E129.6_N33.1_20180412_L1A0003117760-PAN23_crop1.jpg,labels/train/E129.6_N33.1_20180412_L1A0003117760-PAN23_crop1.txt,images/train/1143.jpg,labels/train/1143.txt
1144,1144,E129.6_N33.1_20180412_L1A0003117760-PAN23_crop2.jpg,E129.6_N33.1_20180412_L1A0003117760-PAN23_crop2.txt,1144.jpg,1144.txt,images/train/E129.6_N33.1_20180412_L1A0003117760-PAN23_crop2.jpg,labels/train/E129.6_N33.1_20180412_L1A0003117760-PAN23_crop2.txt,images/train/1144.jpg,labels/train/1144.txt
1145,1145,E129.6_N33.1_20180412_L1A0003117760-PAN23_crop3.jpg,E129.6_N33.1_20180412_L1A0003117760-PAN23_crop3.txt,1145.jpg,1145.txt,images/train/E129.6_N33.1_20180412_L1A0003117760-PAN23_crop3.jpg,labels/train/E129.6_N33.1_20180412_L1A0003117760-PAN23_crop3.txt,images/train/1145.jpg,labels/train/1145.txt
1146,1146,E129.6_N33.1_20180412_L1A0003117760-PAN23_crop4.jpg,E129.6_N33.1_20180412_L1A0003117760-PAN23_crop4.txt,1146.jpg,1146.txt,images/train/E129.6_N33.1_20180412_L1A0003117760-PAN23_crop4.jpg,labels/train/E129.6_N33.1_20180412_L1A0003117760-PAN23_crop4.txt,images/train/1146.jpg,labels/train/1146.txt
1147,1147,E129.6_N33.1_20180412_L1A0003117760-PAN26_crop1.jpg,E129.6_N33.1_20180412_L1A0003117760-PAN26_crop1.txt,1147.jpg,1147.txt,images/train/E129.6_N33.1_20180412_L1A0003117760-PAN26_crop1.jpg,labels/train/E129.6_N33.1_20180412_L1A0003117760-PAN26_crop1.txt,images/train/1147.jpg,labels/train/1147.txt
1148,1148,E129.6_N33.1_20180808_L1A0003377803-PAN20_crop1.jpg,E129.6_N33.1_20180808_L1A0003377803-PAN20_crop1.txt,1148.jpg,1148.txt,images/train/E129.6_N33.1_20180808_L1A0003377803-PAN20_crop1.jpg,labels/train/E129.6_N33.1_20180808_L1A0003377803-PAN20_crop1.txt,images/train/1148.jpg,labels/train/1148.txt
1149,1149,E129.6_N33.1_20181105_L1A0003574686-PAN21_crop1.jpg,E129.6_N33.1_20181105_L1A0003574686-PAN21_crop1.txt,1149.jpg,1149.txt,images/train/E129.6_N33.1_20181105_L1A0003574686-PAN21_crop1.jpg,labels/train/E129.6_N33.1_20181105_L1A0003574686-PAN21_crop1.txt,images/train/1149.jpg,labels/train/1149.txt
1150,1150,E129.6_N33.1_20190620_L1A0004068124-PAN14_crop1.jpg,E129.6_N33.1_20190620_L1A0004068124-PAN14_crop1.txt,1150.jpg,1150.txt,images/train/E129.6_N33.1_20190620_L1A0004068124-PAN14_crop1.jpg,labels/train/E129.6_N33.1_20190620_L1A0004068124-PAN14_crop1.txt,images/train/1150.jpg,labels/train/1150.txt
1151,1151,E129.6_N33.1_20190620_L1A0004068124-PAN18_crop1.jpg,E129.6_N33.1_20190620_L1A0004068124-PAN18_crop1.txt,1151.jpg,1151.txt,images/train/E129.6_N33.1_20190620_L1A0004068124-PAN18_crop1.jpg,labels/train/E129.6_N33.1_20190620_L1A0004068124-PAN18_crop1.txt,images/train/1151.jpg,labels/train/1151.txt
1152,1152,E129.7_N33.1_20190212_L1A0003826486-PAN26_crop1.jpg,E129.7_N33.1_20190212_L1A0003826486-PAN26_crop1.txt,1152.jpg,1152.txt,images/train/E129.7_N33.1_20190212_L1A0003826486-PAN26_crop1.jpg,labels/train/E129.7_N33.1_20190212_L1A0003826486-PAN26_crop1.txt,images/train/1152.jpg,labels/train/1152.txt
1153,1153,E129.7_N33.1_20190212_L1A0003826486-PAN26_crop2.jpg,E129.7_N33.1_20190212_L1A0003826486-PAN26_crop2.txt,1153.jpg,1153.txt,images/train/E129.7_N33.1_20190212_L1A0003826486-PAN26_crop2.jpg,labels/train/E129.7_N33.1_20190212_L1A0003826486-PAN26_crop2.txt,images/train/1153.jpg,labels/train/1153.txt
1154,1154,E129.7_N33.1_20190212_L1A0003826486-PAN26_crop3.jpg,E129.7_N33.1_20190212_L1A0003826486-PAN26_crop3.txt,1154.jpg,1154.txt,images/train/E129.7_N33.1_20190212_L1A0003826486-PAN26_crop3.jpg,labels/train/E129.7_N33.1_20190212_L1A0003826486-PAN26_crop3.txt,images/train/1154.jpg,labels/train/1154.txt
1155,1155,E129.7_N33.1_20190212_L1A0003826486-PAN29_crop1.jpg,E129.7_N33.1_20190212_L1A0003826486-PAN29_crop1.txt,1155.jpg,1155.txt,images/train/E129.7_N33.1_20190212_L1A0003826486-PAN29_crop1.jpg,labels/train/E129.7_N33.1_20190212_L1A0003826486-PAN29_crop1.txt,images/train/1155.jpg,labels/train/1155.txt
1156,1156,E129.7_N33.1_20190212_L1A0003826486-PAN29_crop2.jpg,E129.7_N33.1_20190212_L1A0003826486-PAN29_crop2.txt,1156.jpg,1156.txt,images/train/E129.7_N33.1_20190212_L1A0003826486-PAN29_crop2.jpg,labels/train/E129.7_N33.1_20190212_L1A0003826486-PAN29_crop2.txt,images/train/1156.jpg,labels/train/1156.txt
1157,1157,E129.7_N33.1_20191021_L1A0004327310-PAN10_crop1.jpg,E129.7_N33.1_20191021_L1A0004327310-PAN10_crop1.txt,1157.jpg,1157.txt,images/train/E129.7_N33.1_20191021_L1A0004327310-PAN10_crop1.jpg,labels/train/E129.7_N33.1_20191021_L1A0004327310-PAN10_crop1.txt,images/train/1157.jpg,labels/train/1157.txt
1158,1158,E129.7_N33.1_20191021_L1A0004327310-PAN10_crop2.jpg,E129.7_N33.1_20191021_L1A0004327310-PAN10_crop2.txt,1158.jpg,1158.txt,images/train/E129.7_N33.1_20191021_L1A0004327310-PAN10_crop2.jpg,labels/train/E129.7_N33.1_20191021_L1A0004327310-PAN10_crop2.txt,images/train/1158.jpg,labels/train/1158.txt
1159,1159,E129.7_N33.1_20191021_L1A0004327310-PAN10_crop4.jpg,E129.7_N33.1_20191021_L1A0004327310-PAN10_crop4.txt,1159.jpg,1159.txt,images/train/E129.7_N33.1_20191021_L1A0004327310-PAN10_crop4.jpg,labels/train/E129.7_N33.1_20191021_L1A0004327310-PAN10_crop4.txt,images/train/1159.jpg,labels/train/1159.txt
1160,1160,E129.7_N33.1_20191021_L1A0004327310-PAN10_crop5.jpg,E129.7_N33.1_20191021_L1A0004327310-PAN10_crop5.txt,1160.jpg,1160.txt,images/train/E129.7_N33.1_20191021_L1A0004327310-PAN10_crop5.jpg,labels/train/E129.7_N33.1_20191021_L1A0004327310-PAN10_crop5.txt,images/train/1160.jpg,labels/train/1160.txt
1161,1161,E129.7_N33.1_20191021_L1A0004327310-PAN14_crop1.jpg,E129.7_N33.1_20191021_L1A0004327310-PAN14_crop1.txt,1161.jpg,1161.txt,images/train/E129.7_N33.1_20191021_L1A0004327310-PAN14_crop1.jpg,labels/train/E129.7_N33.1_20191021_L1A0004327310-PAN14_crop1.txt,images/train/1161.jpg,labels/train/1161.txt
1162,1162,E129.7_N33.1_20191021_L1A0004327310-PAN15_crop1.jpg,E129.7_N33.1_20191021_L1A0004327310-PAN15_crop1.txt,1162.jpg,1162.txt,images/train/E129.7_N33.1_20191021_L1A0004327310-PAN15_crop1.jpg,labels/train/E129.7_N33.1_20191021_L1A0004327310-PAN15_crop1.txt,images/train/1162.jpg,labels/train/1162.txt
1163,1163,E129.7_N33.1_20191021_L1A0004327310-PAN17_crop1.jpg,E129.7_N33.1_20191021_L1A0004327310-PAN17_crop1.txt,1163.jpg,1163.txt,images/train/E129.7_N33.1_20191021_L1A0004327310-PAN17_crop1.jpg,labels/train/E129.7_N33.1_20191021_L1A0004327310-PAN17_crop1.txt,images/train/1163.jpg,labels/train/1163.txt
1164,1164,E129.8_N33.1_20160512_L1A0001578277-PAN18_crop1.jpg,E129.8_N33.1_20160512_L1A0001578277-PAN18_crop1.txt,1164.jpg,1164.txt,images/train/E129.8_N33.1_20160512_L1A0001578277-PAN18_crop1.jpg,labels/train/E129.8_N33.1_20160512_L1A0001578277-PAN18_crop1.txt,images/train/1164.jpg,labels/train/1164.txt
1165,1165,E129.8_N33.1_20160512_L1A0001578277-PAN18_crop2.jpg,E129.8_N33.1_20160512_L1A0001578277-PAN18_crop2.txt,1165.jpg,1165.txt,images/train/E129.8_N33.1_20160512_L1A0001578277-PAN18_crop2.jpg,labels/train/E129.8_N33.1_20160512_L1A0001578277-PAN18_crop2.txt,images/train/1165.jpg,labels/train/1165.txt
1166,1166,E129.8_N33.1_20160512_L1A0001578277-PAN18_crop3.jpg,E129.8_N33.1_20160512_L1A0001578277-PAN18_crop3.txt,1166.jpg,1166.txt,images/train/E129.8_N33.1_20160512_L1A0001578277-PAN18_crop3.jpg,labels/train/E129.8_N33.1_20160512_L1A0001578277-PAN18_crop3.txt,images/train/1166.jpg,labels/train/1166.txt
1167,1167,E139.6_N35.2_20170206_L1A0002169368-PAN20_crop1.jpg,E139.6_N35.2_20170206_L1A0002169368-PAN20_crop1.txt,1167.jpg,1167.txt,images/train/E139.6_N35.2_20170206_L1A0002169368-PAN20_crop1.jpg,labels/train/E139.6_N35.2_20170206_L1A0002169368-PAN20_crop1.txt,images/train/1167.jpg,labels/train/1167.txt
1168,1168,E139.6_N35.2_20170206_L1A0002169368-PAN20_crop2.jpg,E139.6_N35.2_20170206_L1A0002169368-PAN20_crop2.txt,1168.jpg,1168.txt,images/train/E139.6_N35.2_20170206_L1A0002169368-PAN20_crop2.jpg,labels/train/E139.6_N35.2_20170206_L1A0002169368-PAN20_crop2.txt,images/train/1168.jpg,labels/train/1168.txt
1169,1169,E139.6_N35.2_20170206_L1A0002169368-PAN20_crop3.jpg,E139.6_N35.2_20170206_L1A0002169368-PAN20_crop3.txt,1169.jpg,1169.txt,images/train/E139.6_N35.2_20170206_L1A0002169368-PAN20_crop3.jpg,labels/train/E139.6_N35.2_20170206_L1A0002169368-PAN20_crop3.txt,images/train/1169.jpg,labels/train/1169.txt
1170,1170,E139.6_N35.2_20200404_L1A0004719335-PAN25_crop1.jpg,E139.6_N35.2_20200404_L1A0004719335-PAN25_crop1.txt,1170.jpg,1170.txt,images/train/E139.6_N35.2_20200404_L1A0004719335-PAN25_crop1.jpg,labels/train/E139.6_N35.2_20200404_L1A0004719335-PAN25_crop1.txt,images/train/1170.jpg,labels/train/1170.txt
1171,1171,E139.6_N35.2_20200404_L1A0004719335-PAN25_crop2.jpg,E139.6_N35.2_20200404_L1A0004719335-PAN25_crop2.txt,1171.jpg,1171.txt,images/train/E139.6_N35.2_20200404_L1A0004719335-PAN25_crop2.jpg,labels/train/E139.6_N35.2_20200404_L1A0004719335-PAN25_crop2.txt,images/train/1171.jpg,labels/train/1171.txt
1172,1172,E139.6_N35.2_20200404_L1A0004719335-PAN25_crop4.jpg,E139.6_N35.2_20200404_L1A0004719335-PAN25_crop4.txt,1172.jpg,1172.txt,images/train/E139.6_N35.2_20200404_L1A0004719335-PAN25_crop4.jpg,labels/train/E139.6_N35.2_20200404_L1A0004719335-PAN25_crop4.txt,images/train/1172.jpg,labels/train/1172.txt
1173,1173,E139.6_N35.3_20160202_L1A0001384774-PAN10_crop2.jpg,E139.6_N35.3_20160202_L1A0001384774-PAN10_crop2.txt,1173.jpg,1173.txt,images/train/E139.6_N35.3_20160202_L1A0001384774-PAN10_crop2.jpg,labels/train/E139.6_N35.3_20160202_L1A0001384774-PAN10_crop2.txt,images/train/1173.jpg,labels/train/1173.txt
1174,1174,E139.6_N35.3_20160202_L1A0001384774-PAN12_crop1.jpg,E139.6_N35.3_20160202_L1A0001384774-PAN12_crop1.txt,1174.jpg,1174.txt,images/train/E139.6_N35.3_20160202_L1A0001384774-PAN12_crop1.jpg,labels/train/E139.6_N35.3_20160202_L1A0001384774-PAN12_crop1.txt,images/train/1174.jpg,labels/train/1174.txt
1175,1175,E139.6_N35.3_20160202_L1A0001384774-PAN12_crop4.jpg,E139.6_N35.3_20160202_L1A0001384774-PAN12_crop4.txt,1175.jpg,1175.txt,images/train/E139.6_N35.3_20160202_L1A0001384774-PAN12_crop4.jpg,labels/train/E139.6_N35.3_20160202_L1A0001384774-PAN12_crop4.txt,images/train/1175.jpg,labels/train/1175.txt
1176,1176,E139.6_N35.3_20160202_L1A0001384774-PAN17_crop1.jpg,E139.6_N35.3_20160202_L1A0001384774-PAN17_crop1.txt,1176.jpg,1176.txt,images/train/E139.6_N35.3_20160202_L1A0001384774-PAN17_crop1.jpg,labels/train/E139.6_N35.3_20160202_L1A0001384774-PAN17_crop1.txt,images/train/1176.jpg,labels/train/1176.txt
1177,1177,E139.6_N35.3_20160202_L1A0001384774-PAN17_crop2.jpg,E139.6_N35.3_20160202_L1A0001384774-PAN17_crop2.txt,1177.jpg,1177.txt,images/train/E139.6_N35.3_20160202_L1A0001384774-PAN17_crop2.jpg,labels/train/E139.6_N35.3_20160202_L1A0001384774-PAN17_crop2.txt,images/train/1177.jpg,labels/train/1177.txt
1178,1178,E139.6_N35.3_20160202_L1A0001384774-PAN17_crop3.jpg,E139.6_N35.3_20160202_L1A0001384774-PAN17_crop3.txt,1178.jpg,1178.txt,images/train/E139.6_N35.3_20160202_L1A0001384774-PAN17_crop3.jpg,labels/train/E139.6_N35.3_20160202_L1A0001384774-PAN17_crop3.txt,images/train/1178.jpg,labels/train/1178.txt
1179,1179,E139.6_N35.3_20160202_L1A0001384774-PAN19_crop1.jpg,E139.6_N35.3_20160202_L1A0001384774-PAN19_crop1.txt,1179.jpg,1179.txt,images/train/E139.6_N35.3_20160202_L1A0001384774-PAN19_crop1.jpg,labels/train/E139.6_N35.3_20160202_L1A0001384774-PAN19_crop1.txt,images/train/1179.jpg,labels/train/1179.txt
1180,1180,E139.6_N35.3_20160202_L1A0001384774-PAN19_crop2.jpg,E139.6_N35.3_20160202_L1A0001384774-PAN19_crop2.txt,1180.jpg,1180.txt,images/train/E139.6_N35.3_20160202_L1A0001384774-PAN19_crop2.jpg,labels/train/E139.6_N35.3_20160202_L1A0001384774-PAN19_crop2.txt,images/train/1180.jpg,labels/train/1180.txt
1181,1181,E139.6_N35.3_20160202_L1A0001384774-PAN19_crop4.jpg,E139.6_N35.3_20160202_L1A0001384774-PAN19_crop4.txt,1181.jpg,1181.txt,images/train/E139.6_N35.3_20160202_L1A0001384774-PAN19_crop4.jpg,labels/train/E139.6_N35.3_20160202_L1A0001384774-PAN19_crop4.txt,images/train/1181.jpg,labels/train/1181.txt
1182,1182,E139.6_N35.3_20160202_L1A0001384774-PAN19_crop5.jpg,E139.6_N35.3_20160202_L1A0001384774-PAN19_crop5.txt,1182.jpg,1182.txt,images/train/E139.6_N35.3_20160202_L1A0001384774-PAN19_crop5.jpg,labels/train/E139.6_N35.3_20160202_L1A0001384774-PAN19_crop5.txt,images/train/1182.jpg,labels/train/1182.txt
1183,1183,E139.6_N35.3_20170122_L1A0002138611-PAN11_crop1.jpg,E139.6_N35.3_20170122_L1A0002138611-PAN11_crop1.txt,1183.jpg,1183.txt,images/train/E139.6_N35.3_20170122_L1A0002138611-PAN11_crop1.jpg,labels/train/E139.6_N35.3_20170122_L1A0002138611-PAN11_crop1.txt,images/train/1183.jpg,labels/train/1183.txt
1184,1184,E139.6_N35.3_20170122_L1A0002138611-PAN11_crop2.jpg,E139.6_N35.3_20170122_L1A0002138611-PAN11_crop2.txt,1184.jpg,1184.txt,images/train/E139.6_N35.3_20170122_L1A0002138611-PAN11_crop2.jpg,labels/train/E139.6_N35.3_20170122_L1A0002138611-PAN11_crop2.txt,images/train/1184.jpg,labels/train/1184.txt
1185,1185,E139.6_N35.3_20170122_L1A0002138611-PAN11_crop3.jpg,E139.6_N35.3_20170122_L1A0002138611-PAN11_crop3.txt,1185.jpg,1185.txt,images/train/E139.6_N35.3_20170122_L1A0002138611-PAN11_crop3.jpg,labels/train/E139.6_N35.3_20170122_L1A0002138611-PAN11_crop3.txt,images/train/1185.jpg,labels/train/1185.txt
1186,1186,E139.6_N35.3_20170122_L1A0002138611-PAN11_crop4.jpg,E139.6_N35.3_20170122_L1A0002138611-PAN11_crop4.txt,1186.jpg,1186.txt,images/train/E139.6_N35.3_20170122_L1A0002138611-PAN11_crop4.jpg,labels/train/E139.6_N35.3_20170122_L1A0002138611-PAN11_crop4.txt,images/train/1186.jpg,labels/train/1186.txt
1187,1187,E139.6_N35.3_20170122_L1A0002138611-PAN11_crop5.jpg,E139.6_N35.3_20170122_L1A0002138611-PAN11_crop5.txt,1187.jpg,1187.txt,images/train/E139.6_N35.3_20170122_L1A0002138611-PAN11_crop5.jpg,labels/train/E139.6_N35.3_20170122_L1A0002138611-PAN11_crop5.txt,images/train/1187.jpg,labels/train/1187.txt
1188,1188,E139.6_N35.3_20170122_L1A0002138611-PAN11_crop6.jpg,E139.6_N35.3_20170122_L1A0002138611-PAN11_crop6.txt,1188.jpg,1188.txt,images/train/E139.6_N35.3_20170122_L1A0002138611-PAN11_crop6.jpg,labels/train/E139.6_N35.3_20170122_L1A0002138611-PAN11_crop6.txt,images/train/1188.jpg,labels/train/1188.txt
1189,1189,E139.6_N35.3_20170312_L1A0002233573-PAN11_crop1.jpg,E139.6_N35.3_20170312_L1A0002233573-PAN11_crop1.txt,1189.jpg,1189.txt,images/train/E139.6_N35.3_20170312_L1A0002233573-PAN11_crop1.jpg,labels/train/E139.6_N35.3_20170312_L1A0002233573-PAN11_crop1.txt,images/train/1189.jpg,labels/train/1189.txt
1190,1190,E139.6_N35.3_20170312_L1A0002233573-PAN11_crop3.jpg,E139.6_N35.3_20170312_L1A0002233573-PAN11_crop3.txt,1190.jpg,1190.txt,images/train/E139.6_N35.3_20170312_L1A0002233573-PAN11_crop3.jpg,labels/train/E139.6_N35.3_20170312_L1A0002233573-PAN11_crop3.txt,images/train/1190.jpg,labels/train/1190.txt
1191,1191,E139.6_N35.3_20170312_L1A0002233573-PAN11_crop4.jpg,E139.6_N35.3_20170312_L1A0002233573-PAN11_crop4.txt,1191.jpg,1191.txt,images/train/E139.6_N35.3_20170312_L1A0002233573-PAN11_crop4.jpg,labels/train/E139.6_N35.3_20170312_L1A0002233573-PAN11_crop4.txt,images/train/1191.jpg,labels/train/1191.txt
1192,1192,E139.6_N35.3_20170312_L1A0002233573-PAN11_crop5.jpg,E139.6_N35.3_20170312_L1A0002233573-PAN11_crop5.txt,1192.jpg,1192.txt,images/train/E139.6_N35.3_20170312_L1A0002233573-PAN11_crop5.jpg,labels/train/E139.6_N35.3_20170312_L1A0002233573-PAN11_crop5.txt,images/train/1192.jpg,labels/train/1192.txt
1193,1193,E139.6_N35.3_20170312_L1A0002233573-PAN11_crop6.jpg,E139.6_N35.3_20170312_L1A0002233573-PAN11_crop6.txt,1193.jpg,1193.txt,images/train/E139.6_N35.3_20170312_L1A0002233573-PAN11_crop6.jpg,labels/train/E139.6_N35.3_20170312_L1A0002233573-PAN11_crop6.txt,images/train/1193.jpg,labels/train/1193.txt
1194,1194,E139.6_N35.3_20170312_L1A0002233573-PAN12_crop1.jpg,E139.6_N35.3_20170312_L1A0002233573-PAN12_crop1.txt,1194.jpg,1194.txt,images/train/E139.6_N35.3_20170312_L1A0002233573-PAN12_crop1.jpg,labels/train/E139.6_N35.3_20170312_L1A0002233573-PAN12_crop1.txt,images/train/1194.jpg,labels/train/1194.txt
1195,1195,E139.6_N35.3_20170312_L1A0002233573-PAN12_crop2.jpg,E139.6_N35.3_20170312_L1A0002233573-PAN12_crop2.txt,1195.jpg,1195.txt,images/train/E139.6_N35.3_20170312_L1A0002233573-PAN12_crop2.jpg,labels/train/E139.6_N35.3_20170312_L1A0002233573-PAN12_crop2.txt,images/train/1195.jpg,labels/train/1195.txt
1196,1196,E139.6_N35.3_20170312_L1A0002233573-PAN12_crop3.jpg,E139.6_N35.3_20170312_L1A0002233573-PAN12_crop3.txt,1196.jpg,1196.txt,images/train/E139.6_N35.3_20170312_L1A0002233573-PAN12_crop3.jpg,labels/train/E139.6_N35.3_20170312_L1A0002233573-PAN12_crop3.txt,images/train/1196.jpg,labels/train/1196.txt
1197,1197,E139.6_N35.3_20170312_L1A0002233573-PAN12_crop4.jpg,E139.6_N35.3_20170312_L1A0002233573-PAN12_crop4.txt,1197.jpg,1197.txt,images/train/E139.6_N35.3_20170312_L1A0002233573-PAN12_crop4.jpg,labels/train/E139.6_N35.3_20170312_L1A0002233573-PAN12_crop4.txt,images/train/1197.jpg,labels/train/1197.txt
1198,1198,E139.6_N35.3_20170312_L1A0002233573-PAN12_crop5.jpg,E139.6_N35.3_20170312_L1A0002233573-PAN12_crop5.txt,1198.jpg,1198.txt,images/train/E139.6_N35.3_20170312_L1A0002233573-PAN12_crop5.jpg,labels/train/E139.6_N35.3_20170312_L1A0002233573-PAN12_crop5.txt,images/train/1198.jpg,labels/train/1198.txt
1199,1199,E139.6_N35.3_20190121_L1A0003778345-PAN12_crop1.jpg,E139.6_N35.3_20190121_L1A0003778345-PAN12_crop1.txt,1199.jpg,1199.txt,images/train/E139.6_N35.3_20190121_L1A0003778345-PAN12_crop1.jpg,labels/train/E139.6_N35.3_20190121_L1A0003778345-PAN12_crop1.txt,images/train/1199.jpg,labels/train/1199.txt
1200,1200,E139.6_N35.3_20190121_L1A0003778345-PAN19_crop1.jpg,E139.6_N35.3_20190121_L1A0003778345-PAN19_crop1.txt,1200.jpg,1200.txt,images/train/E139.6_N35.3_20190121_L1A0003778345-PAN19_crop1.jpg,labels/train/E139.6_N35.3_20190121_L1A0003778345-PAN19_crop1.txt,images/train/1200.jpg,labels/train/1200.txt
1201,1201,E139.6_N35.3_20190121_L1A0003778345-PAN19_crop2.jpg,E139.6_N35.3_20190121_L1A0003778345-PAN19_crop2.txt,1201.jpg,1201.txt,images/train/E139.6_N35.3_20190121_L1A0003778345-PAN19_crop2.jpg,labels/train/E139.6_N35.3_20190121_L1A0003778345-PAN19_crop2.txt,images/train/1201.jpg,labels/train/1201.txt
1202,1202,E139.6_N35.3_20190126_L1A0003789781-PAN10_crop1.jpg,E139.6_N35.3_20190126_L1A0003789781-PAN10_crop1.txt,1202.jpg,1202.txt,images/train/E139.6_N35.3_20190126_L1A0003789781-PAN10_crop1.jpg,labels/train/E139.6_N35.3_20190126_L1A0003789781-PAN10_crop1.txt,images/train/1202.jpg,labels/train/1202.txt
1203,1203,E139.6_N35.3_20190126_L1A0003789781-PAN13_crop1.jpg,E139.6_N35.3_20190126_L1A0003789781-PAN13_crop1.txt,1203.jpg,1203.txt,images/train/E139.6_N35.3_20190126_L1A0003789781-PAN13_crop1.jpg,labels/train/E139.6_N35.3_20190126_L1A0003789781-PAN13_crop1.txt,images/train/1203.jpg,labels/train/1203.txt
1204,1204,E139.6_N35.3_20190126_L1A0003789781-PAN16_crop1.jpg,E139.6_N35.3_20190126_L1A0003789781-PAN16_crop1.txt,1204.jpg,1204.txt,images/train/E139.6_N35.3_20190126_L1A0003789781-PAN16_crop1.jpg,labels/train/E139.6_N35.3_20190126_L1A0003789781-PAN16_crop1.txt,images/train/1204.jpg,labels/train/1204.txt
1205,1205,E139.6_N35.3_20190126_L1A0003789781-PAN16_crop2.jpg,E139.6_N35.3_20190126_L1A0003789781-PAN16_crop2.txt,1205.jpg,1205.txt,images/train/E139.6_N35.3_20190126_L1A0003789781-PAN16_crop2.jpg,labels/train/E139.6_N35.3_20190126_L1A0003789781-PAN16_crop2.txt,images/train/1205.jpg,labels/train/1205.txt
1206,1206,E139.6_N35.3_20190126_L1A0003789781-PAN16_crop3.jpg,E139.6_N35.3_20190126_L1A0003789781-PAN16_crop3.txt,1206.jpg,1206.txt,images/train/E139.6_N35.3_20190126_L1A0003789781-PAN16_crop3.jpg,labels/train/E139.6_N35.3_20190126_L1A0003789781-PAN16_crop3.txt,images/train/1206.jpg,labels/train/1206.txt
1207,1207,E139.6_N35.3_20190126_L1A0003789781-PAN19_crop1.jpg,E139.6_N35.3_20190126_L1A0003789781-PAN19_crop1.txt,1207.jpg,1207.txt,images/train/E139.6_N35.3_20190126_L1A0003789781-PAN19_crop1.jpg,labels/train/E139.6_N35.3_20190126_L1A0003789781-PAN19_crop1.txt,images/train/1207.jpg,labels/train/1207.txt
1208,1208,E139.6_N35.3_20200101_L1A0004517353-PAN10_crop1.jpg,E139.6_N35.3_20200101_L1A0004517353-PAN10_crop1.txt,1208.jpg,1208.txt,images/train/E139.6_N35.3_20200101_L1A0004517353-PAN10_crop1.jpg,labels/train/E139.6_N35.3_20200101_L1A0004517353-PAN10_crop1.txt,images/train/1208.jpg,labels/train/1208.txt
1209,1209,E139.6_N35.3_20200101_L1A0004517353-PAN10_crop2.jpg,E139.6_N35.3_20200101_L1A0004517353-PAN10_crop2.txt,1209.jpg,1209.txt,images/train/E139.6_N35.3_20200101_L1A0004517353-PAN10_crop2.jpg,labels/train/E139.6_N35.3_20200101_L1A0004517353-PAN10_crop2.txt,images/train/1209.jpg,labels/train/1209.txt
1210,1210,E139.6_N35.3_20200101_L1A0004517353-PAN10_crop3.jpg,E139.6_N35.3_20200101_L1A0004517353-PAN10_crop3.txt,1210.jpg,1210.txt,images/train/E139.6_N35.3_20200101_L1A0004517353-PAN10_crop3.jpg,labels/train/E139.6_N35.3_20200101_L1A0004517353-PAN10_crop3.txt,images/train/1210.jpg,labels/train/1210.txt
1211,1211,E139.6_N35.3_20200101_L1A0004517353-PAN10_crop5.jpg,E139.6_N35.3_20200101_L1A0004517353-PAN10_crop5.txt,1211.jpg,1211.txt,images/train/E139.6_N35.3_20200101_L1A0004517353-PAN10_crop5.jpg,labels/train/E139.6_N35.3_20200101_L1A0004517353-PAN10_crop5.txt,images/train/1211.jpg,labels/train/1211.txt
1212,1212,E139.6_N35.3_20200101_L1A0004517353-PAN14_crop1.jpg,E139.6_N35.3_20200101_L1A0004517353-PAN14_crop1.txt,1212.jpg,1212.txt,images/train/E139.6_N35.3_20200101_L1A0004517353-PAN14_crop1.jpg,labels/train/E139.6_N35.3_20200101_L1A0004517353-PAN14_crop1.txt,images/train/1212.jpg,labels/train/1212.txt
1213,1213,E139.6_N35.4_20180420_L1A0003133739-PAN12_crop2.jpg,E139.6_N35.4_20180420_L1A0003133739-PAN12_crop2.txt,1213.jpg,1213.txt,images/train/E139.6_N35.4_20180420_L1A0003133739-PAN12_crop2.jpg,labels/train/E139.6_N35.4_20180420_L1A0003133739-PAN12_crop2.txt,images/train/1213.jpg,labels/train/1213.txt
1214,1214,E139.6_N35.4_20180420_L1A0003133739-PAN12_crop3.jpg,E139.6_N35.4_20180420_L1A0003133739-PAN12_crop3.txt,1214.jpg,1214.txt,images/train/E139.6_N35.4_20180420_L1A0003133739-PAN12_crop3.jpg,labels/train/E139.6_N35.4_20180420_L1A0003133739-PAN12_crop3.txt,images/train/1214.jpg,labels/train/1214.txt
1215,1215,E139.6_N35.4_20180420_L1A0003133739-PAN13_crop1.jpg,E139.6_N35.4_20180420_L1A0003133739-PAN13_crop1.txt,1215.jpg,1215.txt,images/train/E139.6_N35.4_20180420_L1A0003133739-PAN13_crop1.jpg,labels/train/E139.6_N35.4_20180420_L1A0003133739-PAN13_crop1.txt,images/train/1215.jpg,labels/train/1215.txt
1216,1216,E139.6_N35.4_20180420_L1A0003133739-PAN13_crop10.jpg,E139.6_N35.4_20180420_L1A0003133739-PAN13_crop10.txt,1216.jpg,1216.txt,images/train/E139.6_N35.4_20180420_L1A0003133739-PAN13_crop10.jpg,labels/train/E139.6_N35.4_20180420_L1A0003133739-PAN13_crop10.txt,images/train/1216.jpg,labels/train/1216.txt
1217,1217,E139.6_N35.4_20180420_L1A0003133739-PAN13_crop11.jpg,E139.6_N35.4_20180420_L1A0003133739-PAN13_crop11.txt,1217.jpg,1217.txt,images/train/E139.6_N35.4_20180420_L1A0003133739-PAN13_crop11.jpg,labels/train/E139.6_N35.4_20180420_L1A0003133739-PAN13_crop11.txt,images/train/1217.jpg,labels/train/1217.txt
1218,1218,E139.6_N35.4_20180420_L1A0003133739-PAN13_crop14.jpg,E139.6_N35.4_20180420_L1A0003133739-PAN13_crop14.txt,1218.jpg,1218.txt,images/train/E139.6_N35.4_20180420_L1A0003133739-PAN13_crop14.jpg,labels/train/E139.6_N35.4_20180420_L1A0003133739-PAN13_crop14.txt,images/train/1218.jpg,labels/train/1218.txt
1219,1219,E139.6_N35.4_20180420_L1A0003133739-PAN13_crop15.jpg,E139.6_N35.4_20180420_L1A0003133739-PAN13_crop15.txt,1219.jpg,1219.txt,images/train/E139.6_N35.4_20180420_L1A0003133739-PAN13_crop15.jpg,labels/train/E139.6_N35.4_20180420_L1A0003133739-PAN13_crop15.txt,images/train/1219.jpg,labels/train/1219.txt
1220,1220,E139.6_N35.4_20180420_L1A0003133739-PAN13_crop16.jpg,E139.6_N35.4_20180420_L1A0003133739-PAN13_crop16.txt,1220.jpg,1220.txt,images/train/E139.6_N35.4_20180420_L1A0003133739-PAN13_crop16.jpg,labels/train/E139.6_N35.4_20180420_L1A0003133739-PAN13_crop16.txt,images/train/1220.jpg,labels/train/1220.txt
1221,1221,E139.6_N35.4_20180420_L1A0003133739-PAN13_crop2.jpg,E139.6_N35.4_20180420_L1A0003133739-PAN13_crop2.txt,1221.jpg,1221.txt,images/train/E139.6_N35.4_20180420_L1A0003133739-PAN13_crop2.jpg,labels/train/E139.6_N35.4_20180420_L1A0003133739-PAN13_crop2.txt,images/train/1221.jpg,labels/train/1221.txt
1222,1222,E139.6_N35.4_20180420_L1A0003133739-PAN13_crop3.jpg,E139.6_N35.4_20180420_L1A0003133739-PAN13_crop3.txt,1222.jpg,1222.txt,images/train/E139.6_N35.4_20180420_L1A0003133739-PAN13_crop3.jpg,labels/train/E139.6_N35.4_20180420_L1A0003133739-PAN13_crop3.txt,images/train/1222.jpg,labels/train/1222.txt
1223,1223,E139.6_N35.4_20180420_L1A0003133739-PAN13_crop4.jpg,E139.6_N35.4_20180420_L1A0003133739-PAN13_crop4.txt,1223.jpg,1223.txt,images/train/E139.6_N35.4_20180420_L1A0003133739-PAN13_crop4.jpg,labels/train/E139.6_N35.4_20180420_L1A0003133739-PAN13_crop4.txt,images/train/1223.jpg,labels/train/1223.txt
1224,1224,E139.6_N35.4_20180420_L1A0003133739-PAN13_crop6.jpg,E139.6_N35.4_20180420_L1A0003133739-PAN13_crop6.txt,1224.jpg,1224.txt,images/train/E139.6_N35.4_20180420_L1A0003133739-PAN13_crop6.jpg,labels/train/E139.6_N35.4_20180420_L1A0003133739-PAN13_crop6.txt,images/train/1224.jpg,labels/train/1224.txt
1225,1225,E139.6_N35.4_20180420_L1A0003133739-PAN13_crop7.jpg,E139.6_N35.4_20180420_L1A0003133739-PAN13_crop7.txt,1225.jpg,1225.txt,images/train/E139.6_N35.4_20180420_L1A0003133739-PAN13_crop7.jpg,labels/train/E139.6_N35.4_20180420_L1A0003133739-PAN13_crop7.txt,images/train/1225.jpg,labels/train/1225.txt
1226,1226,E139.6_N35.4_20180420_L1A0003133739-PAN13_crop8.jpg,E139.6_N35.4_20180420_L1A0003133739-PAN13_crop8.txt,1226.jpg,1226.txt,images/train/E139.6_N35.4_20180420_L1A0003133739-PAN13_crop8.jpg,labels/train/E139.6_N35.4_20180420_L1A0003133739-PAN13_crop8.txt,images/train/1226.jpg,labels/train/1226.txt
1227,1227,E139.6_N35.4_20180420_L1A0003133739-PAN15_crop1.jpg,E139.6_N35.4_20180420_L1A0003133739-PAN15_crop1.txt,1227.jpg,1227.txt,images/train/E139.6_N35.4_20180420_L1A0003133739-PAN15_crop1.jpg,labels/train/E139.6_N35.4_20180420_L1A0003133739-PAN15_crop1.txt,images/train/1227.jpg,labels/train/1227.txt
1228,1228,E139.6_N35.4_20180420_L1A0003133739-PAN15_crop10.jpg,E139.6_N35.4_20180420_L1A0003133739-PAN15_crop10.txt,1228.jpg,1228.txt,images/train/E139.6_N35.4_20180420_L1A0003133739-PAN15_crop10.jpg,labels/train/E139.6_N35.4_20180420_L1A0003133739-PAN15_crop10.txt,images/train/1228.jpg,labels/train/1228.txt
1229,1229,E139.6_N35.4_20180420_L1A0003133739-PAN15_crop3.jpg,E139.6_N35.4_20180420_L1A0003133739-PAN15_crop3.txt,1229.jpg,1229.txt,images/train/E139.6_N35.4_20180420_L1A0003133739-PAN15_crop3.jpg,labels/train/E139.6_N35.4_20180420_L1A0003133739-PAN15_crop3.txt,images/train/1229.jpg,labels/train/1229.txt
1230,1230,E139.6_N35.4_20180420_L1A0003133739-PAN15_crop4.jpg,E139.6_N35.4_20180420_L1A0003133739-PAN15_crop4.txt,1230.jpg,1230.txt,images/train/E139.6_N35.4_20180420_L1A0003133739-PAN15_crop4.jpg,labels/train/E139.6_N35.4_20180420_L1A0003133739-PAN15_crop4.txt,images/train/1230.jpg,labels/train/1230.txt
1231,1231,E139.6_N35.4_20180420_L1A0003133739-PAN15_crop5.jpg,E139.6_N35.4_20180420_L1A0003133739-PAN15_crop5.txt,1231.jpg,1231.txt,images/train/E139.6_N35.4_20180420_L1A0003133739-PAN15_crop5.jpg,labels/train/E139.6_N35.4_20180420_L1A0003133739-PAN15_crop5.txt,images/train/1231.jpg,labels/train/1231.txt
1232,1232,E139.6_N35.4_20180420_L1A0003133739-PAN15_crop7.jpg,E139.6_N35.4_20180420_L1A0003133739-PAN15_crop7.txt,1232.jpg,1232.txt,images/train/E139.6_N35.4_20180420_L1A0003133739-PAN15_crop7.jpg,labels/train/E139.6_N35.4_20180420_L1A0003133739-PAN15_crop7.txt,images/train/1232.jpg,labels/train/1232.txt
1233,1233,E139.6_N35.4_20180420_L1A0003133739-PAN15_crop8.jpg,E139.6_N35.4_20180420_L1A0003133739-PAN15_crop8.txt,1233.jpg,1233.txt,images/train/E139.6_N35.4_20180420_L1A0003133739-PAN15_crop8.jpg,labels/train/E139.6_N35.4_20180420_L1A0003133739-PAN15_crop8.txt,images/train/1233.jpg,labels/train/1233.txt
1234,1234,E139.6_N35.4_20180420_L1A0003133739-PAN15_crop9.jpg,E139.6_N35.4_20180420_L1A0003133739-PAN15_crop9.txt,1234.jpg,1234.txt,images/train/E139.6_N35.4_20180420_L1A0003133739-PAN15_crop9.jpg,labels/train/E139.6_N35.4_20180420_L1A0003133739-PAN15_crop9.txt,images/train/1234.jpg,labels/train/1234.txt
1235,1235,E139.6_N35.4_20180420_L1A0003133739-PAN16_crop1.jpg,E139.6_N35.4_20180420_L1A0003133739-PAN16_crop1.txt,1235.jpg,1235.txt,images/train/E139.6_N35.4_20180420_L1A0003133739-PAN16_crop1.jpg,labels/train/E139.6_N35.4_20180420_L1A0003133739-PAN16_crop1.txt,images/train/1235.jpg,labels/train/1235.txt
1236,1236,E139.6_N35.4_20180420_L1A0003133739-PAN16_crop2.jpg,E139.6_N35.4_20180420_L1A0003133739-PAN16_crop2.txt,1236.jpg,1236.txt,images/train/E139.6_N35.4_20180420_L1A0003133739-PAN16_crop2.jpg,labels/train/E139.6_N35.4_20180420_L1A0003133739-PAN16_crop2.txt,images/train/1236.jpg,labels/train/1236.txt
1237,1237,E139.6_N35.4_20180420_L1A0003133739-PAN19_crop2.jpg,E139.6_N35.4_20180420_L1A0003133739-PAN19_crop2.txt,1237.jpg,1237.txt,images/train/E139.6_N35.4_20180420_L1A0003133739-PAN19_crop2.jpg,labels/train/E139.6_N35.4_20180420_L1A0003133739-PAN19_crop2.txt,images/train/1237.jpg,labels/train/1237.txt
1238,1238,E139.6_N35.4_20180420_L1A0003133739-PAN19_crop3.jpg,E139.6_N35.4_20180420_L1A0003133739-PAN19_crop3.txt,1238.jpg,1238.txt,images/train/E139.6_N35.4_20180420_L1A0003133739-PAN19_crop3.jpg,labels/train/E139.6_N35.4_20180420_L1A0003133739-PAN19_crop3.txt,images/train/1238.jpg,labels/train/1238.txt
1239,1239,E139.7_N35.2_20150922_L1A0001053752-PAN20_crop1.jpg,E139.7_N35.2_20150922_L1A0001053752-PAN20_crop1.txt,1239.jpg,1239.txt,images/train/E139.7_N35.2_20150922_L1A0001053752-PAN20_crop1.jpg,labels/train/E139.7_N35.2_20150922_L1A0001053752-PAN20_crop1.txt,images/train/1239.jpg,labels/train/1239.txt
1240,1240,E139.7_N35.2_20150922_L1A0001053752-PAN20_crop2.jpg,E139.7_N35.2_20150922_L1A0001053752-PAN20_crop2.txt,1240.jpg,1240.txt,images/train/E139.7_N35.2_20150922_L1A0001053752-PAN20_crop2.jpg,labels/train/E139.7_N35.2_20150922_L1A0001053752-PAN20_crop2.txt,images/train/1240.jpg,labels/train/1240.txt
1241,1241,E139.7_N35.2_20150922_L1A0001053752-PAN20_crop5.jpg,E139.7_N35.2_20150922_L1A0001053752-PAN20_crop5.txt,1241.jpg,1241.txt,images/train/E139.7_N35.2_20150922_L1A0001053752-PAN20_crop5.jpg,labels/train/E139.7_N35.2_20150922_L1A0001053752-PAN20_crop5.txt,images/train/1241.jpg,labels/train/1241.txt
1242,1242,E139.7_N35.2_20150922_L1A0001053752-PAN23_crop1.jpg,E139.7_N35.2_20150922_L1A0001053752-PAN23_crop1.txt,1242.jpg,1242.txt,images/train/E139.7_N35.2_20150922_L1A0001053752-PAN23_crop1.jpg,labels/train/E139.7_N35.2_20150922_L1A0001053752-PAN23_crop1.txt,images/train/1242.jpg,labels/train/1242.txt
1243,1243,E139.7_N35.2_20150922_L1A0001053752-PAN23_crop2.jpg,E139.7_N35.2_20150922_L1A0001053752-PAN23_crop2.txt,1243.jpg,1243.txt,images/train/E139.7_N35.2_20150922_L1A0001053752-PAN23_crop2.jpg,labels/train/E139.7_N35.2_20150922_L1A0001053752-PAN23_crop2.txt,images/train/1243.jpg,labels/train/1243.txt
1244,1244,E139.7_N35.2_20150922_L1A0001053752-PAN23_crop3.jpg,E139.7_N35.2_20150922_L1A0001053752-PAN23_crop3.txt,1244.jpg,1244.txt,images/train/E139.7_N35.2_20150922_L1A0001053752-PAN23_crop3.jpg,labels/train/E139.7_N35.2_20150922_L1A0001053752-PAN23_crop3.txt,images/train/1244.jpg,labels/train/1244.txt
1245,1245,E139.7_N35.2_20150922_L1A0001053752-PAN23_crop5.jpg,E139.7_N35.2_20150922_L1A0001053752-PAN23_crop5.txt,1245.jpg,1245.txt,images/train/E139.7_N35.2_20150922_L1A0001053752-PAN23_crop5.jpg,labels/train/E139.7_N35.2_20150922_L1A0001053752-PAN23_crop5.txt,images/train/1245.jpg,labels/train/1245.txt
1246,1246,E139.7_N35.2_20150922_L1A0001053752-PAN26_crop1.jpg,E139.7_N35.2_20150922_L1A0001053752-PAN26_crop1.txt,1246.jpg,1246.txt,images/train/E139.7_N35.2_20150922_L1A0001053752-PAN26_crop1.jpg,labels/train/E139.7_N35.2_20150922_L1A0001053752-PAN26_crop1.txt,images/train/1246.jpg,labels/train/1246.txt
1247,1247,E139.7_N35.2_20150922_L1A0001053752-PAN27_crop1.jpg,E139.7_N35.2_20150922_L1A0001053752-PAN27_crop1.txt,1247.jpg,1247.txt,images/train/E139.7_N35.2_20150922_L1A0001053752-PAN27_crop1.jpg,labels/train/E139.7_N35.2_20150922_L1A0001053752-PAN27_crop1.txt,images/train/1247.jpg,labels/train/1247.txt
1248,1248,E139.7_N35.2_20161015_L1A0001890784-PAN23_crop2.jpg,E139.7_N35.2_20161015_L1A0001890784-PAN23_crop2.txt,1248.jpg,1248.txt,images/train/E139.7_N35.2_20161015_L1A0001890784-PAN23_crop2.jpg,labels/train/E139.7_N35.2_20161015_L1A0001890784-PAN23_crop2.txt,images/train/1248.jpg,labels/train/1248.txt
1249,1249,E139.7_N35.2_20161015_L1A0001890784-PAN23_crop3.jpg,E139.7_N35.2_20161015_L1A0001890784-PAN23_crop3.txt,1249.jpg,1249.txt,images/train/E139.7_N35.2_20161015_L1A0001890784-PAN23_crop3.jpg,labels/train/E139.7_N35.2_20161015_L1A0001890784-PAN23_crop3.txt,images/train/1249.jpg,labels/train/1249.txt
1250,1250,E139.7_N35.2_20170112_L1A0002115142-PAN23_crop2.jpg,E139.7_N35.2_20170112_L1A0002115142-PAN23_crop2.txt,1250.jpg,1250.txt,images/train/E139.7_N35.2_20170112_L1A0002115142-PAN23_crop2.jpg,labels/train/E139.7_N35.2_20170112_L1A0002115142-PAN23_crop2.txt,images/train/1250.jpg,labels/train/1250.txt
1251,1251,E139.7_N35.2_20170112_L1A0002115142-PAN23_crop3.jpg,E139.7_N35.2_20170112_L1A0002115142-PAN23_crop3.txt,1251.jpg,1251.txt,images/train/E139.7_N35.2_20170112_L1A0002115142-PAN23_crop3.jpg,labels/train/E139.7_N35.2_20170112_L1A0002115142-PAN23_crop3.txt,images/train/1251.jpg,labels/train/1251.txt
1252,1252,E139.7_N35.2_20170112_L1A0002115142-PAN23_crop6.jpg,E139.7_N35.2_20170112_L1A0002115142-PAN23_crop6.txt,1252.jpg,1252.txt,images/train/E139.7_N35.2_20170112_L1A0002115142-PAN23_crop6.jpg,labels/train/E139.7_N35.2_20170112_L1A0002115142-PAN23_crop6.txt,images/train/1252.jpg,labels/train/1252.txt
1253,1253,E139.7_N35.2_20170112_L1A0002115142-PAN25_crop1.jpg,E139.7_N35.2_20170112_L1A0002115142-PAN25_crop1.txt,1253.jpg,1253.txt,images/train/E139.7_N35.2_20170112_L1A0002115142-PAN25_crop1.jpg,labels/train/E139.7_N35.2_20170112_L1A0002115142-PAN25_crop1.txt,images/train/1253.jpg,labels/train/1253.txt
1254,1254,E139.7_N35.2_20170112_L1A0002115142-PAN28_crop1.jpg,E139.7_N35.2_20170112_L1A0002115142-PAN28_crop1.txt,1254.jpg,1254.txt,images/train/E139.7_N35.2_20170112_L1A0002115142-PAN28_crop1.jpg,labels/train/E139.7_N35.2_20170112_L1A0002115142-PAN28_crop1.txt,images/train/1254.jpg,labels/train/1254.txt
1255,1255,E139.7_N35.2_20170117_L1A0002128335-PAN27_crop1.jpg,E139.7_N35.2_20170117_L1A0002128335-PAN27_crop1.txt,1255.jpg,1255.txt,images/train/E139.7_N35.2_20170117_L1A0002128335-PAN27_crop1.jpg,labels/train/E139.7_N35.2_20170117_L1A0002128335-PAN27_crop1.txt,images/train/1255.jpg,labels/train/1255.txt
1256,1256,E139.7_N35.2_20170117_L1A0002128335-PAN27_crop2.jpg,E139.7_N35.2_20170117_L1A0002128335-PAN27_crop2.txt,1256.jpg,1256.txt,images/train/E139.7_N35.2_20170117_L1A0002128335-PAN27_crop2.jpg,labels/train/E139.7_N35.2_20170117_L1A0002128335-PAN27_crop2.txt,images/train/1256.jpg,labels/train/1256.txt
1257,1257,E139.7_N35.2_20170117_L1A0002128335-PAN27_crop3.jpg,E139.7_N35.2_20170117_L1A0002128335-PAN27_crop3.txt,1257.jpg,1257.txt,images/train/E139.7_N35.2_20170117_L1A0002128335-PAN27_crop3.jpg,labels/train/E139.7_N35.2_20170117_L1A0002128335-PAN27_crop3.txt,images/train/1257.jpg,labels/train/1257.txt
1258,1258,E139.7_N35.2_20170117_L1A0002128335-PAN28_crop1.jpg,E139.7_N35.2_20170117_L1A0002128335-PAN28_crop1.txt,1258.jpg,1258.txt,images/train/E139.7_N35.2_20170117_L1A0002128335-PAN28_crop1.jpg,labels/train/E139.7_N35.2_20170117_L1A0002128335-PAN28_crop1.txt,images/train/1258.jpg,labels/train/1258.txt
1259,1259,E139.7_N35.2_20170117_L1A0002128335-PAN28_crop2.jpg,E139.7_N35.2_20170117_L1A0002128335-PAN28_crop2.txt,1259.jpg,1259.txt,images/train/E139.7_N35.2_20170117_L1A0002128335-PAN28_crop2.jpg,labels/train/E139.7_N35.2_20170117_L1A0002128335-PAN28_crop2.txt,images/train/1259.jpg,labels/train/1259.txt
1260,1260,E139.7_N35.2_20170530_L1A0002390511-PAN24_crop1.jpg,E139.7_N35.2_20170530_L1A0002390511-PAN24_crop1.txt,1260.jpg,1260.txt,images/train/E139.7_N35.2_20170530_L1A0002390511-PAN24_crop1.jpg,labels/train/E139.7_N35.2_20170530_L1A0002390511-PAN24_crop1.txt,images/train/1260.jpg,labels/train/1260.txt
1261,1261,E139.7_N35.2_20170530_L1A0002390511-PAN24_crop2.jpg,E139.7_N35.2_20170530_L1A0002390511-PAN24_crop2.txt,1261.jpg,1261.txt,images/train/E139.7_N35.2_20170530_L1A0002390511-PAN24_crop2.jpg,labels/train/E139.7_N35.2_20170530_L1A0002390511-PAN24_crop2.txt,images/train/1261.jpg,labels/train/1261.txt
1262,1262,E139.7_N35.3_20170121_L1A0002135991-PAN10_crop1.jpg,E139.7_N35.3_20170121_L1A0002135991-PAN10_crop1.txt,1262.jpg,1262.txt,images/train/E139.7_N35.3_20170121_L1A0002135991-PAN10_crop1.jpg,labels/train/E139.7_N35.3_20170121_L1A0002135991-PAN10_crop1.txt,images/train/1262.jpg,labels/train/1262.txt
1263,1263,E139.7_N35.3_20170121_L1A0002135991-PAN11_crop1.jpg,E139.7_N35.3_20170121_L1A0002135991-PAN11_crop1.txt,1263.jpg,1263.txt,images/train/E139.7_N35.3_20170121_L1A0002135991-PAN11_crop1.jpg,labels/train/E139.7_N35.3_20170121_L1A0002135991-PAN11_crop1.txt,images/train/1263.jpg,labels/train/1263.txt
1264,1264,E139.7_N35.3_20170121_L1A0002135991-PAN12_crop10.jpg,E139.7_N35.3_20170121_L1A0002135991-PAN12_crop10.txt,1264.jpg,1264.txt,images/train/E139.7_N35.3_20170121_L1A0002135991-PAN12_crop10.jpg,labels/train/E139.7_N35.3_20170121_L1A0002135991-PAN12_crop10.txt,images/train/1264.jpg,labels/train/1264.txt
1265,1265,E139.7_N35.3_20170121_L1A0002135991-PAN12_crop2.jpg,E139.7_N35.3_20170121_L1A0002135991-PAN12_crop2.txt,1265.jpg,1265.txt,images/train/E139.7_N35.3_20170121_L1A0002135991-PAN12_crop2.jpg,labels/train/E139.7_N35.3_20170121_L1A0002135991-PAN12_crop2.txt,images/train/1265.jpg,labels/train/1265.txt
1266,1266,E139.7_N35.3_20170121_L1A0002135991-PAN12_crop4.jpg,E139.7_N35.3_20170121_L1A0002135991-PAN12_crop4.txt,1266.jpg,1266.txt,images/train/E139.7_N35.3_20170121_L1A0002135991-PAN12_crop4.jpg,labels/train/E139.7_N35.3_20170121_L1A0002135991-PAN12_crop4.txt,images/train/1266.jpg,labels/train/1266.txt
1267,1267,E139.7_N35.3_20170121_L1A0002135991-PAN12_crop5.jpg,E139.7_N35.3_20170121_L1A0002135991-PAN12_crop5.txt,1267.jpg,1267.txt,images/train/E139.7_N35.3_20170121_L1A0002135991-PAN12_crop5.jpg,labels/train/E139.7_N35.3_20170121_L1A0002135991-PAN12_crop5.txt,images/train/1267.jpg,labels/train/1267.txt
1268,1268,E139.7_N35.3_20170121_L1A0002135991-PAN12_crop8.jpg,E139.7_N35.3_20170121_L1A0002135991-PAN12_crop8.txt,1268.jpg,1268.txt,images/train/E139.7_N35.3_20170121_L1A0002135991-PAN12_crop8.jpg,labels/train/E139.7_N35.3_20170121_L1A0002135991-PAN12_crop8.txt,images/train/1268.jpg,labels/train/1268.txt
1269,1269,E139.7_N35.3_20170121_L1A0002135991-PAN12_crop9.jpg,E139.7_N35.3_20170121_L1A0002135991-PAN12_crop9.txt,1269.jpg,1269.txt,images/train/E139.7_N35.3_20170121_L1A0002135991-PAN12_crop9.jpg,labels/train/E139.7_N35.3_20170121_L1A0002135991-PAN12_crop9.txt,images/train/1269.jpg,labels/train/1269.txt
1270,1270,E139.7_N35.3_20170121_L1A0002135991-PAN13_crop3.jpg,E139.7_N35.3_20170121_L1A0002135991-PAN13_crop3.txt,1270.jpg,1270.txt,images/train/E139.7_N35.3_20170121_L1A0002135991-PAN13_crop3.jpg,labels/train/E139.7_N35.3_20170121_L1A0002135991-PAN13_crop3.txt,images/train/1270.jpg,labels/train/1270.txt
1271,1271,E139.7_N35.3_20170121_L1A0002135991-PAN13_crop4.jpg,E139.7_N35.3_20170121_L1A0002135991-PAN13_crop4.txt,1271.jpg,1271.txt,images/train/E139.7_N35.3_20170121_L1A0002135991-PAN13_crop4.jpg,labels/train/E139.7_N35.3_20170121_L1A0002135991-PAN13_crop4.txt,images/train/1271.jpg,labels/train/1271.txt
1272,1272,E139.7_N35.3_20170121_L1A0002135991-PAN13_crop5.jpg,E139.7_N35.3_20170121_L1A0002135991-PAN13_crop5.txt,1272.jpg,1272.txt,images/train/E139.7_N35.3_20170121_L1A0002135991-PAN13_crop5.jpg,labels/train/E139.7_N35.3_20170121_L1A0002135991-PAN13_crop5.txt,images/train/1272.jpg,labels/train/1272.txt
1273,1273,E139.7_N35.3_20170121_L1A0002135991-PAN18_crop1.jpg,E139.7_N35.3_20170121_L1A0002135991-PAN18_crop1.txt,1273.jpg,1273.txt,images/train/E139.7_N35.3_20170121_L1A0002135991-PAN18_crop1.jpg,labels/train/E139.7_N35.3_20170121_L1A0002135991-PAN18_crop1.txt,images/train/1273.jpg,labels/train/1273.txt
1274,1274,E139.7_N35.3_20170121_L1A0002135991-PAN18_crop2.jpg,E139.7_N35.3_20170121_L1A0002135991-PAN18_crop2.txt,1274.jpg,1274.txt,images/train/E139.7_N35.3_20170121_L1A0002135991-PAN18_crop2.jpg,labels/train/E139.7_N35.3_20170121_L1A0002135991-PAN18_crop2.txt,images/train/1274.jpg,labels/train/1274.txt
1275,1275,E139.7_N35.3_20170121_L1A0002135991-PAN19_crop1.jpg,E139.7_N35.3_20170121_L1A0002135991-PAN19_crop1.txt,1275.jpg,1275.txt,images/train/E139.7_N35.3_20170121_L1A0002135991-PAN19_crop1.jpg,labels/train/E139.7_N35.3_20170121_L1A0002135991-PAN19_crop1.txt,images/train/1275.jpg,labels/train/1275.txt
1276,1276,E139.7_N35.3_20170121_L1A0002135991-PAN19_crop2.jpg,E139.7_N35.3_20170121_L1A0002135991-PAN19_crop2.txt,1276.jpg,1276.txt,images/train/E139.7_N35.3_20170121_L1A0002135991-PAN19_crop2.jpg,labels/train/E139.7_N35.3_20170121_L1A0002135991-PAN19_crop2.txt,images/train/1276.jpg,labels/train/1276.txt
1277,1277,E139.7_N35.3_20170121_L1A0002135991-PAN19_crop4.jpg,E139.7_N35.3_20170121_L1A0002135991-PAN19_crop4.txt,1277.jpg,1277.txt,images/train/E139.7_N35.3_20170121_L1A0002135991-PAN19_crop4.jpg,labels/train/E139.7_N35.3_20170121_L1A0002135991-PAN19_crop4.txt,images/train/1277.jpg,labels/train/1277.txt
1278,1278,E144.7_N13.5_20181012_L1A0003513249-PAN13_crop1.jpg,E144.7_N13.5_20181012_L1A0003513249-PAN13_crop1.txt,1278.jpg,1278.txt,images/train/E144.7_N13.5_20181012_L1A0003513249-PAN13_crop1.jpg,labels/train/E144.7_N13.5_20181012_L1A0003513249-PAN13_crop1.txt,images/train/1278.jpg,labels/train/1278.txt
1279,1279,E144.7_N13.5_20181012_L1A0003513249-PAN13_crop2.jpg,E144.7_N13.5_20181012_L1A0003513249-PAN13_crop2.txt,1279.jpg,1279.txt,images/train/E144.7_N13.5_20181012_L1A0003513249-PAN13_crop2.jpg,labels/train/E144.7_N13.5_20181012_L1A0003513249-PAN13_crop2.txt,images/train/1279.jpg,labels/train/1279.txt
1280,1280,E144.7_N13.5_20181012_L1A0003513249-PAN13_crop3.jpg,E144.7_N13.5_20181012_L1A0003513249-PAN13_crop3.txt,1280.jpg,1280.txt,images/train/E144.7_N13.5_20181012_L1A0003513249-PAN13_crop3.jpg,labels/train/E144.7_N13.5_20181012_L1A0003513249-PAN13_crop3.txt,images/train/1280.jpg,labels/train/1280.txt
1281,1281,E144.7_N13.5_20190314_L1A0003883169-PAN11_crop1.jpg,E144.7_N13.5_20190314_L1A0003883169-PAN11_crop1.txt,1281.jpg,1281.txt,images/train/E144.7_N13.5_20190314_L1A0003883169-PAN11_crop1.jpg,labels/train/E144.7_N13.5_20190314_L1A0003883169-PAN11_crop1.txt,images/train/1281.jpg,labels/train/1281.txt
1282,1282,E144.7_N13.5_20190314_L1A0003883169-PAN14_crop1.jpg,E144.7_N13.5_20190314_L1A0003883169-PAN14_crop1.txt,1282.jpg,1282.txt,images/train/E144.7_N13.5_20190314_L1A0003883169-PAN14_crop1.jpg,labels/train/E144.7_N13.5_20190314_L1A0003883169-PAN14_crop1.txt,images/train/1282.jpg,labels/train/1282.txt
1283,1283,E144.7_N13.5_20190314_L1A0003883169-PAN16_crop1.jpg,E144.7_N13.5_20190314_L1A0003883169-PAN16_crop1.txt,1283.jpg,1283.txt,images/train/E144.7_N13.5_20190314_L1A0003883169-PAN16_crop1.jpg,labels/train/E144.7_N13.5_20190314_L1A0003883169-PAN16_crop1.txt,images/train/1283.jpg,labels/train/1283.txt
1284,1284,E144.7_N13.5_20190329_L1A0003910727-PAN13_crop2.jpg,E144.7_N13.5_20190329_L1A0003910727-PAN13_crop2.txt,1284.jpg,1284.txt,images/train/E144.7_N13.5_20190329_L1A0003910727-PAN13_crop2.jpg,labels/train/E144.7_N13.5_20190329_L1A0003910727-PAN13_crop2.txt,images/train/1284.jpg,labels/train/1284.txt
1285,1285,E144.7_N13.5_20190329_L1A0003910727-PAN16_crop1.jpg,E144.7_N13.5_20190329_L1A0003910727-PAN16_crop1.txt,1285.jpg,1285.txt,images/train/E144.7_N13.5_20190329_L1A0003910727-PAN16_crop1.jpg,labels/train/E144.7_N13.5_20190329_L1A0003910727-PAN16_crop1.txt,images/train/1285.jpg,labels/train/1285.txt
1286,1286,E144.7_N13.5_20190329_L1A0003910727-PAN16_crop2.jpg,E144.7_N13.5_20190329_L1A0003910727-PAN16_crop2.txt,1286.jpg,1286.txt,images/train/E144.7_N13.5_20190329_L1A0003910727-PAN16_crop2.jpg,labels/train/E144.7_N13.5_20190329_L1A0003910727-PAN16_crop2.txt,images/train/1286.jpg,labels/train/1286.txt
1287,1287,E144.7_N13.5_20190329_L1A0003910727-PAN18_crop1.jpg,E144.7_N13.5_20190329_L1A0003910727-PAN18_crop1.txt,1287.jpg,1287.txt,images/train/E144.7_N13.5_20190329_L1A0003910727-PAN18_crop1.jpg,labels/train/E144.7_N13.5_20190329_L1A0003910727-PAN18_crop1.txt,images/train/1287.jpg,labels/train/1287.txt
1288,1288,E144.7_N13.5_20190329_L1A0003910727-PAN18_crop2.jpg,E144.7_N13.5_20190329_L1A0003910727-PAN18_crop2.txt,1288.jpg,1288.txt,images/train/E144.7_N13.5_20190329_L1A0003910727-PAN18_crop2.jpg,labels/train/E144.7_N13.5_20190329_L1A0003910727-PAN18_crop2.txt,images/train/1288.jpg,labels/train/1288.txt
1289,1289,E144.7_N13.5_20190517_L1A0004005129-PAN10_crop1.jpg,E144.7_N13.5_20190517_L1A0004005129-PAN10_crop1.txt,1289.jpg,1289.txt,images/train/E144.7_N13.5_20190517_L1A0004005129-PAN10_crop1.jpg,labels/train/E144.7_N13.5_20190517_L1A0004005129-PAN10_crop1.txt,images/train/1289.jpg,labels/train/1289.txt
1290,1290,E144.7_N13.5_20190517_L1A0004005129-PAN10_crop2.jpg,E144.7_N13.5_20190517_L1A0004005129-PAN10_crop2.txt,1290.jpg,1290.txt,images/train/E144.7_N13.5_20190517_L1A0004005129-PAN10_crop2.jpg,labels/train/E144.7_N13.5_20190517_L1A0004005129-PAN10_crop2.txt,images/train/1290.jpg,labels/train/1290.txt
1291,1291,fsc_AGZ-N22.66-E120.46-lv20-Google_crop0002.jpg,fsc_AGZ-N22.66-E120.46-lv20-Google_crop0002.txt,1291.jpg,1291.txt,images/train/fsc_AGZ-N22.66-E120.46-lv20-Google_crop0002.jpg,labels/train/fsc_AGZ-N22.66-E120.46-lv20-Google_crop0002.txt,images/train/1291.jpg,labels/train/1291.txt
1292,1292,fsc_AGZ-N23.00-E120.33-lv20-Bing_crop0001.jpg,fsc_AGZ-N23.00-E120.33-lv20-Bing_crop0001.txt,1292.jpg,1292.txt,images/train/fsc_AGZ-N23.00-E120.33-lv20-Bing_crop0001.jpg,labels/train/fsc_AGZ-N23.00-E120.33-lv20-Bing_crop0001.txt,images/train/1292.jpg,labels/train/1292.txt
1293,1293,fsc_AGZ-N23.00-E120.33-lv20-Bing_crop0002.jpg,fsc_AGZ-N23.00-E120.33-lv20-Bing_crop0002.txt,1293.jpg,1293.txt,images/train/fsc_AGZ-N23.00-E120.33-lv20-Bing_crop0002.jpg,labels/train/fsc_AGZ-N23.00-E120.33-lv20-Bing_crop0002.txt,images/train/1293.jpg,labels/train/1293.txt
1294,1294,fsc_AGZ-N23.00-E120.33-lv20-Bing_crop0003.jpg,fsc_AGZ-N23.00-E120.33-lv20-Bing_crop0003.txt,1294.jpg,1294.txt,images/train/fsc_AGZ-N23.00-E120.33-lv20-Bing_crop0003.jpg,labels/train/fsc_AGZ-N23.00-E120.33-lv20-Bing_crop0003.txt,images/train/1294.jpg,labels/train/1294.txt
1295,1295,fsc_AGZ-N23.00-E120.33-lv20-Google_crop0001.jpg,fsc_AGZ-N23.00-E120.33-lv20-Google_crop0001.txt,1295.jpg,1295.txt,images/train/fsc_AGZ-N23.00-E120.33-lv20-Google_crop0001.jpg,labels/train/fsc_AGZ-N23.00-E120.33-lv20-Google_crop0001.txt,images/train/1295.jpg,labels/train/1295.txt
1296,1296,fsc_AGZ-N23.00-E120.33-lv20-Google_crop0002.jpg,fsc_AGZ-N23.00-E120.33-lv20-Google_crop0002.txt,1296.jpg,1296.txt,images/train/fsc_AGZ-N23.00-E120.33-lv20-Google_crop0002.jpg,labels/train/fsc_AGZ-N23.00-E120.33-lv20-Google_crop0002.txt,images/train/1296.jpg,labels/train/1296.txt
1297,1297,fsc_AGZ-N23.00-E120.33-lv20-Google_crop0003.jpg,fsc_AGZ-N23.00-E120.33-lv20-Google_crop0003.txt,1297.jpg,1297.txt,images/train/fsc_AGZ-N23.00-E120.33-lv20-Google_crop0003.jpg,labels/train/fsc_AGZ-N23.00-E120.33-lv20-Google_crop0003.txt,images/train/1297.jpg,labels/train/1297.txt
1298,1298,fsc_AGZ-N23.44-E120.40-lv20-Bing_crop0001.jpg,fsc_AGZ-N23.44-E120.40-lv20-Bing_crop0001.txt,1298.jpg,1298.txt,images/train/fsc_AGZ-N23.44-E120.40-lv20-Bing_crop0001.jpg,labels/train/fsc_AGZ-N23.44-E120.40-lv20-Bing_crop0001.txt,images/train/1298.jpg,labels/train/1298.txt
1299,1299,fsc_AGZ-N23.44-E120.40-lv20-Bing_crop0003.jpg,fsc_AGZ-N23.44-E120.40-lv20-Bing_crop0003.txt,1299.jpg,1299.txt,images/train/fsc_AGZ-N23.44-E120.40-lv20-Bing_crop0003.jpg,labels/train/fsc_AGZ-N23.44-E120.40-lv20-Bing_crop0003.txt,images/train/1299.jpg,labels/train/1299.txt
1300,1300,fsc_AGZ-N23.44-E120.40-lv20-Google_crop0001.jpg,fsc_AGZ-N23.44-E120.40-lv20-Google_crop0001.txt,1300.jpg,1300.txt,images/train/fsc_AGZ-N23.44-E120.40-lv20-Google_crop0001.jpg,labels/train/fsc_AGZ-N23.44-E120.40-lv20-Google_crop0001.txt,images/train/1300.jpg,labels/train/1300.txt
1301,1301,fsc_AGZ-N23.44-E120.40-lv20-Google_crop0002.jpg,fsc_AGZ-N23.44-E120.40-lv20-Google_crop0002.txt,1301.jpg,1301.txt,images/train/fsc_AGZ-N23.44-E120.40-lv20-Google_crop0002.jpg,labels/train/fsc_AGZ-N23.44-E120.40-lv20-Google_crop0002.txt,images/train/1301.jpg,labels/train/1301.txt
1302,1302,fsc_AGZ-N24.15-E120.73-lv20-Bing_crop0001.jpg,fsc_AGZ-N24.15-E120.73-lv20-Bing_crop0001.txt,1302.jpg,1302.txt,images/train/fsc_AGZ-N24.15-E120.73-lv20-Bing_crop0001.jpg,labels/train/fsc_AGZ-N24.15-E120.73-lv20-Bing_crop0001.txt,images/train/1302.jpg,labels/train/1302.txt
1303,1303,fsc_AGZ-N24.15-E120.73-lv20-Google_crop0001.jpg,fsc_AGZ-N24.15-E120.73-lv20-Google_crop0001.txt,1303.jpg,1303.txt,images/train/fsc_AGZ-N24.15-E120.73-lv20-Google_crop0001.jpg,labels/train/fsc_AGZ-N24.15-E120.73-lv20-Google_crop0001.txt,images/train/1303.jpg,labels/train/1303.txt
1304,1304,fsc_AGZ-N24.15-E120.73-lv20-Google_crop0002.jpg,fsc_AGZ-N24.15-E120.73-lv20-Google_crop0002.txt,1304.jpg,1304.txt,images/train/fsc_AGZ-N24.15-E120.73-lv20-Google_crop0002.jpg,labels/train/fsc_AGZ-N24.15-E120.73-lv20-Google_crop0002.txt,images/train/1304.jpg,labels/train/1304.txt
1305,1305,fsc_AGZ-N24.25-E120.64-lv20-Google_crop0001.jpg,fsc_AGZ-N24.25-E120.64-lv20-Google_crop0001.txt,1305.jpg,1305.txt,images/train/fsc_AGZ-N24.25-E120.64-lv20-Google_crop0001.jpg,labels/train/fsc_AGZ-N24.25-E120.64-lv20-Google_crop0001.txt,images/train/1305.jpg,labels/train/1305.txt
1306,1306,fsc_AGZ-N24.25-E120.64-lv20-Google_crop0003.jpg,fsc_AGZ-N24.25-E120.64-lv20-Google_crop0003.txt,1306.jpg,1306.txt,images/train/fsc_AGZ-N24.25-E120.64-lv20-Google_crop0003.jpg,labels/train/fsc_AGZ-N24.25-E120.64-lv20-Google_crop0003.txt,images/train/1306.jpg,labels/train/1306.txt
1307,1307,fsc_AGZ-N24.95-E121.51-lv20-Bing_crop0001.jpg,fsc_AGZ-N24.95-E121.51-lv20-Bing_crop0001.txt,1307.jpg,1307.txt,images/train/fsc_AGZ-N24.95-E121.51-lv20-Bing_crop0001.jpg,labels/train/fsc_AGZ-N24.95-E121.51-lv20-Bing_crop0001.txt,images/train/1307.jpg,labels/train/1307.txt
1308,1308,fsc_AGZ-N24.95-E121.51-lv20-Bing_crop0002.jpg,fsc_AGZ-N24.95-E121.51-lv20-Bing_crop0002.txt,1308.jpg,1308.txt,images/train/fsc_AGZ-N24.95-E121.51-lv20-Bing_crop0002.jpg,labels/train/fsc_AGZ-N24.95-E121.51-lv20-Bing_crop0002.txt,images/train/1308.jpg,labels/train/1308.txt
1309,1309,fsc_AGZ-N24.95-E121.51-lv20-Google_crop0002.jpg,fsc_AGZ-N24.95-E121.51-lv20-Google_crop0002.txt,1309.jpg,1309.txt,images/train/fsc_AGZ-N24.95-E121.51-lv20-Google_crop0002.jpg,labels/train/fsc_AGZ-N24.95-E121.51-lv20-Google_crop0002.txt,images/train/1309.jpg,labels/train/1309.txt
1310,1310,fsc_AGZ-N25.02-E121.33-lv20-Bing_crop0001.jpg,fsc_AGZ-N25.02-E121.33-lv20-Bing_crop0001.txt,1310.jpg,1310.txt,images/train/fsc_AGZ-N25.02-E121.33-lv20-Bing_crop0001.jpg,labels/train/fsc_AGZ-N25.02-E121.33-lv20-Bing_crop0001.txt,images/train/1310.jpg,labels/train/1310.txt
1311,1311,fsc_AGZ-N25.02-E121.33-lv20-Google_crop0001.jpg,fsc_AGZ-N25.02-E121.33-lv20-Google_crop0001.txt,1311.jpg,1311.txt,images/train/fsc_AGZ-N25.02-E121.33-lv20-Google_crop0001.jpg,labels/train/fsc_AGZ-N25.02-E121.33-lv20-Google_crop0001.txt,images/train/1311.jpg,labels/train/1311.txt
1312,1312,fsc_AGZ-N25.03-E121.59-lv20-Bing_crop0001.jpg,fsc_AGZ-N25.03-E121.59-lv20-Bing_crop0001.txt,1312.jpg,1312.txt,images/train/fsc_AGZ-N25.03-E121.59-lv20-Bing_crop0001.jpg,labels/train/fsc_AGZ-N25.03-E121.59-lv20-Bing_crop0001.txt,images/train/1312.jpg,labels/train/1312.txt
1313,1313,fsc_AGZ-N25.03-E121.59-lv20-Google_crop0001.jpg,fsc_AGZ-N25.03-E121.59-lv20-Google_crop0001.txt,1313.jpg,1313.txt,images/train/fsc_AGZ-N25.03-E121.59-lv20-Google_crop0001.jpg,labels/train/fsc_AGZ-N25.03-E121.59-lv20-Google_crop0001.txt,images/train/1313.jpg,labels/train/1313.txt
1314,1314,fsc_AGZ-N25.03-E121.59-lv20-Google_crop0002.jpg,fsc_AGZ-N25.03-E121.59-lv20-Google_crop0002.txt,1314.jpg,1314.txt,images/train/fsc_AGZ-N25.03-E121.59-lv20-Google_crop0002.jpg,labels/train/fsc_AGZ-N25.03-E121.59-lv20-Google_crop0002.txt,images/train/1314.jpg,labels/train/1314.txt
1315,1315,fsc_AGZ-N34.62-E136.25-lv20-Bing_crop0002.jpg,fsc_AGZ-N34.62-E136.25-lv20-Bing_crop0002.txt,1315.jpg,1315.txt,images/train/fsc_AGZ-N34.62-E136.25-lv20-Bing_crop0002.jpg,labels/train/fsc_AGZ-N34.62-E136.25-lv20-Bing_crop0002.txt,images/train/1315.jpg,labels/train/1315.txt
1316,1316,fsc_AGZ-N34.62-E136.25-lv20-Bing_crop0003.jpg,fsc_AGZ-N34.62-E136.25-lv20-Bing_crop0003.txt,1316.jpg,1316.txt,images/train/fsc_AGZ-N34.62-E136.25-lv20-Bing_crop0003.jpg,labels/train/fsc_AGZ-N34.62-E136.25-lv20-Bing_crop0003.txt,images/train/1316.jpg,labels/train/1316.txt
1317,1317,fsc_AGZ-N34.62-E136.25-lv20-Google_crop0001.jpg,fsc_AGZ-N34.62-E136.25-lv20-Google_crop0001.txt,1317.jpg,1317.txt,images/train/fsc_AGZ-N34.62-E136.25-lv20-Google_crop0001.jpg,labels/train/fsc_AGZ-N34.62-E136.25-lv20-Google_crop0001.txt,images/train/1317.jpg,labels/train/1317.txt
1318,1318,fsc_AGZ-N35.40-E37.00-lv20-Bing_crop0001.jpg,fsc_AGZ-N35.40-E37.00-lv20-Bing_crop0001.txt,1318.jpg,1318.txt,images/train/fsc_AGZ-N35.40-E37.00-lv20-Bing_crop0001.jpg,labels/train/fsc_AGZ-N35.40-E37.00-lv20-Bing_crop0001.txt,images/train/1318.jpg,labels/train/1318.txt
1319,1319,fsc_AGZ-N35.40-E37.00-lv20-Bing_crop0002.jpg,fsc_AGZ-N35.40-E37.00-lv20-Bing_crop0002.txt,1319.jpg,1319.txt,images/train/fsc_AGZ-N35.40-E37.00-lv20-Bing_crop0002.jpg,labels/train/fsc_AGZ-N35.40-E37.00-lv20-Bing_crop0002.txt,images/train/1319.jpg,labels/train/1319.txt
1320,1320,fsc_AGZ-N35.40-E37.00-lv20-Google_crop0002.jpg,fsc_AGZ-N35.40-E37.00-lv20-Google_crop0002.txt,1320.jpg,1320.txt,images/train/fsc_AGZ-N35.40-E37.00-lv20-Google_crop0002.jpg,labels/train/fsc_AGZ-N35.40-E37.00-lv20-Google_crop0002.txt,images/train/1320.jpg,labels/train/1320.txt
1321,1321,fsc_AGZ-N35.84-E139.41-lv20-Bing_crop0001.jpg,fsc_AGZ-N35.84-E139.41-lv20-Bing_crop0001.txt,1321.jpg,1321.txt,images/train/fsc_AGZ-N35.84-E139.41-lv20-Bing_crop0001.jpg,labels/train/fsc_AGZ-N35.84-E139.41-lv20-Bing_crop0001.txt,images/train/1321.jpg,labels/train/1321.txt
1322,1322,fsc_AGZ-N35.84-E139.41-lv20-Google_crop0001.jpg,fsc_AGZ-N35.84-E139.41-lv20-Google_crop0001.txt,1322.jpg,1322.txt,images/train/fsc_AGZ-N35.84-E139.41-lv20-Google_crop0001.jpg,labels/train/fsc_AGZ-N35.84-E139.41-lv20-Google_crop0001.txt,images/train/1322.jpg,labels/train/1322.txt
1323,1323,fsc_AGZ-N35.84-E139.41-lv20-Google_crop0002.jpg,fsc_AGZ-N35.84-E139.41-lv20-Google_crop0002.txt,1323.jpg,1323.txt,images/train/fsc_AGZ-N35.84-E139.41-lv20-Google_crop0002.jpg,labels/train/fsc_AGZ-N35.84-E139.41-lv20-Google_crop0002.txt,images/train/1323.jpg,labels/train/1323.txt
1324,1324,fsc_AGZ-N35.89-E126.62-lv20-Google_crop0001.jpg,fsc_AGZ-N35.89-E126.62-lv20-Google_crop0001.txt,1324.jpg,1324.txt,images/train/fsc_AGZ-N35.89-E126.62-lv20-Google_crop0001.jpg,labels/train/fsc_AGZ-N35.89-E126.62-lv20-Google_crop0001.txt,images/train/1324.jpg,labels/train/1324.txt
1325,1325,fsc_AGZ-N35.89-E126.62-lv20-Google_crop0002.jpg,fsc_AGZ-N35.89-E126.62-lv20-Google_crop0002.txt,1325.jpg,1325.txt,images/train/fsc_AGZ-N35.89-E126.62-lv20-Google_crop0002.jpg,labels/train/fsc_AGZ-N35.89-E126.62-lv20-Google_crop0002.txt,images/train/1325.jpg,labels/train/1325.txt
1326,1326,fsc_AGZ-N35.89-E126.62-lv20-Yandex_crop0001.jpg,fsc_AGZ-N35.89-E126.62-lv20-Yandex_crop0001.txt,1326.jpg,1326.txt,images/train/fsc_AGZ-N35.89-E126.62-lv20-Yandex_crop0001.jpg,labels/train/fsc_AGZ-N35.89-E126.62-lv20-Yandex_crop0001.txt,images/train/1326.jpg,labels/train/1326.txt
1327,1327,fsc_AGZ-N35.89-E126.62-lv20-Yandex_crop0002.jpg,fsc_AGZ-N35.89-E126.62-lv20-Yandex_crop0002.txt,1327.jpg,1327.txt,images/train/fsc_AGZ-N35.89-E126.62-lv20-Yandex_crop0002.jpg,labels/train/fsc_AGZ-N35.89-E126.62-lv20-Yandex_crop0002.txt,images/train/1327.jpg,labels/train/1327.txt
1328,1328,fsc_AGZ-N42.80-E141.65-lv20-Bing_crop0001.jpg,fsc_AGZ-N42.80-E141.65-lv20-Bing_crop0001.txt,1328.jpg,1328.txt,images/train/fsc_AGZ-N42.80-E141.65-lv20-Bing_crop0001.jpg,labels/train/fsc_AGZ-N42.80-E141.65-lv20-Bing_crop0001.txt,images/train/1328.jpg,labels/train/1328.txt
1329,1329,fsc_AGZ-N42.80-E141.65-lv20-Bing_crop0002.jpg,fsc_AGZ-N42.80-E141.65-lv20-Bing_crop0002.txt,1329.jpg,1329.txt,images/train/fsc_AGZ-N42.80-E141.65-lv20-Bing_crop0002.jpg,labels/train/fsc_AGZ-N42.80-E141.65-lv20-Bing_crop0002.txt,images/train/1329.jpg,labels/train/1329.txt
1330,1330,fsc_AGZ-N42.80-E141.65-lv20-Google_crop0001.jpg,fsc_AGZ-N42.80-E141.65-lv20-Google_crop0001.txt,1330.jpg,1330.txt,images/train/fsc_AGZ-N42.80-E141.65-lv20-Google_crop0001.jpg,labels/train/fsc_AGZ-N42.80-E141.65-lv20-Google_crop0001.txt,images/train/1330.jpg,labels/train/1330.txt
1331,1331,fsc_AGZ-N42.80-E141.65-lv20-Google_crop0002.jpg,fsc_AGZ-N42.80-E141.65-lv20-Google_crop0002.txt,1331.jpg,1331.txt,images/train/fsc_AGZ-N42.80-E141.65-lv20-Google_crop0002.jpg,labels/train/fsc_AGZ-N42.80-E141.65-lv20-Google_crop0002.txt,images/train/1331.jpg,labels/train/1331.txt
1332,1332,fsc_FKDD-N31.32-E31.05-lv20-Bing_crop0001.jpg,fsc_FKDD-N31.32-E31.05-lv20-Bing_crop0001.txt,1332.jpg,1332.txt,images/train/fsc_FKDD-N31.32-E31.05-lv20-Bing_crop0001.jpg,labels/train/fsc_FKDD-N31.32-E31.05-lv20-Bing_crop0001.txt,images/train/1332.jpg,labels/train/1332.txt
1333,1333,fsc_FKDD-N31.32-E31.05-lv20-Bing_crop0002.jpg,fsc_FKDD-N31.32-E31.05-lv20-Bing_crop0002.txt,1333.jpg,1333.txt,images/train/fsc_FKDD-N31.32-E31.05-lv20-Bing_crop0002.jpg,labels/train/fsc_FKDD-N31.32-E31.05-lv20-Bing_crop0002.txt,images/train/1333.jpg,labels/train/1333.txt
1334,1334,fsc_FKDD-N31.32-E31.05-lv20-Google_crop0001.jpg,fsc_FKDD-N31.32-E31.05-lv20-Google_crop0001.txt,1334.jpg,1334.txt,images/train/fsc_FKDD-N31.32-E31.05-lv20-Google_crop0001.jpg,labels/train/fsc_FKDD-N31.32-E31.05-lv20-Google_crop0001.txt,images/train/1334.jpg,labels/train/1334.txt
1335,1335,fsc_FKDD-N31.32-E31.05-lv20-Yandex_crop0001.jpg,fsc_FKDD-N31.32-E31.05-lv20-Yandex_crop0001.txt,1335.jpg,1335.txt,images/train/fsc_FKDD-N31.32-E31.05-lv20-Yandex_crop0001.jpg,labels/train/fsc_FKDD-N31.32-E31.05-lv20-Yandex_crop0001.txt,images/train/1335.jpg,labels/train/1335.txt
1336,1336,fsc_HMS-N26.20-E127.66-lv20-google_crop0001.jpg,fsc_HMS-N26.20-E127.66-lv20-google_crop0001.txt,1336.jpg,1336.txt,images/train/fsc_HMS-N26.20-E127.66-lv20-google_crop0001.jpg,labels/train/fsc_HMS-N26.20-E127.66-lv20-google_crop0001.txt,images/train/1336.jpg,labels/train/1336.txt
1337,1337,fsc_HMS-N26.20-E127.66-lv20-yandex_crop0001.jpg,fsc_HMS-N26.20-E127.66-lv20-yandex_crop0001.txt,1337.jpg,1337.txt,images/train/fsc_HMS-N26.20-E127.66-lv20-yandex_crop0001.jpg,labels/train/fsc_HMS-N26.20-E127.66-lv20-yandex_crop0001.txt,images/train/1337.jpg,labels/train/1337.txt
1338,1338,fsc_SD-N36.03-E128.13-lv20-Bing_crop0001.jpg,fsc_SD-N36.03-E128.13-lv20-Bing_crop0001.txt,1338.jpg,1338.txt,images/train/fsc_SD-N36.03-E128.13-lv20-Bing_crop0001.jpg,labels/train/fsc_SD-N36.03-E128.13-lv20-Bing_crop0001.txt,images/train/1338.jpg,labels/train/1338.txt
1339,1339,fsc_SD-N36.03-E128.13-lv20-Bing_crop0002.jpg,fsc_SD-N36.03-E128.13-lv20-Bing_crop0002.txt,1339.jpg,1339.txt,images/train/fsc_SD-N36.03-E128.13-lv20-Bing_crop0002.jpg,labels/train/fsc_SD-N36.03-E128.13-lv20-Bing_crop0002.txt,images/train/1339.jpg,labels/train/1339.txt
1340,1340,fsc_SD-N36.03-E128.13-lv20-Google_crop0002.jpg,fsc_SD-N36.03-E128.13-lv20-Google_crop0002.txt,1340.jpg,1340.txt,images/train/fsc_SD-N36.03-E128.13-lv20-Google_crop0002.jpg,labels/train/fsc_SD-N36.03-E128.13-lv20-Google_crop0002.txt,images/train/1340.jpg,labels/train/1340.txt
1341,1341,fsc_TG-N22.33-E120.62-lv20-Bing_crop0003.jpg,fsc_TG-N22.33-E120.62-lv20-Bing_crop0003.txt,1341.jpg,1341.txt,images/train/fsc_TG-N22.33-E120.62-lv20-Bing_crop0003.jpg,labels/train/fsc_TG-N22.33-E120.62-lv20-Bing_crop0003.txt,images/train/1341.jpg,labels/train/1341.txt
1342,1342,fsc_TG-N22.33-E120.62-lv20-Bing_crop0004.jpg,fsc_TG-N22.33-E120.62-lv20-Bing_crop0004.txt,1342.jpg,1342.txt,images/train/fsc_TG-N22.33-E120.62-lv20-Bing_crop0004.jpg,labels/train/fsc_TG-N22.33-E120.62-lv20-Bing_crop0004.txt,images/train/1342.jpg,labels/train/1342.txt
1343,1343,fsc_TG-N22.33-E120.62-lv20-Google_crop0001.jpg,fsc_TG-N22.33-E120.62-lv20-Google_crop0001.txt,1343.jpg,1343.txt,images/train/fsc_TG-N22.33-E120.62-lv20-Google_crop0001.jpg,labels/train/fsc_TG-N22.33-E120.62-lv20-Google_crop0001.txt,images/train/1343.jpg,labels/train/1343.txt
1344,1344,fsc_TG-N22.33-E120.62-lv20-Google_crop0002.jpg,fsc_TG-N22.33-E120.62-lv20-Google_crop0002.txt,1344.jpg,1344.txt,images/train/fsc_TG-N22.33-E120.62-lv20-Google_crop0002.jpg,labels/train/fsc_TG-N22.33-E120.62-lv20-Google_crop0002.txt,images/train/1344.jpg,labels/train/1344.txt
1345,1345,fsc_TG-N23.66-E119.55-lv20-bing_crop0001.jpg,fsc_TG-N23.66-E119.55-lv20-bing_crop0001.txt,1345.jpg,1345.txt,images/train/fsc_TG-N23.66-E119.55-lv20-bing_crop0001.jpg,labels/train/fsc_TG-N23.66-E119.55-lv20-bing_crop0001.txt,images/train/1345.jpg,labels/train/1345.txt
1346,1346,fsc_TG-N23.66-E119.55-lv20-bing_crop0002.jpg,fsc_TG-N23.66-E119.55-lv20-bing_crop0002.txt,1346.jpg,1346.txt,images/train/fsc_TG-N23.66-E119.55-lv20-bing_crop0002.jpg,labels/train/fsc_TG-N23.66-E119.55-lv20-bing_crop0002.txt,images/train/1346.jpg,labels/train/1346.txt
1347,1347,fsc_TG-N23.66-E119.55-lv20-Google_crop0001.jpg,fsc_TG-N23.66-E119.55-lv20-Google_crop0001.txt,1347.jpg,1347.txt,images/train/fsc_TG-N23.66-E119.55-lv20-Google_crop0001.jpg,labels/train/fsc_TG-N23.66-E119.55-lv20-Google_crop0001.txt,images/train/1347.jpg,labels/train/1347.txt
1348,1348,fsc_TG-N24.02-E121.62-lv20-Bing_crop0001.jpg,fsc_TG-N24.02-E121.62-lv20-Bing_crop0001.txt,1348.jpg,1348.txt,images/train/fsc_TG-N24.02-E121.62-lv20-Bing_crop0001.jpg,labels/train/fsc_TG-N24.02-E121.62-lv20-Bing_crop0001.txt,images/train/1348.jpg,labels/train/1348.txt
1349,1349,fsc_TG-N24.02-E121.62-lv20-Bing_crop0002.jpg,fsc_TG-N24.02-E121.62-lv20-Bing_crop0002.txt,1349.jpg,1349.txt,images/train/fsc_TG-N24.02-E121.62-lv20-Bing_crop0002.jpg,labels/train/fsc_TG-N24.02-E121.62-lv20-Bing_crop0002.txt,images/train/1349.jpg,labels/train/1349.txt
1350,1350,fsc_TG-N24.02-E121.62-lv20-Google_crop0001.jpg,fsc_TG-N24.02-E121.62-lv20-Google_crop0001.txt,1350.jpg,1350.txt,images/train/fsc_TG-N24.02-E121.62-lv20-Google_crop0001.jpg,labels/train/fsc_TG-N24.02-E121.62-lv20-Google_crop0001.txt,images/train/1350.jpg,labels/train/1350.txt
1351,1351,fsc_TG-N24.02-E121.62-lv20-Google_crop0002.jpg,fsc_TG-N24.02-E121.62-lv20-Google_crop0002.txt,1351.jpg,1351.txt,images/train/fsc_TG-N24.02-E121.62-lv20-Google_crop0002.jpg,labels/train/fsc_TG-N24.02-E121.62-lv20-Google_crop0002.txt,images/train/1351.jpg,labels/train/1351.txt
1352,1352,fsc_TG-N24.21-E120.59-lv20-Google_crop0001.jpg,fsc_TG-N24.21-E120.59-lv20-Google_crop0001.txt,1352.jpg,1352.txt,images/train/fsc_TG-N24.21-E120.59-lv20-Google_crop0001.jpg,labels/train/fsc_TG-N24.21-E120.59-lv20-Google_crop0001.txt,images/train/1352.jpg,labels/train/1352.txt
1353,1353,fsc_TG-N24.21-E120.59-lv20-Google_crop0002.jpg,fsc_TG-N24.21-E120.59-lv20-Google_crop0002.txt,1353.jpg,1353.txt,images/train/fsc_TG-N24.21-E120.59-lv20-Google_crop0002.jpg,labels/train/fsc_TG-N24.21-E120.59-lv20-Google_crop0002.txt,images/train/1353.jpg,labels/train/1353.txt
1354,1354,fsc_TG-N24.21-E120.59-lv20-Google_crop0003.jpg,fsc_TG-N24.21-E120.59-lv20-Google_crop0003.txt,1354.jpg,1354.txt,images/train/fsc_TG-N24.21-E120.59-lv20-Google_crop0003.jpg,labels/train/fsc_TG-N24.21-E120.59-lv20-Google_crop0003.txt,images/train/1354.jpg,labels/train/1354.txt
1355,1355,fsc_TG-N25.20-E121.42-lv20-Bing_crop0001.jpg,fsc_TG-N25.20-E121.42-lv20-Bing_crop0001.txt,1355.jpg,1355.txt,images/train/fsc_TG-N25.20-E121.42-lv20-Bing_crop0001.jpg,labels/train/fsc_TG-N25.20-E121.42-lv20-Bing_crop0001.txt,images/train/1355.jpg,labels/train/1355.txt
1356,1356,fsc_TG-N25.20-E121.42-lv20-Google_crop0001.jpg,fsc_TG-N25.20-E121.42-lv20-Google_crop0001.txt,1356.jpg,1356.txt,images/train/fsc_TG-N25.20-E121.42-lv20-Google_crop0001.jpg,labels/train/fsc_TG-N25.20-E121.42-lv20-Google_crop0001.txt,images/train/1356.jpg,labels/train/1356.txt
1357,1357,fsc_TG-N25.20-E121.42-lv20-Yandex_crop0001.jpg,fsc_TG-N25.20-E121.42-lv20-Yandex_crop0001.txt,1357.jpg,1357.txt,images/train/fsc_TG-N25.20-E121.42-lv20-Yandex_crop0001.jpg,labels/train/fsc_TG-N25.20-E121.42-lv20-Yandex_crop0001.txt,images/train/1357.jpg,labels/train/1357.txt
1358,1358,MAR20_1.jpg,MAR20_1.txt,1358.jpg,1358.txt,images/train/MAR20_1.jpg,labels/train/MAR20_1.txt,images/train/1358.jpg,labels/train/1358.txt
1359,1359,MAR20_10.jpg,MAR20_10.txt,1359.jpg,1359.txt,images/train/MAR20_10.jpg,labels/train/MAR20_10.txt,images/train/1359.jpg,labels/train/1359.txt
1360,1360,MAR20_100.jpg,MAR20_100.txt,1360.jpg,1360.txt,images/train/MAR20_100.jpg,labels/train/MAR20_100.txt,images/train/1360.jpg,labels/train/1360.txt
1361,1361,MAR20_1000.jpg,MAR20_1000.txt,1361.jpg,1361.txt,images/train/MAR20_1000.jpg,labels/train/MAR20_1000.txt,images/train/1361.jpg,labels/train/1361.txt
1362,1362,MAR20_1001.jpg,MAR20_1001.txt,1362.jpg,1362.txt,images/train/MAR20_1001.jpg,labels/train/MAR20_1001.txt,images/train/1362.jpg,labels/train/1362.txt
1363,1363,MAR20_1002.jpg,MAR20_1002.txt,1363.jpg,1363.txt,images/train/MAR20_1002.jpg,labels/train/MAR20_1002.txt,images/train/1363.jpg,labels/train/1363.txt
1364,1364,MAR20_1004.jpg,MAR20_1004.txt,1364.jpg,1364.txt,images/train/MAR20_1004.jpg,labels/train/MAR20_1004.txt,images/train/1364.jpg,labels/train/1364.txt
1365,1365,MAR20_1005.jpg,MAR20_1005.txt,1365.jpg,1365.txt,images/train/MAR20_1005.jpg,labels/train/MAR20_1005.txt,images/train/1365.jpg,labels/train/1365.txt
1366,1366,MAR20_1006.jpg,MAR20_1006.txt,1366.jpg,1366.txt,images/train/MAR20_1006.jpg,labels/train/MAR20_1006.txt,images/train/1366.jpg,labels/train/1366.txt
1367,1367,MAR20_1007.jpg,MAR20_1007.txt,1367.jpg,1367.txt,images/train/MAR20_1007.jpg,labels/train/MAR20_1007.txt,images/train/1367.jpg,labels/train/1367.txt
1368,1368,MAR20_1008.jpg,MAR20_1008.txt,1368.jpg,1368.txt,images/train/MAR20_1008.jpg,labels/train/MAR20_1008.txt,images/train/1368.jpg,labels/train/1368.txt
1369,1369,MAR20_1009.jpg,MAR20_1009.txt,1369.jpg,1369.txt,images/train/MAR20_1009.jpg,labels/train/MAR20_1009.txt,images/train/1369.jpg,labels/train/1369.txt
1370,1370,MAR20_101.jpg,MAR20_101.txt,1370.jpg,1370.txt,images/train/MAR20_101.jpg,labels/train/MAR20_101.txt,images/train/1370.jpg,labels/train/1370.txt
1371,1371,MAR20_1010.jpg,MAR20_1010.txt,1371.jpg,1371.txt,images/train/MAR20_1010.jpg,labels/train/MAR20_1010.txt,images/train/1371.jpg,labels/train/1371.txt
1372,1372,MAR20_1011.jpg,MAR20_1011.txt,1372.jpg,1372.txt,images/train/MAR20_1011.jpg,labels/train/MAR20_1011.txt,images/train/1372.jpg,labels/train/1372.txt
1373,1373,MAR20_1012.jpg,MAR20_1012.txt,1373.jpg,1373.txt,images/train/MAR20_1012.jpg,labels/train/MAR20_1012.txt,images/train/1373.jpg,labels/train/1373.txt
1374,1374,MAR20_1013.jpg,MAR20_1013.txt,1374.jpg,1374.txt,images/train/MAR20_1013.jpg,labels/train/MAR20_1013.txt,images/train/1374.jpg,labels/train/1374.txt
1375,1375,MAR20_1014.jpg,MAR20_1014.txt,1375.jpg,1375.txt,images/train/MAR20_1014.jpg,labels/train/MAR20_1014.txt,images/train/1375.jpg,labels/train/1375.txt
1376,1376,MAR20_1015.jpg,MAR20_1015.txt,1376.jpg,1376.txt,images/train/MAR20_1015.jpg,labels/train/MAR20_1015.txt,images/train/1376.jpg,labels/train/1376.txt
1377,1377,MAR20_1016.jpg,MAR20_1016.txt,1377.jpg,1377.txt,images/train/MAR20_1016.jpg,labels/train/MAR20_1016.txt,images/train/1377.jpg,labels/train/1377.txt
1378,1378,MAR20_1018.jpg,MAR20_1018.txt,1378.jpg,1378.txt,images/train/MAR20_1018.jpg,labels/train/MAR20_1018.txt,images/train/1378.jpg,labels/train/1378.txt
1379,1379,MAR20_1019.jpg,MAR20_1019.txt,1379.jpg,1379.txt,images/train/MAR20_1019.jpg,labels/train/MAR20_1019.txt,images/train/1379.jpg,labels/train/1379.txt
1380,1380,MAR20_102.jpg,MAR20_102.txt,1380.jpg,1380.txt,images/train/MAR20_102.jpg,labels/train/MAR20_102.txt,images/train/1380.jpg,labels/train/1380.txt
1381,1381,MAR20_1020.jpg,MAR20_1020.txt,1381.jpg,1381.txt,images/train/MAR20_1020.jpg,labels/train/MAR20_1020.txt,images/train/1381.jpg,labels/train/1381.txt
1382,1382,MAR20_1021.jpg,MAR20_1021.txt,1382.jpg,1382.txt,images/train/MAR20_1021.jpg,labels/train/MAR20_1021.txt,images/train/1382.jpg,labels/train/1382.txt
1383,1383,MAR20_1022.jpg,MAR20_1022.txt,1383.jpg,1383.txt,images/train/MAR20_1022.jpg,labels/train/MAR20_1022.txt,images/train/1383.jpg,labels/train/1383.txt
1384,1384,MAR20_1023.jpg,MAR20_1023.txt,1384.jpg,1384.txt,images/train/MAR20_1023.jpg,labels/train/MAR20_1023.txt,images/train/1384.jpg,labels/train/1384.txt
1385,1385,MAR20_1024.jpg,MAR20_1024.txt,1385.jpg,1385.txt,images/train/MAR20_1024.jpg,labels/train/MAR20_1024.txt,images/train/1385.jpg,labels/train/1385.txt
1386,1386,MAR20_1025.jpg,MAR20_1025.txt,1386.jpg,1386.txt,images/train/MAR20_1025.jpg,labels/train/MAR20_1025.txt,images/train/1386.jpg,labels/train/1386.txt
1387,1387,MAR20_1026.jpg,MAR20_1026.txt,1387.jpg,1387.txt,images/train/MAR20_1026.jpg,labels/train/MAR20_1026.txt,images/train/1387.jpg,labels/train/1387.txt
1388,1388,MAR20_1027.jpg,MAR20_1027.txt,1388.jpg,1388.txt,images/train/MAR20_1027.jpg,labels/train/MAR20_1027.txt,images/train/1388.jpg,labels/train/1388.txt
1389,1389,MAR20_1028.jpg,MAR20_1028.txt,1389.jpg,1389.txt,images/train/MAR20_1028.jpg,labels/train/MAR20_1028.txt,images/train/1389.jpg,labels/train/1389.txt
1390,1390,MAR20_1029.jpg,MAR20_1029.txt,1390.jpg,1390.txt,images/train/MAR20_1029.jpg,labels/train/MAR20_1029.txt,images/train/1390.jpg,labels/train/1390.txt
1391,1391,MAR20_103.jpg,MAR20_103.txt,1391.jpg,1391.txt,images/train/MAR20_103.jpg,labels/train/MAR20_103.txt,images/train/1391.jpg,labels/train/1391.txt
1392,1392,MAR20_1030.jpg,MAR20_1030.txt,1392.jpg,1392.txt,images/train/MAR20_1030.jpg,labels/train/MAR20_1030.txt,images/train/1392.jpg,labels/train/1392.txt
1393,1393,MAR20_1031.jpg,MAR20_1031.txt,1393.jpg,1393.txt,images/train/MAR20_1031.jpg,labels/train/MAR20_1031.txt,images/train/1393.jpg,labels/train/1393.txt
1394,1394,MAR20_1032.jpg,MAR20_1032.txt,1394.jpg,1394.txt,images/train/MAR20_1032.jpg,labels/train/MAR20_1032.txt,images/train/1394.jpg,labels/train/1394.txt
1395,1395,MAR20_1033.jpg,MAR20_1033.txt,1395.jpg,1395.txt,images/train/MAR20_1033.jpg,labels/train/MAR20_1033.txt,images/train/1395.jpg,labels/train/1395.txt
1396,1396,MAR20_1034.jpg,MAR20_1034.txt,1396.jpg,1396.txt,images/train/MAR20_1034.jpg,labels/train/MAR20_1034.txt,images/train/1396.jpg,labels/train/1396.txt
1397,1397,MAR20_1035.jpg,MAR20_1035.txt,1397.jpg,1397.txt,images/train/MAR20_1035.jpg,labels/train/MAR20_1035.txt,images/train/1397.jpg,labels/train/1397.txt
1398,1398,MAR20_1036.jpg,MAR20_1036.txt,1398.jpg,1398.txt,images/train/MAR20_1036.jpg,labels/train/MAR20_1036.txt,images/train/1398.jpg,labels/train/1398.txt
1399,1399,MAR20_1037.jpg,MAR20_1037.txt,1399.jpg,1399.txt,images/train/MAR20_1037.jpg,labels/train/MAR20_1037.txt,images/train/1399.jpg,labels/train/1399.txt
1400,1400,MAR20_1038.jpg,MAR20_1038.txt,1400.jpg,1400.txt,images/train/MAR20_1038.jpg,labels/train/MAR20_1038.txt,images/train/1400.jpg,labels/train/1400.txt
1401,1401,MAR20_1039.jpg,MAR20_1039.txt,1401.jpg,1401.txt,images/train/MAR20_1039.jpg,labels/train/MAR20_1039.txt,images/train/1401.jpg,labels/train/1401.txt
1402,1402,MAR20_104.jpg,MAR20_104.txt,1402.jpg,1402.txt,images/train/MAR20_104.jpg,labels/train/MAR20_104.txt,images/train/1402.jpg,labels/train/1402.txt
1403,1403,MAR20_1040.jpg,MAR20_1040.txt,1403.jpg,1403.txt,images/train/MAR20_1040.jpg,labels/train/MAR20_1040.txt,images/train/1403.jpg,labels/train/1403.txt
1404,1404,MAR20_1041.jpg,MAR20_1041.txt,1404.jpg,1404.txt,images/train/MAR20_1041.jpg,labels/train/MAR20_1041.txt,images/train/1404.jpg,labels/train/1404.txt
1405,1405,MAR20_1042.jpg,MAR20_1042.txt,1405.jpg,1405.txt,images/train/MAR20_1042.jpg,labels/train/MAR20_1042.txt,images/train/1405.jpg,labels/train/1405.txt
1406,1406,MAR20_1043.jpg,MAR20_1043.txt,1406.jpg,1406.txt,images/train/MAR20_1043.jpg,labels/train/MAR20_1043.txt,images/train/1406.jpg,labels/train/1406.txt
1407,1407,MAR20_1044.jpg,MAR20_1044.txt,1407.jpg,1407.txt,images/train/MAR20_1044.jpg,labels/train/MAR20_1044.txt,images/train/1407.jpg,labels/train/1407.txt
1408,1408,MAR20_1045.jpg,MAR20_1045.txt,1408.jpg,1408.txt,images/train/MAR20_1045.jpg,labels/train/MAR20_1045.txt,images/train/1408.jpg,labels/train/1408.txt
1409,1409,MAR20_1046.jpg,MAR20_1046.txt,1409.jpg,1409.txt,images/train/MAR20_1046.jpg,labels/train/MAR20_1046.txt,images/train/1409.jpg,labels/train/1409.txt
1410,1410,MAR20_1047.jpg,MAR20_1047.txt,1410.jpg,1410.txt,images/train/MAR20_1047.jpg,labels/train/MAR20_1047.txt,images/train/1410.jpg,labels/train/1410.txt
1411,1411,MAR20_1048.jpg,MAR20_1048.txt,1411.jpg,1411.txt,images/train/MAR20_1048.jpg,labels/train/MAR20_1048.txt,images/train/1411.jpg,labels/train/1411.txt
1412,1412,MAR20_1049.jpg,MAR20_1049.txt,1412.jpg,1412.txt,images/train/MAR20_1049.jpg,labels/train/MAR20_1049.txt,images/train/1412.jpg,labels/train/1412.txt
1413,1413,MAR20_105.jpg,MAR20_105.txt,1413.jpg,1413.txt,images/train/MAR20_105.jpg,labels/train/MAR20_105.txt,images/train/1413.jpg,labels/train/1413.txt
1414,1414,MAR20_1050.jpg,MAR20_1050.txt,1414.jpg,1414.txt,images/train/MAR20_1050.jpg,labels/train/MAR20_1050.txt,images/train/1414.jpg,labels/train/1414.txt
1415,1415,MAR20_1051.jpg,MAR20_1051.txt,1415.jpg,1415.txt,images/train/MAR20_1051.jpg,labels/train/MAR20_1051.txt,images/train/1415.jpg,labels/train/1415.txt
1416,1416,MAR20_1052.jpg,MAR20_1052.txt,1416.jpg,1416.txt,images/train/MAR20_1052.jpg,labels/train/MAR20_1052.txt,images/train/1416.jpg,labels/train/1416.txt
1417,1417,MAR20_1053.jpg,MAR20_1053.txt,1417.jpg,1417.txt,images/train/MAR20_1053.jpg,labels/train/MAR20_1053.txt,images/train/1417.jpg,labels/train/1417.txt
1418,1418,MAR20_1054.jpg,MAR20_1054.txt,1418.jpg,1418.txt,images/train/MAR20_1054.jpg,labels/train/MAR20_1054.txt,images/train/1418.jpg,labels/train/1418.txt
1419,1419,MAR20_1055.jpg,MAR20_1055.txt,1419.jpg,1419.txt,images/train/MAR20_1055.jpg,labels/train/MAR20_1055.txt,images/train/1419.jpg,labels/train/1419.txt
1420,1420,MAR20_1056.jpg,MAR20_1056.txt,1420.jpg,1420.txt,images/train/MAR20_1056.jpg,labels/train/MAR20_1056.txt,images/train/1420.jpg,labels/train/1420.txt
1421,1421,MAR20_1057.jpg,MAR20_1057.txt,1421.jpg,1421.txt,images/train/MAR20_1057.jpg,labels/train/MAR20_1057.txt,images/train/1421.jpg,labels/train/1421.txt
1422,1422,MAR20_106.jpg,MAR20_106.txt,1422.jpg,1422.txt,images/train/MAR20_106.jpg,labels/train/MAR20_106.txt,images/train/1422.jpg,labels/train/1422.txt
1423,1423,MAR20_1060.jpg,MAR20_1060.txt,1423.jpg,1423.txt,images/train/MAR20_1060.jpg,labels/train/MAR20_1060.txt,images/train/1423.jpg,labels/train/1423.txt
1424,1424,MAR20_1061.jpg,MAR20_1061.txt,1424.jpg,1424.txt,images/train/MAR20_1061.jpg,labels/train/MAR20_1061.txt,images/train/1424.jpg,labels/train/1424.txt
1425,1425,MAR20_1062.jpg,MAR20_1062.txt,1425.jpg,1425.txt,images/train/MAR20_1062.jpg,labels/train/MAR20_1062.txt,images/train/1425.jpg,labels/train/1425.txt
1426,1426,MAR20_1063.jpg,MAR20_1063.txt,1426.jpg,1426.txt,images/train/MAR20_1063.jpg,labels/train/MAR20_1063.txt,images/train/1426.jpg,labels/train/1426.txt
1427,1427,MAR20_1064.jpg,MAR20_1064.txt,1427.jpg,1427.txt,images/train/MAR20_1064.jpg,labels/train/MAR20_1064.txt,images/train/1427.jpg,labels/train/1427.txt
1428,1428,MAR20_1066.jpg,MAR20_1066.txt,1428.jpg,1428.txt,images/train/MAR20_1066.jpg,labels/train/MAR20_1066.txt,images/train/1428.jpg,labels/train/1428.txt
1429,1429,MAR20_1067.jpg,MAR20_1067.txt,1429.jpg,1429.txt,images/train/MAR20_1067.jpg,labels/train/MAR20_1067.txt,images/train/1429.jpg,labels/train/1429.txt
1430,1430,MAR20_1069.jpg,MAR20_1069.txt,1430.jpg,1430.txt,images/train/MAR20_1069.jpg,labels/train/MAR20_1069.txt,images/train/1430.jpg,labels/train/1430.txt
1431,1431,MAR20_107.jpg,MAR20_107.txt,1431.jpg,1431.txt,images/train/MAR20_107.jpg,labels/train/MAR20_107.txt,images/train/1431.jpg,labels/train/1431.txt
1432,1432,MAR20_1070.jpg,MAR20_1070.txt,1432.jpg,1432.txt,images/train/MAR20_1070.jpg,labels/train/MAR20_1070.txt,images/train/1432.jpg,labels/train/1432.txt
1433,1433,MAR20_1071.jpg,MAR20_1071.txt,1433.jpg,1433.txt,images/train/MAR20_1071.jpg,labels/train/MAR20_1071.txt,images/train/1433.jpg,labels/train/1433.txt
1434,1434,MAR20_1072.jpg,MAR20_1072.txt,1434.jpg,1434.txt,images/train/MAR20_1072.jpg,labels/train/MAR20_1072.txt,images/train/1434.jpg,labels/train/1434.txt
1435,1435,MAR20_1074.jpg,MAR20_1074.txt,1435.jpg,1435.txt,images/train/MAR20_1074.jpg,labels/train/MAR20_1074.txt,images/train/1435.jpg,labels/train/1435.txt
1436,1436,MAR20_1075.jpg,MAR20_1075.txt,1436.jpg,1436.txt,images/train/MAR20_1075.jpg,labels/train/MAR20_1075.txt,images/train/1436.jpg,labels/train/1436.txt
1437,1437,MAR20_1076.jpg,MAR20_1076.txt,1437.jpg,1437.txt,images/train/MAR20_1076.jpg,labels/train/MAR20_1076.txt,images/train/1437.jpg,labels/train/1437.txt
1438,1438,MAR20_1077.jpg,MAR20_1077.txt,1438.jpg,1438.txt,images/train/MAR20_1077.jpg,labels/train/MAR20_1077.txt,images/train/1438.jpg,labels/train/1438.txt
1439,1439,MAR20_1078.jpg,MAR20_1078.txt,1439.jpg,1439.txt,images/train/MAR20_1078.jpg,labels/train/MAR20_1078.txt,images/train/1439.jpg,labels/train/1439.txt
1440,1440,MAR20_1079.jpg,MAR20_1079.txt,1440.jpg,1440.txt,images/train/MAR20_1079.jpg,labels/train/MAR20_1079.txt,images/train/1440.jpg,labels/train/1440.txt
1441,1441,MAR20_108.jpg,MAR20_108.txt,1441.jpg,1441.txt,images/train/MAR20_108.jpg,labels/train/MAR20_108.txt,images/train/1441.jpg,labels/train/1441.txt
1442,1442,MAR20_1080.jpg,MAR20_1080.txt,1442.jpg,1442.txt,images/train/MAR20_1080.jpg,labels/train/MAR20_1080.txt,images/train/1442.jpg,labels/train/1442.txt
1443,1443,MAR20_1081.jpg,MAR20_1081.txt,1443.jpg,1443.txt,images/train/MAR20_1081.jpg,labels/train/MAR20_1081.txt,images/train/1443.jpg,labels/train/1443.txt
1444,1444,MAR20_1082.jpg,MAR20_1082.txt,1444.jpg,1444.txt,images/train/MAR20_1082.jpg,labels/train/MAR20_1082.txt,images/train/1444.jpg,labels/train/1444.txt
1445,1445,MAR20_1084.jpg,MAR20_1084.txt,1445.jpg,1445.txt,images/train/MAR20_1084.jpg,labels/train/MAR20_1084.txt,images/train/1445.jpg,labels/train/1445.txt
1446,1446,MAR20_1085.jpg,MAR20_1085.txt,1446.jpg,1446.txt,images/train/MAR20_1085.jpg,labels/train/MAR20_1085.txt,images/train/1446.jpg,labels/train/1446.txt
1447,1447,MAR20_1086.jpg,MAR20_1086.txt,1447.jpg,1447.txt,images/train/MAR20_1086.jpg,labels/train/MAR20_1086.txt,images/train/1447.jpg,labels/train/1447.txt
1448,1448,MAR20_1087.jpg,MAR20_1087.txt,1448.jpg,1448.txt,images/train/MAR20_1087.jpg,labels/train/MAR20_1087.txt,images/train/1448.jpg,labels/train/1448.txt
1449,1449,MAR20_1088.jpg,MAR20_1088.txt,1449.jpg,1449.txt,images/train/MAR20_1088.jpg,labels/train/MAR20_1088.txt,images/train/1449.jpg,labels/train/1449.txt
1450,1450,MAR20_1089.jpg,MAR20_1089.txt,1450.jpg,1450.txt,images/train/MAR20_1089.jpg,labels/train/MAR20_1089.txt,images/train/1450.jpg,labels/train/1450.txt
1451,1451,MAR20_109.jpg,MAR20_109.txt,1451.jpg,1451.txt,images/train/MAR20_109.jpg,labels/train/MAR20_109.txt,images/train/1451.jpg,labels/train/1451.txt
1452,1452,MAR20_1090.jpg,MAR20_1090.txt,1452.jpg,1452.txt,images/train/MAR20_1090.jpg,labels/train/MAR20_1090.txt,images/train/1452.jpg,labels/train/1452.txt
1453,1453,MAR20_1091.jpg,MAR20_1091.txt,1453.jpg,1453.txt,images/train/MAR20_1091.jpg,labels/train/MAR20_1091.txt,images/train/1453.jpg,labels/train/1453.txt
1454,1454,MAR20_1092.jpg,MAR20_1092.txt,1454.jpg,1454.txt,images/train/MAR20_1092.jpg,labels/train/MAR20_1092.txt,images/train/1454.jpg,labels/train/1454.txt
1455,1455,MAR20_1093.jpg,MAR20_1093.txt,1455.jpg,1455.txt,images/train/MAR20_1093.jpg,labels/train/MAR20_1093.txt,images/train/1455.jpg,labels/train/1455.txt
1456,1456,MAR20_1096.jpg,MAR20_1096.txt,1456.jpg,1456.txt,images/train/MAR20_1096.jpg,labels/train/MAR20_1096.txt,images/train/1456.jpg,labels/train/1456.txt
1457,1457,MAR20_1098.jpg,MAR20_1098.txt,1457.jpg,1457.txt,images/train/MAR20_1098.jpg,labels/train/MAR20_1098.txt,images/train/1457.jpg,labels/train/1457.txt
1458,1458,MAR20_1099.jpg,MAR20_1099.txt,1458.jpg,1458.txt,images/train/MAR20_1099.jpg,labels/train/MAR20_1099.txt,images/train/1458.jpg,labels/train/1458.txt
1459,1459,MAR20_11.jpg,MAR20_11.txt,1459.jpg,1459.txt,images/train/MAR20_11.jpg,labels/train/MAR20_11.txt,images/train/1459.jpg,labels/train/1459.txt
1460,1460,MAR20_110.jpg,MAR20_110.txt,1460.jpg,1460.txt,images/train/MAR20_110.jpg,labels/train/MAR20_110.txt,images/train/1460.jpg,labels/train/1460.txt
1461,1461,MAR20_1100.jpg,MAR20_1100.txt,1461.jpg,1461.txt,images/train/MAR20_1100.jpg,labels/train/MAR20_1100.txt,images/train/1461.jpg,labels/train/1461.txt
1462,1462,MAR20_1103.jpg,MAR20_1103.txt,1462.jpg,1462.txt,images/train/MAR20_1103.jpg,labels/train/MAR20_1103.txt,images/train/1462.jpg,labels/train/1462.txt
1463,1463,MAR20_1104.jpg,MAR20_1104.txt,1463.jpg,1463.txt,images/train/MAR20_1104.jpg,labels/train/MAR20_1104.txt,images/train/1463.jpg,labels/train/1463.txt
1464,1464,MAR20_1105.jpg,MAR20_1105.txt,1464.jpg,1464.txt,images/train/MAR20_1105.jpg,labels/train/MAR20_1105.txt,images/train/1464.jpg,labels/train/1464.txt
1465,1465,MAR20_1106.jpg,MAR20_1106.txt,1465.jpg,1465.txt,images/train/MAR20_1106.jpg,labels/train/MAR20_1106.txt,images/train/1465.jpg,labels/train/1465.txt
1466,1466,MAR20_1107.jpg,MAR20_1107.txt,1466.jpg,1466.txt,images/train/MAR20_1107.jpg,labels/train/MAR20_1107.txt,images/train/1466.jpg,labels/train/1466.txt
1467,1467,MAR20_1108.jpg,MAR20_1108.txt,1467.jpg,1467.txt,images/train/MAR20_1108.jpg,labels/train/MAR20_1108.txt,images/train/1467.jpg,labels/train/1467.txt
1468,1468,MAR20_1109.jpg,MAR20_1109.txt,1468.jpg,1468.txt,images/train/MAR20_1109.jpg,labels/train/MAR20_1109.txt,images/train/1468.jpg,labels/train/1468.txt
1469,1469,MAR20_1110.jpg,MAR20_1110.txt,1469.jpg,1469.txt,images/train/MAR20_1110.jpg,labels/train/MAR20_1110.txt,images/train/1469.jpg,labels/train/1469.txt
1470,1470,MAR20_1111.jpg,MAR20_1111.txt,1470.jpg,1470.txt,images/train/MAR20_1111.jpg,labels/train/MAR20_1111.txt,images/train/1470.jpg,labels/train/1470.txt
1471,1471,MAR20_1113.jpg,MAR20_1113.txt,1471.jpg,1471.txt,images/train/MAR20_1113.jpg,labels/train/MAR20_1113.txt,images/train/1471.jpg,labels/train/1471.txt
1472,1472,MAR20_1114.jpg,MAR20_1114.txt,1472.jpg,1472.txt,images/train/MAR20_1114.jpg,labels/train/MAR20_1114.txt,images/train/1472.jpg,labels/train/1472.txt
1473,1473,MAR20_1115.jpg,MAR20_1115.txt,1473.jpg,1473.txt,images/train/MAR20_1115.jpg,labels/train/MAR20_1115.txt,images/train/1473.jpg,labels/train/1473.txt
1474,1474,MAR20_1116.jpg,MAR20_1116.txt,1474.jpg,1474.txt,images/train/MAR20_1116.jpg,labels/train/MAR20_1116.txt,images/train/1474.jpg,labels/train/1474.txt
1475,1475,MAR20_1118.jpg,MAR20_1118.txt,1475.jpg,1475.txt,images/train/MAR20_1118.jpg,labels/train/MAR20_1118.txt,images/train/1475.jpg,labels/train/1475.txt
1476,1476,MAR20_1119.jpg,MAR20_1119.txt,1476.jpg,1476.txt,images/train/MAR20_1119.jpg,labels/train/MAR20_1119.txt,images/train/1476.jpg,labels/train/1476.txt
1477,1477,MAR20_112.jpg,MAR20_112.txt,1477.jpg,1477.txt,images/train/MAR20_112.jpg,labels/train/MAR20_112.txt,images/train/1477.jpg,labels/train/1477.txt
1478,1478,MAR20_1120.jpg,MAR20_1120.txt,1478.jpg,1478.txt,images/train/MAR20_1120.jpg,labels/train/MAR20_1120.txt,images/train/1478.jpg,labels/train/1478.txt
1479,1479,MAR20_1121.jpg,MAR20_1121.txt,1479.jpg,1479.txt,images/train/MAR20_1121.jpg,labels/train/MAR20_1121.txt,images/train/1479.jpg,labels/train/1479.txt
1480,1480,MAR20_1122.jpg,MAR20_1122.txt,1480.jpg,1480.txt,images/train/MAR20_1122.jpg,labels/train/MAR20_1122.txt,images/train/1480.jpg,labels/train/1480.txt
1481,1481,MAR20_1123.jpg,MAR20_1123.txt,1481.jpg,1481.txt,images/train/MAR20_1123.jpg,labels/train/MAR20_1123.txt,images/train/1481.jpg,labels/train/1481.txt
1482,1482,MAR20_1124.jpg,MAR20_1124.txt,1482.jpg,1482.txt,images/train/MAR20_1124.jpg,labels/train/MAR20_1124.txt,images/train/1482.jpg,labels/train/1482.txt
1483,1483,MAR20_1125.jpg,MAR20_1125.txt,1483.jpg,1483.txt,images/train/MAR20_1125.jpg,labels/train/MAR20_1125.txt,images/train/1483.jpg,labels/train/1483.txt
1484,1484,MAR20_1127.jpg,MAR20_1127.txt,1484.jpg,1484.txt,images/train/MAR20_1127.jpg,labels/train/MAR20_1127.txt,images/train/1484.jpg,labels/train/1484.txt
1485,1485,MAR20_1128.jpg,MAR20_1128.txt,1485.jpg,1485.txt,images/train/MAR20_1128.jpg,labels/train/MAR20_1128.txt,images/train/1485.jpg,labels/train/1485.txt
1486,1486,MAR20_1129.jpg,MAR20_1129.txt,1486.jpg,1486.txt,images/train/MAR20_1129.jpg,labels/train/MAR20_1129.txt,images/train/1486.jpg,labels/train/1486.txt
1487,1487,MAR20_113.jpg,MAR20_113.txt,1487.jpg,1487.txt,images/train/MAR20_113.jpg,labels/train/MAR20_113.txt,images/train/1487.jpg,labels/train/1487.txt
1488,1488,MAR20_1130.jpg,MAR20_1130.txt,1488.jpg,1488.txt,images/train/MAR20_1130.jpg,labels/train/MAR20_1130.txt,images/train/1488.jpg,labels/train/1488.txt
1489,1489,MAR20_1131.jpg,MAR20_1131.txt,1489.jpg,1489.txt,images/train/MAR20_1131.jpg,labels/train/MAR20_1131.txt,images/train/1489.jpg,labels/train/1489.txt
1490,1490,MAR20_1133.jpg,MAR20_1133.txt,1490.jpg,1490.txt,images/train/MAR20_1133.jpg,labels/train/MAR20_1133.txt,images/train/1490.jpg,labels/train/1490.txt
1491,1491,MAR20_1135.jpg,MAR20_1135.txt,1491.jpg,1491.txt,images/train/MAR20_1135.jpg,labels/train/MAR20_1135.txt,images/train/1491.jpg,labels/train/1491.txt
1492,1492,MAR20_1136.jpg,MAR20_1136.txt,1492.jpg,1492.txt,images/train/MAR20_1136.jpg,labels/train/MAR20_1136.txt,images/train/1492.jpg,labels/train/1492.txt
1493,1493,MAR20_1138.jpg,MAR20_1138.txt,1493.jpg,1493.txt,images/train/MAR20_1138.jpg,labels/train/MAR20_1138.txt,images/train/1493.jpg,labels/train/1493.txt
1494,1494,MAR20_114.jpg,MAR20_114.txt,1494.jpg,1494.txt,images/train/MAR20_114.jpg,labels/train/MAR20_114.txt,images/train/1494.jpg,labels/train/1494.txt
1495,1495,MAR20_1140.jpg,MAR20_1140.txt,1495.jpg,1495.txt,images/train/MAR20_1140.jpg,labels/train/MAR20_1140.txt,images/train/1495.jpg,labels/train/1495.txt
1496,1496,MAR20_1141.jpg,MAR20_1141.txt,1496.jpg,1496.txt,images/train/MAR20_1141.jpg,labels/train/MAR20_1141.txt,images/train/1496.jpg,labels/train/1496.txt
1497,1497,MAR20_1143.jpg,MAR20_1143.txt,1497.jpg,1497.txt,images/train/MAR20_1143.jpg,labels/train/MAR20_1143.txt,images/train/1497.jpg,labels/train/1497.txt
1498,1498,MAR20_1144.jpg,MAR20_1144.txt,1498.jpg,1498.txt,images/train/MAR20_1144.jpg,labels/train/MAR20_1144.txt,images/train/1498.jpg,labels/train/1498.txt
1499,1499,MAR20_1145.jpg,MAR20_1145.txt,1499.jpg,1499.txt,images/train/MAR20_1145.jpg,labels/train/MAR20_1145.txt,images/train/1499.jpg,labels/train/1499.txt
1500,1500,MAR20_1146.jpg,MAR20_1146.txt,1500.jpg,1500.txt,images/train/MAR20_1146.jpg,labels/train/MAR20_1146.txt,images/train/1500.jpg,labels/train/1500.txt
1501,1501,MAR20_1147.jpg,MAR20_1147.txt,1501.jpg,1501.txt,images/train/MAR20_1147.jpg,labels/train/MAR20_1147.txt,images/train/1501.jpg,labels/train/1501.txt
1502,1502,MAR20_1148.jpg,MAR20_1148.txt,1502.jpg,1502.txt,images/train/MAR20_1148.jpg,labels/train/MAR20_1148.txt,images/train/1502.jpg,labels/train/1502.txt
1503,1503,MAR20_1149.jpg,MAR20_1149.txt,1503.jpg,1503.txt,images/train/MAR20_1149.jpg,labels/train/MAR20_1149.txt,images/train/1503.jpg,labels/train/1503.txt
1504,1504,MAR20_1150.jpg,MAR20_1150.txt,1504.jpg,1504.txt,images/train/MAR20_1150.jpg,labels/train/MAR20_1150.txt,images/train/1504.jpg,labels/train/1504.txt
1505,1505,MAR20_1151.jpg,MAR20_1151.txt,1505.jpg,1505.txt,images/train/MAR20_1151.jpg,labels/train/MAR20_1151.txt,images/train/1505.jpg,labels/train/1505.txt
1506,1506,MAR20_1153.jpg,MAR20_1153.txt,1506.jpg,1506.txt,images/train/MAR20_1153.jpg,labels/train/MAR20_1153.txt,images/train/1506.jpg,labels/train/1506.txt
1507,1507,MAR20_1155.jpg,MAR20_1155.txt,1507.jpg,1507.txt,images/train/MAR20_1155.jpg,labels/train/MAR20_1155.txt,images/train/1507.jpg,labels/train/1507.txt
1508,1508,MAR20_1156.jpg,MAR20_1156.txt,1508.jpg,1508.txt,images/train/MAR20_1156.jpg,labels/train/MAR20_1156.txt,images/train/1508.jpg,labels/train/1508.txt
1509,1509,MAR20_1157.jpg,MAR20_1157.txt,1509.jpg,1509.txt,images/train/MAR20_1157.jpg,labels/train/MAR20_1157.txt,images/train/1509.jpg,labels/train/1509.txt
1510,1510,MAR20_1158.jpg,MAR20_1158.txt,1510.jpg,1510.txt,images/train/MAR20_1158.jpg,labels/train/MAR20_1158.txt,images/train/1510.jpg,labels/train/1510.txt
1511,1511,MAR20_1160.jpg,MAR20_1160.txt,1511.jpg,1511.txt,images/train/MAR20_1160.jpg,labels/train/MAR20_1160.txt,images/train/1511.jpg,labels/train/1511.txt
1512,1512,MAR20_1162.jpg,MAR20_1162.txt,1512.jpg,1512.txt,images/train/MAR20_1162.jpg,labels/train/MAR20_1162.txt,images/train/1512.jpg,labels/train/1512.txt
1513,1513,MAR20_1163.jpg,MAR20_1163.txt,1513.jpg,1513.txt,images/train/MAR20_1163.jpg,labels/train/MAR20_1163.txt,images/train/1513.jpg,labels/train/1513.txt
1514,1514,MAR20_1164.jpg,MAR20_1164.txt,1514.jpg,1514.txt,images/train/MAR20_1164.jpg,labels/train/MAR20_1164.txt,images/train/1514.jpg,labels/train/1514.txt
1515,1515,MAR20_1165.jpg,MAR20_1165.txt,1515.jpg,1515.txt,images/train/MAR20_1165.jpg,labels/train/MAR20_1165.txt,images/train/1515.jpg,labels/train/1515.txt
1516,1516,MAR20_1167.jpg,MAR20_1167.txt,1516.jpg,1516.txt,images/train/MAR20_1167.jpg,labels/train/MAR20_1167.txt,images/train/1516.jpg,labels/train/1516.txt
1517,1517,MAR20_1168.jpg,MAR20_1168.txt,1517.jpg,1517.txt,images/train/MAR20_1168.jpg,labels/train/MAR20_1168.txt,images/train/1517.jpg,labels/train/1517.txt
1518,1518,MAR20_1169.jpg,MAR20_1169.txt,1518.jpg,1518.txt,images/train/MAR20_1169.jpg,labels/train/MAR20_1169.txt,images/train/1518.jpg,labels/train/1518.txt
1519,1519,MAR20_117.jpg,MAR20_117.txt,1519.jpg,1519.txt,images/train/MAR20_117.jpg,labels/train/MAR20_117.txt,images/train/1519.jpg,labels/train/1519.txt
1520,1520,MAR20_1170.jpg,MAR20_1170.txt,1520.jpg,1520.txt,images/train/MAR20_1170.jpg,labels/train/MAR20_1170.txt,images/train/1520.jpg,labels/train/1520.txt
1521,1521,MAR20_1171.jpg,MAR20_1171.txt,1521.jpg,1521.txt,images/train/MAR20_1171.jpg,labels/train/MAR20_1171.txt,images/train/1521.jpg,labels/train/1521.txt
1522,1522,MAR20_1172.jpg,MAR20_1172.txt,1522.jpg,1522.txt,images/train/MAR20_1172.jpg,labels/train/MAR20_1172.txt,images/train/1522.jpg,labels/train/1522.txt
1523,1523,MAR20_1173.jpg,MAR20_1173.txt,1523.jpg,1523.txt,images/train/MAR20_1173.jpg,labels/train/MAR20_1173.txt,images/train/1523.jpg,labels/train/1523.txt
1524,1524,MAR20_1175.jpg,MAR20_1175.txt,1524.jpg,1524.txt,images/train/MAR20_1175.jpg,labels/train/MAR20_1175.txt,images/train/1524.jpg,labels/train/1524.txt
1525,1525,MAR20_1176.jpg,MAR20_1176.txt,1525.jpg,1525.txt,images/train/MAR20_1176.jpg,labels/train/MAR20_1176.txt,images/train/1525.jpg,labels/train/1525.txt
1526,1526,MAR20_1177.jpg,MAR20_1177.txt,1526.jpg,1526.txt,images/train/MAR20_1177.jpg,labels/train/MAR20_1177.txt,images/train/1526.jpg,labels/train/1526.txt
1527,1527,MAR20_1179.jpg,MAR20_1179.txt,1527.jpg,1527.txt,images/train/MAR20_1179.jpg,labels/train/MAR20_1179.txt,images/train/1527.jpg,labels/train/1527.txt
1528,1528,MAR20_118.jpg,MAR20_118.txt,1528.jpg,1528.txt,images/train/MAR20_118.jpg,labels/train/MAR20_118.txt,images/train/1528.jpg,labels/train/1528.txt
1529,1529,MAR20_1180.jpg,MAR20_1180.txt,1529.jpg,1529.txt,images/train/MAR20_1180.jpg,labels/train/MAR20_1180.txt,images/train/1529.jpg,labels/train/1529.txt
1530,1530,MAR20_1181.jpg,MAR20_1181.txt,1530.jpg,1530.txt,images/train/MAR20_1181.jpg,labels/train/MAR20_1181.txt,images/train/1530.jpg,labels/train/1530.txt
1531,1531,MAR20_1182.jpg,MAR20_1182.txt,1531.jpg,1531.txt,images/train/MAR20_1182.jpg,labels/train/MAR20_1182.txt,images/train/1531.jpg,labels/train/1531.txt
1532,1532,MAR20_1183.jpg,MAR20_1183.txt,1532.jpg,1532.txt,images/train/MAR20_1183.jpg,labels/train/MAR20_1183.txt,images/train/1532.jpg,labels/train/1532.txt
1533,1533,MAR20_1184.jpg,MAR20_1184.txt,1533.jpg,1533.txt,images/train/MAR20_1184.jpg,labels/train/MAR20_1184.txt,images/train/1533.jpg,labels/train/1533.txt
1534,1534,MAR20_1186.jpg,MAR20_1186.txt,1534.jpg,1534.txt,images/train/MAR20_1186.jpg,labels/train/MAR20_1186.txt,images/train/1534.jpg,labels/train/1534.txt
1535,1535,MAR20_1187.jpg,MAR20_1187.txt,1535.jpg,1535.txt,images/train/MAR20_1187.jpg,labels/train/MAR20_1187.txt,images/train/1535.jpg,labels/train/1535.txt
1536,1536,MAR20_1188.jpg,MAR20_1188.txt,1536.jpg,1536.txt,images/train/MAR20_1188.jpg,labels/train/MAR20_1188.txt,images/train/1536.jpg,labels/train/1536.txt
1537,1537,MAR20_1189.jpg,MAR20_1189.txt,1537.jpg,1537.txt,images/train/MAR20_1189.jpg,labels/train/MAR20_1189.txt,images/train/1537.jpg,labels/train/1537.txt
1538,1538,MAR20_119.jpg,MAR20_119.txt,1538.jpg,1538.txt,images/train/MAR20_119.jpg,labels/train/MAR20_119.txt,images/train/1538.jpg,labels/train/1538.txt
1539,1539,MAR20_1192.jpg,MAR20_1192.txt,1539.jpg,1539.txt,images/train/MAR20_1192.jpg,labels/train/MAR20_1192.txt,images/train/1539.jpg,labels/train/1539.txt
1540,1540,MAR20_1193.jpg,MAR20_1193.txt,1540.jpg,1540.txt,images/train/MAR20_1193.jpg,labels/train/MAR20_1193.txt,images/train/1540.jpg,labels/train/1540.txt
1541,1541,MAR20_1194.jpg,MAR20_1194.txt,1541.jpg,1541.txt,images/train/MAR20_1194.jpg,labels/train/MAR20_1194.txt,images/train/1541.jpg,labels/train/1541.txt
1542,1542,MAR20_1196.jpg,MAR20_1196.txt,1542.jpg,1542.txt,images/train/MAR20_1196.jpg,labels/train/MAR20_1196.txt,images/train/1542.jpg,labels/train/1542.txt
1543,1543,MAR20_1197.jpg,MAR20_1197.txt,1543.jpg,1543.txt,images/train/MAR20_1197.jpg,labels/train/MAR20_1197.txt,images/train/1543.jpg,labels/train/1543.txt
1544,1544,MAR20_1198.jpg,MAR20_1198.txt,1544.jpg,1544.txt,images/train/MAR20_1198.jpg,labels/train/MAR20_1198.txt,images/train/1544.jpg,labels/train/1544.txt
1545,1545,MAR20_1199.jpg,MAR20_1199.txt,1545.jpg,1545.txt,images/train/MAR20_1199.jpg,labels/train/MAR20_1199.txt,images/train/1545.jpg,labels/train/1545.txt
1546,1546,MAR20_12.jpg,MAR20_12.txt,1546.jpg,1546.txt,images/train/MAR20_12.jpg,labels/train/MAR20_12.txt,images/train/1546.jpg,labels/train/1546.txt
1547,1547,MAR20_120.jpg,MAR20_120.txt,1547.jpg,1547.txt,images/train/MAR20_120.jpg,labels/train/MAR20_120.txt,images/train/1547.jpg,labels/train/1547.txt
1548,1548,MAR20_1200.jpg,MAR20_1200.txt,1548.jpg,1548.txt,images/train/MAR20_1200.jpg,labels/train/MAR20_1200.txt,images/train/1548.jpg,labels/train/1548.txt
1549,1549,MAR20_1202.jpg,MAR20_1202.txt,1549.jpg,1549.txt,images/train/MAR20_1202.jpg,labels/train/MAR20_1202.txt,images/train/1549.jpg,labels/train/1549.txt
1550,1550,MAR20_1203.jpg,MAR20_1203.txt,1550.jpg,1550.txt,images/train/MAR20_1203.jpg,labels/train/MAR20_1203.txt,images/train/1550.jpg,labels/train/1550.txt
1551,1551,MAR20_1204.jpg,MAR20_1204.txt,1551.jpg,1551.txt,images/train/MAR20_1204.jpg,labels/train/MAR20_1204.txt,images/train/1551.jpg,labels/train/1551.txt
1552,1552,MAR20_1206.jpg,MAR20_1206.txt,1552.jpg,1552.txt,images/train/MAR20_1206.jpg,labels/train/MAR20_1206.txt,images/train/1552.jpg,labels/train/1552.txt
1553,1553,MAR20_1207.jpg,MAR20_1207.txt,1553.jpg,1553.txt,images/train/MAR20_1207.jpg,labels/train/MAR20_1207.txt,images/train/1553.jpg,labels/train/1553.txt
1554,1554,MAR20_121.jpg,MAR20_121.txt,1554.jpg,1554.txt,images/train/MAR20_121.jpg,labels/train/MAR20_121.txt,images/train/1554.jpg,labels/train/1554.txt
1555,1555,MAR20_1210.jpg,MAR20_1210.txt,1555.jpg,1555.txt,images/train/MAR20_1210.jpg,labels/train/MAR20_1210.txt,images/train/1555.jpg,labels/train/1555.txt
1556,1556,MAR20_1211.jpg,MAR20_1211.txt,1556.jpg,1556.txt,images/train/MAR20_1211.jpg,labels/train/MAR20_1211.txt,images/train/1556.jpg,labels/train/1556.txt
1557,1557,MAR20_1212.jpg,MAR20_1212.txt,1557.jpg,1557.txt,images/train/MAR20_1212.jpg,labels/train/MAR20_1212.txt,images/train/1557.jpg,labels/train/1557.txt
1558,1558,MAR20_1213.jpg,MAR20_1213.txt,1558.jpg,1558.txt,images/train/MAR20_1213.jpg,labels/train/MAR20_1213.txt,images/train/1558.jpg,labels/train/1558.txt
1559,1559,MAR20_1214.jpg,MAR20_1214.txt,1559.jpg,1559.txt,images/train/MAR20_1214.jpg,labels/train/MAR20_1214.txt,images/train/1559.jpg,labels/train/1559.txt
1560,1560,MAR20_1215.jpg,MAR20_1215.txt,1560.jpg,1560.txt,images/train/MAR20_1215.jpg,labels/train/MAR20_1215.txt,images/train/1560.jpg,labels/train/1560.txt
1561,1561,MAR20_1216.jpg,MAR20_1216.txt,1561.jpg,1561.txt,images/train/MAR20_1216.jpg,labels/train/MAR20_1216.txt,images/train/1561.jpg,labels/train/1561.txt
1562,1562,MAR20_1217.jpg,MAR20_1217.txt,1562.jpg,1562.txt,images/train/MAR20_1217.jpg,labels/train/MAR20_1217.txt,images/train/1562.jpg,labels/train/1562.txt
1563,1563,MAR20_1218.jpg,MAR20_1218.txt,1563.jpg,1563.txt,images/train/MAR20_1218.jpg,labels/train/MAR20_1218.txt,images/train/1563.jpg,labels/train/1563.txt
1564,1564,MAR20_122.jpg,MAR20_122.txt,1564.jpg,1564.txt,images/train/MAR20_122.jpg,labels/train/MAR20_122.txt,images/train/1564.jpg,labels/train/1564.txt
1565,1565,MAR20_1220.jpg,MAR20_1220.txt,1565.jpg,1565.txt,images/train/MAR20_1220.jpg,labels/train/MAR20_1220.txt,images/train/1565.jpg,labels/train/1565.txt
1566,1566,MAR20_1221.jpg,MAR20_1221.txt,1566.jpg,1566.txt,images/train/MAR20_1221.jpg,labels/train/MAR20_1221.txt,images/train/1566.jpg,labels/train/1566.txt
1567,1567,MAR20_1222.jpg,MAR20_1222.txt,1567.jpg,1567.txt,images/train/MAR20_1222.jpg,labels/train/MAR20_1222.txt,images/train/1567.jpg,labels/train/1567.txt
1568,1568,MAR20_1223.jpg,MAR20_1223.txt,1568.jpg,1568.txt,images/train/MAR20_1223.jpg,labels/train/MAR20_1223.txt,images/train/1568.jpg,labels/train/1568.txt
1569,1569,MAR20_1224.jpg,MAR20_1224.txt,1569.jpg,1569.txt,images/train/MAR20_1224.jpg,labels/train/MAR20_1224.txt,images/train/1569.jpg,labels/train/1569.txt
1570,1570,MAR20_1225.jpg,MAR20_1225.txt,1570.jpg,1570.txt,images/train/MAR20_1225.jpg,labels/train/MAR20_1225.txt,images/train/1570.jpg,labels/train/1570.txt
1571,1571,MAR20_1227.jpg,MAR20_1227.txt,1571.jpg,1571.txt,images/train/MAR20_1227.jpg,labels/train/MAR20_1227.txt,images/train/1571.jpg,labels/train/1571.txt
1572,1572,MAR20_1228.jpg,MAR20_1228.txt,1572.jpg,1572.txt,images/train/MAR20_1228.jpg,labels/train/MAR20_1228.txt,images/train/1572.jpg,labels/train/1572.txt
1573,1573,MAR20_1229.jpg,MAR20_1229.txt,1573.jpg,1573.txt,images/train/MAR20_1229.jpg,labels/train/MAR20_1229.txt,images/train/1573.jpg,labels/train/1573.txt
1574,1574,MAR20_1231.jpg,MAR20_1231.txt,1574.jpg,1574.txt,images/train/MAR20_1231.jpg,labels/train/MAR20_1231.txt,images/train/1574.jpg,labels/train/1574.txt
1575,1575,MAR20_1232.jpg,MAR20_1232.txt,1575.jpg,1575.txt,images/train/MAR20_1232.jpg,labels/train/MAR20_1232.txt,images/train/1575.jpg,labels/train/1575.txt
1576,1576,MAR20_1233.jpg,MAR20_1233.txt,1576.jpg,1576.txt,images/train/MAR20_1233.jpg,labels/train/MAR20_1233.txt,images/train/1576.jpg,labels/train/1576.txt
1577,1577,MAR20_1234.jpg,MAR20_1234.txt,1577.jpg,1577.txt,images/train/MAR20_1234.jpg,labels/train/MAR20_1234.txt,images/train/1577.jpg,labels/train/1577.txt
1578,1578,MAR20_1235.jpg,MAR20_1235.txt,1578.jpg,1578.txt,images/train/MAR20_1235.jpg,labels/train/MAR20_1235.txt,images/train/1578.jpg,labels/train/1578.txt
1579,1579,MAR20_1236.jpg,MAR20_1236.txt,1579.jpg,1579.txt,images/train/MAR20_1236.jpg,labels/train/MAR20_1236.txt,images/train/1579.jpg,labels/train/1579.txt
1580,1580,MAR20_1238.jpg,MAR20_1238.txt,1580.jpg,1580.txt,images/train/MAR20_1238.jpg,labels/train/MAR20_1238.txt,images/train/1580.jpg,labels/train/1580.txt
1581,1581,MAR20_1239.jpg,MAR20_1239.txt,1581.jpg,1581.txt,images/train/MAR20_1239.jpg,labels/train/MAR20_1239.txt,images/train/1581.jpg,labels/train/1581.txt
1582,1582,MAR20_124.jpg,MAR20_124.txt,1582.jpg,1582.txt,images/train/MAR20_124.jpg,labels/train/MAR20_124.txt,images/train/1582.jpg,labels/train/1582.txt
1583,1583,MAR20_1241.jpg,MAR20_1241.txt,1583.jpg,1583.txt,images/train/MAR20_1241.jpg,labels/train/MAR20_1241.txt,images/train/1583.jpg,labels/train/1583.txt
1584,1584,MAR20_1242.jpg,MAR20_1242.txt,1584.jpg,1584.txt,images/train/MAR20_1242.jpg,labels/train/MAR20_1242.txt,images/train/1584.jpg,labels/train/1584.txt
1585,1585,MAR20_1243.jpg,MAR20_1243.txt,1585.jpg,1585.txt,images/train/MAR20_1243.jpg,labels/train/MAR20_1243.txt,images/train/1585.jpg,labels/train/1585.txt
1586,1586,MAR20_1244.jpg,MAR20_1244.txt,1586.jpg,1586.txt,images/train/MAR20_1244.jpg,labels/train/MAR20_1244.txt,images/train/1586.jpg,labels/train/1586.txt
1587,1587,MAR20_1245.jpg,MAR20_1245.txt,1587.jpg,1587.txt,images/train/MAR20_1245.jpg,labels/train/MAR20_1245.txt,images/train/1587.jpg,labels/train/1587.txt
1588,1588,MAR20_1249.jpg,MAR20_1249.txt,1588.jpg,1588.txt,images/train/MAR20_1249.jpg,labels/train/MAR20_1249.txt,images/train/1588.jpg,labels/train/1588.txt
1589,1589,MAR20_1250.jpg,MAR20_1250.txt,1589.jpg,1589.txt,images/train/MAR20_1250.jpg,labels/train/MAR20_1250.txt,images/train/1589.jpg,labels/train/1589.txt
1590,1590,MAR20_1251.jpg,MAR20_1251.txt,1590.jpg,1590.txt,images/train/MAR20_1251.jpg,labels/train/MAR20_1251.txt,images/train/1590.jpg,labels/train/1590.txt
1591,1591,MAR20_1252.jpg,MAR20_1252.txt,1591.jpg,1591.txt,images/train/MAR20_1252.jpg,labels/train/MAR20_1252.txt,images/train/1591.jpg,labels/train/1591.txt
1592,1592,MAR20_1253.jpg,MAR20_1253.txt,1592.jpg,1592.txt,images/train/MAR20_1253.jpg,labels/train/MAR20_1253.txt,images/train/1592.jpg,labels/train/1592.txt
1593,1593,MAR20_1254.jpg,MAR20_1254.txt,1593.jpg,1593.txt,images/train/MAR20_1254.jpg,labels/train/MAR20_1254.txt,images/train/1593.jpg,labels/train/1593.txt
1594,1594,MAR20_1255.jpg,MAR20_1255.txt,1594.jpg,1594.txt,images/train/MAR20_1255.jpg,labels/train/MAR20_1255.txt,images/train/1594.jpg,labels/train/1594.txt
1595,1595,MAR20_1256.jpg,MAR20_1256.txt,1595.jpg,1595.txt,images/train/MAR20_1256.jpg,labels/train/MAR20_1256.txt,images/train/1595.jpg,labels/train/1595.txt
1596,1596,MAR20_1257.jpg,MAR20_1257.txt,1596.jpg,1596.txt,images/train/MAR20_1257.jpg,labels/train/MAR20_1257.txt,images/train/1596.jpg,labels/train/1596.txt
1597,1597,MAR20_1258.jpg,MAR20_1258.txt,1597.jpg,1597.txt,images/train/MAR20_1258.jpg,labels/train/MAR20_1258.txt,images/train/1597.jpg,labels/train/1597.txt
1598,1598,MAR20_1259.jpg,MAR20_1259.txt,1598.jpg,1598.txt,images/train/MAR20_1259.jpg,labels/train/MAR20_1259.txt,images/train/1598.jpg,labels/train/1598.txt
1599,1599,MAR20_126.jpg,MAR20_126.txt,1599.jpg,1599.txt,images/train/MAR20_126.jpg,labels/train/MAR20_126.txt,images/train/1599.jpg,labels/train/1599.txt
1600,1600,MAR20_1260.jpg,MAR20_1260.txt,1600.jpg,1600.txt,images/train/MAR20_1260.jpg,labels/train/MAR20_1260.txt,images/train/1600.jpg,labels/train/1600.txt
1601,1601,MAR20_1261.jpg,MAR20_1261.txt,1601.jpg,1601.txt,images/train/MAR20_1261.jpg,labels/train/MAR20_1261.txt,images/train/1601.jpg,labels/train/1601.txt
1602,1602,MAR20_1262.jpg,MAR20_1262.txt,1602.jpg,1602.txt,images/train/MAR20_1262.jpg,labels/train/MAR20_1262.txt,images/train/1602.jpg,labels/train/1602.txt
1603,1603,MAR20_1263.jpg,MAR20_1263.txt,1603.jpg,1603.txt,images/train/MAR20_1263.jpg,labels/train/MAR20_1263.txt,images/train/1603.jpg,labels/train/1603.txt
1604,1604,MAR20_1264.jpg,MAR20_1264.txt,1604.jpg,1604.txt,images/train/MAR20_1264.jpg,labels/train/MAR20_1264.txt,images/train/1604.jpg,labels/train/1604.txt
1605,1605,MAR20_1265.jpg,MAR20_1265.txt,1605.jpg,1605.txt,images/train/MAR20_1265.jpg,labels/train/MAR20_1265.txt,images/train/1605.jpg,labels/train/1605.txt
1606,1606,MAR20_1266.jpg,MAR20_1266.txt,1606.jpg,1606.txt,images/train/MAR20_1266.jpg,labels/train/MAR20_1266.txt,images/train/1606.jpg,labels/train/1606.txt
1607,1607,MAR20_1268.jpg,MAR20_1268.txt,1607.jpg,1607.txt,images/train/MAR20_1268.jpg,labels/train/MAR20_1268.txt,images/train/1607.jpg,labels/train/1607.txt
1608,1608,MAR20_1269.jpg,MAR20_1269.txt,1608.jpg,1608.txt,images/train/MAR20_1269.jpg,labels/train/MAR20_1269.txt,images/train/1608.jpg,labels/train/1608.txt
1609,1609,MAR20_127.jpg,MAR20_127.txt,1609.jpg,1609.txt,images/train/MAR20_127.jpg,labels/train/MAR20_127.txt,images/train/1609.jpg,labels/train/1609.txt
1610,1610,MAR20_1272.jpg,MAR20_1272.txt,1610.jpg,1610.txt,images/train/MAR20_1272.jpg,labels/train/MAR20_1272.txt,images/train/1610.jpg,labels/train/1610.txt
1611,1611,MAR20_1273.jpg,MAR20_1273.txt,1611.jpg,1611.txt,images/train/MAR20_1273.jpg,labels/train/MAR20_1273.txt,images/train/1611.jpg,labels/train/1611.txt
1612,1612,MAR20_1274.jpg,MAR20_1274.txt,1612.jpg,1612.txt,images/train/MAR20_1274.jpg,labels/train/MAR20_1274.txt,images/train/1612.jpg,labels/train/1612.txt
1613,1613,MAR20_1277.jpg,MAR20_1277.txt,1613.jpg,1613.txt,images/train/MAR20_1277.jpg,labels/train/MAR20_1277.txt,images/train/1613.jpg,labels/train/1613.txt
1614,1614,MAR20_1278.jpg,MAR20_1278.txt,1614.jpg,1614.txt,images/train/MAR20_1278.jpg,labels/train/MAR20_1278.txt,images/train/1614.jpg,labels/train/1614.txt
1615,1615,MAR20_1279.jpg,MAR20_1279.txt,1615.jpg,1615.txt,images/train/MAR20_1279.jpg,labels/train/MAR20_1279.txt,images/train/1615.jpg,labels/train/1615.txt
1616,1616,MAR20_128.jpg,MAR20_128.txt,1616.jpg,1616.txt,images/train/MAR20_128.jpg,labels/train/MAR20_128.txt,images/train/1616.jpg,labels/train/1616.txt
1617,1617,MAR20_1280.jpg,MAR20_1280.txt,1617.jpg,1617.txt,images/train/MAR20_1280.jpg,labels/train/MAR20_1280.txt,images/train/1617.jpg,labels/train/1617.txt
1618,1618,MAR20_1282.jpg,MAR20_1282.txt,1618.jpg,1618.txt,images/train/MAR20_1282.jpg,labels/train/MAR20_1282.txt,images/train/1618.jpg,labels/train/1618.txt
1619,1619,MAR20_1284.jpg,MAR20_1284.txt,1619.jpg,1619.txt,images/train/MAR20_1284.jpg,labels/train/MAR20_1284.txt,images/train/1619.jpg,labels/train/1619.txt
1620,1620,MAR20_1285.jpg,MAR20_1285.txt,1620.jpg,1620.txt,images/train/MAR20_1285.jpg,labels/train/MAR20_1285.txt,images/train/1620.jpg,labels/train/1620.txt
1621,1621,MAR20_1286.jpg,MAR20_1286.txt,1621.jpg,1621.txt,images/train/MAR20_1286.jpg,labels/train/MAR20_1286.txt,images/train/1621.jpg,labels/train/1621.txt
1622,1622,MAR20_1287.jpg,MAR20_1287.txt,1622.jpg,1622.txt,images/train/MAR20_1287.jpg,labels/train/MAR20_1287.txt,images/train/1622.jpg,labels/train/1622.txt
1623,1623,MAR20_1288.jpg,MAR20_1288.txt,1623.jpg,1623.txt,images/train/MAR20_1288.jpg,labels/train/MAR20_1288.txt,images/train/1623.jpg,labels/train/1623.txt
1624,1624,MAR20_1289.jpg,MAR20_1289.txt,1624.jpg,1624.txt,images/train/MAR20_1289.jpg,labels/train/MAR20_1289.txt,images/train/1624.jpg,labels/train/1624.txt
1625,1625,MAR20_1291.jpg,MAR20_1291.txt,1625.jpg,1625.txt,images/train/MAR20_1291.jpg,labels/train/MAR20_1291.txt,images/train/1625.jpg,labels/train/1625.txt
1626,1626,MAR20_1292.jpg,MAR20_1292.txt,1626.jpg,1626.txt,images/train/MAR20_1292.jpg,labels/train/MAR20_1292.txt,images/train/1626.jpg,labels/train/1626.txt
1627,1627,MAR20_1294.jpg,MAR20_1294.txt,1627.jpg,1627.txt,images/train/MAR20_1294.jpg,labels/train/MAR20_1294.txt,images/train/1627.jpg,labels/train/1627.txt
1628,1628,MAR20_1295.jpg,MAR20_1295.txt,1628.jpg,1628.txt,images/train/MAR20_1295.jpg,labels/train/MAR20_1295.txt,images/train/1628.jpg,labels/train/1628.txt
1629,1629,MAR20_1296.jpg,MAR20_1296.txt,1629.jpg,1629.txt,images/train/MAR20_1296.jpg,labels/train/MAR20_1296.txt,images/train/1629.jpg,labels/train/1629.txt
1630,1630,MAR20_1297.jpg,MAR20_1297.txt,1630.jpg,1630.txt,images/train/MAR20_1297.jpg,labels/train/MAR20_1297.txt,images/train/1630.jpg,labels/train/1630.txt
1631,1631,MAR20_130.jpg,MAR20_130.txt,1631.jpg,1631.txt,images/train/MAR20_130.jpg,labels/train/MAR20_130.txt,images/train/1631.jpg,labels/train/1631.txt
1632,1632,MAR20_1300.jpg,MAR20_1300.txt,1632.jpg,1632.txt,images/train/MAR20_1300.jpg,labels/train/MAR20_1300.txt,images/train/1632.jpg,labels/train/1632.txt
1633,1633,MAR20_1301.jpg,MAR20_1301.txt,1633.jpg,1633.txt,images/train/MAR20_1301.jpg,labels/train/MAR20_1301.txt,images/train/1633.jpg,labels/train/1633.txt
1634,1634,MAR20_1303.jpg,MAR20_1303.txt,1634.jpg,1634.txt,images/train/MAR20_1303.jpg,labels/train/MAR20_1303.txt,images/train/1634.jpg,labels/train/1634.txt
1635,1635,MAR20_1304.jpg,MAR20_1304.txt,1635.jpg,1635.txt,images/train/MAR20_1304.jpg,labels/train/MAR20_1304.txt,images/train/1635.jpg,labels/train/1635.txt
1636,1636,MAR20_1305.jpg,MAR20_1305.txt,1636.jpg,1636.txt,images/train/MAR20_1305.jpg,labels/train/MAR20_1305.txt,images/train/1636.jpg,labels/train/1636.txt
1637,1637,MAR20_1306.jpg,MAR20_1306.txt,1637.jpg,1637.txt,images/train/MAR20_1306.jpg,labels/train/MAR20_1306.txt,images/train/1637.jpg,labels/train/1637.txt
1638,1638,MAR20_1308.jpg,MAR20_1308.txt,1638.jpg,1638.txt,images/train/MAR20_1308.jpg,labels/train/MAR20_1308.txt,images/train/1638.jpg,labels/train/1638.txt
1639,1639,MAR20_131.jpg,MAR20_131.txt,1639.jpg,1639.txt,images/train/MAR20_131.jpg,labels/train/MAR20_131.txt,images/train/1639.jpg,labels/train/1639.txt
1640,1640,MAR20_1311.jpg,MAR20_1311.txt,1640.jpg,1640.txt,images/train/MAR20_1311.jpg,labels/train/MAR20_1311.txt,images/train/1640.jpg,labels/train/1640.txt
1641,1641,MAR20_1312.jpg,MAR20_1312.txt,1641.jpg,1641.txt,images/train/MAR20_1312.jpg,labels/train/MAR20_1312.txt,images/train/1641.jpg,labels/train/1641.txt
1642,1642,MAR20_1314.jpg,MAR20_1314.txt,1642.jpg,1642.txt,images/train/MAR20_1314.jpg,labels/train/MAR20_1314.txt,images/train/1642.jpg,labels/train/1642.txt
1643,1643,MAR20_1315.jpg,MAR20_1315.txt,1643.jpg,1643.txt,images/train/MAR20_1315.jpg,labels/train/MAR20_1315.txt,images/train/1643.jpg,labels/train/1643.txt
1644,1644,MAR20_1317.jpg,MAR20_1317.txt,1644.jpg,1644.txt,images/train/MAR20_1317.jpg,labels/train/MAR20_1317.txt,images/train/1644.jpg,labels/train/1644.txt
1645,1645,MAR20_1318.jpg,MAR20_1318.txt,1645.jpg,1645.txt,images/train/MAR20_1318.jpg,labels/train/MAR20_1318.txt,images/train/1645.jpg,labels/train/1645.txt
1646,1646,MAR20_1319.jpg,MAR20_1319.txt,1646.jpg,1646.txt,images/train/MAR20_1319.jpg,labels/train/MAR20_1319.txt,images/train/1646.jpg,labels/train/1646.txt
1647,1647,MAR20_132.jpg,MAR20_132.txt,1647.jpg,1647.txt,images/train/MAR20_132.jpg,labels/train/MAR20_132.txt,images/train/1647.jpg,labels/train/1647.txt
1648,1648,MAR20_1320.jpg,MAR20_1320.txt,1648.jpg,1648.txt,images/train/MAR20_1320.jpg,labels/train/MAR20_1320.txt,images/train/1648.jpg,labels/train/1648.txt
1649,1649,MAR20_1322.jpg,MAR20_1322.txt,1649.jpg,1649.txt,images/train/MAR20_1322.jpg,labels/train/MAR20_1322.txt,images/train/1649.jpg,labels/train/1649.txt
1650,1650,MAR20_1323.jpg,MAR20_1323.txt,1650.jpg,1650.txt,images/train/MAR20_1323.jpg,labels/train/MAR20_1323.txt,images/train/1650.jpg,labels/train/1650.txt
1651,1651,MAR20_1324.jpg,MAR20_1324.txt,1651.jpg,1651.txt,images/train/MAR20_1324.jpg,labels/train/MAR20_1324.txt,images/train/1651.jpg,labels/train/1651.txt
1652,1652,MAR20_1325.jpg,MAR20_1325.txt,1652.jpg,1652.txt,images/train/MAR20_1325.jpg,labels/train/MAR20_1325.txt,images/train/1652.jpg,labels/train/1652.txt
1653,1653,MAR20_1326.jpg,MAR20_1326.txt,1653.jpg,1653.txt,images/train/MAR20_1326.jpg,labels/train/MAR20_1326.txt,images/train/1653.jpg,labels/train/1653.txt
1654,1654,MAR20_1327.jpg,MAR20_1327.txt,1654.jpg,1654.txt,images/train/MAR20_1327.jpg,labels/train/MAR20_1327.txt,images/train/1654.jpg,labels/train/1654.txt
1655,1655,MAR20_1328.jpg,MAR20_1328.txt,1655.jpg,1655.txt,images/train/MAR20_1328.jpg,labels/train/MAR20_1328.txt,images/train/1655.jpg,labels/train/1655.txt
1656,1656,MAR20_1329.jpg,MAR20_1329.txt,1656.jpg,1656.txt,images/train/MAR20_1329.jpg,labels/train/MAR20_1329.txt,images/train/1656.jpg,labels/train/1656.txt
1657,1657,MAR20_1331.jpg,MAR20_1331.txt,1657.jpg,1657.txt,images/train/MAR20_1331.jpg,labels/train/MAR20_1331.txt,images/train/1657.jpg,labels/train/1657.txt
1658,1658,MAR20_1332.jpg,MAR20_1332.txt,1658.jpg,1658.txt,images/train/MAR20_1332.jpg,labels/train/MAR20_1332.txt,images/train/1658.jpg,labels/train/1658.txt
1659,1659,MAR20_1333.jpg,MAR20_1333.txt,1659.jpg,1659.txt,images/train/MAR20_1333.jpg,labels/train/MAR20_1333.txt,images/train/1659.jpg,labels/train/1659.txt
1660,1660,MAR20_1334.jpg,MAR20_1334.txt,1660.jpg,1660.txt,images/train/MAR20_1334.jpg,labels/train/MAR20_1334.txt,images/train/1660.jpg,labels/train/1660.txt
1661,1661,MAR20_1335.jpg,MAR20_1335.txt,1661.jpg,1661.txt,images/train/MAR20_1335.jpg,labels/train/MAR20_1335.txt,images/train/1661.jpg,labels/train/1661.txt
1662,1662,MAR20_1337.jpg,MAR20_1337.txt,1662.jpg,1662.txt,images/train/MAR20_1337.jpg,labels/train/MAR20_1337.txt,images/train/1662.jpg,labels/train/1662.txt
1663,1663,MAR20_1338.jpg,MAR20_1338.txt,1663.jpg,1663.txt,images/train/MAR20_1338.jpg,labels/train/MAR20_1338.txt,images/train/1663.jpg,labels/train/1663.txt
1664,1664,MAR20_1339.jpg,MAR20_1339.txt,1664.jpg,1664.txt,images/train/MAR20_1339.jpg,labels/train/MAR20_1339.txt,images/train/1664.jpg,labels/train/1664.txt
1665,1665,MAR20_134.jpg,MAR20_134.txt,1665.jpg,1665.txt,images/train/MAR20_134.jpg,labels/train/MAR20_134.txt,images/train/1665.jpg,labels/train/1665.txt
1666,1666,MAR20_1340.jpg,MAR20_1340.txt,1666.jpg,1666.txt,images/train/MAR20_1340.jpg,labels/train/MAR20_1340.txt,images/train/1666.jpg,labels/train/1666.txt
1667,1667,MAR20_1341.jpg,MAR20_1341.txt,1667.jpg,1667.txt,images/train/MAR20_1341.jpg,labels/train/MAR20_1341.txt,images/train/1667.jpg,labels/train/1667.txt
1668,1668,MAR20_1343.jpg,MAR20_1343.txt,1668.jpg,1668.txt,images/train/MAR20_1343.jpg,labels/train/MAR20_1343.txt,images/train/1668.jpg,labels/train/1668.txt
1669,1669,MAR20_1344.jpg,MAR20_1344.txt,1669.jpg,1669.txt,images/train/MAR20_1344.jpg,labels/train/MAR20_1344.txt,images/train/1669.jpg,labels/train/1669.txt
1670,1670,MAR20_1345.jpg,MAR20_1345.txt,1670.jpg,1670.txt,images/train/MAR20_1345.jpg,labels/train/MAR20_1345.txt,images/train/1670.jpg,labels/train/1670.txt
1671,1671,MAR20_1346.jpg,MAR20_1346.txt,1671.jpg,1671.txt,images/train/MAR20_1346.jpg,labels/train/MAR20_1346.txt,images/train/1671.jpg,labels/train/1671.txt
1672,1672,MAR20_1348.jpg,MAR20_1348.txt,1672.jpg,1672.txt,images/train/MAR20_1348.jpg,labels/train/MAR20_1348.txt,images/train/1672.jpg,labels/train/1672.txt
1673,1673,MAR20_1349.jpg,MAR20_1349.txt,1673.jpg,1673.txt,images/train/MAR20_1349.jpg,labels/train/MAR20_1349.txt,images/train/1673.jpg,labels/train/1673.txt
1674,1674,MAR20_135.jpg,MAR20_135.txt,1674.jpg,1674.txt,images/train/MAR20_135.jpg,labels/train/MAR20_135.txt,images/train/1674.jpg,labels/train/1674.txt
1675,1675,MAR20_1350.jpg,MAR20_1350.txt,1675.jpg,1675.txt,images/train/MAR20_1350.jpg,labels/train/MAR20_1350.txt,images/train/1675.jpg,labels/train/1675.txt
1676,1676,MAR20_1351.jpg,MAR20_1351.txt,1676.jpg,1676.txt,images/train/MAR20_1351.jpg,labels/train/MAR20_1351.txt,images/train/1676.jpg,labels/train/1676.txt
1677,1677,MAR20_1352.jpg,MAR20_1352.txt,1677.jpg,1677.txt,images/train/MAR20_1352.jpg,labels/train/MAR20_1352.txt,images/train/1677.jpg,labels/train/1677.txt
1678,1678,MAR20_1353.jpg,MAR20_1353.txt,1678.jpg,1678.txt,images/train/MAR20_1353.jpg,labels/train/MAR20_1353.txt,images/train/1678.jpg,labels/train/1678.txt
1679,1679,MAR20_1354.jpg,MAR20_1354.txt,1679.jpg,1679.txt,images/train/MAR20_1354.jpg,labels/train/MAR20_1354.txt,images/train/1679.jpg,labels/train/1679.txt
1680,1680,MAR20_1356.jpg,MAR20_1356.txt,1680.jpg,1680.txt,images/train/MAR20_1356.jpg,labels/train/MAR20_1356.txt,images/train/1680.jpg,labels/train/1680.txt
1681,1681,MAR20_1357.jpg,MAR20_1357.txt,1681.jpg,1681.txt,images/train/MAR20_1357.jpg,labels/train/MAR20_1357.txt,images/train/1681.jpg,labels/train/1681.txt
1682,1682,MAR20_1358.jpg,MAR20_1358.txt,1682.jpg,1682.txt,images/train/MAR20_1358.jpg,labels/train/MAR20_1358.txt,images/train/1682.jpg,labels/train/1682.txt
1683,1683,MAR20_1359.jpg,MAR20_1359.txt,1683.jpg,1683.txt,images/train/MAR20_1359.jpg,labels/train/MAR20_1359.txt,images/train/1683.jpg,labels/train/1683.txt
1684,1684,MAR20_136.jpg,MAR20_136.txt,1684.jpg,1684.txt,images/train/MAR20_136.jpg,labels/train/MAR20_136.txt,images/train/1684.jpg,labels/train/1684.txt
1685,1685,MAR20_1360.jpg,MAR20_1360.txt,1685.jpg,1685.txt,images/train/MAR20_1360.jpg,labels/train/MAR20_1360.txt,images/train/1685.jpg,labels/train/1685.txt
1686,1686,MAR20_1361.jpg,MAR20_1361.txt,1686.jpg,1686.txt,images/train/MAR20_1361.jpg,labels/train/MAR20_1361.txt,images/train/1686.jpg,labels/train/1686.txt
1687,1687,MAR20_1362.jpg,MAR20_1362.txt,1687.jpg,1687.txt,images/train/MAR20_1362.jpg,labels/train/MAR20_1362.txt,images/train/1687.jpg,labels/train/1687.txt
1688,1688,MAR20_1364.jpg,MAR20_1364.txt,1688.jpg,1688.txt,images/train/MAR20_1364.jpg,labels/train/MAR20_1364.txt,images/train/1688.jpg,labels/train/1688.txt
1689,1689,MAR20_1365.jpg,MAR20_1365.txt,1689.jpg,1689.txt,images/train/MAR20_1365.jpg,labels/train/MAR20_1365.txt,images/train/1689.jpg,labels/train/1689.txt
1690,1690,MAR20_1366.jpg,MAR20_1366.txt,1690.jpg,1690.txt,images/train/MAR20_1366.jpg,labels/train/MAR20_1366.txt,images/train/1690.jpg,labels/train/1690.txt
1691,1691,MAR20_1367.jpg,MAR20_1367.txt,1691.jpg,1691.txt,images/train/MAR20_1367.jpg,labels/train/MAR20_1367.txt,images/train/1691.jpg,labels/train/1691.txt
1692,1692,MAR20_1368.jpg,MAR20_1368.txt,1692.jpg,1692.txt,images/train/MAR20_1368.jpg,labels/train/MAR20_1368.txt,images/train/1692.jpg,labels/train/1692.txt
1693,1693,MAR20_1369.jpg,MAR20_1369.txt,1693.jpg,1693.txt,images/train/MAR20_1369.jpg,labels/train/MAR20_1369.txt,images/train/1693.jpg,labels/train/1693.txt
1694,1694,MAR20_137.jpg,MAR20_137.txt,1694.jpg,1694.txt,images/train/MAR20_137.jpg,labels/train/MAR20_137.txt,images/train/1694.jpg,labels/train/1694.txt
1695,1695,MAR20_1370.jpg,MAR20_1370.txt,1695.jpg,1695.txt,images/train/MAR20_1370.jpg,labels/train/MAR20_1370.txt,images/train/1695.jpg,labels/train/1695.txt
1696,1696,MAR20_1372.jpg,MAR20_1372.txt,1696.jpg,1696.txt,images/train/MAR20_1372.jpg,labels/train/MAR20_1372.txt,images/train/1696.jpg,labels/train/1696.txt
1697,1697,MAR20_1373.jpg,MAR20_1373.txt,1697.jpg,1697.txt,images/train/MAR20_1373.jpg,labels/train/MAR20_1373.txt,images/train/1697.jpg,labels/train/1697.txt
1698,1698,MAR20_1374.jpg,MAR20_1374.txt,1698.jpg,1698.txt,images/train/MAR20_1374.jpg,labels/train/MAR20_1374.txt,images/train/1698.jpg,labels/train/1698.txt
1699,1699,MAR20_1375.jpg,MAR20_1375.txt,1699.jpg,1699.txt,images/train/MAR20_1375.jpg,labels/train/MAR20_1375.txt,images/train/1699.jpg,labels/train/1699.txt
1700,1700,MAR20_1376.jpg,MAR20_1376.txt,1700.jpg,1700.txt,images/train/MAR20_1376.jpg,labels/train/MAR20_1376.txt,images/train/1700.jpg,labels/train/1700.txt
1701,1701,MAR20_1379.jpg,MAR20_1379.txt,1701.jpg,1701.txt,images/train/MAR20_1379.jpg,labels/train/MAR20_1379.txt,images/train/1701.jpg,labels/train/1701.txt
1702,1702,MAR20_1381.jpg,MAR20_1381.txt,1702.jpg,1702.txt,images/train/MAR20_1381.jpg,labels/train/MAR20_1381.txt,images/train/1702.jpg,labels/train/1702.txt
1703,1703,MAR20_1382.jpg,MAR20_1382.txt,1703.jpg,1703.txt,images/train/MAR20_1382.jpg,labels/train/MAR20_1382.txt,images/train/1703.jpg,labels/train/1703.txt
1704,1704,MAR20_1383.jpg,MAR20_1383.txt,1704.jpg,1704.txt,images/train/MAR20_1383.jpg,labels/train/MAR20_1383.txt,images/train/1704.jpg,labels/train/1704.txt
1705,1705,MAR20_1384.jpg,MAR20_1384.txt,1705.jpg,1705.txt,images/train/MAR20_1384.jpg,labels/train/MAR20_1384.txt,images/train/1705.jpg,labels/train/1705.txt
1706,1706,MAR20_1385.jpg,MAR20_1385.txt,1706.jpg,1706.txt,images/train/MAR20_1385.jpg,labels/train/MAR20_1385.txt,images/train/1706.jpg,labels/train/1706.txt
1707,1707,MAR20_1386.jpg,MAR20_1386.txt,1707.jpg,1707.txt,images/train/MAR20_1386.jpg,labels/train/MAR20_1386.txt,images/train/1707.jpg,labels/train/1707.txt
1708,1708,MAR20_1387.jpg,MAR20_1387.txt,1708.jpg,1708.txt,images/train/MAR20_1387.jpg,labels/train/MAR20_1387.txt,images/train/1708.jpg,labels/train/1708.txt
1709,1709,MAR20_1388.jpg,MAR20_1388.txt,1709.jpg,1709.txt,images/train/MAR20_1388.jpg,labels/train/MAR20_1388.txt,images/train/1709.jpg,labels/train/1709.txt
1710,1710,MAR20_1389.jpg,MAR20_1389.txt,1710.jpg,1710.txt,images/train/MAR20_1389.jpg,labels/train/MAR20_1389.txt,images/train/1710.jpg,labels/train/1710.txt
1711,1711,MAR20_1390.jpg,MAR20_1390.txt,1711.jpg,1711.txt,images/train/MAR20_1390.jpg,labels/train/MAR20_1390.txt,images/train/1711.jpg,labels/train/1711.txt
1712,1712,MAR20_1391.jpg,MAR20_1391.txt,1712.jpg,1712.txt,images/train/MAR20_1391.jpg,labels/train/MAR20_1391.txt,images/train/1712.jpg,labels/train/1712.txt
1713,1713,MAR20_1392.jpg,MAR20_1392.txt,1713.jpg,1713.txt,images/train/MAR20_1392.jpg,labels/train/MAR20_1392.txt,images/train/1713.jpg,labels/train/1713.txt
1714,1714,MAR20_1393.jpg,MAR20_1393.txt,1714.jpg,1714.txt,images/train/MAR20_1393.jpg,labels/train/MAR20_1393.txt,images/train/1714.jpg,labels/train/1714.txt
1715,1715,MAR20_1394.jpg,MAR20_1394.txt,1715.jpg,1715.txt,images/train/MAR20_1394.jpg,labels/train/MAR20_1394.txt,images/train/1715.jpg,labels/train/1715.txt
1716,1716,MAR20_1395.jpg,MAR20_1395.txt,1716.jpg,1716.txt,images/train/MAR20_1395.jpg,labels/train/MAR20_1395.txt,images/train/1716.jpg,labels/train/1716.txt
1717,1717,MAR20_1396.jpg,MAR20_1396.txt,1717.jpg,1717.txt,images/train/MAR20_1396.jpg,labels/train/MAR20_1396.txt,images/train/1717.jpg,labels/train/1717.txt
1718,1718,MAR20_1397.jpg,MAR20_1397.txt,1718.jpg,1718.txt,images/train/MAR20_1397.jpg,labels/train/MAR20_1397.txt,images/train/1718.jpg,labels/train/1718.txt
1719,1719,MAR20_1398.jpg,MAR20_1398.txt,1719.jpg,1719.txt,images/train/MAR20_1398.jpg,labels/train/MAR20_1398.txt,images/train/1719.jpg,labels/train/1719.txt
1720,1720,MAR20_1399.jpg,MAR20_1399.txt,1720.jpg,1720.txt,images/train/MAR20_1399.jpg,labels/train/MAR20_1399.txt,images/train/1720.jpg,labels/train/1720.txt
1721,1721,MAR20_14.jpg,MAR20_14.txt,1721.jpg,1721.txt,images/train/MAR20_14.jpg,labels/train/MAR20_14.txt,images/train/1721.jpg,labels/train/1721.txt
1722,1722,MAR20_140.jpg,MAR20_140.txt,1722.jpg,1722.txt,images/train/MAR20_140.jpg,labels/train/MAR20_140.txt,images/train/1722.jpg,labels/train/1722.txt
1723,1723,MAR20_1400.jpg,MAR20_1400.txt,1723.jpg,1723.txt,images/train/MAR20_1400.jpg,labels/train/MAR20_1400.txt,images/train/1723.jpg,labels/train/1723.txt
1724,1724,MAR20_1401.jpg,MAR20_1401.txt,1724.jpg,1724.txt,images/train/MAR20_1401.jpg,labels/train/MAR20_1401.txt,images/train/1724.jpg,labels/train/1724.txt
1725,1725,MAR20_1402.jpg,MAR20_1402.txt,1725.jpg,1725.txt,images/train/MAR20_1402.jpg,labels/train/MAR20_1402.txt,images/train/1725.jpg,labels/train/1725.txt
1726,1726,MAR20_1403.jpg,MAR20_1403.txt,1726.jpg,1726.txt,images/train/MAR20_1403.jpg,labels/train/MAR20_1403.txt,images/train/1726.jpg,labels/train/1726.txt
1727,1727,MAR20_1404.jpg,MAR20_1404.txt,1727.jpg,1727.txt,images/train/MAR20_1404.jpg,labels/train/MAR20_1404.txt,images/train/1727.jpg,labels/train/1727.txt
1728,1728,MAR20_1405.jpg,MAR20_1405.txt,1728.jpg,1728.txt,images/train/MAR20_1405.jpg,labels/train/MAR20_1405.txt,images/train/1728.jpg,labels/train/1728.txt
1729,1729,MAR20_1406.jpg,MAR20_1406.txt,1729.jpg,1729.txt,images/train/MAR20_1406.jpg,labels/train/MAR20_1406.txt,images/train/1729.jpg,labels/train/1729.txt
1730,1730,MAR20_1409.jpg,MAR20_1409.txt,1730.jpg,1730.txt,images/train/MAR20_1409.jpg,labels/train/MAR20_1409.txt,images/train/1730.jpg,labels/train/1730.txt
1731,1731,MAR20_141.jpg,MAR20_141.txt,1731.jpg,1731.txt,images/train/MAR20_141.jpg,labels/train/MAR20_141.txt,images/train/1731.jpg,labels/train/1731.txt
1732,1732,MAR20_1410.jpg,MAR20_1410.txt,1732.jpg,1732.txt,images/train/MAR20_1410.jpg,labels/train/MAR20_1410.txt,images/train/1732.jpg,labels/train/1732.txt
1733,1733,MAR20_1411.jpg,MAR20_1411.txt,1733.jpg,1733.txt,images/train/MAR20_1411.jpg,labels/train/MAR20_1411.txt,images/train/1733.jpg,labels/train/1733.txt
1734,1734,MAR20_1412.jpg,MAR20_1412.txt,1734.jpg,1734.txt,images/train/MAR20_1412.jpg,labels/train/MAR20_1412.txt,images/train/1734.jpg,labels/train/1734.txt
1735,1735,MAR20_1413.jpg,MAR20_1413.txt,1735.jpg,1735.txt,images/train/MAR20_1413.jpg,labels/train/MAR20_1413.txt,images/train/1735.jpg,labels/train/1735.txt
1736,1736,MAR20_1414.jpg,MAR20_1414.txt,1736.jpg,1736.txt,images/train/MAR20_1414.jpg,labels/train/MAR20_1414.txt,images/train/1736.jpg,labels/train/1736.txt
1737,1737,MAR20_1415.jpg,MAR20_1415.txt,1737.jpg,1737.txt,images/train/MAR20_1415.jpg,labels/train/MAR20_1415.txt,images/train/1737.jpg,labels/train/1737.txt
1738,1738,MAR20_1417.jpg,MAR20_1417.txt,1738.jpg,1738.txt,images/train/MAR20_1417.jpg,labels/train/MAR20_1417.txt,images/train/1738.jpg,labels/train/1738.txt
1739,1739,MAR20_1418.jpg,MAR20_1418.txt,1739.jpg,1739.txt,images/train/MAR20_1418.jpg,labels/train/MAR20_1418.txt,images/train/1739.jpg,labels/train/1739.txt
1740,1740,MAR20_1419.jpg,MAR20_1419.txt,1740.jpg,1740.txt,images/train/MAR20_1419.jpg,labels/train/MAR20_1419.txt,images/train/1740.jpg,labels/train/1740.txt
1741,1741,MAR20_142.jpg,MAR20_142.txt,1741.jpg,1741.txt,images/train/MAR20_142.jpg,labels/train/MAR20_142.txt,images/train/1741.jpg,labels/train/1741.txt
1742,1742,MAR20_1420.jpg,MAR20_1420.txt,1742.jpg,1742.txt,images/train/MAR20_1420.jpg,labels/train/MAR20_1420.txt,images/train/1742.jpg,labels/train/1742.txt
1743,1743,MAR20_1421.jpg,MAR20_1421.txt,1743.jpg,1743.txt,images/train/MAR20_1421.jpg,labels/train/MAR20_1421.txt,images/train/1743.jpg,labels/train/1743.txt
1744,1744,MAR20_1422.jpg,MAR20_1422.txt,1744.jpg,1744.txt,images/train/MAR20_1422.jpg,labels/train/MAR20_1422.txt,images/train/1744.jpg,labels/train/1744.txt
1745,1745,MAR20_1423.jpg,MAR20_1423.txt,1745.jpg,1745.txt,images/train/MAR20_1423.jpg,labels/train/MAR20_1423.txt,images/train/1745.jpg,labels/train/1745.txt
1746,1746,MAR20_1424.jpg,MAR20_1424.txt,1746.jpg,1746.txt,images/train/MAR20_1424.jpg,labels/train/MAR20_1424.txt,images/train/1746.jpg,labels/train/1746.txt
1747,1747,MAR20_1425.jpg,MAR20_1425.txt,1747.jpg,1747.txt,images/train/MAR20_1425.jpg,labels/train/MAR20_1425.txt,images/train/1747.jpg,labels/train/1747.txt
1748,1748,MAR20_1426.jpg,MAR20_1426.txt,1748.jpg,1748.txt,images/train/MAR20_1426.jpg,labels/train/MAR20_1426.txt,images/train/1748.jpg,labels/train/1748.txt
1749,1749,MAR20_1427.jpg,MAR20_1427.txt,1749.jpg,1749.txt,images/train/MAR20_1427.jpg,labels/train/MAR20_1427.txt,images/train/1749.jpg,labels/train/1749.txt
1750,1750,MAR20_1428.jpg,MAR20_1428.txt,1750.jpg,1750.txt,images/train/MAR20_1428.jpg,labels/train/MAR20_1428.txt,images/train/1750.jpg,labels/train/1750.txt
1751,1751,MAR20_1429.jpg,MAR20_1429.txt,1751.jpg,1751.txt,images/train/MAR20_1429.jpg,labels/train/MAR20_1429.txt,images/train/1751.jpg,labels/train/1751.txt
1752,1752,MAR20_143.jpg,MAR20_143.txt,1752.jpg,1752.txt,images/train/MAR20_143.jpg,labels/train/MAR20_143.txt,images/train/1752.jpg,labels/train/1752.txt
1753,1753,MAR20_1430.jpg,MAR20_1430.txt,1753.jpg,1753.txt,images/train/MAR20_1430.jpg,labels/train/MAR20_1430.txt,images/train/1753.jpg,labels/train/1753.txt
1754,1754,MAR20_1431.jpg,MAR20_1431.txt,1754.jpg,1754.txt,images/train/MAR20_1431.jpg,labels/train/MAR20_1431.txt,images/train/1754.jpg,labels/train/1754.txt
1755,1755,MAR20_1433.jpg,MAR20_1433.txt,1755.jpg,1755.txt,images/train/MAR20_1433.jpg,labels/train/MAR20_1433.txt,images/train/1755.jpg,labels/train/1755.txt
1756,1756,MAR20_1434.jpg,MAR20_1434.txt,1756.jpg,1756.txt,images/train/MAR20_1434.jpg,labels/train/MAR20_1434.txt,images/train/1756.jpg,labels/train/1756.txt
1757,1757,MAR20_1435.jpg,MAR20_1435.txt,1757.jpg,1757.txt,images/train/MAR20_1435.jpg,labels/train/MAR20_1435.txt,images/train/1757.jpg,labels/train/1757.txt
1758,1758,MAR20_1436.jpg,MAR20_1436.txt,1758.jpg,1758.txt,images/train/MAR20_1436.jpg,labels/train/MAR20_1436.txt,images/train/1758.jpg,labels/train/1758.txt
1759,1759,MAR20_1437.jpg,MAR20_1437.txt,1759.jpg,1759.txt,images/train/MAR20_1437.jpg,labels/train/MAR20_1437.txt,images/train/1759.jpg,labels/train/1759.txt
1760,1760,MAR20_1438.jpg,MAR20_1438.txt,1760.jpg,1760.txt,images/train/MAR20_1438.jpg,labels/train/MAR20_1438.txt,images/train/1760.jpg,labels/train/1760.txt
1761,1761,MAR20_1439.jpg,MAR20_1439.txt,1761.jpg,1761.txt,images/train/MAR20_1439.jpg,labels/train/MAR20_1439.txt,images/train/1761.jpg,labels/train/1761.txt
1762,1762,MAR20_144.jpg,MAR20_144.txt,1762.jpg,1762.txt,images/train/MAR20_144.jpg,labels/train/MAR20_144.txt,images/train/1762.jpg,labels/train/1762.txt
1763,1763,MAR20_1440.jpg,MAR20_1440.txt,1763.jpg,1763.txt,images/train/MAR20_1440.jpg,labels/train/MAR20_1440.txt,images/train/1763.jpg,labels/train/1763.txt
1764,1764,MAR20_1441.jpg,MAR20_1441.txt,1764.jpg,1764.txt,images/train/MAR20_1441.jpg,labels/train/MAR20_1441.txt,images/train/1764.jpg,labels/train/1764.txt
1765,1765,MAR20_1442.jpg,MAR20_1442.txt,1765.jpg,1765.txt,images/train/MAR20_1442.jpg,labels/train/MAR20_1442.txt,images/train/1765.jpg,labels/train/1765.txt
1766,1766,MAR20_1443.jpg,MAR20_1443.txt,1766.jpg,1766.txt,images/train/MAR20_1443.jpg,labels/train/MAR20_1443.txt,images/train/1766.jpg,labels/train/1766.txt
1767,1767,MAR20_1444.jpg,MAR20_1444.txt,1767.jpg,1767.txt,images/train/MAR20_1444.jpg,labels/train/MAR20_1444.txt,images/train/1767.jpg,labels/train/1767.txt
1768,1768,MAR20_1445.jpg,MAR20_1445.txt,1768.jpg,1768.txt,images/train/MAR20_1445.jpg,labels/train/MAR20_1445.txt,images/train/1768.jpg,labels/train/1768.txt
1769,1769,MAR20_1447.jpg,MAR20_1447.txt,1769.jpg,1769.txt,images/train/MAR20_1447.jpg,labels/train/MAR20_1447.txt,images/train/1769.jpg,labels/train/1769.txt
1770,1770,MAR20_1449.jpg,MAR20_1449.txt,1770.jpg,1770.txt,images/train/MAR20_1449.jpg,labels/train/MAR20_1449.txt,images/train/1770.jpg,labels/train/1770.txt
1771,1771,MAR20_1451.jpg,MAR20_1451.txt,1771.jpg,1771.txt,images/train/MAR20_1451.jpg,labels/train/MAR20_1451.txt,images/train/1771.jpg,labels/train/1771.txt
1772,1772,MAR20_1452.jpg,MAR20_1452.txt,1772.jpg,1772.txt,images/train/MAR20_1452.jpg,labels/train/MAR20_1452.txt,images/train/1772.jpg,labels/train/1772.txt
1773,1773,MAR20_1453.jpg,MAR20_1453.txt,1773.jpg,1773.txt,images/train/MAR20_1453.jpg,labels/train/MAR20_1453.txt,images/train/1773.jpg,labels/train/1773.txt
1774,1774,MAR20_1454.jpg,MAR20_1454.txt,1774.jpg,1774.txt,images/train/MAR20_1454.jpg,labels/train/MAR20_1454.txt,images/train/1774.jpg,labels/train/1774.txt
1775,1775,MAR20_1455.jpg,MAR20_1455.txt,1775.jpg,1775.txt,images/train/MAR20_1455.jpg,labels/train/MAR20_1455.txt,images/train/1775.jpg,labels/train/1775.txt
1776,1776,MAR20_1459.jpg,MAR20_1459.txt,1776.jpg,1776.txt,images/train/MAR20_1459.jpg,labels/train/MAR20_1459.txt,images/train/1776.jpg,labels/train/1776.txt
1777,1777,MAR20_1461.jpg,MAR20_1461.txt,1777.jpg,1777.txt,images/train/MAR20_1461.jpg,labels/train/MAR20_1461.txt,images/train/1777.jpg,labels/train/1777.txt
1778,1778,MAR20_1462.jpg,MAR20_1462.txt,1778.jpg,1778.txt,images/train/MAR20_1462.jpg,labels/train/MAR20_1462.txt,images/train/1778.jpg,labels/train/1778.txt
1779,1779,MAR20_1463.jpg,MAR20_1463.txt,1779.jpg,1779.txt,images/train/MAR20_1463.jpg,labels/train/MAR20_1463.txt,images/train/1779.jpg,labels/train/1779.txt
1780,1780,MAR20_1465.jpg,MAR20_1465.txt,1780.jpg,1780.txt,images/train/MAR20_1465.jpg,labels/train/MAR20_1465.txt,images/train/1780.jpg,labels/train/1780.txt
1781,1781,MAR20_1466.jpg,MAR20_1466.txt,1781.jpg,1781.txt,images/train/MAR20_1466.jpg,labels/train/MAR20_1466.txt,images/train/1781.jpg,labels/train/1781.txt
1782,1782,MAR20_1467.jpg,MAR20_1467.txt,1782.jpg,1782.txt,images/train/MAR20_1467.jpg,labels/train/MAR20_1467.txt,images/train/1782.jpg,labels/train/1782.txt
1783,1783,MAR20_1468.jpg,MAR20_1468.txt,1783.jpg,1783.txt,images/train/MAR20_1468.jpg,labels/train/MAR20_1468.txt,images/train/1783.jpg,labels/train/1783.txt
1784,1784,MAR20_1469.jpg,MAR20_1469.txt,1784.jpg,1784.txt,images/train/MAR20_1469.jpg,labels/train/MAR20_1469.txt,images/train/1784.jpg,labels/train/1784.txt
1785,1785,MAR20_1470.jpg,MAR20_1470.txt,1785.jpg,1785.txt,images/train/MAR20_1470.jpg,labels/train/MAR20_1470.txt,images/train/1785.jpg,labels/train/1785.txt
1786,1786,MAR20_1472.jpg,MAR20_1472.txt,1786.jpg,1786.txt,images/train/MAR20_1472.jpg,labels/train/MAR20_1472.txt,images/train/1786.jpg,labels/train/1786.txt
1787,1787,MAR20_1473.jpg,MAR20_1473.txt,1787.jpg,1787.txt,images/train/MAR20_1473.jpg,labels/train/MAR20_1473.txt,images/train/1787.jpg,labels/train/1787.txt
1788,1788,MAR20_1475.jpg,MAR20_1475.txt,1788.jpg,1788.txt,images/train/MAR20_1475.jpg,labels/train/MAR20_1475.txt,images/train/1788.jpg,labels/train/1788.txt
1789,1789,MAR20_1476.jpg,MAR20_1476.txt,1789.jpg,1789.txt,images/train/MAR20_1476.jpg,labels/train/MAR20_1476.txt,images/train/1789.jpg,labels/train/1789.txt
1790,1790,MAR20_1478.jpg,MAR20_1478.txt,1790.jpg,1790.txt,images/train/MAR20_1478.jpg,labels/train/MAR20_1478.txt,images/train/1790.jpg,labels/train/1790.txt
1791,1791,MAR20_1479.jpg,MAR20_1479.txt,1791.jpg,1791.txt,images/train/MAR20_1479.jpg,labels/train/MAR20_1479.txt,images/train/1791.jpg,labels/train/1791.txt
1792,1792,MAR20_148.jpg,MAR20_148.txt,1792.jpg,1792.txt,images/train/MAR20_148.jpg,labels/train/MAR20_148.txt,images/train/1792.jpg,labels/train/1792.txt
1793,1793,MAR20_1482.jpg,MAR20_1482.txt,1793.jpg,1793.txt,images/train/MAR20_1482.jpg,labels/train/MAR20_1482.txt,images/train/1793.jpg,labels/train/1793.txt
1794,1794,MAR20_1483.jpg,MAR20_1483.txt,1794.jpg,1794.txt,images/train/MAR20_1483.jpg,labels/train/MAR20_1483.txt,images/train/1794.jpg,labels/train/1794.txt
1795,1795,MAR20_1484.jpg,MAR20_1484.txt,1795.jpg,1795.txt,images/train/MAR20_1484.jpg,labels/train/MAR20_1484.txt,images/train/1795.jpg,labels/train/1795.txt
1796,1796,MAR20_1485.jpg,MAR20_1485.txt,1796.jpg,1796.txt,images/train/MAR20_1485.jpg,labels/train/MAR20_1485.txt,images/train/1796.jpg,labels/train/1796.txt
1797,1797,MAR20_1486.jpg,MAR20_1486.txt,1797.jpg,1797.txt,images/train/MAR20_1486.jpg,labels/train/MAR20_1486.txt,images/train/1797.jpg,labels/train/1797.txt
1798,1798,MAR20_1487.jpg,MAR20_1487.txt,1798.jpg,1798.txt,images/train/MAR20_1487.jpg,labels/train/MAR20_1487.txt,images/train/1798.jpg,labels/train/1798.txt
1799,1799,MAR20_1488.jpg,MAR20_1488.txt,1799.jpg,1799.txt,images/train/MAR20_1488.jpg,labels/train/MAR20_1488.txt,images/train/1799.jpg,labels/train/1799.txt
1800,1800,MAR20_1489.jpg,MAR20_1489.txt,1800.jpg,1800.txt,images/train/MAR20_1489.jpg,labels/train/MAR20_1489.txt,images/train/1800.jpg,labels/train/1800.txt
1801,1801,MAR20_149.jpg,MAR20_149.txt,1801.jpg,1801.txt,images/train/MAR20_149.jpg,labels/train/MAR20_149.txt,images/train/1801.jpg,labels/train/1801.txt
1802,1802,MAR20_1491.jpg,MAR20_1491.txt,1802.jpg,1802.txt,images/train/MAR20_1491.jpg,labels/train/MAR20_1491.txt,images/train/1802.jpg,labels/train/1802.txt
1803,1803,MAR20_1492.jpg,MAR20_1492.txt,1803.jpg,1803.txt,images/train/MAR20_1492.jpg,labels/train/MAR20_1492.txt,images/train/1803.jpg,labels/train/1803.txt
1804,1804,MAR20_1493.jpg,MAR20_1493.txt,1804.jpg,1804.txt,images/train/MAR20_1493.jpg,labels/train/MAR20_1493.txt,images/train/1804.jpg,labels/train/1804.txt
1805,1805,MAR20_1494.jpg,MAR20_1494.txt,1805.jpg,1805.txt,images/train/MAR20_1494.jpg,labels/train/MAR20_1494.txt,images/train/1805.jpg,labels/train/1805.txt
1806,1806,MAR20_1495.jpg,MAR20_1495.txt,1806.jpg,1806.txt,images/train/MAR20_1495.jpg,labels/train/MAR20_1495.txt,images/train/1806.jpg,labels/train/1806.txt
1807,1807,MAR20_1497.jpg,MAR20_1497.txt,1807.jpg,1807.txt,images/train/MAR20_1497.jpg,labels/train/MAR20_1497.txt,images/train/1807.jpg,labels/train/1807.txt
1808,1808,MAR20_1498.jpg,MAR20_1498.txt,1808.jpg,1808.txt,images/train/MAR20_1498.jpg,labels/train/MAR20_1498.txt,images/train/1808.jpg,labels/train/1808.txt
1809,1809,MAR20_15.jpg,MAR20_15.txt,1809.jpg,1809.txt,images/train/MAR20_15.jpg,labels/train/MAR20_15.txt,images/train/1809.jpg,labels/train/1809.txt
1810,1810,MAR20_150.jpg,MAR20_150.txt,1810.jpg,1810.txt,images/train/MAR20_150.jpg,labels/train/MAR20_150.txt,images/train/1810.jpg,labels/train/1810.txt
1811,1811,MAR20_1500.jpg,MAR20_1500.txt,1811.jpg,1811.txt,images/train/MAR20_1500.jpg,labels/train/MAR20_1500.txt,images/train/1811.jpg,labels/train/1811.txt
1812,1812,MAR20_1501.jpg,MAR20_1501.txt,1812.jpg,1812.txt,images/train/MAR20_1501.jpg,labels/train/MAR20_1501.txt,images/train/1812.jpg,labels/train/1812.txt
1813,1813,MAR20_1502.jpg,MAR20_1502.txt,1813.jpg,1813.txt,images/train/MAR20_1502.jpg,labels/train/MAR20_1502.txt,images/train/1813.jpg,labels/train/1813.txt
1814,1814,MAR20_1503.jpg,MAR20_1503.txt,1814.jpg,1814.txt,images/train/MAR20_1503.jpg,labels/train/MAR20_1503.txt,images/train/1814.jpg,labels/train/1814.txt
1815,1815,MAR20_1504.jpg,MAR20_1504.txt,1815.jpg,1815.txt,images/train/MAR20_1504.jpg,labels/train/MAR20_1504.txt,images/train/1815.jpg,labels/train/1815.txt
1816,1816,MAR20_1506.jpg,MAR20_1506.txt,1816.jpg,1816.txt,images/train/MAR20_1506.jpg,labels/train/MAR20_1506.txt,images/train/1816.jpg,labels/train/1816.txt
1817,1817,MAR20_1507.jpg,MAR20_1507.txt,1817.jpg,1817.txt,images/train/MAR20_1507.jpg,labels/train/MAR20_1507.txt,images/train/1817.jpg,labels/train/1817.txt
1818,1818,MAR20_1509.jpg,MAR20_1509.txt,1818.jpg,1818.txt,images/train/MAR20_1509.jpg,labels/train/MAR20_1509.txt,images/train/1818.jpg,labels/train/1818.txt
1819,1819,MAR20_1510.jpg,MAR20_1510.txt,1819.jpg,1819.txt,images/train/MAR20_1510.jpg,labels/train/MAR20_1510.txt,images/train/1819.jpg,labels/train/1819.txt
1820,1820,MAR20_1511.jpg,MAR20_1511.txt,1820.jpg,1820.txt,images/train/MAR20_1511.jpg,labels/train/MAR20_1511.txt,images/train/1820.jpg,labels/train/1820.txt
1821,1821,MAR20_1512.jpg,MAR20_1512.txt,1821.jpg,1821.txt,images/train/MAR20_1512.jpg,labels/train/MAR20_1512.txt,images/train/1821.jpg,labels/train/1821.txt
1822,1822,MAR20_1513.jpg,MAR20_1513.txt,1822.jpg,1822.txt,images/train/MAR20_1513.jpg,labels/train/MAR20_1513.txt,images/train/1822.jpg,labels/train/1822.txt
1823,1823,MAR20_1514.jpg,MAR20_1514.txt,1823.jpg,1823.txt,images/train/MAR20_1514.jpg,labels/train/MAR20_1514.txt,images/train/1823.jpg,labels/train/1823.txt
1824,1824,MAR20_1515.jpg,MAR20_1515.txt,1824.jpg,1824.txt,images/train/MAR20_1515.jpg,labels/train/MAR20_1515.txt,images/train/1824.jpg,labels/train/1824.txt
1825,1825,MAR20_1516.jpg,MAR20_1516.txt,1825.jpg,1825.txt,images/train/MAR20_1516.jpg,labels/train/MAR20_1516.txt,images/train/1825.jpg,labels/train/1825.txt
1826,1826,MAR20_1517.jpg,MAR20_1517.txt,1826.jpg,1826.txt,images/train/MAR20_1517.jpg,labels/train/MAR20_1517.txt,images/train/1826.jpg,labels/train/1826.txt
1827,1827,MAR20_1519.jpg,MAR20_1519.txt,1827.jpg,1827.txt,images/train/MAR20_1519.jpg,labels/train/MAR20_1519.txt,images/train/1827.jpg,labels/train/1827.txt
1828,1828,MAR20_1520.jpg,MAR20_1520.txt,1828.jpg,1828.txt,images/train/MAR20_1520.jpg,labels/train/MAR20_1520.txt,images/train/1828.jpg,labels/train/1828.txt
1829,1829,MAR20_1521.jpg,MAR20_1521.txt,1829.jpg,1829.txt,images/train/MAR20_1521.jpg,labels/train/MAR20_1521.txt,images/train/1829.jpg,labels/train/1829.txt
1830,1830,MAR20_1522.jpg,MAR20_1522.txt,1830.jpg,1830.txt,images/train/MAR20_1522.jpg,labels/train/MAR20_1522.txt,images/train/1830.jpg,labels/train/1830.txt
1831,1831,MAR20_1523.jpg,MAR20_1523.txt,1831.jpg,1831.txt,images/train/MAR20_1523.jpg,labels/train/MAR20_1523.txt,images/train/1831.jpg,labels/train/1831.txt
1832,1832,MAR20_1525.jpg,MAR20_1525.txt,1832.jpg,1832.txt,images/train/MAR20_1525.jpg,labels/train/MAR20_1525.txt,images/train/1832.jpg,labels/train/1832.txt
1833,1833,MAR20_1526.jpg,MAR20_1526.txt,1833.jpg,1833.txt,images/train/MAR20_1526.jpg,labels/train/MAR20_1526.txt,images/train/1833.jpg,labels/train/1833.txt
1834,1834,MAR20_1527.jpg,MAR20_1527.txt,1834.jpg,1834.txt,images/train/MAR20_1527.jpg,labels/train/MAR20_1527.txt,images/train/1834.jpg,labels/train/1834.txt
1835,1835,MAR20_1529.jpg,MAR20_1529.txt,1835.jpg,1835.txt,images/train/MAR20_1529.jpg,labels/train/MAR20_1529.txt,images/train/1835.jpg,labels/train/1835.txt
1836,1836,MAR20_153.jpg,MAR20_153.txt,1836.jpg,1836.txt,images/train/MAR20_153.jpg,labels/train/MAR20_153.txt,images/train/1836.jpg,labels/train/1836.txt
1837,1837,MAR20_1530.jpg,MAR20_1530.txt,1837.jpg,1837.txt,images/train/MAR20_1530.jpg,labels/train/MAR20_1530.txt,images/train/1837.jpg,labels/train/1837.txt
1838,1838,MAR20_1531.jpg,MAR20_1531.txt,1838.jpg,1838.txt,images/train/MAR20_1531.jpg,labels/train/MAR20_1531.txt,images/train/1838.jpg,labels/train/1838.txt
1839,1839,MAR20_1532.jpg,MAR20_1532.txt,1839.jpg,1839.txt,images/train/MAR20_1532.jpg,labels/train/MAR20_1532.txt,images/train/1839.jpg,labels/train/1839.txt
1840,1840,MAR20_1533.jpg,MAR20_1533.txt,1840.jpg,1840.txt,images/train/MAR20_1533.jpg,labels/train/MAR20_1533.txt,images/train/1840.jpg,labels/train/1840.txt
1841,1841,MAR20_1534.jpg,MAR20_1534.txt,1841.jpg,1841.txt,images/train/MAR20_1534.jpg,labels/train/MAR20_1534.txt,images/train/1841.jpg,labels/train/1841.txt
1842,1842,MAR20_1535.jpg,MAR20_1535.txt,1842.jpg,1842.txt,images/train/MAR20_1535.jpg,labels/train/MAR20_1535.txt,images/train/1842.jpg,labels/train/1842.txt
1843,1843,MAR20_1536.jpg,MAR20_1536.txt,1843.jpg,1843.txt,images/train/MAR20_1536.jpg,labels/train/MAR20_1536.txt,images/train/1843.jpg,labels/train/1843.txt
1844,1844,MAR20_1539.jpg,MAR20_1539.txt,1844.jpg,1844.txt,images/train/MAR20_1539.jpg,labels/train/MAR20_1539.txt,images/train/1844.jpg,labels/train/1844.txt
1845,1845,MAR20_154.jpg,MAR20_154.txt,1845.jpg,1845.txt,images/train/MAR20_154.jpg,labels/train/MAR20_154.txt,images/train/1845.jpg,labels/train/1845.txt
1846,1846,MAR20_1540.jpg,MAR20_1540.txt,1846.jpg,1846.txt,images/train/MAR20_1540.jpg,labels/train/MAR20_1540.txt,images/train/1846.jpg,labels/train/1846.txt
1847,1847,MAR20_1543.jpg,MAR20_1543.txt,1847.jpg,1847.txt,images/train/MAR20_1543.jpg,labels/train/MAR20_1543.txt,images/train/1847.jpg,labels/train/1847.txt
1848,1848,MAR20_1544.jpg,MAR20_1544.txt,1848.jpg,1848.txt,images/train/MAR20_1544.jpg,labels/train/MAR20_1544.txt,images/train/1848.jpg,labels/train/1848.txt
1849,1849,MAR20_1545.jpg,MAR20_1545.txt,1849.jpg,1849.txt,images/train/MAR20_1545.jpg,labels/train/MAR20_1545.txt,images/train/1849.jpg,labels/train/1849.txt
1850,1850,MAR20_1546.jpg,MAR20_1546.txt,1850.jpg,1850.txt,images/train/MAR20_1546.jpg,labels/train/MAR20_1546.txt,images/train/1850.jpg,labels/train/1850.txt
1851,1851,MAR20_1547.jpg,MAR20_1547.txt,1851.jpg,1851.txt,images/train/MAR20_1547.jpg,labels/train/MAR20_1547.txt,images/train/1851.jpg,labels/train/1851.txt
1852,1852,MAR20_1548.jpg,MAR20_1548.txt,1852.jpg,1852.txt,images/train/MAR20_1548.jpg,labels/train/MAR20_1548.txt,images/train/1852.jpg,labels/train/1852.txt
1853,1853,MAR20_1549.jpg,MAR20_1549.txt,1853.jpg,1853.txt,images/train/MAR20_1549.jpg,labels/train/MAR20_1549.txt,images/train/1853.jpg,labels/train/1853.txt
1854,1854,MAR20_1550.jpg,MAR20_1550.txt,1854.jpg,1854.txt,images/train/MAR20_1550.jpg,labels/train/MAR20_1550.txt,images/train/1854.jpg,labels/train/1854.txt
1855,1855,MAR20_1551.jpg,MAR20_1551.txt,1855.jpg,1855.txt,images/train/MAR20_1551.jpg,labels/train/MAR20_1551.txt,images/train/1855.jpg,labels/train/1855.txt
1856,1856,MAR20_1553.jpg,MAR20_1553.txt,1856.jpg,1856.txt,images/train/MAR20_1553.jpg,labels/train/MAR20_1553.txt,images/train/1856.jpg,labels/train/1856.txt
1857,1857,MAR20_1556.jpg,MAR20_1556.txt,1857.jpg,1857.txt,images/train/MAR20_1556.jpg,labels/train/MAR20_1556.txt,images/train/1857.jpg,labels/train/1857.txt
1858,1858,MAR20_1557.jpg,MAR20_1557.txt,1858.jpg,1858.txt,images/train/MAR20_1557.jpg,labels/train/MAR20_1557.txt,images/train/1858.jpg,labels/train/1858.txt
1859,1859,MAR20_1558.jpg,MAR20_1558.txt,1859.jpg,1859.txt,images/train/MAR20_1558.jpg,labels/train/MAR20_1558.txt,images/train/1859.jpg,labels/train/1859.txt
1860,1860,MAR20_1559.jpg,MAR20_1559.txt,1860.jpg,1860.txt,images/train/MAR20_1559.jpg,labels/train/MAR20_1559.txt,images/train/1860.jpg,labels/train/1860.txt
1861,1861,MAR20_156.jpg,MAR20_156.txt,1861.jpg,1861.txt,images/train/MAR20_156.jpg,labels/train/MAR20_156.txt,images/train/1861.jpg,labels/train/1861.txt
1862,1862,MAR20_1560.jpg,MAR20_1560.txt,1862.jpg,1862.txt,images/train/MAR20_1560.jpg,labels/train/MAR20_1560.txt,images/train/1862.jpg,labels/train/1862.txt
1863,1863,MAR20_1561.jpg,MAR20_1561.txt,1863.jpg,1863.txt,images/train/MAR20_1561.jpg,labels/train/MAR20_1561.txt,images/train/1863.jpg,labels/train/1863.txt
1864,1864,MAR20_1563.jpg,MAR20_1563.txt,1864.jpg,1864.txt,images/train/MAR20_1563.jpg,labels/train/MAR20_1563.txt,images/train/1864.jpg,labels/train/1864.txt
1865,1865,MAR20_1565.jpg,MAR20_1565.txt,1865.jpg,1865.txt,images/train/MAR20_1565.jpg,labels/train/MAR20_1565.txt,images/train/1865.jpg,labels/train/1865.txt
1866,1866,MAR20_1566.jpg,MAR20_1566.txt,1866.jpg,1866.txt,images/train/MAR20_1566.jpg,labels/train/MAR20_1566.txt,images/train/1866.jpg,labels/train/1866.txt
1867,1867,MAR20_1568.jpg,MAR20_1568.txt,1867.jpg,1867.txt,images/train/MAR20_1568.jpg,labels/train/MAR20_1568.txt,images/train/1867.jpg,labels/train/1867.txt
1868,1868,MAR20_1569.jpg,MAR20_1569.txt,1868.jpg,1868.txt,images/train/MAR20_1569.jpg,labels/train/MAR20_1569.txt,images/train/1868.jpg,labels/train/1868.txt
1869,1869,MAR20_1570.jpg,MAR20_1570.txt,1869.jpg,1869.txt,images/train/MAR20_1570.jpg,labels/train/MAR20_1570.txt,images/train/1869.jpg,labels/train/1869.txt
1870,1870,MAR20_1571.jpg,MAR20_1571.txt,1870.jpg,1870.txt,images/train/MAR20_1571.jpg,labels/train/MAR20_1571.txt,images/train/1870.jpg,labels/train/1870.txt
1871,1871,MAR20_1572.jpg,MAR20_1572.txt,1871.jpg,1871.txt,images/train/MAR20_1572.jpg,labels/train/MAR20_1572.txt,images/train/1871.jpg,labels/train/1871.txt
1872,1872,MAR20_1573.jpg,MAR20_1573.txt,1872.jpg,1872.txt,images/train/MAR20_1573.jpg,labels/train/MAR20_1573.txt,images/train/1872.jpg,labels/train/1872.txt
1873,1873,MAR20_1574.jpg,MAR20_1574.txt,1873.jpg,1873.txt,images/train/MAR20_1574.jpg,labels/train/MAR20_1574.txt,images/train/1873.jpg,labels/train/1873.txt
1874,1874,MAR20_1575.jpg,MAR20_1575.txt,1874.jpg,1874.txt,images/train/MAR20_1575.jpg,labels/train/MAR20_1575.txt,images/train/1874.jpg,labels/train/1874.txt
1875,1875,MAR20_1576.jpg,MAR20_1576.txt,1875.jpg,1875.txt,images/train/MAR20_1576.jpg,labels/train/MAR20_1576.txt,images/train/1875.jpg,labels/train/1875.txt
1876,1876,MAR20_1577.jpg,MAR20_1577.txt,1876.jpg,1876.txt,images/train/MAR20_1577.jpg,labels/train/MAR20_1577.txt,images/train/1876.jpg,labels/train/1876.txt
1877,1877,MAR20_1578.jpg,MAR20_1578.txt,1877.jpg,1877.txt,images/train/MAR20_1578.jpg,labels/train/MAR20_1578.txt,images/train/1877.jpg,labels/train/1877.txt
1878,1878,MAR20_1579.jpg,MAR20_1579.txt,1878.jpg,1878.txt,images/train/MAR20_1579.jpg,labels/train/MAR20_1579.txt,images/train/1878.jpg,labels/train/1878.txt
1879,1879,MAR20_1580.jpg,MAR20_1580.txt,1879.jpg,1879.txt,images/train/MAR20_1580.jpg,labels/train/MAR20_1580.txt,images/train/1879.jpg,labels/train/1879.txt
1880,1880,MAR20_1582.jpg,MAR20_1582.txt,1880.jpg,1880.txt,images/train/MAR20_1582.jpg,labels/train/MAR20_1582.txt,images/train/1880.jpg,labels/train/1880.txt
1881,1881,MAR20_1583.jpg,MAR20_1583.txt,1881.jpg,1881.txt,images/train/MAR20_1583.jpg,labels/train/MAR20_1583.txt,images/train/1881.jpg,labels/train/1881.txt
1882,1882,MAR20_1585.jpg,MAR20_1585.txt,1882.jpg,1882.txt,images/train/MAR20_1585.jpg,labels/train/MAR20_1585.txt,images/train/1882.jpg,labels/train/1882.txt
1883,1883,MAR20_1587.jpg,MAR20_1587.txt,1883.jpg,1883.txt,images/train/MAR20_1587.jpg,labels/train/MAR20_1587.txt,images/train/1883.jpg,labels/train/1883.txt
1884,1884,MAR20_1590.jpg,MAR20_1590.txt,1884.jpg,1884.txt,images/train/MAR20_1590.jpg,labels/train/MAR20_1590.txt,images/train/1884.jpg,labels/train/1884.txt
1885,1885,MAR20_1591.jpg,MAR20_1591.txt,1885.jpg,1885.txt,images/train/MAR20_1591.jpg,labels/train/MAR20_1591.txt,images/train/1885.jpg,labels/train/1885.txt
1886,1886,MAR20_1592.jpg,MAR20_1592.txt,1886.jpg,1886.txt,images/train/MAR20_1592.jpg,labels/train/MAR20_1592.txt,images/train/1886.jpg,labels/train/1886.txt
1887,1887,MAR20_1593.jpg,MAR20_1593.txt,1887.jpg,1887.txt,images/train/MAR20_1593.jpg,labels/train/MAR20_1593.txt,images/train/1887.jpg,labels/train/1887.txt
1888,1888,MAR20_1594.jpg,MAR20_1594.txt,1888.jpg,1888.txt,images/train/MAR20_1594.jpg,labels/train/MAR20_1594.txt,images/train/1888.jpg,labels/train/1888.txt
1889,1889,MAR20_1595.jpg,MAR20_1595.txt,1889.jpg,1889.txt,images/train/MAR20_1595.jpg,labels/train/MAR20_1595.txt,images/train/1889.jpg,labels/train/1889.txt
1890,1890,MAR20_1598.jpg,MAR20_1598.txt,1890.jpg,1890.txt,images/train/MAR20_1598.jpg,labels/train/MAR20_1598.txt,images/train/1890.jpg,labels/train/1890.txt
1891,1891,MAR20_1599.jpg,MAR20_1599.txt,1891.jpg,1891.txt,images/train/MAR20_1599.jpg,labels/train/MAR20_1599.txt,images/train/1891.jpg,labels/train/1891.txt
1892,1892,MAR20_16.jpg,MAR20_16.txt,1892.jpg,1892.txt,images/train/MAR20_16.jpg,labels/train/MAR20_16.txt,images/train/1892.jpg,labels/train/1892.txt
1893,1893,MAR20_160.jpg,MAR20_160.txt,1893.jpg,1893.txt,images/train/MAR20_160.jpg,labels/train/MAR20_160.txt,images/train/1893.jpg,labels/train/1893.txt
1894,1894,MAR20_1600.jpg,MAR20_1600.txt,1894.jpg,1894.txt,images/train/MAR20_1600.jpg,labels/train/MAR20_1600.txt,images/train/1894.jpg,labels/train/1894.txt
1895,1895,MAR20_1601.jpg,MAR20_1601.txt,1895.jpg,1895.txt,images/train/MAR20_1601.jpg,labels/train/MAR20_1601.txt,images/train/1895.jpg,labels/train/1895.txt
1896,1896,MAR20_1602.jpg,MAR20_1602.txt,1896.jpg,1896.txt,images/train/MAR20_1602.jpg,labels/train/MAR20_1602.txt,images/train/1896.jpg,labels/train/1896.txt
1897,1897,MAR20_1603.jpg,MAR20_1603.txt,1897.jpg,1897.txt,images/train/MAR20_1603.jpg,labels/train/MAR20_1603.txt,images/train/1897.jpg,labels/train/1897.txt
1898,1898,MAR20_1604.jpg,MAR20_1604.txt,1898.jpg,1898.txt,images/train/MAR20_1604.jpg,labels/train/MAR20_1604.txt,images/train/1898.jpg,labels/train/1898.txt
1899,1899,MAR20_1606.jpg,MAR20_1606.txt,1899.jpg,1899.txt,images/train/MAR20_1606.jpg,labels/train/MAR20_1606.txt,images/train/1899.jpg,labels/train/1899.txt
1900,1900,MAR20_1607.jpg,MAR20_1607.txt,1900.jpg,1900.txt,images/train/MAR20_1607.jpg,labels/train/MAR20_1607.txt,images/train/1900.jpg,labels/train/1900.txt
1901,1901,MAR20_1608.jpg,MAR20_1608.txt,1901.jpg,1901.txt,images/train/MAR20_1608.jpg,labels/train/MAR20_1608.txt,images/train/1901.jpg,labels/train/1901.txt
1902,1902,MAR20_161.jpg,MAR20_161.txt,1902.jpg,1902.txt,images/train/MAR20_161.jpg,labels/train/MAR20_161.txt,images/train/1902.jpg,labels/train/1902.txt
1903,1903,MAR20_1610.jpg,MAR20_1610.txt,1903.jpg,1903.txt,images/train/MAR20_1610.jpg,labels/train/MAR20_1610.txt,images/train/1903.jpg,labels/train/1903.txt
1904,1904,MAR20_1611.jpg,MAR20_1611.txt,1904.jpg,1904.txt,images/train/MAR20_1611.jpg,labels/train/MAR20_1611.txt,images/train/1904.jpg,labels/train/1904.txt
1905,1905,MAR20_1613.jpg,MAR20_1613.txt,1905.jpg,1905.txt,images/train/MAR20_1613.jpg,labels/train/MAR20_1613.txt,images/train/1905.jpg,labels/train/1905.txt
1906,1906,MAR20_1614.jpg,MAR20_1614.txt,1906.jpg,1906.txt,images/train/MAR20_1614.jpg,labels/train/MAR20_1614.txt,images/train/1906.jpg,labels/train/1906.txt
1907,1907,MAR20_1615.jpg,MAR20_1615.txt,1907.jpg,1907.txt,images/train/MAR20_1615.jpg,labels/train/MAR20_1615.txt,images/train/1907.jpg,labels/train/1907.txt
1908,1908,MAR20_1616.jpg,MAR20_1616.txt,1908.jpg,1908.txt,images/train/MAR20_1616.jpg,labels/train/MAR20_1616.txt,images/train/1908.jpg,labels/train/1908.txt
1909,1909,MAR20_1617.jpg,MAR20_1617.txt,1909.jpg,1909.txt,images/train/MAR20_1617.jpg,labels/train/MAR20_1617.txt,images/train/1909.jpg,labels/train/1909.txt
1910,1910,MAR20_1618.jpg,MAR20_1618.txt,1910.jpg,1910.txt,images/train/MAR20_1618.jpg,labels/train/MAR20_1618.txt,images/train/1910.jpg,labels/train/1910.txt
1911,1911,MAR20_1619.jpg,MAR20_1619.txt,1911.jpg,1911.txt,images/train/MAR20_1619.jpg,labels/train/MAR20_1619.txt,images/train/1911.jpg,labels/train/1911.txt
1912,1912,MAR20_1620.jpg,MAR20_1620.txt,1912.jpg,1912.txt,images/train/MAR20_1620.jpg,labels/train/MAR20_1620.txt,images/train/1912.jpg,labels/train/1912.txt
1913,1913,MAR20_1621.jpg,MAR20_1621.txt,1913.jpg,1913.txt,images/train/MAR20_1621.jpg,labels/train/MAR20_1621.txt,images/train/1913.jpg,labels/train/1913.txt
1914,1914,MAR20_1622.jpg,MAR20_1622.txt,1914.jpg,1914.txt,images/train/MAR20_1622.jpg,labels/train/MAR20_1622.txt,images/train/1914.jpg,labels/train/1914.txt
1915,1915,MAR20_1623.jpg,MAR20_1623.txt,1915.jpg,1915.txt,images/train/MAR20_1623.jpg,labels/train/MAR20_1623.txt,images/train/1915.jpg,labels/train/1915.txt
1916,1916,MAR20_1624.jpg,MAR20_1624.txt,1916.jpg,1916.txt,images/train/MAR20_1624.jpg,labels/train/MAR20_1624.txt,images/train/1916.jpg,labels/train/1916.txt
1917,1917,MAR20_1625.jpg,MAR20_1625.txt,1917.jpg,1917.txt,images/train/MAR20_1625.jpg,labels/train/MAR20_1625.txt,images/train/1917.jpg,labels/train/1917.txt
1918,1918,MAR20_1626.jpg,MAR20_1626.txt,1918.jpg,1918.txt,images/train/MAR20_1626.jpg,labels/train/MAR20_1626.txt,images/train/1918.jpg,labels/train/1918.txt
1919,1919,MAR20_1627.jpg,MAR20_1627.txt,1919.jpg,1919.txt,images/train/MAR20_1627.jpg,labels/train/MAR20_1627.txt,images/train/1919.jpg,labels/train/1919.txt
1920,1920,MAR20_1628.jpg,MAR20_1628.txt,1920.jpg,1920.txt,images/train/MAR20_1628.jpg,labels/train/MAR20_1628.txt,images/train/1920.jpg,labels/train/1920.txt
1921,1921,MAR20_1629.jpg,MAR20_1629.txt,1921.jpg,1921.txt,images/train/MAR20_1629.jpg,labels/train/MAR20_1629.txt,images/train/1921.jpg,labels/train/1921.txt
1922,1922,MAR20_1630.jpg,MAR20_1630.txt,1922.jpg,1922.txt,images/train/MAR20_1630.jpg,labels/train/MAR20_1630.txt,images/train/1922.jpg,labels/train/1922.txt
1923,1923,MAR20_1631.jpg,MAR20_1631.txt,1923.jpg,1923.txt,images/train/MAR20_1631.jpg,labels/train/MAR20_1631.txt,images/train/1923.jpg,labels/train/1923.txt
1924,1924,MAR20_1632.jpg,MAR20_1632.txt,1924.jpg,1924.txt,images/train/MAR20_1632.jpg,labels/train/MAR20_1632.txt,images/train/1924.jpg,labels/train/1924.txt
1925,1925,MAR20_1633.jpg,MAR20_1633.txt,1925.jpg,1925.txt,images/train/MAR20_1633.jpg,labels/train/MAR20_1633.txt,images/train/1925.jpg,labels/train/1925.txt
1926,1926,MAR20_1636.jpg,MAR20_1636.txt,1926.jpg,1926.txt,images/train/MAR20_1636.jpg,labels/train/MAR20_1636.txt,images/train/1926.jpg,labels/train/1926.txt
1927,1927,MAR20_1637.jpg,MAR20_1637.txt,1927.jpg,1927.txt,images/train/MAR20_1637.jpg,labels/train/MAR20_1637.txt,images/train/1927.jpg,labels/train/1927.txt
1928,1928,MAR20_1639.jpg,MAR20_1639.txt,1928.jpg,1928.txt,images/train/MAR20_1639.jpg,labels/train/MAR20_1639.txt,images/train/1928.jpg,labels/train/1928.txt
1929,1929,MAR20_164.jpg,MAR20_164.txt,1929.jpg,1929.txt,images/train/MAR20_164.jpg,labels/train/MAR20_164.txt,images/train/1929.jpg,labels/train/1929.txt
1930,1930,MAR20_1641.jpg,MAR20_1641.txt,1930.jpg,1930.txt,images/train/MAR20_1641.jpg,labels/train/MAR20_1641.txt,images/train/1930.jpg,labels/train/1930.txt
1931,1931,MAR20_1642.jpg,MAR20_1642.txt,1931.jpg,1931.txt,images/train/MAR20_1642.jpg,labels/train/MAR20_1642.txt,images/train/1931.jpg,labels/train/1931.txt
1932,1932,MAR20_1643.jpg,MAR20_1643.txt,1932.jpg,1932.txt,images/train/MAR20_1643.jpg,labels/train/MAR20_1643.txt,images/train/1932.jpg,labels/train/1932.txt
1933,1933,MAR20_1645.jpg,MAR20_1645.txt,1933.jpg,1933.txt,images/train/MAR20_1645.jpg,labels/train/MAR20_1645.txt,images/train/1933.jpg,labels/train/1933.txt
1934,1934,MAR20_1646.jpg,MAR20_1646.txt,1934.jpg,1934.txt,images/train/MAR20_1646.jpg,labels/train/MAR20_1646.txt,images/train/1934.jpg,labels/train/1934.txt
1935,1935,MAR20_1647.jpg,MAR20_1647.txt,1935.jpg,1935.txt,images/train/MAR20_1647.jpg,labels/train/MAR20_1647.txt,images/train/1935.jpg,labels/train/1935.txt
1936,1936,MAR20_1648.jpg,MAR20_1648.txt,1936.jpg,1936.txt,images/train/MAR20_1648.jpg,labels/train/MAR20_1648.txt,images/train/1936.jpg,labels/train/1936.txt
1937,1937,MAR20_1649.jpg,MAR20_1649.txt,1937.jpg,1937.txt,images/train/MAR20_1649.jpg,labels/train/MAR20_1649.txt,images/train/1937.jpg,labels/train/1937.txt
1938,1938,MAR20_165.jpg,MAR20_165.txt,1938.jpg,1938.txt,images/train/MAR20_165.jpg,labels/train/MAR20_165.txt,images/train/1938.jpg,labels/train/1938.txt
1939,1939,MAR20_1650.jpg,MAR20_1650.txt,1939.jpg,1939.txt,images/train/MAR20_1650.jpg,labels/train/MAR20_1650.txt,images/train/1939.jpg,labels/train/1939.txt
1940,1940,MAR20_1652.jpg,MAR20_1652.txt,1940.jpg,1940.txt,images/train/MAR20_1652.jpg,labels/train/MAR20_1652.txt,images/train/1940.jpg,labels/train/1940.txt
1941,1941,MAR20_1653.jpg,MAR20_1653.txt,1941.jpg,1941.txt,images/train/MAR20_1653.jpg,labels/train/MAR20_1653.txt,images/train/1941.jpg,labels/train/1941.txt
1942,1942,MAR20_1654.jpg,MAR20_1654.txt,1942.jpg,1942.txt,images/train/MAR20_1654.jpg,labels/train/MAR20_1654.txt,images/train/1942.jpg,labels/train/1942.txt
1943,1943,MAR20_1655.jpg,MAR20_1655.txt,1943.jpg,1943.txt,images/train/MAR20_1655.jpg,labels/train/MAR20_1655.txt,images/train/1943.jpg,labels/train/1943.txt
1944,1944,MAR20_1656.jpg,MAR20_1656.txt,1944.jpg,1944.txt,images/train/MAR20_1656.jpg,labels/train/MAR20_1656.txt,images/train/1944.jpg,labels/train/1944.txt
1945,1945,MAR20_1657.jpg,MAR20_1657.txt,1945.jpg,1945.txt,images/train/MAR20_1657.jpg,labels/train/MAR20_1657.txt,images/train/1945.jpg,labels/train/1945.txt
1946,1946,MAR20_1658.jpg,MAR20_1658.txt,1946.jpg,1946.txt,images/train/MAR20_1658.jpg,labels/train/MAR20_1658.txt,images/train/1946.jpg,labels/train/1946.txt
1947,1947,MAR20_1659.jpg,MAR20_1659.txt,1947.jpg,1947.txt,images/train/MAR20_1659.jpg,labels/train/MAR20_1659.txt,images/train/1947.jpg,labels/train/1947.txt
1948,1948,MAR20_166.jpg,MAR20_166.txt,1948.jpg,1948.txt,images/train/MAR20_166.jpg,labels/train/MAR20_166.txt,images/train/1948.jpg,labels/train/1948.txt
1949,1949,MAR20_1660.jpg,MAR20_1660.txt,1949.jpg,1949.txt,images/train/MAR20_1660.jpg,labels/train/MAR20_1660.txt,images/train/1949.jpg,labels/train/1949.txt
1950,1950,MAR20_1661.jpg,MAR20_1661.txt,1950.jpg,1950.txt,images/train/MAR20_1661.jpg,labels/train/MAR20_1661.txt,images/train/1950.jpg,labels/train/1950.txt
1951,1951,MAR20_1662.jpg,MAR20_1662.txt,1951.jpg,1951.txt,images/train/MAR20_1662.jpg,labels/train/MAR20_1662.txt,images/train/1951.jpg,labels/train/1951.txt
1952,1952,MAR20_1666.jpg,MAR20_1666.txt,1952.jpg,1952.txt,images/train/MAR20_1666.jpg,labels/train/MAR20_1666.txt,images/train/1952.jpg,labels/train/1952.txt
1953,1953,MAR20_1667.jpg,MAR20_1667.txt,1953.jpg,1953.txt,images/train/MAR20_1667.jpg,labels/train/MAR20_1667.txt,images/train/1953.jpg,labels/train/1953.txt
1954,1954,MAR20_1668.jpg,MAR20_1668.txt,1954.jpg,1954.txt,images/train/MAR20_1668.jpg,labels/train/MAR20_1668.txt,images/train/1954.jpg,labels/train/1954.txt
1955,1955,MAR20_1669.jpg,MAR20_1669.txt,1955.jpg,1955.txt,images/train/MAR20_1669.jpg,labels/train/MAR20_1669.txt,images/train/1955.jpg,labels/train/1955.txt
1956,1956,MAR20_1671.jpg,MAR20_1671.txt,1956.jpg,1956.txt,images/train/MAR20_1671.jpg,labels/train/MAR20_1671.txt,images/train/1956.jpg,labels/train/1956.txt
1957,1957,MAR20_1672.jpg,MAR20_1672.txt,1957.jpg,1957.txt,images/train/MAR20_1672.jpg,labels/train/MAR20_1672.txt,images/train/1957.jpg,labels/train/1957.txt
1958,1958,MAR20_1673.jpg,MAR20_1673.txt,1958.jpg,1958.txt,images/train/MAR20_1673.jpg,labels/train/MAR20_1673.txt,images/train/1958.jpg,labels/train/1958.txt
1959,1959,MAR20_1674.jpg,MAR20_1674.txt,1959.jpg,1959.txt,images/train/MAR20_1674.jpg,labels/train/MAR20_1674.txt,images/train/1959.jpg,labels/train/1959.txt
1960,1960,MAR20_1675.jpg,MAR20_1675.txt,1960.jpg,1960.txt,images/train/MAR20_1675.jpg,labels/train/MAR20_1675.txt,images/train/1960.jpg,labels/train/1960.txt
1961,1961,MAR20_1676.jpg,MAR20_1676.txt,1961.jpg,1961.txt,images/train/MAR20_1676.jpg,labels/train/MAR20_1676.txt,images/train/1961.jpg,labels/train/1961.txt
1962,1962,MAR20_1677.jpg,MAR20_1677.txt,1962.jpg,1962.txt,images/train/MAR20_1677.jpg,labels/train/MAR20_1677.txt,images/train/1962.jpg,labels/train/1962.txt
1963,1963,MAR20_1678.jpg,MAR20_1678.txt,1963.jpg,1963.txt,images/train/MAR20_1678.jpg,labels/train/MAR20_1678.txt,images/train/1963.jpg,labels/train/1963.txt
1964,1964,MAR20_1679.jpg,MAR20_1679.txt,1964.jpg,1964.txt,images/train/MAR20_1679.jpg,labels/train/MAR20_1679.txt,images/train/1964.jpg,labels/train/1964.txt
1965,1965,MAR20_168.jpg,MAR20_168.txt,1965.jpg,1965.txt,images/train/MAR20_168.jpg,labels/train/MAR20_168.txt,images/train/1965.jpg,labels/train/1965.txt
1966,1966,MAR20_1680.jpg,MAR20_1680.txt,1966.jpg,1966.txt,images/train/MAR20_1680.jpg,labels/train/MAR20_1680.txt,images/train/1966.jpg,labels/train/1966.txt
1967,1967,MAR20_1681.jpg,MAR20_1681.txt,1967.jpg,1967.txt,images/train/MAR20_1681.jpg,labels/train/MAR20_1681.txt,images/train/1967.jpg,labels/train/1967.txt
1968,1968,MAR20_1682.jpg,MAR20_1682.txt,1968.jpg,1968.txt,images/train/MAR20_1682.jpg,labels/train/MAR20_1682.txt,images/train/1968.jpg,labels/train/1968.txt
1969,1969,MAR20_1683.jpg,MAR20_1683.txt,1969.jpg,1969.txt,images/train/MAR20_1683.jpg,labels/train/MAR20_1683.txt,images/train/1969.jpg,labels/train/1969.txt
1970,1970,MAR20_1684.jpg,MAR20_1684.txt,1970.jpg,1970.txt,images/train/MAR20_1684.jpg,labels/train/MAR20_1684.txt,images/train/1970.jpg,labels/train/1970.txt
1971,1971,MAR20_1686.jpg,MAR20_1686.txt,1971.jpg,1971.txt,images/train/MAR20_1686.jpg,labels/train/MAR20_1686.txt,images/train/1971.jpg,labels/train/1971.txt
1972,1972,MAR20_1687.jpg,MAR20_1687.txt,1972.jpg,1972.txt,images/train/MAR20_1687.jpg,labels/train/MAR20_1687.txt,images/train/1972.jpg,labels/train/1972.txt
1973,1973,MAR20_1689.jpg,MAR20_1689.txt,1973.jpg,1973.txt,images/train/MAR20_1689.jpg,labels/train/MAR20_1689.txt,images/train/1973.jpg,labels/train/1973.txt
1974,1974,MAR20_1690.jpg,MAR20_1690.txt,1974.jpg,1974.txt,images/train/MAR20_1690.jpg,labels/train/MAR20_1690.txt,images/train/1974.jpg,labels/train/1974.txt
1975,1975,MAR20_1691.jpg,MAR20_1691.txt,1975.jpg,1975.txt,images/train/MAR20_1691.jpg,labels/train/MAR20_1691.txt,images/train/1975.jpg,labels/train/1975.txt
1976,1976,MAR20_1692.jpg,MAR20_1692.txt,1976.jpg,1976.txt,images/train/MAR20_1692.jpg,labels/train/MAR20_1692.txt,images/train/1976.jpg,labels/train/1976.txt
1977,1977,MAR20_1694.jpg,MAR20_1694.txt,1977.jpg,1977.txt,images/train/MAR20_1694.jpg,labels/train/MAR20_1694.txt,images/train/1977.jpg,labels/train/1977.txt
1978,1978,MAR20_1695.jpg,MAR20_1695.txt,1978.jpg,1978.txt,images/train/MAR20_1695.jpg,labels/train/MAR20_1695.txt,images/train/1978.jpg,labels/train/1978.txt
1979,1979,MAR20_1696.jpg,MAR20_1696.txt,1979.jpg,1979.txt,images/train/MAR20_1696.jpg,labels/train/MAR20_1696.txt,images/train/1979.jpg,labels/train/1979.txt
1980,1980,MAR20_1697.jpg,MAR20_1697.txt,1980.jpg,1980.txt,images/train/MAR20_1697.jpg,labels/train/MAR20_1697.txt,images/train/1980.jpg,labels/train/1980.txt
1981,1981,MAR20_1698.jpg,MAR20_1698.txt,1981.jpg,1981.txt,images/train/MAR20_1698.jpg,labels/train/MAR20_1698.txt,images/train/1981.jpg,labels/train/1981.txt
1982,1982,MAR20_17.jpg,MAR20_17.txt,1982.jpg,1982.txt,images/train/MAR20_17.jpg,labels/train/MAR20_17.txt,images/train/1982.jpg,labels/train/1982.txt
1983,1983,MAR20_170.jpg,MAR20_170.txt,1983.jpg,1983.txt,images/train/MAR20_170.jpg,labels/train/MAR20_170.txt,images/train/1983.jpg,labels/train/1983.txt
1984,1984,MAR20_1700.jpg,MAR20_1700.txt,1984.jpg,1984.txt,images/train/MAR20_1700.jpg,labels/train/MAR20_1700.txt,images/train/1984.jpg,labels/train/1984.txt
1985,1985,MAR20_1701.jpg,MAR20_1701.txt,1985.jpg,1985.txt,images/train/MAR20_1701.jpg,labels/train/MAR20_1701.txt,images/train/1985.jpg,labels/train/1985.txt
1986,1986,MAR20_1703.jpg,MAR20_1703.txt,1986.jpg,1986.txt,images/train/MAR20_1703.jpg,labels/train/MAR20_1703.txt,images/train/1986.jpg,labels/train/1986.txt
1987,1987,MAR20_1704.jpg,MAR20_1704.txt,1987.jpg,1987.txt,images/train/MAR20_1704.jpg,labels/train/MAR20_1704.txt,images/train/1987.jpg,labels/train/1987.txt
1988,1988,MAR20_1705.jpg,MAR20_1705.txt,1988.jpg,1988.txt,images/train/MAR20_1705.jpg,labels/train/MAR20_1705.txt,images/train/1988.jpg,labels/train/1988.txt
1989,1989,MAR20_1707.jpg,MAR20_1707.txt,1989.jpg,1989.txt,images/train/MAR20_1707.jpg,labels/train/MAR20_1707.txt,images/train/1989.jpg,labels/train/1989.txt
1990,1990,MAR20_1708.jpg,MAR20_1708.txt,1990.jpg,1990.txt,images/train/MAR20_1708.jpg,labels/train/MAR20_1708.txt,images/train/1990.jpg,labels/train/1990.txt
1991,1991,MAR20_1709.jpg,MAR20_1709.txt,1991.jpg,1991.txt,images/train/MAR20_1709.jpg,labels/train/MAR20_1709.txt,images/train/1991.jpg,labels/train/1991.txt
1992,1992,MAR20_171.jpg,MAR20_171.txt,1992.jpg,1992.txt,images/train/MAR20_171.jpg,labels/train/MAR20_171.txt,images/train/1992.jpg,labels/train/1992.txt
1993,1993,MAR20_1710.jpg,MAR20_1710.txt,1993.jpg,1993.txt,images/train/MAR20_1710.jpg,labels/train/MAR20_1710.txt,images/train/1993.jpg,labels/train/1993.txt
1994,1994,MAR20_1711.jpg,MAR20_1711.txt,1994.jpg,1994.txt,images/train/MAR20_1711.jpg,labels/train/MAR20_1711.txt,images/train/1994.jpg,labels/train/1994.txt
1995,1995,MAR20_1712.jpg,MAR20_1712.txt,1995.jpg,1995.txt,images/train/MAR20_1712.jpg,labels/train/MAR20_1712.txt,images/train/1995.jpg,labels/train/1995.txt
1996,1996,MAR20_1714.jpg,MAR20_1714.txt,1996.jpg,1996.txt,images/train/MAR20_1714.jpg,labels/train/MAR20_1714.txt,images/train/1996.jpg,labels/train/1996.txt
1997,1997,MAR20_1715.jpg,MAR20_1715.txt,1997.jpg,1997.txt,images/train/MAR20_1715.jpg,labels/train/MAR20_1715.txt,images/train/1997.jpg,labels/train/1997.txt
1998,1998,MAR20_1716.jpg,MAR20_1716.txt,1998.jpg,1998.txt,images/train/MAR20_1716.jpg,labels/train/MAR20_1716.txt,images/train/1998.jpg,labels/train/1998.txt
1999,1999,MAR20_1717.jpg,MAR20_1717.txt,1999.jpg,1999.txt,images/train/MAR20_1717.jpg,labels/train/MAR20_1717.txt,images/train/1999.jpg,labels/train/1999.txt
2000,2000,MAR20_1718.jpg,MAR20_1718.txt,2000.jpg,2000.txt,images/train/MAR20_1718.jpg,labels/train/MAR20_1718.txt,images/train/2000.jpg,labels/train/2000.txt
2001,2001,MAR20_1719.jpg,MAR20_1719.txt,2001.jpg,2001.txt,images/train/MAR20_1719.jpg,labels/train/MAR20_1719.txt,images/train/2001.jpg,labels/train/2001.txt
2002,2002,MAR20_172.jpg,MAR20_172.txt,2002.jpg,2002.txt,images/train/MAR20_172.jpg,labels/train/MAR20_172.txt,images/train/2002.jpg,labels/train/2002.txt
2003,2003,MAR20_1720.jpg,MAR20_1720.txt,2003.jpg,2003.txt,images/train/MAR20_1720.jpg,labels/train/MAR20_1720.txt,images/train/2003.jpg,labels/train/2003.txt
2004,2004,MAR20_1721.jpg,MAR20_1721.txt,2004.jpg,2004.txt,images/train/MAR20_1721.jpg,labels/train/MAR20_1721.txt,images/train/2004.jpg,labels/train/2004.txt
2005,2005,MAR20_1723.jpg,MAR20_1723.txt,2005.jpg,2005.txt,images/train/MAR20_1723.jpg,labels/train/MAR20_1723.txt,images/train/2005.jpg,labels/train/2005.txt
2006,2006,MAR20_1724.jpg,MAR20_1724.txt,2006.jpg,2006.txt,images/train/MAR20_1724.jpg,labels/train/MAR20_1724.txt,images/train/2006.jpg,labels/train/2006.txt
2007,2007,MAR20_1725.jpg,MAR20_1725.txt,2007.jpg,2007.txt,images/train/MAR20_1725.jpg,labels/train/MAR20_1725.txt,images/train/2007.jpg,labels/train/2007.txt
2008,2008,MAR20_1727.jpg,MAR20_1727.txt,2008.jpg,2008.txt,images/train/MAR20_1727.jpg,labels/train/MAR20_1727.txt,images/train/2008.jpg,labels/train/2008.txt
2009,2009,MAR20_1728.jpg,MAR20_1728.txt,2009.jpg,2009.txt,images/train/MAR20_1728.jpg,labels/train/MAR20_1728.txt,images/train/2009.jpg,labels/train/2009.txt
2010,2010,MAR20_1729.jpg,MAR20_1729.txt,2010.jpg,2010.txt,images/train/MAR20_1729.jpg,labels/train/MAR20_1729.txt,images/train/2010.jpg,labels/train/2010.txt
2011,2011,MAR20_173.jpg,MAR20_173.txt,2011.jpg,2011.txt,images/train/MAR20_173.jpg,labels/train/MAR20_173.txt,images/train/2011.jpg,labels/train/2011.txt
2012,2012,MAR20_1730.jpg,MAR20_1730.txt,2012.jpg,2012.txt,images/train/MAR20_1730.jpg,labels/train/MAR20_1730.txt,images/train/2012.jpg,labels/train/2012.txt
2013,2013,MAR20_1731.jpg,MAR20_1731.txt,2013.jpg,2013.txt,images/train/MAR20_1731.jpg,labels/train/MAR20_1731.txt,images/train/2013.jpg,labels/train/2013.txt
2014,2014,MAR20_1732.jpg,MAR20_1732.txt,2014.jpg,2014.txt,images/train/MAR20_1732.jpg,labels/train/MAR20_1732.txt,images/train/2014.jpg,labels/train/2014.txt
2015,2015,MAR20_1733.jpg,MAR20_1733.txt,2015.jpg,2015.txt,images/train/MAR20_1733.jpg,labels/train/MAR20_1733.txt,images/train/2015.jpg,labels/train/2015.txt
2016,2016,MAR20_1735.jpg,MAR20_1735.txt,2016.jpg,2016.txt,images/train/MAR20_1735.jpg,labels/train/MAR20_1735.txt,images/train/2016.jpg,labels/train/2016.txt
2017,2017,MAR20_1737.jpg,MAR20_1737.txt,2017.jpg,2017.txt,images/train/MAR20_1737.jpg,labels/train/MAR20_1737.txt,images/train/2017.jpg,labels/train/2017.txt
2018,2018,MAR20_1738.jpg,MAR20_1738.txt,2018.jpg,2018.txt,images/train/MAR20_1738.jpg,labels/train/MAR20_1738.txt,images/train/2018.jpg,labels/train/2018.txt
2019,2019,MAR20_1739.jpg,MAR20_1739.txt,2019.jpg,2019.txt,images/train/MAR20_1739.jpg,labels/train/MAR20_1739.txt,images/train/2019.jpg,labels/train/2019.txt
2020,2020,MAR20_1740.jpg,MAR20_1740.txt,2020.jpg,2020.txt,images/train/MAR20_1740.jpg,labels/train/MAR20_1740.txt,images/train/2020.jpg,labels/train/2020.txt
2021,2021,MAR20_1742.jpg,MAR20_1742.txt,2021.jpg,2021.txt,images/train/MAR20_1742.jpg,labels/train/MAR20_1742.txt,images/train/2021.jpg,labels/train/2021.txt
2022,2022,MAR20_1743.jpg,MAR20_1743.txt,2022.jpg,2022.txt,images/train/MAR20_1743.jpg,labels/train/MAR20_1743.txt,images/train/2022.jpg,labels/train/2022.txt
2023,2023,MAR20_1744.jpg,MAR20_1744.txt,2023.jpg,2023.txt,images/train/MAR20_1744.jpg,labels/train/MAR20_1744.txt,images/train/2023.jpg,labels/train/2023.txt
2024,2024,MAR20_1745.jpg,MAR20_1745.txt,2024.jpg,2024.txt,images/train/MAR20_1745.jpg,labels/train/MAR20_1745.txt,images/train/2024.jpg,labels/train/2024.txt
2025,2025,MAR20_1746.jpg,MAR20_1746.txt,2025.jpg,2025.txt,images/train/MAR20_1746.jpg,labels/train/MAR20_1746.txt,images/train/2025.jpg,labels/train/2025.txt
2026,2026,MAR20_1747.jpg,MAR20_1747.txt,2026.jpg,2026.txt,images/train/MAR20_1747.jpg,labels/train/MAR20_1747.txt,images/train/2026.jpg,labels/train/2026.txt
2027,2027,MAR20_1748.jpg,MAR20_1748.txt,2027.jpg,2027.txt,images/train/MAR20_1748.jpg,labels/train/MAR20_1748.txt,images/train/2027.jpg,labels/train/2027.txt
2028,2028,MAR20_1749.jpg,MAR20_1749.txt,2028.jpg,2028.txt,images/train/MAR20_1749.jpg,labels/train/MAR20_1749.txt,images/train/2028.jpg,labels/train/2028.txt
2029,2029,MAR20_175.jpg,MAR20_175.txt,2029.jpg,2029.txt,images/train/MAR20_175.jpg,labels/train/MAR20_175.txt,images/train/2029.jpg,labels/train/2029.txt
2030,2030,MAR20_1751.jpg,MAR20_1751.txt,2030.jpg,2030.txt,images/train/MAR20_1751.jpg,labels/train/MAR20_1751.txt,images/train/2030.jpg,labels/train/2030.txt
2031,2031,MAR20_1752.jpg,MAR20_1752.txt,2031.jpg,2031.txt,images/train/MAR20_1752.jpg,labels/train/MAR20_1752.txt,images/train/2031.jpg,labels/train/2031.txt
2032,2032,MAR20_1753.jpg,MAR20_1753.txt,2032.jpg,2032.txt,images/train/MAR20_1753.jpg,labels/train/MAR20_1753.txt,images/train/2032.jpg,labels/train/2032.txt
2033,2033,MAR20_1754.jpg,MAR20_1754.txt,2033.jpg,2033.txt,images/train/MAR20_1754.jpg,labels/train/MAR20_1754.txt,images/train/2033.jpg,labels/train/2033.txt
2034,2034,MAR20_1755.jpg,MAR20_1755.txt,2034.jpg,2034.txt,images/train/MAR20_1755.jpg,labels/train/MAR20_1755.txt,images/train/2034.jpg,labels/train/2034.txt
2035,2035,MAR20_1756.jpg,MAR20_1756.txt,2035.jpg,2035.txt,images/train/MAR20_1756.jpg,labels/train/MAR20_1756.txt,images/train/2035.jpg,labels/train/2035.txt
2036,2036,MAR20_1757.jpg,MAR20_1757.txt,2036.jpg,2036.txt,images/train/MAR20_1757.jpg,labels/train/MAR20_1757.txt,images/train/2036.jpg,labels/train/2036.txt
2037,2037,MAR20_1758.jpg,MAR20_1758.txt,2037.jpg,2037.txt,images/train/MAR20_1758.jpg,labels/train/MAR20_1758.txt,images/train/2037.jpg,labels/train/2037.txt
2038,2038,MAR20_1759.jpg,MAR20_1759.txt,2038.jpg,2038.txt,images/train/MAR20_1759.jpg,labels/train/MAR20_1759.txt,images/train/2038.jpg,labels/train/2038.txt
2039,2039,MAR20_176.jpg,MAR20_176.txt,2039.jpg,2039.txt,images/train/MAR20_176.jpg,labels/train/MAR20_176.txt,images/train/2039.jpg,labels/train/2039.txt
2040,2040,MAR20_1760.jpg,MAR20_1760.txt,2040.jpg,2040.txt,images/train/MAR20_1760.jpg,labels/train/MAR20_1760.txt,images/train/2040.jpg,labels/train/2040.txt
2041,2041,MAR20_1761.jpg,MAR20_1761.txt,2041.jpg,2041.txt,images/train/MAR20_1761.jpg,labels/train/MAR20_1761.txt,images/train/2041.jpg,labels/train/2041.txt
2042,2042,MAR20_1762.jpg,MAR20_1762.txt,2042.jpg,2042.txt,images/train/MAR20_1762.jpg,labels/train/MAR20_1762.txt,images/train/2042.jpg,labels/train/2042.txt
2043,2043,MAR20_1763.jpg,MAR20_1763.txt,2043.jpg,2043.txt,images/train/MAR20_1763.jpg,labels/train/MAR20_1763.txt,images/train/2043.jpg,labels/train/2043.txt
2044,2044,MAR20_1764.jpg,MAR20_1764.txt,2044.jpg,2044.txt,images/train/MAR20_1764.jpg,labels/train/MAR20_1764.txt,images/train/2044.jpg,labels/train/2044.txt
2045,2045,MAR20_1765.jpg,MAR20_1765.txt,2045.jpg,2045.txt,images/train/MAR20_1765.jpg,labels/train/MAR20_1765.txt,images/train/2045.jpg,labels/train/2045.txt
2046,2046,MAR20_1766.jpg,MAR20_1766.txt,2046.jpg,2046.txt,images/train/MAR20_1766.jpg,labels/train/MAR20_1766.txt,images/train/2046.jpg,labels/train/2046.txt
2047,2047,MAR20_1767.jpg,MAR20_1767.txt,2047.jpg,2047.txt,images/train/MAR20_1767.jpg,labels/train/MAR20_1767.txt,images/train/2047.jpg,labels/train/2047.txt
2048,2048,MAR20_1768.jpg,MAR20_1768.txt,2048.jpg,2048.txt,images/train/MAR20_1768.jpg,labels/train/MAR20_1768.txt,images/train/2048.jpg,labels/train/2048.txt
2049,2049,MAR20_1769.jpg,MAR20_1769.txt,2049.jpg,2049.txt,images/train/MAR20_1769.jpg,labels/train/MAR20_1769.txt,images/train/2049.jpg,labels/train/2049.txt
2050,2050,MAR20_177.jpg,MAR20_177.txt,2050.jpg,2050.txt,images/train/MAR20_177.jpg,labels/train/MAR20_177.txt,images/train/2050.jpg,labels/train/2050.txt
2051,2051,MAR20_1770.jpg,MAR20_1770.txt,2051.jpg,2051.txt,images/train/MAR20_1770.jpg,labels/train/MAR20_1770.txt,images/train/2051.jpg,labels/train/2051.txt
2052,2052,MAR20_1771.jpg,MAR20_1771.txt,2052.jpg,2052.txt,images/train/MAR20_1771.jpg,labels/train/MAR20_1771.txt,images/train/2052.jpg,labels/train/2052.txt
2053,2053,MAR20_1772.jpg,MAR20_1772.txt,2053.jpg,2053.txt,images/train/MAR20_1772.jpg,labels/train/MAR20_1772.txt,images/train/2053.jpg,labels/train/2053.txt
2054,2054,MAR20_1773.jpg,MAR20_1773.txt,2054.jpg,2054.txt,images/train/MAR20_1773.jpg,labels/train/MAR20_1773.txt,images/train/2054.jpg,labels/train/2054.txt
2055,2055,MAR20_1774.jpg,MAR20_1774.txt,2055.jpg,2055.txt,images/train/MAR20_1774.jpg,labels/train/MAR20_1774.txt,images/train/2055.jpg,labels/train/2055.txt
2056,2056,MAR20_1775.jpg,MAR20_1775.txt,2056.jpg,2056.txt,images/train/MAR20_1775.jpg,labels/train/MAR20_1775.txt,images/train/2056.jpg,labels/train/2056.txt
2057,2057,MAR20_1777.jpg,MAR20_1777.txt,2057.jpg,2057.txt,images/train/MAR20_1777.jpg,labels/train/MAR20_1777.txt,images/train/2057.jpg,labels/train/2057.txt
2058,2058,MAR20_1778.jpg,MAR20_1778.txt,2058.jpg,2058.txt,images/train/MAR20_1778.jpg,labels/train/MAR20_1778.txt,images/train/2058.jpg,labels/train/2058.txt
2059,2059,MAR20_1779.jpg,MAR20_1779.txt,2059.jpg,2059.txt,images/train/MAR20_1779.jpg,labels/train/MAR20_1779.txt,images/train/2059.jpg,labels/train/2059.txt
2060,2060,MAR20_178.jpg,MAR20_178.txt,2060.jpg,2060.txt,images/train/MAR20_178.jpg,labels/train/MAR20_178.txt,images/train/2060.jpg,labels/train/2060.txt
2061,2061,MAR20_1780.jpg,MAR20_1780.txt,2061.jpg,2061.txt,images/train/MAR20_1780.jpg,labels/train/MAR20_1780.txt,images/train/2061.jpg,labels/train/2061.txt
2062,2062,MAR20_1781.jpg,MAR20_1781.txt,2062.jpg,2062.txt,images/train/MAR20_1781.jpg,labels/train/MAR20_1781.txt,images/train/2062.jpg,labels/train/2062.txt
2063,2063,MAR20_1782.jpg,MAR20_1782.txt,2063.jpg,2063.txt,images/train/MAR20_1782.jpg,labels/train/MAR20_1782.txt,images/train/2063.jpg,labels/train/2063.txt
2064,2064,MAR20_1783.jpg,MAR20_1783.txt,2064.jpg,2064.txt,images/train/MAR20_1783.jpg,labels/train/MAR20_1783.txt,images/train/2064.jpg,labels/train/2064.txt
2065,2065,MAR20_1784.jpg,MAR20_1784.txt,2065.jpg,2065.txt,images/train/MAR20_1784.jpg,labels/train/MAR20_1784.txt,images/train/2065.jpg,labels/train/2065.txt
2066,2066,MAR20_1785.jpg,MAR20_1785.txt,2066.jpg,2066.txt,images/train/MAR20_1785.jpg,labels/train/MAR20_1785.txt,images/train/2066.jpg,labels/train/2066.txt
2067,2067,MAR20_1786.jpg,MAR20_1786.txt,2067.jpg,2067.txt,images/train/MAR20_1786.jpg,labels/train/MAR20_1786.txt,images/train/2067.jpg,labels/train/2067.txt
2068,2068,MAR20_1787.jpg,MAR20_1787.txt,2068.jpg,2068.txt,images/train/MAR20_1787.jpg,labels/train/MAR20_1787.txt,images/train/2068.jpg,labels/train/2068.txt
2069,2069,MAR20_1788.jpg,MAR20_1788.txt,2069.jpg,2069.txt,images/train/MAR20_1788.jpg,labels/train/MAR20_1788.txt,images/train/2069.jpg,labels/train/2069.txt
2070,2070,MAR20_1790.jpg,MAR20_1790.txt,2070.jpg,2070.txt,images/train/MAR20_1790.jpg,labels/train/MAR20_1790.txt,images/train/2070.jpg,labels/train/2070.txt
2071,2071,MAR20_1791.jpg,MAR20_1791.txt,2071.jpg,2071.txt,images/train/MAR20_1791.jpg,labels/train/MAR20_1791.txt,images/train/2071.jpg,labels/train/2071.txt
2072,2072,MAR20_1793.jpg,MAR20_1793.txt,2072.jpg,2072.txt,images/train/MAR20_1793.jpg,labels/train/MAR20_1793.txt,images/train/2072.jpg,labels/train/2072.txt
2073,2073,MAR20_1795.jpg,MAR20_1795.txt,2073.jpg,2073.txt,images/train/MAR20_1795.jpg,labels/train/MAR20_1795.txt,images/train/2073.jpg,labels/train/2073.txt
2074,2074,MAR20_1796.jpg,MAR20_1796.txt,2074.jpg,2074.txt,images/train/MAR20_1796.jpg,labels/train/MAR20_1796.txt,images/train/2074.jpg,labels/train/2074.txt
2075,2075,MAR20_1797.jpg,MAR20_1797.txt,2075.jpg,2075.txt,images/train/MAR20_1797.jpg,labels/train/MAR20_1797.txt,images/train/2075.jpg,labels/train/2075.txt
2076,2076,MAR20_1798.jpg,MAR20_1798.txt,2076.jpg,2076.txt,images/train/MAR20_1798.jpg,labels/train/MAR20_1798.txt,images/train/2076.jpg,labels/train/2076.txt
2077,2077,MAR20_1799.jpg,MAR20_1799.txt,2077.jpg,2077.txt,images/train/MAR20_1799.jpg,labels/train/MAR20_1799.txt,images/train/2077.jpg,labels/train/2077.txt
2078,2078,MAR20_18.jpg,MAR20_18.txt,2078.jpg,2078.txt,images/train/MAR20_18.jpg,labels/train/MAR20_18.txt,images/train/2078.jpg,labels/train/2078.txt
2079,2079,MAR20_180.jpg,MAR20_180.txt,2079.jpg,2079.txt,images/train/MAR20_180.jpg,labels/train/MAR20_180.txt,images/train/2079.jpg,labels/train/2079.txt
2080,2080,MAR20_1800.jpg,MAR20_1800.txt,2080.jpg,2080.txt,images/train/MAR20_1800.jpg,labels/train/MAR20_1800.txt,images/train/2080.jpg,labels/train/2080.txt
2081,2081,MAR20_1801.jpg,MAR20_1801.txt,2081.jpg,2081.txt,images/train/MAR20_1801.jpg,labels/train/MAR20_1801.txt,images/train/2081.jpg,labels/train/2081.txt
2082,2082,MAR20_1802.jpg,MAR20_1802.txt,2082.jpg,2082.txt,images/train/MAR20_1802.jpg,labels/train/MAR20_1802.txt,images/train/2082.jpg,labels/train/2082.txt
2083,2083,MAR20_1803.jpg,MAR20_1803.txt,2083.jpg,2083.txt,images/train/MAR20_1803.jpg,labels/train/MAR20_1803.txt,images/train/2083.jpg,labels/train/2083.txt
2084,2084,MAR20_1804.jpg,MAR20_1804.txt,2084.jpg,2084.txt,images/train/MAR20_1804.jpg,labels/train/MAR20_1804.txt,images/train/2084.jpg,labels/train/2084.txt
2085,2085,MAR20_1805.jpg,MAR20_1805.txt,2085.jpg,2085.txt,images/train/MAR20_1805.jpg,labels/train/MAR20_1805.txt,images/train/2085.jpg,labels/train/2085.txt
2086,2086,MAR20_1806.jpg,MAR20_1806.txt,2086.jpg,2086.txt,images/train/MAR20_1806.jpg,labels/train/MAR20_1806.txt,images/train/2086.jpg,labels/train/2086.txt
2087,2087,MAR20_1807.jpg,MAR20_1807.txt,2087.jpg,2087.txt,images/train/MAR20_1807.jpg,labels/train/MAR20_1807.txt,images/train/2087.jpg,labels/train/2087.txt
2088,2088,MAR20_1808.jpg,MAR20_1808.txt,2088.jpg,2088.txt,images/train/MAR20_1808.jpg,labels/train/MAR20_1808.txt,images/train/2088.jpg,labels/train/2088.txt
2089,2089,MAR20_1809.jpg,MAR20_1809.txt,2089.jpg,2089.txt,images/train/MAR20_1809.jpg,labels/train/MAR20_1809.txt,images/train/2089.jpg,labels/train/2089.txt
2090,2090,MAR20_181.jpg,MAR20_181.txt,2090.jpg,2090.txt,images/train/MAR20_181.jpg,labels/train/MAR20_181.txt,images/train/2090.jpg,labels/train/2090.txt
2091,2091,MAR20_1810.jpg,MAR20_1810.txt,2091.jpg,2091.txt,images/train/MAR20_1810.jpg,labels/train/MAR20_1810.txt,images/train/2091.jpg,labels/train/2091.txt
2092,2092,MAR20_1811.jpg,MAR20_1811.txt,2092.jpg,2092.txt,images/train/MAR20_1811.jpg,labels/train/MAR20_1811.txt,images/train/2092.jpg,labels/train/2092.txt
2093,2093,MAR20_1812.jpg,MAR20_1812.txt,2093.jpg,2093.txt,images/train/MAR20_1812.jpg,labels/train/MAR20_1812.txt,images/train/2093.jpg,labels/train/2093.txt
2094,2094,MAR20_1813.jpg,MAR20_1813.txt,2094.jpg,2094.txt,images/train/MAR20_1813.jpg,labels/train/MAR20_1813.txt,images/train/2094.jpg,labels/train/2094.txt
2095,2095,MAR20_1814.jpg,MAR20_1814.txt,2095.jpg,2095.txt,images/train/MAR20_1814.jpg,labels/train/MAR20_1814.txt,images/train/2095.jpg,labels/train/2095.txt
2096,2096,MAR20_1815.jpg,MAR20_1815.txt,2096.jpg,2096.txt,images/train/MAR20_1815.jpg,labels/train/MAR20_1815.txt,images/train/2096.jpg,labels/train/2096.txt
2097,2097,MAR20_1816.jpg,MAR20_1816.txt,2097.jpg,2097.txt,images/train/MAR20_1816.jpg,labels/train/MAR20_1816.txt,images/train/2097.jpg,labels/train/2097.txt
2098,2098,MAR20_1818.jpg,MAR20_1818.txt,2098.jpg,2098.txt,images/train/MAR20_1818.jpg,labels/train/MAR20_1818.txt,images/train/2098.jpg,labels/train/2098.txt
2099,2099,MAR20_1819.jpg,MAR20_1819.txt,2099.jpg,2099.txt,images/train/MAR20_1819.jpg,labels/train/MAR20_1819.txt,images/train/2099.jpg,labels/train/2099.txt
2100,2100,MAR20_182.jpg,MAR20_182.txt,2100.jpg,2100.txt,images/train/MAR20_182.jpg,labels/train/MAR20_182.txt,images/train/2100.jpg,labels/train/2100.txt
2101,2101,MAR20_1820.jpg,MAR20_1820.txt,2101.jpg,2101.txt,images/train/MAR20_1820.jpg,labels/train/MAR20_1820.txt,images/train/2101.jpg,labels/train/2101.txt
2102,2102,MAR20_1821.jpg,MAR20_1821.txt,2102.jpg,2102.txt,images/train/MAR20_1821.jpg,labels/train/MAR20_1821.txt,images/train/2102.jpg,labels/train/2102.txt
2103,2103,MAR20_1822.jpg,MAR20_1822.txt,2103.jpg,2103.txt,images/train/MAR20_1822.jpg,labels/train/MAR20_1822.txt,images/train/2103.jpg,labels/train/2103.txt
2104,2104,MAR20_1823.jpg,MAR20_1823.txt,2104.jpg,2104.txt,images/train/MAR20_1823.jpg,labels/train/MAR20_1823.txt,images/train/2104.jpg,labels/train/2104.txt
2105,2105,MAR20_1824.jpg,MAR20_1824.txt,2105.jpg,2105.txt,images/train/MAR20_1824.jpg,labels/train/MAR20_1824.txt,images/train/2105.jpg,labels/train/2105.txt
2106,2106,MAR20_1827.jpg,MAR20_1827.txt,2106.jpg,2106.txt,images/train/MAR20_1827.jpg,labels/train/MAR20_1827.txt,images/train/2106.jpg,labels/train/2106.txt
2107,2107,MAR20_1828.jpg,MAR20_1828.txt,2107.jpg,2107.txt,images/train/MAR20_1828.jpg,labels/train/MAR20_1828.txt,images/train/2107.jpg,labels/train/2107.txt
2108,2108,MAR20_1829.jpg,MAR20_1829.txt,2108.jpg,2108.txt,images/train/MAR20_1829.jpg,labels/train/MAR20_1829.txt,images/train/2108.jpg,labels/train/2108.txt
2109,2109,MAR20_1830.jpg,MAR20_1830.txt,2109.jpg,2109.txt,images/train/MAR20_1830.jpg,labels/train/MAR20_1830.txt,images/train/2109.jpg,labels/train/2109.txt
2110,2110,MAR20_1831.jpg,MAR20_1831.txt,2110.jpg,2110.txt,images/train/MAR20_1831.jpg,labels/train/MAR20_1831.txt,images/train/2110.jpg,labels/train/2110.txt
2111,2111,MAR20_1832.jpg,MAR20_1832.txt,2111.jpg,2111.txt,images/train/MAR20_1832.jpg,labels/train/MAR20_1832.txt,images/train/2111.jpg,labels/train/2111.txt
2112,2112,MAR20_1834.jpg,MAR20_1834.txt,2112.jpg,2112.txt,images/train/MAR20_1834.jpg,labels/train/MAR20_1834.txt,images/train/2112.jpg,labels/train/2112.txt
2113,2113,MAR20_1835.jpg,MAR20_1835.txt,2113.jpg,2113.txt,images/train/MAR20_1835.jpg,labels/train/MAR20_1835.txt,images/train/2113.jpg,labels/train/2113.txt
2114,2114,MAR20_1836.jpg,MAR20_1836.txt,2114.jpg,2114.txt,images/train/MAR20_1836.jpg,labels/train/MAR20_1836.txt,images/train/2114.jpg,labels/train/2114.txt
2115,2115,MAR20_1837.jpg,MAR20_1837.txt,2115.jpg,2115.txt,images/train/MAR20_1837.jpg,labels/train/MAR20_1837.txt,images/train/2115.jpg,labels/train/2115.txt
2116,2116,MAR20_1838.jpg,MAR20_1838.txt,2116.jpg,2116.txt,images/train/MAR20_1838.jpg,labels/train/MAR20_1838.txt,images/train/2116.jpg,labels/train/2116.txt
2117,2117,MAR20_1839.jpg,MAR20_1839.txt,2117.jpg,2117.txt,images/train/MAR20_1839.jpg,labels/train/MAR20_1839.txt,images/train/2117.jpg,labels/train/2117.txt
2118,2118,MAR20_184.jpg,MAR20_184.txt,2118.jpg,2118.txt,images/train/MAR20_184.jpg,labels/train/MAR20_184.txt,images/train/2118.jpg,labels/train/2118.txt
2119,2119,MAR20_1840.jpg,MAR20_1840.txt,2119.jpg,2119.txt,images/train/MAR20_1840.jpg,labels/train/MAR20_1840.txt,images/train/2119.jpg,labels/train/2119.txt
2120,2120,MAR20_1841.jpg,MAR20_1841.txt,2120.jpg,2120.txt,images/train/MAR20_1841.jpg,labels/train/MAR20_1841.txt,images/train/2120.jpg,labels/train/2120.txt
2121,2121,MAR20_1842.jpg,MAR20_1842.txt,2121.jpg,2121.txt,images/train/MAR20_1842.jpg,labels/train/MAR20_1842.txt,images/train/2121.jpg,labels/train/2121.txt
2122,2122,MAR20_1843.jpg,MAR20_1843.txt,2122.jpg,2122.txt,images/train/MAR20_1843.jpg,labels/train/MAR20_1843.txt,images/train/2122.jpg,labels/train/2122.txt
2123,2123,MAR20_1844.jpg,MAR20_1844.txt,2123.jpg,2123.txt,images/train/MAR20_1844.jpg,labels/train/MAR20_1844.txt,images/train/2123.jpg,labels/train/2123.txt
2124,2124,MAR20_1845.jpg,MAR20_1845.txt,2124.jpg,2124.txt,images/train/MAR20_1845.jpg,labels/train/MAR20_1845.txt,images/train/2124.jpg,labels/train/2124.txt
2125,2125,MAR20_1846.jpg,MAR20_1846.txt,2125.jpg,2125.txt,images/train/MAR20_1846.jpg,labels/train/MAR20_1846.txt,images/train/2125.jpg,labels/train/2125.txt
2126,2126,MAR20_1847.jpg,MAR20_1847.txt,2126.jpg,2126.txt,images/train/MAR20_1847.jpg,labels/train/MAR20_1847.txt,images/train/2126.jpg,labels/train/2126.txt
2127,2127,MAR20_1848.jpg,MAR20_1848.txt,2127.jpg,2127.txt,images/train/MAR20_1848.jpg,labels/train/MAR20_1848.txt,images/train/2127.jpg,labels/train/2127.txt
2128,2128,MAR20_1849.jpg,MAR20_1849.txt,2128.jpg,2128.txt,images/train/MAR20_1849.jpg,labels/train/MAR20_1849.txt,images/train/2128.jpg,labels/train/2128.txt
2129,2129,MAR20_185.jpg,MAR20_185.txt,2129.jpg,2129.txt,images/train/MAR20_185.jpg,labels/train/MAR20_185.txt,images/train/2129.jpg,labels/train/2129.txt
2130,2130,MAR20_1850.jpg,MAR20_1850.txt,2130.jpg,2130.txt,images/train/MAR20_1850.jpg,labels/train/MAR20_1850.txt,images/train/2130.jpg,labels/train/2130.txt
2131,2131,MAR20_1851.jpg,MAR20_1851.txt,2131.jpg,2131.txt,images/train/MAR20_1851.jpg,labels/train/MAR20_1851.txt,images/train/2131.jpg,labels/train/2131.txt
2132,2132,MAR20_1852.jpg,MAR20_1852.txt,2132.jpg,2132.txt,images/train/MAR20_1852.jpg,labels/train/MAR20_1852.txt,images/train/2132.jpg,labels/train/2132.txt
2133,2133,MAR20_1853.jpg,MAR20_1853.txt,2133.jpg,2133.txt,images/train/MAR20_1853.jpg,labels/train/MAR20_1853.txt,images/train/2133.jpg,labels/train/2133.txt
2134,2134,MAR20_1854.jpg,MAR20_1854.txt,2134.jpg,2134.txt,images/train/MAR20_1854.jpg,labels/train/MAR20_1854.txt,images/train/2134.jpg,labels/train/2134.txt
2135,2135,MAR20_1855.jpg,MAR20_1855.txt,2135.jpg,2135.txt,images/train/MAR20_1855.jpg,labels/train/MAR20_1855.txt,images/train/2135.jpg,labels/train/2135.txt
2136,2136,MAR20_1856.jpg,MAR20_1856.txt,2136.jpg,2136.txt,images/train/MAR20_1856.jpg,labels/train/MAR20_1856.txt,images/train/2136.jpg,labels/train/2136.txt
2137,2137,MAR20_1857.jpg,MAR20_1857.txt,2137.jpg,2137.txt,images/train/MAR20_1857.jpg,labels/train/MAR20_1857.txt,images/train/2137.jpg,labels/train/2137.txt
2138,2138,MAR20_1858.jpg,MAR20_1858.txt,2138.jpg,2138.txt,images/train/MAR20_1858.jpg,labels/train/MAR20_1858.txt,images/train/2138.jpg,labels/train/2138.txt
2139,2139,MAR20_1859.jpg,MAR20_1859.txt,2139.jpg,2139.txt,images/train/MAR20_1859.jpg,labels/train/MAR20_1859.txt,images/train/2139.jpg,labels/train/2139.txt
2140,2140,MAR20_186.jpg,MAR20_186.txt,2140.jpg,2140.txt,images/train/MAR20_186.jpg,labels/train/MAR20_186.txt,images/train/2140.jpg,labels/train/2140.txt
2141,2141,MAR20_1860.jpg,MAR20_1860.txt,2141.jpg,2141.txt,images/train/MAR20_1860.jpg,labels/train/MAR20_1860.txt,images/train/2141.jpg,labels/train/2141.txt
2142,2142,MAR20_1862.jpg,MAR20_1862.txt,2142.jpg,2142.txt,images/train/MAR20_1862.jpg,labels/train/MAR20_1862.txt,images/train/2142.jpg,labels/train/2142.txt
2143,2143,MAR20_1863.jpg,MAR20_1863.txt,2143.jpg,2143.txt,images/train/MAR20_1863.jpg,labels/train/MAR20_1863.txt,images/train/2143.jpg,labels/train/2143.txt
2144,2144,MAR20_1864.jpg,MAR20_1864.txt,2144.jpg,2144.txt,images/train/MAR20_1864.jpg,labels/train/MAR20_1864.txt,images/train/2144.jpg,labels/train/2144.txt
2145,2145,MAR20_1865.jpg,MAR20_1865.txt,2145.jpg,2145.txt,images/train/MAR20_1865.jpg,labels/train/MAR20_1865.txt,images/train/2145.jpg,labels/train/2145.txt
2146,2146,MAR20_1866.jpg,MAR20_1866.txt,2146.jpg,2146.txt,images/train/MAR20_1866.jpg,labels/train/MAR20_1866.txt,images/train/2146.jpg,labels/train/2146.txt
2147,2147,MAR20_1867.jpg,MAR20_1867.txt,2147.jpg,2147.txt,images/train/MAR20_1867.jpg,labels/train/MAR20_1867.txt,images/train/2147.jpg,labels/train/2147.txt
2148,2148,MAR20_1870.jpg,MAR20_1870.txt,2148.jpg,2148.txt,images/train/MAR20_1870.jpg,labels/train/MAR20_1870.txt,images/train/2148.jpg,labels/train/2148.txt
2149,2149,MAR20_1872.jpg,MAR20_1872.txt,2149.jpg,2149.txt,images/train/MAR20_1872.jpg,labels/train/MAR20_1872.txt,images/train/2149.jpg,labels/train/2149.txt
2150,2150,MAR20_1873.jpg,MAR20_1873.txt,2150.jpg,2150.txt,images/train/MAR20_1873.jpg,labels/train/MAR20_1873.txt,images/train/2150.jpg,labels/train/2150.txt
2151,2151,MAR20_1876.jpg,MAR20_1876.txt,2151.jpg,2151.txt,images/train/MAR20_1876.jpg,labels/train/MAR20_1876.txt,images/train/2151.jpg,labels/train/2151.txt
2152,2152,MAR20_1877.jpg,MAR20_1877.txt,2152.jpg,2152.txt,images/train/MAR20_1877.jpg,labels/train/MAR20_1877.txt,images/train/2152.jpg,labels/train/2152.txt
2153,2153,MAR20_1879.jpg,MAR20_1879.txt,2153.jpg,2153.txt,images/train/MAR20_1879.jpg,labels/train/MAR20_1879.txt,images/train/2153.jpg,labels/train/2153.txt
2154,2154,MAR20_188.jpg,MAR20_188.txt,2154.jpg,2154.txt,images/train/MAR20_188.jpg,labels/train/MAR20_188.txt,images/train/2154.jpg,labels/train/2154.txt
2155,2155,MAR20_1881.jpg,MAR20_1881.txt,2155.jpg,2155.txt,images/train/MAR20_1881.jpg,labels/train/MAR20_1881.txt,images/train/2155.jpg,labels/train/2155.txt
2156,2156,MAR20_1882.jpg,MAR20_1882.txt,2156.jpg,2156.txt,images/train/MAR20_1882.jpg,labels/train/MAR20_1882.txt,images/train/2156.jpg,labels/train/2156.txt
2157,2157,MAR20_1883.jpg,MAR20_1883.txt,2157.jpg,2157.txt,images/train/MAR20_1883.jpg,labels/train/MAR20_1883.txt,images/train/2157.jpg,labels/train/2157.txt
2158,2158,MAR20_1884.jpg,MAR20_1884.txt,2158.jpg,2158.txt,images/train/MAR20_1884.jpg,labels/train/MAR20_1884.txt,images/train/2158.jpg,labels/train/2158.txt
2159,2159,MAR20_1885.jpg,MAR20_1885.txt,2159.jpg,2159.txt,images/train/MAR20_1885.jpg,labels/train/MAR20_1885.txt,images/train/2159.jpg,labels/train/2159.txt
2160,2160,MAR20_1889.jpg,MAR20_1889.txt,2160.jpg,2160.txt,images/train/MAR20_1889.jpg,labels/train/MAR20_1889.txt,images/train/2160.jpg,labels/train/2160.txt
2161,2161,MAR20_189.jpg,MAR20_189.txt,2161.jpg,2161.txt,images/train/MAR20_189.jpg,labels/train/MAR20_189.txt,images/train/2161.jpg,labels/train/2161.txt
2162,2162,MAR20_1891.jpg,MAR20_1891.txt,2162.jpg,2162.txt,images/train/MAR20_1891.jpg,labels/train/MAR20_1891.txt,images/train/2162.jpg,labels/train/2162.txt
2163,2163,MAR20_1892.jpg,MAR20_1892.txt,2163.jpg,2163.txt,images/train/MAR20_1892.jpg,labels/train/MAR20_1892.txt,images/train/2163.jpg,labels/train/2163.txt
2164,2164,MAR20_1893.jpg,MAR20_1893.txt,2164.jpg,2164.txt,images/train/MAR20_1893.jpg,labels/train/MAR20_1893.txt,images/train/2164.jpg,labels/train/2164.txt
2165,2165,MAR20_1894.jpg,MAR20_1894.txt,2165.jpg,2165.txt,images/train/MAR20_1894.jpg,labels/train/MAR20_1894.txt,images/train/2165.jpg,labels/train/2165.txt
2166,2166,MAR20_1895.jpg,MAR20_1895.txt,2166.jpg,2166.txt,images/train/MAR20_1895.jpg,labels/train/MAR20_1895.txt,images/train/2166.jpg,labels/train/2166.txt
2167,2167,MAR20_1896.jpg,MAR20_1896.txt,2167.jpg,2167.txt,images/train/MAR20_1896.jpg,labels/train/MAR20_1896.txt,images/train/2167.jpg,labels/train/2167.txt
2168,2168,MAR20_1897.jpg,MAR20_1897.txt,2168.jpg,2168.txt,images/train/MAR20_1897.jpg,labels/train/MAR20_1897.txt,images/train/2168.jpg,labels/train/2168.txt
2169,2169,MAR20_1898.jpg,MAR20_1898.txt,2169.jpg,2169.txt,images/train/MAR20_1898.jpg,labels/train/MAR20_1898.txt,images/train/2169.jpg,labels/train/2169.txt
2170,2170,MAR20_1899.jpg,MAR20_1899.txt,2170.jpg,2170.txt,images/train/MAR20_1899.jpg,labels/train/MAR20_1899.txt,images/train/2170.jpg,labels/train/2170.txt
2171,2171,MAR20_19.jpg,MAR20_19.txt,2171.jpg,2171.txt,images/train/MAR20_19.jpg,labels/train/MAR20_19.txt,images/train/2171.jpg,labels/train/2171.txt
2172,2172,MAR20_190.jpg,MAR20_190.txt,2172.jpg,2172.txt,images/train/MAR20_190.jpg,labels/train/MAR20_190.txt,images/train/2172.jpg,labels/train/2172.txt
2173,2173,MAR20_1900.jpg,MAR20_1900.txt,2173.jpg,2173.txt,images/train/MAR20_1900.jpg,labels/train/MAR20_1900.txt,images/train/2173.jpg,labels/train/2173.txt
2174,2174,MAR20_1902.jpg,MAR20_1902.txt,2174.jpg,2174.txt,images/train/MAR20_1902.jpg,labels/train/MAR20_1902.txt,images/train/2174.jpg,labels/train/2174.txt
2175,2175,MAR20_1903.jpg,MAR20_1903.txt,2175.jpg,2175.txt,images/train/MAR20_1903.jpg,labels/train/MAR20_1903.txt,images/train/2175.jpg,labels/train/2175.txt
2176,2176,MAR20_1904.jpg,MAR20_1904.txt,2176.jpg,2176.txt,images/train/MAR20_1904.jpg,labels/train/MAR20_1904.txt,images/train/2176.jpg,labels/train/2176.txt
2177,2177,MAR20_1905.jpg,MAR20_1905.txt,2177.jpg,2177.txt,images/train/MAR20_1905.jpg,labels/train/MAR20_1905.txt,images/train/2177.jpg,labels/train/2177.txt
2178,2178,MAR20_1906.jpg,MAR20_1906.txt,2178.jpg,2178.txt,images/train/MAR20_1906.jpg,labels/train/MAR20_1906.txt,images/train/2178.jpg,labels/train/2178.txt
2179,2179,MAR20_1907.jpg,MAR20_1907.txt,2179.jpg,2179.txt,images/train/MAR20_1907.jpg,labels/train/MAR20_1907.txt,images/train/2179.jpg,labels/train/2179.txt
2180,2180,MAR20_1908.jpg,MAR20_1908.txt,2180.jpg,2180.txt,images/train/MAR20_1908.jpg,labels/train/MAR20_1908.txt,images/train/2180.jpg,labels/train/2180.txt
2181,2181,MAR20_1909.jpg,MAR20_1909.txt,2181.jpg,2181.txt,images/train/MAR20_1909.jpg,labels/train/MAR20_1909.txt,images/train/2181.jpg,labels/train/2181.txt
2182,2182,MAR20_191.jpg,MAR20_191.txt,2182.jpg,2182.txt,images/train/MAR20_191.jpg,labels/train/MAR20_191.txt,images/train/2182.jpg,labels/train/2182.txt
2183,2183,MAR20_1910.jpg,MAR20_1910.txt,2183.jpg,2183.txt,images/train/MAR20_1910.jpg,labels/train/MAR20_1910.txt,images/train/2183.jpg,labels/train/2183.txt
2184,2184,MAR20_1914.jpg,MAR20_1914.txt,2184.jpg,2184.txt,images/train/MAR20_1914.jpg,labels/train/MAR20_1914.txt,images/train/2184.jpg,labels/train/2184.txt
2185,2185,MAR20_1915.jpg,MAR20_1915.txt,2185.jpg,2185.txt,images/train/MAR20_1915.jpg,labels/train/MAR20_1915.txt,images/train/2185.jpg,labels/train/2185.txt
2186,2186,MAR20_1916.jpg,MAR20_1916.txt,2186.jpg,2186.txt,images/train/MAR20_1916.jpg,labels/train/MAR20_1916.txt,images/train/2186.jpg,labels/train/2186.txt
2187,2187,MAR20_1917.jpg,MAR20_1917.txt,2187.jpg,2187.txt,images/train/MAR20_1917.jpg,labels/train/MAR20_1917.txt,images/train/2187.jpg,labels/train/2187.txt
2188,2188,MAR20_1918.jpg,MAR20_1918.txt,2188.jpg,2188.txt,images/train/MAR20_1918.jpg,labels/train/MAR20_1918.txt,images/train/2188.jpg,labels/train/2188.txt
2189,2189,MAR20_192.jpg,MAR20_192.txt,2189.jpg,2189.txt,images/train/MAR20_192.jpg,labels/train/MAR20_192.txt,images/train/2189.jpg,labels/train/2189.txt
2190,2190,MAR20_1921.jpg,MAR20_1921.txt,2190.jpg,2190.txt,images/train/MAR20_1921.jpg,labels/train/MAR20_1921.txt,images/train/2190.jpg,labels/train/2190.txt
2191,2191,MAR20_1923.jpg,MAR20_1923.txt,2191.jpg,2191.txt,images/train/MAR20_1923.jpg,labels/train/MAR20_1923.txt,images/train/2191.jpg,labels/train/2191.txt
2192,2192,MAR20_1924.jpg,MAR20_1924.txt,2192.jpg,2192.txt,images/train/MAR20_1924.jpg,labels/train/MAR20_1924.txt,images/train/2192.jpg,labels/train/2192.txt
2193,2193,MAR20_1925.jpg,MAR20_1925.txt,2193.jpg,2193.txt,images/train/MAR20_1925.jpg,labels/train/MAR20_1925.txt,images/train/2193.jpg,labels/train/2193.txt
2194,2194,MAR20_1926.jpg,MAR20_1926.txt,2194.jpg,2194.txt,images/train/MAR20_1926.jpg,labels/train/MAR20_1926.txt,images/train/2194.jpg,labels/train/2194.txt
2195,2195,MAR20_1927.jpg,MAR20_1927.txt,2195.jpg,2195.txt,images/train/MAR20_1927.jpg,labels/train/MAR20_1927.txt,images/train/2195.jpg,labels/train/2195.txt
2196,2196,MAR20_1929.jpg,MAR20_1929.txt,2196.jpg,2196.txt,images/train/MAR20_1929.jpg,labels/train/MAR20_1929.txt,images/train/2196.jpg,labels/train/2196.txt
2197,2197,MAR20_193.jpg,MAR20_193.txt,2197.jpg,2197.txt,images/train/MAR20_193.jpg,labels/train/MAR20_193.txt,images/train/2197.jpg,labels/train/2197.txt
2198,2198,MAR20_1930.jpg,MAR20_1930.txt,2198.jpg,2198.txt,images/train/MAR20_1930.jpg,labels/train/MAR20_1930.txt,images/train/2198.jpg,labels/train/2198.txt
2199,2199,MAR20_1931.jpg,MAR20_1931.txt,2199.jpg,2199.txt,images/train/MAR20_1931.jpg,labels/train/MAR20_1931.txt,images/train/2199.jpg,labels/train/2199.txt
2200,2200,MAR20_1934.jpg,MAR20_1934.txt,2200.jpg,2200.txt,images/train/MAR20_1934.jpg,labels/train/MAR20_1934.txt,images/train/2200.jpg,labels/train/2200.txt
2201,2201,MAR20_1935.jpg,MAR20_1935.txt,2201.jpg,2201.txt,images/train/MAR20_1935.jpg,labels/train/MAR20_1935.txt,images/train/2201.jpg,labels/train/2201.txt
2202,2202,MAR20_1936.jpg,MAR20_1936.txt,2202.jpg,2202.txt,images/train/MAR20_1936.jpg,labels/train/MAR20_1936.txt,images/train/2202.jpg,labels/train/2202.txt
2203,2203,MAR20_1937.jpg,MAR20_1937.txt,2203.jpg,2203.txt,images/train/MAR20_1937.jpg,labels/train/MAR20_1937.txt,images/train/2203.jpg,labels/train/2203.txt
2204,2204,MAR20_1938.jpg,MAR20_1938.txt,2204.jpg,2204.txt,images/train/MAR20_1938.jpg,labels/train/MAR20_1938.txt,images/train/2204.jpg,labels/train/2204.txt
2205,2205,MAR20_1939.jpg,MAR20_1939.txt,2205.jpg,2205.txt,images/train/MAR20_1939.jpg,labels/train/MAR20_1939.txt,images/train/2205.jpg,labels/train/2205.txt
2206,2206,MAR20_194.jpg,MAR20_194.txt,2206.jpg,2206.txt,images/train/MAR20_194.jpg,labels/train/MAR20_194.txt,images/train/2206.jpg,labels/train/2206.txt
2207,2207,MAR20_1940.jpg,MAR20_1940.txt,2207.jpg,2207.txt,images/train/MAR20_1940.jpg,labels/train/MAR20_1940.txt,images/train/2207.jpg,labels/train/2207.txt
2208,2208,MAR20_1941.jpg,MAR20_1941.txt,2208.jpg,2208.txt,images/train/MAR20_1941.jpg,labels/train/MAR20_1941.txt,images/train/2208.jpg,labels/train/2208.txt
2209,2209,MAR20_1943.jpg,MAR20_1943.txt,2209.jpg,2209.txt,images/train/MAR20_1943.jpg,labels/train/MAR20_1943.txt,images/train/2209.jpg,labels/train/2209.txt
2210,2210,MAR20_1944.jpg,MAR20_1944.txt,2210.jpg,2210.txt,images/train/MAR20_1944.jpg,labels/train/MAR20_1944.txt,images/train/2210.jpg,labels/train/2210.txt
2211,2211,MAR20_1945.jpg,MAR20_1945.txt,2211.jpg,2211.txt,images/train/MAR20_1945.jpg,labels/train/MAR20_1945.txt,images/train/2211.jpg,labels/train/2211.txt
2212,2212,MAR20_1946.jpg,MAR20_1946.txt,2212.jpg,2212.txt,images/train/MAR20_1946.jpg,labels/train/MAR20_1946.txt,images/train/2212.jpg,labels/train/2212.txt
2213,2213,MAR20_1947.jpg,MAR20_1947.txt,2213.jpg,2213.txt,images/train/MAR20_1947.jpg,labels/train/MAR20_1947.txt,images/train/2213.jpg,labels/train/2213.txt
2214,2214,MAR20_1948.jpg,MAR20_1948.txt,2214.jpg,2214.txt,images/train/MAR20_1948.jpg,labels/train/MAR20_1948.txt,images/train/2214.jpg,labels/train/2214.txt
2215,2215,MAR20_1949.jpg,MAR20_1949.txt,2215.jpg,2215.txt,images/train/MAR20_1949.jpg,labels/train/MAR20_1949.txt,images/train/2215.jpg,labels/train/2215.txt
2216,2216,MAR20_195.jpg,MAR20_195.txt,2216.jpg,2216.txt,images/train/MAR20_195.jpg,labels/train/MAR20_195.txt,images/train/2216.jpg,labels/train/2216.txt
2217,2217,MAR20_1950.jpg,MAR20_1950.txt,2217.jpg,2217.txt,images/train/MAR20_1950.jpg,labels/train/MAR20_1950.txt,images/train/2217.jpg,labels/train/2217.txt
2218,2218,MAR20_1951.jpg,MAR20_1951.txt,2218.jpg,2218.txt,images/train/MAR20_1951.jpg,labels/train/MAR20_1951.txt,images/train/2218.jpg,labels/train/2218.txt
2219,2219,MAR20_1952.jpg,MAR20_1952.txt,2219.jpg,2219.txt,images/train/MAR20_1952.jpg,labels/train/MAR20_1952.txt,images/train/2219.jpg,labels/train/2219.txt
2220,2220,MAR20_1953.jpg,MAR20_1953.txt,2220.jpg,2220.txt,images/train/MAR20_1953.jpg,labels/train/MAR20_1953.txt,images/train/2220.jpg,labels/train/2220.txt
2221,2221,MAR20_1954.jpg,MAR20_1954.txt,2221.jpg,2221.txt,images/train/MAR20_1954.jpg,labels/train/MAR20_1954.txt,images/train/2221.jpg,labels/train/2221.txt
2222,2222,MAR20_1955.jpg,MAR20_1955.txt,2222.jpg,2222.txt,images/train/MAR20_1955.jpg,labels/train/MAR20_1955.txt,images/train/2222.jpg,labels/train/2222.txt
2223,2223,MAR20_1956.jpg,MAR20_1956.txt,2223.jpg,2223.txt,images/train/MAR20_1956.jpg,labels/train/MAR20_1956.txt,images/train/2223.jpg,labels/train/2223.txt
2224,2224,MAR20_1957.jpg,MAR20_1957.txt,2224.jpg,2224.txt,images/train/MAR20_1957.jpg,labels/train/MAR20_1957.txt,images/train/2224.jpg,labels/train/2224.txt
2225,2225,MAR20_1958.jpg,MAR20_1958.txt,2225.jpg,2225.txt,images/train/MAR20_1958.jpg,labels/train/MAR20_1958.txt,images/train/2225.jpg,labels/train/2225.txt
2226,2226,MAR20_196.jpg,MAR20_196.txt,2226.jpg,2226.txt,images/train/MAR20_196.jpg,labels/train/MAR20_196.txt,images/train/2226.jpg,labels/train/2226.txt
2227,2227,MAR20_1960.jpg,MAR20_1960.txt,2227.jpg,2227.txt,images/train/MAR20_1960.jpg,labels/train/MAR20_1960.txt,images/train/2227.jpg,labels/train/2227.txt
2228,2228,MAR20_1961.jpg,MAR20_1961.txt,2228.jpg,2228.txt,images/train/MAR20_1961.jpg,labels/train/MAR20_1961.txt,images/train/2228.jpg,labels/train/2228.txt
2229,2229,MAR20_1962.jpg,MAR20_1962.txt,2229.jpg,2229.txt,images/train/MAR20_1962.jpg,labels/train/MAR20_1962.txt,images/train/2229.jpg,labels/train/2229.txt
2230,2230,MAR20_1963.jpg,MAR20_1963.txt,2230.jpg,2230.txt,images/train/MAR20_1963.jpg,labels/train/MAR20_1963.txt,images/train/2230.jpg,labels/train/2230.txt
2231,2231,MAR20_1965.jpg,MAR20_1965.txt,2231.jpg,2231.txt,images/train/MAR20_1965.jpg,labels/train/MAR20_1965.txt,images/train/2231.jpg,labels/train/2231.txt
2232,2232,MAR20_1966.jpg,MAR20_1966.txt,2232.jpg,2232.txt,images/train/MAR20_1966.jpg,labels/train/MAR20_1966.txt,images/train/2232.jpg,labels/train/2232.txt
2233,2233,MAR20_1967.jpg,MAR20_1967.txt,2233.jpg,2233.txt,images/train/MAR20_1967.jpg,labels/train/MAR20_1967.txt,images/train/2233.jpg,labels/train/2233.txt
2234,2234,MAR20_1968.jpg,MAR20_1968.txt,2234.jpg,2234.txt,images/train/MAR20_1968.jpg,labels/train/MAR20_1968.txt,images/train/2234.jpg,labels/train/2234.txt
2235,2235,MAR20_1969.jpg,MAR20_1969.txt,2235.jpg,2235.txt,images/train/MAR20_1969.jpg,labels/train/MAR20_1969.txt,images/train/2235.jpg,labels/train/2235.txt
2236,2236,MAR20_197.jpg,MAR20_197.txt,2236.jpg,2236.txt,images/train/MAR20_197.jpg,labels/train/MAR20_197.txt,images/train/2236.jpg,labels/train/2236.txt
2237,2237,MAR20_1970.jpg,MAR20_1970.txt,2237.jpg,2237.txt,images/train/MAR20_1970.jpg,labels/train/MAR20_1970.txt,images/train/2237.jpg,labels/train/2237.txt
2238,2238,MAR20_1971.jpg,MAR20_1971.txt,2238.jpg,2238.txt,images/train/MAR20_1971.jpg,labels/train/MAR20_1971.txt,images/train/2238.jpg,labels/train/2238.txt
2239,2239,MAR20_1972.jpg,MAR20_1972.txt,2239.jpg,2239.txt,images/train/MAR20_1972.jpg,labels/train/MAR20_1972.txt,images/train/2239.jpg,labels/train/2239.txt
2240,2240,MAR20_1973.jpg,MAR20_1973.txt,2240.jpg,2240.txt,images/train/MAR20_1973.jpg,labels/train/MAR20_1973.txt,images/train/2240.jpg,labels/train/2240.txt
2241,2241,MAR20_1974.jpg,MAR20_1974.txt,2241.jpg,2241.txt,images/train/MAR20_1974.jpg,labels/train/MAR20_1974.txt,images/train/2241.jpg,labels/train/2241.txt
2242,2242,MAR20_1976.jpg,MAR20_1976.txt,2242.jpg,2242.txt,images/train/MAR20_1976.jpg,labels/train/MAR20_1976.txt,images/train/2242.jpg,labels/train/2242.txt
2243,2243,MAR20_1977.jpg,MAR20_1977.txt,2243.jpg,2243.txt,images/train/MAR20_1977.jpg,labels/train/MAR20_1977.txt,images/train/2243.jpg,labels/train/2243.txt
2244,2244,MAR20_1978.jpg,MAR20_1978.txt,2244.jpg,2244.txt,images/train/MAR20_1978.jpg,labels/train/MAR20_1978.txt,images/train/2244.jpg,labels/train/2244.txt
2245,2245,MAR20_1979.jpg,MAR20_1979.txt,2245.jpg,2245.txt,images/train/MAR20_1979.jpg,labels/train/MAR20_1979.txt,images/train/2245.jpg,labels/train/2245.txt
2246,2246,MAR20_198.jpg,MAR20_198.txt,2246.jpg,2246.txt,images/train/MAR20_198.jpg,labels/train/MAR20_198.txt,images/train/2246.jpg,labels/train/2246.txt
2247,2247,MAR20_1980.jpg,MAR20_1980.txt,2247.jpg,2247.txt,images/train/MAR20_1980.jpg,labels/train/MAR20_1980.txt,images/train/2247.jpg,labels/train/2247.txt
2248,2248,MAR20_1981.jpg,MAR20_1981.txt,2248.jpg,2248.txt,images/train/MAR20_1981.jpg,labels/train/MAR20_1981.txt,images/train/2248.jpg,labels/train/2248.txt
2249,2249,MAR20_1983.jpg,MAR20_1983.txt,2249.jpg,2249.txt,images/train/MAR20_1983.jpg,labels/train/MAR20_1983.txt,images/train/2249.jpg,labels/train/2249.txt
2250,2250,MAR20_1984.jpg,MAR20_1984.txt,2250.jpg,2250.txt,images/train/MAR20_1984.jpg,labels/train/MAR20_1984.txt,images/train/2250.jpg,labels/train/2250.txt
2251,2251,MAR20_1986.jpg,MAR20_1986.txt,2251.jpg,2251.txt,images/train/MAR20_1986.jpg,labels/train/MAR20_1986.txt,images/train/2251.jpg,labels/train/2251.txt
2252,2252,MAR20_1987.jpg,MAR20_1987.txt,2252.jpg,2252.txt,images/train/MAR20_1987.jpg,labels/train/MAR20_1987.txt,images/train/2252.jpg,labels/train/2252.txt
2253,2253,MAR20_1988.jpg,MAR20_1988.txt,2253.jpg,2253.txt,images/train/MAR20_1988.jpg,labels/train/MAR20_1988.txt,images/train/2253.jpg,labels/train/2253.txt
2254,2254,MAR20_1989.jpg,MAR20_1989.txt,2254.jpg,2254.txt,images/train/MAR20_1989.jpg,labels/train/MAR20_1989.txt,images/train/2254.jpg,labels/train/2254.txt
2255,2255,MAR20_199.jpg,MAR20_199.txt,2255.jpg,2255.txt,images/train/MAR20_199.jpg,labels/train/MAR20_199.txt,images/train/2255.jpg,labels/train/2255.txt
2256,2256,MAR20_1990.jpg,MAR20_1990.txt,2256.jpg,2256.txt,images/train/MAR20_1990.jpg,labels/train/MAR20_1990.txt,images/train/2256.jpg,labels/train/2256.txt
2257,2257,MAR20_1991.jpg,MAR20_1991.txt,2257.jpg,2257.txt,images/train/MAR20_1991.jpg,labels/train/MAR20_1991.txt,images/train/2257.jpg,labels/train/2257.txt
2258,2258,MAR20_1992.jpg,MAR20_1992.txt,2258.jpg,2258.txt,images/train/MAR20_1992.jpg,labels/train/MAR20_1992.txt,images/train/2258.jpg,labels/train/2258.txt
2259,2259,MAR20_1993.jpg,MAR20_1993.txt,2259.jpg,2259.txt,images/train/MAR20_1993.jpg,labels/train/MAR20_1993.txt,images/train/2259.jpg,labels/train/2259.txt
2260,2260,MAR20_1994.jpg,MAR20_1994.txt,2260.jpg,2260.txt,images/train/MAR20_1994.jpg,labels/train/MAR20_1994.txt,images/train/2260.jpg,labels/train/2260.txt
2261,2261,MAR20_1995.jpg,MAR20_1995.txt,2261.jpg,2261.txt,images/train/MAR20_1995.jpg,labels/train/MAR20_1995.txt,images/train/2261.jpg,labels/train/2261.txt
2262,2262,MAR20_1996.jpg,MAR20_1996.txt,2262.jpg,2262.txt,images/train/MAR20_1996.jpg,labels/train/MAR20_1996.txt,images/train/2262.jpg,labels/train/2262.txt
2263,2263,MAR20_1997.jpg,MAR20_1997.txt,2263.jpg,2263.txt,images/train/MAR20_1997.jpg,labels/train/MAR20_1997.txt,images/train/2263.jpg,labels/train/2263.txt
2264,2264,MAR20_1998.jpg,MAR20_1998.txt,2264.jpg,2264.txt,images/train/MAR20_1998.jpg,labels/train/MAR20_1998.txt,images/train/2264.jpg,labels/train/2264.txt
2265,2265,MAR20_1999.jpg,MAR20_1999.txt,2265.jpg,2265.txt,images/train/MAR20_1999.jpg,labels/train/MAR20_1999.txt,images/train/2265.jpg,labels/train/2265.txt
2266,2266,MAR20_2.jpg,MAR20_2.txt,2266.jpg,2266.txt,images/train/MAR20_2.jpg,labels/train/MAR20_2.txt,images/train/2266.jpg,labels/train/2266.txt
2267,2267,MAR20_20.jpg,MAR20_20.txt,2267.jpg,2267.txt,images/train/MAR20_20.jpg,labels/train/MAR20_20.txt,images/train/2267.jpg,labels/train/2267.txt
2268,2268,MAR20_200.jpg,MAR20_200.txt,2268.jpg,2268.txt,images/train/MAR20_200.jpg,labels/train/MAR20_200.txt,images/train/2268.jpg,labels/train/2268.txt
2269,2269,MAR20_2000.jpg,MAR20_2000.txt,2269.jpg,2269.txt,images/train/MAR20_2000.jpg,labels/train/MAR20_2000.txt,images/train/2269.jpg,labels/train/2269.txt
2270,2270,MAR20_2001.jpg,MAR20_2001.txt,2270.jpg,2270.txt,images/train/MAR20_2001.jpg,labels/train/MAR20_2001.txt,images/train/2270.jpg,labels/train/2270.txt
2271,2271,MAR20_2002.jpg,MAR20_2002.txt,2271.jpg,2271.txt,images/train/MAR20_2002.jpg,labels/train/MAR20_2002.txt,images/train/2271.jpg,labels/train/2271.txt
2272,2272,MAR20_2004.jpg,MAR20_2004.txt,2272.jpg,2272.txt,images/train/MAR20_2004.jpg,labels/train/MAR20_2004.txt,images/train/2272.jpg,labels/train/2272.txt
2273,2273,MAR20_2006.jpg,MAR20_2006.txt,2273.jpg,2273.txt,images/train/MAR20_2006.jpg,labels/train/MAR20_2006.txt,images/train/2273.jpg,labels/train/2273.txt
2274,2274,MAR20_2007.jpg,MAR20_2007.txt,2274.jpg,2274.txt,images/train/MAR20_2007.jpg,labels/train/MAR20_2007.txt,images/train/2274.jpg,labels/train/2274.txt
2275,2275,MAR20_2008.jpg,MAR20_2008.txt,2275.jpg,2275.txt,images/train/MAR20_2008.jpg,labels/train/MAR20_2008.txt,images/train/2275.jpg,labels/train/2275.txt
2276,2276,MAR20_2009.jpg,MAR20_2009.txt,2276.jpg,2276.txt,images/train/MAR20_2009.jpg,labels/train/MAR20_2009.txt,images/train/2276.jpg,labels/train/2276.txt
2277,2277,MAR20_2011.jpg,MAR20_2011.txt,2277.jpg,2277.txt,images/train/MAR20_2011.jpg,labels/train/MAR20_2011.txt,images/train/2277.jpg,labels/train/2277.txt
2278,2278,MAR20_2012.jpg,MAR20_2012.txt,2278.jpg,2278.txt,images/train/MAR20_2012.jpg,labels/train/MAR20_2012.txt,images/train/2278.jpg,labels/train/2278.txt
2279,2279,MAR20_2013.jpg,MAR20_2013.txt,2279.jpg,2279.txt,images/train/MAR20_2013.jpg,labels/train/MAR20_2013.txt,images/train/2279.jpg,labels/train/2279.txt
2280,2280,MAR20_2014.jpg,MAR20_2014.txt,2280.jpg,2280.txt,images/train/MAR20_2014.jpg,labels/train/MAR20_2014.txt,images/train/2280.jpg,labels/train/2280.txt
2281,2281,MAR20_2015.jpg,MAR20_2015.txt,2281.jpg,2281.txt,images/train/MAR20_2015.jpg,labels/train/MAR20_2015.txt,images/train/2281.jpg,labels/train/2281.txt
2282,2282,MAR20_2016.jpg,MAR20_2016.txt,2282.jpg,2282.txt,images/train/MAR20_2016.jpg,labels/train/MAR20_2016.txt,images/train/2282.jpg,labels/train/2282.txt
2283,2283,MAR20_2017.jpg,MAR20_2017.txt,2283.jpg,2283.txt,images/train/MAR20_2017.jpg,labels/train/MAR20_2017.txt,images/train/2283.jpg,labels/train/2283.txt
2284,2284,MAR20_2018.jpg,MAR20_2018.txt,2284.jpg,2284.txt,images/train/MAR20_2018.jpg,labels/train/MAR20_2018.txt,images/train/2284.jpg,labels/train/2284.txt
2285,2285,MAR20_2019.jpg,MAR20_2019.txt,2285.jpg,2285.txt,images/train/MAR20_2019.jpg,labels/train/MAR20_2019.txt,images/train/2285.jpg,labels/train/2285.txt
2286,2286,MAR20_202.jpg,MAR20_202.txt,2286.jpg,2286.txt,images/train/MAR20_202.jpg,labels/train/MAR20_202.txt,images/train/2286.jpg,labels/train/2286.txt
2287,2287,MAR20_2020.jpg,MAR20_2020.txt,2287.jpg,2287.txt,images/train/MAR20_2020.jpg,labels/train/MAR20_2020.txt,images/train/2287.jpg,labels/train/2287.txt
2288,2288,MAR20_2021.jpg,MAR20_2021.txt,2288.jpg,2288.txt,images/train/MAR20_2021.jpg,labels/train/MAR20_2021.txt,images/train/2288.jpg,labels/train/2288.txt
2289,2289,MAR20_2022.jpg,MAR20_2022.txt,2289.jpg,2289.txt,images/train/MAR20_2022.jpg,labels/train/MAR20_2022.txt,images/train/2289.jpg,labels/train/2289.txt
2290,2290,MAR20_2023.jpg,MAR20_2023.txt,2290.jpg,2290.txt,images/train/MAR20_2023.jpg,labels/train/MAR20_2023.txt,images/train/2290.jpg,labels/train/2290.txt
2291,2291,MAR20_2024.jpg,MAR20_2024.txt,2291.jpg,2291.txt,images/train/MAR20_2024.jpg,labels/train/MAR20_2024.txt,images/train/2291.jpg,labels/train/2291.txt
2292,2292,MAR20_2026.jpg,MAR20_2026.txt,2292.jpg,2292.txt,images/train/MAR20_2026.jpg,labels/train/MAR20_2026.txt,images/train/2292.jpg,labels/train/2292.txt
2293,2293,MAR20_2027.jpg,MAR20_2027.txt,2293.jpg,2293.txt,images/train/MAR20_2027.jpg,labels/train/MAR20_2027.txt,images/train/2293.jpg,labels/train/2293.txt
2294,2294,MAR20_2028.jpg,MAR20_2028.txt,2294.jpg,2294.txt,images/train/MAR20_2028.jpg,labels/train/MAR20_2028.txt,images/train/2294.jpg,labels/train/2294.txt
2295,2295,MAR20_2029.jpg,MAR20_2029.txt,2295.jpg,2295.txt,images/train/MAR20_2029.jpg,labels/train/MAR20_2029.txt,images/train/2295.jpg,labels/train/2295.txt
2296,2296,MAR20_203.jpg,MAR20_203.txt,2296.jpg,2296.txt,images/train/MAR20_203.jpg,labels/train/MAR20_203.txt,images/train/2296.jpg,labels/train/2296.txt
2297,2297,MAR20_2030.jpg,MAR20_2030.txt,2297.jpg,2297.txt,images/train/MAR20_2030.jpg,labels/train/MAR20_2030.txt,images/train/2297.jpg,labels/train/2297.txt
2298,2298,MAR20_2031.jpg,MAR20_2031.txt,2298.jpg,2298.txt,images/train/MAR20_2031.jpg,labels/train/MAR20_2031.txt,images/train/2298.jpg,labels/train/2298.txt
2299,2299,MAR20_2032.jpg,MAR20_2032.txt,2299.jpg,2299.txt,images/train/MAR20_2032.jpg,labels/train/MAR20_2032.txt,images/train/2299.jpg,labels/train/2299.txt
2300,2300,MAR20_2033.jpg,MAR20_2033.txt,2300.jpg,2300.txt,images/train/MAR20_2033.jpg,labels/train/MAR20_2033.txt,images/train/2300.jpg,labels/train/2300.txt
2301,2301,MAR20_2034.jpg,MAR20_2034.txt,2301.jpg,2301.txt,images/train/MAR20_2034.jpg,labels/train/MAR20_2034.txt,images/train/2301.jpg,labels/train/2301.txt
2302,2302,MAR20_2035.jpg,MAR20_2035.txt,2302.jpg,2302.txt,images/train/MAR20_2035.jpg,labels/train/MAR20_2035.txt,images/train/2302.jpg,labels/train/2302.txt
2303,2303,MAR20_2036.jpg,MAR20_2036.txt,2303.jpg,2303.txt,images/train/MAR20_2036.jpg,labels/train/MAR20_2036.txt,images/train/2303.jpg,labels/train/2303.txt
2304,2304,MAR20_2038.jpg,MAR20_2038.txt,2304.jpg,2304.txt,images/train/MAR20_2038.jpg,labels/train/MAR20_2038.txt,images/train/2304.jpg,labels/train/2304.txt
2305,2305,MAR20_2039.jpg,MAR20_2039.txt,2305.jpg,2305.txt,images/train/MAR20_2039.jpg,labels/train/MAR20_2039.txt,images/train/2305.jpg,labels/train/2305.txt
2306,2306,MAR20_204.jpg,MAR20_204.txt,2306.jpg,2306.txt,images/train/MAR20_204.jpg,labels/train/MAR20_204.txt,images/train/2306.jpg,labels/train/2306.txt
2307,2307,MAR20_2041.jpg,MAR20_2041.txt,2307.jpg,2307.txt,images/train/MAR20_2041.jpg,labels/train/MAR20_2041.txt,images/train/2307.jpg,labels/train/2307.txt
2308,2308,MAR20_2042.jpg,MAR20_2042.txt,2308.jpg,2308.txt,images/train/MAR20_2042.jpg,labels/train/MAR20_2042.txt,images/train/2308.jpg,labels/train/2308.txt
2309,2309,MAR20_2043.jpg,MAR20_2043.txt,2309.jpg,2309.txt,images/train/MAR20_2043.jpg,labels/train/MAR20_2043.txt,images/train/2309.jpg,labels/train/2309.txt
2310,2310,MAR20_2044.jpg,MAR20_2044.txt,2310.jpg,2310.txt,images/train/MAR20_2044.jpg,labels/train/MAR20_2044.txt,images/train/2310.jpg,labels/train/2310.txt
2311,2311,MAR20_2046.jpg,MAR20_2046.txt,2311.jpg,2311.txt,images/train/MAR20_2046.jpg,labels/train/MAR20_2046.txt,images/train/2311.jpg,labels/train/2311.txt
2312,2312,MAR20_2047.jpg,MAR20_2047.txt,2312.jpg,2312.txt,images/train/MAR20_2047.jpg,labels/train/MAR20_2047.txt,images/train/2312.jpg,labels/train/2312.txt
2313,2313,MAR20_2048.jpg,MAR20_2048.txt,2313.jpg,2313.txt,images/train/MAR20_2048.jpg,labels/train/MAR20_2048.txt,images/train/2313.jpg,labels/train/2313.txt
2314,2314,MAR20_205.jpg,MAR20_205.txt,2314.jpg,2314.txt,images/train/MAR20_205.jpg,labels/train/MAR20_205.txt,images/train/2314.jpg,labels/train/2314.txt
2315,2315,MAR20_2051.jpg,MAR20_2051.txt,2315.jpg,2315.txt,images/train/MAR20_2051.jpg,labels/train/MAR20_2051.txt,images/train/2315.jpg,labels/train/2315.txt
2316,2316,MAR20_2053.jpg,MAR20_2053.txt,2316.jpg,2316.txt,images/train/MAR20_2053.jpg,labels/train/MAR20_2053.txt,images/train/2316.jpg,labels/train/2316.txt
2317,2317,MAR20_2054.jpg,MAR20_2054.txt,2317.jpg,2317.txt,images/train/MAR20_2054.jpg,labels/train/MAR20_2054.txt,images/train/2317.jpg,labels/train/2317.txt
2318,2318,MAR20_2055.jpg,MAR20_2055.txt,2318.jpg,2318.txt,images/train/MAR20_2055.jpg,labels/train/MAR20_2055.txt,images/train/2318.jpg,labels/train/2318.txt
2319,2319,MAR20_2057.jpg,MAR20_2057.txt,2319.jpg,2319.txt,images/train/MAR20_2057.jpg,labels/train/MAR20_2057.txt,images/train/2319.jpg,labels/train/2319.txt
2320,2320,MAR20_2058.jpg,MAR20_2058.txt,2320.jpg,2320.txt,images/train/MAR20_2058.jpg,labels/train/MAR20_2058.txt,images/train/2320.jpg,labels/train/2320.txt
2321,2321,MAR20_2059.jpg,MAR20_2059.txt,2321.jpg,2321.txt,images/train/MAR20_2059.jpg,labels/train/MAR20_2059.txt,images/train/2321.jpg,labels/train/2321.txt
2322,2322,MAR20_206.jpg,MAR20_206.txt,2322.jpg,2322.txt,images/train/MAR20_206.jpg,labels/train/MAR20_206.txt,images/train/2322.jpg,labels/train/2322.txt
2323,2323,MAR20_2061.jpg,MAR20_2061.txt,2323.jpg,2323.txt,images/train/MAR20_2061.jpg,labels/train/MAR20_2061.txt,images/train/2323.jpg,labels/train/2323.txt
2324,2324,MAR20_2062.jpg,MAR20_2062.txt,2324.jpg,2324.txt,images/train/MAR20_2062.jpg,labels/train/MAR20_2062.txt,images/train/2324.jpg,labels/train/2324.txt
2325,2325,MAR20_2063.jpg,MAR20_2063.txt,2325.jpg,2325.txt,images/train/MAR20_2063.jpg,labels/train/MAR20_2063.txt,images/train/2325.jpg,labels/train/2325.txt
2326,2326,MAR20_2064.jpg,MAR20_2064.txt,2326.jpg,2326.txt,images/train/MAR20_2064.jpg,labels/train/MAR20_2064.txt,images/train/2326.jpg,labels/train/2326.txt
2327,2327,MAR20_2065.jpg,MAR20_2065.txt,2327.jpg,2327.txt,images/train/MAR20_2065.jpg,labels/train/MAR20_2065.txt,images/train/2327.jpg,labels/train/2327.txt
2328,2328,MAR20_2067.jpg,MAR20_2067.txt,2328.jpg,2328.txt,images/train/MAR20_2067.jpg,labels/train/MAR20_2067.txt,images/train/2328.jpg,labels/train/2328.txt
2329,2329,MAR20_207.jpg,MAR20_207.txt,2329.jpg,2329.txt,images/train/MAR20_207.jpg,labels/train/MAR20_207.txt,images/train/2329.jpg,labels/train/2329.txt
2330,2330,MAR20_2070.jpg,MAR20_2070.txt,2330.jpg,2330.txt,images/train/MAR20_2070.jpg,labels/train/MAR20_2070.txt,images/train/2330.jpg,labels/train/2330.txt
2331,2331,MAR20_2071.jpg,MAR20_2071.txt,2331.jpg,2331.txt,images/train/MAR20_2071.jpg,labels/train/MAR20_2071.txt,images/train/2331.jpg,labels/train/2331.txt
2332,2332,MAR20_2073.jpg,MAR20_2073.txt,2332.jpg,2332.txt,images/train/MAR20_2073.jpg,labels/train/MAR20_2073.txt,images/train/2332.jpg,labels/train/2332.txt
2333,2333,MAR20_2074.jpg,MAR20_2074.txt,2333.jpg,2333.txt,images/train/MAR20_2074.jpg,labels/train/MAR20_2074.txt,images/train/2333.jpg,labels/train/2333.txt
2334,2334,MAR20_2075.jpg,MAR20_2075.txt,2334.jpg,2334.txt,images/train/MAR20_2075.jpg,labels/train/MAR20_2075.txt,images/train/2334.jpg,labels/train/2334.txt
2335,2335,MAR20_2076.jpg,MAR20_2076.txt,2335.jpg,2335.txt,images/train/MAR20_2076.jpg,labels/train/MAR20_2076.txt,images/train/2335.jpg,labels/train/2335.txt
2336,2336,MAR20_2077.jpg,MAR20_2077.txt,2336.jpg,2336.txt,images/train/MAR20_2077.jpg,labels/train/MAR20_2077.txt,images/train/2336.jpg,labels/train/2336.txt
2337,2337,MAR20_2078.jpg,MAR20_2078.txt,2337.jpg,2337.txt,images/train/MAR20_2078.jpg,labels/train/MAR20_2078.txt,images/train/2337.jpg,labels/train/2337.txt
2338,2338,MAR20_2079.jpg,MAR20_2079.txt,2338.jpg,2338.txt,images/train/MAR20_2079.jpg,labels/train/MAR20_2079.txt,images/train/2338.jpg,labels/train/2338.txt
2339,2339,MAR20_2080.jpg,MAR20_2080.txt,2339.jpg,2339.txt,images/train/MAR20_2080.jpg,labels/train/MAR20_2080.txt,images/train/2339.jpg,labels/train/2339.txt
2340,2340,MAR20_2082.jpg,MAR20_2082.txt,2340.jpg,2340.txt,images/train/MAR20_2082.jpg,labels/train/MAR20_2082.txt,images/train/2340.jpg,labels/train/2340.txt
2341,2341,MAR20_2083.jpg,MAR20_2083.txt,2341.jpg,2341.txt,images/train/MAR20_2083.jpg,labels/train/MAR20_2083.txt,images/train/2341.jpg,labels/train/2341.txt
2342,2342,MAR20_2084.jpg,MAR20_2084.txt,2342.jpg,2342.txt,images/train/MAR20_2084.jpg,labels/train/MAR20_2084.txt,images/train/2342.jpg,labels/train/2342.txt
2343,2343,MAR20_2085.jpg,MAR20_2085.txt,2343.jpg,2343.txt,images/train/MAR20_2085.jpg,labels/train/MAR20_2085.txt,images/train/2343.jpg,labels/train/2343.txt
2344,2344,MAR20_2086.jpg,MAR20_2086.txt,2344.jpg,2344.txt,images/train/MAR20_2086.jpg,labels/train/MAR20_2086.txt,images/train/2344.jpg,labels/train/2344.txt
2345,2345,MAR20_2087.jpg,MAR20_2087.txt,2345.jpg,2345.txt,images/train/MAR20_2087.jpg,labels/train/MAR20_2087.txt,images/train/2345.jpg,labels/train/2345.txt
2346,2346,MAR20_209.jpg,MAR20_209.txt,2346.jpg,2346.txt,images/train/MAR20_209.jpg,labels/train/MAR20_209.txt,images/train/2346.jpg,labels/train/2346.txt
2347,2347,MAR20_2090.jpg,MAR20_2090.txt,2347.jpg,2347.txt,images/train/MAR20_2090.jpg,labels/train/MAR20_2090.txt,images/train/2347.jpg,labels/train/2347.txt
2348,2348,MAR20_2091.jpg,MAR20_2091.txt,2348.jpg,2348.txt,images/train/MAR20_2091.jpg,labels/train/MAR20_2091.txt,images/train/2348.jpg,labels/train/2348.txt
2349,2349,MAR20_2092.jpg,MAR20_2092.txt,2349.jpg,2349.txt,images/train/MAR20_2092.jpg,labels/train/MAR20_2092.txt,images/train/2349.jpg,labels/train/2349.txt
2350,2350,MAR20_2093.jpg,MAR20_2093.txt,2350.jpg,2350.txt,images/train/MAR20_2093.jpg,labels/train/MAR20_2093.txt,images/train/2350.jpg,labels/train/2350.txt
2351,2351,MAR20_2094.jpg,MAR20_2094.txt,2351.jpg,2351.txt,images/train/MAR20_2094.jpg,labels/train/MAR20_2094.txt,images/train/2351.jpg,labels/train/2351.txt
2352,2352,MAR20_2096.jpg,MAR20_2096.txt,2352.jpg,2352.txt,images/train/MAR20_2096.jpg,labels/train/MAR20_2096.txt,images/train/2352.jpg,labels/train/2352.txt
2353,2353,MAR20_2097.jpg,MAR20_2097.txt,2353.jpg,2353.txt,images/train/MAR20_2097.jpg,labels/train/MAR20_2097.txt,images/train/2353.jpg,labels/train/2353.txt
2354,2354,MAR20_2098.jpg,MAR20_2098.txt,2354.jpg,2354.txt,images/train/MAR20_2098.jpg,labels/train/MAR20_2098.txt,images/train/2354.jpg,labels/train/2354.txt
2355,2355,MAR20_2099.jpg,MAR20_2099.txt,2355.jpg,2355.txt,images/train/MAR20_2099.jpg,labels/train/MAR20_2099.txt,images/train/2355.jpg,labels/train/2355.txt
2356,2356,MAR20_21.jpg,MAR20_21.txt,2356.jpg,2356.txt,images/train/MAR20_21.jpg,labels/train/MAR20_21.txt,images/train/2356.jpg,labels/train/2356.txt
2357,2357,MAR20_210.jpg,MAR20_210.txt,2357.jpg,2357.txt,images/train/MAR20_210.jpg,labels/train/MAR20_210.txt,images/train/2357.jpg,labels/train/2357.txt
2358,2358,MAR20_2100.jpg,MAR20_2100.txt,2358.jpg,2358.txt,images/train/MAR20_2100.jpg,labels/train/MAR20_2100.txt,images/train/2358.jpg,labels/train/2358.txt
2359,2359,MAR20_2101.jpg,MAR20_2101.txt,2359.jpg,2359.txt,images/train/MAR20_2101.jpg,labels/train/MAR20_2101.txt,images/train/2359.jpg,labels/train/2359.txt
2360,2360,MAR20_2102.jpg,MAR20_2102.txt,2360.jpg,2360.txt,images/train/MAR20_2102.jpg,labels/train/MAR20_2102.txt,images/train/2360.jpg,labels/train/2360.txt
2361,2361,MAR20_2104.jpg,MAR20_2104.txt,2361.jpg,2361.txt,images/train/MAR20_2104.jpg,labels/train/MAR20_2104.txt,images/train/2361.jpg,labels/train/2361.txt
2362,2362,MAR20_2105.jpg,MAR20_2105.txt,2362.jpg,2362.txt,images/train/MAR20_2105.jpg,labels/train/MAR20_2105.txt,images/train/2362.jpg,labels/train/2362.txt
2363,2363,MAR20_2106.jpg,MAR20_2106.txt,2363.jpg,2363.txt,images/train/MAR20_2106.jpg,labels/train/MAR20_2106.txt,images/train/2363.jpg,labels/train/2363.txt
2364,2364,MAR20_2107.jpg,MAR20_2107.txt,2364.jpg,2364.txt,images/train/MAR20_2107.jpg,labels/train/MAR20_2107.txt,images/train/2364.jpg,labels/train/2364.txt
2365,2365,MAR20_2109.jpg,MAR20_2109.txt,2365.jpg,2365.txt,images/train/MAR20_2109.jpg,labels/train/MAR20_2109.txt,images/train/2365.jpg,labels/train/2365.txt
2366,2366,MAR20_211.jpg,MAR20_211.txt,2366.jpg,2366.txt,images/train/MAR20_211.jpg,labels/train/MAR20_211.txt,images/train/2366.jpg,labels/train/2366.txt
2367,2367,MAR20_2110.jpg,MAR20_2110.txt,2367.jpg,2367.txt,images/train/MAR20_2110.jpg,labels/train/MAR20_2110.txt,images/train/2367.jpg,labels/train/2367.txt
2368,2368,MAR20_2112.jpg,MAR20_2112.txt,2368.jpg,2368.txt,images/train/MAR20_2112.jpg,labels/train/MAR20_2112.txt,images/train/2368.jpg,labels/train/2368.txt
2369,2369,MAR20_2113.jpg,MAR20_2113.txt,2369.jpg,2369.txt,images/train/MAR20_2113.jpg,labels/train/MAR20_2113.txt,images/train/2369.jpg,labels/train/2369.txt
2370,2370,MAR20_2115.jpg,MAR20_2115.txt,2370.jpg,2370.txt,images/train/MAR20_2115.jpg,labels/train/MAR20_2115.txt,images/train/2370.jpg,labels/train/2370.txt
2371,2371,MAR20_2116.jpg,MAR20_2116.txt,2371.jpg,2371.txt,images/train/MAR20_2116.jpg,labels/train/MAR20_2116.txt,images/train/2371.jpg,labels/train/2371.txt
2372,2372,MAR20_2117.jpg,MAR20_2117.txt,2372.jpg,2372.txt,images/train/MAR20_2117.jpg,labels/train/MAR20_2117.txt,images/train/2372.jpg,labels/train/2372.txt
2373,2373,MAR20_2118.jpg,MAR20_2118.txt,2373.jpg,2373.txt,images/train/MAR20_2118.jpg,labels/train/MAR20_2118.txt,images/train/2373.jpg,labels/train/2373.txt
2374,2374,MAR20_212.jpg,MAR20_212.txt,2374.jpg,2374.txt,images/train/MAR20_212.jpg,labels/train/MAR20_212.txt,images/train/2374.jpg,labels/train/2374.txt
2375,2375,MAR20_2120.jpg,MAR20_2120.txt,2375.jpg,2375.txt,images/train/MAR20_2120.jpg,labels/train/MAR20_2120.txt,images/train/2375.jpg,labels/train/2375.txt
2376,2376,MAR20_2121.jpg,MAR20_2121.txt,2376.jpg,2376.txt,images/train/MAR20_2121.jpg,labels/train/MAR20_2121.txt,images/train/2376.jpg,labels/train/2376.txt
2377,2377,MAR20_2122.jpg,MAR20_2122.txt,2377.jpg,2377.txt,images/train/MAR20_2122.jpg,labels/train/MAR20_2122.txt,images/train/2377.jpg,labels/train/2377.txt
2378,2378,MAR20_2123.jpg,MAR20_2123.txt,2378.jpg,2378.txt,images/train/MAR20_2123.jpg,labels/train/MAR20_2123.txt,images/train/2378.jpg,labels/train/2378.txt
2379,2379,MAR20_2124.jpg,MAR20_2124.txt,2379.jpg,2379.txt,images/train/MAR20_2124.jpg,labels/train/MAR20_2124.txt,images/train/2379.jpg,labels/train/2379.txt
2380,2380,MAR20_2125.jpg,MAR20_2125.txt,2380.jpg,2380.txt,images/train/MAR20_2125.jpg,labels/train/MAR20_2125.txt,images/train/2380.jpg,labels/train/2380.txt
2381,2381,MAR20_2126.jpg,MAR20_2126.txt,2381.jpg,2381.txt,images/train/MAR20_2126.jpg,labels/train/MAR20_2126.txt,images/train/2381.jpg,labels/train/2381.txt
2382,2382,MAR20_2127.jpg,MAR20_2127.txt,2382.jpg,2382.txt,images/train/MAR20_2127.jpg,labels/train/MAR20_2127.txt,images/train/2382.jpg,labels/train/2382.txt
2383,2383,MAR20_2129.jpg,MAR20_2129.txt,2383.jpg,2383.txt,images/train/MAR20_2129.jpg,labels/train/MAR20_2129.txt,images/train/2383.jpg,labels/train/2383.txt
2384,2384,MAR20_213.jpg,MAR20_213.txt,2384.jpg,2384.txt,images/train/MAR20_213.jpg,labels/train/MAR20_213.txt,images/train/2384.jpg,labels/train/2384.txt
2385,2385,MAR20_2130.jpg,MAR20_2130.txt,2385.jpg,2385.txt,images/train/MAR20_2130.jpg,labels/train/MAR20_2130.txt,images/train/2385.jpg,labels/train/2385.txt
2386,2386,MAR20_2131.jpg,MAR20_2131.txt,2386.jpg,2386.txt,images/train/MAR20_2131.jpg,labels/train/MAR20_2131.txt,images/train/2386.jpg,labels/train/2386.txt
2387,2387,MAR20_2132.jpg,MAR20_2132.txt,2387.jpg,2387.txt,images/train/MAR20_2132.jpg,labels/train/MAR20_2132.txt,images/train/2387.jpg,labels/train/2387.txt
2388,2388,MAR20_2133.jpg,MAR20_2133.txt,2388.jpg,2388.txt,images/train/MAR20_2133.jpg,labels/train/MAR20_2133.txt,images/train/2388.jpg,labels/train/2388.txt
2389,2389,MAR20_2134.jpg,MAR20_2134.txt,2389.jpg,2389.txt,images/train/MAR20_2134.jpg,labels/train/MAR20_2134.txt,images/train/2389.jpg,labels/train/2389.txt
2390,2390,MAR20_2136.jpg,MAR20_2136.txt,2390.jpg,2390.txt,images/train/MAR20_2136.jpg,labels/train/MAR20_2136.txt,images/train/2390.jpg,labels/train/2390.txt
2391,2391,MAR20_2140.jpg,MAR20_2140.txt,2391.jpg,2391.txt,images/train/MAR20_2140.jpg,labels/train/MAR20_2140.txt,images/train/2391.jpg,labels/train/2391.txt
2392,2392,MAR20_2143.jpg,MAR20_2143.txt,2392.jpg,2392.txt,images/train/MAR20_2143.jpg,labels/train/MAR20_2143.txt,images/train/2392.jpg,labels/train/2392.txt
2393,2393,MAR20_2144.jpg,MAR20_2144.txt,2393.jpg,2393.txt,images/train/MAR20_2144.jpg,labels/train/MAR20_2144.txt,images/train/2393.jpg,labels/train/2393.txt
2394,2394,MAR20_2145.jpg,MAR20_2145.txt,2394.jpg,2394.txt,images/train/MAR20_2145.jpg,labels/train/MAR20_2145.txt,images/train/2394.jpg,labels/train/2394.txt
2395,2395,MAR20_2146.jpg,MAR20_2146.txt,2395.jpg,2395.txt,images/train/MAR20_2146.jpg,labels/train/MAR20_2146.txt,images/train/2395.jpg,labels/train/2395.txt
2396,2396,MAR20_2147.jpg,MAR20_2147.txt,2396.jpg,2396.txt,images/train/MAR20_2147.jpg,labels/train/MAR20_2147.txt,images/train/2396.jpg,labels/train/2396.txt
2397,2397,MAR20_2148.jpg,MAR20_2148.txt,2397.jpg,2397.txt,images/train/MAR20_2148.jpg,labels/train/MAR20_2148.txt,images/train/2397.jpg,labels/train/2397.txt
2398,2398,MAR20_2149.jpg,MAR20_2149.txt,2398.jpg,2398.txt,images/train/MAR20_2149.jpg,labels/train/MAR20_2149.txt,images/train/2398.jpg,labels/train/2398.txt
2399,2399,MAR20_215.jpg,MAR20_215.txt,2399.jpg,2399.txt,images/train/MAR20_215.jpg,labels/train/MAR20_215.txt,images/train/2399.jpg,labels/train/2399.txt
2400,2400,MAR20_2151.jpg,MAR20_2151.txt,2400.jpg,2400.txt,images/train/MAR20_2151.jpg,labels/train/MAR20_2151.txt,images/train/2400.jpg,labels/train/2400.txt
2401,2401,MAR20_2152.jpg,MAR20_2152.txt,2401.jpg,2401.txt,images/train/MAR20_2152.jpg,labels/train/MAR20_2152.txt,images/train/2401.jpg,labels/train/2401.txt
2402,2402,MAR20_2153.jpg,MAR20_2153.txt,2402.jpg,2402.txt,images/train/MAR20_2153.jpg,labels/train/MAR20_2153.txt,images/train/2402.jpg,labels/train/2402.txt
2403,2403,MAR20_2154.jpg,MAR20_2154.txt,2403.jpg,2403.txt,images/train/MAR20_2154.jpg,labels/train/MAR20_2154.txt,images/train/2403.jpg,labels/train/2403.txt
2404,2404,MAR20_2155.jpg,MAR20_2155.txt,2404.jpg,2404.txt,images/train/MAR20_2155.jpg,labels/train/MAR20_2155.txt,images/train/2404.jpg,labels/train/2404.txt
2405,2405,MAR20_2156.jpg,MAR20_2156.txt,2405.jpg,2405.txt,images/train/MAR20_2156.jpg,labels/train/MAR20_2156.txt,images/train/2405.jpg,labels/train/2405.txt
2406,2406,MAR20_2158.jpg,MAR20_2158.txt,2406.jpg,2406.txt,images/train/MAR20_2158.jpg,labels/train/MAR20_2158.txt,images/train/2406.jpg,labels/train/2406.txt
2407,2407,MAR20_2159.jpg,MAR20_2159.txt,2407.jpg,2407.txt,images/train/MAR20_2159.jpg,labels/train/MAR20_2159.txt,images/train/2407.jpg,labels/train/2407.txt
2408,2408,MAR20_216.jpg,MAR20_216.txt,2408.jpg,2408.txt,images/train/MAR20_216.jpg,labels/train/MAR20_216.txt,images/train/2408.jpg,labels/train/2408.txt
2409,2409,MAR20_2160.jpg,MAR20_2160.txt,2409.jpg,2409.txt,images/train/MAR20_2160.jpg,labels/train/MAR20_2160.txt,images/train/2409.jpg,labels/train/2409.txt
2410,2410,MAR20_2162.jpg,MAR20_2162.txt,2410.jpg,2410.txt,images/train/MAR20_2162.jpg,labels/train/MAR20_2162.txt,images/train/2410.jpg,labels/train/2410.txt
2411,2411,MAR20_2164.jpg,MAR20_2164.txt,2411.jpg,2411.txt,images/train/MAR20_2164.jpg,labels/train/MAR20_2164.txt,images/train/2411.jpg,labels/train/2411.txt
2412,2412,MAR20_2165.jpg,MAR20_2165.txt,2412.jpg,2412.txt,images/train/MAR20_2165.jpg,labels/train/MAR20_2165.txt,images/train/2412.jpg,labels/train/2412.txt
2413,2413,MAR20_2166.jpg,MAR20_2166.txt,2413.jpg,2413.txt,images/train/MAR20_2166.jpg,labels/train/MAR20_2166.txt,images/train/2413.jpg,labels/train/2413.txt
2414,2414,MAR20_2168.jpg,MAR20_2168.txt,2414.jpg,2414.txt,images/train/MAR20_2168.jpg,labels/train/MAR20_2168.txt,images/train/2414.jpg,labels/train/2414.txt
2415,2415,MAR20_2169.jpg,MAR20_2169.txt,2415.jpg,2415.txt,images/train/MAR20_2169.jpg,labels/train/MAR20_2169.txt,images/train/2415.jpg,labels/train/2415.txt
2416,2416,MAR20_217.jpg,MAR20_217.txt,2416.jpg,2416.txt,images/train/MAR20_217.jpg,labels/train/MAR20_217.txt,images/train/2416.jpg,labels/train/2416.txt
2417,2417,MAR20_2170.jpg,MAR20_2170.txt,2417.jpg,2417.txt,images/train/MAR20_2170.jpg,labels/train/MAR20_2170.txt,images/train/2417.jpg,labels/train/2417.txt
2418,2418,MAR20_2171.jpg,MAR20_2171.txt,2418.jpg,2418.txt,images/train/MAR20_2171.jpg,labels/train/MAR20_2171.txt,images/train/2418.jpg,labels/train/2418.txt
2419,2419,MAR20_2172.jpg,MAR20_2172.txt,2419.jpg,2419.txt,images/train/MAR20_2172.jpg,labels/train/MAR20_2172.txt,images/train/2419.jpg,labels/train/2419.txt
2420,2420,MAR20_2174.jpg,MAR20_2174.txt,2420.jpg,2420.txt,images/train/MAR20_2174.jpg,labels/train/MAR20_2174.txt,images/train/2420.jpg,labels/train/2420.txt
2421,2421,MAR20_2176.jpg,MAR20_2176.txt,2421.jpg,2421.txt,images/train/MAR20_2176.jpg,labels/train/MAR20_2176.txt,images/train/2421.jpg,labels/train/2421.txt
2422,2422,MAR20_2178.jpg,MAR20_2178.txt,2422.jpg,2422.txt,images/train/MAR20_2178.jpg,labels/train/MAR20_2178.txt,images/train/2422.jpg,labels/train/2422.txt
2423,2423,MAR20_2179.jpg,MAR20_2179.txt,2423.jpg,2423.txt,images/train/MAR20_2179.jpg,labels/train/MAR20_2179.txt,images/train/2423.jpg,labels/train/2423.txt
2424,2424,MAR20_218.jpg,MAR20_218.txt,2424.jpg,2424.txt,images/train/MAR20_218.jpg,labels/train/MAR20_218.txt,images/train/2424.jpg,labels/train/2424.txt
2425,2425,MAR20_2180.jpg,MAR20_2180.txt,2425.jpg,2425.txt,images/train/MAR20_2180.jpg,labels/train/MAR20_2180.txt,images/train/2425.jpg,labels/train/2425.txt
2426,2426,MAR20_2181.jpg,MAR20_2181.txt,2426.jpg,2426.txt,images/train/MAR20_2181.jpg,labels/train/MAR20_2181.txt,images/train/2426.jpg,labels/train/2426.txt
2427,2427,MAR20_2184.jpg,MAR20_2184.txt,2427.jpg,2427.txt,images/train/MAR20_2184.jpg,labels/train/MAR20_2184.txt,images/train/2427.jpg,labels/train/2427.txt
2428,2428,MAR20_2185.jpg,MAR20_2185.txt,2428.jpg,2428.txt,images/train/MAR20_2185.jpg,labels/train/MAR20_2185.txt,images/train/2428.jpg,labels/train/2428.txt
2429,2429,MAR20_2186.jpg,MAR20_2186.txt,2429.jpg,2429.txt,images/train/MAR20_2186.jpg,labels/train/MAR20_2186.txt,images/train/2429.jpg,labels/train/2429.txt
2430,2430,MAR20_2187.jpg,MAR20_2187.txt,2430.jpg,2430.txt,images/train/MAR20_2187.jpg,labels/train/MAR20_2187.txt,images/train/2430.jpg,labels/train/2430.txt
2431,2431,MAR20_2189.jpg,MAR20_2189.txt,2431.jpg,2431.txt,images/train/MAR20_2189.jpg,labels/train/MAR20_2189.txt,images/train/2431.jpg,labels/train/2431.txt
2432,2432,MAR20_2190.jpg,MAR20_2190.txt,2432.jpg,2432.txt,images/train/MAR20_2190.jpg,labels/train/MAR20_2190.txt,images/train/2432.jpg,labels/train/2432.txt
2433,2433,MAR20_2191.jpg,MAR20_2191.txt,2433.jpg,2433.txt,images/train/MAR20_2191.jpg,labels/train/MAR20_2191.txt,images/train/2433.jpg,labels/train/2433.txt
2434,2434,MAR20_2192.jpg,MAR20_2192.txt,2434.jpg,2434.txt,images/train/MAR20_2192.jpg,labels/train/MAR20_2192.txt,images/train/2434.jpg,labels/train/2434.txt
2435,2435,MAR20_2193.jpg,MAR20_2193.txt,2435.jpg,2435.txt,images/train/MAR20_2193.jpg,labels/train/MAR20_2193.txt,images/train/2435.jpg,labels/train/2435.txt
2436,2436,MAR20_2194.jpg,MAR20_2194.txt,2436.jpg,2436.txt,images/train/MAR20_2194.jpg,labels/train/MAR20_2194.txt,images/train/2436.jpg,labels/train/2436.txt
2437,2437,MAR20_2195.jpg,MAR20_2195.txt,2437.jpg,2437.txt,images/train/MAR20_2195.jpg,labels/train/MAR20_2195.txt,images/train/2437.jpg,labels/train/2437.txt
2438,2438,MAR20_2196.jpg,MAR20_2196.txt,2438.jpg,2438.txt,images/train/MAR20_2196.jpg,labels/train/MAR20_2196.txt,images/train/2438.jpg,labels/train/2438.txt
2439,2439,MAR20_2197.jpg,MAR20_2197.txt,2439.jpg,2439.txt,images/train/MAR20_2197.jpg,labels/train/MAR20_2197.txt,images/train/2439.jpg,labels/train/2439.txt
2440,2440,MAR20_2198.jpg,MAR20_2198.txt,2440.jpg,2440.txt,images/train/MAR20_2198.jpg,labels/train/MAR20_2198.txt,images/train/2440.jpg,labels/train/2440.txt
2441,2441,MAR20_2199.jpg,MAR20_2199.txt,2441.jpg,2441.txt,images/train/MAR20_2199.jpg,labels/train/MAR20_2199.txt,images/train/2441.jpg,labels/train/2441.txt
2442,2442,MAR20_22.jpg,MAR20_22.txt,2442.jpg,2442.txt,images/train/MAR20_22.jpg,labels/train/MAR20_22.txt,images/train/2442.jpg,labels/train/2442.txt
2443,2443,MAR20_220.jpg,MAR20_220.txt,2443.jpg,2443.txt,images/train/MAR20_220.jpg,labels/train/MAR20_220.txt,images/train/2443.jpg,labels/train/2443.txt
2444,2444,MAR20_2200.jpg,MAR20_2200.txt,2444.jpg,2444.txt,images/train/MAR20_2200.jpg,labels/train/MAR20_2200.txt,images/train/2444.jpg,labels/train/2444.txt
2445,2445,MAR20_2201.jpg,MAR20_2201.txt,2445.jpg,2445.txt,images/train/MAR20_2201.jpg,labels/train/MAR20_2201.txt,images/train/2445.jpg,labels/train/2445.txt
2446,2446,MAR20_2202.jpg,MAR20_2202.txt,2446.jpg,2446.txt,images/train/MAR20_2202.jpg,labels/train/MAR20_2202.txt,images/train/2446.jpg,labels/train/2446.txt
2447,2447,MAR20_2203.jpg,MAR20_2203.txt,2447.jpg,2447.txt,images/train/MAR20_2203.jpg,labels/train/MAR20_2203.txt,images/train/2447.jpg,labels/train/2447.txt
2448,2448,MAR20_2204.jpg,MAR20_2204.txt,2448.jpg,2448.txt,images/train/MAR20_2204.jpg,labels/train/MAR20_2204.txt,images/train/2448.jpg,labels/train/2448.txt
2449,2449,MAR20_2206.jpg,MAR20_2206.txt,2449.jpg,2449.txt,images/train/MAR20_2206.jpg,labels/train/MAR20_2206.txt,images/train/2449.jpg,labels/train/2449.txt
2450,2450,MAR20_2208.jpg,MAR20_2208.txt,2450.jpg,2450.txt,images/train/MAR20_2208.jpg,labels/train/MAR20_2208.txt,images/train/2450.jpg,labels/train/2450.txt
2451,2451,MAR20_221.jpg,MAR20_221.txt,2451.jpg,2451.txt,images/train/MAR20_221.jpg,labels/train/MAR20_221.txt,images/train/2451.jpg,labels/train/2451.txt
2452,2452,MAR20_2210.jpg,MAR20_2210.txt,2452.jpg,2452.txt,images/train/MAR20_2210.jpg,labels/train/MAR20_2210.txt,images/train/2452.jpg,labels/train/2452.txt
2453,2453,MAR20_2211.jpg,MAR20_2211.txt,2453.jpg,2453.txt,images/train/MAR20_2211.jpg,labels/train/MAR20_2211.txt,images/train/2453.jpg,labels/train/2453.txt
2454,2454,MAR20_2212.jpg,MAR20_2212.txt,2454.jpg,2454.txt,images/train/MAR20_2212.jpg,labels/train/MAR20_2212.txt,images/train/2454.jpg,labels/train/2454.txt
2455,2455,MAR20_2214.jpg,MAR20_2214.txt,2455.jpg,2455.txt,images/train/MAR20_2214.jpg,labels/train/MAR20_2214.txt,images/train/2455.jpg,labels/train/2455.txt
2456,2456,MAR20_2215.jpg,MAR20_2215.txt,2456.jpg,2456.txt,images/train/MAR20_2215.jpg,labels/train/MAR20_2215.txt,images/train/2456.jpg,labels/train/2456.txt
2457,2457,MAR20_2216.jpg,MAR20_2216.txt,2457.jpg,2457.txt,images/train/MAR20_2216.jpg,labels/train/MAR20_2216.txt,images/train/2457.jpg,labels/train/2457.txt
2458,2458,MAR20_2217.jpg,MAR20_2217.txt,2458.jpg,2458.txt,images/train/MAR20_2217.jpg,labels/train/MAR20_2217.txt,images/train/2458.jpg,labels/train/2458.txt
2459,2459,MAR20_2218.jpg,MAR20_2218.txt,2459.jpg,2459.txt,images/train/MAR20_2218.jpg,labels/train/MAR20_2218.txt,images/train/2459.jpg,labels/train/2459.txt
2460,2460,MAR20_2219.jpg,MAR20_2219.txt,2460.jpg,2460.txt,images/train/MAR20_2219.jpg,labels/train/MAR20_2219.txt,images/train/2460.jpg,labels/train/2460.txt
2461,2461,MAR20_222.jpg,MAR20_222.txt,2461.jpg,2461.txt,images/train/MAR20_222.jpg,labels/train/MAR20_222.txt,images/train/2461.jpg,labels/train/2461.txt
2462,2462,MAR20_2220.jpg,MAR20_2220.txt,2462.jpg,2462.txt,images/train/MAR20_2220.jpg,labels/train/MAR20_2220.txt,images/train/2462.jpg,labels/train/2462.txt
2463,2463,MAR20_2222.jpg,MAR20_2222.txt,2463.jpg,2463.txt,images/train/MAR20_2222.jpg,labels/train/MAR20_2222.txt,images/train/2463.jpg,labels/train/2463.txt
2464,2464,MAR20_2224.jpg,MAR20_2224.txt,2464.jpg,2464.txt,images/train/MAR20_2224.jpg,labels/train/MAR20_2224.txt,images/train/2464.jpg,labels/train/2464.txt
2465,2465,MAR20_2225.jpg,MAR20_2225.txt,2465.jpg,2465.txt,images/train/MAR20_2225.jpg,labels/train/MAR20_2225.txt,images/train/2465.jpg,labels/train/2465.txt
2466,2466,MAR20_2226.jpg,MAR20_2226.txt,2466.jpg,2466.txt,images/train/MAR20_2226.jpg,labels/train/MAR20_2226.txt,images/train/2466.jpg,labels/train/2466.txt
2467,2467,MAR20_2228.jpg,MAR20_2228.txt,2467.jpg,2467.txt,images/train/MAR20_2228.jpg,labels/train/MAR20_2228.txt,images/train/2467.jpg,labels/train/2467.txt
2468,2468,MAR20_2229.jpg,MAR20_2229.txt,2468.jpg,2468.txt,images/train/MAR20_2229.jpg,labels/train/MAR20_2229.txt,images/train/2468.jpg,labels/train/2468.txt
2469,2469,MAR20_223.jpg,MAR20_223.txt,2469.jpg,2469.txt,images/train/MAR20_223.jpg,labels/train/MAR20_223.txt,images/train/2469.jpg,labels/train/2469.txt
2470,2470,MAR20_2230.jpg,MAR20_2230.txt,2470.jpg,2470.txt,images/train/MAR20_2230.jpg,labels/train/MAR20_2230.txt,images/train/2470.jpg,labels/train/2470.txt
2471,2471,MAR20_2232.jpg,MAR20_2232.txt,2471.jpg,2471.txt,images/train/MAR20_2232.jpg,labels/train/MAR20_2232.txt,images/train/2471.jpg,labels/train/2471.txt
2472,2472,MAR20_2233.jpg,MAR20_2233.txt,2472.jpg,2472.txt,images/train/MAR20_2233.jpg,labels/train/MAR20_2233.txt,images/train/2472.jpg,labels/train/2472.txt
2473,2473,MAR20_2235.jpg,MAR20_2235.txt,2473.jpg,2473.txt,images/train/MAR20_2235.jpg,labels/train/MAR20_2235.txt,images/train/2473.jpg,labels/train/2473.txt
2474,2474,MAR20_2236.jpg,MAR20_2236.txt,2474.jpg,2474.txt,images/train/MAR20_2236.jpg,labels/train/MAR20_2236.txt,images/train/2474.jpg,labels/train/2474.txt
2475,2475,MAR20_2237.jpg,MAR20_2237.txt,2475.jpg,2475.txt,images/train/MAR20_2237.jpg,labels/train/MAR20_2237.txt,images/train/2475.jpg,labels/train/2475.txt
2476,2476,MAR20_2238.jpg,MAR20_2238.txt,2476.jpg,2476.txt,images/train/MAR20_2238.jpg,labels/train/MAR20_2238.txt,images/train/2476.jpg,labels/train/2476.txt
2477,2477,MAR20_2239.jpg,MAR20_2239.txt,2477.jpg,2477.txt,images/train/MAR20_2239.jpg,labels/train/MAR20_2239.txt,images/train/2477.jpg,labels/train/2477.txt
2478,2478,MAR20_2240.jpg,MAR20_2240.txt,2478.jpg,2478.txt,images/train/MAR20_2240.jpg,labels/train/MAR20_2240.txt,images/train/2478.jpg,labels/train/2478.txt
2479,2479,MAR20_2241.jpg,MAR20_2241.txt,2479.jpg,2479.txt,images/train/MAR20_2241.jpg,labels/train/MAR20_2241.txt,images/train/2479.jpg,labels/train/2479.txt
2480,2480,MAR20_2243.jpg,MAR20_2243.txt,2480.jpg,2480.txt,images/train/MAR20_2243.jpg,labels/train/MAR20_2243.txt,images/train/2480.jpg,labels/train/2480.txt
2481,2481,MAR20_2244.jpg,MAR20_2244.txt,2481.jpg,2481.txt,images/train/MAR20_2244.jpg,labels/train/MAR20_2244.txt,images/train/2481.jpg,labels/train/2481.txt
2482,2482,MAR20_2247.jpg,MAR20_2247.txt,2482.jpg,2482.txt,images/train/MAR20_2247.jpg,labels/train/MAR20_2247.txt,images/train/2482.jpg,labels/train/2482.txt
2483,2483,MAR20_2249.jpg,MAR20_2249.txt,2483.jpg,2483.txt,images/train/MAR20_2249.jpg,labels/train/MAR20_2249.txt,images/train/2483.jpg,labels/train/2483.txt
2484,2484,MAR20_225.jpg,MAR20_225.txt,2484.jpg,2484.txt,images/train/MAR20_225.jpg,labels/train/MAR20_225.txt,images/train/2484.jpg,labels/train/2484.txt
2485,2485,MAR20_2250.jpg,MAR20_2250.txt,2485.jpg,2485.txt,images/train/MAR20_2250.jpg,labels/train/MAR20_2250.txt,images/train/2485.jpg,labels/train/2485.txt
2486,2486,MAR20_2251.jpg,MAR20_2251.txt,2486.jpg,2486.txt,images/train/MAR20_2251.jpg,labels/train/MAR20_2251.txt,images/train/2486.jpg,labels/train/2486.txt
2487,2487,MAR20_2253.jpg,MAR20_2253.txt,2487.jpg,2487.txt,images/train/MAR20_2253.jpg,labels/train/MAR20_2253.txt,images/train/2487.jpg,labels/train/2487.txt
2488,2488,MAR20_2254.jpg,MAR20_2254.txt,2488.jpg,2488.txt,images/train/MAR20_2254.jpg,labels/train/MAR20_2254.txt,images/train/2488.jpg,labels/train/2488.txt
2489,2489,MAR20_2255.jpg,MAR20_2255.txt,2489.jpg,2489.txt,images/train/MAR20_2255.jpg,labels/train/MAR20_2255.txt,images/train/2489.jpg,labels/train/2489.txt
2490,2490,MAR20_2256.jpg,MAR20_2256.txt,2490.jpg,2490.txt,images/train/MAR20_2256.jpg,labels/train/MAR20_2256.txt,images/train/2490.jpg,labels/train/2490.txt
2491,2491,MAR20_2257.jpg,MAR20_2257.txt,2491.jpg,2491.txt,images/train/MAR20_2257.jpg,labels/train/MAR20_2257.txt,images/train/2491.jpg,labels/train/2491.txt
2492,2492,MAR20_2259.jpg,MAR20_2259.txt,2492.jpg,2492.txt,images/train/MAR20_2259.jpg,labels/train/MAR20_2259.txt,images/train/2492.jpg,labels/train/2492.txt
2493,2493,MAR20_226.jpg,MAR20_226.txt,2493.jpg,2493.txt,images/train/MAR20_226.jpg,labels/train/MAR20_226.txt,images/train/2493.jpg,labels/train/2493.txt
2494,2494,MAR20_2260.jpg,MAR20_2260.txt,2494.jpg,2494.txt,images/train/MAR20_2260.jpg,labels/train/MAR20_2260.txt,images/train/2494.jpg,labels/train/2494.txt
2495,2495,MAR20_2261.jpg,MAR20_2261.txt,2495.jpg,2495.txt,images/train/MAR20_2261.jpg,labels/train/MAR20_2261.txt,images/train/2495.jpg,labels/train/2495.txt
2496,2496,MAR20_2262.jpg,MAR20_2262.txt,2496.jpg,2496.txt,images/train/MAR20_2262.jpg,labels/train/MAR20_2262.txt,images/train/2496.jpg,labels/train/2496.txt
2497,2497,MAR20_2263.jpg,MAR20_2263.txt,2497.jpg,2497.txt,images/train/MAR20_2263.jpg,labels/train/MAR20_2263.txt,images/train/2497.jpg,labels/train/2497.txt
2498,2498,MAR20_2265.jpg,MAR20_2265.txt,2498.jpg,2498.txt,images/train/MAR20_2265.jpg,labels/train/MAR20_2265.txt,images/train/2498.jpg,labels/train/2498.txt
2499,2499,MAR20_2266.jpg,MAR20_2266.txt,2499.jpg,2499.txt,images/train/MAR20_2266.jpg,labels/train/MAR20_2266.txt,images/train/2499.jpg,labels/train/2499.txt
2500,2500,MAR20_2267.jpg,MAR20_2267.txt,2500.jpg,2500.txt,images/train/MAR20_2267.jpg,labels/train/MAR20_2267.txt,images/train/2500.jpg,labels/train/2500.txt
2501,2501,MAR20_2268.jpg,MAR20_2268.txt,2501.jpg,2501.txt,images/train/MAR20_2268.jpg,labels/train/MAR20_2268.txt,images/train/2501.jpg,labels/train/2501.txt
2502,2502,MAR20_2270.jpg,MAR20_2270.txt,2502.jpg,2502.txt,images/train/MAR20_2270.jpg,labels/train/MAR20_2270.txt,images/train/2502.jpg,labels/train/2502.txt
2503,2503,MAR20_2272.jpg,MAR20_2272.txt,2503.jpg,2503.txt,images/train/MAR20_2272.jpg,labels/train/MAR20_2272.txt,images/train/2503.jpg,labels/train/2503.txt
2504,2504,MAR20_2273.jpg,MAR20_2273.txt,2504.jpg,2504.txt,images/train/MAR20_2273.jpg,labels/train/MAR20_2273.txt,images/train/2504.jpg,labels/train/2504.txt
2505,2505,MAR20_2275.jpg,MAR20_2275.txt,2505.jpg,2505.txt,images/train/MAR20_2275.jpg,labels/train/MAR20_2275.txt,images/train/2505.jpg,labels/train/2505.txt
2506,2506,MAR20_2276.jpg,MAR20_2276.txt,2506.jpg,2506.txt,images/train/MAR20_2276.jpg,labels/train/MAR20_2276.txt,images/train/2506.jpg,labels/train/2506.txt
2507,2507,MAR20_2277.jpg,MAR20_2277.txt,2507.jpg,2507.txt,images/train/MAR20_2277.jpg,labels/train/MAR20_2277.txt,images/train/2507.jpg,labels/train/2507.txt
2508,2508,MAR20_2278.jpg,MAR20_2278.txt,2508.jpg,2508.txt,images/train/MAR20_2278.jpg,labels/train/MAR20_2278.txt,images/train/2508.jpg,labels/train/2508.txt
2509,2509,MAR20_2279.jpg,MAR20_2279.txt,2509.jpg,2509.txt,images/train/MAR20_2279.jpg,labels/train/MAR20_2279.txt,images/train/2509.jpg,labels/train/2509.txt
2510,2510,MAR20_2280.jpg,MAR20_2280.txt,2510.jpg,2510.txt,images/train/MAR20_2280.jpg,labels/train/MAR20_2280.txt,images/train/2510.jpg,labels/train/2510.txt
2511,2511,MAR20_2281.jpg,MAR20_2281.txt,2511.jpg,2511.txt,images/train/MAR20_2281.jpg,labels/train/MAR20_2281.txt,images/train/2511.jpg,labels/train/2511.txt
2512,2512,MAR20_2282.jpg,MAR20_2282.txt,2512.jpg,2512.txt,images/train/MAR20_2282.jpg,labels/train/MAR20_2282.txt,images/train/2512.jpg,labels/train/2512.txt
2513,2513,MAR20_2283.jpg,MAR20_2283.txt,2513.jpg,2513.txt,images/train/MAR20_2283.jpg,labels/train/MAR20_2283.txt,images/train/2513.jpg,labels/train/2513.txt
2514,2514,MAR20_2284.jpg,MAR20_2284.txt,2514.jpg,2514.txt,images/train/MAR20_2284.jpg,labels/train/MAR20_2284.txt,images/train/2514.jpg,labels/train/2514.txt
2515,2515,MAR20_2285.jpg,MAR20_2285.txt,2515.jpg,2515.txt,images/train/MAR20_2285.jpg,labels/train/MAR20_2285.txt,images/train/2515.jpg,labels/train/2515.txt
2516,2516,MAR20_2286.jpg,MAR20_2286.txt,2516.jpg,2516.txt,images/train/MAR20_2286.jpg,labels/train/MAR20_2286.txt,images/train/2516.jpg,labels/train/2516.txt
2517,2517,MAR20_2289.jpg,MAR20_2289.txt,2517.jpg,2517.txt,images/train/MAR20_2289.jpg,labels/train/MAR20_2289.txt,images/train/2517.jpg,labels/train/2517.txt
2518,2518,MAR20_229.jpg,MAR20_229.txt,2518.jpg,2518.txt,images/train/MAR20_229.jpg,labels/train/MAR20_229.txt,images/train/2518.jpg,labels/train/2518.txt
2519,2519,MAR20_2290.jpg,MAR20_2290.txt,2519.jpg,2519.txt,images/train/MAR20_2290.jpg,labels/train/MAR20_2290.txt,images/train/2519.jpg,labels/train/2519.txt
2520,2520,MAR20_2291.jpg,MAR20_2291.txt,2520.jpg,2520.txt,images/train/MAR20_2291.jpg,labels/train/MAR20_2291.txt,images/train/2520.jpg,labels/train/2520.txt
2521,2521,MAR20_2292.jpg,MAR20_2292.txt,2521.jpg,2521.txt,images/train/MAR20_2292.jpg,labels/train/MAR20_2292.txt,images/train/2521.jpg,labels/train/2521.txt
2522,2522,MAR20_2293.jpg,MAR20_2293.txt,2522.jpg,2522.txt,images/train/MAR20_2293.jpg,labels/train/MAR20_2293.txt,images/train/2522.jpg,labels/train/2522.txt
2523,2523,MAR20_2295.jpg,MAR20_2295.txt,2523.jpg,2523.txt,images/train/MAR20_2295.jpg,labels/train/MAR20_2295.txt,images/train/2523.jpg,labels/train/2523.txt
2524,2524,MAR20_2297.jpg,MAR20_2297.txt,2524.jpg,2524.txt,images/train/MAR20_2297.jpg,labels/train/MAR20_2297.txt,images/train/2524.jpg,labels/train/2524.txt
2525,2525,MAR20_230.jpg,MAR20_230.txt,2525.jpg,2525.txt,images/train/MAR20_230.jpg,labels/train/MAR20_230.txt,images/train/2525.jpg,labels/train/2525.txt
2526,2526,MAR20_2300.jpg,MAR20_2300.txt,2526.jpg,2526.txt,images/train/MAR20_2300.jpg,labels/train/MAR20_2300.txt,images/train/2526.jpg,labels/train/2526.txt
2527,2527,MAR20_2301.jpg,MAR20_2301.txt,2527.jpg,2527.txt,images/train/MAR20_2301.jpg,labels/train/MAR20_2301.txt,images/train/2527.jpg,labels/train/2527.txt
2528,2528,MAR20_2302.jpg,MAR20_2302.txt,2528.jpg,2528.txt,images/train/MAR20_2302.jpg,labels/train/MAR20_2302.txt,images/train/2528.jpg,labels/train/2528.txt
2529,2529,MAR20_2303.jpg,MAR20_2303.txt,2529.jpg,2529.txt,images/train/MAR20_2303.jpg,labels/train/MAR20_2303.txt,images/train/2529.jpg,labels/train/2529.txt
2530,2530,MAR20_2304.jpg,MAR20_2304.txt,2530.jpg,2530.txt,images/train/MAR20_2304.jpg,labels/train/MAR20_2304.txt,images/train/2530.jpg,labels/train/2530.txt
2531,2531,MAR20_2305.jpg,MAR20_2305.txt,2531.jpg,2531.txt,images/train/MAR20_2305.jpg,labels/train/MAR20_2305.txt,images/train/2531.jpg,labels/train/2531.txt
2532,2532,MAR20_2306.jpg,MAR20_2306.txt,2532.jpg,2532.txt,images/train/MAR20_2306.jpg,labels/train/MAR20_2306.txt,images/train/2532.jpg,labels/train/2532.txt
2533,2533,MAR20_2307.jpg,MAR20_2307.txt,2533.jpg,2533.txt,images/train/MAR20_2307.jpg,labels/train/MAR20_2307.txt,images/train/2533.jpg,labels/train/2533.txt
2534,2534,MAR20_2308.jpg,MAR20_2308.txt,2534.jpg,2534.txt,images/train/MAR20_2308.jpg,labels/train/MAR20_2308.txt,images/train/2534.jpg,labels/train/2534.txt
2535,2535,MAR20_2309.jpg,MAR20_2309.txt,2535.jpg,2535.txt,images/train/MAR20_2309.jpg,labels/train/MAR20_2309.txt,images/train/2535.jpg,labels/train/2535.txt
2536,2536,MAR20_231.jpg,MAR20_231.txt,2536.jpg,2536.txt,images/train/MAR20_231.jpg,labels/train/MAR20_231.txt,images/train/2536.jpg,labels/train/2536.txt
2537,2537,MAR20_2310.jpg,MAR20_2310.txt,2537.jpg,2537.txt,images/train/MAR20_2310.jpg,labels/train/MAR20_2310.txt,images/train/2537.jpg,labels/train/2537.txt
2538,2538,MAR20_2311.jpg,MAR20_2311.txt,2538.jpg,2538.txt,images/train/MAR20_2311.jpg,labels/train/MAR20_2311.txt,images/train/2538.jpg,labels/train/2538.txt
2539,2539,MAR20_2312.jpg,MAR20_2312.txt,2539.jpg,2539.txt,images/train/MAR20_2312.jpg,labels/train/MAR20_2312.txt,images/train/2539.jpg,labels/train/2539.txt
2540,2540,MAR20_2313.jpg,MAR20_2313.txt,2540.jpg,2540.txt,images/train/MAR20_2313.jpg,labels/train/MAR20_2313.txt,images/train/2540.jpg,labels/train/2540.txt
2541,2541,MAR20_2315.jpg,MAR20_2315.txt,2541.jpg,2541.txt,images/train/MAR20_2315.jpg,labels/train/MAR20_2315.txt,images/train/2541.jpg,labels/train/2541.txt
2542,2542,MAR20_2316.jpg,MAR20_2316.txt,2542.jpg,2542.txt,images/train/MAR20_2316.jpg,labels/train/MAR20_2316.txt,images/train/2542.jpg,labels/train/2542.txt
2543,2543,MAR20_2317.jpg,MAR20_2317.txt,2543.jpg,2543.txt,images/train/MAR20_2317.jpg,labels/train/MAR20_2317.txt,images/train/2543.jpg,labels/train/2543.txt
2544,2544,MAR20_2318.jpg,MAR20_2318.txt,2544.jpg,2544.txt,images/train/MAR20_2318.jpg,labels/train/MAR20_2318.txt,images/train/2544.jpg,labels/train/2544.txt
2545,2545,MAR20_2319.jpg,MAR20_2319.txt,2545.jpg,2545.txt,images/train/MAR20_2319.jpg,labels/train/MAR20_2319.txt,images/train/2545.jpg,labels/train/2545.txt
2546,2546,MAR20_232.jpg,MAR20_232.txt,2546.jpg,2546.txt,images/train/MAR20_232.jpg,labels/train/MAR20_232.txt,images/train/2546.jpg,labels/train/2546.txt
2547,2547,MAR20_2320.jpg,MAR20_2320.txt,2547.jpg,2547.txt,images/train/MAR20_2320.jpg,labels/train/MAR20_2320.txt,images/train/2547.jpg,labels/train/2547.txt
2548,2548,MAR20_2321.jpg,MAR20_2321.txt,2548.jpg,2548.txt,images/train/MAR20_2321.jpg,labels/train/MAR20_2321.txt,images/train/2548.jpg,labels/train/2548.txt
2549,2549,MAR20_2322.jpg,MAR20_2322.txt,2549.jpg,2549.txt,images/train/MAR20_2322.jpg,labels/train/MAR20_2322.txt,images/train/2549.jpg,labels/train/2549.txt
2550,2550,MAR20_2323.jpg,MAR20_2323.txt,2550.jpg,2550.txt,images/train/MAR20_2323.jpg,labels/train/MAR20_2323.txt,images/train/2550.jpg,labels/train/2550.txt
2551,2551,MAR20_2324.jpg,MAR20_2324.txt,2551.jpg,2551.txt,images/train/MAR20_2324.jpg,labels/train/MAR20_2324.txt,images/train/2551.jpg,labels/train/2551.txt
2552,2552,MAR20_2325.jpg,MAR20_2325.txt,2552.jpg,2552.txt,images/train/MAR20_2325.jpg,labels/train/MAR20_2325.txt,images/train/2552.jpg,labels/train/2552.txt
2553,2553,MAR20_2326.jpg,MAR20_2326.txt,2553.jpg,2553.txt,images/train/MAR20_2326.jpg,labels/train/MAR20_2326.txt,images/train/2553.jpg,labels/train/2553.txt
2554,2554,MAR20_2327.jpg,MAR20_2327.txt,2554.jpg,2554.txt,images/train/MAR20_2327.jpg,labels/train/MAR20_2327.txt,images/train/2554.jpg,labels/train/2554.txt
2555,2555,MAR20_233.jpg,MAR20_233.txt,2555.jpg,2555.txt,images/train/MAR20_233.jpg,labels/train/MAR20_233.txt,images/train/2555.jpg,labels/train/2555.txt
2556,2556,MAR20_2331.jpg,MAR20_2331.txt,2556.jpg,2556.txt,images/train/MAR20_2331.jpg,labels/train/MAR20_2331.txt,images/train/2556.jpg,labels/train/2556.txt
2557,2557,MAR20_2334.jpg,MAR20_2334.txt,2557.jpg,2557.txt,images/train/MAR20_2334.jpg,labels/train/MAR20_2334.txt,images/train/2557.jpg,labels/train/2557.txt
2558,2558,MAR20_2336.jpg,MAR20_2336.txt,2558.jpg,2558.txt,images/train/MAR20_2336.jpg,labels/train/MAR20_2336.txt,images/train/2558.jpg,labels/train/2558.txt
2559,2559,MAR20_2337.jpg,MAR20_2337.txt,2559.jpg,2559.txt,images/train/MAR20_2337.jpg,labels/train/MAR20_2337.txt,images/train/2559.jpg,labels/train/2559.txt
2560,2560,MAR20_2339.jpg,MAR20_2339.txt,2560.jpg,2560.txt,images/train/MAR20_2339.jpg,labels/train/MAR20_2339.txt,images/train/2560.jpg,labels/train/2560.txt
2561,2561,MAR20_2340.jpg,MAR20_2340.txt,2561.jpg,2561.txt,images/train/MAR20_2340.jpg,labels/train/MAR20_2340.txt,images/train/2561.jpg,labels/train/2561.txt
2562,2562,MAR20_2342.jpg,MAR20_2342.txt,2562.jpg,2562.txt,images/train/MAR20_2342.jpg,labels/train/MAR20_2342.txt,images/train/2562.jpg,labels/train/2562.txt
2563,2563,MAR20_2343.jpg,MAR20_2343.txt,2563.jpg,2563.txt,images/train/MAR20_2343.jpg,labels/train/MAR20_2343.txt,images/train/2563.jpg,labels/train/2563.txt
2564,2564,MAR20_2344.jpg,MAR20_2344.txt,2564.jpg,2564.txt,images/train/MAR20_2344.jpg,labels/train/MAR20_2344.txt,images/train/2564.jpg,labels/train/2564.txt
2565,2565,MAR20_2345.jpg,MAR20_2345.txt,2565.jpg,2565.txt,images/train/MAR20_2345.jpg,labels/train/MAR20_2345.txt,images/train/2565.jpg,labels/train/2565.txt
2566,2566,MAR20_2346.jpg,MAR20_2346.txt,2566.jpg,2566.txt,images/train/MAR20_2346.jpg,labels/train/MAR20_2346.txt,images/train/2566.jpg,labels/train/2566.txt
2567,2567,MAR20_2347.jpg,MAR20_2347.txt,2567.jpg,2567.txt,images/train/MAR20_2347.jpg,labels/train/MAR20_2347.txt,images/train/2567.jpg,labels/train/2567.txt
2568,2568,MAR20_2348.jpg,MAR20_2348.txt,2568.jpg,2568.txt,images/train/MAR20_2348.jpg,labels/train/MAR20_2348.txt,images/train/2568.jpg,labels/train/2568.txt
2569,2569,MAR20_235.jpg,MAR20_235.txt,2569.jpg,2569.txt,images/train/MAR20_235.jpg,labels/train/MAR20_235.txt,images/train/2569.jpg,labels/train/2569.txt
2570,2570,MAR20_2350.jpg,MAR20_2350.txt,2570.jpg,2570.txt,images/train/MAR20_2350.jpg,labels/train/MAR20_2350.txt,images/train/2570.jpg,labels/train/2570.txt
2571,2571,MAR20_2353.jpg,MAR20_2353.txt,2571.jpg,2571.txt,images/train/MAR20_2353.jpg,labels/train/MAR20_2353.txt,images/train/2571.jpg,labels/train/2571.txt
2572,2572,MAR20_2356.jpg,MAR20_2356.txt,2572.jpg,2572.txt,images/train/MAR20_2356.jpg,labels/train/MAR20_2356.txt,images/train/2572.jpg,labels/train/2572.txt
2573,2573,MAR20_2357.jpg,MAR20_2357.txt,2573.jpg,2573.txt,images/train/MAR20_2357.jpg,labels/train/MAR20_2357.txt,images/train/2573.jpg,labels/train/2573.txt
2574,2574,MAR20_236.jpg,MAR20_236.txt,2574.jpg,2574.txt,images/train/MAR20_236.jpg,labels/train/MAR20_236.txt,images/train/2574.jpg,labels/train/2574.txt
2575,2575,MAR20_2360.jpg,MAR20_2360.txt,2575.jpg,2575.txt,images/train/MAR20_2360.jpg,labels/train/MAR20_2360.txt,images/train/2575.jpg,labels/train/2575.txt
2576,2576,MAR20_2361.jpg,MAR20_2361.txt,2576.jpg,2576.txt,images/train/MAR20_2361.jpg,labels/train/MAR20_2361.txt,images/train/2576.jpg,labels/train/2576.txt
2577,2577,MAR20_2362.jpg,MAR20_2362.txt,2577.jpg,2577.txt,images/train/MAR20_2362.jpg,labels/train/MAR20_2362.txt,images/train/2577.jpg,labels/train/2577.txt
2578,2578,MAR20_2363.jpg,MAR20_2363.txt,2578.jpg,2578.txt,images/train/MAR20_2363.jpg,labels/train/MAR20_2363.txt,images/train/2578.jpg,labels/train/2578.txt
2579,2579,MAR20_2365.jpg,MAR20_2365.txt,2579.jpg,2579.txt,images/train/MAR20_2365.jpg,labels/train/MAR20_2365.txt,images/train/2579.jpg,labels/train/2579.txt
2580,2580,MAR20_2368.jpg,MAR20_2368.txt,2580.jpg,2580.txt,images/train/MAR20_2368.jpg,labels/train/MAR20_2368.txt,images/train/2580.jpg,labels/train/2580.txt
2581,2581,MAR20_2369.jpg,MAR20_2369.txt,2581.jpg,2581.txt,images/train/MAR20_2369.jpg,labels/train/MAR20_2369.txt,images/train/2581.jpg,labels/train/2581.txt
2582,2582,MAR20_2370.jpg,MAR20_2370.txt,2582.jpg,2582.txt,images/train/MAR20_2370.jpg,labels/train/MAR20_2370.txt,images/train/2582.jpg,labels/train/2582.txt
2583,2583,MAR20_2371.jpg,MAR20_2371.txt,2583.jpg,2583.txt,images/train/MAR20_2371.jpg,labels/train/MAR20_2371.txt,images/train/2583.jpg,labels/train/2583.txt
2584,2584,MAR20_2372.jpg,MAR20_2372.txt,2584.jpg,2584.txt,images/train/MAR20_2372.jpg,labels/train/MAR20_2372.txt,images/train/2584.jpg,labels/train/2584.txt
2585,2585,MAR20_2374.jpg,MAR20_2374.txt,2585.jpg,2585.txt,images/train/MAR20_2374.jpg,labels/train/MAR20_2374.txt,images/train/2585.jpg,labels/train/2585.txt
2586,2586,MAR20_2376.jpg,MAR20_2376.txt,2586.jpg,2586.txt,images/train/MAR20_2376.jpg,labels/train/MAR20_2376.txt,images/train/2586.jpg,labels/train/2586.txt
2587,2587,MAR20_2378.jpg,MAR20_2378.txt,2587.jpg,2587.txt,images/train/MAR20_2378.jpg,labels/train/MAR20_2378.txt,images/train/2587.jpg,labels/train/2587.txt
2588,2588,MAR20_2379.jpg,MAR20_2379.txt,2588.jpg,2588.txt,images/train/MAR20_2379.jpg,labels/train/MAR20_2379.txt,images/train/2588.jpg,labels/train/2588.txt
2589,2589,MAR20_238.jpg,MAR20_238.txt,2589.jpg,2589.txt,images/train/MAR20_238.jpg,labels/train/MAR20_238.txt,images/train/2589.jpg,labels/train/2589.txt
2590,2590,MAR20_2381.jpg,MAR20_2381.txt,2590.jpg,2590.txt,images/train/MAR20_2381.jpg,labels/train/MAR20_2381.txt,images/train/2590.jpg,labels/train/2590.txt
2591,2591,MAR20_2382.jpg,MAR20_2382.txt,2591.jpg,2591.txt,images/train/MAR20_2382.jpg,labels/train/MAR20_2382.txt,images/train/2591.jpg,labels/train/2591.txt
2592,2592,MAR20_2383.jpg,MAR20_2383.txt,2592.jpg,2592.txt,images/train/MAR20_2383.jpg,labels/train/MAR20_2383.txt,images/train/2592.jpg,labels/train/2592.txt
2593,2593,MAR20_2384.jpg,MAR20_2384.txt,2593.jpg,2593.txt,images/train/MAR20_2384.jpg,labels/train/MAR20_2384.txt,images/train/2593.jpg,labels/train/2593.txt
2594,2594,MAR20_2385.jpg,MAR20_2385.txt,2594.jpg,2594.txt,images/train/MAR20_2385.jpg,labels/train/MAR20_2385.txt,images/train/2594.jpg,labels/train/2594.txt
2595,2595,MAR20_2386.jpg,MAR20_2386.txt,2595.jpg,2595.txt,images/train/MAR20_2386.jpg,labels/train/MAR20_2386.txt,images/train/2595.jpg,labels/train/2595.txt
2596,2596,MAR20_2389.jpg,MAR20_2389.txt,2596.jpg,2596.txt,images/train/MAR20_2389.jpg,labels/train/MAR20_2389.txt,images/train/2596.jpg,labels/train/2596.txt
2597,2597,MAR20_239.jpg,MAR20_239.txt,2597.jpg,2597.txt,images/train/MAR20_239.jpg,labels/train/MAR20_239.txt,images/train/2597.jpg,labels/train/2597.txt
2598,2598,MAR20_2390.jpg,MAR20_2390.txt,2598.jpg,2598.txt,images/train/MAR20_2390.jpg,labels/train/MAR20_2390.txt,images/train/2598.jpg,labels/train/2598.txt
2599,2599,MAR20_2391.jpg,MAR20_2391.txt,2599.jpg,2599.txt,images/train/MAR20_2391.jpg,labels/train/MAR20_2391.txt,images/train/2599.jpg,labels/train/2599.txt
2600,2600,MAR20_2392.jpg,MAR20_2392.txt,2600.jpg,2600.txt,images/train/MAR20_2392.jpg,labels/train/MAR20_2392.txt,images/train/2600.jpg,labels/train/2600.txt
2601,2601,MAR20_2393.jpg,MAR20_2393.txt,2601.jpg,2601.txt,images/train/MAR20_2393.jpg,labels/train/MAR20_2393.txt,images/train/2601.jpg,labels/train/2601.txt
2602,2602,MAR20_2394.jpg,MAR20_2394.txt,2602.jpg,2602.txt,images/train/MAR20_2394.jpg,labels/train/MAR20_2394.txt,images/train/2602.jpg,labels/train/2602.txt
2603,2603,MAR20_2395.jpg,MAR20_2395.txt,2603.jpg,2603.txt,images/train/MAR20_2395.jpg,labels/train/MAR20_2395.txt,images/train/2603.jpg,labels/train/2603.txt
2604,2604,MAR20_2396.jpg,MAR20_2396.txt,2604.jpg,2604.txt,images/train/MAR20_2396.jpg,labels/train/MAR20_2396.txt,images/train/2604.jpg,labels/train/2604.txt
2605,2605,MAR20_2397.jpg,MAR20_2397.txt,2605.jpg,2605.txt,images/train/MAR20_2397.jpg,labels/train/MAR20_2397.txt,images/train/2605.jpg,labels/train/2605.txt
2606,2606,MAR20_2398.jpg,MAR20_2398.txt,2606.jpg,2606.txt,images/train/MAR20_2398.jpg,labels/train/MAR20_2398.txt,images/train/2606.jpg,labels/train/2606.txt
2607,2607,MAR20_2399.jpg,MAR20_2399.txt,2607.jpg,2607.txt,images/train/MAR20_2399.jpg,labels/train/MAR20_2399.txt,images/train/2607.jpg,labels/train/2607.txt
2608,2608,MAR20_24.jpg,MAR20_24.txt,2608.jpg,2608.txt,images/train/MAR20_24.jpg,labels/train/MAR20_24.txt,images/train/2608.jpg,labels/train/2608.txt
2609,2609,MAR20_240.jpg,MAR20_240.txt,2609.jpg,2609.txt,images/train/MAR20_240.jpg,labels/train/MAR20_240.txt,images/train/2609.jpg,labels/train/2609.txt
2610,2610,MAR20_2400.jpg,MAR20_2400.txt,2610.jpg,2610.txt,images/train/MAR20_2400.jpg,labels/train/MAR20_2400.txt,images/train/2610.jpg,labels/train/2610.txt
2611,2611,MAR20_2401.jpg,MAR20_2401.txt,2611.jpg,2611.txt,images/train/MAR20_2401.jpg,labels/train/MAR20_2401.txt,images/train/2611.jpg,labels/train/2611.txt
2612,2612,MAR20_2402.jpg,MAR20_2402.txt,2612.jpg,2612.txt,images/train/MAR20_2402.jpg,labels/train/MAR20_2402.txt,images/train/2612.jpg,labels/train/2612.txt
2613,2613,MAR20_2403.jpg,MAR20_2403.txt,2613.jpg,2613.txt,images/train/MAR20_2403.jpg,labels/train/MAR20_2403.txt,images/train/2613.jpg,labels/train/2613.txt
2614,2614,MAR20_2404.jpg,MAR20_2404.txt,2614.jpg,2614.txt,images/train/MAR20_2404.jpg,labels/train/MAR20_2404.txt,images/train/2614.jpg,labels/train/2614.txt
2615,2615,MAR20_2405.jpg,MAR20_2405.txt,2615.jpg,2615.txt,images/train/MAR20_2405.jpg,labels/train/MAR20_2405.txt,images/train/2615.jpg,labels/train/2615.txt
2616,2616,MAR20_2407.jpg,MAR20_2407.txt,2616.jpg,2616.txt,images/train/MAR20_2407.jpg,labels/train/MAR20_2407.txt,images/train/2616.jpg,labels/train/2616.txt
2617,2617,MAR20_2408.jpg,MAR20_2408.txt,2617.jpg,2617.txt,images/train/MAR20_2408.jpg,labels/train/MAR20_2408.txt,images/train/2617.jpg,labels/train/2617.txt
2618,2618,MAR20_2409.jpg,MAR20_2409.txt,2618.jpg,2618.txt,images/train/MAR20_2409.jpg,labels/train/MAR20_2409.txt,images/train/2618.jpg,labels/train/2618.txt
2619,2619,MAR20_2410.jpg,MAR20_2410.txt,2619.jpg,2619.txt,images/train/MAR20_2410.jpg,labels/train/MAR20_2410.txt,images/train/2619.jpg,labels/train/2619.txt
2620,2620,MAR20_2411.jpg,MAR20_2411.txt,2620.jpg,2620.txt,images/train/MAR20_2411.jpg,labels/train/MAR20_2411.txt,images/train/2620.jpg,labels/train/2620.txt
2621,2621,MAR20_2412.jpg,MAR20_2412.txt,2621.jpg,2621.txt,images/train/MAR20_2412.jpg,labels/train/MAR20_2412.txt,images/train/2621.jpg,labels/train/2621.txt
2622,2622,MAR20_2413.jpg,MAR20_2413.txt,2622.jpg,2622.txt,images/train/MAR20_2413.jpg,labels/train/MAR20_2413.txt,images/train/2622.jpg,labels/train/2622.txt
2623,2623,MAR20_2416.jpg,MAR20_2416.txt,2623.jpg,2623.txt,images/train/MAR20_2416.jpg,labels/train/MAR20_2416.txt,images/train/2623.jpg,labels/train/2623.txt
2624,2624,MAR20_2417.jpg,MAR20_2417.txt,2624.jpg,2624.txt,images/train/MAR20_2417.jpg,labels/train/MAR20_2417.txt,images/train/2624.jpg,labels/train/2624.txt
2625,2625,MAR20_2418.jpg,MAR20_2418.txt,2625.jpg,2625.txt,images/train/MAR20_2418.jpg,labels/train/MAR20_2418.txt,images/train/2625.jpg,labels/train/2625.txt
2626,2626,MAR20_2419.jpg,MAR20_2419.txt,2626.jpg,2626.txt,images/train/MAR20_2419.jpg,labels/train/MAR20_2419.txt,images/train/2626.jpg,labels/train/2626.txt
2627,2627,MAR20_242.jpg,MAR20_242.txt,2627.jpg,2627.txt,images/train/MAR20_242.jpg,labels/train/MAR20_242.txt,images/train/2627.jpg,labels/train/2627.txt
2628,2628,MAR20_2420.jpg,MAR20_2420.txt,2628.jpg,2628.txt,images/train/MAR20_2420.jpg,labels/train/MAR20_2420.txt,images/train/2628.jpg,labels/train/2628.txt
2629,2629,MAR20_2422.jpg,MAR20_2422.txt,2629.jpg,2629.txt,images/train/MAR20_2422.jpg,labels/train/MAR20_2422.txt,images/train/2629.jpg,labels/train/2629.txt
2630,2630,MAR20_2427.jpg,MAR20_2427.txt,2630.jpg,2630.txt,images/train/MAR20_2427.jpg,labels/train/MAR20_2427.txt,images/train/2630.jpg,labels/train/2630.txt
2631,2631,MAR20_2428.jpg,MAR20_2428.txt,2631.jpg,2631.txt,images/train/MAR20_2428.jpg,labels/train/MAR20_2428.txt,images/train/2631.jpg,labels/train/2631.txt
2632,2632,MAR20_2429.jpg,MAR20_2429.txt,2632.jpg,2632.txt,images/train/MAR20_2429.jpg,labels/train/MAR20_2429.txt,images/train/2632.jpg,labels/train/2632.txt
2633,2633,MAR20_243.jpg,MAR20_243.txt,2633.jpg,2633.txt,images/train/MAR20_243.jpg,labels/train/MAR20_243.txt,images/train/2633.jpg,labels/train/2633.txt
2634,2634,MAR20_2430.jpg,MAR20_2430.txt,2634.jpg,2634.txt,images/train/MAR20_2430.jpg,labels/train/MAR20_2430.txt,images/train/2634.jpg,labels/train/2634.txt
2635,2635,MAR20_2431.jpg,MAR20_2431.txt,2635.jpg,2635.txt,images/train/MAR20_2431.jpg,labels/train/MAR20_2431.txt,images/train/2635.jpg,labels/train/2635.txt
2636,2636,MAR20_2432.jpg,MAR20_2432.txt,2636.jpg,2636.txt,images/train/MAR20_2432.jpg,labels/train/MAR20_2432.txt,images/train/2636.jpg,labels/train/2636.txt
2637,2637,MAR20_2433.jpg,MAR20_2433.txt,2637.jpg,2637.txt,images/train/MAR20_2433.jpg,labels/train/MAR20_2433.txt,images/train/2637.jpg,labels/train/2637.txt
2638,2638,MAR20_2434.jpg,MAR20_2434.txt,2638.jpg,2638.txt,images/train/MAR20_2434.jpg,labels/train/MAR20_2434.txt,images/train/2638.jpg,labels/train/2638.txt
2639,2639,MAR20_2435.jpg,MAR20_2435.txt,2639.jpg,2639.txt,images/train/MAR20_2435.jpg,labels/train/MAR20_2435.txt,images/train/2639.jpg,labels/train/2639.txt
2640,2640,MAR20_2436.jpg,MAR20_2436.txt,2640.jpg,2640.txt,images/train/MAR20_2436.jpg,labels/train/MAR20_2436.txt,images/train/2640.jpg,labels/train/2640.txt
2641,2641,MAR20_2437.jpg,MAR20_2437.txt,2641.jpg,2641.txt,images/train/MAR20_2437.jpg,labels/train/MAR20_2437.txt,images/train/2641.jpg,labels/train/2641.txt
2642,2642,MAR20_2439.jpg,MAR20_2439.txt,2642.jpg,2642.txt,images/train/MAR20_2439.jpg,labels/train/MAR20_2439.txt,images/train/2642.jpg,labels/train/2642.txt
2643,2643,MAR20_244.jpg,MAR20_244.txt,2643.jpg,2643.txt,images/train/MAR20_244.jpg,labels/train/MAR20_244.txt,images/train/2643.jpg,labels/train/2643.txt
2644,2644,MAR20_2440.jpg,MAR20_2440.txt,2644.jpg,2644.txt,images/train/MAR20_2440.jpg,labels/train/MAR20_2440.txt,images/train/2644.jpg,labels/train/2644.txt
2645,2645,MAR20_2441.jpg,MAR20_2441.txt,2645.jpg,2645.txt,images/train/MAR20_2441.jpg,labels/train/MAR20_2441.txt,images/train/2645.jpg,labels/train/2645.txt
2646,2646,MAR20_2442.jpg,MAR20_2442.txt,2646.jpg,2646.txt,images/train/MAR20_2442.jpg,labels/train/MAR20_2442.txt,images/train/2646.jpg,labels/train/2646.txt
2647,2647,MAR20_2444.jpg,MAR20_2444.txt,2647.jpg,2647.txt,images/train/MAR20_2444.jpg,labels/train/MAR20_2444.txt,images/train/2647.jpg,labels/train/2647.txt
2648,2648,MAR20_2445.jpg,MAR20_2445.txt,2648.jpg,2648.txt,images/train/MAR20_2445.jpg,labels/train/MAR20_2445.txt,images/train/2648.jpg,labels/train/2648.txt
2649,2649,MAR20_2446.jpg,MAR20_2446.txt,2649.jpg,2649.txt,images/train/MAR20_2446.jpg,labels/train/MAR20_2446.txt,images/train/2649.jpg,labels/train/2649.txt
2650,2650,MAR20_2447.jpg,MAR20_2447.txt,2650.jpg,2650.txt,images/train/MAR20_2447.jpg,labels/train/MAR20_2447.txt,images/train/2650.jpg,labels/train/2650.txt
2651,2651,MAR20_2449.jpg,MAR20_2449.txt,2651.jpg,2651.txt,images/train/MAR20_2449.jpg,labels/train/MAR20_2449.txt,images/train/2651.jpg,labels/train/2651.txt
2652,2652,MAR20_245.jpg,MAR20_245.txt,2652.jpg,2652.txt,images/train/MAR20_245.jpg,labels/train/MAR20_245.txt,images/train/2652.jpg,labels/train/2652.txt
2653,2653,MAR20_2450.jpg,MAR20_2450.txt,2653.jpg,2653.txt,images/train/MAR20_2450.jpg,labels/train/MAR20_2450.txt,images/train/2653.jpg,labels/train/2653.txt
2654,2654,MAR20_2451.jpg,MAR20_2451.txt,2654.jpg,2654.txt,images/train/MAR20_2451.jpg,labels/train/MAR20_2451.txt,images/train/2654.jpg,labels/train/2654.txt
2655,2655,MAR20_2452.jpg,MAR20_2452.txt,2655.jpg,2655.txt,images/train/MAR20_2452.jpg,labels/train/MAR20_2452.txt,images/train/2655.jpg,labels/train/2655.txt
2656,2656,MAR20_2453.jpg,MAR20_2453.txt,2656.jpg,2656.txt,images/train/MAR20_2453.jpg,labels/train/MAR20_2453.txt,images/train/2656.jpg,labels/train/2656.txt
2657,2657,MAR20_2454.jpg,MAR20_2454.txt,2657.jpg,2657.txt,images/train/MAR20_2454.jpg,labels/train/MAR20_2454.txt,images/train/2657.jpg,labels/train/2657.txt
2658,2658,MAR20_2455.jpg,MAR20_2455.txt,2658.jpg,2658.txt,images/train/MAR20_2455.jpg,labels/train/MAR20_2455.txt,images/train/2658.jpg,labels/train/2658.txt
2659,2659,MAR20_2456.jpg,MAR20_2456.txt,2659.jpg,2659.txt,images/train/MAR20_2456.jpg,labels/train/MAR20_2456.txt,images/train/2659.jpg,labels/train/2659.txt
2660,2660,MAR20_2457.jpg,MAR20_2457.txt,2660.jpg,2660.txt,images/train/MAR20_2457.jpg,labels/train/MAR20_2457.txt,images/train/2660.jpg,labels/train/2660.txt
2661,2661,MAR20_2458.jpg,MAR20_2458.txt,2661.jpg,2661.txt,images/train/MAR20_2458.jpg,labels/train/MAR20_2458.txt,images/train/2661.jpg,labels/train/2661.txt
2662,2662,MAR20_2459.jpg,MAR20_2459.txt,2662.jpg,2662.txt,images/train/MAR20_2459.jpg,labels/train/MAR20_2459.txt,images/train/2662.jpg,labels/train/2662.txt
2663,2663,MAR20_2460.jpg,MAR20_2460.txt,2663.jpg,2663.txt,images/train/MAR20_2460.jpg,labels/train/MAR20_2460.txt,images/train/2663.jpg,labels/train/2663.txt
2664,2664,MAR20_2461.jpg,MAR20_2461.txt,2664.jpg,2664.txt,images/train/MAR20_2461.jpg,labels/train/MAR20_2461.txt,images/train/2664.jpg,labels/train/2664.txt
2665,2665,MAR20_2462.jpg,MAR20_2462.txt,2665.jpg,2665.txt,images/train/MAR20_2462.jpg,labels/train/MAR20_2462.txt,images/train/2665.jpg,labels/train/2665.txt
2666,2666,MAR20_2463.jpg,MAR20_2463.txt,2666.jpg,2666.txt,images/train/MAR20_2463.jpg,labels/train/MAR20_2463.txt,images/train/2666.jpg,labels/train/2666.txt
2667,2667,MAR20_2464.jpg,MAR20_2464.txt,2667.jpg,2667.txt,images/train/MAR20_2464.jpg,labels/train/MAR20_2464.txt,images/train/2667.jpg,labels/train/2667.txt
2668,2668,MAR20_2465.jpg,MAR20_2465.txt,2668.jpg,2668.txt,images/train/MAR20_2465.jpg,labels/train/MAR20_2465.txt,images/train/2668.jpg,labels/train/2668.txt
2669,2669,MAR20_2468.jpg,MAR20_2468.txt,2669.jpg,2669.txt,images/train/MAR20_2468.jpg,labels/train/MAR20_2468.txt,images/train/2669.jpg,labels/train/2669.txt
2670,2670,MAR20_247.jpg,MAR20_247.txt,2670.jpg,2670.txt,images/train/MAR20_247.jpg,labels/train/MAR20_247.txt,images/train/2670.jpg,labels/train/2670.txt
2671,2671,MAR20_2470.jpg,MAR20_2470.txt,2671.jpg,2671.txt,images/train/MAR20_2470.jpg,labels/train/MAR20_2470.txt,images/train/2671.jpg,labels/train/2671.txt
2672,2672,MAR20_2471.jpg,MAR20_2471.txt,2672.jpg,2672.txt,images/train/MAR20_2471.jpg,labels/train/MAR20_2471.txt,images/train/2672.jpg,labels/train/2672.txt
2673,2673,MAR20_2472.jpg,MAR20_2472.txt,2673.jpg,2673.txt,images/train/MAR20_2472.jpg,labels/train/MAR20_2472.txt,images/train/2673.jpg,labels/train/2673.txt
2674,2674,MAR20_2474.jpg,MAR20_2474.txt,2674.jpg,2674.txt,images/train/MAR20_2474.jpg,labels/train/MAR20_2474.txt,images/train/2674.jpg,labels/train/2674.txt
2675,2675,MAR20_2475.jpg,MAR20_2475.txt,2675.jpg,2675.txt,images/train/MAR20_2475.jpg,labels/train/MAR20_2475.txt,images/train/2675.jpg,labels/train/2675.txt
2676,2676,MAR20_2476.jpg,MAR20_2476.txt,2676.jpg,2676.txt,images/train/MAR20_2476.jpg,labels/train/MAR20_2476.txt,images/train/2676.jpg,labels/train/2676.txt
2677,2677,MAR20_2477.jpg,MAR20_2477.txt,2677.jpg,2677.txt,images/train/MAR20_2477.jpg,labels/train/MAR20_2477.txt,images/train/2677.jpg,labels/train/2677.txt
2678,2678,MAR20_2478.jpg,MAR20_2478.txt,2678.jpg,2678.txt,images/train/MAR20_2478.jpg,labels/train/MAR20_2478.txt,images/train/2678.jpg,labels/train/2678.txt
2679,2679,MAR20_2479.jpg,MAR20_2479.txt,2679.jpg,2679.txt,images/train/MAR20_2479.jpg,labels/train/MAR20_2479.txt,images/train/2679.jpg,labels/train/2679.txt
2680,2680,MAR20_248.jpg,MAR20_248.txt,2680.jpg,2680.txt,images/train/MAR20_248.jpg,labels/train/MAR20_248.txt,images/train/2680.jpg,labels/train/2680.txt
2681,2681,MAR20_2480.jpg,MAR20_2480.txt,2681.jpg,2681.txt,images/train/MAR20_2480.jpg,labels/train/MAR20_2480.txt,images/train/2681.jpg,labels/train/2681.txt
2682,2682,MAR20_2481.jpg,MAR20_2481.txt,2682.jpg,2682.txt,images/train/MAR20_2481.jpg,labels/train/MAR20_2481.txt,images/train/2682.jpg,labels/train/2682.txt
2683,2683,MAR20_2482.jpg,MAR20_2482.txt,2683.jpg,2683.txt,images/train/MAR20_2482.jpg,labels/train/MAR20_2482.txt,images/train/2683.jpg,labels/train/2683.txt
2684,2684,MAR20_2483.jpg,MAR20_2483.txt,2684.jpg,2684.txt,images/train/MAR20_2483.jpg,labels/train/MAR20_2483.txt,images/train/2684.jpg,labels/train/2684.txt
2685,2685,MAR20_2484.jpg,MAR20_2484.txt,2685.jpg,2685.txt,images/train/MAR20_2484.jpg,labels/train/MAR20_2484.txt,images/train/2685.jpg,labels/train/2685.txt
2686,2686,MAR20_2485.jpg,MAR20_2485.txt,2686.jpg,2686.txt,images/train/MAR20_2485.jpg,labels/train/MAR20_2485.txt,images/train/2686.jpg,labels/train/2686.txt
2687,2687,MAR20_2486.jpg,MAR20_2486.txt,2687.jpg,2687.txt,images/train/MAR20_2486.jpg,labels/train/MAR20_2486.txt,images/train/2687.jpg,labels/train/2687.txt
2688,2688,MAR20_2487.jpg,MAR20_2487.txt,2688.jpg,2688.txt,images/train/MAR20_2487.jpg,labels/train/MAR20_2487.txt,images/train/2688.jpg,labels/train/2688.txt
2689,2689,MAR20_2488.jpg,MAR20_2488.txt,2689.jpg,2689.txt,images/train/MAR20_2488.jpg,labels/train/MAR20_2488.txt,images/train/2689.jpg,labels/train/2689.txt
2690,2690,MAR20_2489.jpg,MAR20_2489.txt,2690.jpg,2690.txt,images/train/MAR20_2489.jpg,labels/train/MAR20_2489.txt,images/train/2690.jpg,labels/train/2690.txt
2691,2691,MAR20_249.jpg,MAR20_249.txt,2691.jpg,2691.txt,images/train/MAR20_249.jpg,labels/train/MAR20_249.txt,images/train/2691.jpg,labels/train/2691.txt
2692,2692,MAR20_2490.jpg,MAR20_2490.txt,2692.jpg,2692.txt,images/train/MAR20_2490.jpg,labels/train/MAR20_2490.txt,images/train/2692.jpg,labels/train/2692.txt
2693,2693,MAR20_2491.jpg,MAR20_2491.txt,2693.jpg,2693.txt,images/train/MAR20_2491.jpg,labels/train/MAR20_2491.txt,images/train/2693.jpg,labels/train/2693.txt
2694,2694,MAR20_2492.jpg,MAR20_2492.txt,2694.jpg,2694.txt,images/train/MAR20_2492.jpg,labels/train/MAR20_2492.txt,images/train/2694.jpg,labels/train/2694.txt
2695,2695,MAR20_2493.jpg,MAR20_2493.txt,2695.jpg,2695.txt,images/train/MAR20_2493.jpg,labels/train/MAR20_2493.txt,images/train/2695.jpg,labels/train/2695.txt
2696,2696,MAR20_2494.jpg,MAR20_2494.txt,2696.jpg,2696.txt,images/train/MAR20_2494.jpg,labels/train/MAR20_2494.txt,images/train/2696.jpg,labels/train/2696.txt
2697,2697,MAR20_2495.jpg,MAR20_2495.txt,2697.jpg,2697.txt,images/train/MAR20_2495.jpg,labels/train/MAR20_2495.txt,images/train/2697.jpg,labels/train/2697.txt
2698,2698,MAR20_2497.jpg,MAR20_2497.txt,2698.jpg,2698.txt,images/train/MAR20_2497.jpg,labels/train/MAR20_2497.txt,images/train/2698.jpg,labels/train/2698.txt
2699,2699,MAR20_2498.jpg,MAR20_2498.txt,2699.jpg,2699.txt,images/train/MAR20_2498.jpg,labels/train/MAR20_2498.txt,images/train/2699.jpg,labels/train/2699.txt
2700,2700,MAR20_2499.jpg,MAR20_2499.txt,2700.jpg,2700.txt,images/train/MAR20_2499.jpg,labels/train/MAR20_2499.txt,images/train/2700.jpg,labels/train/2700.txt
2701,2701,MAR20_25.jpg,MAR20_25.txt,2701.jpg,2701.txt,images/train/MAR20_25.jpg,labels/train/MAR20_25.txt,images/train/2701.jpg,labels/train/2701.txt
2702,2702,MAR20_250.jpg,MAR20_250.txt,2702.jpg,2702.txt,images/train/MAR20_250.jpg,labels/train/MAR20_250.txt,images/train/2702.jpg,labels/train/2702.txt
2703,2703,MAR20_2500.jpg,MAR20_2500.txt,2703.jpg,2703.txt,images/train/MAR20_2500.jpg,labels/train/MAR20_2500.txt,images/train/2703.jpg,labels/train/2703.txt
2704,2704,MAR20_2501.jpg,MAR20_2501.txt,2704.jpg,2704.txt,images/train/MAR20_2501.jpg,labels/train/MAR20_2501.txt,images/train/2704.jpg,labels/train/2704.txt
2705,2705,MAR20_2502.jpg,MAR20_2502.txt,2705.jpg,2705.txt,images/train/MAR20_2502.jpg,labels/train/MAR20_2502.txt,images/train/2705.jpg,labels/train/2705.txt
2706,2706,MAR20_2503.jpg,MAR20_2503.txt,2706.jpg,2706.txt,images/train/MAR20_2503.jpg,labels/train/MAR20_2503.txt,images/train/2706.jpg,labels/train/2706.txt
2707,2707,MAR20_2504.jpg,MAR20_2504.txt,2707.jpg,2707.txt,images/train/MAR20_2504.jpg,labels/train/MAR20_2504.txt,images/train/2707.jpg,labels/train/2707.txt
2708,2708,MAR20_2506.jpg,MAR20_2506.txt,2708.jpg,2708.txt,images/train/MAR20_2506.jpg,labels/train/MAR20_2506.txt,images/train/2708.jpg,labels/train/2708.txt
2709,2709,MAR20_2507.jpg,MAR20_2507.txt,2709.jpg,2709.txt,images/train/MAR20_2507.jpg,labels/train/MAR20_2507.txt,images/train/2709.jpg,labels/train/2709.txt
2710,2710,MAR20_2509.jpg,MAR20_2509.txt,2710.jpg,2710.txt,images/train/MAR20_2509.jpg,labels/train/MAR20_2509.txt,images/train/2710.jpg,labels/train/2710.txt
2711,2711,MAR20_251.jpg,MAR20_251.txt,2711.jpg,2711.txt,images/train/MAR20_251.jpg,labels/train/MAR20_251.txt,images/train/2711.jpg,labels/train/2711.txt
2712,2712,MAR20_2510.jpg,MAR20_2510.txt,2712.jpg,2712.txt,images/train/MAR20_2510.jpg,labels/train/MAR20_2510.txt,images/train/2712.jpg,labels/train/2712.txt
2713,2713,MAR20_2511.jpg,MAR20_2511.txt,2713.jpg,2713.txt,images/train/MAR20_2511.jpg,labels/train/MAR20_2511.txt,images/train/2713.jpg,labels/train/2713.txt
2714,2714,MAR20_2513.jpg,MAR20_2513.txt,2714.jpg,2714.txt,images/train/MAR20_2513.jpg,labels/train/MAR20_2513.txt,images/train/2714.jpg,labels/train/2714.txt
2715,2715,MAR20_2514.jpg,MAR20_2514.txt,2715.jpg,2715.txt,images/train/MAR20_2514.jpg,labels/train/MAR20_2514.txt,images/train/2715.jpg,labels/train/2715.txt
2716,2716,MAR20_2515.jpg,MAR20_2515.txt,2716.jpg,2716.txt,images/train/MAR20_2515.jpg,labels/train/MAR20_2515.txt,images/train/2716.jpg,labels/train/2716.txt
2717,2717,MAR20_2516.jpg,MAR20_2516.txt,2717.jpg,2717.txt,images/train/MAR20_2516.jpg,labels/train/MAR20_2516.txt,images/train/2717.jpg,labels/train/2717.txt
2718,2718,MAR20_2517.jpg,MAR20_2517.txt,2718.jpg,2718.txt,images/train/MAR20_2517.jpg,labels/train/MAR20_2517.txt,images/train/2718.jpg,labels/train/2718.txt
2719,2719,MAR20_2518.jpg,MAR20_2518.txt,2719.jpg,2719.txt,images/train/MAR20_2518.jpg,labels/train/MAR20_2518.txt,images/train/2719.jpg,labels/train/2719.txt
2720,2720,MAR20_2519.jpg,MAR20_2519.txt,2720.jpg,2720.txt,images/train/MAR20_2519.jpg,labels/train/MAR20_2519.txt,images/train/2720.jpg,labels/train/2720.txt
2721,2721,MAR20_252.jpg,MAR20_252.txt,2721.jpg,2721.txt,images/train/MAR20_252.jpg,labels/train/MAR20_252.txt,images/train/2721.jpg,labels/train/2721.txt
2722,2722,MAR20_2520.jpg,MAR20_2520.txt,2722.jpg,2722.txt,images/train/MAR20_2520.jpg,labels/train/MAR20_2520.txt,images/train/2722.jpg,labels/train/2722.txt
2723,2723,MAR20_2521.jpg,MAR20_2521.txt,2723.jpg,2723.txt,images/train/MAR20_2521.jpg,labels/train/MAR20_2521.txt,images/train/2723.jpg,labels/train/2723.txt
2724,2724,MAR20_2522.jpg,MAR20_2522.txt,2724.jpg,2724.txt,images/train/MAR20_2522.jpg,labels/train/MAR20_2522.txt,images/train/2724.jpg,labels/train/2724.txt
2725,2725,MAR20_2523.jpg,MAR20_2523.txt,2725.jpg,2725.txt,images/train/MAR20_2523.jpg,labels/train/MAR20_2523.txt,images/train/2725.jpg,labels/train/2725.txt
2726,2726,MAR20_2524.jpg,MAR20_2524.txt,2726.jpg,2726.txt,images/train/MAR20_2524.jpg,labels/train/MAR20_2524.txt,images/train/2726.jpg,labels/train/2726.txt
2727,2727,MAR20_2525.jpg,MAR20_2525.txt,2727.jpg,2727.txt,images/train/MAR20_2525.jpg,labels/train/MAR20_2525.txt,images/train/2727.jpg,labels/train/2727.txt
2728,2728,MAR20_2526.jpg,MAR20_2526.txt,2728.jpg,2728.txt,images/train/MAR20_2526.jpg,labels/train/MAR20_2526.txt,images/train/2728.jpg,labels/train/2728.txt
2729,2729,MAR20_2527.jpg,MAR20_2527.txt,2729.jpg,2729.txt,images/train/MAR20_2527.jpg,labels/train/MAR20_2527.txt,images/train/2729.jpg,labels/train/2729.txt
2730,2730,MAR20_2529.jpg,MAR20_2529.txt,2730.jpg,2730.txt,images/train/MAR20_2529.jpg,labels/train/MAR20_2529.txt,images/train/2730.jpg,labels/train/2730.txt
2731,2731,MAR20_253.jpg,MAR20_253.txt,2731.jpg,2731.txt,images/train/MAR20_253.jpg,labels/train/MAR20_253.txt,images/train/2731.jpg,labels/train/2731.txt
2732,2732,MAR20_2531.jpg,MAR20_2531.txt,2732.jpg,2732.txt,images/train/MAR20_2531.jpg,labels/train/MAR20_2531.txt,images/train/2732.jpg,labels/train/2732.txt
2733,2733,MAR20_2532.jpg,MAR20_2532.txt,2733.jpg,2733.txt,images/train/MAR20_2532.jpg,labels/train/MAR20_2532.txt,images/train/2733.jpg,labels/train/2733.txt
2734,2734,MAR20_2533.jpg,MAR20_2533.txt,2734.jpg,2734.txt,images/train/MAR20_2533.jpg,labels/train/MAR20_2533.txt,images/train/2734.jpg,labels/train/2734.txt
2735,2735,MAR20_2535.jpg,MAR20_2535.txt,2735.jpg,2735.txt,images/train/MAR20_2535.jpg,labels/train/MAR20_2535.txt,images/train/2735.jpg,labels/train/2735.txt
2736,2736,MAR20_2536.jpg,MAR20_2536.txt,2736.jpg,2736.txt,images/train/MAR20_2536.jpg,labels/train/MAR20_2536.txt,images/train/2736.jpg,labels/train/2736.txt
2737,2737,MAR20_2537.jpg,MAR20_2537.txt,2737.jpg,2737.txt,images/train/MAR20_2537.jpg,labels/train/MAR20_2537.txt,images/train/2737.jpg,labels/train/2737.txt
2738,2738,MAR20_2538.jpg,MAR20_2538.txt,2738.jpg,2738.txt,images/train/MAR20_2538.jpg,labels/train/MAR20_2538.txt,images/train/2738.jpg,labels/train/2738.txt
2739,2739,MAR20_2539.jpg,MAR20_2539.txt,2739.jpg,2739.txt,images/train/MAR20_2539.jpg,labels/train/MAR20_2539.txt,images/train/2739.jpg,labels/train/2739.txt
2740,2740,MAR20_2540.jpg,MAR20_2540.txt,2740.jpg,2740.txt,images/train/MAR20_2540.jpg,labels/train/MAR20_2540.txt,images/train/2740.jpg,labels/train/2740.txt
2741,2741,MAR20_2542.jpg,MAR20_2542.txt,2741.jpg,2741.txt,images/train/MAR20_2542.jpg,labels/train/MAR20_2542.txt,images/train/2741.jpg,labels/train/2741.txt
2742,2742,MAR20_2543.jpg,MAR20_2543.txt,2742.jpg,2742.txt,images/train/MAR20_2543.jpg,labels/train/MAR20_2543.txt,images/train/2742.jpg,labels/train/2742.txt
2743,2743,MAR20_2544.jpg,MAR20_2544.txt,2743.jpg,2743.txt,images/train/MAR20_2544.jpg,labels/train/MAR20_2544.txt,images/train/2743.jpg,labels/train/2743.txt
2744,2744,MAR20_2545.jpg,MAR20_2545.txt,2744.jpg,2744.txt,images/train/MAR20_2545.jpg,labels/train/MAR20_2545.txt,images/train/2744.jpg,labels/train/2744.txt
2745,2745,MAR20_2547.jpg,MAR20_2547.txt,2745.jpg,2745.txt,images/train/MAR20_2547.jpg,labels/train/MAR20_2547.txt,images/train/2745.jpg,labels/train/2745.txt
2746,2746,MAR20_2548.jpg,MAR20_2548.txt,2746.jpg,2746.txt,images/train/MAR20_2548.jpg,labels/train/MAR20_2548.txt,images/train/2746.jpg,labels/train/2746.txt
2747,2747,MAR20_2549.jpg,MAR20_2549.txt,2747.jpg,2747.txt,images/train/MAR20_2549.jpg,labels/train/MAR20_2549.txt,images/train/2747.jpg,labels/train/2747.txt
2748,2748,MAR20_255.jpg,MAR20_255.txt,2748.jpg,2748.txt,images/train/MAR20_255.jpg,labels/train/MAR20_255.txt,images/train/2748.jpg,labels/train/2748.txt
2749,2749,MAR20_2550.jpg,MAR20_2550.txt,2749.jpg,2749.txt,images/train/MAR20_2550.jpg,labels/train/MAR20_2550.txt,images/train/2749.jpg,labels/train/2749.txt
2750,2750,MAR20_2551.jpg,MAR20_2551.txt,2750.jpg,2750.txt,images/train/MAR20_2551.jpg,labels/train/MAR20_2551.txt,images/train/2750.jpg,labels/train/2750.txt
2751,2751,MAR20_2552.jpg,MAR20_2552.txt,2751.jpg,2751.txt,images/train/MAR20_2552.jpg,labels/train/MAR20_2552.txt,images/train/2751.jpg,labels/train/2751.txt
2752,2752,MAR20_2553.jpg,MAR20_2553.txt,2752.jpg,2752.txt,images/train/MAR20_2553.jpg,labels/train/MAR20_2553.txt,images/train/2752.jpg,labels/train/2752.txt
2753,2753,MAR20_2554.jpg,MAR20_2554.txt,2753.jpg,2753.txt,images/train/MAR20_2554.jpg,labels/train/MAR20_2554.txt,images/train/2753.jpg,labels/train/2753.txt
2754,2754,MAR20_2555.jpg,MAR20_2555.txt,2754.jpg,2754.txt,images/train/MAR20_2555.jpg,labels/train/MAR20_2555.txt,images/train/2754.jpg,labels/train/2754.txt
2755,2755,MAR20_2556.jpg,MAR20_2556.txt,2755.jpg,2755.txt,images/train/MAR20_2556.jpg,labels/train/MAR20_2556.txt,images/train/2755.jpg,labels/train/2755.txt
2756,2756,MAR20_2557.jpg,MAR20_2557.txt,2756.jpg,2756.txt,images/train/MAR20_2557.jpg,labels/train/MAR20_2557.txt,images/train/2756.jpg,labels/train/2756.txt
2757,2757,MAR20_2558.jpg,MAR20_2558.txt,2757.jpg,2757.txt,images/train/MAR20_2558.jpg,labels/train/MAR20_2558.txt,images/train/2757.jpg,labels/train/2757.txt
2758,2758,MAR20_2560.jpg,MAR20_2560.txt,2758.jpg,2758.txt,images/train/MAR20_2560.jpg,labels/train/MAR20_2560.txt,images/train/2758.jpg,labels/train/2758.txt
2759,2759,MAR20_2561.jpg,MAR20_2561.txt,2759.jpg,2759.txt,images/train/MAR20_2561.jpg,labels/train/MAR20_2561.txt,images/train/2759.jpg,labels/train/2759.txt
2760,2760,MAR20_2562.jpg,MAR20_2562.txt,2760.jpg,2760.txt,images/train/MAR20_2562.jpg,labels/train/MAR20_2562.txt,images/train/2760.jpg,labels/train/2760.txt
2761,2761,MAR20_2564.jpg,MAR20_2564.txt,2761.jpg,2761.txt,images/train/MAR20_2564.jpg,labels/train/MAR20_2564.txt,images/train/2761.jpg,labels/train/2761.txt
2762,2762,MAR20_2565.jpg,MAR20_2565.txt,2762.jpg,2762.txt,images/train/MAR20_2565.jpg,labels/train/MAR20_2565.txt,images/train/2762.jpg,labels/train/2762.txt
2763,2763,MAR20_2566.jpg,MAR20_2566.txt,2763.jpg,2763.txt,images/train/MAR20_2566.jpg,labels/train/MAR20_2566.txt,images/train/2763.jpg,labels/train/2763.txt
2764,2764,MAR20_2567.jpg,MAR20_2567.txt,2764.jpg,2764.txt,images/train/MAR20_2567.jpg,labels/train/MAR20_2567.txt,images/train/2764.jpg,labels/train/2764.txt
2765,2765,MAR20_2568.jpg,MAR20_2568.txt,2765.jpg,2765.txt,images/train/MAR20_2568.jpg,labels/train/MAR20_2568.txt,images/train/2765.jpg,labels/train/2765.txt
2766,2766,MAR20_2569.jpg,MAR20_2569.txt,2766.jpg,2766.txt,images/train/MAR20_2569.jpg,labels/train/MAR20_2569.txt,images/train/2766.jpg,labels/train/2766.txt
2767,2767,MAR20_2570.jpg,MAR20_2570.txt,2767.jpg,2767.txt,images/train/MAR20_2570.jpg,labels/train/MAR20_2570.txt,images/train/2767.jpg,labels/train/2767.txt
2768,2768,MAR20_2571.jpg,MAR20_2571.txt,2768.jpg,2768.txt,images/train/MAR20_2571.jpg,labels/train/MAR20_2571.txt,images/train/2768.jpg,labels/train/2768.txt
2769,2769,MAR20_2572.jpg,MAR20_2572.txt,2769.jpg,2769.txt,images/train/MAR20_2572.jpg,labels/train/MAR20_2572.txt,images/train/2769.jpg,labels/train/2769.txt
2770,2770,MAR20_2573.jpg,MAR20_2573.txt,2770.jpg,2770.txt,images/train/MAR20_2573.jpg,labels/train/MAR20_2573.txt,images/train/2770.jpg,labels/train/2770.txt
2771,2771,MAR20_2574.jpg,MAR20_2574.txt,2771.jpg,2771.txt,images/train/MAR20_2574.jpg,labels/train/MAR20_2574.txt,images/train/2771.jpg,labels/train/2771.txt
2772,2772,MAR20_2575.jpg,MAR20_2575.txt,2772.jpg,2772.txt,images/train/MAR20_2575.jpg,labels/train/MAR20_2575.txt,images/train/2772.jpg,labels/train/2772.txt
2773,2773,MAR20_2576.jpg,MAR20_2576.txt,2773.jpg,2773.txt,images/train/MAR20_2576.jpg,labels/train/MAR20_2576.txt,images/train/2773.jpg,labels/train/2773.txt
2774,2774,MAR20_2577.jpg,MAR20_2577.txt,2774.jpg,2774.txt,images/train/MAR20_2577.jpg,labels/train/MAR20_2577.txt,images/train/2774.jpg,labels/train/2774.txt
2775,2775,MAR20_2578.jpg,MAR20_2578.txt,2775.jpg,2775.txt,images/train/MAR20_2578.jpg,labels/train/MAR20_2578.txt,images/train/2775.jpg,labels/train/2775.txt
2776,2776,MAR20_2579.jpg,MAR20_2579.txt,2776.jpg,2776.txt,images/train/MAR20_2579.jpg,labels/train/MAR20_2579.txt,images/train/2776.jpg,labels/train/2776.txt
2777,2777,MAR20_258.jpg,MAR20_258.txt,2777.jpg,2777.txt,images/train/MAR20_258.jpg,labels/train/MAR20_258.txt,images/train/2777.jpg,labels/train/2777.txt
2778,2778,MAR20_2580.jpg,MAR20_2580.txt,2778.jpg,2778.txt,images/train/MAR20_2580.jpg,labels/train/MAR20_2580.txt,images/train/2778.jpg,labels/train/2778.txt
2779,2779,MAR20_2582.jpg,MAR20_2582.txt,2779.jpg,2779.txt,images/train/MAR20_2582.jpg,labels/train/MAR20_2582.txt,images/train/2779.jpg,labels/train/2779.txt
2780,2780,MAR20_2583.jpg,MAR20_2583.txt,2780.jpg,2780.txt,images/train/MAR20_2583.jpg,labels/train/MAR20_2583.txt,images/train/2780.jpg,labels/train/2780.txt
2781,2781,MAR20_2584.jpg,MAR20_2584.txt,2781.jpg,2781.txt,images/train/MAR20_2584.jpg,labels/train/MAR20_2584.txt,images/train/2781.jpg,labels/train/2781.txt
2782,2782,MAR20_2585.jpg,MAR20_2585.txt,2782.jpg,2782.txt,images/train/MAR20_2585.jpg,labels/train/MAR20_2585.txt,images/train/2782.jpg,labels/train/2782.txt
2783,2783,MAR20_2587.jpg,MAR20_2587.txt,2783.jpg,2783.txt,images/train/MAR20_2587.jpg,labels/train/MAR20_2587.txt,images/train/2783.jpg,labels/train/2783.txt
2784,2784,MAR20_2588.jpg,MAR20_2588.txt,2784.jpg,2784.txt,images/train/MAR20_2588.jpg,labels/train/MAR20_2588.txt,images/train/2784.jpg,labels/train/2784.txt
2785,2785,MAR20_2589.jpg,MAR20_2589.txt,2785.jpg,2785.txt,images/train/MAR20_2589.jpg,labels/train/MAR20_2589.txt,images/train/2785.jpg,labels/train/2785.txt
2786,2786,MAR20_259.jpg,MAR20_259.txt,2786.jpg,2786.txt,images/train/MAR20_259.jpg,labels/train/MAR20_259.txt,images/train/2786.jpg,labels/train/2786.txt
2787,2787,MAR20_2590.jpg,MAR20_2590.txt,2787.jpg,2787.txt,images/train/MAR20_2590.jpg,labels/train/MAR20_2590.txt,images/train/2787.jpg,labels/train/2787.txt
2788,2788,MAR20_2591.jpg,MAR20_2591.txt,2788.jpg,2788.txt,images/train/MAR20_2591.jpg,labels/train/MAR20_2591.txt,images/train/2788.jpg,labels/train/2788.txt
2789,2789,MAR20_2592.jpg,MAR20_2592.txt,2789.jpg,2789.txt,images/train/MAR20_2592.jpg,labels/train/MAR20_2592.txt,images/train/2789.jpg,labels/train/2789.txt
2790,2790,MAR20_2593.jpg,MAR20_2593.txt,2790.jpg,2790.txt,images/train/MAR20_2593.jpg,labels/train/MAR20_2593.txt,images/train/2790.jpg,labels/train/2790.txt
2791,2791,MAR20_2595.jpg,MAR20_2595.txt,2791.jpg,2791.txt,images/train/MAR20_2595.jpg,labels/train/MAR20_2595.txt,images/train/2791.jpg,labels/train/2791.txt
2792,2792,MAR20_2596.jpg,MAR20_2596.txt,2792.jpg,2792.txt,images/train/MAR20_2596.jpg,labels/train/MAR20_2596.txt,images/train/2792.jpg,labels/train/2792.txt
2793,2793,MAR20_2597.jpg,MAR20_2597.txt,2793.jpg,2793.txt,images/train/MAR20_2597.jpg,labels/train/MAR20_2597.txt,images/train/2793.jpg,labels/train/2793.txt
2794,2794,MAR20_2598.jpg,MAR20_2598.txt,2794.jpg,2794.txt,images/train/MAR20_2598.jpg,labels/train/MAR20_2598.txt,images/train/2794.jpg,labels/train/2794.txt
2795,2795,MAR20_2599.jpg,MAR20_2599.txt,2795.jpg,2795.txt,images/train/MAR20_2599.jpg,labels/train/MAR20_2599.txt,images/train/2795.jpg,labels/train/2795.txt
2796,2796,MAR20_26.jpg,MAR20_26.txt,2796.jpg,2796.txt,images/train/MAR20_26.jpg,labels/train/MAR20_26.txt,images/train/2796.jpg,labels/train/2796.txt
2797,2797,MAR20_260.jpg,MAR20_260.txt,2797.jpg,2797.txt,images/train/MAR20_260.jpg,labels/train/MAR20_260.txt,images/train/2797.jpg,labels/train/2797.txt
2798,2798,MAR20_2600.jpg,MAR20_2600.txt,2798.jpg,2798.txt,images/train/MAR20_2600.jpg,labels/train/MAR20_2600.txt,images/train/2798.jpg,labels/train/2798.txt
2799,2799,MAR20_2602.jpg,MAR20_2602.txt,2799.jpg,2799.txt,images/train/MAR20_2602.jpg,labels/train/MAR20_2602.txt,images/train/2799.jpg,labels/train/2799.txt
2800,2800,MAR20_2603.jpg,MAR20_2603.txt,2800.jpg,2800.txt,images/train/MAR20_2603.jpg,labels/train/MAR20_2603.txt,images/train/2800.jpg,labels/train/2800.txt
2801,2801,MAR20_2604.jpg,MAR20_2604.txt,2801.jpg,2801.txt,images/train/MAR20_2604.jpg,labels/train/MAR20_2604.txt,images/train/2801.jpg,labels/train/2801.txt
2802,2802,MAR20_2605.jpg,MAR20_2605.txt,2802.jpg,2802.txt,images/train/MAR20_2605.jpg,labels/train/MAR20_2605.txt,images/train/2802.jpg,labels/train/2802.txt
2803,2803,MAR20_2606.jpg,MAR20_2606.txt,2803.jpg,2803.txt,images/train/MAR20_2606.jpg,labels/train/MAR20_2606.txt,images/train/2803.jpg,labels/train/2803.txt
2804,2804,MAR20_2607.jpg,MAR20_2607.txt,2804.jpg,2804.txt,images/train/MAR20_2607.jpg,labels/train/MAR20_2607.txt,images/train/2804.jpg,labels/train/2804.txt
2805,2805,MAR20_2608.jpg,MAR20_2608.txt,2805.jpg,2805.txt,images/train/MAR20_2608.jpg,labels/train/MAR20_2608.txt,images/train/2805.jpg,labels/train/2805.txt
2806,2806,MAR20_261.jpg,MAR20_261.txt,2806.jpg,2806.txt,images/train/MAR20_261.jpg,labels/train/MAR20_261.txt,images/train/2806.jpg,labels/train/2806.txt
2807,2807,MAR20_2614.jpg,MAR20_2614.txt,2807.jpg,2807.txt,images/train/MAR20_2614.jpg,labels/train/MAR20_2614.txt,images/train/2807.jpg,labels/train/2807.txt
2808,2808,MAR20_2615.jpg,MAR20_2615.txt,2808.jpg,2808.txt,images/train/MAR20_2615.jpg,labels/train/MAR20_2615.txt,images/train/2808.jpg,labels/train/2808.txt
2809,2809,MAR20_2616.jpg,MAR20_2616.txt,2809.jpg,2809.txt,images/train/MAR20_2616.jpg,labels/train/MAR20_2616.txt,images/train/2809.jpg,labels/train/2809.txt
2810,2810,MAR20_2617.jpg,MAR20_2617.txt,2810.jpg,2810.txt,images/train/MAR20_2617.jpg,labels/train/MAR20_2617.txt,images/train/2810.jpg,labels/train/2810.txt
2811,2811,MAR20_2620.jpg,MAR20_2620.txt,2811.jpg,2811.txt,images/train/MAR20_2620.jpg,labels/train/MAR20_2620.txt,images/train/2811.jpg,labels/train/2811.txt
2812,2812,MAR20_2621.jpg,MAR20_2621.txt,2812.jpg,2812.txt,images/train/MAR20_2621.jpg,labels/train/MAR20_2621.txt,images/train/2812.jpg,labels/train/2812.txt
2813,2813,MAR20_2623.jpg,MAR20_2623.txt,2813.jpg,2813.txt,images/train/MAR20_2623.jpg,labels/train/MAR20_2623.txt,images/train/2813.jpg,labels/train/2813.txt
2814,2814,MAR20_2624.jpg,MAR20_2624.txt,2814.jpg,2814.txt,images/train/MAR20_2624.jpg,labels/train/MAR20_2624.txt,images/train/2814.jpg,labels/train/2814.txt
2815,2815,MAR20_2625.jpg,MAR20_2625.txt,2815.jpg,2815.txt,images/train/MAR20_2625.jpg,labels/train/MAR20_2625.txt,images/train/2815.jpg,labels/train/2815.txt
2816,2816,MAR20_2626.jpg,MAR20_2626.txt,2816.jpg,2816.txt,images/train/MAR20_2626.jpg,labels/train/MAR20_2626.txt,images/train/2816.jpg,labels/train/2816.txt
2817,2817,MAR20_2627.jpg,MAR20_2627.txt,2817.jpg,2817.txt,images/train/MAR20_2627.jpg,labels/train/MAR20_2627.txt,images/train/2817.jpg,labels/train/2817.txt
2818,2818,MAR20_2628.jpg,MAR20_2628.txt,2818.jpg,2818.txt,images/train/MAR20_2628.jpg,labels/train/MAR20_2628.txt,images/train/2818.jpg,labels/train/2818.txt
2819,2819,MAR20_263.jpg,MAR20_263.txt,2819.jpg,2819.txt,images/train/MAR20_263.jpg,labels/train/MAR20_263.txt,images/train/2819.jpg,labels/train/2819.txt
2820,2820,MAR20_2630.jpg,MAR20_2630.txt,2820.jpg,2820.txt,images/train/MAR20_2630.jpg,labels/train/MAR20_2630.txt,images/train/2820.jpg,labels/train/2820.txt
2821,2821,MAR20_2631.jpg,MAR20_2631.txt,2821.jpg,2821.txt,images/train/MAR20_2631.jpg,labels/train/MAR20_2631.txt,images/train/2821.jpg,labels/train/2821.txt
2822,2822,MAR20_2632.jpg,MAR20_2632.txt,2822.jpg,2822.txt,images/train/MAR20_2632.jpg,labels/train/MAR20_2632.txt,images/train/2822.jpg,labels/train/2822.txt
2823,2823,MAR20_2633.jpg,MAR20_2633.txt,2823.jpg,2823.txt,images/train/MAR20_2633.jpg,labels/train/MAR20_2633.txt,images/train/2823.jpg,labels/train/2823.txt
2824,2824,MAR20_2634.jpg,MAR20_2634.txt,2824.jpg,2824.txt,images/train/MAR20_2634.jpg,labels/train/MAR20_2634.txt,images/train/2824.jpg,labels/train/2824.txt
2825,2825,MAR20_2637.jpg,MAR20_2637.txt,2825.jpg,2825.txt,images/train/MAR20_2637.jpg,labels/train/MAR20_2637.txt,images/train/2825.jpg,labels/train/2825.txt
2826,2826,MAR20_2638.jpg,MAR20_2638.txt,2826.jpg,2826.txt,images/train/MAR20_2638.jpg,labels/train/MAR20_2638.txt,images/train/2826.jpg,labels/train/2826.txt
2827,2827,MAR20_2639.jpg,MAR20_2639.txt,2827.jpg,2827.txt,images/train/MAR20_2639.jpg,labels/train/MAR20_2639.txt,images/train/2827.jpg,labels/train/2827.txt
2828,2828,MAR20_2640.jpg,MAR20_2640.txt,2828.jpg,2828.txt,images/train/MAR20_2640.jpg,labels/train/MAR20_2640.txt,images/train/2828.jpg,labels/train/2828.txt
2829,2829,MAR20_2641.jpg,MAR20_2641.txt,2829.jpg,2829.txt,images/train/MAR20_2641.jpg,labels/train/MAR20_2641.txt,images/train/2829.jpg,labels/train/2829.txt
2830,2830,MAR20_2644.jpg,MAR20_2644.txt,2830.jpg,2830.txt,images/train/MAR20_2644.jpg,labels/train/MAR20_2644.txt,images/train/2830.jpg,labels/train/2830.txt
2831,2831,MAR20_2645.jpg,MAR20_2645.txt,2831.jpg,2831.txt,images/train/MAR20_2645.jpg,labels/train/MAR20_2645.txt,images/train/2831.jpg,labels/train/2831.txt
2832,2832,MAR20_2646.jpg,MAR20_2646.txt,2832.jpg,2832.txt,images/train/MAR20_2646.jpg,labels/train/MAR20_2646.txt,images/train/2832.jpg,labels/train/2832.txt
2833,2833,MAR20_2648.jpg,MAR20_2648.txt,2833.jpg,2833.txt,images/train/MAR20_2648.jpg,labels/train/MAR20_2648.txt,images/train/2833.jpg,labels/train/2833.txt
2834,2834,MAR20_2649.jpg,MAR20_2649.txt,2834.jpg,2834.txt,images/train/MAR20_2649.jpg,labels/train/MAR20_2649.txt,images/train/2834.jpg,labels/train/2834.txt
2835,2835,MAR20_265.jpg,MAR20_265.txt,2835.jpg,2835.txt,images/train/MAR20_265.jpg,labels/train/MAR20_265.txt,images/train/2835.jpg,labels/train/2835.txt
2836,2836,MAR20_2650.jpg,MAR20_2650.txt,2836.jpg,2836.txt,images/train/MAR20_2650.jpg,labels/train/MAR20_2650.txt,images/train/2836.jpg,labels/train/2836.txt
2837,2837,MAR20_2651.jpg,MAR20_2651.txt,2837.jpg,2837.txt,images/train/MAR20_2651.jpg,labels/train/MAR20_2651.txt,images/train/2837.jpg,labels/train/2837.txt
2838,2838,MAR20_2654.jpg,MAR20_2654.txt,2838.jpg,2838.txt,images/train/MAR20_2654.jpg,labels/train/MAR20_2654.txt,images/train/2838.jpg,labels/train/2838.txt
2839,2839,MAR20_2659.jpg,MAR20_2659.txt,2839.jpg,2839.txt,images/train/MAR20_2659.jpg,labels/train/MAR20_2659.txt,images/train/2839.jpg,labels/train/2839.txt
2840,2840,MAR20_2660.jpg,MAR20_2660.txt,2840.jpg,2840.txt,images/train/MAR20_2660.jpg,labels/train/MAR20_2660.txt,images/train/2840.jpg,labels/train/2840.txt
2841,2841,MAR20_2662.jpg,MAR20_2662.txt,2841.jpg,2841.txt,images/train/MAR20_2662.jpg,labels/train/MAR20_2662.txt,images/train/2841.jpg,labels/train/2841.txt
2842,2842,MAR20_2663.jpg,MAR20_2663.txt,2842.jpg,2842.txt,images/train/MAR20_2663.jpg,labels/train/MAR20_2663.txt,images/train/2842.jpg,labels/train/2842.txt
2843,2843,MAR20_2664.jpg,MAR20_2664.txt,2843.jpg,2843.txt,images/train/MAR20_2664.jpg,labels/train/MAR20_2664.txt,images/train/2843.jpg,labels/train/2843.txt
2844,2844,MAR20_2666.jpg,MAR20_2666.txt,2844.jpg,2844.txt,images/train/MAR20_2666.jpg,labels/train/MAR20_2666.txt,images/train/2844.jpg,labels/train/2844.txt
2845,2845,MAR20_2667.jpg,MAR20_2667.txt,2845.jpg,2845.txt,images/train/MAR20_2667.jpg,labels/train/MAR20_2667.txt,images/train/2845.jpg,labels/train/2845.txt
2846,2846,MAR20_2668.jpg,MAR20_2668.txt,2846.jpg,2846.txt,images/train/MAR20_2668.jpg,labels/train/MAR20_2668.txt,images/train/2846.jpg,labels/train/2846.txt
2847,2847,MAR20_2669.jpg,MAR20_2669.txt,2847.jpg,2847.txt,images/train/MAR20_2669.jpg,labels/train/MAR20_2669.txt,images/train/2847.jpg,labels/train/2847.txt
2848,2848,MAR20_267.jpg,MAR20_267.txt,2848.jpg,2848.txt,images/train/MAR20_267.jpg,labels/train/MAR20_267.txt,images/train/2848.jpg,labels/train/2848.txt
2849,2849,MAR20_2671.jpg,MAR20_2671.txt,2849.jpg,2849.txt,images/train/MAR20_2671.jpg,labels/train/MAR20_2671.txt,images/train/2849.jpg,labels/train/2849.txt
2850,2850,MAR20_2672.jpg,MAR20_2672.txt,2850.jpg,2850.txt,images/train/MAR20_2672.jpg,labels/train/MAR20_2672.txt,images/train/2850.jpg,labels/train/2850.txt
2851,2851,MAR20_2673.jpg,MAR20_2673.txt,2851.jpg,2851.txt,images/train/MAR20_2673.jpg,labels/train/MAR20_2673.txt,images/train/2851.jpg,labels/train/2851.txt
2852,2852,MAR20_2674.jpg,MAR20_2674.txt,2852.jpg,2852.txt,images/train/MAR20_2674.jpg,labels/train/MAR20_2674.txt,images/train/2852.jpg,labels/train/2852.txt
2853,2853,MAR20_2675.jpg,MAR20_2675.txt,2853.jpg,2853.txt,images/train/MAR20_2675.jpg,labels/train/MAR20_2675.txt,images/train/2853.jpg,labels/train/2853.txt
2854,2854,MAR20_2676.jpg,MAR20_2676.txt,2854.jpg,2854.txt,images/train/MAR20_2676.jpg,labels/train/MAR20_2676.txt,images/train/2854.jpg,labels/train/2854.txt
2855,2855,MAR20_2677.jpg,MAR20_2677.txt,2855.jpg,2855.txt,images/train/MAR20_2677.jpg,labels/train/MAR20_2677.txt,images/train/2855.jpg,labels/train/2855.txt
2856,2856,MAR20_2678.jpg,MAR20_2678.txt,2856.jpg,2856.txt,images/train/MAR20_2678.jpg,labels/train/MAR20_2678.txt,images/train/2856.jpg,labels/train/2856.txt
2857,2857,MAR20_2679.jpg,MAR20_2679.txt,2857.jpg,2857.txt,images/train/MAR20_2679.jpg,labels/train/MAR20_2679.txt,images/train/2857.jpg,labels/train/2857.txt
2858,2858,MAR20_268.jpg,MAR20_268.txt,2858.jpg,2858.txt,images/train/MAR20_268.jpg,labels/train/MAR20_268.txt,images/train/2858.jpg,labels/train/2858.txt
2859,2859,MAR20_2680.jpg,MAR20_2680.txt,2859.jpg,2859.txt,images/train/MAR20_2680.jpg,labels/train/MAR20_2680.txt,images/train/2859.jpg,labels/train/2859.txt
2860,2860,MAR20_2681.jpg,MAR20_2681.txt,2860.jpg,2860.txt,images/train/MAR20_2681.jpg,labels/train/MAR20_2681.txt,images/train/2860.jpg,labels/train/2860.txt
2861,2861,MAR20_2682.jpg,MAR20_2682.txt,2861.jpg,2861.txt,images/train/MAR20_2682.jpg,labels/train/MAR20_2682.txt,images/train/2861.jpg,labels/train/2861.txt
2862,2862,MAR20_2683.jpg,MAR20_2683.txt,2862.jpg,2862.txt,images/train/MAR20_2683.jpg,labels/train/MAR20_2683.txt,images/train/2862.jpg,labels/train/2862.txt
2863,2863,MAR20_2685.jpg,MAR20_2685.txt,2863.jpg,2863.txt,images/train/MAR20_2685.jpg,labels/train/MAR20_2685.txt,images/train/2863.jpg,labels/train/2863.txt
2864,2864,MAR20_2687.jpg,MAR20_2687.txt,2864.jpg,2864.txt,images/train/MAR20_2687.jpg,labels/train/MAR20_2687.txt,images/train/2864.jpg,labels/train/2864.txt
2865,2865,MAR20_2688.jpg,MAR20_2688.txt,2865.jpg,2865.txt,images/train/MAR20_2688.jpg,labels/train/MAR20_2688.txt,images/train/2865.jpg,labels/train/2865.txt
2866,2866,MAR20_2689.jpg,MAR20_2689.txt,2866.jpg,2866.txt,images/train/MAR20_2689.jpg,labels/train/MAR20_2689.txt,images/train/2866.jpg,labels/train/2866.txt
2867,2867,MAR20_269.jpg,MAR20_269.txt,2867.jpg,2867.txt,images/train/MAR20_269.jpg,labels/train/MAR20_269.txt,images/train/2867.jpg,labels/train/2867.txt
2868,2868,MAR20_2690.jpg,MAR20_2690.txt,2868.jpg,2868.txt,images/train/MAR20_2690.jpg,labels/train/MAR20_2690.txt,images/train/2868.jpg,labels/train/2868.txt
2869,2869,MAR20_2691.jpg,MAR20_2691.txt,2869.jpg,2869.txt,images/train/MAR20_2691.jpg,labels/train/MAR20_2691.txt,images/train/2869.jpg,labels/train/2869.txt
2870,2870,MAR20_2692.jpg,MAR20_2692.txt,2870.jpg,2870.txt,images/train/MAR20_2692.jpg,labels/train/MAR20_2692.txt,images/train/2870.jpg,labels/train/2870.txt
2871,2871,MAR20_2693.jpg,MAR20_2693.txt,2871.jpg,2871.txt,images/train/MAR20_2693.jpg,labels/train/MAR20_2693.txt,images/train/2871.jpg,labels/train/2871.txt
2872,2872,MAR20_2694.jpg,MAR20_2694.txt,2872.jpg,2872.txt,images/train/MAR20_2694.jpg,labels/train/MAR20_2694.txt,images/train/2872.jpg,labels/train/2872.txt
2873,2873,MAR20_2695.jpg,MAR20_2695.txt,2873.jpg,2873.txt,images/train/MAR20_2695.jpg,labels/train/MAR20_2695.txt,images/train/2873.jpg,labels/train/2873.txt
2874,2874,MAR20_2696.jpg,MAR20_2696.txt,2874.jpg,2874.txt,images/train/MAR20_2696.jpg,labels/train/MAR20_2696.txt,images/train/2874.jpg,labels/train/2874.txt
2875,2875,MAR20_2697.jpg,MAR20_2697.txt,2875.jpg,2875.txt,images/train/MAR20_2697.jpg,labels/train/MAR20_2697.txt,images/train/2875.jpg,labels/train/2875.txt
2876,2876,MAR20_2698.jpg,MAR20_2698.txt,2876.jpg,2876.txt,images/train/MAR20_2698.jpg,labels/train/MAR20_2698.txt,images/train/2876.jpg,labels/train/2876.txt
2877,2877,MAR20_2699.jpg,MAR20_2699.txt,2877.jpg,2877.txt,images/train/MAR20_2699.jpg,labels/train/MAR20_2699.txt,images/train/2877.jpg,labels/train/2877.txt
2878,2878,MAR20_27.jpg,MAR20_27.txt,2878.jpg,2878.txt,images/train/MAR20_27.jpg,labels/train/MAR20_27.txt,images/train/2878.jpg,labels/train/2878.txt
2879,2879,MAR20_270.jpg,MAR20_270.txt,2879.jpg,2879.txt,images/train/MAR20_270.jpg,labels/train/MAR20_270.txt,images/train/2879.jpg,labels/train/2879.txt
2880,2880,MAR20_2701.jpg,MAR20_2701.txt,2880.jpg,2880.txt,images/train/MAR20_2701.jpg,labels/train/MAR20_2701.txt,images/train/2880.jpg,labels/train/2880.txt
2881,2881,MAR20_2702.jpg,MAR20_2702.txt,2881.jpg,2881.txt,images/train/MAR20_2702.jpg,labels/train/MAR20_2702.txt,images/train/2881.jpg,labels/train/2881.txt
2882,2882,MAR20_2703.jpg,MAR20_2703.txt,2882.jpg,2882.txt,images/train/MAR20_2703.jpg,labels/train/MAR20_2703.txt,images/train/2882.jpg,labels/train/2882.txt
2883,2883,MAR20_2705.jpg,MAR20_2705.txt,2883.jpg,2883.txt,images/train/MAR20_2705.jpg,labels/train/MAR20_2705.txt,images/train/2883.jpg,labels/train/2883.txt
2884,2884,MAR20_2706.jpg,MAR20_2706.txt,2884.jpg,2884.txt,images/train/MAR20_2706.jpg,labels/train/MAR20_2706.txt,images/train/2884.jpg,labels/train/2884.txt
2885,2885,MAR20_2707.jpg,MAR20_2707.txt,2885.jpg,2885.txt,images/train/MAR20_2707.jpg,labels/train/MAR20_2707.txt,images/train/2885.jpg,labels/train/2885.txt
2886,2886,MAR20_2708.jpg,MAR20_2708.txt,2886.jpg,2886.txt,images/train/MAR20_2708.jpg,labels/train/MAR20_2708.txt,images/train/2886.jpg,labels/train/2886.txt
2887,2887,MAR20_271.jpg,MAR20_271.txt,2887.jpg,2887.txt,images/train/MAR20_271.jpg,labels/train/MAR20_271.txt,images/train/2887.jpg,labels/train/2887.txt
2888,2888,MAR20_2712.jpg,MAR20_2712.txt,2888.jpg,2888.txt,images/train/MAR20_2712.jpg,labels/train/MAR20_2712.txt,images/train/2888.jpg,labels/train/2888.txt
2889,2889,MAR20_2713.jpg,MAR20_2713.txt,2889.jpg,2889.txt,images/train/MAR20_2713.jpg,labels/train/MAR20_2713.txt,images/train/2889.jpg,labels/train/2889.txt
2890,2890,MAR20_2714.jpg,MAR20_2714.txt,2890.jpg,2890.txt,images/train/MAR20_2714.jpg,labels/train/MAR20_2714.txt,images/train/2890.jpg,labels/train/2890.txt
2891,2891,MAR20_2715.jpg,MAR20_2715.txt,2891.jpg,2891.txt,images/train/MAR20_2715.jpg,labels/train/MAR20_2715.txt,images/train/2891.jpg,labels/train/2891.txt
2892,2892,MAR20_2717.jpg,MAR20_2717.txt,2892.jpg,2892.txt,images/train/MAR20_2717.jpg,labels/train/MAR20_2717.txt,images/train/2892.jpg,labels/train/2892.txt
2893,2893,MAR20_2719.jpg,MAR20_2719.txt,2893.jpg,2893.txt,images/train/MAR20_2719.jpg,labels/train/MAR20_2719.txt,images/train/2893.jpg,labels/train/2893.txt
2894,2894,MAR20_2720.jpg,MAR20_2720.txt,2894.jpg,2894.txt,images/train/MAR20_2720.jpg,labels/train/MAR20_2720.txt,images/train/2894.jpg,labels/train/2894.txt
2895,2895,MAR20_2722.jpg,MAR20_2722.txt,2895.jpg,2895.txt,images/train/MAR20_2722.jpg,labels/train/MAR20_2722.txt,images/train/2895.jpg,labels/train/2895.txt
2896,2896,MAR20_2723.jpg,MAR20_2723.txt,2896.jpg,2896.txt,images/train/MAR20_2723.jpg,labels/train/MAR20_2723.txt,images/train/2896.jpg,labels/train/2896.txt
2897,2897,MAR20_2724.jpg,MAR20_2724.txt,2897.jpg,2897.txt,images/train/MAR20_2724.jpg,labels/train/MAR20_2724.txt,images/train/2897.jpg,labels/train/2897.txt
2898,2898,MAR20_2725.jpg,MAR20_2725.txt,2898.jpg,2898.txt,images/train/MAR20_2725.jpg,labels/train/MAR20_2725.txt,images/train/2898.jpg,labels/train/2898.txt
2899,2899,MAR20_2726.jpg,MAR20_2726.txt,2899.jpg,2899.txt,images/train/MAR20_2726.jpg,labels/train/MAR20_2726.txt,images/train/2899.jpg,labels/train/2899.txt
2900,2900,MAR20_2729.jpg,MAR20_2729.txt,2900.jpg,2900.txt,images/train/MAR20_2729.jpg,labels/train/MAR20_2729.txt,images/train/2900.jpg,labels/train/2900.txt
2901,2901,MAR20_273.jpg,MAR20_273.txt,2901.jpg,2901.txt,images/train/MAR20_273.jpg,labels/train/MAR20_273.txt,images/train/2901.jpg,labels/train/2901.txt
2902,2902,MAR20_2730.jpg,MAR20_2730.txt,2902.jpg,2902.txt,images/train/MAR20_2730.jpg,labels/train/MAR20_2730.txt,images/train/2902.jpg,labels/train/2902.txt
2903,2903,MAR20_2732.jpg,MAR20_2732.txt,2903.jpg,2903.txt,images/train/MAR20_2732.jpg,labels/train/MAR20_2732.txt,images/train/2903.jpg,labels/train/2903.txt
2904,2904,MAR20_2733.jpg,MAR20_2733.txt,2904.jpg,2904.txt,images/train/MAR20_2733.jpg,labels/train/MAR20_2733.txt,images/train/2904.jpg,labels/train/2904.txt
2905,2905,MAR20_2734.jpg,MAR20_2734.txt,2905.jpg,2905.txt,images/train/MAR20_2734.jpg,labels/train/MAR20_2734.txt,images/train/2905.jpg,labels/train/2905.txt
2906,2906,MAR20_2735.jpg,MAR20_2735.txt,2906.jpg,2906.txt,images/train/MAR20_2735.jpg,labels/train/MAR20_2735.txt,images/train/2906.jpg,labels/train/2906.txt
2907,2907,MAR20_2736.jpg,MAR20_2736.txt,2907.jpg,2907.txt,images/train/MAR20_2736.jpg,labels/train/MAR20_2736.txt,images/train/2907.jpg,labels/train/2907.txt
2908,2908,MAR20_2737.jpg,MAR20_2737.txt,2908.jpg,2908.txt,images/train/MAR20_2737.jpg,labels/train/MAR20_2737.txt,images/train/2908.jpg,labels/train/2908.txt
2909,2909,MAR20_2738.jpg,MAR20_2738.txt,2909.jpg,2909.txt,images/train/MAR20_2738.jpg,labels/train/MAR20_2738.txt,images/train/2909.jpg,labels/train/2909.txt
2910,2910,MAR20_2739.jpg,MAR20_2739.txt,2910.jpg,2910.txt,images/train/MAR20_2739.jpg,labels/train/MAR20_2739.txt,images/train/2910.jpg,labels/train/2910.txt
2911,2911,MAR20_274.jpg,MAR20_274.txt,2911.jpg,2911.txt,images/train/MAR20_274.jpg,labels/train/MAR20_274.txt,images/train/2911.jpg,labels/train/2911.txt
2912,2912,MAR20_2741.jpg,MAR20_2741.txt,2912.jpg,2912.txt,images/train/MAR20_2741.jpg,labels/train/MAR20_2741.txt,images/train/2912.jpg,labels/train/2912.txt
2913,2913,MAR20_2742.jpg,MAR20_2742.txt,2913.jpg,2913.txt,images/train/MAR20_2742.jpg,labels/train/MAR20_2742.txt,images/train/2913.jpg,labels/train/2913.txt
2914,2914,MAR20_2743.jpg,MAR20_2743.txt,2914.jpg,2914.txt,images/train/MAR20_2743.jpg,labels/train/MAR20_2743.txt,images/train/2914.jpg,labels/train/2914.txt
2915,2915,MAR20_2745.jpg,MAR20_2745.txt,2915.jpg,2915.txt,images/train/MAR20_2745.jpg,labels/train/MAR20_2745.txt,images/train/2915.jpg,labels/train/2915.txt
2916,2916,MAR20_2746.jpg,MAR20_2746.txt,2916.jpg,2916.txt,images/train/MAR20_2746.jpg,labels/train/MAR20_2746.txt,images/train/2916.jpg,labels/train/2916.txt
2917,2917,MAR20_2747.jpg,MAR20_2747.txt,2917.jpg,2917.txt,images/train/MAR20_2747.jpg,labels/train/MAR20_2747.txt,images/train/2917.jpg,labels/train/2917.txt
2918,2918,MAR20_2748.jpg,MAR20_2748.txt,2918.jpg,2918.txt,images/train/MAR20_2748.jpg,labels/train/MAR20_2748.txt,images/train/2918.jpg,labels/train/2918.txt
2919,2919,MAR20_2749.jpg,MAR20_2749.txt,2919.jpg,2919.txt,images/train/MAR20_2749.jpg,labels/train/MAR20_2749.txt,images/train/2919.jpg,labels/train/2919.txt
2920,2920,MAR20_275.jpg,MAR20_275.txt,2920.jpg,2920.txt,images/train/MAR20_275.jpg,labels/train/MAR20_275.txt,images/train/2920.jpg,labels/train/2920.txt
2921,2921,MAR20_2750.jpg,MAR20_2750.txt,2921.jpg,2921.txt,images/train/MAR20_2750.jpg,labels/train/MAR20_2750.txt,images/train/2921.jpg,labels/train/2921.txt
2922,2922,MAR20_2751.jpg,MAR20_2751.txt,2922.jpg,2922.txt,images/train/MAR20_2751.jpg,labels/train/MAR20_2751.txt,images/train/2922.jpg,labels/train/2922.txt
2923,2923,MAR20_2753.jpg,MAR20_2753.txt,2923.jpg,2923.txt,images/train/MAR20_2753.jpg,labels/train/MAR20_2753.txt,images/train/2923.jpg,labels/train/2923.txt
2924,2924,MAR20_2754.jpg,MAR20_2754.txt,2924.jpg,2924.txt,images/train/MAR20_2754.jpg,labels/train/MAR20_2754.txt,images/train/2924.jpg,labels/train/2924.txt
2925,2925,MAR20_2755.jpg,MAR20_2755.txt,2925.jpg,2925.txt,images/train/MAR20_2755.jpg,labels/train/MAR20_2755.txt,images/train/2925.jpg,labels/train/2925.txt
2926,2926,MAR20_2756.jpg,MAR20_2756.txt,2926.jpg,2926.txt,images/train/MAR20_2756.jpg,labels/train/MAR20_2756.txt,images/train/2926.jpg,labels/train/2926.txt
2927,2927,MAR20_2757.jpg,MAR20_2757.txt,2927.jpg,2927.txt,images/train/MAR20_2757.jpg,labels/train/MAR20_2757.txt,images/train/2927.jpg,labels/train/2927.txt
2928,2928,MAR20_2758.jpg,MAR20_2758.txt,2928.jpg,2928.txt,images/train/MAR20_2758.jpg,labels/train/MAR20_2758.txt,images/train/2928.jpg,labels/train/2928.txt
2929,2929,MAR20_2759.jpg,MAR20_2759.txt,2929.jpg,2929.txt,images/train/MAR20_2759.jpg,labels/train/MAR20_2759.txt,images/train/2929.jpg,labels/train/2929.txt
2930,2930,MAR20_276.jpg,MAR20_276.txt,2930.jpg,2930.txt,images/train/MAR20_276.jpg,labels/train/MAR20_276.txt,images/train/2930.jpg,labels/train/2930.txt
2931,2931,MAR20_2760.jpg,MAR20_2760.txt,2931.jpg,2931.txt,images/train/MAR20_2760.jpg,labels/train/MAR20_2760.txt,images/train/2931.jpg,labels/train/2931.txt
2932,2932,MAR20_2761.jpg,MAR20_2761.txt,2932.jpg,2932.txt,images/train/MAR20_2761.jpg,labels/train/MAR20_2761.txt,images/train/2932.jpg,labels/train/2932.txt
2933,2933,MAR20_2762.jpg,MAR20_2762.txt,2933.jpg,2933.txt,images/train/MAR20_2762.jpg,labels/train/MAR20_2762.txt,images/train/2933.jpg,labels/train/2933.txt
2934,2934,MAR20_2764.jpg,MAR20_2764.txt,2934.jpg,2934.txt,images/train/MAR20_2764.jpg,labels/train/MAR20_2764.txt,images/train/2934.jpg,labels/train/2934.txt
2935,2935,MAR20_2765.jpg,MAR20_2765.txt,2935.jpg,2935.txt,images/train/MAR20_2765.jpg,labels/train/MAR20_2765.txt,images/train/2935.jpg,labels/train/2935.txt
2936,2936,MAR20_2766.jpg,MAR20_2766.txt,2936.jpg,2936.txt,images/train/MAR20_2766.jpg,labels/train/MAR20_2766.txt,images/train/2936.jpg,labels/train/2936.txt
2937,2937,MAR20_2767.jpg,MAR20_2767.txt,2937.jpg,2937.txt,images/train/MAR20_2767.jpg,labels/train/MAR20_2767.txt,images/train/2937.jpg,labels/train/2937.txt
2938,2938,MAR20_2768.jpg,MAR20_2768.txt,2938.jpg,2938.txt,images/train/MAR20_2768.jpg,labels/train/MAR20_2768.txt,images/train/2938.jpg,labels/train/2938.txt
2939,2939,MAR20_2769.jpg,MAR20_2769.txt,2939.jpg,2939.txt,images/train/MAR20_2769.jpg,labels/train/MAR20_2769.txt,images/train/2939.jpg,labels/train/2939.txt
2940,2940,MAR20_277.jpg,MAR20_277.txt,2940.jpg,2940.txt,images/train/MAR20_277.jpg,labels/train/MAR20_277.txt,images/train/2940.jpg,labels/train/2940.txt
2941,2941,MAR20_2771.jpg,MAR20_2771.txt,2941.jpg,2941.txt,images/train/MAR20_2771.jpg,labels/train/MAR20_2771.txt,images/train/2941.jpg,labels/train/2941.txt
2942,2942,MAR20_2772.jpg,MAR20_2772.txt,2942.jpg,2942.txt,images/train/MAR20_2772.jpg,labels/train/MAR20_2772.txt,images/train/2942.jpg,labels/train/2942.txt
2943,2943,MAR20_2773.jpg,MAR20_2773.txt,2943.jpg,2943.txt,images/train/MAR20_2773.jpg,labels/train/MAR20_2773.txt,images/train/2943.jpg,labels/train/2943.txt
2944,2944,MAR20_2774.jpg,MAR20_2774.txt,2944.jpg,2944.txt,images/train/MAR20_2774.jpg,labels/train/MAR20_2774.txt,images/train/2944.jpg,labels/train/2944.txt
2945,2945,MAR20_2775.jpg,MAR20_2775.txt,2945.jpg,2945.txt,images/train/MAR20_2775.jpg,labels/train/MAR20_2775.txt,images/train/2945.jpg,labels/train/2945.txt
2946,2946,MAR20_2776.jpg,MAR20_2776.txt,2946.jpg,2946.txt,images/train/MAR20_2776.jpg,labels/train/MAR20_2776.txt,images/train/2946.jpg,labels/train/2946.txt
2947,2947,MAR20_2777.jpg,MAR20_2777.txt,2947.jpg,2947.txt,images/train/MAR20_2777.jpg,labels/train/MAR20_2777.txt,images/train/2947.jpg,labels/train/2947.txt
2948,2948,MAR20_2778.jpg,MAR20_2778.txt,2948.jpg,2948.txt,images/train/MAR20_2778.jpg,labels/train/MAR20_2778.txt,images/train/2948.jpg,labels/train/2948.txt
2949,2949,MAR20_2779.jpg,MAR20_2779.txt,2949.jpg,2949.txt,images/train/MAR20_2779.jpg,labels/train/MAR20_2779.txt,images/train/2949.jpg,labels/train/2949.txt
2950,2950,MAR20_2780.jpg,MAR20_2780.txt,2950.jpg,2950.txt,images/train/MAR20_2780.jpg,labels/train/MAR20_2780.txt,images/train/2950.jpg,labels/train/2950.txt
2951,2951,MAR20_2781.jpg,MAR20_2781.txt,2951.jpg,2951.txt,images/train/MAR20_2781.jpg,labels/train/MAR20_2781.txt,images/train/2951.jpg,labels/train/2951.txt
2952,2952,MAR20_2782.jpg,MAR20_2782.txt,2952.jpg,2952.txt,images/train/MAR20_2782.jpg,labels/train/MAR20_2782.txt,images/train/2952.jpg,labels/train/2952.txt
2953,2953,MAR20_2783.jpg,MAR20_2783.txt,2953.jpg,2953.txt,images/train/MAR20_2783.jpg,labels/train/MAR20_2783.txt,images/train/2953.jpg,labels/train/2953.txt
2954,2954,MAR20_2785.jpg,MAR20_2785.txt,2954.jpg,2954.txt,images/train/MAR20_2785.jpg,labels/train/MAR20_2785.txt,images/train/2954.jpg,labels/train/2954.txt
2955,2955,MAR20_2786.jpg,MAR20_2786.txt,2955.jpg,2955.txt,images/train/MAR20_2786.jpg,labels/train/MAR20_2786.txt,images/train/2955.jpg,labels/train/2955.txt
2956,2956,MAR20_2787.jpg,MAR20_2787.txt,2956.jpg,2956.txt,images/train/MAR20_2787.jpg,labels/train/MAR20_2787.txt,images/train/2956.jpg,labels/train/2956.txt
2957,2957,MAR20_2788.jpg,MAR20_2788.txt,2957.jpg,2957.txt,images/train/MAR20_2788.jpg,labels/train/MAR20_2788.txt,images/train/2957.jpg,labels/train/2957.txt
2958,2958,MAR20_2789.jpg,MAR20_2789.txt,2958.jpg,2958.txt,images/train/MAR20_2789.jpg,labels/train/MAR20_2789.txt,images/train/2958.jpg,labels/train/2958.txt
2959,2959,MAR20_279.jpg,MAR20_279.txt,2959.jpg,2959.txt,images/train/MAR20_279.jpg,labels/train/MAR20_279.txt,images/train/2959.jpg,labels/train/2959.txt
2960,2960,MAR20_2790.jpg,MAR20_2790.txt,2960.jpg,2960.txt,images/train/MAR20_2790.jpg,labels/train/MAR20_2790.txt,images/train/2960.jpg,labels/train/2960.txt
2961,2961,MAR20_2792.jpg,MAR20_2792.txt,2961.jpg,2961.txt,images/train/MAR20_2792.jpg,labels/train/MAR20_2792.txt,images/train/2961.jpg,labels/train/2961.txt
2962,2962,MAR20_2793.jpg,MAR20_2793.txt,2962.jpg,2962.txt,images/train/MAR20_2793.jpg,labels/train/MAR20_2793.txt,images/train/2962.jpg,labels/train/2962.txt
2963,2963,MAR20_2794.jpg,MAR20_2794.txt,2963.jpg,2963.txt,images/train/MAR20_2794.jpg,labels/train/MAR20_2794.txt,images/train/2963.jpg,labels/train/2963.txt
2964,2964,MAR20_2795.jpg,MAR20_2795.txt,2964.jpg,2964.txt,images/train/MAR20_2795.jpg,labels/train/MAR20_2795.txt,images/train/2964.jpg,labels/train/2964.txt
2965,2965,MAR20_2796.jpg,MAR20_2796.txt,2965.jpg,2965.txt,images/train/MAR20_2796.jpg,labels/train/MAR20_2796.txt,images/train/2965.jpg,labels/train/2965.txt
2966,2966,MAR20_2797.jpg,MAR20_2797.txt,2966.jpg,2966.txt,images/train/MAR20_2797.jpg,labels/train/MAR20_2797.txt,images/train/2966.jpg,labels/train/2966.txt
2967,2967,MAR20_2798.jpg,MAR20_2798.txt,2967.jpg,2967.txt,images/train/MAR20_2798.jpg,labels/train/MAR20_2798.txt,images/train/2967.jpg,labels/train/2967.txt
2968,2968,MAR20_2799.jpg,MAR20_2799.txt,2968.jpg,2968.txt,images/train/MAR20_2799.jpg,labels/train/MAR20_2799.txt,images/train/2968.jpg,labels/train/2968.txt
2969,2969,MAR20_28.jpg,MAR20_28.txt,2969.jpg,2969.txt,images/train/MAR20_28.jpg,labels/train/MAR20_28.txt,images/train/2969.jpg,labels/train/2969.txt
2970,2970,MAR20_280.jpg,MAR20_280.txt,2970.jpg,2970.txt,images/train/MAR20_280.jpg,labels/train/MAR20_280.txt,images/train/2970.jpg,labels/train/2970.txt
2971,2971,MAR20_2800.jpg,MAR20_2800.txt,2971.jpg,2971.txt,images/train/MAR20_2800.jpg,labels/train/MAR20_2800.txt,images/train/2971.jpg,labels/train/2971.txt
2972,2972,MAR20_2801.jpg,MAR20_2801.txt,2972.jpg,2972.txt,images/train/MAR20_2801.jpg,labels/train/MAR20_2801.txt,images/train/2972.jpg,labels/train/2972.txt
2973,2973,MAR20_2802.jpg,MAR20_2802.txt,2973.jpg,2973.txt,images/train/MAR20_2802.jpg,labels/train/MAR20_2802.txt,images/train/2973.jpg,labels/train/2973.txt
2974,2974,MAR20_2803.jpg,MAR20_2803.txt,2974.jpg,2974.txt,images/train/MAR20_2803.jpg,labels/train/MAR20_2803.txt,images/train/2974.jpg,labels/train/2974.txt
2975,2975,MAR20_2804.jpg,MAR20_2804.txt,2975.jpg,2975.txt,images/train/MAR20_2804.jpg,labels/train/MAR20_2804.txt,images/train/2975.jpg,labels/train/2975.txt
2976,2976,MAR20_2805.jpg,MAR20_2805.txt,2976.jpg,2976.txt,images/train/MAR20_2805.jpg,labels/train/MAR20_2805.txt,images/train/2976.jpg,labels/train/2976.txt
2977,2977,MAR20_2806.jpg,MAR20_2806.txt,2977.jpg,2977.txt,images/train/MAR20_2806.jpg,labels/train/MAR20_2806.txt,images/train/2977.jpg,labels/train/2977.txt
2978,2978,MAR20_2807.jpg,MAR20_2807.txt,2978.jpg,2978.txt,images/train/MAR20_2807.jpg,labels/train/MAR20_2807.txt,images/train/2978.jpg,labels/train/2978.txt
2979,2979,MAR20_2808.jpg,MAR20_2808.txt,2979.jpg,2979.txt,images/train/MAR20_2808.jpg,labels/train/MAR20_2808.txt,images/train/2979.jpg,labels/train/2979.txt
2980,2980,MAR20_281.jpg,MAR20_281.txt,2980.jpg,2980.txt,images/train/MAR20_281.jpg,labels/train/MAR20_281.txt,images/train/2980.jpg,labels/train/2980.txt
2981,2981,MAR20_2810.jpg,MAR20_2810.txt,2981.jpg,2981.txt,images/train/MAR20_2810.jpg,labels/train/MAR20_2810.txt,images/train/2981.jpg,labels/train/2981.txt
2982,2982,MAR20_2811.jpg,MAR20_2811.txt,2982.jpg,2982.txt,images/train/MAR20_2811.jpg,labels/train/MAR20_2811.txt,images/train/2982.jpg,labels/train/2982.txt
2983,2983,MAR20_2812.jpg,MAR20_2812.txt,2983.jpg,2983.txt,images/train/MAR20_2812.jpg,labels/train/MAR20_2812.txt,images/train/2983.jpg,labels/train/2983.txt
2984,2984,MAR20_2813.jpg,MAR20_2813.txt,2984.jpg,2984.txt,images/train/MAR20_2813.jpg,labels/train/MAR20_2813.txt,images/train/2984.jpg,labels/train/2984.txt
2985,2985,MAR20_2814.jpg,MAR20_2814.txt,2985.jpg,2985.txt,images/train/MAR20_2814.jpg,labels/train/MAR20_2814.txt,images/train/2985.jpg,labels/train/2985.txt
2986,2986,MAR20_2815.jpg,MAR20_2815.txt,2986.jpg,2986.txt,images/train/MAR20_2815.jpg,labels/train/MAR20_2815.txt,images/train/2986.jpg,labels/train/2986.txt
2987,2987,MAR20_2816.jpg,MAR20_2816.txt,2987.jpg,2987.txt,images/train/MAR20_2816.jpg,labels/train/MAR20_2816.txt,images/train/2987.jpg,labels/train/2987.txt
2988,2988,MAR20_2817.jpg,MAR20_2817.txt,2988.jpg,2988.txt,images/train/MAR20_2817.jpg,labels/train/MAR20_2817.txt,images/train/2988.jpg,labels/train/2988.txt
2989,2989,MAR20_2818.jpg,MAR20_2818.txt,2989.jpg,2989.txt,images/train/MAR20_2818.jpg,labels/train/MAR20_2818.txt,images/train/2989.jpg,labels/train/2989.txt
2990,2990,MAR20_2819.jpg,MAR20_2819.txt,2990.jpg,2990.txt,images/train/MAR20_2819.jpg,labels/train/MAR20_2819.txt,images/train/2990.jpg,labels/train/2990.txt
2991,2991,MAR20_2820.jpg,MAR20_2820.txt,2991.jpg,2991.txt,images/train/MAR20_2820.jpg,labels/train/MAR20_2820.txt,images/train/2991.jpg,labels/train/2991.txt
2992,2992,MAR20_2821.jpg,MAR20_2821.txt,2992.jpg,2992.txt,images/train/MAR20_2821.jpg,labels/train/MAR20_2821.txt,images/train/2992.jpg,labels/train/2992.txt
2993,2993,MAR20_2822.jpg,MAR20_2822.txt,2993.jpg,2993.txt,images/train/MAR20_2822.jpg,labels/train/MAR20_2822.txt,images/train/2993.jpg,labels/train/2993.txt
2994,2994,MAR20_2823.jpg,MAR20_2823.txt,2994.jpg,2994.txt,images/train/MAR20_2823.jpg,labels/train/MAR20_2823.txt,images/train/2994.jpg,labels/train/2994.txt
2995,2995,MAR20_2824.jpg,MAR20_2824.txt,2995.jpg,2995.txt,images/train/MAR20_2824.jpg,labels/train/MAR20_2824.txt,images/train/2995.jpg,labels/train/2995.txt
2996,2996,MAR20_2825.jpg,MAR20_2825.txt,2996.jpg,2996.txt,images/train/MAR20_2825.jpg,labels/train/MAR20_2825.txt,images/train/2996.jpg,labels/train/2996.txt
2997,2997,MAR20_2826.jpg,MAR20_2826.txt,2997.jpg,2997.txt,images/train/MAR20_2826.jpg,labels/train/MAR20_2826.txt,images/train/2997.jpg,labels/train/2997.txt
2998,2998,MAR20_2827.jpg,MAR20_2827.txt,2998.jpg,2998.txt,images/train/MAR20_2827.jpg,labels/train/MAR20_2827.txt,images/train/2998.jpg,labels/train/2998.txt
2999,2999,MAR20_2829.jpg,MAR20_2829.txt,2999.jpg,2999.txt,images/train/MAR20_2829.jpg,labels/train/MAR20_2829.txt,images/train/2999.jpg,labels/train/2999.txt
3000,3000,MAR20_283.jpg,MAR20_283.txt,3000.jpg,3000.txt,images/train/MAR20_283.jpg,labels/train/MAR20_283.txt,images/train/3000.jpg,labels/train/3000.txt
3001,3001,MAR20_2830.jpg,MAR20_2830.txt,3001.jpg,3001.txt,images/train/MAR20_2830.jpg,labels/train/MAR20_2830.txt,images/train/3001.jpg,labels/train/3001.txt
3002,3002,MAR20_2831.jpg,MAR20_2831.txt,3002.jpg,3002.txt,images/train/MAR20_2831.jpg,labels/train/MAR20_2831.txt,images/train/3002.jpg,labels/train/3002.txt
3003,3003,MAR20_2833.jpg,MAR20_2833.txt,3003.jpg,3003.txt,images/train/MAR20_2833.jpg,labels/train/MAR20_2833.txt,images/train/3003.jpg,labels/train/3003.txt
3004,3004,MAR20_2836.jpg,MAR20_2836.txt,3004.jpg,3004.txt,images/train/MAR20_2836.jpg,labels/train/MAR20_2836.txt,images/train/3004.jpg,labels/train/3004.txt
3005,3005,MAR20_2838.jpg,MAR20_2838.txt,3005.jpg,3005.txt,images/train/MAR20_2838.jpg,labels/train/MAR20_2838.txt,images/train/3005.jpg,labels/train/3005.txt
3006,3006,MAR20_284.jpg,MAR20_284.txt,3006.jpg,3006.txt,images/train/MAR20_284.jpg,labels/train/MAR20_284.txt,images/train/3006.jpg,labels/train/3006.txt
3007,3007,MAR20_2840.jpg,MAR20_2840.txt,3007.jpg,3007.txt,images/train/MAR20_2840.jpg,labels/train/MAR20_2840.txt,images/train/3007.jpg,labels/train/3007.txt
3008,3008,MAR20_2842.jpg,MAR20_2842.txt,3008.jpg,3008.txt,images/train/MAR20_2842.jpg,labels/train/MAR20_2842.txt,images/train/3008.jpg,labels/train/3008.txt
3009,3009,MAR20_2843.jpg,MAR20_2843.txt,3009.jpg,3009.txt,images/train/MAR20_2843.jpg,labels/train/MAR20_2843.txt,images/train/3009.jpg,labels/train/3009.txt
3010,3010,MAR20_2844.jpg,MAR20_2844.txt,3010.jpg,3010.txt,images/train/MAR20_2844.jpg,labels/train/MAR20_2844.txt,images/train/3010.jpg,labels/train/3010.txt
3011,3011,MAR20_2845.jpg,MAR20_2845.txt,3011.jpg,3011.txt,images/train/MAR20_2845.jpg,labels/train/MAR20_2845.txt,images/train/3011.jpg,labels/train/3011.txt
3012,3012,MAR20_2846.jpg,MAR20_2846.txt,3012.jpg,3012.txt,images/train/MAR20_2846.jpg,labels/train/MAR20_2846.txt,images/train/3012.jpg,labels/train/3012.txt
3013,3013,MAR20_2848.jpg,MAR20_2848.txt,3013.jpg,3013.txt,images/train/MAR20_2848.jpg,labels/train/MAR20_2848.txt,images/train/3013.jpg,labels/train/3013.txt
3014,3014,MAR20_2849.jpg,MAR20_2849.txt,3014.jpg,3014.txt,images/train/MAR20_2849.jpg,labels/train/MAR20_2849.txt,images/train/3014.jpg,labels/train/3014.txt
3015,3015,MAR20_2850.jpg,MAR20_2850.txt,3015.jpg,3015.txt,images/train/MAR20_2850.jpg,labels/train/MAR20_2850.txt,images/train/3015.jpg,labels/train/3015.txt
3016,3016,MAR20_2853.jpg,MAR20_2853.txt,3016.jpg,3016.txt,images/train/MAR20_2853.jpg,labels/train/MAR20_2853.txt,images/train/3016.jpg,labels/train/3016.txt
3017,3017,MAR20_2854.jpg,MAR20_2854.txt,3017.jpg,3017.txt,images/train/MAR20_2854.jpg,labels/train/MAR20_2854.txt,images/train/3017.jpg,labels/train/3017.txt
3018,3018,MAR20_2855.jpg,MAR20_2855.txt,3018.jpg,3018.txt,images/train/MAR20_2855.jpg,labels/train/MAR20_2855.txt,images/train/3018.jpg,labels/train/3018.txt
3019,3019,MAR20_2856.jpg,MAR20_2856.txt,3019.jpg,3019.txt,images/train/MAR20_2856.jpg,labels/train/MAR20_2856.txt,images/train/3019.jpg,labels/train/3019.txt
3020,3020,MAR20_2857.jpg,MAR20_2857.txt,3020.jpg,3020.txt,images/train/MAR20_2857.jpg,labels/train/MAR20_2857.txt,images/train/3020.jpg,labels/train/3020.txt
3021,3021,MAR20_2858.jpg,MAR20_2858.txt,3021.jpg,3021.txt,images/train/MAR20_2858.jpg,labels/train/MAR20_2858.txt,images/train/3021.jpg,labels/train/3021.txt
3022,3022,MAR20_286.jpg,MAR20_286.txt,3022.jpg,3022.txt,images/train/MAR20_286.jpg,labels/train/MAR20_286.txt,images/train/3022.jpg,labels/train/3022.txt
3023,3023,MAR20_2860.jpg,MAR20_2860.txt,3023.jpg,3023.txt,images/train/MAR20_2860.jpg,labels/train/MAR20_2860.txt,images/train/3023.jpg,labels/train/3023.txt
3024,3024,MAR20_2861.jpg,MAR20_2861.txt,3024.jpg,3024.txt,images/train/MAR20_2861.jpg,labels/train/MAR20_2861.txt,images/train/3024.jpg,labels/train/3024.txt
3025,3025,MAR20_2863.jpg,MAR20_2863.txt,3025.jpg,3025.txt,images/train/MAR20_2863.jpg,labels/train/MAR20_2863.txt,images/train/3025.jpg,labels/train/3025.txt
3026,3026,MAR20_2864.jpg,MAR20_2864.txt,3026.jpg,3026.txt,images/train/MAR20_2864.jpg,labels/train/MAR20_2864.txt,images/train/3026.jpg,labels/train/3026.txt
3027,3027,MAR20_2865.jpg,MAR20_2865.txt,3027.jpg,3027.txt,images/train/MAR20_2865.jpg,labels/train/MAR20_2865.txt,images/train/3027.jpg,labels/train/3027.txt
3028,3028,MAR20_2866.jpg,MAR20_2866.txt,3028.jpg,3028.txt,images/train/MAR20_2866.jpg,labels/train/MAR20_2866.txt,images/train/3028.jpg,labels/train/3028.txt
3029,3029,MAR20_2867.jpg,MAR20_2867.txt,3029.jpg,3029.txt,images/train/MAR20_2867.jpg,labels/train/MAR20_2867.txt,images/train/3029.jpg,labels/train/3029.txt
3030,3030,MAR20_2869.jpg,MAR20_2869.txt,3030.jpg,3030.txt,images/train/MAR20_2869.jpg,labels/train/MAR20_2869.txt,images/train/3030.jpg,labels/train/3030.txt
3031,3031,MAR20_2871.jpg,MAR20_2871.txt,3031.jpg,3031.txt,images/train/MAR20_2871.jpg,labels/train/MAR20_2871.txt,images/train/3031.jpg,labels/train/3031.txt
3032,3032,MAR20_2872.jpg,MAR20_2872.txt,3032.jpg,3032.txt,images/train/MAR20_2872.jpg,labels/train/MAR20_2872.txt,images/train/3032.jpg,labels/train/3032.txt
3033,3033,MAR20_2875.jpg,MAR20_2875.txt,3033.jpg,3033.txt,images/train/MAR20_2875.jpg,labels/train/MAR20_2875.txt,images/train/3033.jpg,labels/train/3033.txt
3034,3034,MAR20_2876.jpg,MAR20_2876.txt,3034.jpg,3034.txt,images/train/MAR20_2876.jpg,labels/train/MAR20_2876.txt,images/train/3034.jpg,labels/train/3034.txt
3035,3035,MAR20_2877.jpg,MAR20_2877.txt,3035.jpg,3035.txt,images/train/MAR20_2877.jpg,labels/train/MAR20_2877.txt,images/train/3035.jpg,labels/train/3035.txt
3036,3036,MAR20_2878.jpg,MAR20_2878.txt,3036.jpg,3036.txt,images/train/MAR20_2878.jpg,labels/train/MAR20_2878.txt,images/train/3036.jpg,labels/train/3036.txt
3037,3037,MAR20_2879.jpg,MAR20_2879.txt,3037.jpg,3037.txt,images/train/MAR20_2879.jpg,labels/train/MAR20_2879.txt,images/train/3037.jpg,labels/train/3037.txt
3038,3038,MAR20_288.jpg,MAR20_288.txt,3038.jpg,3038.txt,images/train/MAR20_288.jpg,labels/train/MAR20_288.txt,images/train/3038.jpg,labels/train/3038.txt
3039,3039,MAR20_2880.jpg,MAR20_2880.txt,3039.jpg,3039.txt,images/train/MAR20_2880.jpg,labels/train/MAR20_2880.txt,images/train/3039.jpg,labels/train/3039.txt
3040,3040,MAR20_2881.jpg,MAR20_2881.txt,3040.jpg,3040.txt,images/train/MAR20_2881.jpg,labels/train/MAR20_2881.txt,images/train/3040.jpg,labels/train/3040.txt
3041,3041,MAR20_2882.jpg,MAR20_2882.txt,3041.jpg,3041.txt,images/train/MAR20_2882.jpg,labels/train/MAR20_2882.txt,images/train/3041.jpg,labels/train/3041.txt
3042,3042,MAR20_2883.jpg,MAR20_2883.txt,3042.jpg,3042.txt,images/train/MAR20_2883.jpg,labels/train/MAR20_2883.txt,images/train/3042.jpg,labels/train/3042.txt
3043,3043,MAR20_2884.jpg,MAR20_2884.txt,3043.jpg,3043.txt,images/train/MAR20_2884.jpg,labels/train/MAR20_2884.txt,images/train/3043.jpg,labels/train/3043.txt
3044,3044,MAR20_2885.jpg,MAR20_2885.txt,3044.jpg,3044.txt,images/train/MAR20_2885.jpg,labels/train/MAR20_2885.txt,images/train/3044.jpg,labels/train/3044.txt
3045,3045,MAR20_2886.jpg,MAR20_2886.txt,3045.jpg,3045.txt,images/train/MAR20_2886.jpg,labels/train/MAR20_2886.txt,images/train/3045.jpg,labels/train/3045.txt
3046,3046,MAR20_2887.jpg,MAR20_2887.txt,3046.jpg,3046.txt,images/train/MAR20_2887.jpg,labels/train/MAR20_2887.txt,images/train/3046.jpg,labels/train/3046.txt
3047,3047,MAR20_2888.jpg,MAR20_2888.txt,3047.jpg,3047.txt,images/train/MAR20_2888.jpg,labels/train/MAR20_2888.txt,images/train/3047.jpg,labels/train/3047.txt
3048,3048,MAR20_2889.jpg,MAR20_2889.txt,3048.jpg,3048.txt,images/train/MAR20_2889.jpg,labels/train/MAR20_2889.txt,images/train/3048.jpg,labels/train/3048.txt
3049,3049,MAR20_289.jpg,MAR20_289.txt,3049.jpg,3049.txt,images/train/MAR20_289.jpg,labels/train/MAR20_289.txt,images/train/3049.jpg,labels/train/3049.txt
3050,3050,MAR20_2892.jpg,MAR20_2892.txt,3050.jpg,3050.txt,images/train/MAR20_2892.jpg,labels/train/MAR20_2892.txt,images/train/3050.jpg,labels/train/3050.txt
3051,3051,MAR20_2893.jpg,MAR20_2893.txt,3051.jpg,3051.txt,images/train/MAR20_2893.jpg,labels/train/MAR20_2893.txt,images/train/3051.jpg,labels/train/3051.txt
3052,3052,MAR20_2894.jpg,MAR20_2894.txt,3052.jpg,3052.txt,images/train/MAR20_2894.jpg,labels/train/MAR20_2894.txt,images/train/3052.jpg,labels/train/3052.txt
3053,3053,MAR20_2895.jpg,MAR20_2895.txt,3053.jpg,3053.txt,images/train/MAR20_2895.jpg,labels/train/MAR20_2895.txt,images/train/3053.jpg,labels/train/3053.txt
3054,3054,MAR20_2896.jpg,MAR20_2896.txt,3054.jpg,3054.txt,images/train/MAR20_2896.jpg,labels/train/MAR20_2896.txt,images/train/3054.jpg,labels/train/3054.txt
3055,3055,MAR20_290.jpg,MAR20_290.txt,3055.jpg,3055.txt,images/train/MAR20_290.jpg,labels/train/MAR20_290.txt,images/train/3055.jpg,labels/train/3055.txt
3056,3056,MAR20_2901.jpg,MAR20_2901.txt,3056.jpg,3056.txt,images/train/MAR20_2901.jpg,labels/train/MAR20_2901.txt,images/train/3056.jpg,labels/train/3056.txt
3057,3057,MAR20_2902.jpg,MAR20_2902.txt,3057.jpg,3057.txt,images/train/MAR20_2902.jpg,labels/train/MAR20_2902.txt,images/train/3057.jpg,labels/train/3057.txt
3058,3058,MAR20_2903.jpg,MAR20_2903.txt,3058.jpg,3058.txt,images/train/MAR20_2903.jpg,labels/train/MAR20_2903.txt,images/train/3058.jpg,labels/train/3058.txt
3059,3059,MAR20_2904.jpg,MAR20_2904.txt,3059.jpg,3059.txt,images/train/MAR20_2904.jpg,labels/train/MAR20_2904.txt,images/train/3059.jpg,labels/train/3059.txt
3060,3060,MAR20_2905.jpg,MAR20_2905.txt,3060.jpg,3060.txt,images/train/MAR20_2905.jpg,labels/train/MAR20_2905.txt,images/train/3060.jpg,labels/train/3060.txt
3061,3061,MAR20_2908.jpg,MAR20_2908.txt,3061.jpg,3061.txt,images/train/MAR20_2908.jpg,labels/train/MAR20_2908.txt,images/train/3061.jpg,labels/train/3061.txt
3062,3062,MAR20_291.jpg,MAR20_291.txt,3062.jpg,3062.txt,images/train/MAR20_291.jpg,labels/train/MAR20_291.txt,images/train/3062.jpg,labels/train/3062.txt
3063,3063,MAR20_2910.jpg,MAR20_2910.txt,3063.jpg,3063.txt,images/train/MAR20_2910.jpg,labels/train/MAR20_2910.txt,images/train/3063.jpg,labels/train/3063.txt
3064,3064,MAR20_2913.jpg,MAR20_2913.txt,3064.jpg,3064.txt,images/train/MAR20_2913.jpg,labels/train/MAR20_2913.txt,images/train/3064.jpg,labels/train/3064.txt
3065,3065,MAR20_2914.jpg,MAR20_2914.txt,3065.jpg,3065.txt,images/train/MAR20_2914.jpg,labels/train/MAR20_2914.txt,images/train/3065.jpg,labels/train/3065.txt
3066,3066,MAR20_2915.jpg,MAR20_2915.txt,3066.jpg,3066.txt,images/train/MAR20_2915.jpg,labels/train/MAR20_2915.txt,images/train/3066.jpg,labels/train/3066.txt
3067,3067,MAR20_2916.jpg,MAR20_2916.txt,3067.jpg,3067.txt,images/train/MAR20_2916.jpg,labels/train/MAR20_2916.txt,images/train/3067.jpg,labels/train/3067.txt
3068,3068,MAR20_2917.jpg,MAR20_2917.txt,3068.jpg,3068.txt,images/train/MAR20_2917.jpg,labels/train/MAR20_2917.txt,images/train/3068.jpg,labels/train/3068.txt
3069,3069,MAR20_2918.jpg,MAR20_2918.txt,3069.jpg,3069.txt,images/train/MAR20_2918.jpg,labels/train/MAR20_2918.txt,images/train/3069.jpg,labels/train/3069.txt
3070,3070,MAR20_2919.jpg,MAR20_2919.txt,3070.jpg,3070.txt,images/train/MAR20_2919.jpg,labels/train/MAR20_2919.txt,images/train/3070.jpg,labels/train/3070.txt
3071,3071,MAR20_292.jpg,MAR20_292.txt,3071.jpg,3071.txt,images/train/MAR20_292.jpg,labels/train/MAR20_292.txt,images/train/3071.jpg,labels/train/3071.txt
3072,3072,MAR20_2920.jpg,MAR20_2920.txt,3072.jpg,3072.txt,images/train/MAR20_2920.jpg,labels/train/MAR20_2920.txt,images/train/3072.jpg,labels/train/3072.txt
3073,3073,MAR20_2921.jpg,MAR20_2921.txt,3073.jpg,3073.txt,images/train/MAR20_2921.jpg,labels/train/MAR20_2921.txt,images/train/3073.jpg,labels/train/3073.txt
3074,3074,MAR20_2922.jpg,MAR20_2922.txt,3074.jpg,3074.txt,images/train/MAR20_2922.jpg,labels/train/MAR20_2922.txt,images/train/3074.jpg,labels/train/3074.txt
3075,3075,MAR20_2923.jpg,MAR20_2923.txt,3075.jpg,3075.txt,images/train/MAR20_2923.jpg,labels/train/MAR20_2923.txt,images/train/3075.jpg,labels/train/3075.txt
3076,3076,MAR20_2924.jpg,MAR20_2924.txt,3076.jpg,3076.txt,images/train/MAR20_2924.jpg,labels/train/MAR20_2924.txt,images/train/3076.jpg,labels/train/3076.txt
3077,3077,MAR20_2925.jpg,MAR20_2925.txt,3077.jpg,3077.txt,images/train/MAR20_2925.jpg,labels/train/MAR20_2925.txt,images/train/3077.jpg,labels/train/3077.txt
3078,3078,MAR20_2927.jpg,MAR20_2927.txt,3078.jpg,3078.txt,images/train/MAR20_2927.jpg,labels/train/MAR20_2927.txt,images/train/3078.jpg,labels/train/3078.txt
3079,3079,MAR20_2928.jpg,MAR20_2928.txt,3079.jpg,3079.txt,images/train/MAR20_2928.jpg,labels/train/MAR20_2928.txt,images/train/3079.jpg,labels/train/3079.txt
3080,3080,MAR20_293.jpg,MAR20_293.txt,3080.jpg,3080.txt,images/train/MAR20_293.jpg,labels/train/MAR20_293.txt,images/train/3080.jpg,labels/train/3080.txt
3081,3081,MAR20_2931.jpg,MAR20_2931.txt,3081.jpg,3081.txt,images/train/MAR20_2931.jpg,labels/train/MAR20_2931.txt,images/train/3081.jpg,labels/train/3081.txt
3082,3082,MAR20_2932.jpg,MAR20_2932.txt,3082.jpg,3082.txt,images/train/MAR20_2932.jpg,labels/train/MAR20_2932.txt,images/train/3082.jpg,labels/train/3082.txt
3083,3083,MAR20_2933.jpg,MAR20_2933.txt,3083.jpg,3083.txt,images/train/MAR20_2933.jpg,labels/train/MAR20_2933.txt,images/train/3083.jpg,labels/train/3083.txt
3084,3084,MAR20_2934.jpg,MAR20_2934.txt,3084.jpg,3084.txt,images/train/MAR20_2934.jpg,labels/train/MAR20_2934.txt,images/train/3084.jpg,labels/train/3084.txt
3085,3085,MAR20_2935.jpg,MAR20_2935.txt,3085.jpg,3085.txt,images/train/MAR20_2935.jpg,labels/train/MAR20_2935.txt,images/train/3085.jpg,labels/train/3085.txt
3086,3086,MAR20_2936.jpg,MAR20_2936.txt,3086.jpg,3086.txt,images/train/MAR20_2936.jpg,labels/train/MAR20_2936.txt,images/train/3086.jpg,labels/train/3086.txt
3087,3087,MAR20_2939.jpg,MAR20_2939.txt,3087.jpg,3087.txt,images/train/MAR20_2939.jpg,labels/train/MAR20_2939.txt,images/train/3087.jpg,labels/train/3087.txt
3088,3088,MAR20_2940.jpg,MAR20_2940.txt,3088.jpg,3088.txt,images/train/MAR20_2940.jpg,labels/train/MAR20_2940.txt,images/train/3088.jpg,labels/train/3088.txt
3089,3089,MAR20_2941.jpg,MAR20_2941.txt,3089.jpg,3089.txt,images/train/MAR20_2941.jpg,labels/train/MAR20_2941.txt,images/train/3089.jpg,labels/train/3089.txt
3090,3090,MAR20_2942.jpg,MAR20_2942.txt,3090.jpg,3090.txt,images/train/MAR20_2942.jpg,labels/train/MAR20_2942.txt,images/train/3090.jpg,labels/train/3090.txt
3091,3091,MAR20_2945.jpg,MAR20_2945.txt,3091.jpg,3091.txt,images/train/MAR20_2945.jpg,labels/train/MAR20_2945.txt,images/train/3091.jpg,labels/train/3091.txt
3092,3092,MAR20_2946.jpg,MAR20_2946.txt,3092.jpg,3092.txt,images/train/MAR20_2946.jpg,labels/train/MAR20_2946.txt,images/train/3092.jpg,labels/train/3092.txt
3093,3093,MAR20_2947.jpg,MAR20_2947.txt,3093.jpg,3093.txt,images/train/MAR20_2947.jpg,labels/train/MAR20_2947.txt,images/train/3093.jpg,labels/train/3093.txt
3094,3094,MAR20_2948.jpg,MAR20_2948.txt,3094.jpg,3094.txt,images/train/MAR20_2948.jpg,labels/train/MAR20_2948.txt,images/train/3094.jpg,labels/train/3094.txt
3095,3095,MAR20_2949.jpg,MAR20_2949.txt,3095.jpg,3095.txt,images/train/MAR20_2949.jpg,labels/train/MAR20_2949.txt,images/train/3095.jpg,labels/train/3095.txt
3096,3096,MAR20_295.jpg,MAR20_295.txt,3096.jpg,3096.txt,images/train/MAR20_295.jpg,labels/train/MAR20_295.txt,images/train/3096.jpg,labels/train/3096.txt
3097,3097,MAR20_2951.jpg,MAR20_2951.txt,3097.jpg,3097.txt,images/train/MAR20_2951.jpg,labels/train/MAR20_2951.txt,images/train/3097.jpg,labels/train/3097.txt
3098,3098,MAR20_2952.jpg,MAR20_2952.txt,3098.jpg,3098.txt,images/train/MAR20_2952.jpg,labels/train/MAR20_2952.txt,images/train/3098.jpg,labels/train/3098.txt
3099,3099,MAR20_2953.jpg,MAR20_2953.txt,3099.jpg,3099.txt,images/train/MAR20_2953.jpg,labels/train/MAR20_2953.txt,images/train/3099.jpg,labels/train/3099.txt
3100,3100,MAR20_2954.jpg,MAR20_2954.txt,3100.jpg,3100.txt,images/train/MAR20_2954.jpg,labels/train/MAR20_2954.txt,images/train/3100.jpg,labels/train/3100.txt
3101,3101,MAR20_2955.jpg,MAR20_2955.txt,3101.jpg,3101.txt,images/train/MAR20_2955.jpg,labels/train/MAR20_2955.txt,images/train/3101.jpg,labels/train/3101.txt
3102,3102,MAR20_2956.jpg,MAR20_2956.txt,3102.jpg,3102.txt,images/train/MAR20_2956.jpg,labels/train/MAR20_2956.txt,images/train/3102.jpg,labels/train/3102.txt
3103,3103,MAR20_2957.jpg,MAR20_2957.txt,3103.jpg,3103.txt,images/train/MAR20_2957.jpg,labels/train/MAR20_2957.txt,images/train/3103.jpg,labels/train/3103.txt
3104,3104,MAR20_2958.jpg,MAR20_2958.txt,3104.jpg,3104.txt,images/train/MAR20_2958.jpg,labels/train/MAR20_2958.txt,images/train/3104.jpg,labels/train/3104.txt
3105,3105,MAR20_2959.jpg,MAR20_2959.txt,3105.jpg,3105.txt,images/train/MAR20_2959.jpg,labels/train/MAR20_2959.txt,images/train/3105.jpg,labels/train/3105.txt
3106,3106,MAR20_296.jpg,MAR20_296.txt,3106.jpg,3106.txt,images/train/MAR20_296.jpg,labels/train/MAR20_296.txt,images/train/3106.jpg,labels/train/3106.txt
3107,3107,MAR20_2960.jpg,MAR20_2960.txt,3107.jpg,3107.txt,images/train/MAR20_2960.jpg,labels/train/MAR20_2960.txt,images/train/3107.jpg,labels/train/3107.txt
3108,3108,MAR20_2961.jpg,MAR20_2961.txt,3108.jpg,3108.txt,images/train/MAR20_2961.jpg,labels/train/MAR20_2961.txt,images/train/3108.jpg,labels/train/3108.txt
3109,3109,MAR20_2962.jpg,MAR20_2962.txt,3109.jpg,3109.txt,images/train/MAR20_2962.jpg,labels/train/MAR20_2962.txt,images/train/3109.jpg,labels/train/3109.txt
3110,3110,MAR20_2963.jpg,MAR20_2963.txt,3110.jpg,3110.txt,images/train/MAR20_2963.jpg,labels/train/MAR20_2963.txt,images/train/3110.jpg,labels/train/3110.txt
3111,3111,MAR20_2964.jpg,MAR20_2964.txt,3111.jpg,3111.txt,images/train/MAR20_2964.jpg,labels/train/MAR20_2964.txt,images/train/3111.jpg,labels/train/3111.txt
3112,3112,MAR20_2965.jpg,MAR20_2965.txt,3112.jpg,3112.txt,images/train/MAR20_2965.jpg,labels/train/MAR20_2965.txt,images/train/3112.jpg,labels/train/3112.txt
3113,3113,MAR20_2967.jpg,MAR20_2967.txt,3113.jpg,3113.txt,images/train/MAR20_2967.jpg,labels/train/MAR20_2967.txt,images/train/3113.jpg,labels/train/3113.txt
3114,3114,MAR20_2969.jpg,MAR20_2969.txt,3114.jpg,3114.txt,images/train/MAR20_2969.jpg,labels/train/MAR20_2969.txt,images/train/3114.jpg,labels/train/3114.txt
3115,3115,MAR20_297.jpg,MAR20_297.txt,3115.jpg,3115.txt,images/train/MAR20_297.jpg,labels/train/MAR20_297.txt,images/train/3115.jpg,labels/train/3115.txt
3116,3116,MAR20_2970.jpg,MAR20_2970.txt,3116.jpg,3116.txt,images/train/MAR20_2970.jpg,labels/train/MAR20_2970.txt,images/train/3116.jpg,labels/train/3116.txt
3117,3117,MAR20_2971.jpg,MAR20_2971.txt,3117.jpg,3117.txt,images/train/MAR20_2971.jpg,labels/train/MAR20_2971.txt,images/train/3117.jpg,labels/train/3117.txt
3118,3118,MAR20_2972.jpg,MAR20_2972.txt,3118.jpg,3118.txt,images/train/MAR20_2972.jpg,labels/train/MAR20_2972.txt,images/train/3118.jpg,labels/train/3118.txt
3119,3119,MAR20_2973.jpg,MAR20_2973.txt,3119.jpg,3119.txt,images/train/MAR20_2973.jpg,labels/train/MAR20_2973.txt,images/train/3119.jpg,labels/train/3119.txt
3120,3120,MAR20_2974.jpg,MAR20_2974.txt,3120.jpg,3120.txt,images/train/MAR20_2974.jpg,labels/train/MAR20_2974.txt,images/train/3120.jpg,labels/train/3120.txt
3121,3121,MAR20_2976.jpg,MAR20_2976.txt,3121.jpg,3121.txt,images/train/MAR20_2976.jpg,labels/train/MAR20_2976.txt,images/train/3121.jpg,labels/train/3121.txt
3122,3122,MAR20_2977.jpg,MAR20_2977.txt,3122.jpg,3122.txt,images/train/MAR20_2977.jpg,labels/train/MAR20_2977.txt,images/train/3122.jpg,labels/train/3122.txt
3123,3123,MAR20_2978.jpg,MAR20_2978.txt,3123.jpg,3123.txt,images/train/MAR20_2978.jpg,labels/train/MAR20_2978.txt,images/train/3123.jpg,labels/train/3123.txt
3124,3124,MAR20_2979.jpg,MAR20_2979.txt,3124.jpg,3124.txt,images/train/MAR20_2979.jpg,labels/train/MAR20_2979.txt,images/train/3124.jpg,labels/train/3124.txt
3125,3125,MAR20_298.jpg,MAR20_298.txt,3125.jpg,3125.txt,images/train/MAR20_298.jpg,labels/train/MAR20_298.txt,images/train/3125.jpg,labels/train/3125.txt
3126,3126,MAR20_2980.jpg,MAR20_2980.txt,3126.jpg,3126.txt,images/train/MAR20_2980.jpg,labels/train/MAR20_2980.txt,images/train/3126.jpg,labels/train/3126.txt
3127,3127,MAR20_2981.jpg,MAR20_2981.txt,3127.jpg,3127.txt,images/train/MAR20_2981.jpg,labels/train/MAR20_2981.txt,images/train/3127.jpg,labels/train/3127.txt
3128,3128,MAR20_2982.jpg,MAR20_2982.txt,3128.jpg,3128.txt,images/train/MAR20_2982.jpg,labels/train/MAR20_2982.txt,images/train/3128.jpg,labels/train/3128.txt
3129,3129,MAR20_2983.jpg,MAR20_2983.txt,3129.jpg,3129.txt,images/train/MAR20_2983.jpg,labels/train/MAR20_2983.txt,images/train/3129.jpg,labels/train/3129.txt
3130,3130,MAR20_2984.jpg,MAR20_2984.txt,3130.jpg,3130.txt,images/train/MAR20_2984.jpg,labels/train/MAR20_2984.txt,images/train/3130.jpg,labels/train/3130.txt
3131,3131,MAR20_2985.jpg,MAR20_2985.txt,3131.jpg,3131.txt,images/train/MAR20_2985.jpg,labels/train/MAR20_2985.txt,images/train/3131.jpg,labels/train/3131.txt
3132,3132,MAR20_2986.jpg,MAR20_2986.txt,3132.jpg,3132.txt,images/train/MAR20_2986.jpg,labels/train/MAR20_2986.txt,images/train/3132.jpg,labels/train/3132.txt
3133,3133,MAR20_2987.jpg,MAR20_2987.txt,3133.jpg,3133.txt,images/train/MAR20_2987.jpg,labels/train/MAR20_2987.txt,images/train/3133.jpg,labels/train/3133.txt
3134,3134,MAR20_2988.jpg,MAR20_2988.txt,3134.jpg,3134.txt,images/train/MAR20_2988.jpg,labels/train/MAR20_2988.txt,images/train/3134.jpg,labels/train/3134.txt
3135,3135,MAR20_299.jpg,MAR20_299.txt,3135.jpg,3135.txt,images/train/MAR20_299.jpg,labels/train/MAR20_299.txt,images/train/3135.jpg,labels/train/3135.txt
3136,3136,MAR20_2990.jpg,MAR20_2990.txt,3136.jpg,3136.txt,images/train/MAR20_2990.jpg,labels/train/MAR20_2990.txt,images/train/3136.jpg,labels/train/3136.txt
3137,3137,MAR20_2991.jpg,MAR20_2991.txt,3137.jpg,3137.txt,images/train/MAR20_2991.jpg,labels/train/MAR20_2991.txt,images/train/3137.jpg,labels/train/3137.txt
3138,3138,MAR20_2992.jpg,MAR20_2992.txt,3138.jpg,3138.txt,images/train/MAR20_2992.jpg,labels/train/MAR20_2992.txt,images/train/3138.jpg,labels/train/3138.txt
3139,3139,MAR20_2993.jpg,MAR20_2993.txt,3139.jpg,3139.txt,images/train/MAR20_2993.jpg,labels/train/MAR20_2993.txt,images/train/3139.jpg,labels/train/3139.txt
3140,3140,MAR20_2994.jpg,MAR20_2994.txt,3140.jpg,3140.txt,images/train/MAR20_2994.jpg,labels/train/MAR20_2994.txt,images/train/3140.jpg,labels/train/3140.txt
3141,3141,MAR20_2995.jpg,MAR20_2995.txt,3141.jpg,3141.txt,images/train/MAR20_2995.jpg,labels/train/MAR20_2995.txt,images/train/3141.jpg,labels/train/3141.txt
3142,3142,MAR20_2996.jpg,MAR20_2996.txt,3142.jpg,3142.txt,images/train/MAR20_2996.jpg,labels/train/MAR20_2996.txt,images/train/3142.jpg,labels/train/3142.txt
3143,3143,MAR20_2997.jpg,MAR20_2997.txt,3143.jpg,3143.txt,images/train/MAR20_2997.jpg,labels/train/MAR20_2997.txt,images/train/3143.jpg,labels/train/3143.txt
3144,3144,MAR20_2999.jpg,MAR20_2999.txt,3144.jpg,3144.txt,images/train/MAR20_2999.jpg,labels/train/MAR20_2999.txt,images/train/3144.jpg,labels/train/3144.txt
3145,3145,MAR20_3.jpg,MAR20_3.txt,3145.jpg,3145.txt,images/train/MAR20_3.jpg,labels/train/MAR20_3.txt,images/train/3145.jpg,labels/train/3145.txt
3146,3146,MAR20_30.jpg,MAR20_30.txt,3146.jpg,3146.txt,images/train/MAR20_30.jpg,labels/train/MAR20_30.txt,images/train/3146.jpg,labels/train/3146.txt
3147,3147,MAR20_3000.jpg,MAR20_3000.txt,3147.jpg,3147.txt,images/train/MAR20_3000.jpg,labels/train/MAR20_3000.txt,images/train/3147.jpg,labels/train/3147.txt
3148,3148,MAR20_3001.jpg,MAR20_3001.txt,3148.jpg,3148.txt,images/train/MAR20_3001.jpg,labels/train/MAR20_3001.txt,images/train/3148.jpg,labels/train/3148.txt
3149,3149,MAR20_3002.jpg,MAR20_3002.txt,3149.jpg,3149.txt,images/train/MAR20_3002.jpg,labels/train/MAR20_3002.txt,images/train/3149.jpg,labels/train/3149.txt
3150,3150,MAR20_3004.jpg,MAR20_3004.txt,3150.jpg,3150.txt,images/train/MAR20_3004.jpg,labels/train/MAR20_3004.txt,images/train/3150.jpg,labels/train/3150.txt
3151,3151,MAR20_3005.jpg,MAR20_3005.txt,3151.jpg,3151.txt,images/train/MAR20_3005.jpg,labels/train/MAR20_3005.txt,images/train/3151.jpg,labels/train/3151.txt
3152,3152,MAR20_3006.jpg,MAR20_3006.txt,3152.jpg,3152.txt,images/train/MAR20_3006.jpg,labels/train/MAR20_3006.txt,images/train/3152.jpg,labels/train/3152.txt
3153,3153,MAR20_3007.jpg,MAR20_3007.txt,3153.jpg,3153.txt,images/train/MAR20_3007.jpg,labels/train/MAR20_3007.txt,images/train/3153.jpg,labels/train/3153.txt
3154,3154,MAR20_3008.jpg,MAR20_3008.txt,3154.jpg,3154.txt,images/train/MAR20_3008.jpg,labels/train/MAR20_3008.txt,images/train/3154.jpg,labels/train/3154.txt
3155,3155,MAR20_301.jpg,MAR20_301.txt,3155.jpg,3155.txt,images/train/MAR20_301.jpg,labels/train/MAR20_301.txt,images/train/3155.jpg,labels/train/3155.txt
3156,3156,MAR20_3011.jpg,MAR20_3011.txt,3156.jpg,3156.txt,images/train/MAR20_3011.jpg,labels/train/MAR20_3011.txt,images/train/3156.jpg,labels/train/3156.txt
3157,3157,MAR20_3012.jpg,MAR20_3012.txt,3157.jpg,3157.txt,images/train/MAR20_3012.jpg,labels/train/MAR20_3012.txt,images/train/3157.jpg,labels/train/3157.txt
3158,3158,MAR20_3013.jpg,MAR20_3013.txt,3158.jpg,3158.txt,images/train/MAR20_3013.jpg,labels/train/MAR20_3013.txt,images/train/3158.jpg,labels/train/3158.txt
3159,3159,MAR20_3014.jpg,MAR20_3014.txt,3159.jpg,3159.txt,images/train/MAR20_3014.jpg,labels/train/MAR20_3014.txt,images/train/3159.jpg,labels/train/3159.txt
3160,3160,MAR20_3015.jpg,MAR20_3015.txt,3160.jpg,3160.txt,images/train/MAR20_3015.jpg,labels/train/MAR20_3015.txt,images/train/3160.jpg,labels/train/3160.txt
3161,3161,MAR20_3016.jpg,MAR20_3016.txt,3161.jpg,3161.txt,images/train/MAR20_3016.jpg,labels/train/MAR20_3016.txt,images/train/3161.jpg,labels/train/3161.txt
3162,3162,MAR20_3017.jpg,MAR20_3017.txt,3162.jpg,3162.txt,images/train/MAR20_3017.jpg,labels/train/MAR20_3017.txt,images/train/3162.jpg,labels/train/3162.txt
3163,3163,MAR20_3018.jpg,MAR20_3018.txt,3163.jpg,3163.txt,images/train/MAR20_3018.jpg,labels/train/MAR20_3018.txt,images/train/3163.jpg,labels/train/3163.txt
3164,3164,MAR20_3019.jpg,MAR20_3019.txt,3164.jpg,3164.txt,images/train/MAR20_3019.jpg,labels/train/MAR20_3019.txt,images/train/3164.jpg,labels/train/3164.txt
3165,3165,MAR20_302.jpg,MAR20_302.txt,3165.jpg,3165.txt,images/train/MAR20_302.jpg,labels/train/MAR20_302.txt,images/train/3165.jpg,labels/train/3165.txt
3166,3166,MAR20_3021.jpg,MAR20_3021.txt,3166.jpg,3166.txt,images/train/MAR20_3021.jpg,labels/train/MAR20_3021.txt,images/train/3166.jpg,labels/train/3166.txt
3167,3167,MAR20_3022.jpg,MAR20_3022.txt,3167.jpg,3167.txt,images/train/MAR20_3022.jpg,labels/train/MAR20_3022.txt,images/train/3167.jpg,labels/train/3167.txt
3168,3168,MAR20_3023.jpg,MAR20_3023.txt,3168.jpg,3168.txt,images/train/MAR20_3023.jpg,labels/train/MAR20_3023.txt,images/train/3168.jpg,labels/train/3168.txt
3169,3169,MAR20_3024.jpg,MAR20_3024.txt,3169.jpg,3169.txt,images/train/MAR20_3024.jpg,labels/train/MAR20_3024.txt,images/train/3169.jpg,labels/train/3169.txt
3170,3170,MAR20_3026.jpg,MAR20_3026.txt,3170.jpg,3170.txt,images/train/MAR20_3026.jpg,labels/train/MAR20_3026.txt,images/train/3170.jpg,labels/train/3170.txt
3171,3171,MAR20_3027.jpg,MAR20_3027.txt,3171.jpg,3171.txt,images/train/MAR20_3027.jpg,labels/train/MAR20_3027.txt,images/train/3171.jpg,labels/train/3171.txt
3172,3172,MAR20_3028.jpg,MAR20_3028.txt,3172.jpg,3172.txt,images/train/MAR20_3028.jpg,labels/train/MAR20_3028.txt,images/train/3172.jpg,labels/train/3172.txt
3173,3173,MAR20_303.jpg,MAR20_303.txt,3173.jpg,3173.txt,images/train/MAR20_303.jpg,labels/train/MAR20_303.txt,images/train/3173.jpg,labels/train/3173.txt
3174,3174,MAR20_3032.jpg,MAR20_3032.txt,3174.jpg,3174.txt,images/train/MAR20_3032.jpg,labels/train/MAR20_3032.txt,images/train/3174.jpg,labels/train/3174.txt
3175,3175,MAR20_3033.jpg,MAR20_3033.txt,3175.jpg,3175.txt,images/train/MAR20_3033.jpg,labels/train/MAR20_3033.txt,images/train/3175.jpg,labels/train/3175.txt
3176,3176,MAR20_3034.jpg,MAR20_3034.txt,3176.jpg,3176.txt,images/train/MAR20_3034.jpg,labels/train/MAR20_3034.txt,images/train/3176.jpg,labels/train/3176.txt
3177,3177,MAR20_3035.jpg,MAR20_3035.txt,3177.jpg,3177.txt,images/train/MAR20_3035.jpg,labels/train/MAR20_3035.txt,images/train/3177.jpg,labels/train/3177.txt
3178,3178,MAR20_3036.jpg,MAR20_3036.txt,3178.jpg,3178.txt,images/train/MAR20_3036.jpg,labels/train/MAR20_3036.txt,images/train/3178.jpg,labels/train/3178.txt
3179,3179,MAR20_3037.jpg,MAR20_3037.txt,3179.jpg,3179.txt,images/train/MAR20_3037.jpg,labels/train/MAR20_3037.txt,images/train/3179.jpg,labels/train/3179.txt
3180,3180,MAR20_3038.jpg,MAR20_3038.txt,3180.jpg,3180.txt,images/train/MAR20_3038.jpg,labels/train/MAR20_3038.txt,images/train/3180.jpg,labels/train/3180.txt
3181,3181,MAR20_3039.jpg,MAR20_3039.txt,3181.jpg,3181.txt,images/train/MAR20_3039.jpg,labels/train/MAR20_3039.txt,images/train/3181.jpg,labels/train/3181.txt
3182,3182,MAR20_304.jpg,MAR20_304.txt,3182.jpg,3182.txt,images/train/MAR20_304.jpg,labels/train/MAR20_304.txt,images/train/3182.jpg,labels/train/3182.txt
3183,3183,MAR20_3043.jpg,MAR20_3043.txt,3183.jpg,3183.txt,images/train/MAR20_3043.jpg,labels/train/MAR20_3043.txt,images/train/3183.jpg,labels/train/3183.txt
3184,3184,MAR20_3044.jpg,MAR20_3044.txt,3184.jpg,3184.txt,images/train/MAR20_3044.jpg,labels/train/MAR20_3044.txt,images/train/3184.jpg,labels/train/3184.txt
3185,3185,MAR20_3045.jpg,MAR20_3045.txt,3185.jpg,3185.txt,images/train/MAR20_3045.jpg,labels/train/MAR20_3045.txt,images/train/3185.jpg,labels/train/3185.txt
3186,3186,MAR20_3046.jpg,MAR20_3046.txt,3186.jpg,3186.txt,images/train/MAR20_3046.jpg,labels/train/MAR20_3046.txt,images/train/3186.jpg,labels/train/3186.txt
3187,3187,MAR20_3047.jpg,MAR20_3047.txt,3187.jpg,3187.txt,images/train/MAR20_3047.jpg,labels/train/MAR20_3047.txt,images/train/3187.jpg,labels/train/3187.txt
3188,3188,MAR20_3048.jpg,MAR20_3048.txt,3188.jpg,3188.txt,images/train/MAR20_3048.jpg,labels/train/MAR20_3048.txt,images/train/3188.jpg,labels/train/3188.txt
3189,3189,MAR20_3049.jpg,MAR20_3049.txt,3189.jpg,3189.txt,images/train/MAR20_3049.jpg,labels/train/MAR20_3049.txt,images/train/3189.jpg,labels/train/3189.txt
3190,3190,MAR20_305.jpg,MAR20_305.txt,3190.jpg,3190.txt,images/train/MAR20_305.jpg,labels/train/MAR20_305.txt,images/train/3190.jpg,labels/train/3190.txt
3191,3191,MAR20_3050.jpg,MAR20_3050.txt,3191.jpg,3191.txt,images/train/MAR20_3050.jpg,labels/train/MAR20_3050.txt,images/train/3191.jpg,labels/train/3191.txt
3192,3192,MAR20_3051.jpg,MAR20_3051.txt,3192.jpg,3192.txt,images/train/MAR20_3051.jpg,labels/train/MAR20_3051.txt,images/train/3192.jpg,labels/train/3192.txt
3193,3193,MAR20_3052.jpg,MAR20_3052.txt,3193.jpg,3193.txt,images/train/MAR20_3052.jpg,labels/train/MAR20_3052.txt,images/train/3193.jpg,labels/train/3193.txt
3194,3194,MAR20_3053.jpg,MAR20_3053.txt,3194.jpg,3194.txt,images/train/MAR20_3053.jpg,labels/train/MAR20_3053.txt,images/train/3194.jpg,labels/train/3194.txt
3195,3195,MAR20_3054.jpg,MAR20_3054.txt,3195.jpg,3195.txt,images/train/MAR20_3054.jpg,labels/train/MAR20_3054.txt,images/train/3195.jpg,labels/train/3195.txt
3196,3196,MAR20_3056.jpg,MAR20_3056.txt,3196.jpg,3196.txt,images/train/MAR20_3056.jpg,labels/train/MAR20_3056.txt,images/train/3196.jpg,labels/train/3196.txt
3197,3197,MAR20_3057.jpg,MAR20_3057.txt,3197.jpg,3197.txt,images/train/MAR20_3057.jpg,labels/train/MAR20_3057.txt,images/train/3197.jpg,labels/train/3197.txt
3198,3198,MAR20_3058.jpg,MAR20_3058.txt,3198.jpg,3198.txt,images/train/MAR20_3058.jpg,labels/train/MAR20_3058.txt,images/train/3198.jpg,labels/train/3198.txt
3199,3199,MAR20_306.jpg,MAR20_306.txt,3199.jpg,3199.txt,images/train/MAR20_306.jpg,labels/train/MAR20_306.txt,images/train/3199.jpg,labels/train/3199.txt
3200,3200,MAR20_3060.jpg,MAR20_3060.txt,3200.jpg,3200.txt,images/train/MAR20_3060.jpg,labels/train/MAR20_3060.txt,images/train/3200.jpg,labels/train/3200.txt
3201,3201,MAR20_3061.jpg,MAR20_3061.txt,3201.jpg,3201.txt,images/train/MAR20_3061.jpg,labels/train/MAR20_3061.txt,images/train/3201.jpg,labels/train/3201.txt
3202,3202,MAR20_3062.jpg,MAR20_3062.txt,3202.jpg,3202.txt,images/train/MAR20_3062.jpg,labels/train/MAR20_3062.txt,images/train/3202.jpg,labels/train/3202.txt
3203,3203,MAR20_3063.jpg,MAR20_3063.txt,3203.jpg,3203.txt,images/train/MAR20_3063.jpg,labels/train/MAR20_3063.txt,images/train/3203.jpg,labels/train/3203.txt
3204,3204,MAR20_3064.jpg,MAR20_3064.txt,3204.jpg,3204.txt,images/train/MAR20_3064.jpg,labels/train/MAR20_3064.txt,images/train/3204.jpg,labels/train/3204.txt
3205,3205,MAR20_3065.jpg,MAR20_3065.txt,3205.jpg,3205.txt,images/train/MAR20_3065.jpg,labels/train/MAR20_3065.txt,images/train/3205.jpg,labels/train/3205.txt
3206,3206,MAR20_3066.jpg,MAR20_3066.txt,3206.jpg,3206.txt,images/train/MAR20_3066.jpg,labels/train/MAR20_3066.txt,images/train/3206.jpg,labels/train/3206.txt
3207,3207,MAR20_3067.jpg,MAR20_3067.txt,3207.jpg,3207.txt,images/train/MAR20_3067.jpg,labels/train/MAR20_3067.txt,images/train/3207.jpg,labels/train/3207.txt
3208,3208,MAR20_3068.jpg,MAR20_3068.txt,3208.jpg,3208.txt,images/train/MAR20_3068.jpg,labels/train/MAR20_3068.txt,images/train/3208.jpg,labels/train/3208.txt
3209,3209,MAR20_307.jpg,MAR20_307.txt,3209.jpg,3209.txt,images/train/MAR20_307.jpg,labels/train/MAR20_307.txt,images/train/3209.jpg,labels/train/3209.txt
3210,3210,MAR20_3070.jpg,MAR20_3070.txt,3210.jpg,3210.txt,images/train/MAR20_3070.jpg,labels/train/MAR20_3070.txt,images/train/3210.jpg,labels/train/3210.txt
3211,3211,MAR20_3071.jpg,MAR20_3071.txt,3211.jpg,3211.txt,images/train/MAR20_3071.jpg,labels/train/MAR20_3071.txt,images/train/3211.jpg,labels/train/3211.txt
3212,3212,MAR20_3072.jpg,MAR20_3072.txt,3212.jpg,3212.txt,images/train/MAR20_3072.jpg,labels/train/MAR20_3072.txt,images/train/3212.jpg,labels/train/3212.txt
3213,3213,MAR20_3073.jpg,MAR20_3073.txt,3213.jpg,3213.txt,images/train/MAR20_3073.jpg,labels/train/MAR20_3073.txt,images/train/3213.jpg,labels/train/3213.txt
3214,3214,MAR20_3074.jpg,MAR20_3074.txt,3214.jpg,3214.txt,images/train/MAR20_3074.jpg,labels/train/MAR20_3074.txt,images/train/3214.jpg,labels/train/3214.txt
3215,3215,MAR20_3075.jpg,MAR20_3075.txt,3215.jpg,3215.txt,images/train/MAR20_3075.jpg,labels/train/MAR20_3075.txt,images/train/3215.jpg,labels/train/3215.txt
3216,3216,MAR20_3078.jpg,MAR20_3078.txt,3216.jpg,3216.txt,images/train/MAR20_3078.jpg,labels/train/MAR20_3078.txt,images/train/3216.jpg,labels/train/3216.txt
3217,3217,MAR20_3079.jpg,MAR20_3079.txt,3217.jpg,3217.txt,images/train/MAR20_3079.jpg,labels/train/MAR20_3079.txt,images/train/3217.jpg,labels/train/3217.txt
3218,3218,MAR20_3080.jpg,MAR20_3080.txt,3218.jpg,3218.txt,images/train/MAR20_3080.jpg,labels/train/MAR20_3080.txt,images/train/3218.jpg,labels/train/3218.txt
3219,3219,MAR20_3081.jpg,MAR20_3081.txt,3219.jpg,3219.txt,images/train/MAR20_3081.jpg,labels/train/MAR20_3081.txt,images/train/3219.jpg,labels/train/3219.txt
3220,3220,MAR20_3082.jpg,MAR20_3082.txt,3220.jpg,3220.txt,images/train/MAR20_3082.jpg,labels/train/MAR20_3082.txt,images/train/3220.jpg,labels/train/3220.txt
3221,3221,MAR20_3083.jpg,MAR20_3083.txt,3221.jpg,3221.txt,images/train/MAR20_3083.jpg,labels/train/MAR20_3083.txt,images/train/3221.jpg,labels/train/3221.txt
3222,3222,MAR20_3084.jpg,MAR20_3084.txt,3222.jpg,3222.txt,images/train/MAR20_3084.jpg,labels/train/MAR20_3084.txt,images/train/3222.jpg,labels/train/3222.txt
3223,3223,MAR20_3085.jpg,MAR20_3085.txt,3223.jpg,3223.txt,images/train/MAR20_3085.jpg,labels/train/MAR20_3085.txt,images/train/3223.jpg,labels/train/3223.txt
3224,3224,MAR20_3086.jpg,MAR20_3086.txt,3224.jpg,3224.txt,images/train/MAR20_3086.jpg,labels/train/MAR20_3086.txt,images/train/3224.jpg,labels/train/3224.txt
3225,3225,MAR20_3087.jpg,MAR20_3087.txt,3225.jpg,3225.txt,images/train/MAR20_3087.jpg,labels/train/MAR20_3087.txt,images/train/3225.jpg,labels/train/3225.txt
3226,3226,MAR20_3088.jpg,MAR20_3088.txt,3226.jpg,3226.txt,images/train/MAR20_3088.jpg,labels/train/MAR20_3088.txt,images/train/3226.jpg,labels/train/3226.txt
3227,3227,MAR20_3089.jpg,MAR20_3089.txt,3227.jpg,3227.txt,images/train/MAR20_3089.jpg,labels/train/MAR20_3089.txt,images/train/3227.jpg,labels/train/3227.txt
3228,3228,MAR20_3090.jpg,MAR20_3090.txt,3228.jpg,3228.txt,images/train/MAR20_3090.jpg,labels/train/MAR20_3090.txt,images/train/3228.jpg,labels/train/3228.txt
3229,3229,MAR20_3091.jpg,MAR20_3091.txt,3229.jpg,3229.txt,images/train/MAR20_3091.jpg,labels/train/MAR20_3091.txt,images/train/3229.jpg,labels/train/3229.txt
3230,3230,MAR20_3092.jpg,MAR20_3092.txt,3230.jpg,3230.txt,images/train/MAR20_3092.jpg,labels/train/MAR20_3092.txt,images/train/3230.jpg,labels/train/3230.txt
3231,3231,MAR20_3093.jpg,MAR20_3093.txt,3231.jpg,3231.txt,images/train/MAR20_3093.jpg,labels/train/MAR20_3093.txt,images/train/3231.jpg,labels/train/3231.txt
3232,3232,MAR20_3094.jpg,MAR20_3094.txt,3232.jpg,3232.txt,images/train/MAR20_3094.jpg,labels/train/MAR20_3094.txt,images/train/3232.jpg,labels/train/3232.txt
3233,3233,MAR20_3095.jpg,MAR20_3095.txt,3233.jpg,3233.txt,images/train/MAR20_3095.jpg,labels/train/MAR20_3095.txt,images/train/3233.jpg,labels/train/3233.txt
3234,3234,MAR20_3096.jpg,MAR20_3096.txt,3234.jpg,3234.txt,images/train/MAR20_3096.jpg,labels/train/MAR20_3096.txt,images/train/3234.jpg,labels/train/3234.txt
3235,3235,MAR20_3097.jpg,MAR20_3097.txt,3235.jpg,3235.txt,images/train/MAR20_3097.jpg,labels/train/MAR20_3097.txt,images/train/3235.jpg,labels/train/3235.txt
3236,3236,MAR20_3098.jpg,MAR20_3098.txt,3236.jpg,3236.txt,images/train/MAR20_3098.jpg,labels/train/MAR20_3098.txt,images/train/3236.jpg,labels/train/3236.txt
3237,3237,MAR20_3099.jpg,MAR20_3099.txt,3237.jpg,3237.txt,images/train/MAR20_3099.jpg,labels/train/MAR20_3099.txt,images/train/3237.jpg,labels/train/3237.txt
3238,3238,MAR20_31.jpg,MAR20_31.txt,3238.jpg,3238.txt,images/train/MAR20_31.jpg,labels/train/MAR20_31.txt,images/train/3238.jpg,labels/train/3238.txt
3239,3239,MAR20_310.jpg,MAR20_310.txt,3239.jpg,3239.txt,images/train/MAR20_310.jpg,labels/train/MAR20_310.txt,images/train/3239.jpg,labels/train/3239.txt
3240,3240,MAR20_3102.jpg,MAR20_3102.txt,3240.jpg,3240.txt,images/train/MAR20_3102.jpg,labels/train/MAR20_3102.txt,images/train/3240.jpg,labels/train/3240.txt
3241,3241,MAR20_3103.jpg,MAR20_3103.txt,3241.jpg,3241.txt,images/train/MAR20_3103.jpg,labels/train/MAR20_3103.txt,images/train/3241.jpg,labels/train/3241.txt
3242,3242,MAR20_3104.jpg,MAR20_3104.txt,3242.jpg,3242.txt,images/train/MAR20_3104.jpg,labels/train/MAR20_3104.txt,images/train/3242.jpg,labels/train/3242.txt
3243,3243,MAR20_3106.jpg,MAR20_3106.txt,3243.jpg,3243.txt,images/train/MAR20_3106.jpg,labels/train/MAR20_3106.txt,images/train/3243.jpg,labels/train/3243.txt
3244,3244,MAR20_3109.jpg,MAR20_3109.txt,3244.jpg,3244.txt,images/train/MAR20_3109.jpg,labels/train/MAR20_3109.txt,images/train/3244.jpg,labels/train/3244.txt
3245,3245,MAR20_311.jpg,MAR20_311.txt,3245.jpg,3245.txt,images/train/MAR20_311.jpg,labels/train/MAR20_311.txt,images/train/3245.jpg,labels/train/3245.txt
3246,3246,MAR20_3110.jpg,MAR20_3110.txt,3246.jpg,3246.txt,images/train/MAR20_3110.jpg,labels/train/MAR20_3110.txt,images/train/3246.jpg,labels/train/3246.txt
3247,3247,MAR20_3111.jpg,MAR20_3111.txt,3247.jpg,3247.txt,images/train/MAR20_3111.jpg,labels/train/MAR20_3111.txt,images/train/3247.jpg,labels/train/3247.txt
3248,3248,MAR20_3112.jpg,MAR20_3112.txt,3248.jpg,3248.txt,images/train/MAR20_3112.jpg,labels/train/MAR20_3112.txt,images/train/3248.jpg,labels/train/3248.txt
3249,3249,MAR20_3114.jpg,MAR20_3114.txt,3249.jpg,3249.txt,images/train/MAR20_3114.jpg,labels/train/MAR20_3114.txt,images/train/3249.jpg,labels/train/3249.txt
3250,3250,MAR20_3115.jpg,MAR20_3115.txt,3250.jpg,3250.txt,images/train/MAR20_3115.jpg,labels/train/MAR20_3115.txt,images/train/3250.jpg,labels/train/3250.txt
3251,3251,MAR20_3116.jpg,MAR20_3116.txt,3251.jpg,3251.txt,images/train/MAR20_3116.jpg,labels/train/MAR20_3116.txt,images/train/3251.jpg,labels/train/3251.txt
3252,3252,MAR20_3119.jpg,MAR20_3119.txt,3252.jpg,3252.txt,images/train/MAR20_3119.jpg,labels/train/MAR20_3119.txt,images/train/3252.jpg,labels/train/3252.txt
3253,3253,MAR20_312.jpg,MAR20_312.txt,3253.jpg,3253.txt,images/train/MAR20_312.jpg,labels/train/MAR20_312.txt,images/train/3253.jpg,labels/train/3253.txt
3254,3254,MAR20_3120.jpg,MAR20_3120.txt,3254.jpg,3254.txt,images/train/MAR20_3120.jpg,labels/train/MAR20_3120.txt,images/train/3254.jpg,labels/train/3254.txt
3255,3255,MAR20_3121.jpg,MAR20_3121.txt,3255.jpg,3255.txt,images/train/MAR20_3121.jpg,labels/train/MAR20_3121.txt,images/train/3255.jpg,labels/train/3255.txt
3256,3256,MAR20_3122.jpg,MAR20_3122.txt,3256.jpg,3256.txt,images/train/MAR20_3122.jpg,labels/train/MAR20_3122.txt,images/train/3256.jpg,labels/train/3256.txt
3257,3257,MAR20_3123.jpg,MAR20_3123.txt,3257.jpg,3257.txt,images/train/MAR20_3123.jpg,labels/train/MAR20_3123.txt,images/train/3257.jpg,labels/train/3257.txt
3258,3258,MAR20_3125.jpg,MAR20_3125.txt,3258.jpg,3258.txt,images/train/MAR20_3125.jpg,labels/train/MAR20_3125.txt,images/train/3258.jpg,labels/train/3258.txt
3259,3259,MAR20_3126.jpg,MAR20_3126.txt,3259.jpg,3259.txt,images/train/MAR20_3126.jpg,labels/train/MAR20_3126.txt,images/train/3259.jpg,labels/train/3259.txt
3260,3260,MAR20_3127.jpg,MAR20_3127.txt,3260.jpg,3260.txt,images/train/MAR20_3127.jpg,labels/train/MAR20_3127.txt,images/train/3260.jpg,labels/train/3260.txt
3261,3261,MAR20_3129.jpg,MAR20_3129.txt,3261.jpg,3261.txt,images/train/MAR20_3129.jpg,labels/train/MAR20_3129.txt,images/train/3261.jpg,labels/train/3261.txt
3262,3262,MAR20_313.jpg,MAR20_313.txt,3262.jpg,3262.txt,images/train/MAR20_313.jpg,labels/train/MAR20_313.txt,images/train/3262.jpg,labels/train/3262.txt
3263,3263,MAR20_3130.jpg,MAR20_3130.txt,3263.jpg,3263.txt,images/train/MAR20_3130.jpg,labels/train/MAR20_3130.txt,images/train/3263.jpg,labels/train/3263.txt
3264,3264,MAR20_3131.jpg,MAR20_3131.txt,3264.jpg,3264.txt,images/train/MAR20_3131.jpg,labels/train/MAR20_3131.txt,images/train/3264.jpg,labels/train/3264.txt
3265,3265,MAR20_3132.jpg,MAR20_3132.txt,3265.jpg,3265.txt,images/train/MAR20_3132.jpg,labels/train/MAR20_3132.txt,images/train/3265.jpg,labels/train/3265.txt
3266,3266,MAR20_3133.jpg,MAR20_3133.txt,3266.jpg,3266.txt,images/train/MAR20_3133.jpg,labels/train/MAR20_3133.txt,images/train/3266.jpg,labels/train/3266.txt
3267,3267,MAR20_3135.jpg,MAR20_3135.txt,3267.jpg,3267.txt,images/train/MAR20_3135.jpg,labels/train/MAR20_3135.txt,images/train/3267.jpg,labels/train/3267.txt
3268,3268,MAR20_3136.jpg,MAR20_3136.txt,3268.jpg,3268.txt,images/train/MAR20_3136.jpg,labels/train/MAR20_3136.txt,images/train/3268.jpg,labels/train/3268.txt
3269,3269,MAR20_3137.jpg,MAR20_3137.txt,3269.jpg,3269.txt,images/train/MAR20_3137.jpg,labels/train/MAR20_3137.txt,images/train/3269.jpg,labels/train/3269.txt
3270,3270,MAR20_314.jpg,MAR20_314.txt,3270.jpg,3270.txt,images/train/MAR20_314.jpg,labels/train/MAR20_314.txt,images/train/3270.jpg,labels/train/3270.txt
3271,3271,MAR20_3140.jpg,MAR20_3140.txt,3271.jpg,3271.txt,images/train/MAR20_3140.jpg,labels/train/MAR20_3140.txt,images/train/3271.jpg,labels/train/3271.txt
3272,3272,MAR20_3141.jpg,MAR20_3141.txt,3272.jpg,3272.txt,images/train/MAR20_3141.jpg,labels/train/MAR20_3141.txt,images/train/3272.jpg,labels/train/3272.txt
3273,3273,MAR20_3142.jpg,MAR20_3142.txt,3273.jpg,3273.txt,images/train/MAR20_3142.jpg,labels/train/MAR20_3142.txt,images/train/3273.jpg,labels/train/3273.txt
3274,3274,MAR20_3144.jpg,MAR20_3144.txt,3274.jpg,3274.txt,images/train/MAR20_3144.jpg,labels/train/MAR20_3144.txt,images/train/3274.jpg,labels/train/3274.txt
3275,3275,MAR20_3145.jpg,MAR20_3145.txt,3275.jpg,3275.txt,images/train/MAR20_3145.jpg,labels/train/MAR20_3145.txt,images/train/3275.jpg,labels/train/3275.txt
3276,3276,MAR20_3147.jpg,MAR20_3147.txt,3276.jpg,3276.txt,images/train/MAR20_3147.jpg,labels/train/MAR20_3147.txt,images/train/3276.jpg,labels/train/3276.txt
3277,3277,MAR20_3148.jpg,MAR20_3148.txt,3277.jpg,3277.txt,images/train/MAR20_3148.jpg,labels/train/MAR20_3148.txt,images/train/3277.jpg,labels/train/3277.txt
3278,3278,MAR20_315.jpg,MAR20_315.txt,3278.jpg,3278.txt,images/train/MAR20_315.jpg,labels/train/MAR20_315.txt,images/train/3278.jpg,labels/train/3278.txt
3279,3279,MAR20_3150.jpg,MAR20_3150.txt,3279.jpg,3279.txt,images/train/MAR20_3150.jpg,labels/train/MAR20_3150.txt,images/train/3279.jpg,labels/train/3279.txt
3280,3280,MAR20_3151.jpg,MAR20_3151.txt,3280.jpg,3280.txt,images/train/MAR20_3151.jpg,labels/train/MAR20_3151.txt,images/train/3280.jpg,labels/train/3280.txt
3281,3281,MAR20_3152.jpg,MAR20_3152.txt,3281.jpg,3281.txt,images/train/MAR20_3152.jpg,labels/train/MAR20_3152.txt,images/train/3281.jpg,labels/train/3281.txt
3282,3282,MAR20_3153.jpg,MAR20_3153.txt,3282.jpg,3282.txt,images/train/MAR20_3153.jpg,labels/train/MAR20_3153.txt,images/train/3282.jpg,labels/train/3282.txt
3283,3283,MAR20_3154.jpg,MAR20_3154.txt,3283.jpg,3283.txt,images/train/MAR20_3154.jpg,labels/train/MAR20_3154.txt,images/train/3283.jpg,labels/train/3283.txt
3284,3284,MAR20_3155.jpg,MAR20_3155.txt,3284.jpg,3284.txt,images/train/MAR20_3155.jpg,labels/train/MAR20_3155.txt,images/train/3284.jpg,labels/train/3284.txt
3285,3285,MAR20_3156.jpg,MAR20_3156.txt,3285.jpg,3285.txt,images/train/MAR20_3156.jpg,labels/train/MAR20_3156.txt,images/train/3285.jpg,labels/train/3285.txt
3286,3286,MAR20_3157.jpg,MAR20_3157.txt,3286.jpg,3286.txt,images/train/MAR20_3157.jpg,labels/train/MAR20_3157.txt,images/train/3286.jpg,labels/train/3286.txt
3287,3287,MAR20_3158.jpg,MAR20_3158.txt,3287.jpg,3287.txt,images/train/MAR20_3158.jpg,labels/train/MAR20_3158.txt,images/train/3287.jpg,labels/train/3287.txt
3288,3288,MAR20_3159.jpg,MAR20_3159.txt,3288.jpg,3288.txt,images/train/MAR20_3159.jpg,labels/train/MAR20_3159.txt,images/train/3288.jpg,labels/train/3288.txt
3289,3289,MAR20_316.jpg,MAR20_316.txt,3289.jpg,3289.txt,images/train/MAR20_316.jpg,labels/train/MAR20_316.txt,images/train/3289.jpg,labels/train/3289.txt
3290,3290,MAR20_3160.jpg,MAR20_3160.txt,3290.jpg,3290.txt,images/train/MAR20_3160.jpg,labels/train/MAR20_3160.txt,images/train/3290.jpg,labels/train/3290.txt
3291,3291,MAR20_3161.jpg,MAR20_3161.txt,3291.jpg,3291.txt,images/train/MAR20_3161.jpg,labels/train/MAR20_3161.txt,images/train/3291.jpg,labels/train/3291.txt
3292,3292,MAR20_3162.jpg,MAR20_3162.txt,3292.jpg,3292.txt,images/train/MAR20_3162.jpg,labels/train/MAR20_3162.txt,images/train/3292.jpg,labels/train/3292.txt
3293,3293,MAR20_3163.jpg,MAR20_3163.txt,3293.jpg,3293.txt,images/train/MAR20_3163.jpg,labels/train/MAR20_3163.txt,images/train/3293.jpg,labels/train/3293.txt
3294,3294,MAR20_3164.jpg,MAR20_3164.txt,3294.jpg,3294.txt,images/train/MAR20_3164.jpg,labels/train/MAR20_3164.txt,images/train/3294.jpg,labels/train/3294.txt
3295,3295,MAR20_3166.jpg,MAR20_3166.txt,3295.jpg,3295.txt,images/train/MAR20_3166.jpg,labels/train/MAR20_3166.txt,images/train/3295.jpg,labels/train/3295.txt
3296,3296,MAR20_3167.jpg,MAR20_3167.txt,3296.jpg,3296.txt,images/train/MAR20_3167.jpg,labels/train/MAR20_3167.txt,images/train/3296.jpg,labels/train/3296.txt
3297,3297,MAR20_3168.jpg,MAR20_3168.txt,3297.jpg,3297.txt,images/train/MAR20_3168.jpg,labels/train/MAR20_3168.txt,images/train/3297.jpg,labels/train/3297.txt
3298,3298,MAR20_3169.jpg,MAR20_3169.txt,3298.jpg,3298.txt,images/train/MAR20_3169.jpg,labels/train/MAR20_3169.txt,images/train/3298.jpg,labels/train/3298.txt
3299,3299,MAR20_317.jpg,MAR20_317.txt,3299.jpg,3299.txt,images/train/MAR20_317.jpg,labels/train/MAR20_317.txt,images/train/3299.jpg,labels/train/3299.txt
3300,3300,MAR20_3170.jpg,MAR20_3170.txt,3300.jpg,3300.txt,images/train/MAR20_3170.jpg,labels/train/MAR20_3170.txt,images/train/3300.jpg,labels/train/3300.txt
3301,3301,MAR20_3171.jpg,MAR20_3171.txt,3301.jpg,3301.txt,images/train/MAR20_3171.jpg,labels/train/MAR20_3171.txt,images/train/3301.jpg,labels/train/3301.txt
3302,3302,MAR20_3172.jpg,MAR20_3172.txt,3302.jpg,3302.txt,images/train/MAR20_3172.jpg,labels/train/MAR20_3172.txt,images/train/3302.jpg,labels/train/3302.txt
3303,3303,MAR20_3173.jpg,MAR20_3173.txt,3303.jpg,3303.txt,images/train/MAR20_3173.jpg,labels/train/MAR20_3173.txt,images/train/3303.jpg,labels/train/3303.txt
3304,3304,MAR20_3174.jpg,MAR20_3174.txt,3304.jpg,3304.txt,images/train/MAR20_3174.jpg,labels/train/MAR20_3174.txt,images/train/3304.jpg,labels/train/3304.txt
3305,3305,MAR20_3175.jpg,MAR20_3175.txt,3305.jpg,3305.txt,images/train/MAR20_3175.jpg,labels/train/MAR20_3175.txt,images/train/3305.jpg,labels/train/3305.txt
3306,3306,MAR20_3176.jpg,MAR20_3176.txt,3306.jpg,3306.txt,images/train/MAR20_3176.jpg,labels/train/MAR20_3176.txt,images/train/3306.jpg,labels/train/3306.txt
3307,3307,MAR20_3177.jpg,MAR20_3177.txt,3307.jpg,3307.txt,images/train/MAR20_3177.jpg,labels/train/MAR20_3177.txt,images/train/3307.jpg,labels/train/3307.txt
3308,3308,MAR20_3178.jpg,MAR20_3178.txt,3308.jpg,3308.txt,images/train/MAR20_3178.jpg,labels/train/MAR20_3178.txt,images/train/3308.jpg,labels/train/3308.txt
3309,3309,MAR20_318.jpg,MAR20_318.txt,3309.jpg,3309.txt,images/train/MAR20_318.jpg,labels/train/MAR20_318.txt,images/train/3309.jpg,labels/train/3309.txt
3310,3310,MAR20_3181.jpg,MAR20_3181.txt,3310.jpg,3310.txt,images/train/MAR20_3181.jpg,labels/train/MAR20_3181.txt,images/train/3310.jpg,labels/train/3310.txt
3311,3311,MAR20_3182.jpg,MAR20_3182.txt,3311.jpg,3311.txt,images/train/MAR20_3182.jpg,labels/train/MAR20_3182.txt,images/train/3311.jpg,labels/train/3311.txt
3312,3312,MAR20_3183.jpg,MAR20_3183.txt,3312.jpg,3312.txt,images/train/MAR20_3183.jpg,labels/train/MAR20_3183.txt,images/train/3312.jpg,labels/train/3312.txt
3313,3313,MAR20_3184.jpg,MAR20_3184.txt,3313.jpg,3313.txt,images/train/MAR20_3184.jpg,labels/train/MAR20_3184.txt,images/train/3313.jpg,labels/train/3313.txt
3314,3314,MAR20_3185.jpg,MAR20_3185.txt,3314.jpg,3314.txt,images/train/MAR20_3185.jpg,labels/train/MAR20_3185.txt,images/train/3314.jpg,labels/train/3314.txt
3315,3315,MAR20_3186.jpg,MAR20_3186.txt,3315.jpg,3315.txt,images/train/MAR20_3186.jpg,labels/train/MAR20_3186.txt,images/train/3315.jpg,labels/train/3315.txt
3316,3316,MAR20_3187.jpg,MAR20_3187.txt,3316.jpg,3316.txt,images/train/MAR20_3187.jpg,labels/train/MAR20_3187.txt,images/train/3316.jpg,labels/train/3316.txt
3317,3317,MAR20_3188.jpg,MAR20_3188.txt,3317.jpg,3317.txt,images/train/MAR20_3188.jpg,labels/train/MAR20_3188.txt,images/train/3317.jpg,labels/train/3317.txt
3318,3318,MAR20_319.jpg,MAR20_319.txt,3318.jpg,3318.txt,images/train/MAR20_319.jpg,labels/train/MAR20_319.txt,images/train/3318.jpg,labels/train/3318.txt
3319,3319,MAR20_3190.jpg,MAR20_3190.txt,3319.jpg,3319.txt,images/train/MAR20_3190.jpg,labels/train/MAR20_3190.txt,images/train/3319.jpg,labels/train/3319.txt
3320,3320,MAR20_3191.jpg,MAR20_3191.txt,3320.jpg,3320.txt,images/train/MAR20_3191.jpg,labels/train/MAR20_3191.txt,images/train/3320.jpg,labels/train/3320.txt
3321,3321,MAR20_3193.jpg,MAR20_3193.txt,3321.jpg,3321.txt,images/train/MAR20_3193.jpg,labels/train/MAR20_3193.txt,images/train/3321.jpg,labels/train/3321.txt
3322,3322,MAR20_3194.jpg,MAR20_3194.txt,3322.jpg,3322.txt,images/train/MAR20_3194.jpg,labels/train/MAR20_3194.txt,images/train/3322.jpg,labels/train/3322.txt
3323,3323,MAR20_3195.jpg,MAR20_3195.txt,3323.jpg,3323.txt,images/train/MAR20_3195.jpg,labels/train/MAR20_3195.txt,images/train/3323.jpg,labels/train/3323.txt
3324,3324,MAR20_3196.jpg,MAR20_3196.txt,3324.jpg,3324.txt,images/train/MAR20_3196.jpg,labels/train/MAR20_3196.txt,images/train/3324.jpg,labels/train/3324.txt
3325,3325,MAR20_3197.jpg,MAR20_3197.txt,3325.jpg,3325.txt,images/train/MAR20_3197.jpg,labels/train/MAR20_3197.txt,images/train/3325.jpg,labels/train/3325.txt
3326,3326,MAR20_3198.jpg,MAR20_3198.txt,3326.jpg,3326.txt,images/train/MAR20_3198.jpg,labels/train/MAR20_3198.txt,images/train/3326.jpg,labels/train/3326.txt
3327,3327,MAR20_32.jpg,MAR20_32.txt,3327.jpg,3327.txt,images/train/MAR20_32.jpg,labels/train/MAR20_32.txt,images/train/3327.jpg,labels/train/3327.txt
3328,3328,MAR20_3200.jpg,MAR20_3200.txt,3328.jpg,3328.txt,images/train/MAR20_3200.jpg,labels/train/MAR20_3200.txt,images/train/3328.jpg,labels/train/3328.txt
3329,3329,MAR20_3202.jpg,MAR20_3202.txt,3329.jpg,3329.txt,images/train/MAR20_3202.jpg,labels/train/MAR20_3202.txt,images/train/3329.jpg,labels/train/3329.txt
3330,3330,MAR20_3203.jpg,MAR20_3203.txt,3330.jpg,3330.txt,images/train/MAR20_3203.jpg,labels/train/MAR20_3203.txt,images/train/3330.jpg,labels/train/3330.txt
3331,3331,MAR20_3204.jpg,MAR20_3204.txt,3331.jpg,3331.txt,images/train/MAR20_3204.jpg,labels/train/MAR20_3204.txt,images/train/3331.jpg,labels/train/3331.txt
3332,3332,MAR20_3205.jpg,MAR20_3205.txt,3332.jpg,3332.txt,images/train/MAR20_3205.jpg,labels/train/MAR20_3205.txt,images/train/3332.jpg,labels/train/3332.txt
3333,3333,MAR20_3206.jpg,MAR20_3206.txt,3333.jpg,3333.txt,images/train/MAR20_3206.jpg,labels/train/MAR20_3206.txt,images/train/3333.jpg,labels/train/3333.txt
3334,3334,MAR20_3207.jpg,MAR20_3207.txt,3334.jpg,3334.txt,images/train/MAR20_3207.jpg,labels/train/MAR20_3207.txt,images/train/3334.jpg,labels/train/3334.txt
3335,3335,MAR20_3208.jpg,MAR20_3208.txt,3335.jpg,3335.txt,images/train/MAR20_3208.jpg,labels/train/MAR20_3208.txt,images/train/3335.jpg,labels/train/3335.txt
3336,3336,MAR20_3209.jpg,MAR20_3209.txt,3336.jpg,3336.txt,images/train/MAR20_3209.jpg,labels/train/MAR20_3209.txt,images/train/3336.jpg,labels/train/3336.txt
3337,3337,MAR20_321.jpg,MAR20_321.txt,3337.jpg,3337.txt,images/train/MAR20_321.jpg,labels/train/MAR20_321.txt,images/train/3337.jpg,labels/train/3337.txt
3338,3338,MAR20_3210.jpg,MAR20_3210.txt,3338.jpg,3338.txt,images/train/MAR20_3210.jpg,labels/train/MAR20_3210.txt,images/train/3338.jpg,labels/train/3338.txt
3339,3339,MAR20_3211.jpg,MAR20_3211.txt,3339.jpg,3339.txt,images/train/MAR20_3211.jpg,labels/train/MAR20_3211.txt,images/train/3339.jpg,labels/train/3339.txt
3340,3340,MAR20_3212.jpg,MAR20_3212.txt,3340.jpg,3340.txt,images/train/MAR20_3212.jpg,labels/train/MAR20_3212.txt,images/train/3340.jpg,labels/train/3340.txt
3341,3341,MAR20_3213.jpg,MAR20_3213.txt,3341.jpg,3341.txt,images/train/MAR20_3213.jpg,labels/train/MAR20_3213.txt,images/train/3341.jpg,labels/train/3341.txt
3342,3342,MAR20_3214.jpg,MAR20_3214.txt,3342.jpg,3342.txt,images/train/MAR20_3214.jpg,labels/train/MAR20_3214.txt,images/train/3342.jpg,labels/train/3342.txt
3343,3343,MAR20_3215.jpg,MAR20_3215.txt,3343.jpg,3343.txt,images/train/MAR20_3215.jpg,labels/train/MAR20_3215.txt,images/train/3343.jpg,labels/train/3343.txt
3344,3344,MAR20_3216.jpg,MAR20_3216.txt,3344.jpg,3344.txt,images/train/MAR20_3216.jpg,labels/train/MAR20_3216.txt,images/train/3344.jpg,labels/train/3344.txt
3345,3345,MAR20_3217.jpg,MAR20_3217.txt,3345.jpg,3345.txt,images/train/MAR20_3217.jpg,labels/train/MAR20_3217.txt,images/train/3345.jpg,labels/train/3345.txt
3346,3346,MAR20_3218.jpg,MAR20_3218.txt,3346.jpg,3346.txt,images/train/MAR20_3218.jpg,labels/train/MAR20_3218.txt,images/train/3346.jpg,labels/train/3346.txt
3347,3347,MAR20_3220.jpg,MAR20_3220.txt,3347.jpg,3347.txt,images/train/MAR20_3220.jpg,labels/train/MAR20_3220.txt,images/train/3347.jpg,labels/train/3347.txt
3348,3348,MAR20_3221.jpg,MAR20_3221.txt,3348.jpg,3348.txt,images/train/MAR20_3221.jpg,labels/train/MAR20_3221.txt,images/train/3348.jpg,labels/train/3348.txt
3349,3349,MAR20_3222.jpg,MAR20_3222.txt,3349.jpg,3349.txt,images/train/MAR20_3222.jpg,labels/train/MAR20_3222.txt,images/train/3349.jpg,labels/train/3349.txt
3350,3350,MAR20_3223.jpg,MAR20_3223.txt,3350.jpg,3350.txt,images/train/MAR20_3223.jpg,labels/train/MAR20_3223.txt,images/train/3350.jpg,labels/train/3350.txt
3351,3351,MAR20_3224.jpg,MAR20_3224.txt,3351.jpg,3351.txt,images/train/MAR20_3224.jpg,labels/train/MAR20_3224.txt,images/train/3351.jpg,labels/train/3351.txt
3352,3352,MAR20_3225.jpg,MAR20_3225.txt,3352.jpg,3352.txt,images/train/MAR20_3225.jpg,labels/train/MAR20_3225.txt,images/train/3352.jpg,labels/train/3352.txt
3353,3353,MAR20_3226.jpg,MAR20_3226.txt,3353.jpg,3353.txt,images/train/MAR20_3226.jpg,labels/train/MAR20_3226.txt,images/train/3353.jpg,labels/train/3353.txt
3354,3354,MAR20_3228.jpg,MAR20_3228.txt,3354.jpg,3354.txt,images/train/MAR20_3228.jpg,labels/train/MAR20_3228.txt,images/train/3354.jpg,labels/train/3354.txt
3355,3355,MAR20_323.jpg,MAR20_323.txt,3355.jpg,3355.txt,images/train/MAR20_323.jpg,labels/train/MAR20_323.txt,images/train/3355.jpg,labels/train/3355.txt
3356,3356,MAR20_3230.jpg,MAR20_3230.txt,3356.jpg,3356.txt,images/train/MAR20_3230.jpg,labels/train/MAR20_3230.txt,images/train/3356.jpg,labels/train/3356.txt
3357,3357,MAR20_3231.jpg,MAR20_3231.txt,3357.jpg,3357.txt,images/train/MAR20_3231.jpg,labels/train/MAR20_3231.txt,images/train/3357.jpg,labels/train/3357.txt
3358,3358,MAR20_3232.jpg,MAR20_3232.txt,3358.jpg,3358.txt,images/train/MAR20_3232.jpg,labels/train/MAR20_3232.txt,images/train/3358.jpg,labels/train/3358.txt
3359,3359,MAR20_3233.jpg,MAR20_3233.txt,3359.jpg,3359.txt,images/train/MAR20_3233.jpg,labels/train/MAR20_3233.txt,images/train/3359.jpg,labels/train/3359.txt
3360,3360,MAR20_3235.jpg,MAR20_3235.txt,3360.jpg,3360.txt,images/train/MAR20_3235.jpg,labels/train/MAR20_3235.txt,images/train/3360.jpg,labels/train/3360.txt
3361,3361,MAR20_3236.jpg,MAR20_3236.txt,3361.jpg,3361.txt,images/train/MAR20_3236.jpg,labels/train/MAR20_3236.txt,images/train/3361.jpg,labels/train/3361.txt
3362,3362,MAR20_3237.jpg,MAR20_3237.txt,3362.jpg,3362.txt,images/train/MAR20_3237.jpg,labels/train/MAR20_3237.txt,images/train/3362.jpg,labels/train/3362.txt
3363,3363,MAR20_3239.jpg,MAR20_3239.txt,3363.jpg,3363.txt,images/train/MAR20_3239.jpg,labels/train/MAR20_3239.txt,images/train/3363.jpg,labels/train/3363.txt
3364,3364,MAR20_324.jpg,MAR20_324.txt,3364.jpg,3364.txt,images/train/MAR20_324.jpg,labels/train/MAR20_324.txt,images/train/3364.jpg,labels/train/3364.txt
3365,3365,MAR20_3240.jpg,MAR20_3240.txt,3365.jpg,3365.txt,images/train/MAR20_3240.jpg,labels/train/MAR20_3240.txt,images/train/3365.jpg,labels/train/3365.txt
3366,3366,MAR20_3241.jpg,MAR20_3241.txt,3366.jpg,3366.txt,images/train/MAR20_3241.jpg,labels/train/MAR20_3241.txt,images/train/3366.jpg,labels/train/3366.txt
3367,3367,MAR20_3243.jpg,MAR20_3243.txt,3367.jpg,3367.txt,images/train/MAR20_3243.jpg,labels/train/MAR20_3243.txt,images/train/3367.jpg,labels/train/3367.txt
3368,3368,MAR20_3244.jpg,MAR20_3244.txt,3368.jpg,3368.txt,images/train/MAR20_3244.jpg,labels/train/MAR20_3244.txt,images/train/3368.jpg,labels/train/3368.txt
3369,3369,MAR20_3245.jpg,MAR20_3245.txt,3369.jpg,3369.txt,images/train/MAR20_3245.jpg,labels/train/MAR20_3245.txt,images/train/3369.jpg,labels/train/3369.txt
3370,3370,MAR20_3247.jpg,MAR20_3247.txt,3370.jpg,3370.txt,images/train/MAR20_3247.jpg,labels/train/MAR20_3247.txt,images/train/3370.jpg,labels/train/3370.txt
3371,3371,MAR20_3248.jpg,MAR20_3248.txt,3371.jpg,3371.txt,images/train/MAR20_3248.jpg,labels/train/MAR20_3248.txt,images/train/3371.jpg,labels/train/3371.txt
3372,3372,MAR20_325.jpg,MAR20_325.txt,3372.jpg,3372.txt,images/train/MAR20_325.jpg,labels/train/MAR20_325.txt,images/train/3372.jpg,labels/train/3372.txt
3373,3373,MAR20_3250.jpg,MAR20_3250.txt,3373.jpg,3373.txt,images/train/MAR20_3250.jpg,labels/train/MAR20_3250.txt,images/train/3373.jpg,labels/train/3373.txt
3374,3374,MAR20_3251.jpg,MAR20_3251.txt,3374.jpg,3374.txt,images/train/MAR20_3251.jpg,labels/train/MAR20_3251.txt,images/train/3374.jpg,labels/train/3374.txt
3375,3375,MAR20_3252.jpg,MAR20_3252.txt,3375.jpg,3375.txt,images/train/MAR20_3252.jpg,labels/train/MAR20_3252.txt,images/train/3375.jpg,labels/train/3375.txt
3376,3376,MAR20_3253.jpg,MAR20_3253.txt,3376.jpg,3376.txt,images/train/MAR20_3253.jpg,labels/train/MAR20_3253.txt,images/train/3376.jpg,labels/train/3376.txt
3377,3377,MAR20_3255.jpg,MAR20_3255.txt,3377.jpg,3377.txt,images/train/MAR20_3255.jpg,labels/train/MAR20_3255.txt,images/train/3377.jpg,labels/train/3377.txt
3378,3378,MAR20_3256.jpg,MAR20_3256.txt,3378.jpg,3378.txt,images/train/MAR20_3256.jpg,labels/train/MAR20_3256.txt,images/train/3378.jpg,labels/train/3378.txt
3379,3379,MAR20_3257.jpg,MAR20_3257.txt,3379.jpg,3379.txt,images/train/MAR20_3257.jpg,labels/train/MAR20_3257.txt,images/train/3379.jpg,labels/train/3379.txt
3380,3380,MAR20_3258.jpg,MAR20_3258.txt,3380.jpg,3380.txt,images/train/MAR20_3258.jpg,labels/train/MAR20_3258.txt,images/train/3380.jpg,labels/train/3380.txt
3381,3381,MAR20_3259.jpg,MAR20_3259.txt,3381.jpg,3381.txt,images/train/MAR20_3259.jpg,labels/train/MAR20_3259.txt,images/train/3381.jpg,labels/train/3381.txt
3382,3382,MAR20_326.jpg,MAR20_326.txt,3382.jpg,3382.txt,images/train/MAR20_326.jpg,labels/train/MAR20_326.txt,images/train/3382.jpg,labels/train/3382.txt
3383,3383,MAR20_3260.jpg,MAR20_3260.txt,3383.jpg,3383.txt,images/train/MAR20_3260.jpg,labels/train/MAR20_3260.txt,images/train/3383.jpg,labels/train/3383.txt
3384,3384,MAR20_3261.jpg,MAR20_3261.txt,3384.jpg,3384.txt,images/train/MAR20_3261.jpg,labels/train/MAR20_3261.txt,images/train/3384.jpg,labels/train/3384.txt
3385,3385,MAR20_3262.jpg,MAR20_3262.txt,3385.jpg,3385.txt,images/train/MAR20_3262.jpg,labels/train/MAR20_3262.txt,images/train/3385.jpg,labels/train/3385.txt
3386,3386,MAR20_3264.jpg,MAR20_3264.txt,3386.jpg,3386.txt,images/train/MAR20_3264.jpg,labels/train/MAR20_3264.txt,images/train/3386.jpg,labels/train/3386.txt
3387,3387,MAR20_3268.jpg,MAR20_3268.txt,3387.jpg,3387.txt,images/train/MAR20_3268.jpg,labels/train/MAR20_3268.txt,images/train/3387.jpg,labels/train/3387.txt
3388,3388,MAR20_3269.jpg,MAR20_3269.txt,3388.jpg,3388.txt,images/train/MAR20_3269.jpg,labels/train/MAR20_3269.txt,images/train/3388.jpg,labels/train/3388.txt
3389,3389,MAR20_327.jpg,MAR20_327.txt,3389.jpg,3389.txt,images/train/MAR20_327.jpg,labels/train/MAR20_327.txt,images/train/3389.jpg,labels/train/3389.txt
3390,3390,MAR20_3270.jpg,MAR20_3270.txt,3390.jpg,3390.txt,images/train/MAR20_3270.jpg,labels/train/MAR20_3270.txt,images/train/3390.jpg,labels/train/3390.txt
3391,3391,MAR20_3271.jpg,MAR20_3271.txt,3391.jpg,3391.txt,images/train/MAR20_3271.jpg,labels/train/MAR20_3271.txt,images/train/3391.jpg,labels/train/3391.txt
3392,3392,MAR20_3272.jpg,MAR20_3272.txt,3392.jpg,3392.txt,images/train/MAR20_3272.jpg,labels/train/MAR20_3272.txt,images/train/3392.jpg,labels/train/3392.txt
3393,3393,MAR20_3273.jpg,MAR20_3273.txt,3393.jpg,3393.txt,images/train/MAR20_3273.jpg,labels/train/MAR20_3273.txt,images/train/3393.jpg,labels/train/3393.txt
3394,3394,MAR20_3274.jpg,MAR20_3274.txt,3394.jpg,3394.txt,images/train/MAR20_3274.jpg,labels/train/MAR20_3274.txt,images/train/3394.jpg,labels/train/3394.txt
3395,3395,MAR20_3275.jpg,MAR20_3275.txt,3395.jpg,3395.txt,images/train/MAR20_3275.jpg,labels/train/MAR20_3275.txt,images/train/3395.jpg,labels/train/3395.txt
3396,3396,MAR20_3276.jpg,MAR20_3276.txt,3396.jpg,3396.txt,images/train/MAR20_3276.jpg,labels/train/MAR20_3276.txt,images/train/3396.jpg,labels/train/3396.txt
3397,3397,MAR20_3278.jpg,MAR20_3278.txt,3397.jpg,3397.txt,images/train/MAR20_3278.jpg,labels/train/MAR20_3278.txt,images/train/3397.jpg,labels/train/3397.txt
3398,3398,MAR20_3279.jpg,MAR20_3279.txt,3398.jpg,3398.txt,images/train/MAR20_3279.jpg,labels/train/MAR20_3279.txt,images/train/3398.jpg,labels/train/3398.txt
3399,3399,MAR20_328.jpg,MAR20_328.txt,3399.jpg,3399.txt,images/train/MAR20_328.jpg,labels/train/MAR20_328.txt,images/train/3399.jpg,labels/train/3399.txt
3400,3400,MAR20_3280.jpg,MAR20_3280.txt,3400.jpg,3400.txt,images/train/MAR20_3280.jpg,labels/train/MAR20_3280.txt,images/train/3400.jpg,labels/train/3400.txt
3401,3401,MAR20_3281.jpg,MAR20_3281.txt,3401.jpg,3401.txt,images/train/MAR20_3281.jpg,labels/train/MAR20_3281.txt,images/train/3401.jpg,labels/train/3401.txt
3402,3402,MAR20_3282.jpg,MAR20_3282.txt,3402.jpg,3402.txt,images/train/MAR20_3282.jpg,labels/train/MAR20_3282.txt,images/train/3402.jpg,labels/train/3402.txt
3403,3403,MAR20_3283.jpg,MAR20_3283.txt,3403.jpg,3403.txt,images/train/MAR20_3283.jpg,labels/train/MAR20_3283.txt,images/train/3403.jpg,labels/train/3403.txt
3404,3404,MAR20_3284.jpg,MAR20_3284.txt,3404.jpg,3404.txt,images/train/MAR20_3284.jpg,labels/train/MAR20_3284.txt,images/train/3404.jpg,labels/train/3404.txt
3405,3405,MAR20_3285.jpg,MAR20_3285.txt,3405.jpg,3405.txt,images/train/MAR20_3285.jpg,labels/train/MAR20_3285.txt,images/train/3405.jpg,labels/train/3405.txt
3406,3406,MAR20_3286.jpg,MAR20_3286.txt,3406.jpg,3406.txt,images/train/MAR20_3286.jpg,labels/train/MAR20_3286.txt,images/train/3406.jpg,labels/train/3406.txt
3407,3407,MAR20_3287.jpg,MAR20_3287.txt,3407.jpg,3407.txt,images/train/MAR20_3287.jpg,labels/train/MAR20_3287.txt,images/train/3407.jpg,labels/train/3407.txt
3408,3408,MAR20_3288.jpg,MAR20_3288.txt,3408.jpg,3408.txt,images/train/MAR20_3288.jpg,labels/train/MAR20_3288.txt,images/train/3408.jpg,labels/train/3408.txt
3409,3409,MAR20_3289.jpg,MAR20_3289.txt,3409.jpg,3409.txt,images/train/MAR20_3289.jpg,labels/train/MAR20_3289.txt,images/train/3409.jpg,labels/train/3409.txt
3410,3410,MAR20_329.jpg,MAR20_329.txt,3410.jpg,3410.txt,images/train/MAR20_329.jpg,labels/train/MAR20_329.txt,images/train/3410.jpg,labels/train/3410.txt
3411,3411,MAR20_3290.jpg,MAR20_3290.txt,3411.jpg,3411.txt,images/train/MAR20_3290.jpg,labels/train/MAR20_3290.txt,images/train/3411.jpg,labels/train/3411.txt
3412,3412,MAR20_3291.jpg,MAR20_3291.txt,3412.jpg,3412.txt,images/train/MAR20_3291.jpg,labels/train/MAR20_3291.txt,images/train/3412.jpg,labels/train/3412.txt
3413,3413,MAR20_3292.jpg,MAR20_3292.txt,3413.jpg,3413.txt,images/train/MAR20_3292.jpg,labels/train/MAR20_3292.txt,images/train/3413.jpg,labels/train/3413.txt
3414,3414,MAR20_3293.jpg,MAR20_3293.txt,3414.jpg,3414.txt,images/train/MAR20_3293.jpg,labels/train/MAR20_3293.txt,images/train/3414.jpg,labels/train/3414.txt
3415,3415,MAR20_3294.jpg,MAR20_3294.txt,3415.jpg,3415.txt,images/train/MAR20_3294.jpg,labels/train/MAR20_3294.txt,images/train/3415.jpg,labels/train/3415.txt
3416,3416,MAR20_3296.jpg,MAR20_3296.txt,3416.jpg,3416.txt,images/train/MAR20_3296.jpg,labels/train/MAR20_3296.txt,images/train/3416.jpg,labels/train/3416.txt
3417,3417,MAR20_3297.jpg,MAR20_3297.txt,3417.jpg,3417.txt,images/train/MAR20_3297.jpg,labels/train/MAR20_3297.txt,images/train/3417.jpg,labels/train/3417.txt
3418,3418,MAR20_3298.jpg,MAR20_3298.txt,3418.jpg,3418.txt,images/train/MAR20_3298.jpg,labels/train/MAR20_3298.txt,images/train/3418.jpg,labels/train/3418.txt
3419,3419,MAR20_3299.jpg,MAR20_3299.txt,3419.jpg,3419.txt,images/train/MAR20_3299.jpg,labels/train/MAR20_3299.txt,images/train/3419.jpg,labels/train/3419.txt
3420,3420,MAR20_33.jpg,MAR20_33.txt,3420.jpg,3420.txt,images/train/MAR20_33.jpg,labels/train/MAR20_33.txt,images/train/3420.jpg,labels/train/3420.txt
3421,3421,MAR20_3301.jpg,MAR20_3301.txt,3421.jpg,3421.txt,images/train/MAR20_3301.jpg,labels/train/MAR20_3301.txt,images/train/3421.jpg,labels/train/3421.txt
3422,3422,MAR20_3303.jpg,MAR20_3303.txt,3422.jpg,3422.txt,images/train/MAR20_3303.jpg,labels/train/MAR20_3303.txt,images/train/3422.jpg,labels/train/3422.txt
3423,3423,MAR20_3304.jpg,MAR20_3304.txt,3423.jpg,3423.txt,images/train/MAR20_3304.jpg,labels/train/MAR20_3304.txt,images/train/3423.jpg,labels/train/3423.txt
3424,3424,MAR20_3305.jpg,MAR20_3305.txt,3424.jpg,3424.txt,images/train/MAR20_3305.jpg,labels/train/MAR20_3305.txt,images/train/3424.jpg,labels/train/3424.txt
3425,3425,MAR20_3306.jpg,MAR20_3306.txt,3425.jpg,3425.txt,images/train/MAR20_3306.jpg,labels/train/MAR20_3306.txt,images/train/3425.jpg,labels/train/3425.txt
3426,3426,MAR20_3307.jpg,MAR20_3307.txt,3426.jpg,3426.txt,images/train/MAR20_3307.jpg,labels/train/MAR20_3307.txt,images/train/3426.jpg,labels/train/3426.txt
3427,3427,MAR20_3308.jpg,MAR20_3308.txt,3427.jpg,3427.txt,images/train/MAR20_3308.jpg,labels/train/MAR20_3308.txt,images/train/3427.jpg,labels/train/3427.txt
3428,3428,MAR20_3309.jpg,MAR20_3309.txt,3428.jpg,3428.txt,images/train/MAR20_3309.jpg,labels/train/MAR20_3309.txt,images/train/3428.jpg,labels/train/3428.txt
3429,3429,MAR20_3311.jpg,MAR20_3311.txt,3429.jpg,3429.txt,images/train/MAR20_3311.jpg,labels/train/MAR20_3311.txt,images/train/3429.jpg,labels/train/3429.txt
3430,3430,MAR20_3312.jpg,MAR20_3312.txt,3430.jpg,3430.txt,images/train/MAR20_3312.jpg,labels/train/MAR20_3312.txt,images/train/3430.jpg,labels/train/3430.txt
3431,3431,MAR20_3315.jpg,MAR20_3315.txt,3431.jpg,3431.txt,images/train/MAR20_3315.jpg,labels/train/MAR20_3315.txt,images/train/3431.jpg,labels/train/3431.txt
3432,3432,MAR20_3316.jpg,MAR20_3316.txt,3432.jpg,3432.txt,images/train/MAR20_3316.jpg,labels/train/MAR20_3316.txt,images/train/3432.jpg,labels/train/3432.txt
3433,3433,MAR20_3317.jpg,MAR20_3317.txt,3433.jpg,3433.txt,images/train/MAR20_3317.jpg,labels/train/MAR20_3317.txt,images/train/3433.jpg,labels/train/3433.txt
3434,3434,MAR20_3318.jpg,MAR20_3318.txt,3434.jpg,3434.txt,images/train/MAR20_3318.jpg,labels/train/MAR20_3318.txt,images/train/3434.jpg,labels/train/3434.txt
3435,3435,MAR20_3319.jpg,MAR20_3319.txt,3435.jpg,3435.txt,images/train/MAR20_3319.jpg,labels/train/MAR20_3319.txt,images/train/3435.jpg,labels/train/3435.txt
3436,3436,MAR20_332.jpg,MAR20_332.txt,3436.jpg,3436.txt,images/train/MAR20_332.jpg,labels/train/MAR20_332.txt,images/train/3436.jpg,labels/train/3436.txt
3437,3437,MAR20_3320.jpg,MAR20_3320.txt,3437.jpg,3437.txt,images/train/MAR20_3320.jpg,labels/train/MAR20_3320.txt,images/train/3437.jpg,labels/train/3437.txt
3438,3438,MAR20_3321.jpg,MAR20_3321.txt,3438.jpg,3438.txt,images/train/MAR20_3321.jpg,labels/train/MAR20_3321.txt,images/train/3438.jpg,labels/train/3438.txt
3439,3439,MAR20_3322.jpg,MAR20_3322.txt,3439.jpg,3439.txt,images/train/MAR20_3322.jpg,labels/train/MAR20_3322.txt,images/train/3439.jpg,labels/train/3439.txt
3440,3440,MAR20_3323.jpg,MAR20_3323.txt,3440.jpg,3440.txt,images/train/MAR20_3323.jpg,labels/train/MAR20_3323.txt,images/train/3440.jpg,labels/train/3440.txt
3441,3441,MAR20_3325.jpg,MAR20_3325.txt,3441.jpg,3441.txt,images/train/MAR20_3325.jpg,labels/train/MAR20_3325.txt,images/train/3441.jpg,labels/train/3441.txt
3442,3442,MAR20_3329.jpg,MAR20_3329.txt,3442.jpg,3442.txt,images/train/MAR20_3329.jpg,labels/train/MAR20_3329.txt,images/train/3442.jpg,labels/train/3442.txt
3443,3443,MAR20_333.jpg,MAR20_333.txt,3443.jpg,3443.txt,images/train/MAR20_333.jpg,labels/train/MAR20_333.txt,images/train/3443.jpg,labels/train/3443.txt
3444,3444,MAR20_3330.jpg,MAR20_3330.txt,3444.jpg,3444.txt,images/train/MAR20_3330.jpg,labels/train/MAR20_3330.txt,images/train/3444.jpg,labels/train/3444.txt
3445,3445,MAR20_3331.jpg,MAR20_3331.txt,3445.jpg,3445.txt,images/train/MAR20_3331.jpg,labels/train/MAR20_3331.txt,images/train/3445.jpg,labels/train/3445.txt
3446,3446,MAR20_3332.jpg,MAR20_3332.txt,3446.jpg,3446.txt,images/train/MAR20_3332.jpg,labels/train/MAR20_3332.txt,images/train/3446.jpg,labels/train/3446.txt
3447,3447,MAR20_3333.jpg,MAR20_3333.txt,3447.jpg,3447.txt,images/train/MAR20_3333.jpg,labels/train/MAR20_3333.txt,images/train/3447.jpg,labels/train/3447.txt
3448,3448,MAR20_3334.jpg,MAR20_3334.txt,3448.jpg,3448.txt,images/train/MAR20_3334.jpg,labels/train/MAR20_3334.txt,images/train/3448.jpg,labels/train/3448.txt
3449,3449,MAR20_3335.jpg,MAR20_3335.txt,3449.jpg,3449.txt,images/train/MAR20_3335.jpg,labels/train/MAR20_3335.txt,images/train/3449.jpg,labels/train/3449.txt
3450,3450,MAR20_3336.jpg,MAR20_3336.txt,3450.jpg,3450.txt,images/train/MAR20_3336.jpg,labels/train/MAR20_3336.txt,images/train/3450.jpg,labels/train/3450.txt
3451,3451,MAR20_3337.jpg,MAR20_3337.txt,3451.jpg,3451.txt,images/train/MAR20_3337.jpg,labels/train/MAR20_3337.txt,images/train/3451.jpg,labels/train/3451.txt
3452,3452,MAR20_3338.jpg,MAR20_3338.txt,3452.jpg,3452.txt,images/train/MAR20_3338.jpg,labels/train/MAR20_3338.txt,images/train/3452.jpg,labels/train/3452.txt
3453,3453,MAR20_3339.jpg,MAR20_3339.txt,3453.jpg,3453.txt,images/train/MAR20_3339.jpg,labels/train/MAR20_3339.txt,images/train/3453.jpg,labels/train/3453.txt
3454,3454,MAR20_3342.jpg,MAR20_3342.txt,3454.jpg,3454.txt,images/train/MAR20_3342.jpg,labels/train/MAR20_3342.txt,images/train/3454.jpg,labels/train/3454.txt
3455,3455,MAR20_3343.jpg,MAR20_3343.txt,3455.jpg,3455.txt,images/train/MAR20_3343.jpg,labels/train/MAR20_3343.txt,images/train/3455.jpg,labels/train/3455.txt
3456,3456,MAR20_3344.jpg,MAR20_3344.txt,3456.jpg,3456.txt,images/train/MAR20_3344.jpg,labels/train/MAR20_3344.txt,images/train/3456.jpg,labels/train/3456.txt
3457,3457,MAR20_3345.jpg,MAR20_3345.txt,3457.jpg,3457.txt,images/train/MAR20_3345.jpg,labels/train/MAR20_3345.txt,images/train/3457.jpg,labels/train/3457.txt
3458,3458,MAR20_3346.jpg,MAR20_3346.txt,3458.jpg,3458.txt,images/train/MAR20_3346.jpg,labels/train/MAR20_3346.txt,images/train/3458.jpg,labels/train/3458.txt
3459,3459,MAR20_3347.jpg,MAR20_3347.txt,3459.jpg,3459.txt,images/train/MAR20_3347.jpg,labels/train/MAR20_3347.txt,images/train/3459.jpg,labels/train/3459.txt
3460,3460,MAR20_3348.jpg,MAR20_3348.txt,3460.jpg,3460.txt,images/train/MAR20_3348.jpg,labels/train/MAR20_3348.txt,images/train/3460.jpg,labels/train/3460.txt
3461,3461,MAR20_3350.jpg,MAR20_3350.txt,3461.jpg,3461.txt,images/train/MAR20_3350.jpg,labels/train/MAR20_3350.txt,images/train/3461.jpg,labels/train/3461.txt
3462,3462,MAR20_3351.jpg,MAR20_3351.txt,3462.jpg,3462.txt,images/train/MAR20_3351.jpg,labels/train/MAR20_3351.txt,images/train/3462.jpg,labels/train/3462.txt
3463,3463,MAR20_3352.jpg,MAR20_3352.txt,3463.jpg,3463.txt,images/train/MAR20_3352.jpg,labels/train/MAR20_3352.txt,images/train/3463.jpg,labels/train/3463.txt
3464,3464,MAR20_3353.jpg,MAR20_3353.txt,3464.jpg,3464.txt,images/train/MAR20_3353.jpg,labels/train/MAR20_3353.txt,images/train/3464.jpg,labels/train/3464.txt
3465,3465,MAR20_3355.jpg,MAR20_3355.txt,3465.jpg,3465.txt,images/train/MAR20_3355.jpg,labels/train/MAR20_3355.txt,images/train/3465.jpg,labels/train/3465.txt
3466,3466,MAR20_3358.jpg,MAR20_3358.txt,3466.jpg,3466.txt,images/train/MAR20_3358.jpg,labels/train/MAR20_3358.txt,images/train/3466.jpg,labels/train/3466.txt
3467,3467,MAR20_3359.jpg,MAR20_3359.txt,3467.jpg,3467.txt,images/train/MAR20_3359.jpg,labels/train/MAR20_3359.txt,images/train/3467.jpg,labels/train/3467.txt
3468,3468,MAR20_336.jpg,MAR20_336.txt,3468.jpg,3468.txt,images/train/MAR20_336.jpg,labels/train/MAR20_336.txt,images/train/3468.jpg,labels/train/3468.txt
3469,3469,MAR20_3360.jpg,MAR20_3360.txt,3469.jpg,3469.txt,images/train/MAR20_3360.jpg,labels/train/MAR20_3360.txt,images/train/3469.jpg,labels/train/3469.txt
3470,3470,MAR20_3364.jpg,MAR20_3364.txt,3470.jpg,3470.txt,images/train/MAR20_3364.jpg,labels/train/MAR20_3364.txt,images/train/3470.jpg,labels/train/3470.txt
3471,3471,MAR20_3366.jpg,MAR20_3366.txt,3471.jpg,3471.txt,images/train/MAR20_3366.jpg,labels/train/MAR20_3366.txt,images/train/3471.jpg,labels/train/3471.txt
3472,3472,MAR20_337.jpg,MAR20_337.txt,3472.jpg,3472.txt,images/train/MAR20_337.jpg,labels/train/MAR20_337.txt,images/train/3472.jpg,labels/train/3472.txt
3473,3473,MAR20_3371.jpg,MAR20_3371.txt,3473.jpg,3473.txt,images/train/MAR20_3371.jpg,labels/train/MAR20_3371.txt,images/train/3473.jpg,labels/train/3473.txt
3474,3474,MAR20_3372.jpg,MAR20_3372.txt,3474.jpg,3474.txt,images/train/MAR20_3372.jpg,labels/train/MAR20_3372.txt,images/train/3474.jpg,labels/train/3474.txt
3475,3475,MAR20_3373.jpg,MAR20_3373.txt,3475.jpg,3475.txt,images/train/MAR20_3373.jpg,labels/train/MAR20_3373.txt,images/train/3475.jpg,labels/train/3475.txt
3476,3476,MAR20_3374.jpg,MAR20_3374.txt,3476.jpg,3476.txt,images/train/MAR20_3374.jpg,labels/train/MAR20_3374.txt,images/train/3476.jpg,labels/train/3476.txt
3477,3477,MAR20_3376.jpg,MAR20_3376.txt,3477.jpg,3477.txt,images/train/MAR20_3376.jpg,labels/train/MAR20_3376.txt,images/train/3477.jpg,labels/train/3477.txt
3478,3478,MAR20_3379.jpg,MAR20_3379.txt,3478.jpg,3478.txt,images/train/MAR20_3379.jpg,labels/train/MAR20_3379.txt,images/train/3478.jpg,labels/train/3478.txt
3479,3479,MAR20_338.jpg,MAR20_338.txt,3479.jpg,3479.txt,images/train/MAR20_338.jpg,labels/train/MAR20_338.txt,images/train/3479.jpg,labels/train/3479.txt
3480,3480,MAR20_3381.jpg,MAR20_3381.txt,3480.jpg,3480.txt,images/train/MAR20_3381.jpg,labels/train/MAR20_3381.txt,images/train/3480.jpg,labels/train/3480.txt
3481,3481,MAR20_3382.jpg,MAR20_3382.txt,3481.jpg,3481.txt,images/train/MAR20_3382.jpg,labels/train/MAR20_3382.txt,images/train/3481.jpg,labels/train/3481.txt
3482,3482,MAR20_3384.jpg,MAR20_3384.txt,3482.jpg,3482.txt,images/train/MAR20_3384.jpg,labels/train/MAR20_3384.txt,images/train/3482.jpg,labels/train/3482.txt
3483,3483,MAR20_3386.jpg,MAR20_3386.txt,3483.jpg,3483.txt,images/train/MAR20_3386.jpg,labels/train/MAR20_3386.txt,images/train/3483.jpg,labels/train/3483.txt
3484,3484,MAR20_3387.jpg,MAR20_3387.txt,3484.jpg,3484.txt,images/train/MAR20_3387.jpg,labels/train/MAR20_3387.txt,images/train/3484.jpg,labels/train/3484.txt
3485,3485,MAR20_3388.jpg,MAR20_3388.txt,3485.jpg,3485.txt,images/train/MAR20_3388.jpg,labels/train/MAR20_3388.txt,images/train/3485.jpg,labels/train/3485.txt
3486,3486,MAR20_3389.jpg,MAR20_3389.txt,3486.jpg,3486.txt,images/train/MAR20_3389.jpg,labels/train/MAR20_3389.txt,images/train/3486.jpg,labels/train/3486.txt
3487,3487,MAR20_339.jpg,MAR20_339.txt,3487.jpg,3487.txt,images/train/MAR20_339.jpg,labels/train/MAR20_339.txt,images/train/3487.jpg,labels/train/3487.txt
3488,3488,MAR20_3390.jpg,MAR20_3390.txt,3488.jpg,3488.txt,images/train/MAR20_3390.jpg,labels/train/MAR20_3390.txt,images/train/3488.jpg,labels/train/3488.txt
3489,3489,MAR20_3391.jpg,MAR20_3391.txt,3489.jpg,3489.txt,images/train/MAR20_3391.jpg,labels/train/MAR20_3391.txt,images/train/3489.jpg,labels/train/3489.txt
3490,3490,MAR20_3392.jpg,MAR20_3392.txt,3490.jpg,3490.txt,images/train/MAR20_3392.jpg,labels/train/MAR20_3392.txt,images/train/3490.jpg,labels/train/3490.txt
3491,3491,MAR20_3394.jpg,MAR20_3394.txt,3491.jpg,3491.txt,images/train/MAR20_3394.jpg,labels/train/MAR20_3394.txt,images/train/3491.jpg,labels/train/3491.txt
3492,3492,MAR20_3396.jpg,MAR20_3396.txt,3492.jpg,3492.txt,images/train/MAR20_3396.jpg,labels/train/MAR20_3396.txt,images/train/3492.jpg,labels/train/3492.txt
3493,3493,MAR20_3397.jpg,MAR20_3397.txt,3493.jpg,3493.txt,images/train/MAR20_3397.jpg,labels/train/MAR20_3397.txt,images/train/3493.jpg,labels/train/3493.txt
3494,3494,MAR20_3398.jpg,MAR20_3398.txt,3494.jpg,3494.txt,images/train/MAR20_3398.jpg,labels/train/MAR20_3398.txt,images/train/3494.jpg,labels/train/3494.txt
3495,3495,MAR20_3399.jpg,MAR20_3399.txt,3495.jpg,3495.txt,images/train/MAR20_3399.jpg,labels/train/MAR20_3399.txt,images/train/3495.jpg,labels/train/3495.txt
3496,3496,MAR20_340.jpg,MAR20_340.txt,3496.jpg,3496.txt,images/train/MAR20_340.jpg,labels/train/MAR20_340.txt,images/train/3496.jpg,labels/train/3496.txt
3497,3497,MAR20_3401.jpg,MAR20_3401.txt,3497.jpg,3497.txt,images/train/MAR20_3401.jpg,labels/train/MAR20_3401.txt,images/train/3497.jpg,labels/train/3497.txt
3498,3498,MAR20_3402.jpg,MAR20_3402.txt,3498.jpg,3498.txt,images/train/MAR20_3402.jpg,labels/train/MAR20_3402.txt,images/train/3498.jpg,labels/train/3498.txt
3499,3499,MAR20_3403.jpg,MAR20_3403.txt,3499.jpg,3499.txt,images/train/MAR20_3403.jpg,labels/train/MAR20_3403.txt,images/train/3499.jpg,labels/train/3499.txt
3500,3500,MAR20_3404.jpg,MAR20_3404.txt,3500.jpg,3500.txt,images/train/MAR20_3404.jpg,labels/train/MAR20_3404.txt,images/train/3500.jpg,labels/train/3500.txt
3501,3501,MAR20_3405.jpg,MAR20_3405.txt,3501.jpg,3501.txt,images/train/MAR20_3405.jpg,labels/train/MAR20_3405.txt,images/train/3501.jpg,labels/train/3501.txt
3502,3502,MAR20_3406.jpg,MAR20_3406.txt,3502.jpg,3502.txt,images/train/MAR20_3406.jpg,labels/train/MAR20_3406.txt,images/train/3502.jpg,labels/train/3502.txt
3503,3503,MAR20_3407.jpg,MAR20_3407.txt,3503.jpg,3503.txt,images/train/MAR20_3407.jpg,labels/train/MAR20_3407.txt,images/train/3503.jpg,labels/train/3503.txt
3504,3504,MAR20_3408.jpg,MAR20_3408.txt,3504.jpg,3504.txt,images/train/MAR20_3408.jpg,labels/train/MAR20_3408.txt,images/train/3504.jpg,labels/train/3504.txt
3505,3505,MAR20_3409.jpg,MAR20_3409.txt,3505.jpg,3505.txt,images/train/MAR20_3409.jpg,labels/train/MAR20_3409.txt,images/train/3505.jpg,labels/train/3505.txt
3506,3506,MAR20_341.jpg,MAR20_341.txt,3506.jpg,3506.txt,images/train/MAR20_341.jpg,labels/train/MAR20_341.txt,images/train/3506.jpg,labels/train/3506.txt
3507,3507,MAR20_3410.jpg,MAR20_3410.txt,3507.jpg,3507.txt,images/train/MAR20_3410.jpg,labels/train/MAR20_3410.txt,images/train/3507.jpg,labels/train/3507.txt
3508,3508,MAR20_3411.jpg,MAR20_3411.txt,3508.jpg,3508.txt,images/train/MAR20_3411.jpg,labels/train/MAR20_3411.txt,images/train/3508.jpg,labels/train/3508.txt
3509,3509,MAR20_3412.jpg,MAR20_3412.txt,3509.jpg,3509.txt,images/train/MAR20_3412.jpg,labels/train/MAR20_3412.txt,images/train/3509.jpg,labels/train/3509.txt
3510,3510,MAR20_3413.jpg,MAR20_3413.txt,3510.jpg,3510.txt,images/train/MAR20_3413.jpg,labels/train/MAR20_3413.txt,images/train/3510.jpg,labels/train/3510.txt
3511,3511,MAR20_3416.jpg,MAR20_3416.txt,3511.jpg,3511.txt,images/train/MAR20_3416.jpg,labels/train/MAR20_3416.txt,images/train/3511.jpg,labels/train/3511.txt
3512,3512,MAR20_3418.jpg,MAR20_3418.txt,3512.jpg,3512.txt,images/train/MAR20_3418.jpg,labels/train/MAR20_3418.txt,images/train/3512.jpg,labels/train/3512.txt
3513,3513,MAR20_342.jpg,MAR20_342.txt,3513.jpg,3513.txt,images/train/MAR20_342.jpg,labels/train/MAR20_342.txt,images/train/3513.jpg,labels/train/3513.txt
3514,3514,MAR20_3421.jpg,MAR20_3421.txt,3514.jpg,3514.txt,images/train/MAR20_3421.jpg,labels/train/MAR20_3421.txt,images/train/3514.jpg,labels/train/3514.txt
3515,3515,MAR20_3422.jpg,MAR20_3422.txt,3515.jpg,3515.txt,images/train/MAR20_3422.jpg,labels/train/MAR20_3422.txt,images/train/3515.jpg,labels/train/3515.txt
3516,3516,MAR20_3423.jpg,MAR20_3423.txt,3516.jpg,3516.txt,images/train/MAR20_3423.jpg,labels/train/MAR20_3423.txt,images/train/3516.jpg,labels/train/3516.txt
3517,3517,MAR20_3424.jpg,MAR20_3424.txt,3517.jpg,3517.txt,images/train/MAR20_3424.jpg,labels/train/MAR20_3424.txt,images/train/3517.jpg,labels/train/3517.txt
3518,3518,MAR20_3425.jpg,MAR20_3425.txt,3518.jpg,3518.txt,images/train/MAR20_3425.jpg,labels/train/MAR20_3425.txt,images/train/3518.jpg,labels/train/3518.txt
3519,3519,MAR20_3426.jpg,MAR20_3426.txt,3519.jpg,3519.txt,images/train/MAR20_3426.jpg,labels/train/MAR20_3426.txt,images/train/3519.jpg,labels/train/3519.txt
3520,3520,MAR20_3428.jpg,MAR20_3428.txt,3520.jpg,3520.txt,images/train/MAR20_3428.jpg,labels/train/MAR20_3428.txt,images/train/3520.jpg,labels/train/3520.txt
3521,3521,MAR20_3429.jpg,MAR20_3429.txt,3521.jpg,3521.txt,images/train/MAR20_3429.jpg,labels/train/MAR20_3429.txt,images/train/3521.jpg,labels/train/3521.txt
3522,3522,MAR20_343.jpg,MAR20_343.txt,3522.jpg,3522.txt,images/train/MAR20_343.jpg,labels/train/MAR20_343.txt,images/train/3522.jpg,labels/train/3522.txt
3523,3523,MAR20_3430.jpg,MAR20_3430.txt,3523.jpg,3523.txt,images/train/MAR20_3430.jpg,labels/train/MAR20_3430.txt,images/train/3523.jpg,labels/train/3523.txt
3524,3524,MAR20_3431.jpg,MAR20_3431.txt,3524.jpg,3524.txt,images/train/MAR20_3431.jpg,labels/train/MAR20_3431.txt,images/train/3524.jpg,labels/train/3524.txt
3525,3525,MAR20_3432.jpg,MAR20_3432.txt,3525.jpg,3525.txt,images/train/MAR20_3432.jpg,labels/train/MAR20_3432.txt,images/train/3525.jpg,labels/train/3525.txt
3526,3526,MAR20_3433.jpg,MAR20_3433.txt,3526.jpg,3526.txt,images/train/MAR20_3433.jpg,labels/train/MAR20_3433.txt,images/train/3526.jpg,labels/train/3526.txt
3527,3527,MAR20_3434.jpg,MAR20_3434.txt,3527.jpg,3527.txt,images/train/MAR20_3434.jpg,labels/train/MAR20_3434.txt,images/train/3527.jpg,labels/train/3527.txt
3528,3528,MAR20_3436.jpg,MAR20_3436.txt,3528.jpg,3528.txt,images/train/MAR20_3436.jpg,labels/train/MAR20_3436.txt,images/train/3528.jpg,labels/train/3528.txt
3529,3529,MAR20_3437.jpg,MAR20_3437.txt,3529.jpg,3529.txt,images/train/MAR20_3437.jpg,labels/train/MAR20_3437.txt,images/train/3529.jpg,labels/train/3529.txt
3530,3530,MAR20_3438.jpg,MAR20_3438.txt,3530.jpg,3530.txt,images/train/MAR20_3438.jpg,labels/train/MAR20_3438.txt,images/train/3530.jpg,labels/train/3530.txt
3531,3531,MAR20_3440.jpg,MAR20_3440.txt,3531.jpg,3531.txt,images/train/MAR20_3440.jpg,labels/train/MAR20_3440.txt,images/train/3531.jpg,labels/train/3531.txt
3532,3532,MAR20_3441.jpg,MAR20_3441.txt,3532.jpg,3532.txt,images/train/MAR20_3441.jpg,labels/train/MAR20_3441.txt,images/train/3532.jpg,labels/train/3532.txt
3533,3533,MAR20_3442.jpg,MAR20_3442.txt,3533.jpg,3533.txt,images/train/MAR20_3442.jpg,labels/train/MAR20_3442.txt,images/train/3533.jpg,labels/train/3533.txt
3534,3534,MAR20_3443.jpg,MAR20_3443.txt,3534.jpg,3534.txt,images/train/MAR20_3443.jpg,labels/train/MAR20_3443.txt,images/train/3534.jpg,labels/train/3534.txt
3535,3535,MAR20_3444.jpg,MAR20_3444.txt,3535.jpg,3535.txt,images/train/MAR20_3444.jpg,labels/train/MAR20_3444.txt,images/train/3535.jpg,labels/train/3535.txt
3536,3536,MAR20_3446.jpg,MAR20_3446.txt,3536.jpg,3536.txt,images/train/MAR20_3446.jpg,labels/train/MAR20_3446.txt,images/train/3536.jpg,labels/train/3536.txt
3537,3537,MAR20_3447.jpg,MAR20_3447.txt,3537.jpg,3537.txt,images/train/MAR20_3447.jpg,labels/train/MAR20_3447.txt,images/train/3537.jpg,labels/train/3537.txt
3538,3538,MAR20_3449.jpg,MAR20_3449.txt,3538.jpg,3538.txt,images/train/MAR20_3449.jpg,labels/train/MAR20_3449.txt,images/train/3538.jpg,labels/train/3538.txt
3539,3539,MAR20_345.jpg,MAR20_345.txt,3539.jpg,3539.txt,images/train/MAR20_345.jpg,labels/train/MAR20_345.txt,images/train/3539.jpg,labels/train/3539.txt
3540,3540,MAR20_3450.jpg,MAR20_3450.txt,3540.jpg,3540.txt,images/train/MAR20_3450.jpg,labels/train/MAR20_3450.txt,images/train/3540.jpg,labels/train/3540.txt
3541,3541,MAR20_3451.jpg,MAR20_3451.txt,3541.jpg,3541.txt,images/train/MAR20_3451.jpg,labels/train/MAR20_3451.txt,images/train/3541.jpg,labels/train/3541.txt
3542,3542,MAR20_3452.jpg,MAR20_3452.txt,3542.jpg,3542.txt,images/train/MAR20_3452.jpg,labels/train/MAR20_3452.txt,images/train/3542.jpg,labels/train/3542.txt
3543,3543,MAR20_3453.jpg,MAR20_3453.txt,3543.jpg,3543.txt,images/train/MAR20_3453.jpg,labels/train/MAR20_3453.txt,images/train/3543.jpg,labels/train/3543.txt
3544,3544,MAR20_3454.jpg,MAR20_3454.txt,3544.jpg,3544.txt,images/train/MAR20_3454.jpg,labels/train/MAR20_3454.txt,images/train/3544.jpg,labels/train/3544.txt
3545,3545,MAR20_3455.jpg,MAR20_3455.txt,3545.jpg,3545.txt,images/train/MAR20_3455.jpg,labels/train/MAR20_3455.txt,images/train/3545.jpg,labels/train/3545.txt
3546,3546,MAR20_3456.jpg,MAR20_3456.txt,3546.jpg,3546.txt,images/train/MAR20_3456.jpg,labels/train/MAR20_3456.txt,images/train/3546.jpg,labels/train/3546.txt
3547,3547,MAR20_3457.jpg,MAR20_3457.txt,3547.jpg,3547.txt,images/train/MAR20_3457.jpg,labels/train/MAR20_3457.txt,images/train/3547.jpg,labels/train/3547.txt
3548,3548,MAR20_3458.jpg,MAR20_3458.txt,3548.jpg,3548.txt,images/train/MAR20_3458.jpg,labels/train/MAR20_3458.txt,images/train/3548.jpg,labels/train/3548.txt
3549,3549,MAR20_3459.jpg,MAR20_3459.txt,3549.jpg,3549.txt,images/train/MAR20_3459.jpg,labels/train/MAR20_3459.txt,images/train/3549.jpg,labels/train/3549.txt
3550,3550,MAR20_346.jpg,MAR20_346.txt,3550.jpg,3550.txt,images/train/MAR20_346.jpg,labels/train/MAR20_346.txt,images/train/3550.jpg,labels/train/3550.txt
3551,3551,MAR20_3461.jpg,MAR20_3461.txt,3551.jpg,3551.txt,images/train/MAR20_3461.jpg,labels/train/MAR20_3461.txt,images/train/3551.jpg,labels/train/3551.txt
3552,3552,MAR20_3463.jpg,MAR20_3463.txt,3552.jpg,3552.txt,images/train/MAR20_3463.jpg,labels/train/MAR20_3463.txt,images/train/3552.jpg,labels/train/3552.txt
3553,3553,MAR20_3464.jpg,MAR20_3464.txt,3553.jpg,3553.txt,images/train/MAR20_3464.jpg,labels/train/MAR20_3464.txt,images/train/3553.jpg,labels/train/3553.txt
3554,3554,MAR20_3465.jpg,MAR20_3465.txt,3554.jpg,3554.txt,images/train/MAR20_3465.jpg,labels/train/MAR20_3465.txt,images/train/3554.jpg,labels/train/3554.txt
3555,3555,MAR20_3466.jpg,MAR20_3466.txt,3555.jpg,3555.txt,images/train/MAR20_3466.jpg,labels/train/MAR20_3466.txt,images/train/3555.jpg,labels/train/3555.txt
3556,3556,MAR20_3467.jpg,MAR20_3467.txt,3556.jpg,3556.txt,images/train/MAR20_3467.jpg,labels/train/MAR20_3467.txt,images/train/3556.jpg,labels/train/3556.txt
3557,3557,MAR20_3468.jpg,MAR20_3468.txt,3557.jpg,3557.txt,images/train/MAR20_3468.jpg,labels/train/MAR20_3468.txt,images/train/3557.jpg,labels/train/3557.txt
3558,3558,MAR20_347.jpg,MAR20_347.txt,3558.jpg,3558.txt,images/train/MAR20_347.jpg,labels/train/MAR20_347.txt,images/train/3558.jpg,labels/train/3558.txt
3559,3559,MAR20_3471.jpg,MAR20_3471.txt,3559.jpg,3559.txt,images/train/MAR20_3471.jpg,labels/train/MAR20_3471.txt,images/train/3559.jpg,labels/train/3559.txt
3560,3560,MAR20_3472.jpg,MAR20_3472.txt,3560.jpg,3560.txt,images/train/MAR20_3472.jpg,labels/train/MAR20_3472.txt,images/train/3560.jpg,labels/train/3560.txt
3561,3561,MAR20_3474.jpg,MAR20_3474.txt,3561.jpg,3561.txt,images/train/MAR20_3474.jpg,labels/train/MAR20_3474.txt,images/train/3561.jpg,labels/train/3561.txt
3562,3562,MAR20_3475.jpg,MAR20_3475.txt,3562.jpg,3562.txt,images/train/MAR20_3475.jpg,labels/train/MAR20_3475.txt,images/train/3562.jpg,labels/train/3562.txt
3563,3563,MAR20_3476.jpg,MAR20_3476.txt,3563.jpg,3563.txt,images/train/MAR20_3476.jpg,labels/train/MAR20_3476.txt,images/train/3563.jpg,labels/train/3563.txt
3564,3564,MAR20_3477.jpg,MAR20_3477.txt,3564.jpg,3564.txt,images/train/MAR20_3477.jpg,labels/train/MAR20_3477.txt,images/train/3564.jpg,labels/train/3564.txt
3565,3565,MAR20_3478.jpg,MAR20_3478.txt,3565.jpg,3565.txt,images/train/MAR20_3478.jpg,labels/train/MAR20_3478.txt,images/train/3565.jpg,labels/train/3565.txt
3566,3566,MAR20_3479.jpg,MAR20_3479.txt,3566.jpg,3566.txt,images/train/MAR20_3479.jpg,labels/train/MAR20_3479.txt,images/train/3566.jpg,labels/train/3566.txt
3567,3567,MAR20_348.jpg,MAR20_348.txt,3567.jpg,3567.txt,images/train/MAR20_348.jpg,labels/train/MAR20_348.txt,images/train/3567.jpg,labels/train/3567.txt
3568,3568,MAR20_3480.jpg,MAR20_3480.txt,3568.jpg,3568.txt,images/train/MAR20_3480.jpg,labels/train/MAR20_3480.txt,images/train/3568.jpg,labels/train/3568.txt
3569,3569,MAR20_3481.jpg,MAR20_3481.txt,3569.jpg,3569.txt,images/train/MAR20_3481.jpg,labels/train/MAR20_3481.txt,images/train/3569.jpg,labels/train/3569.txt
3570,3570,MAR20_3482.jpg,MAR20_3482.txt,3570.jpg,3570.txt,images/train/MAR20_3482.jpg,labels/train/MAR20_3482.txt,images/train/3570.jpg,labels/train/3570.txt
3571,3571,MAR20_3483.jpg,MAR20_3483.txt,3571.jpg,3571.txt,images/train/MAR20_3483.jpg,labels/train/MAR20_3483.txt,images/train/3571.jpg,labels/train/3571.txt
3572,3572,MAR20_3484.jpg,MAR20_3484.txt,3572.jpg,3572.txt,images/train/MAR20_3484.jpg,labels/train/MAR20_3484.txt,images/train/3572.jpg,labels/train/3572.txt
3573,3573,MAR20_3485.jpg,MAR20_3485.txt,3573.jpg,3573.txt,images/train/MAR20_3485.jpg,labels/train/MAR20_3485.txt,images/train/3573.jpg,labels/train/3573.txt
3574,3574,MAR20_3486.jpg,MAR20_3486.txt,3574.jpg,3574.txt,images/train/MAR20_3486.jpg,labels/train/MAR20_3486.txt,images/train/3574.jpg,labels/train/3574.txt
3575,3575,MAR20_3487.jpg,MAR20_3487.txt,3575.jpg,3575.txt,images/train/MAR20_3487.jpg,labels/train/MAR20_3487.txt,images/train/3575.jpg,labels/train/3575.txt
3576,3576,MAR20_3488.jpg,MAR20_3488.txt,3576.jpg,3576.txt,images/train/MAR20_3488.jpg,labels/train/MAR20_3488.txt,images/train/3576.jpg,labels/train/3576.txt
3577,3577,MAR20_3489.jpg,MAR20_3489.txt,3577.jpg,3577.txt,images/train/MAR20_3489.jpg,labels/train/MAR20_3489.txt,images/train/3577.jpg,labels/train/3577.txt
3578,3578,MAR20_349.jpg,MAR20_349.txt,3578.jpg,3578.txt,images/train/MAR20_349.jpg,labels/train/MAR20_349.txt,images/train/3578.jpg,labels/train/3578.txt
3579,3579,MAR20_3490.jpg,MAR20_3490.txt,3579.jpg,3579.txt,images/train/MAR20_3490.jpg,labels/train/MAR20_3490.txt,images/train/3579.jpg,labels/train/3579.txt
3580,3580,MAR20_3491.jpg,MAR20_3491.txt,3580.jpg,3580.txt,images/train/MAR20_3491.jpg,labels/train/MAR20_3491.txt,images/train/3580.jpg,labels/train/3580.txt
3581,3581,MAR20_3493.jpg,MAR20_3493.txt,3581.jpg,3581.txt,images/train/MAR20_3493.jpg,labels/train/MAR20_3493.txt,images/train/3581.jpg,labels/train/3581.txt
3582,3582,MAR20_3494.jpg,MAR20_3494.txt,3582.jpg,3582.txt,images/train/MAR20_3494.jpg,labels/train/MAR20_3494.txt,images/train/3582.jpg,labels/train/3582.txt
3583,3583,MAR20_3495.jpg,MAR20_3495.txt,3583.jpg,3583.txt,images/train/MAR20_3495.jpg,labels/train/MAR20_3495.txt,images/train/3583.jpg,labels/train/3583.txt
3584,3584,MAR20_3496.jpg,MAR20_3496.txt,3584.jpg,3584.txt,images/train/MAR20_3496.jpg,labels/train/MAR20_3496.txt,images/train/3584.jpg,labels/train/3584.txt
3585,3585,MAR20_3497.jpg,MAR20_3497.txt,3585.jpg,3585.txt,images/train/MAR20_3497.jpg,labels/train/MAR20_3497.txt,images/train/3585.jpg,labels/train/3585.txt
3586,3586,MAR20_3498.jpg,MAR20_3498.txt,3586.jpg,3586.txt,images/train/MAR20_3498.jpg,labels/train/MAR20_3498.txt,images/train/3586.jpg,labels/train/3586.txt
3587,3587,MAR20_350.jpg,MAR20_350.txt,3587.jpg,3587.txt,images/train/MAR20_350.jpg,labels/train/MAR20_350.txt,images/train/3587.jpg,labels/train/3587.txt
3588,3588,MAR20_3503.jpg,MAR20_3503.txt,3588.jpg,3588.txt,images/train/MAR20_3503.jpg,labels/train/MAR20_3503.txt,images/train/3588.jpg,labels/train/3588.txt
3589,3589,MAR20_3504.jpg,MAR20_3504.txt,3589.jpg,3589.txt,images/train/MAR20_3504.jpg,labels/train/MAR20_3504.txt,images/train/3589.jpg,labels/train/3589.txt
3590,3590,MAR20_3506.jpg,MAR20_3506.txt,3590.jpg,3590.txt,images/train/MAR20_3506.jpg,labels/train/MAR20_3506.txt,images/train/3590.jpg,labels/train/3590.txt
3591,3591,MAR20_3507.jpg,MAR20_3507.txt,3591.jpg,3591.txt,images/train/MAR20_3507.jpg,labels/train/MAR20_3507.txt,images/train/3591.jpg,labels/train/3591.txt
3592,3592,MAR20_3508.jpg,MAR20_3508.txt,3592.jpg,3592.txt,images/train/MAR20_3508.jpg,labels/train/MAR20_3508.txt,images/train/3592.jpg,labels/train/3592.txt
3593,3593,MAR20_351.jpg,MAR20_351.txt,3593.jpg,3593.txt,images/train/MAR20_351.jpg,labels/train/MAR20_351.txt,images/train/3593.jpg,labels/train/3593.txt
3594,3594,MAR20_3510.jpg,MAR20_3510.txt,3594.jpg,3594.txt,images/train/MAR20_3510.jpg,labels/train/MAR20_3510.txt,images/train/3594.jpg,labels/train/3594.txt
3595,3595,MAR20_3511.jpg,MAR20_3511.txt,3595.jpg,3595.txt,images/train/MAR20_3511.jpg,labels/train/MAR20_3511.txt,images/train/3595.jpg,labels/train/3595.txt
3596,3596,MAR20_3513.jpg,MAR20_3513.txt,3596.jpg,3596.txt,images/train/MAR20_3513.jpg,labels/train/MAR20_3513.txt,images/train/3596.jpg,labels/train/3596.txt
3597,3597,MAR20_3514.jpg,MAR20_3514.txt,3597.jpg,3597.txt,images/train/MAR20_3514.jpg,labels/train/MAR20_3514.txt,images/train/3597.jpg,labels/train/3597.txt
3598,3598,MAR20_3515.jpg,MAR20_3515.txt,3598.jpg,3598.txt,images/train/MAR20_3515.jpg,labels/train/MAR20_3515.txt,images/train/3598.jpg,labels/train/3598.txt
3599,3599,MAR20_3516.jpg,MAR20_3516.txt,3599.jpg,3599.txt,images/train/MAR20_3516.jpg,labels/train/MAR20_3516.txt,images/train/3599.jpg,labels/train/3599.txt
3600,3600,MAR20_3517.jpg,MAR20_3517.txt,3600.jpg,3600.txt,images/train/MAR20_3517.jpg,labels/train/MAR20_3517.txt,images/train/3600.jpg,labels/train/3600.txt
3601,3601,MAR20_3518.jpg,MAR20_3518.txt,3601.jpg,3601.txt,images/train/MAR20_3518.jpg,labels/train/MAR20_3518.txt,images/train/3601.jpg,labels/train/3601.txt
3602,3602,MAR20_3519.jpg,MAR20_3519.txt,3602.jpg,3602.txt,images/train/MAR20_3519.jpg,labels/train/MAR20_3519.txt,images/train/3602.jpg,labels/train/3602.txt
3603,3603,MAR20_352.jpg,MAR20_352.txt,3603.jpg,3603.txt,images/train/MAR20_352.jpg,labels/train/MAR20_352.txt,images/train/3603.jpg,labels/train/3603.txt
3604,3604,MAR20_3520.jpg,MAR20_3520.txt,3604.jpg,3604.txt,images/train/MAR20_3520.jpg,labels/train/MAR20_3520.txt,images/train/3604.jpg,labels/train/3604.txt
3605,3605,MAR20_3521.jpg,MAR20_3521.txt,3605.jpg,3605.txt,images/train/MAR20_3521.jpg,labels/train/MAR20_3521.txt,images/train/3605.jpg,labels/train/3605.txt
3606,3606,MAR20_3524.jpg,MAR20_3524.txt,3606.jpg,3606.txt,images/train/MAR20_3524.jpg,labels/train/MAR20_3524.txt,images/train/3606.jpg,labels/train/3606.txt
3607,3607,MAR20_3526.jpg,MAR20_3526.txt,3607.jpg,3607.txt,images/train/MAR20_3526.jpg,labels/train/MAR20_3526.txt,images/train/3607.jpg,labels/train/3607.txt
3608,3608,MAR20_3527.jpg,MAR20_3527.txt,3608.jpg,3608.txt,images/train/MAR20_3527.jpg,labels/train/MAR20_3527.txt,images/train/3608.jpg,labels/train/3608.txt
3609,3609,MAR20_3528.jpg,MAR20_3528.txt,3609.jpg,3609.txt,images/train/MAR20_3528.jpg,labels/train/MAR20_3528.txt,images/train/3609.jpg,labels/train/3609.txt
3610,3610,MAR20_3529.jpg,MAR20_3529.txt,3610.jpg,3610.txt,images/train/MAR20_3529.jpg,labels/train/MAR20_3529.txt,images/train/3610.jpg,labels/train/3610.txt
3611,3611,MAR20_353.jpg,MAR20_353.txt,3611.jpg,3611.txt,images/train/MAR20_353.jpg,labels/train/MAR20_353.txt,images/train/3611.jpg,labels/train/3611.txt
3612,3612,MAR20_3530.jpg,MAR20_3530.txt,3612.jpg,3612.txt,images/train/MAR20_3530.jpg,labels/train/MAR20_3530.txt,images/train/3612.jpg,labels/train/3612.txt
3613,3613,MAR20_3531.jpg,MAR20_3531.txt,3613.jpg,3613.txt,images/train/MAR20_3531.jpg,labels/train/MAR20_3531.txt,images/train/3613.jpg,labels/train/3613.txt
3614,3614,MAR20_3532.jpg,MAR20_3532.txt,3614.jpg,3614.txt,images/train/MAR20_3532.jpg,labels/train/MAR20_3532.txt,images/train/3614.jpg,labels/train/3614.txt
3615,3615,MAR20_3533.jpg,MAR20_3533.txt,3615.jpg,3615.txt,images/train/MAR20_3533.jpg,labels/train/MAR20_3533.txt,images/train/3615.jpg,labels/train/3615.txt
3616,3616,MAR20_3534.jpg,MAR20_3534.txt,3616.jpg,3616.txt,images/train/MAR20_3534.jpg,labels/train/MAR20_3534.txt,images/train/3616.jpg,labels/train/3616.txt
3617,3617,MAR20_3535.jpg,MAR20_3535.txt,3617.jpg,3617.txt,images/train/MAR20_3535.jpg,labels/train/MAR20_3535.txt,images/train/3617.jpg,labels/train/3617.txt
3618,3618,MAR20_3536.jpg,MAR20_3536.txt,3618.jpg,3618.txt,images/train/MAR20_3536.jpg,labels/train/MAR20_3536.txt,images/train/3618.jpg,labels/train/3618.txt
3619,3619,MAR20_3538.jpg,MAR20_3538.txt,3619.jpg,3619.txt,images/train/MAR20_3538.jpg,labels/train/MAR20_3538.txt,images/train/3619.jpg,labels/train/3619.txt
3620,3620,MAR20_3539.jpg,MAR20_3539.txt,3620.jpg,3620.txt,images/train/MAR20_3539.jpg,labels/train/MAR20_3539.txt,images/train/3620.jpg,labels/train/3620.txt
3621,3621,MAR20_354.jpg,MAR20_354.txt,3621.jpg,3621.txt,images/train/MAR20_354.jpg,labels/train/MAR20_354.txt,images/train/3621.jpg,labels/train/3621.txt
3622,3622,MAR20_3540.jpg,MAR20_3540.txt,3622.jpg,3622.txt,images/train/MAR20_3540.jpg,labels/train/MAR20_3540.txt,images/train/3622.jpg,labels/train/3622.txt
3623,3623,MAR20_3542.jpg,MAR20_3542.txt,3623.jpg,3623.txt,images/train/MAR20_3542.jpg,labels/train/MAR20_3542.txt,images/train/3623.jpg,labels/train/3623.txt
3624,3624,MAR20_3543.jpg,MAR20_3543.txt,3624.jpg,3624.txt,images/train/MAR20_3543.jpg,labels/train/MAR20_3543.txt,images/train/3624.jpg,labels/train/3624.txt
3625,3625,MAR20_3544.jpg,MAR20_3544.txt,3625.jpg,3625.txt,images/train/MAR20_3544.jpg,labels/train/MAR20_3544.txt,images/train/3625.jpg,labels/train/3625.txt
3626,3626,MAR20_3545.jpg,MAR20_3545.txt,3626.jpg,3626.txt,images/train/MAR20_3545.jpg,labels/train/MAR20_3545.txt,images/train/3626.jpg,labels/train/3626.txt
3627,3627,MAR20_3546.jpg,MAR20_3546.txt,3627.jpg,3627.txt,images/train/MAR20_3546.jpg,labels/train/MAR20_3546.txt,images/train/3627.jpg,labels/train/3627.txt
3628,3628,MAR20_3547.jpg,MAR20_3547.txt,3628.jpg,3628.txt,images/train/MAR20_3547.jpg,labels/train/MAR20_3547.txt,images/train/3628.jpg,labels/train/3628.txt
3629,3629,MAR20_3548.jpg,MAR20_3548.txt,3629.jpg,3629.txt,images/train/MAR20_3548.jpg,labels/train/MAR20_3548.txt,images/train/3629.jpg,labels/train/3629.txt
3630,3630,MAR20_3549.jpg,MAR20_3549.txt,3630.jpg,3630.txt,images/train/MAR20_3549.jpg,labels/train/MAR20_3549.txt,images/train/3630.jpg,labels/train/3630.txt
3631,3631,MAR20_3550.jpg,MAR20_3550.txt,3631.jpg,3631.txt,images/train/MAR20_3550.jpg,labels/train/MAR20_3550.txt,images/train/3631.jpg,labels/train/3631.txt
3632,3632,MAR20_3551.jpg,MAR20_3551.txt,3632.jpg,3632.txt,images/train/MAR20_3551.jpg,labels/train/MAR20_3551.txt,images/train/3632.jpg,labels/train/3632.txt
3633,3633,MAR20_3553.jpg,MAR20_3553.txt,3633.jpg,3633.txt,images/train/MAR20_3553.jpg,labels/train/MAR20_3553.txt,images/train/3633.jpg,labels/train/3633.txt
3634,3634,MAR20_3554.jpg,MAR20_3554.txt,3634.jpg,3634.txt,images/train/MAR20_3554.jpg,labels/train/MAR20_3554.txt,images/train/3634.jpg,labels/train/3634.txt
3635,3635,MAR20_3555.jpg,MAR20_3555.txt,3635.jpg,3635.txt,images/train/MAR20_3555.jpg,labels/train/MAR20_3555.txt,images/train/3635.jpg,labels/train/3635.txt
3636,3636,MAR20_3556.jpg,MAR20_3556.txt,3636.jpg,3636.txt,images/train/MAR20_3556.jpg,labels/train/MAR20_3556.txt,images/train/3636.jpg,labels/train/3636.txt
3637,3637,MAR20_3558.jpg,MAR20_3558.txt,3637.jpg,3637.txt,images/train/MAR20_3558.jpg,labels/train/MAR20_3558.txt,images/train/3637.jpg,labels/train/3637.txt
3638,3638,MAR20_3559.jpg,MAR20_3559.txt,3638.jpg,3638.txt,images/train/MAR20_3559.jpg,labels/train/MAR20_3559.txt,images/train/3638.jpg,labels/train/3638.txt
3639,3639,MAR20_356.jpg,MAR20_356.txt,3639.jpg,3639.txt,images/train/MAR20_356.jpg,labels/train/MAR20_356.txt,images/train/3639.jpg,labels/train/3639.txt
3640,3640,MAR20_3560.jpg,MAR20_3560.txt,3640.jpg,3640.txt,images/train/MAR20_3560.jpg,labels/train/MAR20_3560.txt,images/train/3640.jpg,labels/train/3640.txt
3641,3641,MAR20_3561.jpg,MAR20_3561.txt,3641.jpg,3641.txt,images/train/MAR20_3561.jpg,labels/train/MAR20_3561.txt,images/train/3641.jpg,labels/train/3641.txt
3642,3642,MAR20_3563.jpg,MAR20_3563.txt,3642.jpg,3642.txt,images/train/MAR20_3563.jpg,labels/train/MAR20_3563.txt,images/train/3642.jpg,labels/train/3642.txt
3643,3643,MAR20_3564.jpg,MAR20_3564.txt,3643.jpg,3643.txt,images/train/MAR20_3564.jpg,labels/train/MAR20_3564.txt,images/train/3643.jpg,labels/train/3643.txt
3644,3644,MAR20_3566.jpg,MAR20_3566.txt,3644.jpg,3644.txt,images/train/MAR20_3566.jpg,labels/train/MAR20_3566.txt,images/train/3644.jpg,labels/train/3644.txt
3645,3645,MAR20_3567.jpg,MAR20_3567.txt,3645.jpg,3645.txt,images/train/MAR20_3567.jpg,labels/train/MAR20_3567.txt,images/train/3645.jpg,labels/train/3645.txt
3646,3646,MAR20_3568.jpg,MAR20_3568.txt,3646.jpg,3646.txt,images/train/MAR20_3568.jpg,labels/train/MAR20_3568.txt,images/train/3646.jpg,labels/train/3646.txt
3647,3647,MAR20_3569.jpg,MAR20_3569.txt,3647.jpg,3647.txt,images/train/MAR20_3569.jpg,labels/train/MAR20_3569.txt,images/train/3647.jpg,labels/train/3647.txt
3648,3648,MAR20_357.jpg,MAR20_357.txt,3648.jpg,3648.txt,images/train/MAR20_357.jpg,labels/train/MAR20_357.txt,images/train/3648.jpg,labels/train/3648.txt
3649,3649,MAR20_3570.jpg,MAR20_3570.txt,3649.jpg,3649.txt,images/train/MAR20_3570.jpg,labels/train/MAR20_3570.txt,images/train/3649.jpg,labels/train/3649.txt
3650,3650,MAR20_3571.jpg,MAR20_3571.txt,3650.jpg,3650.txt,images/train/MAR20_3571.jpg,labels/train/MAR20_3571.txt,images/train/3650.jpg,labels/train/3650.txt
3651,3651,MAR20_3572.jpg,MAR20_3572.txt,3651.jpg,3651.txt,images/train/MAR20_3572.jpg,labels/train/MAR20_3572.txt,images/train/3651.jpg,labels/train/3651.txt
3652,3652,MAR20_3574.jpg,MAR20_3574.txt,3652.jpg,3652.txt,images/train/MAR20_3574.jpg,labels/train/MAR20_3574.txt,images/train/3652.jpg,labels/train/3652.txt
3653,3653,MAR20_3575.jpg,MAR20_3575.txt,3653.jpg,3653.txt,images/train/MAR20_3575.jpg,labels/train/MAR20_3575.txt,images/train/3653.jpg,labels/train/3653.txt
3654,3654,MAR20_3576.jpg,MAR20_3576.txt,3654.jpg,3654.txt,images/train/MAR20_3576.jpg,labels/train/MAR20_3576.txt,images/train/3654.jpg,labels/train/3654.txt
3655,3655,MAR20_3577.jpg,MAR20_3577.txt,3655.jpg,3655.txt,images/train/MAR20_3577.jpg,labels/train/MAR20_3577.txt,images/train/3655.jpg,labels/train/3655.txt
3656,3656,MAR20_3578.jpg,MAR20_3578.txt,3656.jpg,3656.txt,images/train/MAR20_3578.jpg,labels/train/MAR20_3578.txt,images/train/3656.jpg,labels/train/3656.txt
3657,3657,MAR20_3579.jpg,MAR20_3579.txt,3657.jpg,3657.txt,images/train/MAR20_3579.jpg,labels/train/MAR20_3579.txt,images/train/3657.jpg,labels/train/3657.txt
3658,3658,MAR20_358.jpg,MAR20_358.txt,3658.jpg,3658.txt,images/train/MAR20_358.jpg,labels/train/MAR20_358.txt,images/train/3658.jpg,labels/train/3658.txt
3659,3659,MAR20_3581.jpg,MAR20_3581.txt,3659.jpg,3659.txt,images/train/MAR20_3581.jpg,labels/train/MAR20_3581.txt,images/train/3659.jpg,labels/train/3659.txt
3660,3660,MAR20_3582.jpg,MAR20_3582.txt,3660.jpg,3660.txt,images/train/MAR20_3582.jpg,labels/train/MAR20_3582.txt,images/train/3660.jpg,labels/train/3660.txt
3661,3661,MAR20_3583.jpg,MAR20_3583.txt,3661.jpg,3661.txt,images/train/MAR20_3583.jpg,labels/train/MAR20_3583.txt,images/train/3661.jpg,labels/train/3661.txt
3662,3662,MAR20_3584.jpg,MAR20_3584.txt,3662.jpg,3662.txt,images/train/MAR20_3584.jpg,labels/train/MAR20_3584.txt,images/train/3662.jpg,labels/train/3662.txt
3663,3663,MAR20_3585.jpg,MAR20_3585.txt,3663.jpg,3663.txt,images/train/MAR20_3585.jpg,labels/train/MAR20_3585.txt,images/train/3663.jpg,labels/train/3663.txt
3664,3664,MAR20_3586.jpg,MAR20_3586.txt,3664.jpg,3664.txt,images/train/MAR20_3586.jpg,labels/train/MAR20_3586.txt,images/train/3664.jpg,labels/train/3664.txt
3665,3665,MAR20_3587.jpg,MAR20_3587.txt,3665.jpg,3665.txt,images/train/MAR20_3587.jpg,labels/train/MAR20_3587.txt,images/train/3665.jpg,labels/train/3665.txt
3666,3666,MAR20_3588.jpg,MAR20_3588.txt,3666.jpg,3666.txt,images/train/MAR20_3588.jpg,labels/train/MAR20_3588.txt,images/train/3666.jpg,labels/train/3666.txt
3667,3667,MAR20_3589.jpg,MAR20_3589.txt,3667.jpg,3667.txt,images/train/MAR20_3589.jpg,labels/train/MAR20_3589.txt,images/train/3667.jpg,labels/train/3667.txt
3668,3668,MAR20_3590.jpg,MAR20_3590.txt,3668.jpg,3668.txt,images/train/MAR20_3590.jpg,labels/train/MAR20_3590.txt,images/train/3668.jpg,labels/train/3668.txt
3669,3669,MAR20_3591.jpg,MAR20_3591.txt,3669.jpg,3669.txt,images/train/MAR20_3591.jpg,labels/train/MAR20_3591.txt,images/train/3669.jpg,labels/train/3669.txt
3670,3670,MAR20_3592.jpg,MAR20_3592.txt,3670.jpg,3670.txt,images/train/MAR20_3592.jpg,labels/train/MAR20_3592.txt,images/train/3670.jpg,labels/train/3670.txt
3671,3671,MAR20_3593.jpg,MAR20_3593.txt,3671.jpg,3671.txt,images/train/MAR20_3593.jpg,labels/train/MAR20_3593.txt,images/train/3671.jpg,labels/train/3671.txt
3672,3672,MAR20_3595.jpg,MAR20_3595.txt,3672.jpg,3672.txt,images/train/MAR20_3595.jpg,labels/train/MAR20_3595.txt,images/train/3672.jpg,labels/train/3672.txt
3673,3673,MAR20_3596.jpg,MAR20_3596.txt,3673.jpg,3673.txt,images/train/MAR20_3596.jpg,labels/train/MAR20_3596.txt,images/train/3673.jpg,labels/train/3673.txt
3674,3674,MAR20_3597.jpg,MAR20_3597.txt,3674.jpg,3674.txt,images/train/MAR20_3597.jpg,labels/train/MAR20_3597.txt,images/train/3674.jpg,labels/train/3674.txt
3675,3675,MAR20_3598.jpg,MAR20_3598.txt,3675.jpg,3675.txt,images/train/MAR20_3598.jpg,labels/train/MAR20_3598.txt,images/train/3675.jpg,labels/train/3675.txt
3676,3676,MAR20_3599.jpg,MAR20_3599.txt,3676.jpg,3676.txt,images/train/MAR20_3599.jpg,labels/train/MAR20_3599.txt,images/train/3676.jpg,labels/train/3676.txt
3677,3677,MAR20_360.jpg,MAR20_360.txt,3677.jpg,3677.txt,images/train/MAR20_360.jpg,labels/train/MAR20_360.txt,images/train/3677.jpg,labels/train/3677.txt
3678,3678,MAR20_3600.jpg,MAR20_3600.txt,3678.jpg,3678.txt,images/train/MAR20_3600.jpg,labels/train/MAR20_3600.txt,images/train/3678.jpg,labels/train/3678.txt
3679,3679,MAR20_3601.jpg,MAR20_3601.txt,3679.jpg,3679.txt,images/train/MAR20_3601.jpg,labels/train/MAR20_3601.txt,images/train/3679.jpg,labels/train/3679.txt
3680,3680,MAR20_3602.jpg,MAR20_3602.txt,3680.jpg,3680.txt,images/train/MAR20_3602.jpg,labels/train/MAR20_3602.txt,images/train/3680.jpg,labels/train/3680.txt
3681,3681,MAR20_3603.jpg,MAR20_3603.txt,3681.jpg,3681.txt,images/train/MAR20_3603.jpg,labels/train/MAR20_3603.txt,images/train/3681.jpg,labels/train/3681.txt
3682,3682,MAR20_3604.jpg,MAR20_3604.txt,3682.jpg,3682.txt,images/train/MAR20_3604.jpg,labels/train/MAR20_3604.txt,images/train/3682.jpg,labels/train/3682.txt
3683,3683,MAR20_3605.jpg,MAR20_3605.txt,3683.jpg,3683.txt,images/train/MAR20_3605.jpg,labels/train/MAR20_3605.txt,images/train/3683.jpg,labels/train/3683.txt
3684,3684,MAR20_3606.jpg,MAR20_3606.txt,3684.jpg,3684.txt,images/train/MAR20_3606.jpg,labels/train/MAR20_3606.txt,images/train/3684.jpg,labels/train/3684.txt
3685,3685,MAR20_3608.jpg,MAR20_3608.txt,3685.jpg,3685.txt,images/train/MAR20_3608.jpg,labels/train/MAR20_3608.txt,images/train/3685.jpg,labels/train/3685.txt
3686,3686,MAR20_3609.jpg,MAR20_3609.txt,3686.jpg,3686.txt,images/train/MAR20_3609.jpg,labels/train/MAR20_3609.txt,images/train/3686.jpg,labels/train/3686.txt
3687,3687,MAR20_361.jpg,MAR20_361.txt,3687.jpg,3687.txt,images/train/MAR20_361.jpg,labels/train/MAR20_361.txt,images/train/3687.jpg,labels/train/3687.txt
3688,3688,MAR20_3610.jpg,MAR20_3610.txt,3688.jpg,3688.txt,images/train/MAR20_3610.jpg,labels/train/MAR20_3610.txt,images/train/3688.jpg,labels/train/3688.txt
3689,3689,MAR20_3612.jpg,MAR20_3612.txt,3689.jpg,3689.txt,images/train/MAR20_3612.jpg,labels/train/MAR20_3612.txt,images/train/3689.jpg,labels/train/3689.txt
3690,3690,MAR20_3615.jpg,MAR20_3615.txt,3690.jpg,3690.txt,images/train/MAR20_3615.jpg,labels/train/MAR20_3615.txt,images/train/3690.jpg,labels/train/3690.txt
3691,3691,MAR20_3616.jpg,MAR20_3616.txt,3691.jpg,3691.txt,images/train/MAR20_3616.jpg,labels/train/MAR20_3616.txt,images/train/3691.jpg,labels/train/3691.txt
3692,3692,MAR20_3617.jpg,MAR20_3617.txt,3692.jpg,3692.txt,images/train/MAR20_3617.jpg,labels/train/MAR20_3617.txt,images/train/3692.jpg,labels/train/3692.txt
3693,3693,MAR20_3618.jpg,MAR20_3618.txt,3693.jpg,3693.txt,images/train/MAR20_3618.jpg,labels/train/MAR20_3618.txt,images/train/3693.jpg,labels/train/3693.txt
3694,3694,MAR20_3619.jpg,MAR20_3619.txt,3694.jpg,3694.txt,images/train/MAR20_3619.jpg,labels/train/MAR20_3619.txt,images/train/3694.jpg,labels/train/3694.txt
3695,3695,MAR20_362.jpg,MAR20_362.txt,3695.jpg,3695.txt,images/train/MAR20_362.jpg,labels/train/MAR20_362.txt,images/train/3695.jpg,labels/train/3695.txt
3696,3696,MAR20_3621.jpg,MAR20_3621.txt,3696.jpg,3696.txt,images/train/MAR20_3621.jpg,labels/train/MAR20_3621.txt,images/train/3696.jpg,labels/train/3696.txt
3697,3697,MAR20_3623.jpg,MAR20_3623.txt,3697.jpg,3697.txt,images/train/MAR20_3623.jpg,labels/train/MAR20_3623.txt,images/train/3697.jpg,labels/train/3697.txt
3698,3698,MAR20_3624.jpg,MAR20_3624.txt,3698.jpg,3698.txt,images/train/MAR20_3624.jpg,labels/train/MAR20_3624.txt,images/train/3698.jpg,labels/train/3698.txt
3699,3699,MAR20_3625.jpg,MAR20_3625.txt,3699.jpg,3699.txt,images/train/MAR20_3625.jpg,labels/train/MAR20_3625.txt,images/train/3699.jpg,labels/train/3699.txt
3700,3700,MAR20_3626.jpg,MAR20_3626.txt,3700.jpg,3700.txt,images/train/MAR20_3626.jpg,labels/train/MAR20_3626.txt,images/train/3700.jpg,labels/train/3700.txt
3701,3701,MAR20_3627.jpg,MAR20_3627.txt,3701.jpg,3701.txt,images/train/MAR20_3627.jpg,labels/train/MAR20_3627.txt,images/train/3701.jpg,labels/train/3701.txt
3702,3702,MAR20_3629.jpg,MAR20_3629.txt,3702.jpg,3702.txt,images/train/MAR20_3629.jpg,labels/train/MAR20_3629.txt,images/train/3702.jpg,labels/train/3702.txt
3703,3703,MAR20_363.jpg,MAR20_363.txt,3703.jpg,3703.txt,images/train/MAR20_363.jpg,labels/train/MAR20_363.txt,images/train/3703.jpg,labels/train/3703.txt
3704,3704,MAR20_3630.jpg,MAR20_3630.txt,3704.jpg,3704.txt,images/train/MAR20_3630.jpg,labels/train/MAR20_3630.txt,images/train/3704.jpg,labels/train/3704.txt
3705,3705,MAR20_3632.jpg,MAR20_3632.txt,3705.jpg,3705.txt,images/train/MAR20_3632.jpg,labels/train/MAR20_3632.txt,images/train/3705.jpg,labels/train/3705.txt
3706,3706,MAR20_3634.jpg,MAR20_3634.txt,3706.jpg,3706.txt,images/train/MAR20_3634.jpg,labels/train/MAR20_3634.txt,images/train/3706.jpg,labels/train/3706.txt
3707,3707,MAR20_3635.jpg,MAR20_3635.txt,3707.jpg,3707.txt,images/train/MAR20_3635.jpg,labels/train/MAR20_3635.txt,images/train/3707.jpg,labels/train/3707.txt
3708,3708,MAR20_3636.jpg,MAR20_3636.txt,3708.jpg,3708.txt,images/train/MAR20_3636.jpg,labels/train/MAR20_3636.txt,images/train/3708.jpg,labels/train/3708.txt
3709,3709,MAR20_3637.jpg,MAR20_3637.txt,3709.jpg,3709.txt,images/train/MAR20_3637.jpg,labels/train/MAR20_3637.txt,images/train/3709.jpg,labels/train/3709.txt
3710,3710,MAR20_3639.jpg,MAR20_3639.txt,3710.jpg,3710.txt,images/train/MAR20_3639.jpg,labels/train/MAR20_3639.txt,images/train/3710.jpg,labels/train/3710.txt
3711,3711,MAR20_364.jpg,MAR20_364.txt,3711.jpg,3711.txt,images/train/MAR20_364.jpg,labels/train/MAR20_364.txt,images/train/3711.jpg,labels/train/3711.txt
3712,3712,MAR20_3640.jpg,MAR20_3640.txt,3712.jpg,3712.txt,images/train/MAR20_3640.jpg,labels/train/MAR20_3640.txt,images/train/3712.jpg,labels/train/3712.txt
3713,3713,MAR20_3642.jpg,MAR20_3642.txt,3713.jpg,3713.txt,images/train/MAR20_3642.jpg,labels/train/MAR20_3642.txt,images/train/3713.jpg,labels/train/3713.txt
3714,3714,MAR20_3643.jpg,MAR20_3643.txt,3714.jpg,3714.txt,images/train/MAR20_3643.jpg,labels/train/MAR20_3643.txt,images/train/3714.jpg,labels/train/3714.txt
3715,3715,MAR20_3645.jpg,MAR20_3645.txt,3715.jpg,3715.txt,images/train/MAR20_3645.jpg,labels/train/MAR20_3645.txt,images/train/3715.jpg,labels/train/3715.txt
3716,3716,MAR20_3646.jpg,MAR20_3646.txt,3716.jpg,3716.txt,images/train/MAR20_3646.jpg,labels/train/MAR20_3646.txt,images/train/3716.jpg,labels/train/3716.txt
3717,3717,MAR20_365.jpg,MAR20_365.txt,3717.jpg,3717.txt,images/train/MAR20_365.jpg,labels/train/MAR20_365.txt,images/train/3717.jpg,labels/train/3717.txt
3718,3718,MAR20_3650.jpg,MAR20_3650.txt,3718.jpg,3718.txt,images/train/MAR20_3650.jpg,labels/train/MAR20_3650.txt,images/train/3718.jpg,labels/train/3718.txt
3719,3719,MAR20_3652.jpg,MAR20_3652.txt,3719.jpg,3719.txt,images/train/MAR20_3652.jpg,labels/train/MAR20_3652.txt,images/train/3719.jpg,labels/train/3719.txt
3720,3720,MAR20_3653.jpg,MAR20_3653.txt,3720.jpg,3720.txt,images/train/MAR20_3653.jpg,labels/train/MAR20_3653.txt,images/train/3720.jpg,labels/train/3720.txt
3721,3721,MAR20_3654.jpg,MAR20_3654.txt,3721.jpg,3721.txt,images/train/MAR20_3654.jpg,labels/train/MAR20_3654.txt,images/train/3721.jpg,labels/train/3721.txt
3722,3722,MAR20_3656.jpg,MAR20_3656.txt,3722.jpg,3722.txt,images/train/MAR20_3656.jpg,labels/train/MAR20_3656.txt,images/train/3722.jpg,labels/train/3722.txt
3723,3723,MAR20_3658.jpg,MAR20_3658.txt,3723.jpg,3723.txt,images/train/MAR20_3658.jpg,labels/train/MAR20_3658.txt,images/train/3723.jpg,labels/train/3723.txt
3724,3724,MAR20_3659.jpg,MAR20_3659.txt,3724.jpg,3724.txt,images/train/MAR20_3659.jpg,labels/train/MAR20_3659.txt,images/train/3724.jpg,labels/train/3724.txt
3725,3725,MAR20_366.jpg,MAR20_366.txt,3725.jpg,3725.txt,images/train/MAR20_366.jpg,labels/train/MAR20_366.txt,images/train/3725.jpg,labels/train/3725.txt
3726,3726,MAR20_3660.jpg,MAR20_3660.txt,3726.jpg,3726.txt,images/train/MAR20_3660.jpg,labels/train/MAR20_3660.txt,images/train/3726.jpg,labels/train/3726.txt
3727,3727,MAR20_3661.jpg,MAR20_3661.txt,3727.jpg,3727.txt,images/train/MAR20_3661.jpg,labels/train/MAR20_3661.txt,images/train/3727.jpg,labels/train/3727.txt
3728,3728,MAR20_3662.jpg,MAR20_3662.txt,3728.jpg,3728.txt,images/train/MAR20_3662.jpg,labels/train/MAR20_3662.txt,images/train/3728.jpg,labels/train/3728.txt
3729,3729,MAR20_3663.jpg,MAR20_3663.txt,3729.jpg,3729.txt,images/train/MAR20_3663.jpg,labels/train/MAR20_3663.txt,images/train/3729.jpg,labels/train/3729.txt
3730,3730,MAR20_3664.jpg,MAR20_3664.txt,3730.jpg,3730.txt,images/train/MAR20_3664.jpg,labels/train/MAR20_3664.txt,images/train/3730.jpg,labels/train/3730.txt
3731,3731,MAR20_3665.jpg,MAR20_3665.txt,3731.jpg,3731.txt,images/train/MAR20_3665.jpg,labels/train/MAR20_3665.txt,images/train/3731.jpg,labels/train/3731.txt
3732,3732,MAR20_3666.jpg,MAR20_3666.txt,3732.jpg,3732.txt,images/train/MAR20_3666.jpg,labels/train/MAR20_3666.txt,images/train/3732.jpg,labels/train/3732.txt
3733,3733,MAR20_3668.jpg,MAR20_3668.txt,3733.jpg,3733.txt,images/train/MAR20_3668.jpg,labels/train/MAR20_3668.txt,images/train/3733.jpg,labels/train/3733.txt
3734,3734,MAR20_3669.jpg,MAR20_3669.txt,3734.jpg,3734.txt,images/train/MAR20_3669.jpg,labels/train/MAR20_3669.txt,images/train/3734.jpg,labels/train/3734.txt
3735,3735,MAR20_367.jpg,MAR20_367.txt,3735.jpg,3735.txt,images/train/MAR20_367.jpg,labels/train/MAR20_367.txt,images/train/3735.jpg,labels/train/3735.txt
3736,3736,MAR20_3670.jpg,MAR20_3670.txt,3736.jpg,3736.txt,images/train/MAR20_3670.jpg,labels/train/MAR20_3670.txt,images/train/3736.jpg,labels/train/3736.txt
3737,3737,MAR20_3671.jpg,MAR20_3671.txt,3737.jpg,3737.txt,images/train/MAR20_3671.jpg,labels/train/MAR20_3671.txt,images/train/3737.jpg,labels/train/3737.txt
3738,3738,MAR20_3672.jpg,MAR20_3672.txt,3738.jpg,3738.txt,images/train/MAR20_3672.jpg,labels/train/MAR20_3672.txt,images/train/3738.jpg,labels/train/3738.txt
3739,3739,MAR20_3673.jpg,MAR20_3673.txt,3739.jpg,3739.txt,images/train/MAR20_3673.jpg,labels/train/MAR20_3673.txt,images/train/3739.jpg,labels/train/3739.txt
3740,3740,MAR20_3674.jpg,MAR20_3674.txt,3740.jpg,3740.txt,images/train/MAR20_3674.jpg,labels/train/MAR20_3674.txt,images/train/3740.jpg,labels/train/3740.txt
3741,3741,MAR20_3675.jpg,MAR20_3675.txt,3741.jpg,3741.txt,images/train/MAR20_3675.jpg,labels/train/MAR20_3675.txt,images/train/3741.jpg,labels/train/3741.txt
3742,3742,MAR20_3676.jpg,MAR20_3676.txt,3742.jpg,3742.txt,images/train/MAR20_3676.jpg,labels/train/MAR20_3676.txt,images/train/3742.jpg,labels/train/3742.txt
3743,3743,MAR20_3677.jpg,MAR20_3677.txt,3743.jpg,3743.txt,images/train/MAR20_3677.jpg,labels/train/MAR20_3677.txt,images/train/3743.jpg,labels/train/3743.txt
3744,3744,MAR20_3678.jpg,MAR20_3678.txt,3744.jpg,3744.txt,images/train/MAR20_3678.jpg,labels/train/MAR20_3678.txt,images/train/3744.jpg,labels/train/3744.txt
3745,3745,MAR20_3681.jpg,MAR20_3681.txt,3745.jpg,3745.txt,images/train/MAR20_3681.jpg,labels/train/MAR20_3681.txt,images/train/3745.jpg,labels/train/3745.txt
3746,3746,MAR20_3682.jpg,MAR20_3682.txt,3746.jpg,3746.txt,images/train/MAR20_3682.jpg,labels/train/MAR20_3682.txt,images/train/3746.jpg,labels/train/3746.txt
3747,3747,MAR20_3683.jpg,MAR20_3683.txt,3747.jpg,3747.txt,images/train/MAR20_3683.jpg,labels/train/MAR20_3683.txt,images/train/3747.jpg,labels/train/3747.txt
3748,3748,MAR20_3684.jpg,MAR20_3684.txt,3748.jpg,3748.txt,images/train/MAR20_3684.jpg,labels/train/MAR20_3684.txt,images/train/3748.jpg,labels/train/3748.txt
3749,3749,MAR20_3685.jpg,MAR20_3685.txt,3749.jpg,3749.txt,images/train/MAR20_3685.jpg,labels/train/MAR20_3685.txt,images/train/3749.jpg,labels/train/3749.txt
3750,3750,MAR20_3686.jpg,MAR20_3686.txt,3750.jpg,3750.txt,images/train/MAR20_3686.jpg,labels/train/MAR20_3686.txt,images/train/3750.jpg,labels/train/3750.txt
3751,3751,MAR20_3687.jpg,MAR20_3687.txt,3751.jpg,3751.txt,images/train/MAR20_3687.jpg,labels/train/MAR20_3687.txt,images/train/3751.jpg,labels/train/3751.txt
3752,3752,MAR20_3688.jpg,MAR20_3688.txt,3752.jpg,3752.txt,images/train/MAR20_3688.jpg,labels/train/MAR20_3688.txt,images/train/3752.jpg,labels/train/3752.txt
3753,3753,MAR20_3689.jpg,MAR20_3689.txt,3753.jpg,3753.txt,images/train/MAR20_3689.jpg,labels/train/MAR20_3689.txt,images/train/3753.jpg,labels/train/3753.txt
3754,3754,MAR20_369.jpg,MAR20_369.txt,3754.jpg,3754.txt,images/train/MAR20_369.jpg,labels/train/MAR20_369.txt,images/train/3754.jpg,labels/train/3754.txt
3755,3755,MAR20_3690.jpg,MAR20_3690.txt,3755.jpg,3755.txt,images/train/MAR20_3690.jpg,labels/train/MAR20_3690.txt,images/train/3755.jpg,labels/train/3755.txt
3756,3756,MAR20_3691.jpg,MAR20_3691.txt,3756.jpg,3756.txt,images/train/MAR20_3691.jpg,labels/train/MAR20_3691.txt,images/train/3756.jpg,labels/train/3756.txt
3757,3757,MAR20_3692.jpg,MAR20_3692.txt,3757.jpg,3757.txt,images/train/MAR20_3692.jpg,labels/train/MAR20_3692.txt,images/train/3757.jpg,labels/train/3757.txt
3758,3758,MAR20_3693.jpg,MAR20_3693.txt,3758.jpg,3758.txt,images/train/MAR20_3693.jpg,labels/train/MAR20_3693.txt,images/train/3758.jpg,labels/train/3758.txt
3759,3759,MAR20_3694.jpg,MAR20_3694.txt,3759.jpg,3759.txt,images/train/MAR20_3694.jpg,labels/train/MAR20_3694.txt,images/train/3759.jpg,labels/train/3759.txt
3760,3760,MAR20_3695.jpg,MAR20_3695.txt,3760.jpg,3760.txt,images/train/MAR20_3695.jpg,labels/train/MAR20_3695.txt,images/train/3760.jpg,labels/train/3760.txt
3761,3761,MAR20_3696.jpg,MAR20_3696.txt,3761.jpg,3761.txt,images/train/MAR20_3696.jpg,labels/train/MAR20_3696.txt,images/train/3761.jpg,labels/train/3761.txt
3762,3762,MAR20_3697.jpg,MAR20_3697.txt,3762.jpg,3762.txt,images/train/MAR20_3697.jpg,labels/train/MAR20_3697.txt,images/train/3762.jpg,labels/train/3762.txt
3763,3763,MAR20_3698.jpg,MAR20_3698.txt,3763.jpg,3763.txt,images/train/MAR20_3698.jpg,labels/train/MAR20_3698.txt,images/train/3763.jpg,labels/train/3763.txt
3764,3764,MAR20_3699.jpg,MAR20_3699.txt,3764.jpg,3764.txt,images/train/MAR20_3699.jpg,labels/train/MAR20_3699.txt,images/train/3764.jpg,labels/train/3764.txt
3765,3765,MAR20_37.jpg,MAR20_37.txt,3765.jpg,3765.txt,images/train/MAR20_37.jpg,labels/train/MAR20_37.txt,images/train/3765.jpg,labels/train/3765.txt
3766,3766,MAR20_370.jpg,MAR20_370.txt,3766.jpg,3766.txt,images/train/MAR20_370.jpg,labels/train/MAR20_370.txt,images/train/3766.jpg,labels/train/3766.txt
3767,3767,MAR20_3701.jpg,MAR20_3701.txt,3767.jpg,3767.txt,images/train/MAR20_3701.jpg,labels/train/MAR20_3701.txt,images/train/3767.jpg,labels/train/3767.txt
3768,3768,MAR20_3702.jpg,MAR20_3702.txt,3768.jpg,3768.txt,images/train/MAR20_3702.jpg,labels/train/MAR20_3702.txt,images/train/3768.jpg,labels/train/3768.txt
3769,3769,MAR20_3703.jpg,MAR20_3703.txt,3769.jpg,3769.txt,images/train/MAR20_3703.jpg,labels/train/MAR20_3703.txt,images/train/3769.jpg,labels/train/3769.txt
3770,3770,MAR20_3704.jpg,MAR20_3704.txt,3770.jpg,3770.txt,images/train/MAR20_3704.jpg,labels/train/MAR20_3704.txt,images/train/3770.jpg,labels/train/3770.txt
3771,3771,MAR20_3706.jpg,MAR20_3706.txt,3771.jpg,3771.txt,images/train/MAR20_3706.jpg,labels/train/MAR20_3706.txt,images/train/3771.jpg,labels/train/3771.txt
3772,3772,MAR20_3707.jpg,MAR20_3707.txt,3772.jpg,3772.txt,images/train/MAR20_3707.jpg,labels/train/MAR20_3707.txt,images/train/3772.jpg,labels/train/3772.txt
3773,3773,MAR20_3708.jpg,MAR20_3708.txt,3773.jpg,3773.txt,images/train/MAR20_3708.jpg,labels/train/MAR20_3708.txt,images/train/3773.jpg,labels/train/3773.txt
3774,3774,MAR20_371.jpg,MAR20_371.txt,3774.jpg,3774.txt,images/train/MAR20_371.jpg,labels/train/MAR20_371.txt,images/train/3774.jpg,labels/train/3774.txt
3775,3775,MAR20_3711.jpg,MAR20_3711.txt,3775.jpg,3775.txt,images/train/MAR20_3711.jpg,labels/train/MAR20_3711.txt,images/train/3775.jpg,labels/train/3775.txt
3776,3776,MAR20_3712.jpg,MAR20_3712.txt,3776.jpg,3776.txt,images/train/MAR20_3712.jpg,labels/train/MAR20_3712.txt,images/train/3776.jpg,labels/train/3776.txt
3777,3777,MAR20_3713.jpg,MAR20_3713.txt,3777.jpg,3777.txt,images/train/MAR20_3713.jpg,labels/train/MAR20_3713.txt,images/train/3777.jpg,labels/train/3777.txt
3778,3778,MAR20_3714.jpg,MAR20_3714.txt,3778.jpg,3778.txt,images/train/MAR20_3714.jpg,labels/train/MAR20_3714.txt,images/train/3778.jpg,labels/train/3778.txt
3779,3779,MAR20_3715.jpg,MAR20_3715.txt,3779.jpg,3779.txt,images/train/MAR20_3715.jpg,labels/train/MAR20_3715.txt,images/train/3779.jpg,labels/train/3779.txt
3780,3780,MAR20_3716.jpg,MAR20_3716.txt,3780.jpg,3780.txt,images/train/MAR20_3716.jpg,labels/train/MAR20_3716.txt,images/train/3780.jpg,labels/train/3780.txt
3781,3781,MAR20_3717.jpg,MAR20_3717.txt,3781.jpg,3781.txt,images/train/MAR20_3717.jpg,labels/train/MAR20_3717.txt,images/train/3781.jpg,labels/train/3781.txt
3782,3782,MAR20_3718.jpg,MAR20_3718.txt,3782.jpg,3782.txt,images/train/MAR20_3718.jpg,labels/train/MAR20_3718.txt,images/train/3782.jpg,labels/train/3782.txt
3783,3783,MAR20_3719.jpg,MAR20_3719.txt,3783.jpg,3783.txt,images/train/MAR20_3719.jpg,labels/train/MAR20_3719.txt,images/train/3783.jpg,labels/train/3783.txt
3784,3784,MAR20_372.jpg,MAR20_372.txt,3784.jpg,3784.txt,images/train/MAR20_372.jpg,labels/train/MAR20_372.txt,images/train/3784.jpg,labels/train/3784.txt
3785,3785,MAR20_3720.jpg,MAR20_3720.txt,3785.jpg,3785.txt,images/train/MAR20_3720.jpg,labels/train/MAR20_3720.txt,images/train/3785.jpg,labels/train/3785.txt
3786,3786,MAR20_3723.jpg,MAR20_3723.txt,3786.jpg,3786.txt,images/train/MAR20_3723.jpg,labels/train/MAR20_3723.txt,images/train/3786.jpg,labels/train/3786.txt
3787,3787,MAR20_3724.jpg,MAR20_3724.txt,3787.jpg,3787.txt,images/train/MAR20_3724.jpg,labels/train/MAR20_3724.txt,images/train/3787.jpg,labels/train/3787.txt
3788,3788,MAR20_3725.jpg,MAR20_3725.txt,3788.jpg,3788.txt,images/train/MAR20_3725.jpg,labels/train/MAR20_3725.txt,images/train/3788.jpg,labels/train/3788.txt
3789,3789,MAR20_3726.jpg,MAR20_3726.txt,3789.jpg,3789.txt,images/train/MAR20_3726.jpg,labels/train/MAR20_3726.txt,images/train/3789.jpg,labels/train/3789.txt
3790,3790,MAR20_3727.jpg,MAR20_3727.txt,3790.jpg,3790.txt,images/train/MAR20_3727.jpg,labels/train/MAR20_3727.txt,images/train/3790.jpg,labels/train/3790.txt
3791,3791,MAR20_3728.jpg,MAR20_3728.txt,3791.jpg,3791.txt,images/train/MAR20_3728.jpg,labels/train/MAR20_3728.txt,images/train/3791.jpg,labels/train/3791.txt
3792,3792,MAR20_3729.jpg,MAR20_3729.txt,3792.jpg,3792.txt,images/train/MAR20_3729.jpg,labels/train/MAR20_3729.txt,images/train/3792.jpg,labels/train/3792.txt
3793,3793,MAR20_373.jpg,MAR20_373.txt,3793.jpg,3793.txt,images/train/MAR20_373.jpg,labels/train/MAR20_373.txt,images/train/3793.jpg,labels/train/3793.txt
3794,3794,MAR20_3730.jpg,MAR20_3730.txt,3794.jpg,3794.txt,images/train/MAR20_3730.jpg,labels/train/MAR20_3730.txt,images/train/3794.jpg,labels/train/3794.txt
3795,3795,MAR20_3731.jpg,MAR20_3731.txt,3795.jpg,3795.txt,images/train/MAR20_3731.jpg,labels/train/MAR20_3731.txt,images/train/3795.jpg,labels/train/3795.txt
3796,3796,MAR20_3732.jpg,MAR20_3732.txt,3796.jpg,3796.txt,images/train/MAR20_3732.jpg,labels/train/MAR20_3732.txt,images/train/3796.jpg,labels/train/3796.txt
3797,3797,MAR20_3733.jpg,MAR20_3733.txt,3797.jpg,3797.txt,images/train/MAR20_3733.jpg,labels/train/MAR20_3733.txt,images/train/3797.jpg,labels/train/3797.txt
3798,3798,MAR20_3734.jpg,MAR20_3734.txt,3798.jpg,3798.txt,images/train/MAR20_3734.jpg,labels/train/MAR20_3734.txt,images/train/3798.jpg,labels/train/3798.txt
3799,3799,MAR20_3735.jpg,MAR20_3735.txt,3799.jpg,3799.txt,images/train/MAR20_3735.jpg,labels/train/MAR20_3735.txt,images/train/3799.jpg,labels/train/3799.txt
3800,3800,MAR20_3736.jpg,MAR20_3736.txt,3800.jpg,3800.txt,images/train/MAR20_3736.jpg,labels/train/MAR20_3736.txt,images/train/3800.jpg,labels/train/3800.txt
3801,3801,MAR20_3737.jpg,MAR20_3737.txt,3801.jpg,3801.txt,images/train/MAR20_3737.jpg,labels/train/MAR20_3737.txt,images/train/3801.jpg,labels/train/3801.txt
3802,3802,MAR20_3738.jpg,MAR20_3738.txt,3802.jpg,3802.txt,images/train/MAR20_3738.jpg,labels/train/MAR20_3738.txt,images/train/3802.jpg,labels/train/3802.txt
3803,3803,MAR20_374.jpg,MAR20_374.txt,3803.jpg,3803.txt,images/train/MAR20_374.jpg,labels/train/MAR20_374.txt,images/train/3803.jpg,labels/train/3803.txt
3804,3804,MAR20_3740.jpg,MAR20_3740.txt,3804.jpg,3804.txt,images/train/MAR20_3740.jpg,labels/train/MAR20_3740.txt,images/train/3804.jpg,labels/train/3804.txt
3805,3805,MAR20_3741.jpg,MAR20_3741.txt,3805.jpg,3805.txt,images/train/MAR20_3741.jpg,labels/train/MAR20_3741.txt,images/train/3805.jpg,labels/train/3805.txt
3806,3806,MAR20_3742.jpg,MAR20_3742.txt,3806.jpg,3806.txt,images/train/MAR20_3742.jpg,labels/train/MAR20_3742.txt,images/train/3806.jpg,labels/train/3806.txt
3807,3807,MAR20_3743.jpg,MAR20_3743.txt,3807.jpg,3807.txt,images/train/MAR20_3743.jpg,labels/train/MAR20_3743.txt,images/train/3807.jpg,labels/train/3807.txt
3808,3808,MAR20_3744.jpg,MAR20_3744.txt,3808.jpg,3808.txt,images/train/MAR20_3744.jpg,labels/train/MAR20_3744.txt,images/train/3808.jpg,labels/train/3808.txt
3809,3809,MAR20_3745.jpg,MAR20_3745.txt,3809.jpg,3809.txt,images/train/MAR20_3745.jpg,labels/train/MAR20_3745.txt,images/train/3809.jpg,labels/train/3809.txt
3810,3810,MAR20_3746.jpg,MAR20_3746.txt,3810.jpg,3810.txt,images/train/MAR20_3746.jpg,labels/train/MAR20_3746.txt,images/train/3810.jpg,labels/train/3810.txt
3811,3811,MAR20_3747.jpg,MAR20_3747.txt,3811.jpg,3811.txt,images/train/MAR20_3747.jpg,labels/train/MAR20_3747.txt,images/train/3811.jpg,labels/train/3811.txt
3812,3812,MAR20_3748.jpg,MAR20_3748.txt,3812.jpg,3812.txt,images/train/MAR20_3748.jpg,labels/train/MAR20_3748.txt,images/train/3812.jpg,labels/train/3812.txt
3813,3813,MAR20_3749.jpg,MAR20_3749.txt,3813.jpg,3813.txt,images/train/MAR20_3749.jpg,labels/train/MAR20_3749.txt,images/train/3813.jpg,labels/train/3813.txt
3814,3814,MAR20_375.jpg,MAR20_375.txt,3814.jpg,3814.txt,images/train/MAR20_375.jpg,labels/train/MAR20_375.txt,images/train/3814.jpg,labels/train/3814.txt
3815,3815,MAR20_3750.jpg,MAR20_3750.txt,3815.jpg,3815.txt,images/train/MAR20_3750.jpg,labels/train/MAR20_3750.txt,images/train/3815.jpg,labels/train/3815.txt
3816,3816,MAR20_3751.jpg,MAR20_3751.txt,3816.jpg,3816.txt,images/train/MAR20_3751.jpg,labels/train/MAR20_3751.txt,images/train/3816.jpg,labels/train/3816.txt
3817,3817,MAR20_3752.jpg,MAR20_3752.txt,3817.jpg,3817.txt,images/train/MAR20_3752.jpg,labels/train/MAR20_3752.txt,images/train/3817.jpg,labels/train/3817.txt
3818,3818,MAR20_3753.jpg,MAR20_3753.txt,3818.jpg,3818.txt,images/train/MAR20_3753.jpg,labels/train/MAR20_3753.txt,images/train/3818.jpg,labels/train/3818.txt
3819,3819,MAR20_3755.jpg,MAR20_3755.txt,3819.jpg,3819.txt,images/train/MAR20_3755.jpg,labels/train/MAR20_3755.txt,images/train/3819.jpg,labels/train/3819.txt
3820,3820,MAR20_3756.jpg,MAR20_3756.txt,3820.jpg,3820.txt,images/train/MAR20_3756.jpg,labels/train/MAR20_3756.txt,images/train/3820.jpg,labels/train/3820.txt
3821,3821,MAR20_3757.jpg,MAR20_3757.txt,3821.jpg,3821.txt,images/train/MAR20_3757.jpg,labels/train/MAR20_3757.txt,images/train/3821.jpg,labels/train/3821.txt
3822,3822,MAR20_3758.jpg,MAR20_3758.txt,3822.jpg,3822.txt,images/train/MAR20_3758.jpg,labels/train/MAR20_3758.txt,images/train/3822.jpg,labels/train/3822.txt
3823,3823,MAR20_376.jpg,MAR20_376.txt,3823.jpg,3823.txt,images/train/MAR20_376.jpg,labels/train/MAR20_376.txt,images/train/3823.jpg,labels/train/3823.txt
3824,3824,MAR20_3760.jpg,MAR20_3760.txt,3824.jpg,3824.txt,images/train/MAR20_3760.jpg,labels/train/MAR20_3760.txt,images/train/3824.jpg,labels/train/3824.txt
3825,3825,MAR20_3761.jpg,MAR20_3761.txt,3825.jpg,3825.txt,images/train/MAR20_3761.jpg,labels/train/MAR20_3761.txt,images/train/3825.jpg,labels/train/3825.txt
3826,3826,MAR20_3762.jpg,MAR20_3762.txt,3826.jpg,3826.txt,images/train/MAR20_3762.jpg,labels/train/MAR20_3762.txt,images/train/3826.jpg,labels/train/3826.txt
3827,3827,MAR20_3764.jpg,MAR20_3764.txt,3827.jpg,3827.txt,images/train/MAR20_3764.jpg,labels/train/MAR20_3764.txt,images/train/3827.jpg,labels/train/3827.txt
3828,3828,MAR20_3765.jpg,MAR20_3765.txt,3828.jpg,3828.txt,images/train/MAR20_3765.jpg,labels/train/MAR20_3765.txt,images/train/3828.jpg,labels/train/3828.txt
3829,3829,MAR20_3766.jpg,MAR20_3766.txt,3829.jpg,3829.txt,images/train/MAR20_3766.jpg,labels/train/MAR20_3766.txt,images/train/3829.jpg,labels/train/3829.txt
3830,3830,MAR20_3767.jpg,MAR20_3767.txt,3830.jpg,3830.txt,images/train/MAR20_3767.jpg,labels/train/MAR20_3767.txt,images/train/3830.jpg,labels/train/3830.txt
3831,3831,MAR20_3768.jpg,MAR20_3768.txt,3831.jpg,3831.txt,images/train/MAR20_3768.jpg,labels/train/MAR20_3768.txt,images/train/3831.jpg,labels/train/3831.txt
3832,3832,MAR20_3769.jpg,MAR20_3769.txt,3832.jpg,3832.txt,images/train/MAR20_3769.jpg,labels/train/MAR20_3769.txt,images/train/3832.jpg,labels/train/3832.txt
3833,3833,MAR20_377.jpg,MAR20_377.txt,3833.jpg,3833.txt,images/train/MAR20_377.jpg,labels/train/MAR20_377.txt,images/train/3833.jpg,labels/train/3833.txt
3834,3834,MAR20_3770.jpg,MAR20_3770.txt,3834.jpg,3834.txt,images/train/MAR20_3770.jpg,labels/train/MAR20_3770.txt,images/train/3834.jpg,labels/train/3834.txt
3835,3835,MAR20_3771.jpg,MAR20_3771.txt,3835.jpg,3835.txt,images/train/MAR20_3771.jpg,labels/train/MAR20_3771.txt,images/train/3835.jpg,labels/train/3835.txt
3836,3836,MAR20_3773.jpg,MAR20_3773.txt,3836.jpg,3836.txt,images/train/MAR20_3773.jpg,labels/train/MAR20_3773.txt,images/train/3836.jpg,labels/train/3836.txt
3837,3837,MAR20_3774.jpg,MAR20_3774.txt,3837.jpg,3837.txt,images/train/MAR20_3774.jpg,labels/train/MAR20_3774.txt,images/train/3837.jpg,labels/train/3837.txt
3838,3838,MAR20_3775.jpg,MAR20_3775.txt,3838.jpg,3838.txt,images/train/MAR20_3775.jpg,labels/train/MAR20_3775.txt,images/train/3838.jpg,labels/train/3838.txt
3839,3839,MAR20_3777.jpg,MAR20_3777.txt,3839.jpg,3839.txt,images/train/MAR20_3777.jpg,labels/train/MAR20_3777.txt,images/train/3839.jpg,labels/train/3839.txt
3840,3840,MAR20_3778.jpg,MAR20_3778.txt,3840.jpg,3840.txt,images/train/MAR20_3778.jpg,labels/train/MAR20_3778.txt,images/train/3840.jpg,labels/train/3840.txt
3841,3841,MAR20_3779.jpg,MAR20_3779.txt,3841.jpg,3841.txt,images/train/MAR20_3779.jpg,labels/train/MAR20_3779.txt,images/train/3841.jpg,labels/train/3841.txt
3842,3842,MAR20_378.jpg,MAR20_378.txt,3842.jpg,3842.txt,images/train/MAR20_378.jpg,labels/train/MAR20_378.txt,images/train/3842.jpg,labels/train/3842.txt
3843,3843,MAR20_3781.jpg,MAR20_3781.txt,3843.jpg,3843.txt,images/train/MAR20_3781.jpg,labels/train/MAR20_3781.txt,images/train/3843.jpg,labels/train/3843.txt
3844,3844,MAR20_3782.jpg,MAR20_3782.txt,3844.jpg,3844.txt,images/train/MAR20_3782.jpg,labels/train/MAR20_3782.txt,images/train/3844.jpg,labels/train/3844.txt
3845,3845,MAR20_3783.jpg,MAR20_3783.txt,3845.jpg,3845.txt,images/train/MAR20_3783.jpg,labels/train/MAR20_3783.txt,images/train/3845.jpg,labels/train/3845.txt
3846,3846,MAR20_3784.jpg,MAR20_3784.txt,3846.jpg,3846.txt,images/train/MAR20_3784.jpg,labels/train/MAR20_3784.txt,images/train/3846.jpg,labels/train/3846.txt
3847,3847,MAR20_3785.jpg,MAR20_3785.txt,3847.jpg,3847.txt,images/train/MAR20_3785.jpg,labels/train/MAR20_3785.txt,images/train/3847.jpg,labels/train/3847.txt
3848,3848,MAR20_3786.jpg,MAR20_3786.txt,3848.jpg,3848.txt,images/train/MAR20_3786.jpg,labels/train/MAR20_3786.txt,images/train/3848.jpg,labels/train/3848.txt
3849,3849,MAR20_3787.jpg,MAR20_3787.txt,3849.jpg,3849.txt,images/train/MAR20_3787.jpg,labels/train/MAR20_3787.txt,images/train/3849.jpg,labels/train/3849.txt
3850,3850,MAR20_3788.jpg,MAR20_3788.txt,3850.jpg,3850.txt,images/train/MAR20_3788.jpg,labels/train/MAR20_3788.txt,images/train/3850.jpg,labels/train/3850.txt
3851,3851,MAR20_379.jpg,MAR20_379.txt,3851.jpg,3851.txt,images/train/MAR20_379.jpg,labels/train/MAR20_379.txt,images/train/3851.jpg,labels/train/3851.txt
3852,3852,MAR20_3790.jpg,MAR20_3790.txt,3852.jpg,3852.txt,images/train/MAR20_3790.jpg,labels/train/MAR20_3790.txt,images/train/3852.jpg,labels/train/3852.txt
3853,3853,MAR20_3791.jpg,MAR20_3791.txt,3853.jpg,3853.txt,images/train/MAR20_3791.jpg,labels/train/MAR20_3791.txt,images/train/3853.jpg,labels/train/3853.txt
3854,3854,MAR20_3792.jpg,MAR20_3792.txt,3854.jpg,3854.txt,images/train/MAR20_3792.jpg,labels/train/MAR20_3792.txt,images/train/3854.jpg,labels/train/3854.txt
3855,3855,MAR20_3793.jpg,MAR20_3793.txt,3855.jpg,3855.txt,images/train/MAR20_3793.jpg,labels/train/MAR20_3793.txt,images/train/3855.jpg,labels/train/3855.txt
3856,3856,MAR20_3794.jpg,MAR20_3794.txt,3856.jpg,3856.txt,images/train/MAR20_3794.jpg,labels/train/MAR20_3794.txt,images/train/3856.jpg,labels/train/3856.txt
3857,3857,MAR20_3795.jpg,MAR20_3795.txt,3857.jpg,3857.txt,images/train/MAR20_3795.jpg,labels/train/MAR20_3795.txt,images/train/3857.jpg,labels/train/3857.txt
3858,3858,MAR20_3796.jpg,MAR20_3796.txt,3858.jpg,3858.txt,images/train/MAR20_3796.jpg,labels/train/MAR20_3796.txt,images/train/3858.jpg,labels/train/3858.txt
3859,3859,MAR20_3799.jpg,MAR20_3799.txt,3859.jpg,3859.txt,images/train/MAR20_3799.jpg,labels/train/MAR20_3799.txt,images/train/3859.jpg,labels/train/3859.txt
3860,3860,MAR20_38.jpg,MAR20_38.txt,3860.jpg,3860.txt,images/train/MAR20_38.jpg,labels/train/MAR20_38.txt,images/train/3860.jpg,labels/train/3860.txt
3861,3861,MAR20_3801.jpg,MAR20_3801.txt,3861.jpg,3861.txt,images/train/MAR20_3801.jpg,labels/train/MAR20_3801.txt,images/train/3861.jpg,labels/train/3861.txt
3862,3862,MAR20_3803.jpg,MAR20_3803.txt,3862.jpg,3862.txt,images/train/MAR20_3803.jpg,labels/train/MAR20_3803.txt,images/train/3862.jpg,labels/train/3862.txt
3863,3863,MAR20_3804.jpg,MAR20_3804.txt,3863.jpg,3863.txt,images/train/MAR20_3804.jpg,labels/train/MAR20_3804.txt,images/train/3863.jpg,labels/train/3863.txt
3864,3864,MAR20_3805.jpg,MAR20_3805.txt,3864.jpg,3864.txt,images/train/MAR20_3805.jpg,labels/train/MAR20_3805.txt,images/train/3864.jpg,labels/train/3864.txt
3865,3865,MAR20_3806.jpg,MAR20_3806.txt,3865.jpg,3865.txt,images/train/MAR20_3806.jpg,labels/train/MAR20_3806.txt,images/train/3865.jpg,labels/train/3865.txt
3866,3866,MAR20_3808.jpg,MAR20_3808.txt,3866.jpg,3866.txt,images/train/MAR20_3808.jpg,labels/train/MAR20_3808.txt,images/train/3866.jpg,labels/train/3866.txt
3867,3867,MAR20_381.jpg,MAR20_381.txt,3867.jpg,3867.txt,images/train/MAR20_381.jpg,labels/train/MAR20_381.txt,images/train/3867.jpg,labels/train/3867.txt
3868,3868,MAR20_3810.jpg,MAR20_3810.txt,3868.jpg,3868.txt,images/train/MAR20_3810.jpg,labels/train/MAR20_3810.txt,images/train/3868.jpg,labels/train/3868.txt
3869,3869,MAR20_3812.jpg,MAR20_3812.txt,3869.jpg,3869.txt,images/train/MAR20_3812.jpg,labels/train/MAR20_3812.txt,images/train/3869.jpg,labels/train/3869.txt
3870,3870,MAR20_3813.jpg,MAR20_3813.txt,3870.jpg,3870.txt,images/train/MAR20_3813.jpg,labels/train/MAR20_3813.txt,images/train/3870.jpg,labels/train/3870.txt
3871,3871,MAR20_3814.jpg,MAR20_3814.txt,3871.jpg,3871.txt,images/train/MAR20_3814.jpg,labels/train/MAR20_3814.txt,images/train/3871.jpg,labels/train/3871.txt
3872,3872,MAR20_3815.jpg,MAR20_3815.txt,3872.jpg,3872.txt,images/train/MAR20_3815.jpg,labels/train/MAR20_3815.txt,images/train/3872.jpg,labels/train/3872.txt
3873,3873,MAR20_3816.jpg,MAR20_3816.txt,3873.jpg,3873.txt,images/train/MAR20_3816.jpg,labels/train/MAR20_3816.txt,images/train/3873.jpg,labels/train/3873.txt
3874,3874,MAR20_3817.jpg,MAR20_3817.txt,3874.jpg,3874.txt,images/train/MAR20_3817.jpg,labels/train/MAR20_3817.txt,images/train/3874.jpg,labels/train/3874.txt
3875,3875,MAR20_3818.jpg,MAR20_3818.txt,3875.jpg,3875.txt,images/train/MAR20_3818.jpg,labels/train/MAR20_3818.txt,images/train/3875.jpg,labels/train/3875.txt
3876,3876,MAR20_3819.jpg,MAR20_3819.txt,3876.jpg,3876.txt,images/train/MAR20_3819.jpg,labels/train/MAR20_3819.txt,images/train/3876.jpg,labels/train/3876.txt
3877,3877,MAR20_382.jpg,MAR20_382.txt,3877.jpg,3877.txt,images/train/MAR20_382.jpg,labels/train/MAR20_382.txt,images/train/3877.jpg,labels/train/3877.txt
3878,3878,MAR20_3820.jpg,MAR20_3820.txt,3878.jpg,3878.txt,images/train/MAR20_3820.jpg,labels/train/MAR20_3820.txt,images/train/3878.jpg,labels/train/3878.txt
3879,3879,MAR20_3821.jpg,MAR20_3821.txt,3879.jpg,3879.txt,images/train/MAR20_3821.jpg,labels/train/MAR20_3821.txt,images/train/3879.jpg,labels/train/3879.txt
3880,3880,MAR20_3822.jpg,MAR20_3822.txt,3880.jpg,3880.txt,images/train/MAR20_3822.jpg,labels/train/MAR20_3822.txt,images/train/3880.jpg,labels/train/3880.txt
3881,3881,MAR20_3824.jpg,MAR20_3824.txt,3881.jpg,3881.txt,images/train/MAR20_3824.jpg,labels/train/MAR20_3824.txt,images/train/3881.jpg,labels/train/3881.txt
3882,3882,MAR20_3825.jpg,MAR20_3825.txt,3882.jpg,3882.txt,images/train/MAR20_3825.jpg,labels/train/MAR20_3825.txt,images/train/3882.jpg,labels/train/3882.txt
3883,3883,MAR20_3827.jpg,MAR20_3827.txt,3883.jpg,3883.txt,images/train/MAR20_3827.jpg,labels/train/MAR20_3827.txt,images/train/3883.jpg,labels/train/3883.txt
3884,3884,MAR20_3828.jpg,MAR20_3828.txt,3884.jpg,3884.txt,images/train/MAR20_3828.jpg,labels/train/MAR20_3828.txt,images/train/3884.jpg,labels/train/3884.txt
3885,3885,MAR20_383.jpg,MAR20_383.txt,3885.jpg,3885.txt,images/train/MAR20_383.jpg,labels/train/MAR20_383.txt,images/train/3885.jpg,labels/train/3885.txt
3886,3886,MAR20_3830.jpg,MAR20_3830.txt,3886.jpg,3886.txt,images/train/MAR20_3830.jpg,labels/train/MAR20_3830.txt,images/train/3886.jpg,labels/train/3886.txt
3887,3887,MAR20_3831.jpg,MAR20_3831.txt,3887.jpg,3887.txt,images/train/MAR20_3831.jpg,labels/train/MAR20_3831.txt,images/train/3887.jpg,labels/train/3887.txt
3888,3888,MAR20_3832.jpg,MAR20_3832.txt,3888.jpg,3888.txt,images/train/MAR20_3832.jpg,labels/train/MAR20_3832.txt,images/train/3888.jpg,labels/train/3888.txt
3889,3889,MAR20_3833.jpg,MAR20_3833.txt,3889.jpg,3889.txt,images/train/MAR20_3833.jpg,labels/train/MAR20_3833.txt,images/train/3889.jpg,labels/train/3889.txt
3890,3890,MAR20_3836.jpg,MAR20_3836.txt,3890.jpg,3890.txt,images/train/MAR20_3836.jpg,labels/train/MAR20_3836.txt,images/train/3890.jpg,labels/train/3890.txt
3891,3891,MAR20_3837.jpg,MAR20_3837.txt,3891.jpg,3891.txt,images/train/MAR20_3837.jpg,labels/train/MAR20_3837.txt,images/train/3891.jpg,labels/train/3891.txt
3892,3892,MAR20_3838.jpg,MAR20_3838.txt,3892.jpg,3892.txt,images/train/MAR20_3838.jpg,labels/train/MAR20_3838.txt,images/train/3892.jpg,labels/train/3892.txt
3893,3893,MAR20_3839.jpg,MAR20_3839.txt,3893.jpg,3893.txt,images/train/MAR20_3839.jpg,labels/train/MAR20_3839.txt,images/train/3893.jpg,labels/train/3893.txt
3894,3894,MAR20_384.jpg,MAR20_384.txt,3894.jpg,3894.txt,images/train/MAR20_384.jpg,labels/train/MAR20_384.txt,images/train/3894.jpg,labels/train/3894.txt
3895,3895,MAR20_3842.jpg,MAR20_3842.txt,3895.jpg,3895.txt,images/train/MAR20_3842.jpg,labels/train/MAR20_3842.txt,images/train/3895.jpg,labels/train/3895.txt
3896,3896,MAR20_386.jpg,MAR20_386.txt,3896.jpg,3896.txt,images/train/MAR20_386.jpg,labels/train/MAR20_386.txt,images/train/3896.jpg,labels/train/3896.txt
3897,3897,MAR20_387.jpg,MAR20_387.txt,3897.jpg,3897.txt,images/train/MAR20_387.jpg,labels/train/MAR20_387.txt,images/train/3897.jpg,labels/train/3897.txt
3898,3898,MAR20_388.jpg,MAR20_388.txt,3898.jpg,3898.txt,images/train/MAR20_388.jpg,labels/train/MAR20_388.txt,images/train/3898.jpg,labels/train/3898.txt
3899,3899,MAR20_389.jpg,MAR20_389.txt,3899.jpg,3899.txt,images/train/MAR20_389.jpg,labels/train/MAR20_389.txt,images/train/3899.jpg,labels/train/3899.txt
3900,3900,MAR20_390.jpg,MAR20_390.txt,3900.jpg,3900.txt,images/train/MAR20_390.jpg,labels/train/MAR20_390.txt,images/train/3900.jpg,labels/train/3900.txt
3901,3901,MAR20_391.jpg,MAR20_391.txt,3901.jpg,3901.txt,images/train/MAR20_391.jpg,labels/train/MAR20_391.txt,images/train/3901.jpg,labels/train/3901.txt
3902,3902,MAR20_392.jpg,MAR20_392.txt,3902.jpg,3902.txt,images/train/MAR20_392.jpg,labels/train/MAR20_392.txt,images/train/3902.jpg,labels/train/3902.txt
3903,3903,MAR20_393.jpg,MAR20_393.txt,3903.jpg,3903.txt,images/train/MAR20_393.jpg,labels/train/MAR20_393.txt,images/train/3903.jpg,labels/train/3903.txt
3904,3904,MAR20_394.jpg,MAR20_394.txt,3904.jpg,3904.txt,images/train/MAR20_394.jpg,labels/train/MAR20_394.txt,images/train/3904.jpg,labels/train/3904.txt
3905,3905,MAR20_395.jpg,MAR20_395.txt,3905.jpg,3905.txt,images/train/MAR20_395.jpg,labels/train/MAR20_395.txt,images/train/3905.jpg,labels/train/3905.txt
3906,3906,MAR20_397.jpg,MAR20_397.txt,3906.jpg,3906.txt,images/train/MAR20_397.jpg,labels/train/MAR20_397.txt,images/train/3906.jpg,labels/train/3906.txt
3907,3907,MAR20_399.jpg,MAR20_399.txt,3907.jpg,3907.txt,images/train/MAR20_399.jpg,labels/train/MAR20_399.txt,images/train/3907.jpg,labels/train/3907.txt
3908,3908,MAR20_4.jpg,MAR20_4.txt,3908.jpg,3908.txt,images/train/MAR20_4.jpg,labels/train/MAR20_4.txt,images/train/3908.jpg,labels/train/3908.txt
3909,3909,MAR20_40.jpg,MAR20_40.txt,3909.jpg,3909.txt,images/train/MAR20_40.jpg,labels/train/MAR20_40.txt,images/train/3909.jpg,labels/train/3909.txt
3910,3910,MAR20_400.jpg,MAR20_400.txt,3910.jpg,3910.txt,images/train/MAR20_400.jpg,labels/train/MAR20_400.txt,images/train/3910.jpg,labels/train/3910.txt
3911,3911,MAR20_402.jpg,MAR20_402.txt,3911.jpg,3911.txt,images/train/MAR20_402.jpg,labels/train/MAR20_402.txt,images/train/3911.jpg,labels/train/3911.txt
3912,3912,MAR20_403.jpg,MAR20_403.txt,3912.jpg,3912.txt,images/train/MAR20_403.jpg,labels/train/MAR20_403.txt,images/train/3912.jpg,labels/train/3912.txt
3913,3913,MAR20_404.jpg,MAR20_404.txt,3913.jpg,3913.txt,images/train/MAR20_404.jpg,labels/train/MAR20_404.txt,images/train/3913.jpg,labels/train/3913.txt
3914,3914,MAR20_405.jpg,MAR20_405.txt,3914.jpg,3914.txt,images/train/MAR20_405.jpg,labels/train/MAR20_405.txt,images/train/3914.jpg,labels/train/3914.txt
3915,3915,MAR20_406.jpg,MAR20_406.txt,3915.jpg,3915.txt,images/train/MAR20_406.jpg,labels/train/MAR20_406.txt,images/train/3915.jpg,labels/train/3915.txt
3916,3916,MAR20_407.jpg,MAR20_407.txt,3916.jpg,3916.txt,images/train/MAR20_407.jpg,labels/train/MAR20_407.txt,images/train/3916.jpg,labels/train/3916.txt
3917,3917,MAR20_408.jpg,MAR20_408.txt,3917.jpg,3917.txt,images/train/MAR20_408.jpg,labels/train/MAR20_408.txt,images/train/3917.jpg,labels/train/3917.txt
3918,3918,MAR20_410.jpg,MAR20_410.txt,3918.jpg,3918.txt,images/train/MAR20_410.jpg,labels/train/MAR20_410.txt,images/train/3918.jpg,labels/train/3918.txt
3919,3919,MAR20_411.jpg,MAR20_411.txt,3919.jpg,3919.txt,images/train/MAR20_411.jpg,labels/train/MAR20_411.txt,images/train/3919.jpg,labels/train/3919.txt
3920,3920,MAR20_413.jpg,MAR20_413.txt,3920.jpg,3920.txt,images/train/MAR20_413.jpg,labels/train/MAR20_413.txt,images/train/3920.jpg,labels/train/3920.txt
3921,3921,MAR20_414.jpg,MAR20_414.txt,3921.jpg,3921.txt,images/train/MAR20_414.jpg,labels/train/MAR20_414.txt,images/train/3921.jpg,labels/train/3921.txt
3922,3922,MAR20_415.jpg,MAR20_415.txt,3922.jpg,3922.txt,images/train/MAR20_415.jpg,labels/train/MAR20_415.txt,images/train/3922.jpg,labels/train/3922.txt
3923,3923,MAR20_417.jpg,MAR20_417.txt,3923.jpg,3923.txt,images/train/MAR20_417.jpg,labels/train/MAR20_417.txt,images/train/3923.jpg,labels/train/3923.txt
3924,3924,MAR20_418.jpg,MAR20_418.txt,3924.jpg,3924.txt,images/train/MAR20_418.jpg,labels/train/MAR20_418.txt,images/train/3924.jpg,labels/train/3924.txt
3925,3925,MAR20_42.jpg,MAR20_42.txt,3925.jpg,3925.txt,images/train/MAR20_42.jpg,labels/train/MAR20_42.txt,images/train/3925.jpg,labels/train/3925.txt
3926,3926,MAR20_421.jpg,MAR20_421.txt,3926.jpg,3926.txt,images/train/MAR20_421.jpg,labels/train/MAR20_421.txt,images/train/3926.jpg,labels/train/3926.txt
3927,3927,MAR20_422.jpg,MAR20_422.txt,3927.jpg,3927.txt,images/train/MAR20_422.jpg,labels/train/MAR20_422.txt,images/train/3927.jpg,labels/train/3927.txt
3928,3928,MAR20_423.jpg,MAR20_423.txt,3928.jpg,3928.txt,images/train/MAR20_423.jpg,labels/train/MAR20_423.txt,images/train/3928.jpg,labels/train/3928.txt
3929,3929,MAR20_424.jpg,MAR20_424.txt,3929.jpg,3929.txt,images/train/MAR20_424.jpg,labels/train/MAR20_424.txt,images/train/3929.jpg,labels/train/3929.txt
3930,3930,MAR20_425.jpg,MAR20_425.txt,3930.jpg,3930.txt,images/train/MAR20_425.jpg,labels/train/MAR20_425.txt,images/train/3930.jpg,labels/train/3930.txt
3931,3931,MAR20_426.jpg,MAR20_426.txt,3931.jpg,3931.txt,images/train/MAR20_426.jpg,labels/train/MAR20_426.txt,images/train/3931.jpg,labels/train/3931.txt
3932,3932,MAR20_427.jpg,MAR20_427.txt,3932.jpg,3932.txt,images/train/MAR20_427.jpg,labels/train/MAR20_427.txt,images/train/3932.jpg,labels/train/3932.txt
3933,3933,MAR20_428.jpg,MAR20_428.txt,3933.jpg,3933.txt,images/train/MAR20_428.jpg,labels/train/MAR20_428.txt,images/train/3933.jpg,labels/train/3933.txt
3934,3934,MAR20_429.jpg,MAR20_429.txt,3934.jpg,3934.txt,images/train/MAR20_429.jpg,labels/train/MAR20_429.txt,images/train/3934.jpg,labels/train/3934.txt
3935,3935,MAR20_430.jpg,MAR20_430.txt,3935.jpg,3935.txt,images/train/MAR20_430.jpg,labels/train/MAR20_430.txt,images/train/3935.jpg,labels/train/3935.txt
3936,3936,MAR20_432.jpg,MAR20_432.txt,3936.jpg,3936.txt,images/train/MAR20_432.jpg,labels/train/MAR20_432.txt,images/train/3936.jpg,labels/train/3936.txt
3937,3937,MAR20_433.jpg,MAR20_433.txt,3937.jpg,3937.txt,images/train/MAR20_433.jpg,labels/train/MAR20_433.txt,images/train/3937.jpg,labels/train/3937.txt
3938,3938,MAR20_434.jpg,MAR20_434.txt,3938.jpg,3938.txt,images/train/MAR20_434.jpg,labels/train/MAR20_434.txt,images/train/3938.jpg,labels/train/3938.txt
3939,3939,MAR20_435.jpg,MAR20_435.txt,3939.jpg,3939.txt,images/train/MAR20_435.jpg,labels/train/MAR20_435.txt,images/train/3939.jpg,labels/train/3939.txt
3940,3940,MAR20_436.jpg,MAR20_436.txt,3940.jpg,3940.txt,images/train/MAR20_436.jpg,labels/train/MAR20_436.txt,images/train/3940.jpg,labels/train/3940.txt
3941,3941,MAR20_437.jpg,MAR20_437.txt,3941.jpg,3941.txt,images/train/MAR20_437.jpg,labels/train/MAR20_437.txt,images/train/3941.jpg,labels/train/3941.txt
3942,3942,MAR20_438.jpg,MAR20_438.txt,3942.jpg,3942.txt,images/train/MAR20_438.jpg,labels/train/MAR20_438.txt,images/train/3942.jpg,labels/train/3942.txt
3943,3943,MAR20_439.jpg,MAR20_439.txt,3943.jpg,3943.txt,images/train/MAR20_439.jpg,labels/train/MAR20_439.txt,images/train/3943.jpg,labels/train/3943.txt
3944,3944,MAR20_440.jpg,MAR20_440.txt,3944.jpg,3944.txt,images/train/MAR20_440.jpg,labels/train/MAR20_440.txt,images/train/3944.jpg,labels/train/3944.txt
3945,3945,MAR20_441.jpg,MAR20_441.txt,3945.jpg,3945.txt,images/train/MAR20_441.jpg,labels/train/MAR20_441.txt,images/train/3945.jpg,labels/train/3945.txt
3946,3946,MAR20_442.jpg,MAR20_442.txt,3946.jpg,3946.txt,images/train/MAR20_442.jpg,labels/train/MAR20_442.txt,images/train/3946.jpg,labels/train/3946.txt
3947,3947,MAR20_443.jpg,MAR20_443.txt,3947.jpg,3947.txt,images/train/MAR20_443.jpg,labels/train/MAR20_443.txt,images/train/3947.jpg,labels/train/3947.txt
3948,3948,MAR20_444.jpg,MAR20_444.txt,3948.jpg,3948.txt,images/train/MAR20_444.jpg,labels/train/MAR20_444.txt,images/train/3948.jpg,labels/train/3948.txt
3949,3949,MAR20_445.jpg,MAR20_445.txt,3949.jpg,3949.txt,images/train/MAR20_445.jpg,labels/train/MAR20_445.txt,images/train/3949.jpg,labels/train/3949.txt
3950,3950,MAR20_448.jpg,MAR20_448.txt,3950.jpg,3950.txt,images/train/MAR20_448.jpg,labels/train/MAR20_448.txt,images/train/3950.jpg,labels/train/3950.txt
3951,3951,MAR20_449.jpg,MAR20_449.txt,3951.jpg,3951.txt,images/train/MAR20_449.jpg,labels/train/MAR20_449.txt,images/train/3951.jpg,labels/train/3951.txt
3952,3952,MAR20_450.jpg,MAR20_450.txt,3952.jpg,3952.txt,images/train/MAR20_450.jpg,labels/train/MAR20_450.txt,images/train/3952.jpg,labels/train/3952.txt
3953,3953,MAR20_451.jpg,MAR20_451.txt,3953.jpg,3953.txt,images/train/MAR20_451.jpg,labels/train/MAR20_451.txt,images/train/3953.jpg,labels/train/3953.txt
3954,3954,MAR20_452.jpg,MAR20_452.txt,3954.jpg,3954.txt,images/train/MAR20_452.jpg,labels/train/MAR20_452.txt,images/train/3954.jpg,labels/train/3954.txt
3955,3955,MAR20_453.jpg,MAR20_453.txt,3955.jpg,3955.txt,images/train/MAR20_453.jpg,labels/train/MAR20_453.txt,images/train/3955.jpg,labels/train/3955.txt
3956,3956,MAR20_455.jpg,MAR20_455.txt,3956.jpg,3956.txt,images/train/MAR20_455.jpg,labels/train/MAR20_455.txt,images/train/3956.jpg,labels/train/3956.txt
3957,3957,MAR20_456.jpg,MAR20_456.txt,3957.jpg,3957.txt,images/train/MAR20_456.jpg,labels/train/MAR20_456.txt,images/train/3957.jpg,labels/train/3957.txt
3958,3958,MAR20_461.jpg,MAR20_461.txt,3958.jpg,3958.txt,images/train/MAR20_461.jpg,labels/train/MAR20_461.txt,images/train/3958.jpg,labels/train/3958.txt
3959,3959,MAR20_462.jpg,MAR20_462.txt,3959.jpg,3959.txt,images/train/MAR20_462.jpg,labels/train/MAR20_462.txt,images/train/3959.jpg,labels/train/3959.txt
3960,3960,MAR20_463.jpg,MAR20_463.txt,3960.jpg,3960.txt,images/train/MAR20_463.jpg,labels/train/MAR20_463.txt,images/train/3960.jpg,labels/train/3960.txt
3961,3961,MAR20_464.jpg,MAR20_464.txt,3961.jpg,3961.txt,images/train/MAR20_464.jpg,labels/train/MAR20_464.txt,images/train/3961.jpg,labels/train/3961.txt
3962,3962,MAR20_465.jpg,MAR20_465.txt,3962.jpg,3962.txt,images/train/MAR20_465.jpg,labels/train/MAR20_465.txt,images/train/3962.jpg,labels/train/3962.txt
3963,3963,MAR20_468.jpg,MAR20_468.txt,3963.jpg,3963.txt,images/train/MAR20_468.jpg,labels/train/MAR20_468.txt,images/train/3963.jpg,labels/train/3963.txt
3964,3964,MAR20_469.jpg,MAR20_469.txt,3964.jpg,3964.txt,images/train/MAR20_469.jpg,labels/train/MAR20_469.txt,images/train/3964.jpg,labels/train/3964.txt
3965,3965,MAR20_47.jpg,MAR20_47.txt,3965.jpg,3965.txt,images/train/MAR20_47.jpg,labels/train/MAR20_47.txt,images/train/3965.jpg,labels/train/3965.txt
3966,3966,MAR20_470.jpg,MAR20_470.txt,3966.jpg,3966.txt,images/train/MAR20_470.jpg,labels/train/MAR20_470.txt,images/train/3966.jpg,labels/train/3966.txt
3967,3967,MAR20_471.jpg,MAR20_471.txt,3967.jpg,3967.txt,images/train/MAR20_471.jpg,labels/train/MAR20_471.txt,images/train/3967.jpg,labels/train/3967.txt
3968,3968,MAR20_472.jpg,MAR20_472.txt,3968.jpg,3968.txt,images/train/MAR20_472.jpg,labels/train/MAR20_472.txt,images/train/3968.jpg,labels/train/3968.txt
3969,3969,MAR20_473.jpg,MAR20_473.txt,3969.jpg,3969.txt,images/train/MAR20_473.jpg,labels/train/MAR20_473.txt,images/train/3969.jpg,labels/train/3969.txt
3970,3970,MAR20_474.jpg,MAR20_474.txt,3970.jpg,3970.txt,images/train/MAR20_474.jpg,labels/train/MAR20_474.txt,images/train/3970.jpg,labels/train/3970.txt
3971,3971,MAR20_475.jpg,MAR20_475.txt,3971.jpg,3971.txt,images/train/MAR20_475.jpg,labels/train/MAR20_475.txt,images/train/3971.jpg,labels/train/3971.txt
3972,3972,MAR20_477.jpg,MAR20_477.txt,3972.jpg,3972.txt,images/train/MAR20_477.jpg,labels/train/MAR20_477.txt,images/train/3972.jpg,labels/train/3972.txt
3973,3973,MAR20_479.jpg,MAR20_479.txt,3973.jpg,3973.txt,images/train/MAR20_479.jpg,labels/train/MAR20_479.txt,images/train/3973.jpg,labels/train/3973.txt
3974,3974,MAR20_480.jpg,MAR20_480.txt,3974.jpg,3974.txt,images/train/MAR20_480.jpg,labels/train/MAR20_480.txt,images/train/3974.jpg,labels/train/3974.txt
3975,3975,MAR20_481.jpg,MAR20_481.txt,3975.jpg,3975.txt,images/train/MAR20_481.jpg,labels/train/MAR20_481.txt,images/train/3975.jpg,labels/train/3975.txt
3976,3976,MAR20_482.jpg,MAR20_482.txt,3976.jpg,3976.txt,images/train/MAR20_482.jpg,labels/train/MAR20_482.txt,images/train/3976.jpg,labels/train/3976.txt
3977,3977,MAR20_483.jpg,MAR20_483.txt,3977.jpg,3977.txt,images/train/MAR20_483.jpg,labels/train/MAR20_483.txt,images/train/3977.jpg,labels/train/3977.txt
3978,3978,MAR20_484.jpg,MAR20_484.txt,3978.jpg,3978.txt,images/train/MAR20_484.jpg,labels/train/MAR20_484.txt,images/train/3978.jpg,labels/train/3978.txt
3979,3979,MAR20_485.jpg,MAR20_485.txt,3979.jpg,3979.txt,images/train/MAR20_485.jpg,labels/train/MAR20_485.txt,images/train/3979.jpg,labels/train/3979.txt
3980,3980,MAR20_486.jpg,MAR20_486.txt,3980.jpg,3980.txt,images/train/MAR20_486.jpg,labels/train/MAR20_486.txt,images/train/3980.jpg,labels/train/3980.txt
3981,3981,MAR20_489.jpg,MAR20_489.txt,3981.jpg,3981.txt,images/train/MAR20_489.jpg,labels/train/MAR20_489.txt,images/train/3981.jpg,labels/train/3981.txt
3982,3982,MAR20_49.jpg,MAR20_49.txt,3982.jpg,3982.txt,images/train/MAR20_49.jpg,labels/train/MAR20_49.txt,images/train/3982.jpg,labels/train/3982.txt
3983,3983,MAR20_490.jpg,MAR20_490.txt,3983.jpg,3983.txt,images/train/MAR20_490.jpg,labels/train/MAR20_490.txt,images/train/3983.jpg,labels/train/3983.txt
3984,3984,MAR20_491.jpg,MAR20_491.txt,3984.jpg,3984.txt,images/train/MAR20_491.jpg,labels/train/MAR20_491.txt,images/train/3984.jpg,labels/train/3984.txt
3985,3985,MAR20_492.jpg,MAR20_492.txt,3985.jpg,3985.txt,images/train/MAR20_492.jpg,labels/train/MAR20_492.txt,images/train/3985.jpg,labels/train/3985.txt
3986,3986,MAR20_495.jpg,MAR20_495.txt,3986.jpg,3986.txt,images/train/MAR20_495.jpg,labels/train/MAR20_495.txt,images/train/3986.jpg,labels/train/3986.txt
3987,3987,MAR20_496.jpg,MAR20_496.txt,3987.jpg,3987.txt,images/train/MAR20_496.jpg,labels/train/MAR20_496.txt,images/train/3987.jpg,labels/train/3987.txt
3988,3988,MAR20_497.jpg,MAR20_497.txt,3988.jpg,3988.txt,images/train/MAR20_497.jpg,labels/train/MAR20_497.txt,images/train/3988.jpg,labels/train/3988.txt
3989,3989,MAR20_498.jpg,MAR20_498.txt,3989.jpg,3989.txt,images/train/MAR20_498.jpg,labels/train/MAR20_498.txt,images/train/3989.jpg,labels/train/3989.txt
3990,3990,MAR20_499.jpg,MAR20_499.txt,3990.jpg,3990.txt,images/train/MAR20_499.jpg,labels/train/MAR20_499.txt,images/train/3990.jpg,labels/train/3990.txt
3991,3991,MAR20_5.jpg,MAR20_5.txt,3991.jpg,3991.txt,images/train/MAR20_5.jpg,labels/train/MAR20_5.txt,images/train/3991.jpg,labels/train/3991.txt
3992,3992,MAR20_500.jpg,MAR20_500.txt,3992.jpg,3992.txt,images/train/MAR20_500.jpg,labels/train/MAR20_500.txt,images/train/3992.jpg,labels/train/3992.txt
3993,3993,MAR20_501.jpg,MAR20_501.txt,3993.jpg,3993.txt,images/train/MAR20_501.jpg,labels/train/MAR20_501.txt,images/train/3993.jpg,labels/train/3993.txt
3994,3994,MAR20_502.jpg,MAR20_502.txt,3994.jpg,3994.txt,images/train/MAR20_502.jpg,labels/train/MAR20_502.txt,images/train/3994.jpg,labels/train/3994.txt
3995,3995,MAR20_503.jpg,MAR20_503.txt,3995.jpg,3995.txt,images/train/MAR20_503.jpg,labels/train/MAR20_503.txt,images/train/3995.jpg,labels/train/3995.txt
3996,3996,MAR20_504.jpg,MAR20_504.txt,3996.jpg,3996.txt,images/train/MAR20_504.jpg,labels/train/MAR20_504.txt,images/train/3996.jpg,labels/train/3996.txt
3997,3997,MAR20_505.jpg,MAR20_505.txt,3997.jpg,3997.txt,images/train/MAR20_505.jpg,labels/train/MAR20_505.txt,images/train/3997.jpg,labels/train/3997.txt
3998,3998,MAR20_506.jpg,MAR20_506.txt,3998.jpg,3998.txt,images/train/MAR20_506.jpg,labels/train/MAR20_506.txt,images/train/3998.jpg,labels/train/3998.txt
3999,3999,MAR20_507.jpg,MAR20_507.txt,3999.jpg,3999.txt,images/train/MAR20_507.jpg,labels/train/MAR20_507.txt,images/train/3999.jpg,labels/train/3999.txt
4000,4000,MAR20_508.jpg,MAR20_508.txt,4000.jpg,4000.txt,images/train/MAR20_508.jpg,labels/train/MAR20_508.txt,images/train/4000.jpg,labels/train/4000.txt
4001,4001,MAR20_509.jpg,MAR20_509.txt,4001.jpg,4001.txt,images/train/MAR20_509.jpg,labels/train/MAR20_509.txt,images/train/4001.jpg,labels/train/4001.txt
4002,4002,MAR20_51.jpg,MAR20_51.txt,4002.jpg,4002.txt,images/train/MAR20_51.jpg,labels/train/MAR20_51.txt,images/train/4002.jpg,labels/train/4002.txt
4003,4003,MAR20_511.jpg,MAR20_511.txt,4003.jpg,4003.txt,images/train/MAR20_511.jpg,labels/train/MAR20_511.txt,images/train/4003.jpg,labels/train/4003.txt
4004,4004,MAR20_512.jpg,MAR20_512.txt,4004.jpg,4004.txt,images/train/MAR20_512.jpg,labels/train/MAR20_512.txt,images/train/4004.jpg,labels/train/4004.txt
4005,4005,MAR20_513.jpg,MAR20_513.txt,4005.jpg,4005.txt,images/train/MAR20_513.jpg,labels/train/MAR20_513.txt,images/train/4005.jpg,labels/train/4005.txt
4006,4006,MAR20_514.jpg,MAR20_514.txt,4006.jpg,4006.txt,images/train/MAR20_514.jpg,labels/train/MAR20_514.txt,images/train/4006.jpg,labels/train/4006.txt
4007,4007,MAR20_515.jpg,MAR20_515.txt,4007.jpg,4007.txt,images/train/MAR20_515.jpg,labels/train/MAR20_515.txt,images/train/4007.jpg,labels/train/4007.txt
4008,4008,MAR20_516.jpg,MAR20_516.txt,4008.jpg,4008.txt,images/train/MAR20_516.jpg,labels/train/MAR20_516.txt,images/train/4008.jpg,labels/train/4008.txt
4009,4009,MAR20_517.jpg,MAR20_517.txt,4009.jpg,4009.txt,images/train/MAR20_517.jpg,labels/train/MAR20_517.txt,images/train/4009.jpg,labels/train/4009.txt
4010,4010,MAR20_518.jpg,MAR20_518.txt,4010.jpg,4010.txt,images/train/MAR20_518.jpg,labels/train/MAR20_518.txt,images/train/4010.jpg,labels/train/4010.txt
4011,4011,MAR20_519.jpg,MAR20_519.txt,4011.jpg,4011.txt,images/train/MAR20_519.jpg,labels/train/MAR20_519.txt,images/train/4011.jpg,labels/train/4011.txt
4012,4012,MAR20_52.jpg,MAR20_52.txt,4012.jpg,4012.txt,images/train/MAR20_52.jpg,labels/train/MAR20_52.txt,images/train/4012.jpg,labels/train/4012.txt
4013,4013,MAR20_520.jpg,MAR20_520.txt,4013.jpg,4013.txt,images/train/MAR20_520.jpg,labels/train/MAR20_520.txt,images/train/4013.jpg,labels/train/4013.txt
4014,4014,MAR20_523.jpg,MAR20_523.txt,4014.jpg,4014.txt,images/train/MAR20_523.jpg,labels/train/MAR20_523.txt,images/train/4014.jpg,labels/train/4014.txt
4015,4015,MAR20_524.jpg,MAR20_524.txt,4015.jpg,4015.txt,images/train/MAR20_524.jpg,labels/train/MAR20_524.txt,images/train/4015.jpg,labels/train/4015.txt
4016,4016,MAR20_525.jpg,MAR20_525.txt,4016.jpg,4016.txt,images/train/MAR20_525.jpg,labels/train/MAR20_525.txt,images/train/4016.jpg,labels/train/4016.txt
4017,4017,MAR20_527.jpg,MAR20_527.txt,4017.jpg,4017.txt,images/train/MAR20_527.jpg,labels/train/MAR20_527.txt,images/train/4017.jpg,labels/train/4017.txt
4018,4018,MAR20_528.jpg,MAR20_528.txt,4018.jpg,4018.txt,images/train/MAR20_528.jpg,labels/train/MAR20_528.txt,images/train/4018.jpg,labels/train/4018.txt
4019,4019,MAR20_529.jpg,MAR20_529.txt,4019.jpg,4019.txt,images/train/MAR20_529.jpg,labels/train/MAR20_529.txt,images/train/4019.jpg,labels/train/4019.txt
4020,4020,MAR20_530.jpg,MAR20_530.txt,4020.jpg,4020.txt,images/train/MAR20_530.jpg,labels/train/MAR20_530.txt,images/train/4020.jpg,labels/train/4020.txt
4021,4021,MAR20_532.jpg,MAR20_532.txt,4021.jpg,4021.txt,images/train/MAR20_532.jpg,labels/train/MAR20_532.txt,images/train/4021.jpg,labels/train/4021.txt
4022,4022,MAR20_533.jpg,MAR20_533.txt,4022.jpg,4022.txt,images/train/MAR20_533.jpg,labels/train/MAR20_533.txt,images/train/4022.jpg,labels/train/4022.txt
4023,4023,MAR20_534.jpg,MAR20_534.txt,4023.jpg,4023.txt,images/train/MAR20_534.jpg,labels/train/MAR20_534.txt,images/train/4023.jpg,labels/train/4023.txt
4024,4024,MAR20_535.jpg,MAR20_535.txt,4024.jpg,4024.txt,images/train/MAR20_535.jpg,labels/train/MAR20_535.txt,images/train/4024.jpg,labels/train/4024.txt
4025,4025,MAR20_536.jpg,MAR20_536.txt,4025.jpg,4025.txt,images/train/MAR20_536.jpg,labels/train/MAR20_536.txt,images/train/4025.jpg,labels/train/4025.txt
4026,4026,MAR20_537.jpg,MAR20_537.txt,4026.jpg,4026.txt,images/train/MAR20_537.jpg,labels/train/MAR20_537.txt,images/train/4026.jpg,labels/train/4026.txt
4027,4027,MAR20_539.jpg,MAR20_539.txt,4027.jpg,4027.txt,images/train/MAR20_539.jpg,labels/train/MAR20_539.txt,images/train/4027.jpg,labels/train/4027.txt
4028,4028,MAR20_540.jpg,MAR20_540.txt,4028.jpg,4028.txt,images/train/MAR20_540.jpg,labels/train/MAR20_540.txt,images/train/4028.jpg,labels/train/4028.txt
4029,4029,MAR20_541.jpg,MAR20_541.txt,4029.jpg,4029.txt,images/train/MAR20_541.jpg,labels/train/MAR20_541.txt,images/train/4029.jpg,labels/train/4029.txt
4030,4030,MAR20_542.jpg,MAR20_542.txt,4030.jpg,4030.txt,images/train/MAR20_542.jpg,labels/train/MAR20_542.txt,images/train/4030.jpg,labels/train/4030.txt
4031,4031,MAR20_543.jpg,MAR20_543.txt,4031.jpg,4031.txt,images/train/MAR20_543.jpg,labels/train/MAR20_543.txt,images/train/4031.jpg,labels/train/4031.txt
4032,4032,MAR20_547.jpg,MAR20_547.txt,4032.jpg,4032.txt,images/train/MAR20_547.jpg,labels/train/MAR20_547.txt,images/train/4032.jpg,labels/train/4032.txt
4033,4033,MAR20_548.jpg,MAR20_548.txt,4033.jpg,4033.txt,images/train/MAR20_548.jpg,labels/train/MAR20_548.txt,images/train/4033.jpg,labels/train/4033.txt
4034,4034,MAR20_549.jpg,MAR20_549.txt,4034.jpg,4034.txt,images/train/MAR20_549.jpg,labels/train/MAR20_549.txt,images/train/4034.jpg,labels/train/4034.txt
4035,4035,MAR20_55.jpg,MAR20_55.txt,4035.jpg,4035.txt,images/train/MAR20_55.jpg,labels/train/MAR20_55.txt,images/train/4035.jpg,labels/train/4035.txt
4036,4036,MAR20_552.jpg,MAR20_552.txt,4036.jpg,4036.txt,images/train/MAR20_552.jpg,labels/train/MAR20_552.txt,images/train/4036.jpg,labels/train/4036.txt
4037,4037,MAR20_553.jpg,MAR20_553.txt,4037.jpg,4037.txt,images/train/MAR20_553.jpg,labels/train/MAR20_553.txt,images/train/4037.jpg,labels/train/4037.txt
4038,4038,MAR20_554.jpg,MAR20_554.txt,4038.jpg,4038.txt,images/train/MAR20_554.jpg,labels/train/MAR20_554.txt,images/train/4038.jpg,labels/train/4038.txt
4039,4039,MAR20_555.jpg,MAR20_555.txt,4039.jpg,4039.txt,images/train/MAR20_555.jpg,labels/train/MAR20_555.txt,images/train/4039.jpg,labels/train/4039.txt
4040,4040,MAR20_556.jpg,MAR20_556.txt,4040.jpg,4040.txt,images/train/MAR20_556.jpg,labels/train/MAR20_556.txt,images/train/4040.jpg,labels/train/4040.txt
4041,4041,MAR20_557.jpg,MAR20_557.txt,4041.jpg,4041.txt,images/train/MAR20_557.jpg,labels/train/MAR20_557.txt,images/train/4041.jpg,labels/train/4041.txt
4042,4042,MAR20_559.jpg,MAR20_559.txt,4042.jpg,4042.txt,images/train/MAR20_559.jpg,labels/train/MAR20_559.txt,images/train/4042.jpg,labels/train/4042.txt
4043,4043,MAR20_560.jpg,MAR20_560.txt,4043.jpg,4043.txt,images/train/MAR20_560.jpg,labels/train/MAR20_560.txt,images/train/4043.jpg,labels/train/4043.txt
4044,4044,MAR20_561.jpg,MAR20_561.txt,4044.jpg,4044.txt,images/train/MAR20_561.jpg,labels/train/MAR20_561.txt,images/train/4044.jpg,labels/train/4044.txt
4045,4045,MAR20_562.jpg,MAR20_562.txt,4045.jpg,4045.txt,images/train/MAR20_562.jpg,labels/train/MAR20_562.txt,images/train/4045.jpg,labels/train/4045.txt
4046,4046,MAR20_563.jpg,MAR20_563.txt,4046.jpg,4046.txt,images/train/MAR20_563.jpg,labels/train/MAR20_563.txt,images/train/4046.jpg,labels/train/4046.txt
4047,4047,MAR20_564.jpg,MAR20_564.txt,4047.jpg,4047.txt,images/train/MAR20_564.jpg,labels/train/MAR20_564.txt,images/train/4047.jpg,labels/train/4047.txt
4048,4048,MAR20_565.jpg,MAR20_565.txt,4048.jpg,4048.txt,images/train/MAR20_565.jpg,labels/train/MAR20_565.txt,images/train/4048.jpg,labels/train/4048.txt
4049,4049,MAR20_566.jpg,MAR20_566.txt,4049.jpg,4049.txt,images/train/MAR20_566.jpg,labels/train/MAR20_566.txt,images/train/4049.jpg,labels/train/4049.txt
4050,4050,MAR20_567.jpg,MAR20_567.txt,4050.jpg,4050.txt,images/train/MAR20_567.jpg,labels/train/MAR20_567.txt,images/train/4050.jpg,labels/train/4050.txt
4051,4051,MAR20_568.jpg,MAR20_568.txt,4051.jpg,4051.txt,images/train/MAR20_568.jpg,labels/train/MAR20_568.txt,images/train/4051.jpg,labels/train/4051.txt
4052,4052,MAR20_569.jpg,MAR20_569.txt,4052.jpg,4052.txt,images/train/MAR20_569.jpg,labels/train/MAR20_569.txt,images/train/4052.jpg,labels/train/4052.txt
4053,4053,MAR20_57.jpg,MAR20_57.txt,4053.jpg,4053.txt,images/train/MAR20_57.jpg,labels/train/MAR20_57.txt,images/train/4053.jpg,labels/train/4053.txt
4054,4054,MAR20_570.jpg,MAR20_570.txt,4054.jpg,4054.txt,images/train/MAR20_570.jpg,labels/train/MAR20_570.txt,images/train/4054.jpg,labels/train/4054.txt
4055,4055,MAR20_573.jpg,MAR20_573.txt,4055.jpg,4055.txt,images/train/MAR20_573.jpg,labels/train/MAR20_573.txt,images/train/4055.jpg,labels/train/4055.txt
4056,4056,MAR20_574.jpg,MAR20_574.txt,4056.jpg,4056.txt,images/train/MAR20_574.jpg,labels/train/MAR20_574.txt,images/train/4056.jpg,labels/train/4056.txt
4057,4057,MAR20_575.jpg,MAR20_575.txt,4057.jpg,4057.txt,images/train/MAR20_575.jpg,labels/train/MAR20_575.txt,images/train/4057.jpg,labels/train/4057.txt
4058,4058,MAR20_577.jpg,MAR20_577.txt,4058.jpg,4058.txt,images/train/MAR20_577.jpg,labels/train/MAR20_577.txt,images/train/4058.jpg,labels/train/4058.txt
4059,4059,MAR20_578.jpg,MAR20_578.txt,4059.jpg,4059.txt,images/train/MAR20_578.jpg,labels/train/MAR20_578.txt,images/train/4059.jpg,labels/train/4059.txt
4060,4060,MAR20_579.jpg,MAR20_579.txt,4060.jpg,4060.txt,images/train/MAR20_579.jpg,labels/train/MAR20_579.txt,images/train/4060.jpg,labels/train/4060.txt
4061,4061,MAR20_580.jpg,MAR20_580.txt,4061.jpg,4061.txt,images/train/MAR20_580.jpg,labels/train/MAR20_580.txt,images/train/4061.jpg,labels/train/4061.txt
4062,4062,MAR20_581.jpg,MAR20_581.txt,4062.jpg,4062.txt,images/train/MAR20_581.jpg,labels/train/MAR20_581.txt,images/train/4062.jpg,labels/train/4062.txt
4063,4063,MAR20_582.jpg,MAR20_582.txt,4063.jpg,4063.txt,images/train/MAR20_582.jpg,labels/train/MAR20_582.txt,images/train/4063.jpg,labels/train/4063.txt
4064,4064,MAR20_583.jpg,MAR20_583.txt,4064.jpg,4064.txt,images/train/MAR20_583.jpg,labels/train/MAR20_583.txt,images/train/4064.jpg,labels/train/4064.txt
4065,4065,MAR20_585.jpg,MAR20_585.txt,4065.jpg,4065.txt,images/train/MAR20_585.jpg,labels/train/MAR20_585.txt,images/train/4065.jpg,labels/train/4065.txt
4066,4066,MAR20_586.jpg,MAR20_586.txt,4066.jpg,4066.txt,images/train/MAR20_586.jpg,labels/train/MAR20_586.txt,images/train/4066.jpg,labels/train/4066.txt
4067,4067,MAR20_587.jpg,MAR20_587.txt,4067.jpg,4067.txt,images/train/MAR20_587.jpg,labels/train/MAR20_587.txt,images/train/4067.jpg,labels/train/4067.txt
4068,4068,MAR20_588.jpg,MAR20_588.txt,4068.jpg,4068.txt,images/train/MAR20_588.jpg,labels/train/MAR20_588.txt,images/train/4068.jpg,labels/train/4068.txt
4069,4069,MAR20_589.jpg,MAR20_589.txt,4069.jpg,4069.txt,images/train/MAR20_589.jpg,labels/train/MAR20_589.txt,images/train/4069.jpg,labels/train/4069.txt
4070,4070,MAR20_59.jpg,MAR20_59.txt,4070.jpg,4070.txt,images/train/MAR20_59.jpg,labels/train/MAR20_59.txt,images/train/4070.jpg,labels/train/4070.txt
4071,4071,MAR20_590.jpg,MAR20_590.txt,4071.jpg,4071.txt,images/train/MAR20_590.jpg,labels/train/MAR20_590.txt,images/train/4071.jpg,labels/train/4071.txt
4072,4072,MAR20_591.jpg,MAR20_591.txt,4072.jpg,4072.txt,images/train/MAR20_591.jpg,labels/train/MAR20_591.txt,images/train/4072.jpg,labels/train/4072.txt
4073,4073,MAR20_592.jpg,MAR20_592.txt,4073.jpg,4073.txt,images/train/MAR20_592.jpg,labels/train/MAR20_592.txt,images/train/4073.jpg,labels/train/4073.txt
4074,4074,MAR20_593.jpg,MAR20_593.txt,4074.jpg,4074.txt,images/train/MAR20_593.jpg,labels/train/MAR20_593.txt,images/train/4074.jpg,labels/train/4074.txt
4075,4075,MAR20_594.jpg,MAR20_594.txt,4075.jpg,4075.txt,images/train/MAR20_594.jpg,labels/train/MAR20_594.txt,images/train/4075.jpg,labels/train/4075.txt
4076,4076,MAR20_595.jpg,MAR20_595.txt,4076.jpg,4076.txt,images/train/MAR20_595.jpg,labels/train/MAR20_595.txt,images/train/4076.jpg,labels/train/4076.txt
4077,4077,MAR20_596.jpg,MAR20_596.txt,4077.jpg,4077.txt,images/train/MAR20_596.jpg,labels/train/MAR20_596.txt,images/train/4077.jpg,labels/train/4077.txt
4078,4078,MAR20_598.jpg,MAR20_598.txt,4078.jpg,4078.txt,images/train/MAR20_598.jpg,labels/train/MAR20_598.txt,images/train/4078.jpg,labels/train/4078.txt
4079,4079,MAR20_599.jpg,MAR20_599.txt,4079.jpg,4079.txt,images/train/MAR20_599.jpg,labels/train/MAR20_599.txt,images/train/4079.jpg,labels/train/4079.txt
4080,4080,MAR20_60.jpg,MAR20_60.txt,4080.jpg,4080.txt,images/train/MAR20_60.jpg,labels/train/MAR20_60.txt,images/train/4080.jpg,labels/train/4080.txt
4081,4081,MAR20_600.jpg,MAR20_600.txt,4081.jpg,4081.txt,images/train/MAR20_600.jpg,labels/train/MAR20_600.txt,images/train/4081.jpg,labels/train/4081.txt
4082,4082,MAR20_602.jpg,MAR20_602.txt,4082.jpg,4082.txt,images/train/MAR20_602.jpg,labels/train/MAR20_602.txt,images/train/4082.jpg,labels/train/4082.txt
4083,4083,MAR20_607.jpg,MAR20_607.txt,4083.jpg,4083.txt,images/train/MAR20_607.jpg,labels/train/MAR20_607.txt,images/train/4083.jpg,labels/train/4083.txt
4084,4084,MAR20_608.jpg,MAR20_608.txt,4084.jpg,4084.txt,images/train/MAR20_608.jpg,labels/train/MAR20_608.txt,images/train/4084.jpg,labels/train/4084.txt
4085,4085,MAR20_609.jpg,MAR20_609.txt,4085.jpg,4085.txt,images/train/MAR20_609.jpg,labels/train/MAR20_609.txt,images/train/4085.jpg,labels/train/4085.txt
4086,4086,MAR20_61.jpg,MAR20_61.txt,4086.jpg,4086.txt,images/train/MAR20_61.jpg,labels/train/MAR20_61.txt,images/train/4086.jpg,labels/train/4086.txt
4087,4087,MAR20_610.jpg,MAR20_610.txt,4087.jpg,4087.txt,images/train/MAR20_610.jpg,labels/train/MAR20_610.txt,images/train/4087.jpg,labels/train/4087.txt
4088,4088,MAR20_611.jpg,MAR20_611.txt,4088.jpg,4088.txt,images/train/MAR20_611.jpg,labels/train/MAR20_611.txt,images/train/4088.jpg,labels/train/4088.txt
4089,4089,MAR20_612.jpg,MAR20_612.txt,4089.jpg,4089.txt,images/train/MAR20_612.jpg,labels/train/MAR20_612.txt,images/train/4089.jpg,labels/train/4089.txt
4090,4090,MAR20_613.jpg,MAR20_613.txt,4090.jpg,4090.txt,images/train/MAR20_613.jpg,labels/train/MAR20_613.txt,images/train/4090.jpg,labels/train/4090.txt
4091,4091,MAR20_614.jpg,MAR20_614.txt,4091.jpg,4091.txt,images/train/MAR20_614.jpg,labels/train/MAR20_614.txt,images/train/4091.jpg,labels/train/4091.txt
4092,4092,MAR20_615.jpg,MAR20_615.txt,4092.jpg,4092.txt,images/train/MAR20_615.jpg,labels/train/MAR20_615.txt,images/train/4092.jpg,labels/train/4092.txt
4093,4093,MAR20_616.jpg,MAR20_616.txt,4093.jpg,4093.txt,images/train/MAR20_616.jpg,labels/train/MAR20_616.txt,images/train/4093.jpg,labels/train/4093.txt
4094,4094,MAR20_617.jpg,MAR20_617.txt,4094.jpg,4094.txt,images/train/MAR20_617.jpg,labels/train/MAR20_617.txt,images/train/4094.jpg,labels/train/4094.txt
4095,4095,MAR20_618.jpg,MAR20_618.txt,4095.jpg,4095.txt,images/train/MAR20_618.jpg,labels/train/MAR20_618.txt,images/train/4095.jpg,labels/train/4095.txt
4096,4096,MAR20_62.jpg,MAR20_62.txt,4096.jpg,4096.txt,images/train/MAR20_62.jpg,labels/train/MAR20_62.txt,images/train/4096.jpg,labels/train/4096.txt
4097,4097,MAR20_620.jpg,MAR20_620.txt,4097.jpg,4097.txt,images/train/MAR20_620.jpg,labels/train/MAR20_620.txt,images/train/4097.jpg,labels/train/4097.txt
4098,4098,MAR20_621.jpg,MAR20_621.txt,4098.jpg,4098.txt,images/train/MAR20_621.jpg,labels/train/MAR20_621.txt,images/train/4098.jpg,labels/train/4098.txt
4099,4099,MAR20_622.jpg,MAR20_622.txt,4099.jpg,4099.txt,images/train/MAR20_622.jpg,labels/train/MAR20_622.txt,images/train/4099.jpg,labels/train/4099.txt
4100,4100,MAR20_623.jpg,MAR20_623.txt,4100.jpg,4100.txt,images/train/MAR20_623.jpg,labels/train/MAR20_623.txt,images/train/4100.jpg,labels/train/4100.txt
4101,4101,MAR20_624.jpg,MAR20_624.txt,4101.jpg,4101.txt,images/train/MAR20_624.jpg,labels/train/MAR20_624.txt,images/train/4101.jpg,labels/train/4101.txt
4102,4102,MAR20_628.jpg,MAR20_628.txt,4102.jpg,4102.txt,images/train/MAR20_628.jpg,labels/train/MAR20_628.txt,images/train/4102.jpg,labels/train/4102.txt
4103,4103,MAR20_629.jpg,MAR20_629.txt,4103.jpg,4103.txt,images/train/MAR20_629.jpg,labels/train/MAR20_629.txt,images/train/4103.jpg,labels/train/4103.txt
4104,4104,MAR20_63.jpg,MAR20_63.txt,4104.jpg,4104.txt,images/train/MAR20_63.jpg,labels/train/MAR20_63.txt,images/train/4104.jpg,labels/train/4104.txt
4105,4105,MAR20_630.jpg,MAR20_630.txt,4105.jpg,4105.txt,images/train/MAR20_630.jpg,labels/train/MAR20_630.txt,images/train/4105.jpg,labels/train/4105.txt
4106,4106,MAR20_631.jpg,MAR20_631.txt,4106.jpg,4106.txt,images/train/MAR20_631.jpg,labels/train/MAR20_631.txt,images/train/4106.jpg,labels/train/4106.txt
4107,4107,MAR20_632.jpg,MAR20_632.txt,4107.jpg,4107.txt,images/train/MAR20_632.jpg,labels/train/MAR20_632.txt,images/train/4107.jpg,labels/train/4107.txt
4108,4108,MAR20_633.jpg,MAR20_633.txt,4108.jpg,4108.txt,images/train/MAR20_633.jpg,labels/train/MAR20_633.txt,images/train/4108.jpg,labels/train/4108.txt
4109,4109,MAR20_635.jpg,MAR20_635.txt,4109.jpg,4109.txt,images/train/MAR20_635.jpg,labels/train/MAR20_635.txt,images/train/4109.jpg,labels/train/4109.txt
4110,4110,MAR20_636.jpg,MAR20_636.txt,4110.jpg,4110.txt,images/train/MAR20_636.jpg,labels/train/MAR20_636.txt,images/train/4110.jpg,labels/train/4110.txt
4111,4111,MAR20_637.jpg,MAR20_637.txt,4111.jpg,4111.txt,images/train/MAR20_637.jpg,labels/train/MAR20_637.txt,images/train/4111.jpg,labels/train/4111.txt
4112,4112,MAR20_638.jpg,MAR20_638.txt,4112.jpg,4112.txt,images/train/MAR20_638.jpg,labels/train/MAR20_638.txt,images/train/4112.jpg,labels/train/4112.txt
4113,4113,MAR20_639.jpg,MAR20_639.txt,4113.jpg,4113.txt,images/train/MAR20_639.jpg,labels/train/MAR20_639.txt,images/train/4113.jpg,labels/train/4113.txt
4114,4114,MAR20_64.jpg,MAR20_64.txt,4114.jpg,4114.txt,images/train/MAR20_64.jpg,labels/train/MAR20_64.txt,images/train/4114.jpg,labels/train/4114.txt
4115,4115,MAR20_640.jpg,MAR20_640.txt,4115.jpg,4115.txt,images/train/MAR20_640.jpg,labels/train/MAR20_640.txt,images/train/4115.jpg,labels/train/4115.txt
4116,4116,MAR20_641.jpg,MAR20_641.txt,4116.jpg,4116.txt,images/train/MAR20_641.jpg,labels/train/MAR20_641.txt,images/train/4116.jpg,labels/train/4116.txt
4117,4117,MAR20_642.jpg,MAR20_642.txt,4117.jpg,4117.txt,images/train/MAR20_642.jpg,labels/train/MAR20_642.txt,images/train/4117.jpg,labels/train/4117.txt
4118,4118,MAR20_643.jpg,MAR20_643.txt,4118.jpg,4118.txt,images/train/MAR20_643.jpg,labels/train/MAR20_643.txt,images/train/4118.jpg,labels/train/4118.txt
4119,4119,MAR20_644.jpg,MAR20_644.txt,4119.jpg,4119.txt,images/train/MAR20_644.jpg,labels/train/MAR20_644.txt,images/train/4119.jpg,labels/train/4119.txt
4120,4120,MAR20_645.jpg,MAR20_645.txt,4120.jpg,4120.txt,images/train/MAR20_645.jpg,labels/train/MAR20_645.txt,images/train/4120.jpg,labels/train/4120.txt
4121,4121,MAR20_646.jpg,MAR20_646.txt,4121.jpg,4121.txt,images/train/MAR20_646.jpg,labels/train/MAR20_646.txt,images/train/4121.jpg,labels/train/4121.txt
4122,4122,MAR20_647.jpg,MAR20_647.txt,4122.jpg,4122.txt,images/train/MAR20_647.jpg,labels/train/MAR20_647.txt,images/train/4122.jpg,labels/train/4122.txt
4123,4123,MAR20_648.jpg,MAR20_648.txt,4123.jpg,4123.txt,images/train/MAR20_648.jpg,labels/train/MAR20_648.txt,images/train/4123.jpg,labels/train/4123.txt
4124,4124,MAR20_649.jpg,MAR20_649.txt,4124.jpg,4124.txt,images/train/MAR20_649.jpg,labels/train/MAR20_649.txt,images/train/4124.jpg,labels/train/4124.txt
4125,4125,MAR20_65.jpg,MAR20_65.txt,4125.jpg,4125.txt,images/train/MAR20_65.jpg,labels/train/MAR20_65.txt,images/train/4125.jpg,labels/train/4125.txt
4126,4126,MAR20_651.jpg,MAR20_651.txt,4126.jpg,4126.txt,images/train/MAR20_651.jpg,labels/train/MAR20_651.txt,images/train/4126.jpg,labels/train/4126.txt
4127,4127,MAR20_652.jpg,MAR20_652.txt,4127.jpg,4127.txt,images/train/MAR20_652.jpg,labels/train/MAR20_652.txt,images/train/4127.jpg,labels/train/4127.txt
4128,4128,MAR20_654.jpg,MAR20_654.txt,4128.jpg,4128.txt,images/train/MAR20_654.jpg,labels/train/MAR20_654.txt,images/train/4128.jpg,labels/train/4128.txt
4129,4129,MAR20_655.jpg,MAR20_655.txt,4129.jpg,4129.txt,images/train/MAR20_655.jpg,labels/train/MAR20_655.txt,images/train/4129.jpg,labels/train/4129.txt
4130,4130,MAR20_656.jpg,MAR20_656.txt,4130.jpg,4130.txt,images/train/MAR20_656.jpg,labels/train/MAR20_656.txt,images/train/4130.jpg,labels/train/4130.txt
4131,4131,MAR20_657.jpg,MAR20_657.txt,4131.jpg,4131.txt,images/train/MAR20_657.jpg,labels/train/MAR20_657.txt,images/train/4131.jpg,labels/train/4131.txt
4132,4132,MAR20_658.jpg,MAR20_658.txt,4132.jpg,4132.txt,images/train/MAR20_658.jpg,labels/train/MAR20_658.txt,images/train/4132.jpg,labels/train/4132.txt
4133,4133,MAR20_66.jpg,MAR20_66.txt,4133.jpg,4133.txt,images/train/MAR20_66.jpg,labels/train/MAR20_66.txt,images/train/4133.jpg,labels/train/4133.txt
4134,4134,MAR20_661.jpg,MAR20_661.txt,4134.jpg,4134.txt,images/train/MAR20_661.jpg,labels/train/MAR20_661.txt,images/train/4134.jpg,labels/train/4134.txt
4135,4135,MAR20_662.jpg,MAR20_662.txt,4135.jpg,4135.txt,images/train/MAR20_662.jpg,labels/train/MAR20_662.txt,images/train/4135.jpg,labels/train/4135.txt
4136,4136,MAR20_663.jpg,MAR20_663.txt,4136.jpg,4136.txt,images/train/MAR20_663.jpg,labels/train/MAR20_663.txt,images/train/4136.jpg,labels/train/4136.txt
4137,4137,MAR20_664.jpg,MAR20_664.txt,4137.jpg,4137.txt,images/train/MAR20_664.jpg,labels/train/MAR20_664.txt,images/train/4137.jpg,labels/train/4137.txt
4138,4138,MAR20_665.jpg,MAR20_665.txt,4138.jpg,4138.txt,images/train/MAR20_665.jpg,labels/train/MAR20_665.txt,images/train/4138.jpg,labels/train/4138.txt
4139,4139,MAR20_666.jpg,MAR20_666.txt,4139.jpg,4139.txt,images/train/MAR20_666.jpg,labels/train/MAR20_666.txt,images/train/4139.jpg,labels/train/4139.txt
4140,4140,MAR20_667.jpg,MAR20_667.txt,4140.jpg,4140.txt,images/train/MAR20_667.jpg,labels/train/MAR20_667.txt,images/train/4140.jpg,labels/train/4140.txt
4141,4141,MAR20_668.jpg,MAR20_668.txt,4141.jpg,4141.txt,images/train/MAR20_668.jpg,labels/train/MAR20_668.txt,images/train/4141.jpg,labels/train/4141.txt
4142,4142,MAR20_669.jpg,MAR20_669.txt,4142.jpg,4142.txt,images/train/MAR20_669.jpg,labels/train/MAR20_669.txt,images/train/4142.jpg,labels/train/4142.txt
4143,4143,MAR20_67.jpg,MAR20_67.txt,4143.jpg,4143.txt,images/train/MAR20_67.jpg,labels/train/MAR20_67.txt,images/train/4143.jpg,labels/train/4143.txt
4144,4144,MAR20_670.jpg,MAR20_670.txt,4144.jpg,4144.txt,images/train/MAR20_670.jpg,labels/train/MAR20_670.txt,images/train/4144.jpg,labels/train/4144.txt
4145,4145,MAR20_671.jpg,MAR20_671.txt,4145.jpg,4145.txt,images/train/MAR20_671.jpg,labels/train/MAR20_671.txt,images/train/4145.jpg,labels/train/4145.txt
4146,4146,MAR20_673.jpg,MAR20_673.txt,4146.jpg,4146.txt,images/train/MAR20_673.jpg,labels/train/MAR20_673.txt,images/train/4146.jpg,labels/train/4146.txt
4147,4147,MAR20_674.jpg,MAR20_674.txt,4147.jpg,4147.txt,images/train/MAR20_674.jpg,labels/train/MAR20_674.txt,images/train/4147.jpg,labels/train/4147.txt
4148,4148,MAR20_677.jpg,MAR20_677.txt,4148.jpg,4148.txt,images/train/MAR20_677.jpg,labels/train/MAR20_677.txt,images/train/4148.jpg,labels/train/4148.txt
4149,4149,MAR20_678.jpg,MAR20_678.txt,4149.jpg,4149.txt,images/train/MAR20_678.jpg,labels/train/MAR20_678.txt,images/train/4149.jpg,labels/train/4149.txt
4150,4150,MAR20_682.jpg,MAR20_682.txt,4150.jpg,4150.txt,images/train/MAR20_682.jpg,labels/train/MAR20_682.txt,images/train/4150.jpg,labels/train/4150.txt
4151,4151,MAR20_683.jpg,MAR20_683.txt,4151.jpg,4151.txt,images/train/MAR20_683.jpg,labels/train/MAR20_683.txt,images/train/4151.jpg,labels/train/4151.txt
4152,4152,MAR20_684.jpg,MAR20_684.txt,4152.jpg,4152.txt,images/train/MAR20_684.jpg,labels/train/MAR20_684.txt,images/train/4152.jpg,labels/train/4152.txt
4153,4153,MAR20_685.jpg,MAR20_685.txt,4153.jpg,4153.txt,images/train/MAR20_685.jpg,labels/train/MAR20_685.txt,images/train/4153.jpg,labels/train/4153.txt
4154,4154,MAR20_686.jpg,MAR20_686.txt,4154.jpg,4154.txt,images/train/MAR20_686.jpg,labels/train/MAR20_686.txt,images/train/4154.jpg,labels/train/4154.txt
4155,4155,MAR20_687.jpg,MAR20_687.txt,4155.jpg,4155.txt,images/train/MAR20_687.jpg,labels/train/MAR20_687.txt,images/train/4155.jpg,labels/train/4155.txt
4156,4156,MAR20_688.jpg,MAR20_688.txt,4156.jpg,4156.txt,images/train/MAR20_688.jpg,labels/train/MAR20_688.txt,images/train/4156.jpg,labels/train/4156.txt
4157,4157,MAR20_689.jpg,MAR20_689.txt,4157.jpg,4157.txt,images/train/MAR20_689.jpg,labels/train/MAR20_689.txt,images/train/4157.jpg,labels/train/4157.txt
4158,4158,MAR20_69.jpg,MAR20_69.txt,4158.jpg,4158.txt,images/train/MAR20_69.jpg,labels/train/MAR20_69.txt,images/train/4158.jpg,labels/train/4158.txt
4159,4159,MAR20_690.jpg,MAR20_690.txt,4159.jpg,4159.txt,images/train/MAR20_690.jpg,labels/train/MAR20_690.txt,images/train/4159.jpg,labels/train/4159.txt
4160,4160,MAR20_692.jpg,MAR20_692.txt,4160.jpg,4160.txt,images/train/MAR20_692.jpg,labels/train/MAR20_692.txt,images/train/4160.jpg,labels/train/4160.txt
4161,4161,MAR20_693.jpg,MAR20_693.txt,4161.jpg,4161.txt,images/train/MAR20_693.jpg,labels/train/MAR20_693.txt,images/train/4161.jpg,labels/train/4161.txt
4162,4162,MAR20_695.jpg,MAR20_695.txt,4162.jpg,4162.txt,images/train/MAR20_695.jpg,labels/train/MAR20_695.txt,images/train/4162.jpg,labels/train/4162.txt
4163,4163,MAR20_696.jpg,MAR20_696.txt,4163.jpg,4163.txt,images/train/MAR20_696.jpg,labels/train/MAR20_696.txt,images/train/4163.jpg,labels/train/4163.txt
4164,4164,MAR20_698.jpg,MAR20_698.txt,4164.jpg,4164.txt,images/train/MAR20_698.jpg,labels/train/MAR20_698.txt,images/train/4164.jpg,labels/train/4164.txt
4165,4165,MAR20_699.jpg,MAR20_699.txt,4165.jpg,4165.txt,images/train/MAR20_699.jpg,labels/train/MAR20_699.txt,images/train/4165.jpg,labels/train/4165.txt
4166,4166,MAR20_7.jpg,MAR20_7.txt,4166.jpg,4166.txt,images/train/MAR20_7.jpg,labels/train/MAR20_7.txt,images/train/4166.jpg,labels/train/4166.txt
4167,4167,MAR20_70.jpg,MAR20_70.txt,4167.jpg,4167.txt,images/train/MAR20_70.jpg,labels/train/MAR20_70.txt,images/train/4167.jpg,labels/train/4167.txt
4168,4168,MAR20_701.jpg,MAR20_701.txt,4168.jpg,4168.txt,images/train/MAR20_701.jpg,labels/train/MAR20_701.txt,images/train/4168.jpg,labels/train/4168.txt
4169,4169,MAR20_702.jpg,MAR20_702.txt,4169.jpg,4169.txt,images/train/MAR20_702.jpg,labels/train/MAR20_702.txt,images/train/4169.jpg,labels/train/4169.txt
4170,4170,MAR20_703.jpg,MAR20_703.txt,4170.jpg,4170.txt,images/train/MAR20_703.jpg,labels/train/MAR20_703.txt,images/train/4170.jpg,labels/train/4170.txt
4171,4171,MAR20_704.jpg,MAR20_704.txt,4171.jpg,4171.txt,images/train/MAR20_704.jpg,labels/train/MAR20_704.txt,images/train/4171.jpg,labels/train/4171.txt
4172,4172,MAR20_706.jpg,MAR20_706.txt,4172.jpg,4172.txt,images/train/MAR20_706.jpg,labels/train/MAR20_706.txt,images/train/4172.jpg,labels/train/4172.txt
4173,4173,MAR20_707.jpg,MAR20_707.txt,4173.jpg,4173.txt,images/train/MAR20_707.jpg,labels/train/MAR20_707.txt,images/train/4173.jpg,labels/train/4173.txt
4174,4174,MAR20_708.jpg,MAR20_708.txt,4174.jpg,4174.txt,images/train/MAR20_708.jpg,labels/train/MAR20_708.txt,images/train/4174.jpg,labels/train/4174.txt
4175,4175,MAR20_709.jpg,MAR20_709.txt,4175.jpg,4175.txt,images/train/MAR20_709.jpg,labels/train/MAR20_709.txt,images/train/4175.jpg,labels/train/4175.txt
4176,4176,MAR20_71.jpg,MAR20_71.txt,4176.jpg,4176.txt,images/train/MAR20_71.jpg,labels/train/MAR20_71.txt,images/train/4176.jpg,labels/train/4176.txt
4177,4177,MAR20_710.jpg,MAR20_710.txt,4177.jpg,4177.txt,images/train/MAR20_710.jpg,labels/train/MAR20_710.txt,images/train/4177.jpg,labels/train/4177.txt
4178,4178,MAR20_711.jpg,MAR20_711.txt,4178.jpg,4178.txt,images/train/MAR20_711.jpg,labels/train/MAR20_711.txt,images/train/4178.jpg,labels/train/4178.txt
4179,4179,MAR20_712.jpg,MAR20_712.txt,4179.jpg,4179.txt,images/train/MAR20_712.jpg,labels/train/MAR20_712.txt,images/train/4179.jpg,labels/train/4179.txt
4180,4180,MAR20_714.jpg,MAR20_714.txt,4180.jpg,4180.txt,images/train/MAR20_714.jpg,labels/train/MAR20_714.txt,images/train/4180.jpg,labels/train/4180.txt
4181,4181,MAR20_715.jpg,MAR20_715.txt,4181.jpg,4181.txt,images/train/MAR20_715.jpg,labels/train/MAR20_715.txt,images/train/4181.jpg,labels/train/4181.txt
4182,4182,MAR20_716.jpg,MAR20_716.txt,4182.jpg,4182.txt,images/train/MAR20_716.jpg,labels/train/MAR20_716.txt,images/train/4182.jpg,labels/train/4182.txt
4183,4183,MAR20_717.jpg,MAR20_717.txt,4183.jpg,4183.txt,images/train/MAR20_717.jpg,labels/train/MAR20_717.txt,images/train/4183.jpg,labels/train/4183.txt
4184,4184,MAR20_719.jpg,MAR20_719.txt,4184.jpg,4184.txt,images/train/MAR20_719.jpg,labels/train/MAR20_719.txt,images/train/4184.jpg,labels/train/4184.txt
4185,4185,MAR20_72.jpg,MAR20_72.txt,4185.jpg,4185.txt,images/train/MAR20_72.jpg,labels/train/MAR20_72.txt,images/train/4185.jpg,labels/train/4185.txt
4186,4186,MAR20_720.jpg,MAR20_720.txt,4186.jpg,4186.txt,images/train/MAR20_720.jpg,labels/train/MAR20_720.txt,images/train/4186.jpg,labels/train/4186.txt
4187,4187,MAR20_721.jpg,MAR20_721.txt,4187.jpg,4187.txt,images/train/MAR20_721.jpg,labels/train/MAR20_721.txt,images/train/4187.jpg,labels/train/4187.txt
4188,4188,MAR20_722.jpg,MAR20_722.txt,4188.jpg,4188.txt,images/train/MAR20_722.jpg,labels/train/MAR20_722.txt,images/train/4188.jpg,labels/train/4188.txt
4189,4189,MAR20_723.jpg,MAR20_723.txt,4189.jpg,4189.txt,images/train/MAR20_723.jpg,labels/train/MAR20_723.txt,images/train/4189.jpg,labels/train/4189.txt
4190,4190,MAR20_725.jpg,MAR20_725.txt,4190.jpg,4190.txt,images/train/MAR20_725.jpg,labels/train/MAR20_725.txt,images/train/4190.jpg,labels/train/4190.txt
4191,4191,MAR20_727.jpg,MAR20_727.txt,4191.jpg,4191.txt,images/train/MAR20_727.jpg,labels/train/MAR20_727.txt,images/train/4191.jpg,labels/train/4191.txt
4192,4192,MAR20_728.jpg,MAR20_728.txt,4192.jpg,4192.txt,images/train/MAR20_728.jpg,labels/train/MAR20_728.txt,images/train/4192.jpg,labels/train/4192.txt
4193,4193,MAR20_729.jpg,MAR20_729.txt,4193.jpg,4193.txt,images/train/MAR20_729.jpg,labels/train/MAR20_729.txt,images/train/4193.jpg,labels/train/4193.txt
4194,4194,MAR20_73.jpg,MAR20_73.txt,4194.jpg,4194.txt,images/train/MAR20_73.jpg,labels/train/MAR20_73.txt,images/train/4194.jpg,labels/train/4194.txt
4195,4195,MAR20_730.jpg,MAR20_730.txt,4195.jpg,4195.txt,images/train/MAR20_730.jpg,labels/train/MAR20_730.txt,images/train/4195.jpg,labels/train/4195.txt
4196,4196,MAR20_731.jpg,MAR20_731.txt,4196.jpg,4196.txt,images/train/MAR20_731.jpg,labels/train/MAR20_731.txt,images/train/4196.jpg,labels/train/4196.txt
4197,4197,MAR20_732.jpg,MAR20_732.txt,4197.jpg,4197.txt,images/train/MAR20_732.jpg,labels/train/MAR20_732.txt,images/train/4197.jpg,labels/train/4197.txt
4198,4198,MAR20_733.jpg,MAR20_733.txt,4198.jpg,4198.txt,images/train/MAR20_733.jpg,labels/train/MAR20_733.txt,images/train/4198.jpg,labels/train/4198.txt
4199,4199,MAR20_734.jpg,MAR20_734.txt,4199.jpg,4199.txt,images/train/MAR20_734.jpg,labels/train/MAR20_734.txt,images/train/4199.jpg,labels/train/4199.txt
4200,4200,MAR20_735.jpg,MAR20_735.txt,4200.jpg,4200.txt,images/train/MAR20_735.jpg,labels/train/MAR20_735.txt,images/train/4200.jpg,labels/train/4200.txt
4201,4201,MAR20_736.jpg,MAR20_736.txt,4201.jpg,4201.txt,images/train/MAR20_736.jpg,labels/train/MAR20_736.txt,images/train/4201.jpg,labels/train/4201.txt
4202,4202,MAR20_737.jpg,MAR20_737.txt,4202.jpg,4202.txt,images/train/MAR20_737.jpg,labels/train/MAR20_737.txt,images/train/4202.jpg,labels/train/4202.txt
4203,4203,MAR20_738.jpg,MAR20_738.txt,4203.jpg,4203.txt,images/train/MAR20_738.jpg,labels/train/MAR20_738.txt,images/train/4203.jpg,labels/train/4203.txt
4204,4204,MAR20_739.jpg,MAR20_739.txt,4204.jpg,4204.txt,images/train/MAR20_739.jpg,labels/train/MAR20_739.txt,images/train/4204.jpg,labels/train/4204.txt
4205,4205,MAR20_74.jpg,MAR20_74.txt,4205.jpg,4205.txt,images/train/MAR20_74.jpg,labels/train/MAR20_74.txt,images/train/4205.jpg,labels/train/4205.txt
4206,4206,MAR20_740.jpg,MAR20_740.txt,4206.jpg,4206.txt,images/train/MAR20_740.jpg,labels/train/MAR20_740.txt,images/train/4206.jpg,labels/train/4206.txt
4207,4207,MAR20_741.jpg,MAR20_741.txt,4207.jpg,4207.txt,images/train/MAR20_741.jpg,labels/train/MAR20_741.txt,images/train/4207.jpg,labels/train/4207.txt
4208,4208,MAR20_742.jpg,MAR20_742.txt,4208.jpg,4208.txt,images/train/MAR20_742.jpg,labels/train/MAR20_742.txt,images/train/4208.jpg,labels/train/4208.txt
4209,4209,MAR20_743.jpg,MAR20_743.txt,4209.jpg,4209.txt,images/train/MAR20_743.jpg,labels/train/MAR20_743.txt,images/train/4209.jpg,labels/train/4209.txt
4210,4210,MAR20_744.jpg,MAR20_744.txt,4210.jpg,4210.txt,images/train/MAR20_744.jpg,labels/train/MAR20_744.txt,images/train/4210.jpg,labels/train/4210.txt
4211,4211,MAR20_745.jpg,MAR20_745.txt,4211.jpg,4211.txt,images/train/MAR20_745.jpg,labels/train/MAR20_745.txt,images/train/4211.jpg,labels/train/4211.txt
4212,4212,MAR20_746.jpg,MAR20_746.txt,4212.jpg,4212.txt,images/train/MAR20_746.jpg,labels/train/MAR20_746.txt,images/train/4212.jpg,labels/train/4212.txt
4213,4213,MAR20_747.jpg,MAR20_747.txt,4213.jpg,4213.txt,images/train/MAR20_747.jpg,labels/train/MAR20_747.txt,images/train/4213.jpg,labels/train/4213.txt
4214,4214,MAR20_748.jpg,MAR20_748.txt,4214.jpg,4214.txt,images/train/MAR20_748.jpg,labels/train/MAR20_748.txt,images/train/4214.jpg,labels/train/4214.txt
4215,4215,MAR20_749.jpg,MAR20_749.txt,4215.jpg,4215.txt,images/train/MAR20_749.jpg,labels/train/MAR20_749.txt,images/train/4215.jpg,labels/train/4215.txt
4216,4216,MAR20_75.jpg,MAR20_75.txt,4216.jpg,4216.txt,images/train/MAR20_75.jpg,labels/train/MAR20_75.txt,images/train/4216.jpg,labels/train/4216.txt
4217,4217,MAR20_750.jpg,MAR20_750.txt,4217.jpg,4217.txt,images/train/MAR20_750.jpg,labels/train/MAR20_750.txt,images/train/4217.jpg,labels/train/4217.txt
4218,4218,MAR20_751.jpg,MAR20_751.txt,4218.jpg,4218.txt,images/train/MAR20_751.jpg,labels/train/MAR20_751.txt,images/train/4218.jpg,labels/train/4218.txt
4219,4219,MAR20_752.jpg,MAR20_752.txt,4219.jpg,4219.txt,images/train/MAR20_752.jpg,labels/train/MAR20_752.txt,images/train/4219.jpg,labels/train/4219.txt
4220,4220,MAR20_753.jpg,MAR20_753.txt,4220.jpg,4220.txt,images/train/MAR20_753.jpg,labels/train/MAR20_753.txt,images/train/4220.jpg,labels/train/4220.txt
4221,4221,MAR20_755.jpg,MAR20_755.txt,4221.jpg,4221.txt,images/train/MAR20_755.jpg,labels/train/MAR20_755.txt,images/train/4221.jpg,labels/train/4221.txt
4222,4222,MAR20_756.jpg,MAR20_756.txt,4222.jpg,4222.txt,images/train/MAR20_756.jpg,labels/train/MAR20_756.txt,images/train/4222.jpg,labels/train/4222.txt
4223,4223,MAR20_757.jpg,MAR20_757.txt,4223.jpg,4223.txt,images/train/MAR20_757.jpg,labels/train/MAR20_757.txt,images/train/4223.jpg,labels/train/4223.txt
4224,4224,MAR20_758.jpg,MAR20_758.txt,4224.jpg,4224.txt,images/train/MAR20_758.jpg,labels/train/MAR20_758.txt,images/train/4224.jpg,labels/train/4224.txt
4225,4225,MAR20_760.jpg,MAR20_760.txt,4225.jpg,4225.txt,images/train/MAR20_760.jpg,labels/train/MAR20_760.txt,images/train/4225.jpg,labels/train/4225.txt
4226,4226,MAR20_762.jpg,MAR20_762.txt,4226.jpg,4226.txt,images/train/MAR20_762.jpg,labels/train/MAR20_762.txt,images/train/4226.jpg,labels/train/4226.txt
4227,4227,MAR20_764.jpg,MAR20_764.txt,4227.jpg,4227.txt,images/train/MAR20_764.jpg,labels/train/MAR20_764.txt,images/train/4227.jpg,labels/train/4227.txt
4228,4228,MAR20_765.jpg,MAR20_765.txt,4228.jpg,4228.txt,images/train/MAR20_765.jpg,labels/train/MAR20_765.txt,images/train/4228.jpg,labels/train/4228.txt
4229,4229,MAR20_766.jpg,MAR20_766.txt,4229.jpg,4229.txt,images/train/MAR20_766.jpg,labels/train/MAR20_766.txt,images/train/4229.jpg,labels/train/4229.txt
4230,4230,MAR20_767.jpg,MAR20_767.txt,4230.jpg,4230.txt,images/train/MAR20_767.jpg,labels/train/MAR20_767.txt,images/train/4230.jpg,labels/train/4230.txt
4231,4231,MAR20_768.jpg,MAR20_768.txt,4231.jpg,4231.txt,images/train/MAR20_768.jpg,labels/train/MAR20_768.txt,images/train/4231.jpg,labels/train/4231.txt
4232,4232,MAR20_769.jpg,MAR20_769.txt,4232.jpg,4232.txt,images/train/MAR20_769.jpg,labels/train/MAR20_769.txt,images/train/4232.jpg,labels/train/4232.txt
4233,4233,MAR20_77.jpg,MAR20_77.txt,4233.jpg,4233.txt,images/train/MAR20_77.jpg,labels/train/MAR20_77.txt,images/train/4233.jpg,labels/train/4233.txt
4234,4234,MAR20_770.jpg,MAR20_770.txt,4234.jpg,4234.txt,images/train/MAR20_770.jpg,labels/train/MAR20_770.txt,images/train/4234.jpg,labels/train/4234.txt
4235,4235,MAR20_775.jpg,MAR20_775.txt,4235.jpg,4235.txt,images/train/MAR20_775.jpg,labels/train/MAR20_775.txt,images/train/4235.jpg,labels/train/4235.txt
4236,4236,MAR20_776.jpg,MAR20_776.txt,4236.jpg,4236.txt,images/train/MAR20_776.jpg,labels/train/MAR20_776.txt,images/train/4236.jpg,labels/train/4236.txt
4237,4237,MAR20_778.jpg,MAR20_778.txt,4237.jpg,4237.txt,images/train/MAR20_778.jpg,labels/train/MAR20_778.txt,images/train/4237.jpg,labels/train/4237.txt
4238,4238,MAR20_779.jpg,MAR20_779.txt,4238.jpg,4238.txt,images/train/MAR20_779.jpg,labels/train/MAR20_779.txt,images/train/4238.jpg,labels/train/4238.txt
4239,4239,MAR20_78.jpg,MAR20_78.txt,4239.jpg,4239.txt,images/train/MAR20_78.jpg,labels/train/MAR20_78.txt,images/train/4239.jpg,labels/train/4239.txt
4240,4240,MAR20_780.jpg,MAR20_780.txt,4240.jpg,4240.txt,images/train/MAR20_780.jpg,labels/train/MAR20_780.txt,images/train/4240.jpg,labels/train/4240.txt
4241,4241,MAR20_781.jpg,MAR20_781.txt,4241.jpg,4241.txt,images/train/MAR20_781.jpg,labels/train/MAR20_781.txt,images/train/4241.jpg,labels/train/4241.txt
4242,4242,MAR20_782.jpg,MAR20_782.txt,4242.jpg,4242.txt,images/train/MAR20_782.jpg,labels/train/MAR20_782.txt,images/train/4242.jpg,labels/train/4242.txt
4243,4243,MAR20_783.jpg,MAR20_783.txt,4243.jpg,4243.txt,images/train/MAR20_783.jpg,labels/train/MAR20_783.txt,images/train/4243.jpg,labels/train/4243.txt
4244,4244,MAR20_784.jpg,MAR20_784.txt,4244.jpg,4244.txt,images/train/MAR20_784.jpg,labels/train/MAR20_784.txt,images/train/4244.jpg,labels/train/4244.txt
4245,4245,MAR20_785.jpg,MAR20_785.txt,4245.jpg,4245.txt,images/train/MAR20_785.jpg,labels/train/MAR20_785.txt,images/train/4245.jpg,labels/train/4245.txt
4246,4246,MAR20_786.jpg,MAR20_786.txt,4246.jpg,4246.txt,images/train/MAR20_786.jpg,labels/train/MAR20_786.txt,images/train/4246.jpg,labels/train/4246.txt
4247,4247,MAR20_789.jpg,MAR20_789.txt,4247.jpg,4247.txt,images/train/MAR20_789.jpg,labels/train/MAR20_789.txt,images/train/4247.jpg,labels/train/4247.txt
4248,4248,MAR20_79.jpg,MAR20_79.txt,4248.jpg,4248.txt,images/train/MAR20_79.jpg,labels/train/MAR20_79.txt,images/train/4248.jpg,labels/train/4248.txt
4249,4249,MAR20_790.jpg,MAR20_790.txt,4249.jpg,4249.txt,images/train/MAR20_790.jpg,labels/train/MAR20_790.txt,images/train/4249.jpg,labels/train/4249.txt
4250,4250,MAR20_791.jpg,MAR20_791.txt,4250.jpg,4250.txt,images/train/MAR20_791.jpg,labels/train/MAR20_791.txt,images/train/4250.jpg,labels/train/4250.txt
4251,4251,MAR20_793.jpg,MAR20_793.txt,4251.jpg,4251.txt,images/train/MAR20_793.jpg,labels/train/MAR20_793.txt,images/train/4251.jpg,labels/train/4251.txt
4252,4252,MAR20_794.jpg,MAR20_794.txt,4252.jpg,4252.txt,images/train/MAR20_794.jpg,labels/train/MAR20_794.txt,images/train/4252.jpg,labels/train/4252.txt
4253,4253,MAR20_795.jpg,MAR20_795.txt,4253.jpg,4253.txt,images/train/MAR20_795.jpg,labels/train/MAR20_795.txt,images/train/4253.jpg,labels/train/4253.txt
4254,4254,MAR20_796.jpg,MAR20_796.txt,4254.jpg,4254.txt,images/train/MAR20_796.jpg,labels/train/MAR20_796.txt,images/train/4254.jpg,labels/train/4254.txt
4255,4255,MAR20_797.jpg,MAR20_797.txt,4255.jpg,4255.txt,images/train/MAR20_797.jpg,labels/train/MAR20_797.txt,images/train/4255.jpg,labels/train/4255.txt
4256,4256,MAR20_8.jpg,MAR20_8.txt,4256.jpg,4256.txt,images/train/MAR20_8.jpg,labels/train/MAR20_8.txt,images/train/4256.jpg,labels/train/4256.txt
4257,4257,MAR20_80.jpg,MAR20_80.txt,4257.jpg,4257.txt,images/train/MAR20_80.jpg,labels/train/MAR20_80.txt,images/train/4257.jpg,labels/train/4257.txt
4258,4258,MAR20_800.jpg,MAR20_800.txt,4258.jpg,4258.txt,images/train/MAR20_800.jpg,labels/train/MAR20_800.txt,images/train/4258.jpg,labels/train/4258.txt
4259,4259,MAR20_801.jpg,MAR20_801.txt,4259.jpg,4259.txt,images/train/MAR20_801.jpg,labels/train/MAR20_801.txt,images/train/4259.jpg,labels/train/4259.txt
4260,4260,MAR20_802.jpg,MAR20_802.txt,4260.jpg,4260.txt,images/train/MAR20_802.jpg,labels/train/MAR20_802.txt,images/train/4260.jpg,labels/train/4260.txt
4261,4261,MAR20_805.jpg,MAR20_805.txt,4261.jpg,4261.txt,images/train/MAR20_805.jpg,labels/train/MAR20_805.txt,images/train/4261.jpg,labels/train/4261.txt
4262,4262,MAR20_807.jpg,MAR20_807.txt,4262.jpg,4262.txt,images/train/MAR20_807.jpg,labels/train/MAR20_807.txt,images/train/4262.jpg,labels/train/4262.txt
4263,4263,MAR20_809.jpg,MAR20_809.txt,4263.jpg,4263.txt,images/train/MAR20_809.jpg,labels/train/MAR20_809.txt,images/train/4263.jpg,labels/train/4263.txt
4264,4264,MAR20_81.jpg,MAR20_81.txt,4264.jpg,4264.txt,images/train/MAR20_81.jpg,labels/train/MAR20_81.txt,images/train/4264.jpg,labels/train/4264.txt
4265,4265,MAR20_810.jpg,MAR20_810.txt,4265.jpg,4265.txt,images/train/MAR20_810.jpg,labels/train/MAR20_810.txt,images/train/4265.jpg,labels/train/4265.txt
4266,4266,MAR20_811.jpg,MAR20_811.txt,4266.jpg,4266.txt,images/train/MAR20_811.jpg,labels/train/MAR20_811.txt,images/train/4266.jpg,labels/train/4266.txt
4267,4267,MAR20_812.jpg,MAR20_812.txt,4267.jpg,4267.txt,images/train/MAR20_812.jpg,labels/train/MAR20_812.txt,images/train/4267.jpg,labels/train/4267.txt
4268,4268,MAR20_813.jpg,MAR20_813.txt,4268.jpg,4268.txt,images/train/MAR20_813.jpg,labels/train/MAR20_813.txt,images/train/4268.jpg,labels/train/4268.txt
4269,4269,MAR20_815.jpg,MAR20_815.txt,4269.jpg,4269.txt,images/train/MAR20_815.jpg,labels/train/MAR20_815.txt,images/train/4269.jpg,labels/train/4269.txt
4270,4270,MAR20_816.jpg,MAR20_816.txt,4270.jpg,4270.txt,images/train/MAR20_816.jpg,labels/train/MAR20_816.txt,images/train/4270.jpg,labels/train/4270.txt
4271,4271,MAR20_817.jpg,MAR20_817.txt,4271.jpg,4271.txt,images/train/MAR20_817.jpg,labels/train/MAR20_817.txt,images/train/4271.jpg,labels/train/4271.txt
4272,4272,MAR20_819.jpg,MAR20_819.txt,4272.jpg,4272.txt,images/train/MAR20_819.jpg,labels/train/MAR20_819.txt,images/train/4272.jpg,labels/train/4272.txt
4273,4273,MAR20_820.jpg,MAR20_820.txt,4273.jpg,4273.txt,images/train/MAR20_820.jpg,labels/train/MAR20_820.txt,images/train/4273.jpg,labels/train/4273.txt
4274,4274,MAR20_821.jpg,MAR20_821.txt,4274.jpg,4274.txt,images/train/MAR20_821.jpg,labels/train/MAR20_821.txt,images/train/4274.jpg,labels/train/4274.txt
4275,4275,MAR20_822.jpg,MAR20_822.txt,4275.jpg,4275.txt,images/train/MAR20_822.jpg,labels/train/MAR20_822.txt,images/train/4275.jpg,labels/train/4275.txt
4276,4276,MAR20_823.jpg,MAR20_823.txt,4276.jpg,4276.txt,images/train/MAR20_823.jpg,labels/train/MAR20_823.txt,images/train/4276.jpg,labels/train/4276.txt
4277,4277,MAR20_824.jpg,MAR20_824.txt,4277.jpg,4277.txt,images/train/MAR20_824.jpg,labels/train/MAR20_824.txt,images/train/4277.jpg,labels/train/4277.txt
4278,4278,MAR20_825.jpg,MAR20_825.txt,4278.jpg,4278.txt,images/train/MAR20_825.jpg,labels/train/MAR20_825.txt,images/train/4278.jpg,labels/train/4278.txt
4279,4279,MAR20_827.jpg,MAR20_827.txt,4279.jpg,4279.txt,images/train/MAR20_827.jpg,labels/train/MAR20_827.txt,images/train/4279.jpg,labels/train/4279.txt
4280,4280,MAR20_828.jpg,MAR20_828.txt,4280.jpg,4280.txt,images/train/MAR20_828.jpg,labels/train/MAR20_828.txt,images/train/4280.jpg,labels/train/4280.txt
4281,4281,MAR20_83.jpg,MAR20_83.txt,4281.jpg,4281.txt,images/train/MAR20_83.jpg,labels/train/MAR20_83.txt,images/train/4281.jpg,labels/train/4281.txt
4282,4282,MAR20_830.jpg,MAR20_830.txt,4282.jpg,4282.txt,images/train/MAR20_830.jpg,labels/train/MAR20_830.txt,images/train/4282.jpg,labels/train/4282.txt
4283,4283,MAR20_831.jpg,MAR20_831.txt,4283.jpg,4283.txt,images/train/MAR20_831.jpg,labels/train/MAR20_831.txt,images/train/4283.jpg,labels/train/4283.txt
4284,4284,MAR20_832.jpg,MAR20_832.txt,4284.jpg,4284.txt,images/train/MAR20_832.jpg,labels/train/MAR20_832.txt,images/train/4284.jpg,labels/train/4284.txt
4285,4285,MAR20_833.jpg,MAR20_833.txt,4285.jpg,4285.txt,images/train/MAR20_833.jpg,labels/train/MAR20_833.txt,images/train/4285.jpg,labels/train/4285.txt
4286,4286,MAR20_834.jpg,MAR20_834.txt,4286.jpg,4286.txt,images/train/MAR20_834.jpg,labels/train/MAR20_834.txt,images/train/4286.jpg,labels/train/4286.txt
4287,4287,MAR20_836.jpg,MAR20_836.txt,4287.jpg,4287.txt,images/train/MAR20_836.jpg,labels/train/MAR20_836.txt,images/train/4287.jpg,labels/train/4287.txt
4288,4288,MAR20_837.jpg,MAR20_837.txt,4288.jpg,4288.txt,images/train/MAR20_837.jpg,labels/train/MAR20_837.txt,images/train/4288.jpg,labels/train/4288.txt
4289,4289,MAR20_838.jpg,MAR20_838.txt,4289.jpg,4289.txt,images/train/MAR20_838.jpg,labels/train/MAR20_838.txt,images/train/4289.jpg,labels/train/4289.txt
4290,4290,MAR20_84.jpg,MAR20_84.txt,4290.jpg,4290.txt,images/train/MAR20_84.jpg,labels/train/MAR20_84.txt,images/train/4290.jpg,labels/train/4290.txt
4291,4291,MAR20_840.jpg,MAR20_840.txt,4291.jpg,4291.txt,images/train/MAR20_840.jpg,labels/train/MAR20_840.txt,images/train/4291.jpg,labels/train/4291.txt
4292,4292,MAR20_841.jpg,MAR20_841.txt,4292.jpg,4292.txt,images/train/MAR20_841.jpg,labels/train/MAR20_841.txt,images/train/4292.jpg,labels/train/4292.txt
4293,4293,MAR20_842.jpg,MAR20_842.txt,4293.jpg,4293.txt,images/train/MAR20_842.jpg,labels/train/MAR20_842.txt,images/train/4293.jpg,labels/train/4293.txt
4294,4294,MAR20_844.jpg,MAR20_844.txt,4294.jpg,4294.txt,images/train/MAR20_844.jpg,labels/train/MAR20_844.txt,images/train/4294.jpg,labels/train/4294.txt
4295,4295,MAR20_845.jpg,MAR20_845.txt,4295.jpg,4295.txt,images/train/MAR20_845.jpg,labels/train/MAR20_845.txt,images/train/4295.jpg,labels/train/4295.txt
4296,4296,MAR20_846.jpg,MAR20_846.txt,4296.jpg,4296.txt,images/train/MAR20_846.jpg,labels/train/MAR20_846.txt,images/train/4296.jpg,labels/train/4296.txt
4297,4297,MAR20_847.jpg,MAR20_847.txt,4297.jpg,4297.txt,images/train/MAR20_847.jpg,labels/train/MAR20_847.txt,images/train/4297.jpg,labels/train/4297.txt
4298,4298,MAR20_848.jpg,MAR20_848.txt,4298.jpg,4298.txt,images/train/MAR20_848.jpg,labels/train/MAR20_848.txt,images/train/4298.jpg,labels/train/4298.txt
4299,4299,MAR20_849.jpg,MAR20_849.txt,4299.jpg,4299.txt,images/train/MAR20_849.jpg,labels/train/MAR20_849.txt,images/train/4299.jpg,labels/train/4299.txt
4300,4300,MAR20_851.jpg,MAR20_851.txt,4300.jpg,4300.txt,images/train/MAR20_851.jpg,labels/train/MAR20_851.txt,images/train/4300.jpg,labels/train/4300.txt
4301,4301,MAR20_852.jpg,MAR20_852.txt,4301.jpg,4301.txt,images/train/MAR20_852.jpg,labels/train/MAR20_852.txt,images/train/4301.jpg,labels/train/4301.txt
4302,4302,MAR20_853.jpg,MAR20_853.txt,4302.jpg,4302.txt,images/train/MAR20_853.jpg,labels/train/MAR20_853.txt,images/train/4302.jpg,labels/train/4302.txt
4303,4303,MAR20_854.jpg,MAR20_854.txt,4303.jpg,4303.txt,images/train/MAR20_854.jpg,labels/train/MAR20_854.txt,images/train/4303.jpg,labels/train/4303.txt
4304,4304,MAR20_856.jpg,MAR20_856.txt,4304.jpg,4304.txt,images/train/MAR20_856.jpg,labels/train/MAR20_856.txt,images/train/4304.jpg,labels/train/4304.txt
4305,4305,MAR20_857.jpg,MAR20_857.txt,4305.jpg,4305.txt,images/train/MAR20_857.jpg,labels/train/MAR20_857.txt,images/train/4305.jpg,labels/train/4305.txt
4306,4306,MAR20_858.jpg,MAR20_858.txt,4306.jpg,4306.txt,images/train/MAR20_858.jpg,labels/train/MAR20_858.txt,images/train/4306.jpg,labels/train/4306.txt
4307,4307,MAR20_859.jpg,MAR20_859.txt,4307.jpg,4307.txt,images/train/MAR20_859.jpg,labels/train/MAR20_859.txt,images/train/4307.jpg,labels/train/4307.txt
4308,4308,MAR20_86.jpg,MAR20_86.txt,4308.jpg,4308.txt,images/train/MAR20_86.jpg,labels/train/MAR20_86.txt,images/train/4308.jpg,labels/train/4308.txt
4309,4309,MAR20_860.jpg,MAR20_860.txt,4309.jpg,4309.txt,images/train/MAR20_860.jpg,labels/train/MAR20_860.txt,images/train/4309.jpg,labels/train/4309.txt
4310,4310,MAR20_861.jpg,MAR20_861.txt,4310.jpg,4310.txt,images/train/MAR20_861.jpg,labels/train/MAR20_861.txt,images/train/4310.jpg,labels/train/4310.txt
4311,4311,MAR20_862.jpg,MAR20_862.txt,4311.jpg,4311.txt,images/train/MAR20_862.jpg,labels/train/MAR20_862.txt,images/train/4311.jpg,labels/train/4311.txt
4312,4312,MAR20_863.jpg,MAR20_863.txt,4312.jpg,4312.txt,images/train/MAR20_863.jpg,labels/train/MAR20_863.txt,images/train/4312.jpg,labels/train/4312.txt
4313,4313,MAR20_864.jpg,MAR20_864.txt,4313.jpg,4313.txt,images/train/MAR20_864.jpg,labels/train/MAR20_864.txt,images/train/4313.jpg,labels/train/4313.txt
4314,4314,MAR20_865.jpg,MAR20_865.txt,4314.jpg,4314.txt,images/train/MAR20_865.jpg,labels/train/MAR20_865.txt,images/train/4314.jpg,labels/train/4314.txt
4315,4315,MAR20_867.jpg,MAR20_867.txt,4315.jpg,4315.txt,images/train/MAR20_867.jpg,labels/train/MAR20_867.txt,images/train/4315.jpg,labels/train/4315.txt
4316,4316,MAR20_868.jpg,MAR20_868.txt,4316.jpg,4316.txt,images/train/MAR20_868.jpg,labels/train/MAR20_868.txt,images/train/4316.jpg,labels/train/4316.txt
4317,4317,MAR20_869.jpg,MAR20_869.txt,4317.jpg,4317.txt,images/train/MAR20_869.jpg,labels/train/MAR20_869.txt,images/train/4317.jpg,labels/train/4317.txt
4318,4318,MAR20_87.jpg,MAR20_87.txt,4318.jpg,4318.txt,images/train/MAR20_87.jpg,labels/train/MAR20_87.txt,images/train/4318.jpg,labels/train/4318.txt
4319,4319,MAR20_871.jpg,MAR20_871.txt,4319.jpg,4319.txt,images/train/MAR20_871.jpg,labels/train/MAR20_871.txt,images/train/4319.jpg,labels/train/4319.txt
4320,4320,MAR20_872.jpg,MAR20_872.txt,4320.jpg,4320.txt,images/train/MAR20_872.jpg,labels/train/MAR20_872.txt,images/train/4320.jpg,labels/train/4320.txt
4321,4321,MAR20_873.jpg,MAR20_873.txt,4321.jpg,4321.txt,images/train/MAR20_873.jpg,labels/train/MAR20_873.txt,images/train/4321.jpg,labels/train/4321.txt
4322,4322,MAR20_874.jpg,MAR20_874.txt,4322.jpg,4322.txt,images/train/MAR20_874.jpg,labels/train/MAR20_874.txt,images/train/4322.jpg,labels/train/4322.txt
4323,4323,MAR20_875.jpg,MAR20_875.txt,4323.jpg,4323.txt,images/train/MAR20_875.jpg,labels/train/MAR20_875.txt,images/train/4323.jpg,labels/train/4323.txt
4324,4324,MAR20_876.jpg,MAR20_876.txt,4324.jpg,4324.txt,images/train/MAR20_876.jpg,labels/train/MAR20_876.txt,images/train/4324.jpg,labels/train/4324.txt
4325,4325,MAR20_877.jpg,MAR20_877.txt,4325.jpg,4325.txt,images/train/MAR20_877.jpg,labels/train/MAR20_877.txt,images/train/4325.jpg,labels/train/4325.txt
4326,4326,MAR20_878.jpg,MAR20_878.txt,4326.jpg,4326.txt,images/train/MAR20_878.jpg,labels/train/MAR20_878.txt,images/train/4326.jpg,labels/train/4326.txt
4327,4327,MAR20_88.jpg,MAR20_88.txt,4327.jpg,4327.txt,images/train/MAR20_88.jpg,labels/train/MAR20_88.txt,images/train/4327.jpg,labels/train/4327.txt
4328,4328,MAR20_880.jpg,MAR20_880.txt,4328.jpg,4328.txt,images/train/MAR20_880.jpg,labels/train/MAR20_880.txt,images/train/4328.jpg,labels/train/4328.txt
4329,4329,MAR20_881.jpg,MAR20_881.txt,4329.jpg,4329.txt,images/train/MAR20_881.jpg,labels/train/MAR20_881.txt,images/train/4329.jpg,labels/train/4329.txt
4330,4330,MAR20_882.jpg,MAR20_882.txt,4330.jpg,4330.txt,images/train/MAR20_882.jpg,labels/train/MAR20_882.txt,images/train/4330.jpg,labels/train/4330.txt
4331,4331,MAR20_886.jpg,MAR20_886.txt,4331.jpg,4331.txt,images/train/MAR20_886.jpg,labels/train/MAR20_886.txt,images/train/4331.jpg,labels/train/4331.txt
4332,4332,MAR20_887.jpg,MAR20_887.txt,4332.jpg,4332.txt,images/train/MAR20_887.jpg,labels/train/MAR20_887.txt,images/train/4332.jpg,labels/train/4332.txt
4333,4333,MAR20_888.jpg,MAR20_888.txt,4333.jpg,4333.txt,images/train/MAR20_888.jpg,labels/train/MAR20_888.txt,images/train/4333.jpg,labels/train/4333.txt
4334,4334,MAR20_89.jpg,MAR20_89.txt,4334.jpg,4334.txt,images/train/MAR20_89.jpg,labels/train/MAR20_89.txt,images/train/4334.jpg,labels/train/4334.txt
4335,4335,MAR20_890.jpg,MAR20_890.txt,4335.jpg,4335.txt,images/train/MAR20_890.jpg,labels/train/MAR20_890.txt,images/train/4335.jpg,labels/train/4335.txt
4336,4336,MAR20_891.jpg,MAR20_891.txt,4336.jpg,4336.txt,images/train/MAR20_891.jpg,labels/train/MAR20_891.txt,images/train/4336.jpg,labels/train/4336.txt
4337,4337,MAR20_893.jpg,MAR20_893.txt,4337.jpg,4337.txt,images/train/MAR20_893.jpg,labels/train/MAR20_893.txt,images/train/4337.jpg,labels/train/4337.txt
4338,4338,MAR20_894.jpg,MAR20_894.txt,4338.jpg,4338.txt,images/train/MAR20_894.jpg,labels/train/MAR20_894.txt,images/train/4338.jpg,labels/train/4338.txt
4339,4339,MAR20_895.jpg,MAR20_895.txt,4339.jpg,4339.txt,images/train/MAR20_895.jpg,labels/train/MAR20_895.txt,images/train/4339.jpg,labels/train/4339.txt
4340,4340,MAR20_896.jpg,MAR20_896.txt,4340.jpg,4340.txt,images/train/MAR20_896.jpg,labels/train/MAR20_896.txt,images/train/4340.jpg,labels/train/4340.txt
4341,4341,MAR20_897.jpg,MAR20_897.txt,4341.jpg,4341.txt,images/train/MAR20_897.jpg,labels/train/MAR20_897.txt,images/train/4341.jpg,labels/train/4341.txt
4342,4342,MAR20_898.jpg,MAR20_898.txt,4342.jpg,4342.txt,images/train/MAR20_898.jpg,labels/train/MAR20_898.txt,images/train/4342.jpg,labels/train/4342.txt
4343,4343,MAR20_899.jpg,MAR20_899.txt,4343.jpg,4343.txt,images/train/MAR20_899.jpg,labels/train/MAR20_899.txt,images/train/4343.jpg,labels/train/4343.txt
4344,4344,MAR20_9.jpg,MAR20_9.txt,4344.jpg,4344.txt,images/train/MAR20_9.jpg,labels/train/MAR20_9.txt,images/train/4344.jpg,labels/train/4344.txt
4345,4345,MAR20_90.jpg,MAR20_90.txt,4345.jpg,4345.txt,images/train/MAR20_90.jpg,labels/train/MAR20_90.txt,images/train/4345.jpg,labels/train/4345.txt
4346,4346,MAR20_900.jpg,MAR20_900.txt,4346.jpg,4346.txt,images/train/MAR20_900.jpg,labels/train/MAR20_900.txt,images/train/4346.jpg,labels/train/4346.txt
4347,4347,MAR20_901.jpg,MAR20_901.txt,4347.jpg,4347.txt,images/train/MAR20_901.jpg,labels/train/MAR20_901.txt,images/train/4347.jpg,labels/train/4347.txt
4348,4348,MAR20_902.jpg,MAR20_902.txt,4348.jpg,4348.txt,images/train/MAR20_902.jpg,labels/train/MAR20_902.txt,images/train/4348.jpg,labels/train/4348.txt
4349,4349,MAR20_903.jpg,MAR20_903.txt,4349.jpg,4349.txt,images/train/MAR20_903.jpg,labels/train/MAR20_903.txt,images/train/4349.jpg,labels/train/4349.txt
4350,4350,MAR20_904.jpg,MAR20_904.txt,4350.jpg,4350.txt,images/train/MAR20_904.jpg,labels/train/MAR20_904.txt,images/train/4350.jpg,labels/train/4350.txt
4351,4351,MAR20_905.jpg,MAR20_905.txt,4351.jpg,4351.txt,images/train/MAR20_905.jpg,labels/train/MAR20_905.txt,images/train/4351.jpg,labels/train/4351.txt
4352,4352,MAR20_906.jpg,MAR20_906.txt,4352.jpg,4352.txt,images/train/MAR20_906.jpg,labels/train/MAR20_906.txt,images/train/4352.jpg,labels/train/4352.txt
4353,4353,MAR20_907.jpg,MAR20_907.txt,4353.jpg,4353.txt,images/train/MAR20_907.jpg,labels/train/MAR20_907.txt,images/train/4353.jpg,labels/train/4353.txt
4354,4354,MAR20_908.jpg,MAR20_908.txt,4354.jpg,4354.txt,images/train/MAR20_908.jpg,labels/train/MAR20_908.txt,images/train/4354.jpg,labels/train/4354.txt
4355,4355,MAR20_909.jpg,MAR20_909.txt,4355.jpg,4355.txt,images/train/MAR20_909.jpg,labels/train/MAR20_909.txt,images/train/4355.jpg,labels/train/4355.txt
4356,4356,MAR20_91.jpg,MAR20_91.txt,4356.jpg,4356.txt,images/train/MAR20_91.jpg,labels/train/MAR20_91.txt,images/train/4356.jpg,labels/train/4356.txt
4357,4357,MAR20_911.jpg,MAR20_911.txt,4357.jpg,4357.txt,images/train/MAR20_911.jpg,labels/train/MAR20_911.txt,images/train/4357.jpg,labels/train/4357.txt
4358,4358,MAR20_912.jpg,MAR20_912.txt,4358.jpg,4358.txt,images/train/MAR20_912.jpg,labels/train/MAR20_912.txt,images/train/4358.jpg,labels/train/4358.txt
4359,4359,MAR20_913.jpg,MAR20_913.txt,4359.jpg,4359.txt,images/train/MAR20_913.jpg,labels/train/MAR20_913.txt,images/train/4359.jpg,labels/train/4359.txt
4360,4360,MAR20_914.jpg,MAR20_914.txt,4360.jpg,4360.txt,images/train/MAR20_914.jpg,labels/train/MAR20_914.txt,images/train/4360.jpg,labels/train/4360.txt
4361,4361,MAR20_915.jpg,MAR20_915.txt,4361.jpg,4361.txt,images/train/MAR20_915.jpg,labels/train/MAR20_915.txt,images/train/4361.jpg,labels/train/4361.txt
4362,4362,MAR20_916.jpg,MAR20_916.txt,4362.jpg,4362.txt,images/train/MAR20_916.jpg,labels/train/MAR20_916.txt,images/train/4362.jpg,labels/train/4362.txt
4363,4363,MAR20_917.jpg,MAR20_917.txt,4363.jpg,4363.txt,images/train/MAR20_917.jpg,labels/train/MAR20_917.txt,images/train/4363.jpg,labels/train/4363.txt
4364,4364,MAR20_918.jpg,MAR20_918.txt,4364.jpg,4364.txt,images/train/MAR20_918.jpg,labels/train/MAR20_918.txt,images/train/4364.jpg,labels/train/4364.txt
4365,4365,MAR20_919.jpg,MAR20_919.txt,4365.jpg,4365.txt,images/train/MAR20_919.jpg,labels/train/MAR20_919.txt,images/train/4365.jpg,labels/train/4365.txt
4366,4366,MAR20_92.jpg,MAR20_92.txt,4366.jpg,4366.txt,images/train/MAR20_92.jpg,labels/train/MAR20_92.txt,images/train/4366.jpg,labels/train/4366.txt
4367,4367,MAR20_920.jpg,MAR20_920.txt,4367.jpg,4367.txt,images/train/MAR20_920.jpg,labels/train/MAR20_920.txt,images/train/4367.jpg,labels/train/4367.txt
4368,4368,MAR20_921.jpg,MAR20_921.txt,4368.jpg,4368.txt,images/train/MAR20_921.jpg,labels/train/MAR20_921.txt,images/train/4368.jpg,labels/train/4368.txt
4369,4369,MAR20_922.jpg,MAR20_922.txt,4369.jpg,4369.txt,images/train/MAR20_922.jpg,labels/train/MAR20_922.txt,images/train/4369.jpg,labels/train/4369.txt
4370,4370,MAR20_924.jpg,MAR20_924.txt,4370.jpg,4370.txt,images/train/MAR20_924.jpg,labels/train/MAR20_924.txt,images/train/4370.jpg,labels/train/4370.txt
4371,4371,MAR20_925.jpg,MAR20_925.txt,4371.jpg,4371.txt,images/train/MAR20_925.jpg,labels/train/MAR20_925.txt,images/train/4371.jpg,labels/train/4371.txt
4372,4372,MAR20_926.jpg,MAR20_926.txt,4372.jpg,4372.txt,images/train/MAR20_926.jpg,labels/train/MAR20_926.txt,images/train/4372.jpg,labels/train/4372.txt
4373,4373,MAR20_927.jpg,MAR20_927.txt,4373.jpg,4373.txt,images/train/MAR20_927.jpg,labels/train/MAR20_927.txt,images/train/4373.jpg,labels/train/4373.txt
4374,4374,MAR20_928.jpg,MAR20_928.txt,4374.jpg,4374.txt,images/train/MAR20_928.jpg,labels/train/MAR20_928.txt,images/train/4374.jpg,labels/train/4374.txt
4375,4375,MAR20_929.jpg,MAR20_929.txt,4375.jpg,4375.txt,images/train/MAR20_929.jpg,labels/train/MAR20_929.txt,images/train/4375.jpg,labels/train/4375.txt
4376,4376,MAR20_931.jpg,MAR20_931.txt,4376.jpg,4376.txt,images/train/MAR20_931.jpg,labels/train/MAR20_931.txt,images/train/4376.jpg,labels/train/4376.txt
4377,4377,MAR20_933.jpg,MAR20_933.txt,4377.jpg,4377.txt,images/train/MAR20_933.jpg,labels/train/MAR20_933.txt,images/train/4377.jpg,labels/train/4377.txt
4378,4378,MAR20_934.jpg,MAR20_934.txt,4378.jpg,4378.txt,images/train/MAR20_934.jpg,labels/train/MAR20_934.txt,images/train/4378.jpg,labels/train/4378.txt
4379,4379,MAR20_935.jpg,MAR20_935.txt,4379.jpg,4379.txt,images/train/MAR20_935.jpg,labels/train/MAR20_935.txt,images/train/4379.jpg,labels/train/4379.txt
4380,4380,MAR20_936.jpg,MAR20_936.txt,4380.jpg,4380.txt,images/train/MAR20_936.jpg,labels/train/MAR20_936.txt,images/train/4380.jpg,labels/train/4380.txt
4381,4381,MAR20_937.jpg,MAR20_937.txt,4381.jpg,4381.txt,images/train/MAR20_937.jpg,labels/train/MAR20_937.txt,images/train/4381.jpg,labels/train/4381.txt
4382,4382,MAR20_938.jpg,MAR20_938.txt,4382.jpg,4382.txt,images/train/MAR20_938.jpg,labels/train/MAR20_938.txt,images/train/4382.jpg,labels/train/4382.txt
4383,4383,MAR20_939.jpg,MAR20_939.txt,4383.jpg,4383.txt,images/train/MAR20_939.jpg,labels/train/MAR20_939.txt,images/train/4383.jpg,labels/train/4383.txt
4384,4384,MAR20_94.jpg,MAR20_94.txt,4384.jpg,4384.txt,images/train/MAR20_94.jpg,labels/train/MAR20_94.txt,images/train/4384.jpg,labels/train/4384.txt
4385,4385,MAR20_940.jpg,MAR20_940.txt,4385.jpg,4385.txt,images/train/MAR20_940.jpg,labels/train/MAR20_940.txt,images/train/4385.jpg,labels/train/4385.txt
4386,4386,MAR20_943.jpg,MAR20_943.txt,4386.jpg,4386.txt,images/train/MAR20_943.jpg,labels/train/MAR20_943.txt,images/train/4386.jpg,labels/train/4386.txt
4387,4387,MAR20_946.jpg,MAR20_946.txt,4387.jpg,4387.txt,images/train/MAR20_946.jpg,labels/train/MAR20_946.txt,images/train/4387.jpg,labels/train/4387.txt
4388,4388,MAR20_947.jpg,MAR20_947.txt,4388.jpg,4388.txt,images/train/MAR20_947.jpg,labels/train/MAR20_947.txt,images/train/4388.jpg,labels/train/4388.txt
4389,4389,MAR20_951.jpg,MAR20_951.txt,4389.jpg,4389.txt,images/train/MAR20_951.jpg,labels/train/MAR20_951.txt,images/train/4389.jpg,labels/train/4389.txt
4390,4390,MAR20_954.jpg,MAR20_954.txt,4390.jpg,4390.txt,images/train/MAR20_954.jpg,labels/train/MAR20_954.txt,images/train/4390.jpg,labels/train/4390.txt
4391,4391,MAR20_955.jpg,MAR20_955.txt,4391.jpg,4391.txt,images/train/MAR20_955.jpg,labels/train/MAR20_955.txt,images/train/4391.jpg,labels/train/4391.txt
4392,4392,MAR20_956.jpg,MAR20_956.txt,4392.jpg,4392.txt,images/train/MAR20_956.jpg,labels/train/MAR20_956.txt,images/train/4392.jpg,labels/train/4392.txt
4393,4393,MAR20_957.jpg,MAR20_957.txt,4393.jpg,4393.txt,images/train/MAR20_957.jpg,labels/train/MAR20_957.txt,images/train/4393.jpg,labels/train/4393.txt
4394,4394,MAR20_958.jpg,MAR20_958.txt,4394.jpg,4394.txt,images/train/MAR20_958.jpg,labels/train/MAR20_958.txt,images/train/4394.jpg,labels/train/4394.txt
4395,4395,MAR20_96.jpg,MAR20_96.txt,4395.jpg,4395.txt,images/train/MAR20_96.jpg,labels/train/MAR20_96.txt,images/train/4395.jpg,labels/train/4395.txt
4396,4396,MAR20_960.jpg,MAR20_960.txt,4396.jpg,4396.txt,images/train/MAR20_960.jpg,labels/train/MAR20_960.txt,images/train/4396.jpg,labels/train/4396.txt
4397,4397,MAR20_961.jpg,MAR20_961.txt,4397.jpg,4397.txt,images/train/MAR20_961.jpg,labels/train/MAR20_961.txt,images/train/4397.jpg,labels/train/4397.txt
4398,4398,MAR20_962.jpg,MAR20_962.txt,4398.jpg,4398.txt,images/train/MAR20_962.jpg,labels/train/MAR20_962.txt,images/train/4398.jpg,labels/train/4398.txt
4399,4399,MAR20_964.jpg,MAR20_964.txt,4399.jpg,4399.txt,images/train/MAR20_964.jpg,labels/train/MAR20_964.txt,images/train/4399.jpg,labels/train/4399.txt
4400,4400,MAR20_965.jpg,MAR20_965.txt,4400.jpg,4400.txt,images/train/MAR20_965.jpg,labels/train/MAR20_965.txt,images/train/4400.jpg,labels/train/4400.txt
4401,4401,MAR20_966.jpg,MAR20_966.txt,4401.jpg,4401.txt,images/train/MAR20_966.jpg,labels/train/MAR20_966.txt,images/train/4401.jpg,labels/train/4401.txt
4402,4402,MAR20_968.jpg,MAR20_968.txt,4402.jpg,4402.txt,images/train/MAR20_968.jpg,labels/train/MAR20_968.txt,images/train/4402.jpg,labels/train/4402.txt
4403,4403,MAR20_97.jpg,MAR20_97.txt,4403.jpg,4403.txt,images/train/MAR20_97.jpg,labels/train/MAR20_97.txt,images/train/4403.jpg,labels/train/4403.txt
4404,4404,MAR20_970.jpg,MAR20_970.txt,4404.jpg,4404.txt,images/train/MAR20_970.jpg,labels/train/MAR20_970.txt,images/train/4404.jpg,labels/train/4404.txt
4405,4405,MAR20_971.jpg,MAR20_971.txt,4405.jpg,4405.txt,images/train/MAR20_971.jpg,labels/train/MAR20_971.txt,images/train/4405.jpg,labels/train/4405.txt
4406,4406,MAR20_972.jpg,MAR20_972.txt,4406.jpg,4406.txt,images/train/MAR20_972.jpg,labels/train/MAR20_972.txt,images/train/4406.jpg,labels/train/4406.txt
4407,4407,MAR20_973.jpg,MAR20_973.txt,4407.jpg,4407.txt,images/train/MAR20_973.jpg,labels/train/MAR20_973.txt,images/train/4407.jpg,labels/train/4407.txt
4408,4408,MAR20_974.jpg,MAR20_974.txt,4408.jpg,4408.txt,images/train/MAR20_974.jpg,labels/train/MAR20_974.txt,images/train/4408.jpg,labels/train/4408.txt
4409,4409,MAR20_976.jpg,MAR20_976.txt,4409.jpg,4409.txt,images/train/MAR20_976.jpg,labels/train/MAR20_976.txt,images/train/4409.jpg,labels/train/4409.txt
4410,4410,MAR20_977.jpg,MAR20_977.txt,4410.jpg,4410.txt,images/train/MAR20_977.jpg,labels/train/MAR20_977.txt,images/train/4410.jpg,labels/train/4410.txt
4411,4411,MAR20_978.jpg,MAR20_978.txt,4411.jpg,4411.txt,images/train/MAR20_978.jpg,labels/train/MAR20_978.txt,images/train/4411.jpg,labels/train/4411.txt
4412,4412,MAR20_979.jpg,MAR20_979.txt,4412.jpg,4412.txt,images/train/MAR20_979.jpg,labels/train/MAR20_979.txt,images/train/4412.jpg,labels/train/4412.txt
4413,4413,MAR20_98.jpg,MAR20_98.txt,4413.jpg,4413.txt,images/train/MAR20_98.jpg,labels/train/MAR20_98.txt,images/train/4413.jpg,labels/train/4413.txt
4414,4414,MAR20_981.jpg,MAR20_981.txt,4414.jpg,4414.txt,images/train/MAR20_981.jpg,labels/train/MAR20_981.txt,images/train/4414.jpg,labels/train/4414.txt
4415,4415,MAR20_982.jpg,MAR20_982.txt,4415.jpg,4415.txt,images/train/MAR20_982.jpg,labels/train/MAR20_982.txt,images/train/4415.jpg,labels/train/4415.txt
4416,4416,MAR20_983.jpg,MAR20_983.txt,4416.jpg,4416.txt,images/train/MAR20_983.jpg,labels/train/MAR20_983.txt,images/train/4416.jpg,labels/train/4416.txt
4417,4417,MAR20_984.jpg,MAR20_984.txt,4417.jpg,4417.txt,images/train/MAR20_984.jpg,labels/train/MAR20_984.txt,images/train/4417.jpg,labels/train/4417.txt
4418,4418,MAR20_985.jpg,MAR20_985.txt,4418.jpg,4418.txt,images/train/MAR20_985.jpg,labels/train/MAR20_985.txt,images/train/4418.jpg,labels/train/4418.txt
4419,4419,MAR20_986.jpg,MAR20_986.txt,4419.jpg,4419.txt,images/train/MAR20_986.jpg,labels/train/MAR20_986.txt,images/train/4419.jpg,labels/train/4419.txt
4420,4420,MAR20_987.jpg,MAR20_987.txt,4420.jpg,4420.txt,images/train/MAR20_987.jpg,labels/train/MAR20_987.txt,images/train/4420.jpg,labels/train/4420.txt
4421,4421,MAR20_99.jpg,MAR20_99.txt,4421.jpg,4421.txt,images/train/MAR20_99.jpg,labels/train/MAR20_99.txt,images/train/4421.jpg,labels/train/4421.txt
4422,4422,MAR20_990.jpg,MAR20_990.txt,4422.jpg,4422.txt,images/train/MAR20_990.jpg,labels/train/MAR20_990.txt,images/train/4422.jpg,labels/train/4422.txt
4423,4423,MAR20_992.jpg,MAR20_992.txt,4423.jpg,4423.txt,images/train/MAR20_992.jpg,labels/train/MAR20_992.txt,images/train/4423.jpg,labels/train/4423.txt
4424,4424,MAR20_993.jpg,MAR20_993.txt,4424.jpg,4424.txt,images/train/MAR20_993.jpg,labels/train/MAR20_993.txt,images/train/4424.jpg,labels/train/4424.txt
4425,4425,MAR20_994.jpg,MAR20_994.txt,4425.jpg,4425.txt,images/train/MAR20_994.jpg,labels/train/MAR20_994.txt,images/train/4425.jpg,labels/train/4425.txt
4426,4426,MAR20_995.jpg,MAR20_995.txt,4426.jpg,4426.txt,images/train/MAR20_995.jpg,labels/train/MAR20_995.txt,images/train/4426.jpg,labels/train/4426.txt
4427,4427,MAR20_996.jpg,MAR20_996.txt,4427.jpg,4427.txt,images/train/MAR20_996.jpg,labels/train/MAR20_996.txt,images/train/4427.jpg,labels/train/4427.txt
4428,4428,MAR20_997.jpg,MAR20_997.txt,4428.jpg,4428.txt,images/train/MAR20_997.jpg,labels/train/MAR20_997.txt,images/train/4428.jpg,labels/train/4428.txt
4429,4429,MAR20_998.jpg,MAR20_998.txt,4429.jpg,4429.txt,images/train/MAR20_998.jpg,labels/train/MAR20_998.txt,images/train/4429.jpg,labels/train/4429.txt
4430,4430,MAR20_999.jpg,MAR20_999.txt,4430.jpg,4430.txt,images/train/MAR20_999.jpg,labels/train/MAR20_999.txt,images/train/4430.jpg,labels/train/4430.txt
4431,4431,W117.1_N32.6_20180715_L1A0003325477-PAN26_crop1.jpg,W117.1_N32.6_20180715_L1A0003325477-PAN26_crop1.txt,4431.jpg,4431.txt,images/train/W117.1_N32.6_20180715_L1A0003325477-PAN26_crop1.jpg,labels/train/W117.1_N32.6_20180715_L1A0003325477-PAN26_crop1.txt,images/train/4431.jpg,labels/train/4431.txt
4432,4432,W117.1_N32.6_20180715_L1A0003325477-PAN26_crop2.jpg,W117.1_N32.6_20180715_L1A0003325477-PAN26_crop2.txt,4432.jpg,4432.txt,images/train/W117.1_N32.6_20180715_L1A0003325477-PAN26_crop2.jpg,labels/train/W117.1_N32.6_20180715_L1A0003325477-PAN26_crop2.txt,images/train/4432.jpg,labels/train/4432.txt
4433,4433,W117.1_N32.6_20180715_L1A0003325477-PAN28_crop1.jpg,W117.1_N32.6_20180715_L1A0003325477-PAN28_crop1.txt,4433.jpg,4433.txt,images/train/W117.1_N32.6_20180715_L1A0003325477-PAN28_crop1.jpg,labels/train/W117.1_N32.6_20180715_L1A0003325477-PAN28_crop1.txt,images/train/4433.jpg,labels/train/4433.txt
4434,4434,W117.3_N32.6_20180403_L1A0003102432-PAN14_crop1.jpg,W117.3_N32.6_20180403_L1A0003102432-PAN14_crop1.txt,4434.jpg,4434.txt,images/train/W117.3_N32.6_20180403_L1A0003102432-PAN14_crop1.jpg,labels/train/W117.3_N32.6_20180403_L1A0003102432-PAN14_crop1.txt,images/train/4434.jpg,labels/train/4434.txt
4435,4435,W117.3_N32.6_20180809_L1A0003381156-PAN13_crop1.jpg,W117.3_N32.6_20180809_L1A0003381156-PAN13_crop1.txt,4435.jpg,4435.txt,images/train/W117.3_N32.6_20180809_L1A0003381156-PAN13_crop1.jpg,labels/train/W117.3_N32.6_20180809_L1A0003381156-PAN13_crop1.txt,images/train/4435.jpg,labels/train/4435.txt
4436,4436,W117.3_N32.6_20190422_L1A0003957860-PAN12_crop1.jpg,W117.3_N32.6_20190422_L1A0003957860-PAN12_crop1.txt,4436.jpg,4436.txt,images/train/W117.3_N32.6_20190422_L1A0003957860-PAN12_crop1.jpg,labels/train/W117.3_N32.6_20190422_L1A0003957860-PAN12_crop1.txt,images/train/4436.jpg,labels/train/4436.txt
4437,4437,W117.3_N32.6_20190422_L1A0003957860-PAN15_crop1.jpg,W117.3_N32.6_20190422_L1A0003957860-PAN15_crop1.txt,4437.jpg,4437.txt,images/train/W117.3_N32.6_20190422_L1A0003957860-PAN15_crop1.jpg,labels/train/W117.3_N32.6_20190422_L1A0003957860-PAN15_crop1.txt,images/train/4437.jpg,labels/train/4437.txt
4438,4438,W157.8_N21.3_20180901_L1A0003426640-PAN25_crop1.jpg,W157.8_N21.3_20180901_L1A0003426640-PAN25_crop1.txt,4438.jpg,4438.txt,images/train/W157.8_N21.3_20180901_L1A0003426640-PAN25_crop1.jpg,labels/train/W157.8_N21.3_20180901_L1A0003426640-PAN25_crop1.txt,images/train/4438.jpg,labels/train/4438.txt
4439,4439,W157.8_N21.3_20180901_L1A0003426640-PAN25_crop2.jpg,W157.8_N21.3_20180901_L1A0003426640-PAN25_crop2.txt,4439.jpg,4439.txt,images/train/W157.8_N21.3_20180901_L1A0003426640-PAN25_crop2.jpg,labels/train/W157.8_N21.3_20180901_L1A0003426640-PAN25_crop2.txt,images/train/4439.jpg,labels/train/4439.txt
4440,4440,W157.8_N21.3_20180901_L1A0003426640-PAN28_crop1.jpg,W157.8_N21.3_20180901_L1A0003426640-PAN28_crop1.txt,4440.jpg,4440.txt,images/train/W157.8_N21.3_20180901_L1A0003426640-PAN28_crop1.jpg,labels/train/W157.8_N21.3_20180901_L1A0003426640-PAN28_crop1.txt,images/train/4440.jpg,labels/train/4440.txt
4441,4441,W157.8_N21.3_20180901_L1A0003426640-PAN28_crop2.jpg,W157.8_N21.3_20180901_L1A0003426640-PAN28_crop2.txt,4441.jpg,4441.txt,images/train/W157.8_N21.3_20180901_L1A0003426640-PAN28_crop2.jpg,labels/train/W157.8_N21.3_20180901_L1A0003426640-PAN28_crop2.txt,images/train/4441.jpg,labels/train/4441.txt
4442,4442,W157.9_N21.3_20150119_L1A0000600031-PAN20_crop1.jpg,W157.9_N21.3_20150119_L1A0000600031-PAN20_crop1.txt,4442.jpg,4442.txt,images/train/W157.9_N21.3_20150119_L1A0000600031-PAN20_crop1.jpg,labels/train/W157.9_N21.3_20150119_L1A0000600031-PAN20_crop1.txt,images/train/4442.jpg,labels/train/4442.txt
4443,4443,W157.9_N21.3_20150119_L1A0000600031-PAN20_crop2.jpg,W157.9_N21.3_20150119_L1A0000600031-PAN20_crop2.txt,4443.jpg,4443.txt,images/train/W157.9_N21.3_20150119_L1A0000600031-PAN20_crop2.jpg,labels/train/W157.9_N21.3_20150119_L1A0000600031-PAN20_crop2.txt,images/train/4443.jpg,labels/train/4443.txt
4444,4444,W157.9_N21.3_20150119_L1A0000600031-PAN20_crop3.jpg,W157.9_N21.3_20150119_L1A0000600031-PAN20_crop3.txt,4444.jpg,4444.txt,images/train/W157.9_N21.3_20150119_L1A0000600031-PAN20_crop3.jpg,labels/train/W157.9_N21.3_20150119_L1A0000600031-PAN20_crop3.txt,images/train/4444.jpg,labels/train/4444.txt
4445,4445,W157.9_N21.3_20150119_L1A0000600031-PAN21_crop1.jpg,W157.9_N21.3_20150119_L1A0000600031-PAN21_crop1.txt,4445.jpg,4445.txt,images/train/W157.9_N21.3_20150119_L1A0000600031-PAN21_crop1.jpg,labels/train/W157.9_N21.3_20150119_L1A0000600031-PAN21_crop1.txt,images/train/4445.jpg,labels/train/4445.txt
4446,4446,W157.9_N21.3_20150119_L1A0000600031-PAN21_crop2.jpg,W157.9_N21.3_20150119_L1A0000600031-PAN21_crop2.txt,4446.jpg,4446.txt,images/train/W157.9_N21.3_20150119_L1A0000600031-PAN21_crop2.jpg,labels/train/W157.9_N21.3_20150119_L1A0000600031-PAN21_crop2.txt,images/train/4446.jpg,labels/train/4446.txt
4447,4447,W157.9_N21.3_20150119_L1A0000600031-PAN27_crop1.jpg,W157.9_N21.3_20150119_L1A0000600031-PAN27_crop1.txt,4447.jpg,4447.txt,images/train/W157.9_N21.3_20150119_L1A0000600031-PAN27_crop1.jpg,labels/train/W157.9_N21.3_20150119_L1A0000600031-PAN27_crop1.txt,images/train/4447.jpg,labels/train/4447.txt
4448,4448,W157.9_N21.3_20150119_L1A0000600031-PAN27_crop2.jpg,W157.9_N21.3_20150119_L1A0000600031-PAN27_crop2.txt,4448.jpg,4448.txt,images/train/W157.9_N21.3_20150119_L1A0000600031-PAN27_crop2.jpg,labels/train/W157.9_N21.3_20150119_L1A0000600031-PAN27_crop2.txt,images/train/4448.jpg,labels/train/4448.txt
4449,4449,W157.9_N21.3_20150119_L1A0000600031-PAN27_crop3.jpg,W157.9_N21.3_20150119_L1A0000600031-PAN27_crop3.txt,4449.jpg,4449.txt,images/train/W157.9_N21.3_20150119_L1A0000600031-PAN27_crop3.jpg,labels/train/W157.9_N21.3_20150119_L1A0000600031-PAN27_crop3.txt,images/train/4449.jpg,labels/train/4449.txt
4450,4450,W157.9_N21.3_20150119_L1A0000600031-PAN27_crop4.jpg,W157.9_N21.3_20150119_L1A0000600031-PAN27_crop4.txt,4450.jpg,4450.txt,images/train/W157.9_N21.3_20150119_L1A0000600031-PAN27_crop4.jpg,labels/train/W157.9_N21.3_20150119_L1A0000600031-PAN27_crop4.txt,images/train/4450.jpg,labels/train/4450.txt
4451,4451,W157.9_N21.3_20150119_L1A0000600031-PAN28_crop1.jpg,W157.9_N21.3_20150119_L1A0000600031-PAN28_crop1.txt,4451.jpg,4451.txt,images/train/W157.9_N21.3_20150119_L1A0000600031-PAN28_crop1.jpg,labels/train/W157.9_N21.3_20150119_L1A0000600031-PAN28_crop1.txt,images/train/4451.jpg,labels/train/4451.txt
4452,4452,W157.9_N21.3_20150119_L1A0000600031-PAN28_crop2.jpg,W157.9_N21.3_20150119_L1A0000600031-PAN28_crop2.txt,4452.jpg,4452.txt,images/train/W157.9_N21.3_20150119_L1A0000600031-PAN28_crop2.jpg,labels/train/W157.9_N21.3_20150119_L1A0000600031-PAN28_crop2.txt,images/train/4452.jpg,labels/train/4452.txt
4453,4453,W157.9_N21.3_20150119_L1A0000600031-PAN28_crop4.jpg,W157.9_N21.3_20150119_L1A0000600031-PAN28_crop4.txt,4453.jpg,4453.txt,images/train/W157.9_N21.3_20150119_L1A0000600031-PAN28_crop4.jpg,labels/train/W157.9_N21.3_20150119_L1A0000600031-PAN28_crop4.txt,images/train/4453.jpg,labels/train/4453.txt
4454,4454,W157.9_N21.3_20150119_L1A0000600031-PAN28_crop5.jpg,W157.9_N21.3_20150119_L1A0000600031-PAN28_crop5.txt,4454.jpg,4454.txt,images/train/W157.9_N21.3_20150119_L1A0000600031-PAN28_crop5.jpg,labels/train/W157.9_N21.3_20150119_L1A0000600031-PAN28_crop5.txt,images/train/4454.jpg,labels/train/4454.txt
4455,4455,W157.9_N21.3_20150119_L1A0000600031-PAN29_crop1.jpg,W157.9_N21.3_20150119_L1A0000600031-PAN29_crop1.txt,4455.jpg,4455.txt,images/train/W157.9_N21.3_20150119_L1A0000600031-PAN29_crop1.jpg,labels/train/W157.9_N21.3_20150119_L1A0000600031-PAN29_crop1.txt,images/train/4455.jpg,labels/train/4455.txt
4456,4456,W157.9_N21.3_20150119_L1A0000600031-PAN29_crop2.jpg,W157.9_N21.3_20150119_L1A0000600031-PAN29_crop2.txt,4456.jpg,4456.txt,images/train/W157.9_N21.3_20150119_L1A0000600031-PAN29_crop2.jpg,labels/train/W157.9_N21.3_20150119_L1A0000600031-PAN29_crop2.txt,images/train/4456.jpg,labels/train/4456.txt
4457,4457,W157.9_N21.3_20150119_L1A0000600031-PAN29_crop3.jpg,W157.9_N21.3_20150119_L1A0000600031-PAN29_crop3.txt,4457.jpg,4457.txt,images/train/W157.9_N21.3_20150119_L1A0000600031-PAN29_crop3.jpg,labels/train/W157.9_N21.3_20150119_L1A0000600031-PAN29_crop3.txt,images/train/4457.jpg,labels/train/4457.txt
4458,4458,W157.9_N21.3_20150119_L1A0000600031-PAN29_crop4.jpg,W157.9_N21.3_20150119_L1A0000600031-PAN29_crop4.txt,4458.jpg,4458.txt,images/train/W157.9_N21.3_20150119_L1A0000600031-PAN29_crop4.jpg,labels/train/W157.9_N21.3_20150119_L1A0000600031-PAN29_crop4.txt,images/train/4458.jpg,labels/train/4458.txt
4459,4459,W157.9_N21.3_20160709_L1A0001690055-PAN20_crop1.jpg,W157.9_N21.3_20160709_L1A0001690055-PAN20_crop1.txt,4459.jpg,4459.txt,images/train/W157.9_N21.3_20160709_L1A0001690055-PAN20_crop1.jpg,labels/train/W157.9_N21.3_20160709_L1A0001690055-PAN20_crop1.txt,images/train/4459.jpg,labels/train/4459.txt
4460,4460,W157.9_N21.3_20160709_L1A0001690055-PAN20_crop2.jpg,W157.9_N21.3_20160709_L1A0001690055-PAN20_crop2.txt,4460.jpg,4460.txt,images/train/W157.9_N21.3_20160709_L1A0001690055-PAN20_crop2.jpg,labels/train/W157.9_N21.3_20160709_L1A0001690055-PAN20_crop2.txt,images/train/4460.jpg,labels/train/4460.txt
4461,4461,W157.9_N21.3_20160709_L1A0001690055-PAN20_crop3.jpg,W157.9_N21.3_20160709_L1A0001690055-PAN20_crop3.txt,4461.jpg,4461.txt,images/train/W157.9_N21.3_20160709_L1A0001690055-PAN20_crop3.jpg,labels/train/W157.9_N21.3_20160709_L1A0001690055-PAN20_crop3.txt,images/train/4461.jpg,labels/train/4461.txt
4462,4462,W157.9_N21.3_20160709_L1A0001690055-PAN23_crop1.jpg,W157.9_N21.3_20160709_L1A0001690055-PAN23_crop1.txt,4462.jpg,4462.txt,images/train/W157.9_N21.3_20160709_L1A0001690055-PAN23_crop1.jpg,labels/train/W157.9_N21.3_20160709_L1A0001690055-PAN23_crop1.txt,images/train/4462.jpg,labels/train/4462.txt
4463,4463,W157.9_N21.3_20160709_L1A0001690055-PAN23_crop2.jpg,W157.9_N21.3_20160709_L1A0001690055-PAN23_crop2.txt,4463.jpg,4463.txt,images/train/W157.9_N21.3_20160709_L1A0001690055-PAN23_crop2.jpg,labels/train/W157.9_N21.3_20160709_L1A0001690055-PAN23_crop2.txt,images/train/4463.jpg,labels/train/4463.txt
4464,4464,W157.9_N21.3_20160709_L1A0001690055-PAN23_crop3.jpg,W157.9_N21.3_20160709_L1A0001690055-PAN23_crop3.txt,4464.jpg,4464.txt,images/train/W157.9_N21.3_20160709_L1A0001690055-PAN23_crop3.jpg,labels/train/W157.9_N21.3_20160709_L1A0001690055-PAN23_crop3.txt,images/train/4464.jpg,labels/train/4464.txt
4465,4465,W157.9_N21.3_20160709_L1A0001690055-PAN23_crop4.jpg,W157.9_N21.3_20160709_L1A0001690055-PAN23_crop4.txt,4465.jpg,4465.txt,images/train/W157.9_N21.3_20160709_L1A0001690055-PAN23_crop4.jpg,labels/train/W157.9_N21.3_20160709_L1A0001690055-PAN23_crop4.txt,images/train/4465.jpg,labels/train/4465.txt
4466,4466,W157.9_N21.3_20160709_L1A0001690055-PAN24_crop1.jpg,W157.9_N21.3_20160709_L1A0001690055-PAN24_crop1.txt,4466.jpg,4466.txt,images/train/W157.9_N21.3_20160709_L1A0001690055-PAN24_crop1.jpg,labels/train/W157.9_N21.3_20160709_L1A0001690055-PAN24_crop1.txt,images/train/4466.jpg,labels/train/4466.txt
4467,4467,W157.9_N21.3_20160709_L1A0001690055-PAN24_crop2.jpg,W157.9_N21.3_20160709_L1A0001690055-PAN24_crop2.txt,4467.jpg,4467.txt,images/train/W157.9_N21.3_20160709_L1A0001690055-PAN24_crop2.jpg,labels/train/W157.9_N21.3_20160709_L1A0001690055-PAN24_crop2.txt,images/train/4467.jpg,labels/train/4467.txt
4468,4468,W158.0_N21.4_20190415_L1A0003949798-PAN13_crop1.jpg,W158.0_N21.4_20190415_L1A0003949798-PAN13_crop1.txt,4468.jpg,4468.txt,images/train/W158.0_N21.4_20190415_L1A0003949798-PAN13_crop1.jpg,labels/train/W158.0_N21.4_20190415_L1A0003949798-PAN13_crop1.txt,images/train/4468.jpg,labels/train/4468.txt
4469,4469,W158.0_N21.4_20190415_L1A0003949798-PAN13_crop2.jpg,W158.0_N21.4_20190415_L1A0003949798-PAN13_crop2.txt,4469.jpg,4469.txt,images/train/W158.0_N21.4_20190415_L1A0003949798-PAN13_crop2.jpg,labels/train/W158.0_N21.4_20190415_L1A0003949798-PAN13_crop2.txt,images/train/4469.jpg,labels/train/4469.txt
4470,4470,W158.0_N21.4_20190415_L1A0003949798-PAN13_crop3.jpg,W158.0_N21.4_20190415_L1A0003949798-PAN13_crop3.txt,4470.jpg,4470.txt,images/train/W158.0_N21.4_20190415_L1A0003949798-PAN13_crop3.jpg,labels/train/W158.0_N21.4_20190415_L1A0003949798-PAN13_crop3.txt,images/train/4470.jpg,labels/train/4470.txt
4471,4471,W158.0_N21.4_20190415_L1A0003949798-PAN13_crop4.jpg,W158.0_N21.4_20190415_L1A0003949798-PAN13_crop4.txt,4471.jpg,4471.txt,images/train/W158.0_N21.4_20190415_L1A0003949798-PAN13_crop4.jpg,labels/train/W158.0_N21.4_20190415_L1A0003949798-PAN13_crop4.txt,images/train/4471.jpg,labels/train/4471.txt
4472,4472,W158.1_N21.4_20180619_L1A0003270052-PAN14_crop1.jpg,W158.1_N21.4_20180619_L1A0003270052-PAN14_crop1.txt,4472.jpg,4472.txt,images/train/W158.1_N21.4_20180619_L1A0003270052-PAN14_crop1.jpg,labels/train/W158.1_N21.4_20180619_L1A0003270052-PAN14_crop1.txt,images/train/4472.jpg,labels/train/4472.txt
4473,4473,W158.1_N21.4_20180619_L1A0003270052-PAN14_crop2.jpg,W158.1_N21.4_20180619_L1A0003270052-PAN14_crop2.txt,4473.jpg,4473.txt,images/train/W158.1_N21.4_20180619_L1A0003270052-PAN14_crop2.jpg,labels/train/W158.1_N21.4_20180619_L1A0003270052-PAN14_crop2.txt,images/train/4473.jpg,labels/train/4473.txt
4474,4474,W76.3_N37.0_20150318_L1A0000704021-PAN20_crop1.jpg,W76.3_N37.0_20150318_L1A0000704021-PAN20_crop1.txt,4474.jpg,4474.txt,images/train/W76.3_N37.0_20150318_L1A0000704021-PAN20_crop1.jpg,labels/train/W76.3_N37.0_20150318_L1A0000704021-PAN20_crop1.txt,images/train/4474.jpg,labels/train/4474.txt
4475,4475,W76.3_N37.0_20150318_L1A0000704021-PAN20_crop2.jpg,W76.3_N37.0_20150318_L1A0000704021-PAN20_crop2.txt,4475.jpg,4475.txt,images/train/W76.3_N37.0_20150318_L1A0000704021-PAN20_crop2.jpg,labels/train/W76.3_N37.0_20150318_L1A0000704021-PAN20_crop2.txt,images/train/4475.jpg,labels/train/4475.txt
4476,4476,W76.3_N37.0_20150318_L1A0000704021-PAN20_crop3.jpg,W76.3_N37.0_20150318_L1A0000704021-PAN20_crop3.txt,4476.jpg,4476.txt,images/train/W76.3_N37.0_20150318_L1A0000704021-PAN20_crop3.jpg,labels/train/W76.3_N37.0_20150318_L1A0000704021-PAN20_crop3.txt,images/train/4476.jpg,labels/train/4476.txt
4477,4477,W76.3_N37.0_20150318_L1A0000704021-PAN20_crop4.jpg,W76.3_N37.0_20150318_L1A0000704021-PAN20_crop4.txt,4477.jpg,4477.txt,images/train/W76.3_N37.0_20150318_L1A0000704021-PAN20_crop4.jpg,labels/train/W76.3_N37.0_20150318_L1A0000704021-PAN20_crop4.txt,images/train/4477.jpg,labels/train/4477.txt
4478,4478,W76.3_N37.0_20150318_L1A0000704021-PAN27_crop1.jpg,W76.3_N37.0_20150318_L1A0000704021-PAN27_crop1.txt,4478.jpg,4478.txt,images/train/W76.3_N37.0_20150318_L1A0000704021-PAN27_crop1.jpg,labels/train/W76.3_N37.0_20150318_L1A0000704021-PAN27_crop1.txt,images/train/4478.jpg,labels/train/4478.txt
4479,4479,W76.3_N37.0_20150318_L1A0000704021-PAN27_crop2.jpg,W76.3_N37.0_20150318_L1A0000704021-PAN27_crop2.txt,4479.jpg,4479.txt,images/train/W76.3_N37.0_20150318_L1A0000704021-PAN27_crop2.jpg,labels/train/W76.3_N37.0_20150318_L1A0000704021-PAN27_crop2.txt,images/train/4479.jpg,labels/train/4479.txt
4480,4480,W76.3_N37.0_20150318_L1A0000704021-PAN27_crop3.jpg,W76.3_N37.0_20150318_L1A0000704021-PAN27_crop3.txt,4480.jpg,4480.txt,images/train/W76.3_N37.0_20150318_L1A0000704021-PAN27_crop3.jpg,labels/train/W76.3_N37.0_20150318_L1A0000704021-PAN27_crop3.txt,images/train/4480.jpg,labels/train/4480.txt
4481,4481,W76.3_N37.0_20150318_L1A0000704021-PAN27_crop4.jpg,W76.3_N37.0_20150318_L1A0000704021-PAN27_crop4.txt,4481.jpg,4481.txt,images/train/W76.3_N37.0_20150318_L1A0000704021-PAN27_crop4.jpg,labels/train/W76.3_N37.0_20150318_L1A0000704021-PAN27_crop4.txt,images/train/4481.jpg,labels/train/4481.txt
