scene_id,assigned_split,image_count,object_count,class_counts_json
01-PAN-20240418-318-232-L00000010061-CCD14_3,train,1,2,"{""2"": 2}"
01-PAN-20240418-318-232-L00000010061-CCD18_5,val,1,1,"{""3"": 1}"
01-PAN-20240420-082-358-L00000010818-CCD16_4,train,1,2,"{""3"": 2}"
01-PAN-20240420-113-325-L00000010882-CCD3_5,val,7,33,"{""1"": 1, ""2"": 10, ""3"": 22}"
01-PAN-20240420-113-325-L00000010882-CCD3_6,val,4,13,"{""3"": 13}"
01-PAN-20240420-113-325-L00000010882-CCD4_5,val,2,7,"{""1"": 1, ""2"": 4, ""3"": 2}"
01-PAN-20240420-113-325-L00000011195-CCD1_4,val,1,1,"{""3"": 1}"
01-PAN-20240421-105-323-L00000010830-CCD21_4,train,1,1,"{""3"": 1}"
01-PAN-20240421-423-694-L00000010874-CCD21_2,train,1,2,"{""3"": 2}"
01-PAN-20240421-423-694-L00000010874-CCD21_3,val,2,4,"{""3"": 4}"
01-PAN-20240421-423-694-L00000010874-CCD22_2,val,2,2,"{""3"": 2}"
01-PAN-20240422-253-245-L00000010552-CCD5_1,train,1,2,"{""3"": 2}"
01-PAN-20240422-253-245-L00000010552-CCD5_2,train,3,3,"{""3"": 3}"
01-PAN-20240422-253-245-L00000010552-CCD5_3,train,2,3,"{""3"": 3}"
01-PAN-20240422-253-245-L00000010552-CCD5_6,train,1,1,"{""3"": 1}"
01-PAN-20240423-029-368-L00000011028-CCD29_4,train,2,20,"{""3"": 20}"
01-PAN-20240423-439-569-L00000011168-CCD16_5,train,1,1,"{""3"": 1}"
01-PAN-20240423-439-569-L00000011327-CCD15_5,train,1,1,"{""3"": 1}"
01-PAN-20240423-439-569-L00000011327-CCD16_5,train,2,2,"{""3"": 2}"
01-PAN-20240424-146-259-L00000010574-CCD32_7,train,3,5,"{""1"": 1, ""2"": 1, ""3"": 3}"
01-PAN-20240424-146-259-L00000010814-CCD11_5,val,1,1,"{""3"": 1}"
01-PAN-20240424-146-260-L00000010815-CCD32_3,train,3,4,"{""2"": 1, ""3"": 3}"
01-PAN-20240429-304-323-L00000011120-CCD20_2,train,1,1,"{""3"": 1}"
01-PAN-20240429-304-323-L00000011120-CCD20_4,train,1,1,"{""3"": 1}"
01-PAN-20240429-304-323-L00000011120-CCD21_3,train,1,1,"{""3"": 1}"
01-PAN-20240430-104-336-L00000011523-CCD22_6,val,1,1,"{""3"": 1}"
01-PAN-20240430-104-336-L00000011523-CCD23_4,train,1,2,"{""3"": 2}"
01-PAN-20240430-104-343-L00000011530-CCD26_4,train,1,1,"{""3"": 1}"
01-PAN-20240430-104-348-L00000011535-CCD29_3,train,1,1,"{""3"": 1}"
01-PAN-20240430-104-349-L00000011536-CCD22_4,train,1,1,"{""3"": 1}"
01-PAN-20240430-227-632-L00000011561-CCD30_5,train,1,1,"{""3"": 1}"
01-PAN-20240430-227-632-L00000011561-CCD30_6,train,1,1,"{""3"": 1}"
01-PAN-20240430-297-348-L00000011339-CCD16_6,train,1,1,"{""3"": 1}"
01-PAN-20240506-094-666-L00000011756-CCD4_1,train,2,2,"{""3"": 2}"
01-PAN-20240506-094-666-L00000011756-CCD4_3,train,1,1,"{""3"": 1}"
01-PAN-20240506-094-666-L00000011756-CCD8_2,train,3,3,"{""3"": 3}"
01-PAN-20240506-094-666-L00000011756-CCD8_3,train,1,1,"{""3"": 1}"
01-PAN-20240506-094-666-L00000011756-CCD8_5,train,1,1,"{""3"": 1}"
01-PAN-20240506-094-666-L00000011756-CCD9_1,train,2,2,"{""3"": 2}"
01-PAN-20240506-094-666-L00000011756-CCD9_2,train,2,2,"{""3"": 2}"
01-PAN-20240506-094-666-L00000012249-CCD10_6,val,2,4,"{""3"": 4}"
01-PAN-20240506-094-666-L00000012249-CCD11_6,train,8,22,"{""3"": 22}"
01-PAN-20240506-124-321-L00000011847-CCD28_4,train,1,1,"{""3"": 1}"
01-PAN-20240506-124-321-L00000011847-CCD28_5,train,5,5,"{""3"": 5}"
01-PAN-20240506-124-321-L00000011847-CCD29_4,val,1,1,"{""3"": 1}"
01-PAN-20240506-124-321-L00000011847-CCD29_5,train,1,1,"{""3"": 1}"
01-PAN-20240510-097-233-L00000012258-CCD1_2,train,1,1,"{""3"": 1}"
01-PAN-20240510-097-233-L00000012258-CCD2_2,train,1,1,"{""3"": 1}"
01-PAN-20240511-122-548-L00000012428-CCD26_5,val,2,2,"{""3"": 2}"
01-PAN-20240511-122-548-L00000012428-CCD27_5,val,1,1,"{""3"": 1}"
01-PAN-20240511-122-548-L00000012428-CCD27_6,train,1,1,"{""3"": 1}"
01-PAN-20240511-122-548-L00000012428-CCD28_5,train,1,1,"{""3"": 1}"
01-PAN-20240511-152-202-L00000012357-CCD23_5,val,2,3,"{""3"": 3}"
01-PAN-20240513-108-689-L00000012464-CCD29_5,train,1,1,"{""3"": 1}"
01-PAN-20240513-108-689-L00000012464-CCD29_6,train,2,2,"{""3"": 2}"
01-PAN-20240513-108-690-L00000012465-CCD28_2,train,3,3,"{""3"": 3}"
01-PAN-20240513-108-690-L00000012465-CCD28_3,train,2,6,"{""3"": 6}"
01-PAN-20240513-108-690-L00000012465-CCD29_1,train,3,3,"{""3"": 3}"
01-PAN-20240513-108-690-L00000012465-CCD29_3,train,2,2,"{""3"": 2}"
01-PAN-20240513-108-690-L00000012465-CCD32_5,train,1,1,"{""3"": 1}"
01-PAN-20240513-108-691-L00000012466-CCD27_5,val,2,10,"{""2"": 10}"
01-PAN-20240513-139-166-L00000012468-CCD22_2,train,1,1,"{""3"": 1}"
01-PAN-20240513-456-301-L00000012440-CCD1_4,train,4,11,"{""3"": 11}"
01-PAN-20240513-456-301-L00000012440-CCD1_5,train,11,28,"{""3"": 28}"
01-PAN-20240513-456-301-L00000012440-CCD1_6,train,2,3,"{""3"": 3}"
01-PAN-20240513-456-301-L00000012440-CCD2_4,val,1,2,"{""3"": 2}"
01-PAN-20240513-456-301-L00000012440-CCD2_6,train,4,11,"{""3"": 11}"
01-PAN-20240513-456-302-L00000012441-CCD1_1,train,2,3,"{""3"": 3}"
01-PAN-20240513-456-302-L00000012441-CCD1_2,train,3,5,"{""3"": 5}"
01-PAN-20240513-456-304-L00000012443-CCD11_4,train,10,20,"{""3"": 20}"
01-PAN-20240513-456-304-L00000012443-CCD11_6,train,1,1,"{""3"": 1}"
01-PAN-20240513-456-304-L00000012443-CCD12_4,train,3,4,"{""3"": 4}"
01-PAN-20240513-456-304-L00000012443-CCD14_3,train,1,1,"{""3"": 1}"
01-PAN-20240513-456-304-L00000012443-CCD15_3,train,8,39,"{""1"": 2, ""2"": 37}"
01-PAN-20240513-456-304-L00000012443-CCD15_6,train,2,2,"{""3"": 2}"
01-PAN-20240513-456-304-L00000012443-CCD16_1,train,2,2,"{""3"": 2}"
01-PAN-20240513-456-304-L00000012443-CCD16_2,train,4,7,"{""3"": 7}"
01-PAN-20240513-456-304-L00000012443-CCD16_3,train,1,1,"{""2"": 1}"
01-PAN-20240513-456-304-L00000012443-CCD16_6,train,2,2,"{""3"": 2}"
01-PAN-20240513-456-304-L00000012443-CCD17_2,train,1,1,"{""3"": 1}"
01-PAN-20240513-456-304-L00000012443-CCD4_2,train,1,1,"{""3"": 1}"
01-PAN-20240513-456-304-L00000012443-CCD5_1,val,1,2,"{""3"": 2}"
01-PAN-20240513-456-304-L00000012443-CCD5_2,train,5,13,"{""3"": 13}"
01-PAN-20240513-456-304-L00000012443-CCD5_4,train,3,3,"{""3"": 3}"
01-PAN-20240513-456-304-L00000012443-CCD6_1,train,2,7,"{""3"": 7}"
01-PAN-20240513-456-304-L00000012443-CCD6_2,train,11,24,"{""2"": 3, ""3"": 21}"
01-PAN-20240513-456-304-L00000012443-CCD6_3,train,7,8,"{""3"": 8}"
01-PAN-20240513-456-304-L00000012443-CCD6_4,train,2,2,"{""3"": 2}"
01-PAN-20240513-456-304-L00000012443-CCD6_5,train,1,1,"{""3"": 1}"
01-PAN-20240513-456-304-L00000012443-CCD7_3,train,10,31,"{""3"": 31}"
01-PAN-20240513-456-304-L00000012443-CCD7_4,train,1,1,"{""3"": 1}"
01-PAN-20240513-456-305-L00000012444-CCD15_1,train,1,1,"{""3"": 1}"
01-PAN-20240513-456-305-L00000012444-CCD15_3,train,1,1,"{""3"": 1}"
01-PAN-20240513-456-305-L00000012444-CCD15_4,train,5,17,"{""3"": 17}"
01-PAN-20240513-456-305-L00000012444-CCD16_1,train,2,2,"{""3"": 2}"
01-PAN-20240513-456-305-L00000012444-CCD16_2,train,1,1,"{""3"": 1}"
01-PAN-20240513-456-305-L00000012444-CCD16_3,train,1,1,"{""3"": 1}"
01-PAN-20240513-456-305-L00000012444-CCD16_4,val,1,1,"{""3"": 1}"
01-PAN-20240513-456-305-L00000012444-CCD18_1,train,1,3,"{""2"": 3}"
01-PAN-20240513-456-305-L00000012444-CCD18_3,train,2,3,"{""3"": 3}"
01-PAN-20240513-456-306-L00000012445-CCD25_2,val,1,1,"{""3"": 1}"
01-PAN-20240513-456-306-L00000012445-CCD26_1,train,1,1,"{""3"": 1}"
01-PAN-20240513-456-307-L00000012446-CCD26_4,train,3,3,"{""3"": 3}"
01-PAN-20240513-456-307-L00000012446-CCD26_5,train,7,7,"{""3"": 7}"
01-PAN-20240513-456-307-L00000012446-CCD27_4,train,2,2,"{""3"": 2}"
01-PAN-20240513-456-307-L00000012446-CCD27_5,train,3,3,"{""3"": 3}"
01-PAN-20240513-456-307-L00000012446-CCD27_6,train,1,1,"{""3"": 1}"
01-PAN-20240513-456-307-L00000012446-CCD30_2,val,1,1,"{""3"": 1}"
01-PAN-20240513-456-307-L00000012446-CCD30_3,train,4,4,"{""3"": 4}"
01-PAN-20240513-456-307-L00000012446-CCD31_1,train,1,1,"{""3"": 1}"
01-PAN-20240513-456-307-L00000012446-CCD31_2,train,4,4,"{""3"": 4}"
01-PAN-20240513-456-307-L00000012446-CCD31_3,train,7,7,"{""3"": 7}"
01-PAN-20240513-456-307-L00000012446-CCD32_2,train,8,13,"{""3"": 13}"
01-PAN-20240513-456-307-L00000012446-CCD32_3,train,2,5,"{""3"": 5}"
01-PAN-20240514-225-443-L00000012695-CCD25_3,train,7,7,"{""3"": 7}"
01-PAN-20240514-294-364-L00000012484-CCD11_6,train,1,2,"{""3"": 2}"
01-PAN-20240514-294-365-L00000012485-CCD11_3,val,1,1,"{""3"": 1}"
01-PAN-20240514-294-365-L00000012485-CCD12_2,train,1,1,"{""3"": 1}"
01-PAN-20240514-294-365-L00000012485-CCD12_3,train,2,2,"{""3"": 2}"
01-PAN-20240514-294-365-L00000012485-CCD13_3,train,1,1,"{""3"": 1}"
01-PAN-20240514-449-302-L00000012639-CCD30_5,val,1,1,"{""3"": 1}"
01-PAN-20240514-449-302-L00000012639-CCD31_5,train,2,3,"{""2"": 1, ""3"": 2}"
01-PAN-20240514-449-307-L00000012644-CCD3_6,train,1,1,"{""3"": 1}"
01-PAN-20240514-449-308-L00000012645-CCD10_1,train,1,1,"{""3"": 1}"
01-PAN-20240514-449-308-L00000012645-CCD11_4,train,1,2,"{""3"": 2}"
01-PAN-20240514-449-308-L00000012645-CCD12_5,train,2,2,"{""3"": 2}"
01-PAN-20240514-449-308-L00000012645-CCD13_3,train,1,1,"{""3"": 1}"
01-PAN-20240514-449-308-L00000012645-CCD13_6,train,2,2,"{""3"": 2}"
01-PAN-20240514-449-308-L00000012645-CCD14_1,train,2,3,"{""3"": 3}"
01-PAN-20240514-449-308-L00000012645-CCD14_2,train,5,7,"{""3"": 7}"
01-PAN-20240514-449-308-L00000012645-CCD15_1,train,3,3,"{""3"": 3}"
01-PAN-20240514-449-308-L00000012645-CCD15_2,train,1,1,"{""3"": 1}"
01-PAN-20240514-449-308-L00000012645-CCD15_3,val,1,1,"{""3"": 1}"
01-PAN-20240514-449-308-L00000012645-CCD16_1,train,2,2,"{""3"": 2}"
01-PAN-20240514-449-308-L00000012645-CCD16_2,train,2,2,"{""3"": 2}"
01-PAN-20240514-449-308-L00000012645-CCD17_3,train,1,1,"{""3"": 1}"
01-PAN-20240514-449-308-L00000012645-CCD20_3,train,1,1,"{""3"": 1}"
01-PAN-20240514-449-308-L00000012645-CCD20_4,train,1,1,"{""3"": 1}"
01-PAN-20240514-449-308-L00000012645-CCD20_6,train,1,1,"{""3"": 1}"
01-PAN-20240514-449-308-L00000012645-CCD3_1,train,1,1,"{""3"": 1}"
01-PAN-20240514-449-309-L00000012646-CCD13_1,train,2,3,"{""3"": 3}"
01-PAN-20240514-449-309-L00000012646-CCD13_2,train,2,3,"{""3"": 3}"
01-PAN-20240514-449-309-L00000012646-CCD31_6,train,1,1,"{""3"": 1}"
01-PAN-20240514-449-311-L00000012648-CCD21_2,train,1,1,"{""3"": 1}"
01-PAN-20240514-449-311-L00000012648-CCD22_2,val,3,3,"{""3"": 3}"
01-PAN-20240514-449-311-L00000012648-CCD22_3,val,2,2,"{""3"": 2}"
01-PAN-20240514-449-311-L00000012648-CCD23_3,train,1,2,"{""3"": 2}"
01-PAN-20240514-449-311-L00000012648-CCD31_1,val,1,1,"{""3"": 1}"
01-PAN-20240514-449-311-L00000012648-CCD31_2,val,2,3,"{""3"": 3}"
01-PAN-20240514-449-311-L00000012648-CCD32_1,train,1,1,"{""3"": 1}"
01-PAN-20240515-001-329-L00000012633-CCD9_5,train,2,5,"{""3"": 5}"
01-PAN-20240515-001-331-L00000012635-CCD19_3,train,4,11,"{""3"": 11}"
01-PAN-20240515-001-331-L00000012635-CCD19_4,train,2,3,"{""3"": 3}"
01-PAN-20240515-001-331-L00000012635-CCD19_5,train,5,8,"{""3"": 8}"
01-PAN-20240515-001-331-L00000012635-CCD19_6,val,1,1,"{""3"": 1}"
01-PAN-20250118-471-374-L00000075006-CCD18_4,val,1,1,"{""3"": 1}"
01-PAN-20250210-441-302-L00000100998-CCD17_1,train,5,6,"{""3"": 6}"
01-PAN-20250210-441-302-L00000100998-CCD18_2,train,9,13,"{""3"": 13}"
01-PAN-20250210-441-302-L00000100998-CCD18_3,train,6,8,"{""3"": 8}"
01-PAN-20250210-441-302-L00000100998-CCD18_4,val,3,5,"{""3"": 5}"
01-PAN-20250210-441-302-L00000100998-CCD19_5,train,1,2,"{""3"": 2}"
01-PAN-20250210-441-302-L00000100998-CCD23_1,train,3,6,"{""3"": 6}"
01-PAN-20250210-441-302-L00000100998-CCD23_2,train,2,2,"{""3"": 2}"
01-PAN-20250210-441-302-L00000100998-CCD23_3,train,1,2,"{""3"": 2}"
01-PAN-20250210-441-302-L00000100998-CCD23_4,train,6,10,"{""3"": 10}"
01-PAN-20250210-441-302-L00000100998-CCD24_1,train,3,4,"{""3"": 4}"
01-PAN-20250210-441-302-L00000100998-CCD24_2,train,2,6,"{""3"": 6}"
01-PAN-20250210-441-302-L00000100998-CCD24_4,train,3,7,"{""3"": 7}"
01-PAN-20250210-441-302-L00000100998-CCD25_5,val,5,6,"{""3"": 6}"
01-PAN-20250210-441-302-L00000100998-CCD25_6,val,7,9,"{""1"": 1, ""2"": 1, ""3"": 7}"
01-PAN-20250210-441-302-L00000100998-CCD26_5,train,2,9,"{""3"": 9}"
01-PAN-20250210-441-302-L00000100998-CCD26_6,train,1,1,"{""2"": 1}"
01-PAN-20250321-446-308-L00000101035-CCD21_4,train,1,1,"{""3"": 1}"
01-PAN-20250328-462-374-L00000101101-CCD19_6,train,2,4,"{""2"": 2, ""3"": 2}"
01-PAN-20250328-462-374-L00000101101-CCD20_5,train,2,8,"{""3"": 8}"
01-PAN-20250328-462-374-L00000101101-CCD20_6,train,5,6,"{""3"": 6}"
01-PAN-20250328-462-374-L00000101101-CCD21_4,train,2,5,"{""2"": 3, ""3"": 2}"
01-PAN-20250328-462-374-L00000101101-CCD21_5,train,13,49,"{""2"": 11, ""3"": 38}"
01-PAN-20250328-462-374-L00000101101-CCD22_2,train,2,4,"{""2"": 2, ""3"": 2}"
01-PAN-20250328-462-374-L00000101101-CCD22_3,train,3,15,"{""2"": 13, ""3"": 2}"
01-PAN-20250328-462-375-L00000101102-CCD19_1,train,3,5,"{""2"": 2, ""3"": 3}"
01-PAN-20250328-462-375-L00000101102-CCD20_1,train,10,16,"{""3"": 16}"
01-PAN-20250328-462-375-L00000101102-CCD20_2,val,6,11,"{""3"": 11}"
01-PAN-20250328-462-375-L00000101102-CCD21_1,train,3,7,"{""3"": 7}"
01-PAN-20250331-442-283-L00000101157-CCD22_2,train,1,1,"{""3"": 1}"
01-PAN-20250331-442-283-L00000101157-CCD22_3,train,2,2,"{""3"": 2}"
01-PAN-20250403-166-186-L00000098801-CCD17_3,val,1,1,"{""3"": 1}"
01-PAN-20250404-004-390-L00000099138-CCD21_3,val,3,5,"{""3"": 5}"
01-PAN-20250404-004-390-L00000099138-CCD21_4,train,1,1,"{""3"": 1}"
01-PAN-20250404-004-398-L00000099146-CCD13_3,val,2,7,"{""2"": 1, ""3"": 6}"
01-PAN-20250404-005-440-L00000099179-CCD9_5,val,3,11,"{""3"": 11}"
01-PAN-20250404-320-224-L00000098913-CCD19_6,val,3,4,"{""3"": 4}"
01-PAN-20250404-320-224-L00000098913-CCD20_5,train,1,1,"{""3"": 1}"
01-PAN-20250404-320-230-L00000098919-CCD6_3,train,2,2,"{""3"": 2}"
01-PAN-20250404-320-230-L00000098919-CCD6_4,train,4,5,"{""3"": 5}"
01-PAN-20250405-061-361-L00000099504-CCD29_2,train,1,1,"{""3"": 1}"
01-PAN-20250405-061-361-L00000099504-CCD29_3,train,2,2,"{""3"": 2}"
01-PAN-20250405-061-362-L00000099505-CCD14_3,train,1,2,"{""3"": 2}"
01-PAN-20250405-061-362-L00000099505-CCD15_3,train,3,4,"{""3"": 4}"
01-PAN-20250405-061-362-L00000099505-CCD22_2,train,2,8,"{""2"": 6, ""3"": 2}"
01-PAN-20250405-061-362-L00000099505-CCD22_3,train,8,30,"{""2"": 16, ""3"": 14}"
01-PAN-20250405-440-262-L00000099257-CCD28_5,train,1,2,"{""3"": 2}"
01-PAN-20250405-440-262-L00000099257-CCD29_5,train,1,3,"{""3"": 3}"
01-PAN-20250405-440-262-L00000099257-CCD31_5,train,4,8,"{""3"": 8}"
01-PAN-20250405-440-262-L00000099257-CCD32_5,val,2,3,"{""3"": 3}"
01-PAN-20250405-469-276-L00000099303-CCD10_3,train,1,2,"{""3"": 2}"
01-PAN-20250405-469-276-L00000099303-CCD11_2,train,1,1,"{""3"": 1}"
01-PAN-20250405-469-276-L00000099303-CCD11_5,train,3,3,"{""3"": 3}"
01-PAN-20250405-469-276-L00000099303-CCD11_6,train,1,1,"{""3"": 1}"
01-PAN-20250405-469-276-L00000099303-CCD12_4,val,1,1,"{""3"": 1}"
01-PAN-20250405-469-277-L00000099304-CCD15_2,train,8,26,"{""3"": 26}"
01-PAN-20250405-469-277-L00000099304-CCD15_6,train,2,2,"{""3"": 2}"
01-PAN-20250405-469-277-L00000099304-CCD17_3,train,1,1,"{""3"": 1}"
01-PAN-20250405-469-277-L00000099304-CCD18_4,val,3,4,"{""3"": 4}"
01-PAN-20250405-469-277-L00000099304-CCD19_4,train,1,1,"{""2"": 1}"
01-PAN-20250405-469-277-L00000099304-CCD19_5,train,3,5,"{""2"": 1, ""3"": 4}"
01-PAN-20250406-463-326-L00000099680-CCD14_1,train,1,1,"{""3"": 1}"
01-PAN-20250406-463-326-L00000099680-CCD14_2,train,3,4,"{""3"": 4}"
01-PAN-20250406-463-334-L00000099688-CCD13_2,train,1,2,"{""3"": 2}"
01-PAN-20250407-169-194-L00000100137-CCD13_1,train,6,10,"{""3"": 10}"
01-PAN-20250407-169-201-L00000100241-CCD9_1,train,3,9,"{""3"": 9}"
01-PAN-20250407-456-301-L00000100047-CCD1_4,train,12,36,"{""3"": 36}"
01-PAN-20250407-456-301-L00000100047-CCD1_5,train,7,12,"{""3"": 12}"
01-PAN-20250407-456-301-L00000100047-CCD1_6,train,4,7,"{""3"": 7}"
01-PAN-20250407-456-303-L00000100049-CCD5_6,train,6,14,"{""1"": 1, ""3"": 13}"
01-PAN-20250407-456-303-L00000100049-CCD6_6,train,4,7,"{""2"": 1, ""3"": 6}"
01-PAN-20250407-456-304-L00000100050-CCD10_3,val,1,2,"{""3"": 2}"
01-PAN-20250407-456-304-L00000100050-CCD11_3,train,5,8,"{""3"": 8}"
01-PAN-20250407-456-304-L00000100050-CCD11_4,train,5,10,"{""3"": 10}"
01-PAN-20250407-456-304-L00000100050-CCD13_3,train,3,8,"{""3"": 8}"
01-PAN-20250407-456-304-L00000100050-CCD14_3,train,4,11,"{""1"": 1, ""2"": 2, ""3"": 8}"
01-PAN-20250407-456-304-L00000100050-CCD14_4,train,3,3,"{""2"": 1, ""3"": 2}"
01-PAN-20250407-456-304-L00000100050-CCD15_2,train,3,16,"{""2"": 16}"
01-PAN-20250407-456-304-L00000100050-CCD15_3,train,4,14,"{""2"": 14}"
01-PAN-20250407-456-304-L00000100050-CCD16_1,train,3,5,"{""3"": 5}"
01-PAN-20250407-456-304-L00000100050-CCD16_2,train,4,7,"{""3"": 7}"
01-PAN-20250407-456-304-L00000100050-CCD5_1,train,4,15,"{""3"": 15}"
01-PAN-20250407-456-304-L00000100050-CCD5_2,train,1,3,"{""3"": 3}"
01-PAN-20250407-456-304-L00000100050-CCD6_1,val,2,2,"{""3"": 2}"
01-PAN-20250407-456-304-L00000100050-CCD6_2,val,3,5,"{""3"": 5}"
01-PAN-20250407-456-304-L00000100050-CCD6_3,train,2,5,"{""3"": 5}"
01-PAN-20250407-456-304-L00000100050-CCD7_2,train,1,3,"{""3"": 3}"
01-PAN-20250407-456-304-L00000100050-CCD7_3,train,4,9,"{""2"": 2, ""3"": 7}"
02-PAN-20250320-146-221-L00000000208-CCD32_1,train,1,1,"{""3"": 1}"
02-PAN-20250321-108-307-L00000000254-CCD17_1,train,3,3,"{""3"": 3}"
02-PAN-20250321-141-166-L00000000249-CCD11_3,train,2,3,"{""3"": 3}"
02-PAN-20250321-141-168-L00000000251-CCD15_2,train,1,1,"{""3"": 1}"
02-PAN-20250321-455-302-L00000000225-CCD1_2,train,1,1,"{""3"": 1}"
02-PAN-20250321-455-302-L00000000225-CCD2_1,train,6,7,"{""3"": 7}"
02-PAN-20250321-455-302-L00000000225-CCD2_2,train,6,8,"{""3"": 8}"
02-PAN-20250321-455-302-L00000000225-CCD2_3,train,1,1,"{""3"": 1}"
02-PAN-20250321-455-302-L00000000225-CCD3_1,train,9,20,"{""3"": 20}"
02-PAN-20250321-455-302-L00000000225-CCD3_2,train,3,4,"{""3"": 4}"
02-PAN-20250321-455-302-L00000000225-CCD4_1,train,1,2,"{""3"": 2}"
02-PAN-20250321-455-302-L00000000225-CCD4_2,train,9,17,"{""3"": 17}"
02-PAN-20250321-455-304-L00000000227-CCD13_4,train,5,13,"{""3"": 13}"
02-PAN-20250321-455-304-L00000000227-CCD13_5,train,3,5,"{""3"": 5}"
02-PAN-20250321-455-304-L00000000227-CCD14_4,train,2,4,"{""3"": 4}"
02-PAN-20250321-455-304-L00000000227-CCD14_5,train,1,1,"{""3"": 1}"
02-PAN-20250321-455-304-L00000000227-CCD15_4,train,1,3,"{""3"": 3}"
02-PAN-20250321-455-304-L00000000227-CCD16_3,train,1,1,"{""3"": 1}"
02-PAN-20250321-455-304-L00000000227-CCD16_4,train,1,2,"{""2"": 2}"
02-PAN-20250321-455-304-L00000000227-CCD17_3,train,4,21,"{""2"": 20, ""3"": 1}"
02-PAN-20250321-455-304-L00000000227-CCD17_4,val,3,10,"{""2"": 10}"
02-PAN-20250321-455-304-L00000000227-CCD17_6,train,1,1,"{""3"": 1}"
02-PAN-20250321-455-304-L00000000227-CCD18_2,train,2,3,"{""3"": 3}"
02-PAN-20250321-455-304-L00000000227-CCD18_3,train,1,1,"{""2"": 1}"
02-PAN-20250321-455-304-L00000000227-CCD18_4,val,1,1,"{""2"": 1}"
02-PAN-20250321-455-304-L00000000227-CCD7_2,train,4,11,"{""2"": 3, ""3"": 8}"
02-PAN-20250321-455-304-L00000000227-CCD7_3,val,3,6,"{""2"": 1, ""3"": 5}"
02-PAN-20250321-455-304-L00000000227-CCD7_4,train,1,1,"{""3"": 1}"
02-PAN-20250321-455-304-L00000000227-CCD7_5,train,2,2,"{""2"": 1, ""3"": 1}"
02-PAN-20250321-455-304-L00000000227-CCD8_2,train,6,16,"{""2"": 3, ""3"": 13}"
02-PAN-20250321-455-304-L00000000227-CCD8_3,train,3,8,"{""3"": 8}"
02-PAN-20250321-455-304-L00000000227-CCD8_4,train,6,8,"{""3"": 8}"
02-PAN-20250321-455-304-L00000000227-CCD8_5,train,1,1,"{""3"": 1}"
02-PAN-20250321-455-304-L00000000227-CCD9_4,train,4,11,"{""2"": 2, ""3"": 9}"
02-PAN-20250323-442-300-L00000000284-CCD2_5,train,3,6,"{""2"": 3, ""3"": 3}"
02-PAN-20250323-442-300-L00000000284-CCD6_6,train,2,6,"{""2"": 6}"
02-PAN-20250323-442-301-L00000000285-CCD5_3,train,1,1,"{""3"": 1}"
02-PAN-20250323-442-301-L00000000285-CCD5_4,train,1,1,"{""3"": 1}"
02-PAN-20250323-442-301-L00000000285-CCD6_2,val,8,13,"{""2"": 7, ""3"": 6}"
02-PAN-20250323-442-301-L00000000285-CCD6_3,train,4,9,"{""3"": 9}"
02-PAN-20250323-442-301-L00000000285-CCD6_5,train,4,6,"{""3"": 6}"
02-PAN-20250323-442-301-L00000000285-CCD7_6,train,2,3,"{""2"": 1, ""3"": 2}"
02-PAN-20250323-442-302-L00000000286-CCD3_3,train,2,2,"{""3"": 2}"
02-PAN-20250323-442-302-L00000000286-CCD3_4,train,1,3,"{""3"": 3}"
02-PAN-20250323-442-302-L00000000286-CCD4_2,train,2,2,"{""3"": 2}"
02-PAN-20250323-442-302-L00000000286-CCD4_6,val,1,1,"{""3"": 1}"
02-PAN-20250323-442-302-L00000000286-CCD5_1,val,2,2,"{""3"": 2}"
02-PAN-20250323-442-302-L00000000286-CCD6_6,train,2,6,"{""0"": 1, ""2"": 5}"
02-PAN-20250323-442-302-L00000000286-CCD7_2,train,9,11,"{""2"": 2, ""3"": 9}"
02-PAN-20250323-442-302-L00000000286-CCD7_3,train,8,17,"{""2"": 3, ""3"": 14}"
02-PAN-20250323-442-302-L00000000286-CCD7_4,val,7,8,"{""3"": 8}"
02-PAN-20250323-442-302-L00000000286-CCD7_5,train,3,4,"{""2"": 1, ""3"": 3}"
02-PAN-20250323-442-302-L00000000286-CCD7_6,val,2,8,"{""2"": 8}"
02-PAN-20250323-442-302-L00000000286-CCD8_2,train,1,1,"{""2"": 1}"
02-PAN-20250323-442-303-L00000000287-CCD6_2,train,3,14,"{""0"": 2, ""2"": 11, ""3"": 1}"
02-PAN-20250323-442-303-L00000000287-CCD7_1,train,1,1,"{""3"": 1}"
02-PAN-20250323-442-303-L00000000287-CCD7_2,train,1,4,"{""2"": 4}"
02-PAN-20250324-468-372-L00000000371-CCD16_3,train,1,1,"{""3"": 1}"
02-PAN-20250324-468-373-L00000000372-CCD16_2,train,1,1,"{""3"": 1}"
02-PAN-20250324-468-373-L00000000372-CCD23_3,train,1,1,"{""3"": 1}"
02-PAN-20250325-081-360-L00000000455-CCD15_6,train,3,6,"{""2"": 6}"
02-PAN-20250325-081-361-L00000000456-CCD15_1,val,3,8,"{""2"": 8}"
02-PAN-20250325-081-361-L00000000456-CCD15_3,val,2,2,"{""3"": 2}"
02-PAN-20250325-081-361-L00000000456-CCD15_4,train,1,1,"{""3"": 1}"
02-PAN-20250325-081-361-L00000000456-CCD15_5,train,1,1,"{""3"": 1}"
02-PAN-20250325-081-361-L00000000456-CCD16_4,train,2,3,"{""3"": 3}"
02-PAN-20250325-462-360-L00000000422-CCD12_2,train,4,8,"{""2"": 3, ""3"": 5}"
02-PAN-20250325-462-360-L00000000422-CCD12_3,train,2,2,"{""3"": 2}"
02-PAN-20250325-462-360-L00000000422-CCD21_4,train,2,3,"{""3"": 3}"
02-PAN-20250325-462-360-L00000000422-CCD22_4,train,1,1,"{""3"": 1}"
02-PAN-20250326-108-335-L00000000593-CCD19_4,train,1,1,"{""3"": 1}"
02-PAN-20250326-108-335-L00000000593-CCD19_5,val,1,1,"{""3"": 1}"
02-PAN-20250326-108-335-L00000000593-CCD20_3,val,3,3,"{""3"": 3}"
02-PAN-20250327-133-317-L00000000542-CCD32_4,train,2,4,"{""3"": 4}"
02-PAN-20250329-087-336-L00000000675-CCD18_6,train,1,1,"{""3"": 1}"
02-PAN-20250329-087-337-L00000000676-CCD11_6,val,1,1,"{""3"": 1}"
02-PAN-20250329-087-337-L00000000676-CCD17_1,train,1,1,"{""3"": 1}"
02-PAN-20250329-087-337-L00000000676-CCD18_1,train,1,1,"{""3"": 1}"
02-PAN-20250329-087-338-L00000000677-CCD10_3,train,1,1,"{""3"": 1}"
02-PAN-20250329-087-338-L00000000677-CCD10_4,train,3,5,"{""3"": 5}"
02-PAN-20250329-087-338-L00000000677-CCD11_3,train,4,8,"{""3"": 8}"
02-PAN-20250329-087-338-L00000000677-CCD11_4,train,2,3,"{""3"": 3}"
02-PAN-20250329-089-274-L00000000683-CCD14_4,train,1,1,"{""3"": 1}"
02-PAN-20250329-212-808-L00000000701-CCD24_3,train,1,1,"{""3"": 1}"
02-PAN-20250329-467-288-L00000000665-CCD10_5,train,2,5,"{""3"": 5}"
02-PAN-20250329-467-288-L00000000665-CCD14_3,val,1,1,"{""3"": 1}"
02-PAN-20250329-467-288-L00000000665-CCD16_3,train,1,1,"{""3"": 1}"
02-PAN-20250329-467-288-L00000000665-CCD19_5,val,1,1,"{""3"": 1}"
02-PAN-20250329-467-290-L00000000667-CCD25_5,train,1,1,"{""3"": 1}"
02-PAN-20250329-467-290-L00000000667-CCD26_5,val,2,2,"{""3"": 2}"
02-PAN-20250329-467-290-L00000000667-CCD27_6,train,1,2,"{""3"": 2}"
02-PAN-20250330-461-282-L00000000742-CCD26_1,train,1,1,"{""3"": 1}"
02-PAN-20250330-461-284-L00000000744-CCD20_1,val,6,19,"{""3"": 19}"
02-PAN-20250330-461-284-L00000000744-CCD23_4,val,6,12,"{""3"": 12}"
02-PAN-20250402-255-280-L00000001117-CCD10_4,train,3,3,"{""3"": 3}"
02-PAN-20250402-255-354-L00000001127-CCD8_5,train,3,4,"{""3"": 4}"
02-PAN-20250403-149-294-L00000001223-CCD16_6,train,5,17,"{""3"": 17}"
02-PAN-20250403-149-294-L00000001223-CCD17_6,train,1,2,"{""3"": 2}"
02-PAN-20250403-149-295-L00000001224-CCD15_2,train,6,6,"{""3"": 6}"
02-PAN-20250403-149-295-L00000001224-CCD16_2,train,7,7,"{""3"": 7}"
02-PAN-20250403-149-295-L00000001224-CCD16_3,train,3,20,"{""3"": 20}"
02-PAN-20250403-149-295-L00000001224-CCD17_1,train,1,1,"{""3"": 1}"
02-PAN-20250403-209-692-L00000001219-CCD14_6,train,1,1,"{""3"": 1}"
02-PAN-20250403-466-364-L00000001478-CCD18_1,train,4,6,"{""3"": 6}"
02-PAN-20250403-466-364-L00000001478-CCD18_2,train,2,2,"{""2"": 1, ""3"": 1}"
02-PAN-20250403-466-364-L00000001478-CCD18_3,train,6,11,"{""2"": 5, ""3"": 6}"
02-PAN-20250403-466-364-L00000001478-CCD18_4,val,6,13,"{""3"": 13}"
02-PAN-20250405-013-428-L00000001337-CCD28_3,train,6,15,"{""3"": 15}"
02-PAN-20250405-013-428-L00000001337-CCD28_6,train,2,2,"{""3"": 2}"
02-PAN-20250405-013-428-L00000001337-CCD29_1,train,8,23,"{""3"": 23}"
02-PAN-20250405-013-428-L00000001337-CCD29_3,train,6,8,"{""3"": 8}"
02-PAN-20250405-013-430-L00000001339-CCD20_2,train,1,1,"{""3"": 1}"
02-PAN-20250405-013-430-L00000001339-CCD20_3,train,1,1,"{""3"": 1}"
02-PAN-20250405-013-430-L00000001339-CCD26_4,train,3,10,"{""1"": 3, ""2"": 7}"
02-PAN-20250414-140-169-L00000002665-CCD14_1,val,1,1,"{""3"": 1}"
02-PAN-20250414-140-169-L00000002665-CCD22_1,train,1,1,"{""3"": 1}"
02-PAN-20250414-140-169-L00000002665-CCD23_6,val,1,1,"{""3"": 1}"
02-PAN-20250414-140-170-L00000002666-CCD8_5,val,1,1,"{""3"": 1}"
02-PAN-20250414-201-668-L00000002680-CCD19_2,train,1,1,"{""3"": 1}"
02-PAN-20250414-201-668-L00000002680-CCD20_5,train,2,3,"{""3"": 3}"
02-PAN-20250414-201-668-L00000002680-CCD29_2,val,3,3,"{""3"": 3}"
02-PAN-20250414-201-669-L00000002681-CCD20_1,train,2,2,"{""3"": 2}"
02-PAN-20250414-201-674-L00000002686-CCD14_6,val,1,1,"{""3"": 1}"
02-PAN-20250415-449-299-L00000002688-CCD28_4,train,1,1,"{""3"": 1}"
02-PAN-20250415-449-299-L00000002688-CCD30_3,train,1,1,"{""3"": 1}"
02-PAN-20250415-449-300-L00000002689-CCD26_4,train,1,1,"{""3"": 1}"
02-PAN-20250415-449-300-L00000002689-CCD28_1,train,1,1,"{""3"": 1}"
02-PAN-20250415-449-307-L00000002696-CCD11_6,train,2,4,"{""3"": 4}"
02-PAN-20250415-449-307-L00000002696-CCD6_5,train,1,1,"{""3"": 1}"
02-PAN-20250415-449-307-L00000002696-CCD7_5,val,2,2,"{""3"": 2}"
02-PAN-20250415-449-308-L00000002697-CCD11_1,train,2,2,"{""3"": 2}"
02-PAN-20250415-449-309-L00000002698-CCD29_6,train,1,3,"{""3"": 3}"
02-PAN-20250415-449-310-L00000002699-CCD12_4,train,1,1,"{""3"": 1}"
02-PAN-20250415-449-310-L00000002699-CCD30_1,train,1,3,"{""3"": 3}"
02-PAN-20250415-449-310-L00000002699-CCD31_5,val,1,1,"{""3"": 1}"
02-PAN-20250415-449-311-L00000002700-CCD24_6,train,2,5,"{""3"": 5}"
02-PAN-20250415-449-311-L00000002700-CCD25_6,train,3,3,"{""3"": 3}"
02-PAN-20250415-449-312-L00000002701-CCD24_1,train,3,5,"{""3"": 5}"
02-PAN-20250415-449-312-L00000002701-CCD25_1,val,2,2,"{""3"": 2}"
02-PAN-20250415-449-312-L00000002701-CCD3_6,train,2,2,"{""3"": 2}"
02-PAN-20250415-449-313-L00000002702-CCD3_1,train,4,5,"{""3"": 5}"
02-PAN-20250415-449-313-L00000002702-CCD4_1,train,3,6,"{""3"": 6}"
02-PAN-20250415-449-313-L00000002702-CCD9_6,train,1,2,"{""3"": 2}"
02-PAN-20250415-449-314-L00000002703-CCD9_1,train,3,4,"{""3"": 4}"
02-PAN-20250415-449-317-L00000002706-CCD16_6,train,1,1,"{""3"": 1}"
02-PAN-20250415-449-317-L00000002706-CCD30_6,val,1,1,"{""3"": 1}"
02-PAN-20250415-449-317-L00000002706-CCD31_6,train,1,1,"{""3"": 1}"
02-PAN-20250415-449-318-L00000002707-CCD23_2,train,1,1,"{""3"": 1}"
02-PAN-20250415-449-318-L00000002707-CCD25_1,train,1,1,"{""3"": 1}"
02-PAN-20250415-449-318-L00000002707-CCD31_1,train,1,1,"{""3"": 1}"
02-PAN-20250415-449-319-L00000002708-CCD4_2,train,1,1,"{""3"": 1}"
02-PAN-20250415-449-320-L00000002709-CCD25_5,val,1,1,"{""3"": 1}"
02-PAN-20250415-449-320-L00000002711-CCD25_2,train,1,1,"{""3"": 1}"
02-PAN-20250415-449-321-L00000002710-CCD25_4,train,1,1,"{""3"": 1}"
02-PAN-20250415-449-321-L00000002712-CCD12_6,train,1,1,"{""3"": 1}"
02-PAN-20250415-449-321-L00000002712-CCD26_4,val,1,1,"{""3"": 1}"
E103.9_N1.2_20200419_L1A0004749016-PAN20,train,4,4,"{""3"": 4}"
E103.9_N1.2_20200419_L1A0004749016-PAN21,val,6,7,"{""3"": 7}"
E103.9_N1.2_20200419_L1A0004749016-PAN22,train,6,18,"{""3"": 18}"
E103.9_N1.2_20200419_L1A0004749016-PAN24,train,1,1,"{""3"": 1}"
E103.9_N1.2_20200419_L1A0004749016-PAN25,train,20,31,"{""3"": 31}"
E103.9_N1.2_20200419_L1A0004749016-PAN26,val,17,31,"{""3"": 31}"
E103.9_N1.2_20200419_L1A0004749016-PAN27,train,17,24,"{""3"": 24}"
E103.9_N1.2_20200419_L1A0004749016-PAN28,train,8,10,"{""3"": 10}"
E103.9_N1.2_20200419_L1A0004749016-PAN29,train,2,2,"{""3"": 2}"
E112.9_N9.5_20151204_L1A0001219553-PAN22,train,4,14,"{""3"": 14}"
E120.2_N14.7_20161023_L1A0001910573-PAN10,train,1,1,"{""3"": 1}"
E120.2_N14.7_20161023_L1A0001910573-PAN12,train,3,10,"{""3"": 10}"
E120.2_N14.7_20161023_L1A0001910573-PAN15,val,3,7,"{""3"": 7}"
E120.2_N14.7_20161023_L1A0001910573-PAN19,val,4,8,"{""3"": 8}"
E120.2_N14.7_20190309_L1A0003875932-PAN10,train,2,2,"{""3"": 2}"
E120.2_N14.7_20190309_L1A0003875932-PAN13,train,1,1,"{""3"": 1}"
E120.2_N14.7_20190309_L1A0003875932-PAN14,train,1,1,"{""3"": 1}"
E120.2_N14.7_20190309_L1A0003875932-PAN17,train,1,1,"{""3"": 1}"
E120.2_N14.9_20190309_L1A0003875931-PAN11,train,1,1,"{""3"": 1}"
E120.2_N14.9_20190309_L1A0003875931-PAN13,val,1,2,"{""3"": 2}"
E120.2_N14.9_20190309_L1A0003875931-PAN15,train,4,6,"{""3"": 6}"
E121.9_N31.2_20181003_L2A0003786874-PAN11,train,2,2,"{""3"": 2}"
E121.9_N31.2_20181003_L2A0003786874-PAN12,train,2,2,"{""3"": 2}"
E121.9_N31.2_20181003_L2A0003786874-PAN14,train,3,6,"{""3"": 6}"
E121.9_N31.2_20181003_L2A0003786874-PAN15,train,3,4,"{""3"": 4}"
E121.9_N31.2_20181003_L2A0003786874-PAN18,train,2,2,"{""3"": 2}"
E127.6_N26.2_20190313_L1A0003881008-PAN18,train,1,1,"{""3"": 1}"
E127.9_N26.4_20170304_L1A0002218828-PAN14,train,2,3,"{""3"": 3}"
E127.9_N26.4_20181214_L1A0003681395-PAN18,train,1,1,"{""3"": 1}"
E128.0_N26.3_20180531_L1A0003228719-PAN20,train,1,1,"{""2"": 1}"
E129.6_N33.1_20161027_L1A0001918498-PAN25,train,1,3,"{""3"": 3}"
E129.6_N33.1_20161027_L1A0001931206-PAN29,train,6,17,"{""2"": 12, ""3"": 5}"
E129.6_N33.1_20180412_L1A0003117760-PAN23,val,4,21,"{""1"": 2, ""2"": 18, ""3"": 1}"
E129.6_N33.1_20180412_L1A0003117760-PAN26,train,1,1,"{""3"": 1}"
E129.6_N33.1_20180808_L1A0003377803-PAN20,train,1,3,"{""3"": 3}"
E129.6_N33.1_20181105_L1A0003574686-PAN21,train,1,3,"{""3"": 3}"
E129.6_N33.1_20190620_L1A0004068124-PAN14,train,1,1,"{""3"": 1}"
E129.6_N33.1_20190620_L1A0004068124-PAN18,train,1,1,"{""3"": 1}"
E129.7_N33.1_20190212_L1A0003826486-PAN26,val,3,10,"{""2"": 8, ""3"": 2}"
E129.7_N33.1_20190212_L1A0003826486-PAN29,val,2,4,"{""3"": 4}"
E129.7_N33.1_20191021_L1A0004327310-PAN10,val,4,7,"{""2"": 5, ""3"": 2}"
E129.7_N33.1_20191021_L1A0004327310-PAN14,train,1,1,"{""3"": 1}"
E129.7_N33.1_20191021_L1A0004327310-PAN15,train,1,1,"{""3"": 1}"
E129.7_N33.1_20191021_L1A0004327310-PAN17,train,1,1,"{""3"": 1}"
E129.8_N33.1_20160512_L1A0001578277-PAN18,train,3,3,"{""2"": 2, ""3"": 1}"
E139.6_N35.2_20170206_L1A0002169368-PAN20,train,3,3,"{""2"": 1, ""3"": 2}"
E139.6_N35.2_20200404_L1A0004719335-PAN25,train,3,11,"{""0"": 1, ""2"": 8, ""3"": 2}"
E139.6_N35.3_20160202_L1A0001384774-PAN10,train,1,2,"{""3"": 2}"
E139.6_N35.3_20160202_L1A0001384774-PAN12,train,2,8,"{""0"": 1, ""2"": 5, ""3"": 2}"
E139.6_N35.3_20160202_L1A0001384774-PAN17,train,3,3,"{""2"": 1, ""3"": 2}"
E139.6_N35.3_20160202_L1A0001384774-PAN19,val,4,18,"{""0"": 1, ""1"": 1, ""2"": 13, ""3"": 3}"
E139.6_N35.3_20170122_L1A0002138611-PAN11,train,6,19,"{""0"": 1, ""2"": 15, ""3"": 3}"
E139.6_N35.3_20170312_L1A0002233573-PAN11,train,5,19,"{""2"": 17, ""3"": 2}"
E139.6_N35.3_20170312_L1A0002233573-PAN12,train,5,21,"{""2"": 19, ""3"": 2}"
E139.6_N35.3_20190121_L1A0003778345-PAN12,train,1,1,"{""3"": 1}"
E139.6_N35.3_20190121_L1A0003778345-PAN19,train,2,4,"{""3"": 4}"
E139.6_N35.3_20190126_L1A0003789781-PAN10,train,1,1,"{""3"": 1}"
E139.6_N35.3_20190126_L1A0003789781-PAN13,train,1,1,"{""3"": 1}"
E139.6_N35.3_20190126_L1A0003789781-PAN16,train,3,21,"{""0"": 1, ""2"": 19, ""3"": 1}"
E139.6_N35.3_20190126_L1A0003789781-PAN19,train,1,1,"{""3"": 1}"
E139.6_N35.3_20200101_L1A0004517353-PAN10,val,4,16,"{""2"": 14, ""3"": 2}"
E139.6_N35.3_20200101_L1A0004517353-PAN14,train,1,1,"{""3"": 1}"
E139.6_N35.4_20180420_L1A0003133739-PAN12,train,2,4,"{""2"": 2, ""3"": 2}"
E139.6_N35.4_20180420_L1A0003133739-PAN13,val,12,34,"{""2"": 3, ""3"": 31}"
E139.6_N35.4_20180420_L1A0003133739-PAN15,val,8,16,"{""3"": 16}"
E139.6_N35.4_20180420_L1A0003133739-PAN16,val,2,2,"{""3"": 2}"
E139.6_N35.4_20180420_L1A0003133739-PAN19,train,2,2,"{""3"": 2}"
E139.7_N35.2_20150922_L1A0001053752-PAN20,train,3,14,"{""1"": 1, ""2"": 11, ""3"": 2}"
E139.7_N35.2_20150922_L1A0001053752-PAN23,train,4,31,"{""1"": 1, ""2"": 29, ""3"": 1}"
E139.7_N35.2_20150922_L1A0001053752-PAN26,train,1,1,"{""3"": 1}"
E139.7_N35.2_20150922_L1A0001053752-PAN27,train,1,1,"{""3"": 1}"
E139.7_N35.2_20161015_L1A0001890784-PAN23,val,2,4,"{""2"": 2, ""3"": 2}"
E139.7_N35.2_20170112_L1A0002115142-PAN23,train,3,16,"{""0"": 1, ""2"": 15}"
E139.7_N35.2_20170112_L1A0002115142-PAN25,train,1,1,"{""3"": 1}"
E139.7_N35.2_20170112_L1A0002115142-PAN28,train,1,1,"{""3"": 1}"
E139.7_N35.2_20170117_L1A0002128335-PAN27,train,3,3,"{""3"": 3}"
E139.7_N35.2_20170117_L1A0002128335-PAN28,train,2,2,"{""3"": 2}"
E139.7_N35.2_20170530_L1A0002390511-PAN24,val,2,2,"{""3"": 2}"
E139.7_N35.3_20170121_L1A0002135991-PAN10,train,1,1,"{""3"": 1}"
E139.7_N35.3_20170121_L1A0002135991-PAN11,train,1,5,"{""3"": 5}"
E139.7_N35.3_20170121_L1A0002135991-PAN12,train,6,11,"{""1"": 2, ""3"": 9}"
E139.7_N35.3_20170121_L1A0002135991-PAN13,train,3,4,"{""3"": 4}"
E139.7_N35.3_20170121_L1A0002135991-PAN18,train,2,2,"{""3"": 2}"
E139.7_N35.3_20170121_L1A0002135991-PAN19,train,3,15,"{""0"": 1, ""2"": 13, ""3"": 1}"
E144.7_N13.5_20181012_L1A0003513249-PAN13,train,3,5,"{""2"": 2, ""3"": 3}"
E144.7_N13.5_20190314_L1A0003883169-PAN11,train,1,1,"{""2"": 1}"
E144.7_N13.5_20190314_L1A0003883169-PAN14,val,1,1,"{""2"": 1}"
E144.7_N13.5_20190314_L1A0003883169-PAN16,train,1,2,"{""2"": 2}"
E144.7_N13.5_20190329_L1A0003910727-PAN13,train,1,1,"{""3"": 1}"
E144.7_N13.5_20190329_L1A0003910727-PAN16,val,2,2,"{""2"": 1, ""3"": 1}"
E144.7_N13.5_20190329_L1A0003910727-PAN18,val,2,3,"{""2"": 3}"
E144.7_N13.5_20190517_L1A0004005129-PAN10,train,2,2,"{""2"": 1, ""3"": 1}"
MAR20_1,train,1,3,"{""5"": 2, ""13"": 1}"
MAR20_10,val,1,4,"{""5"": 4}"
MAR20_100,val,1,6,"{""6"": 6}"
MAR20_1000,train,1,3,"{""5"": 2, ""6"": 1}"
MAR20_1001,train,1,4,"{""5"": 1, ""6"": 3}"
MAR20_1002,train,1,13,"{""4"": 4, ""22"": 9}"
MAR20_1004,train,1,5,"{""23"": 5}"
MAR20_1005,train,1,2,"{""5"": 1, ""13"": 1}"
MAR20_1006,train,1,2,"{""18"": 2}"
MAR20_1007,train,1,1,"{""19"": 1}"
MAR20_1008,train,1,11,"{""5"": 11}"
MAR20_1009,train,1,6,"{""20"": 6}"
MAR20_101,train,1,4,"{""6"": 4}"
MAR20_1010,train,1,5,"{""4"": 3, ""22"": 2}"
MAR20_1011,val,1,8,"{""22"": 8}"
MAR20_1012,train,1,6,"{""15"": 4, ""20"": 2}"
MAR20_1013,val,1,4,"{""8"": 4}"
MAR20_1014,train,1,8,"{""16"": 8}"
MAR20_1015,train,1,6,"{""15"": 3, ""20"": 3}"
MAR20_1016,train,1,4,"{""4"": 3, ""22"": 1}"
MAR20_1018,train,1,4,"{""4"": 4}"
MAR20_1019,train,1,3,"{""17"": 3}"
MAR20_102,train,1,8,"{""5"": 7, ""6"": 1}"
MAR20_1020,val,1,7,"{""4"": 6, ""22"": 1}"
MAR20_1021,train,1,3,"{""5"": 3}"
MAR20_1022,train,1,7,"{""16"": 7}"
MAR20_1023,val,1,2,"{""23"": 2}"
MAR20_1024,train,1,4,"{""10"": 4}"
MAR20_1025,val,1,5,"{""19"": 5}"
MAR20_1026,train,1,6,"{""18"": 6}"
MAR20_1027,train,1,4,"{""4"": 4}"
MAR20_1028,train,1,3,"{""20"": 3}"
MAR20_1029,val,1,8,"{""19"": 8}"
MAR20_103,train,1,2,"{""10"": 2}"
MAR20_1030,train,1,7,"{""22"": 3, ""23"": 4}"
MAR20_1031,val,1,5,"{""17"": 5}"
MAR20_1032,train,1,4,"{""5"": 1, ""16"": 3}"
MAR20_1033,val,1,5,"{""4"": 4, ""22"": 1}"
MAR20_1034,train,1,10,"{""4"": 8, ""22"": 2}"
MAR20_1035,train,1,3,"{""12"": 3}"
MAR20_1036,train,1,4,"{""16"": 4}"
MAR20_1037,val,1,2,"{""8"": 2}"
MAR20_1038,train,1,1,"{""19"": 1}"
MAR20_1039,train,1,4,"{""16"": 4}"
MAR20_104,val,1,3,"{""10"": 3}"
MAR20_1040,train,1,4,"{""13"": 4}"
MAR20_1041,val,1,4,"{""5"": 4}"
MAR20_1042,train,1,9,"{""4"": 4, ""22"": 5}"
MAR20_1043,train,1,6,"{""7"": 5, ""21"": 1}"
MAR20_1044,train,1,3,"{""8"": 3}"
MAR20_1045,train,1,4,"{""11"": 4}"
MAR20_1046,train,1,6,"{""8"": 6}"
MAR20_1047,train,1,5,"{""5"": 1, ""10"": 1, ""12"": 3}"
MAR20_1048,train,1,4,"{""17"": 4}"
MAR20_1049,train,1,4,"{""12"": 4}"
MAR20_105,train,1,1,"{""10"": 1}"
MAR20_1050,train,1,5,"{""7"": 5}"
MAR20_1051,train,1,14,"{""5"": 14}"
MAR20_1052,train,1,8,"{""8"": 8}"
MAR20_1053,train,1,5,"{""18"": 5}"
MAR20_1054,val,1,14,"{""19"": 14}"
MAR20_1055,train,1,1,"{""14"": 1}"
MAR20_1056,val,1,3,"{""23"": 3}"
MAR20_1057,val,1,7,"{""13"": 6, ""14"": 1}"
MAR20_106,train,1,2,"{""6"": 1, ""10"": 1}"
MAR20_1060,train,1,1,"{""14"": 1}"
MAR20_1061,train,1,8,"{""4"": 8}"
MAR20_1062,train,1,3,"{""5"": 2, ""17"": 1}"
MAR20_1063,train,1,3,"{""13"": 3}"
MAR20_1064,val,1,6,"{""5"": 1, ""12"": 5}"
MAR20_1066,train,1,5,"{""7"": 5}"
MAR20_1067,train,1,3,"{""11"": 3}"
MAR20_1069,train,1,6,"{""5"": 3, ""10"": 2, ""14"": 1}"
MAR20_107,train,1,2,"{""6"": 1, ""10"": 1}"
MAR20_1070,train,1,1,"{""18"": 1}"
MAR20_1071,val,1,2,"{""17"": 2}"
MAR20_1072,train,1,5,"{""6"": 5}"
MAR20_1074,val,1,36,"{""7"": 10, ""16"": 26}"
MAR20_1075,val,1,7,"{""6"": 6, ""21"": 1}"
MAR20_1076,train,1,10,"{""5"": 3, ""12"": 1, ""14"": 2, ""16"": 1, ""17"": 3}"
MAR20_1077,val,1,3,"{""4"": 3}"
MAR20_1078,train,1,6,"{""4"": 6}"
MAR20_1079,val,1,1,"{""16"": 1}"
MAR20_108,train,1,2,"{""5"": 1, ""10"": 1}"
MAR20_1080,train,1,3,"{""13"": 3}"
MAR20_1081,val,1,4,"{""4"": 4}"
MAR20_1082,train,1,6,"{""20"": 6}"
MAR20_1084,train,1,1,"{""17"": 1}"
MAR20_1085,train,1,3,"{""22"": 2, ""23"": 1}"
MAR20_1086,val,1,7,"{""18"": 7}"
MAR20_1087,train,1,2,"{""4"": 2}"
MAR20_1088,train,1,6,"{""8"": 6}"
MAR20_1089,train,1,5,"{""5"": 4, ""6"": 1}"
MAR20_109,train,1,1,"{""10"": 1}"
MAR20_1090,train,1,2,"{""17"": 2}"
MAR20_1091,train,1,7,"{""4"": 6, ""22"": 1}"
MAR20_1092,train,1,6,"{""6"": 6}"
MAR20_1093,train,1,3,"{""8"": 3}"
MAR20_1096,val,1,2,"{""5"": 2}"
MAR20_1098,train,1,10,"{""17"": 10}"
MAR20_1099,train,1,11,"{""5"": 11}"
MAR20_11,val,1,3,"{""5"": 3}"
MAR20_110,train,1,3,"{""5"": 1, ""10"": 2}"
MAR20_1100,train,1,9,"{""5"": 1, ""6"": 8}"
MAR20_1103,train,1,2,"{""6"": 1, ""14"": 1}"
MAR20_1104,val,1,2,"{""8"": 2}"
MAR20_1105,train,1,4,"{""11"": 3, ""13"": 1}"
MAR20_1106,train,1,4,"{""14"": 1, ""17"": 3}"
MAR20_1107,train,1,1,"{""19"": 1}"
MAR20_1108,train,1,9,"{""4"": 3, ""22"": 6}"
MAR20_1109,train,1,1,"{""8"": 1}"
MAR20_1110,val,1,8,"{""11"": 8}"
MAR20_1111,val,1,5,"{""17"": 5}"
MAR20_1113,train,1,2,"{""5"": 1, ""6"": 1}"
MAR20_1114,train,1,3,"{""14"": 1, ""17"": 1, ""21"": 1}"
MAR20_1115,train,1,5,"{""23"": 5}"
MAR20_1116,train,1,5,"{""22"": 1, ""23"": 4}"
MAR20_1118,val,1,9,"{""6"": 9}"
MAR20_1119,train,1,5,"{""5"": 1, ""12"": 4}"
MAR20_112,val,1,2,"{""10"": 2}"
MAR20_1120,train,1,9,"{""16"": 9}"
MAR20_1121,train,1,4,"{""18"": 4}"
MAR20_1122,val,1,13,"{""22"": 8, ""23"": 5}"
MAR20_1123,train,1,2,"{""14"": 2}"
MAR20_1124,train,1,8,"{""8"": 8}"
MAR20_1125,val,1,6,"{""12"": 6}"
MAR20_1127,train,1,7,"{""19"": 7}"
MAR20_1128,val,1,5,"{""8"": 5}"
MAR20_1129,train,1,12,"{""13"": 12}"
MAR20_113,train,1,2,"{""10"": 2}"
MAR20_1130,train,1,4,"{""23"": 4}"
MAR20_1131,train,1,4,"{""20"": 4}"
MAR20_1133,train,1,3,"{""23"": 3}"
MAR20_1135,train,1,6,"{""15"": 3, ""20"": 3}"
MAR20_1136,train,1,1,"{""16"": 1}"
MAR20_1138,val,1,6,"{""15"": 3, ""20"": 3}"
MAR20_114,train,1,2,"{""10"": 2}"
MAR20_1140,train,1,3,"{""22"": 3}"
MAR20_1141,train,1,3,"{""20"": 3}"
MAR20_1143,train,1,2,"{""12"": 2}"
MAR20_1144,train,1,8,"{""4"": 7, ""22"": 1}"
MAR20_1145,train,1,12,"{""19"": 12}"
MAR20_1146,train,1,4,"{""7"": 3, ""17"": 1}"
MAR20_1147,train,1,3,"{""10"": 1, ""11"": 1, ""13"": 1}"
MAR20_1148,train,1,5,"{""10"": 2, ""14"": 2, ""17"": 1}"
MAR20_1149,val,1,3,"{""12"": 3}"
MAR20_1150,val,1,3,"{""4"": 3}"
MAR20_1151,train,1,8,"{""20"": 8}"
MAR20_1153,train,1,4,"{""17"": 4}"
MAR20_1155,train,1,12,"{""19"": 12}"
MAR20_1156,train,1,4,"{""22"": 3, ""23"": 1}"
MAR20_1157,train,1,6,"{""22"": 6}"
MAR20_1158,train,1,4,"{""10"": 4}"
MAR20_1160,train,1,4,"{""15"": 4}"
MAR20_1162,train,1,8,"{""9"": 2, ""20"": 6}"
MAR20_1163,train,1,15,"{""16"": 5, ""18"": 10}"
MAR20_1164,train,1,4,"{""20"": 4}"
MAR20_1165,train,1,10,"{""22"": 5, ""23"": 5}"
MAR20_1167,val,1,9,"{""19"": 9}"
MAR20_1168,val,1,3,"{""11"": 3}"
MAR20_1169,train,1,4,"{""5"": 3, ""12"": 1}"
MAR20_117,train,1,1,"{""10"": 1}"
MAR20_1170,val,1,6,"{""10"": 1, ""14"": 1, ""17"": 4}"
MAR20_1171,val,1,7,"{""13"": 7}"
MAR20_1172,train,1,2,"{""13"": 2}"
MAR20_1173,val,1,16,"{""19"": 16}"
MAR20_1175,train,1,4,"{""11"": 3, ""13"": 1}"
MAR20_1176,train,1,2,"{""17"": 2}"
MAR20_1177,train,1,7,"{""4"": 3, ""15"": 1, ""20"": 3}"
MAR20_1179,train,1,3,"{""11"": 3}"
MAR20_118,train,1,4,"{""10"": 4}"
MAR20_1180,train,1,16,"{""12"": 16}"
MAR20_1181,train,1,13,"{""8"": 13}"
MAR20_1182,train,1,6,"{""7"": 6}"
MAR20_1183,val,1,7,"{""12"": 7}"
MAR20_1184,train,1,3,"{""15"": 2, ""20"": 1}"
MAR20_1186,train,1,8,"{""7"": 8}"
MAR20_1187,train,1,2,"{""17"": 2}"
MAR20_1188,train,1,15,"{""19"": 15}"
MAR20_1189,train,1,2,"{""23"": 2}"
MAR20_119,train,1,2,"{""10"": 2}"
MAR20_1192,train,1,3,"{""16"": 3}"
MAR20_1193,train,1,6,"{""12"": 6}"
MAR20_1194,val,1,3,"{""17"": 3}"
MAR20_1196,train,1,8,"{""8"": 8}"
MAR20_1197,train,1,8,"{""19"": 8}"
MAR20_1198,train,1,20,"{""19"": 20}"
MAR20_1199,train,1,2,"{""8"": 2}"
MAR20_12,train,1,2,"{""5"": 2}"
MAR20_120,val,1,5,"{""10"": 5}"
MAR20_1200,train,1,8,"{""19"": 8}"
MAR20_1202,train,1,7,"{""19"": 7}"
MAR20_1203,train,1,3,"{""6"": 3}"
MAR20_1204,train,1,4,"{""14"": 4}"
MAR20_1206,train,1,2,"{""5"": 1, ""12"": 1}"
MAR20_1207,train,1,4,"{""10"": 2, ""14"": 2}"
MAR20_121,train,1,6,"{""10"": 6}"
MAR20_1210,train,1,8,"{""19"": 8}"
MAR20_1211,train,1,9,"{""12"": 5, ""19"": 4}"
MAR20_1212,train,1,1,"{""17"": 1}"
MAR20_1213,train,1,9,"{""16"": 9}"
MAR20_1214,train,1,2,"{""23"": 2}"
MAR20_1215,train,1,7,"{""4"": 6, ""22"": 1}"
MAR20_1216,train,1,2,"{""19"": 2}"
MAR20_1217,train,1,4,"{""23"": 4}"
MAR20_1218,train,1,5,"{""4"": 5}"
MAR20_122,val,1,2,"{""10"": 2}"
MAR20_1220,train,1,2,"{""8"": 2}"
MAR20_1221,train,1,3,"{""5"": 1, ""12"": 2}"
MAR20_1222,train,1,4,"{""8"": 4}"
MAR20_1223,train,1,8,"{""15"": 4, ""20"": 4}"
MAR20_1224,train,1,7,"{""8"": 7}"
MAR20_1225,train,1,5,"{""15"": 2, ""20"": 3}"
MAR20_1227,train,1,2,"{""17"": 2}"
MAR20_1228,train,1,6,"{""22"": 6}"
MAR20_1229,train,1,9,"{""13"": 9}"
MAR20_1231,train,1,3,"{""4"": 3}"
MAR20_1232,train,1,2,"{""8"": 2}"
MAR20_1233,train,1,9,"{""5"": 1, ""11"": 1, ""14"": 2, ""16"": 4, ""17"": 1}"
MAR20_1234,train,1,7,"{""8"": 7}"
MAR20_1235,train,1,1,"{""23"": 1}"
MAR20_1236,train,1,1,"{""17"": 1}"
MAR20_1238,train,1,3,"{""20"": 3}"
MAR20_1239,train,1,4,"{""4"": 4}"
MAR20_124,train,1,3,"{""10"": 3}"
MAR20_1241,train,1,6,"{""5"": 6}"
MAR20_1242,val,1,14,"{""19"": 14}"
MAR20_1243,train,1,1,"{""22"": 1}"
MAR20_1244,train,1,6,"{""6"": 1, ""17"": 5}"
MAR20_1245,train,1,5,"{""16"": 5}"
MAR20_1249,train,1,8,"{""19"": 8}"
MAR20_1250,train,1,1,"{""10"": 1}"
MAR20_1251,train,1,8,"{""10"": 8}"
MAR20_1252,train,1,3,"{""22"": 3}"
MAR20_1253,train,1,13,"{""19"": 13}"
MAR20_1254,train,1,3,"{""20"": 3}"
MAR20_1255,train,1,1,"{""17"": 1}"
MAR20_1256,train,1,2,"{""18"": 2}"
MAR20_1257,val,1,2,"{""4"": 2}"
MAR20_1258,train,1,13,"{""19"": 13}"
MAR20_1259,val,1,6,"{""17"": 6}"
MAR20_126,train,1,2,"{""10"": 2}"
MAR20_1260,train,1,3,"{""17"": 3}"
MAR20_1261,train,1,4,"{""17"": 4}"
MAR20_1262,train,1,6,"{""8"": 6}"
MAR20_1263,train,1,15,"{""12"": 3, ""19"": 12}"
MAR20_1264,train,1,5,"{""16"": 5}"
MAR20_1265,train,1,11,"{""11"": 11}"
MAR20_1266,train,1,6,"{""6"": 6}"
MAR20_1268,val,1,4,"{""5"": 2, ""12"": 2}"
MAR20_1269,val,1,5,"{""4"": 5}"
MAR20_127,train,1,3,"{""10"": 3}"
MAR20_1272,train,1,15,"{""8"": 9, ""16"": 6}"
MAR20_1273,train,1,2,"{""8"": 2}"
MAR20_1274,train,1,4,"{""15"": 1, ""20"": 3}"
MAR20_1277,train,1,6,"{""4"": 5, ""22"": 1}"
MAR20_1278,train,1,14,"{""19"": 14}"
MAR20_1279,train,1,5,"{""7"": 5}"
MAR20_128,train,1,6,"{""10"": 6}"
MAR20_1280,val,1,12,"{""16"": 5, ""18"": 7}"
MAR20_1282,train,1,2,"{""17"": 2}"
MAR20_1284,train,1,3,"{""20"": 3}"
MAR20_1285,train,1,3,"{""10"": 1, ""14"": 2}"
MAR20_1286,val,1,6,"{""10"": 6}"
MAR20_1287,val,1,1,"{""16"": 1}"
MAR20_1288,train,1,7,"{""7"": 7}"
MAR20_1289,train,1,3,"{""22"": 3}"
MAR20_1291,train,1,7,"{""13"": 7}"
MAR20_1292,train,1,5,"{""12"": 5}"
MAR20_1294,val,1,7,"{""8"": 7}"
MAR20_1295,train,1,9,"{""16"": 9}"
MAR20_1296,train,1,5,"{""5"": 5}"
MAR20_1297,train,1,3,"{""19"": 3}"
MAR20_130,train,1,4,"{""10"": 4}"
MAR20_1300,val,1,3,"{""5"": 2, ""14"": 1}"
MAR20_1301,train,1,7,"{""11"": 7}"
MAR20_1303,val,1,5,"{""15"": 4, ""20"": 1}"
MAR20_1304,train,1,5,"{""14"": 1, ""17"": 4}"
MAR20_1305,train,1,3,"{""22"": 1, ""23"": 2}"
MAR20_1306,val,1,6,"{""19"": 6}"
MAR20_1308,val,1,3,"{""11"": 3}"
MAR20_131,train,1,2,"{""10"": 2}"
MAR20_1311,train,1,8,"{""12"": 8}"
MAR20_1312,val,1,1,"{""16"": 1}"
MAR20_1314,val,1,5,"{""6"": 1, ""7"": 4}"
MAR20_1315,train,1,5,"{""6"": 5}"
MAR20_1317,val,1,5,"{""20"": 5}"
MAR20_1318,train,1,3,"{""4"": 3}"
MAR20_1319,train,1,4,"{""5"": 2, ""6"": 2}"
MAR20_132,train,1,5,"{""18"": 5}"
MAR20_1320,train,1,5,"{""5"": 1, ""10"": 1, ""14"": 1, ""17"": 1, ""21"": 1}"
MAR20_1322,train,1,3,"{""22"": 2, ""23"": 1}"
MAR20_1323,train,1,2,"{""8"": 2}"
MAR20_1324,train,1,13,"{""16"": 13}"
MAR20_1325,val,1,3,"{""8"": 3}"
MAR20_1326,train,1,3,"{""19"": 3}"
MAR20_1327,val,1,1,"{""20"": 1}"
MAR20_1328,train,1,6,"{""16"": 6}"
MAR20_1329,train,1,1,"{""17"": 1}"
MAR20_1331,train,1,8,"{""17"": 8}"
MAR20_1332,train,1,7,"{""22"": 7}"
MAR20_1333,train,1,6,"{""15"": 3, ""20"": 3}"
MAR20_1334,train,1,21,"{""19"": 21}"
MAR20_1335,train,1,4,"{""22"": 4}"
MAR20_1337,train,1,3,"{""17"": 3}"
MAR20_1338,train,1,3,"{""17"": 2, ""21"": 1}"
MAR20_1339,train,1,12,"{""8"": 6, ""16"": 6}"
MAR20_134,train,1,2,"{""16"": 2}"
MAR20_1340,train,1,3,"{""4"": 3}"
MAR20_1341,val,1,4,"{""20"": 4}"
MAR20_1343,train,1,3,"{""7"": 3}"
MAR20_1344,val,1,8,"{""19"": 8}"
MAR20_1345,train,1,10,"{""8"": 10}"
MAR20_1346,val,1,3,"{""4"": 3}"
MAR20_1348,val,1,9,"{""4"": 4, ""22"": 5}"
MAR20_1349,train,1,3,"{""19"": 3}"
MAR20_135,train,1,6,"{""16"": 4, ""18"": 2}"
MAR20_1350,train,1,1,"{""16"": 1}"
MAR20_1351,train,1,2,"{""19"": 2}"
MAR20_1352,train,1,1,"{""8"": 1}"
MAR20_1353,val,1,4,"{""17"": 4}"
MAR20_1354,train,1,13,"{""15"": 8, ""20"": 5}"
MAR20_1356,train,1,6,"{""4"": 6}"
MAR20_1357,val,1,8,"{""6"": 8}"
MAR20_1358,train,1,3,"{""6"": 3}"
MAR20_1359,train,1,2,"{""5"": 1, ""13"": 1}"
MAR20_136,train,1,10,"{""18"": 10}"
MAR20_1360,train,1,7,"{""19"": 7}"
MAR20_1361,train,1,5,"{""6"": 5}"
MAR20_1362,train,1,11,"{""13"": 11}"
MAR20_1364,train,1,2,"{""16"": 2}"
MAR20_1365,val,1,3,"{""6"": 2, ""17"": 1}"
MAR20_1366,train,1,6,"{""17"": 6}"
MAR20_1367,train,1,5,"{""15"": 3, ""20"": 2}"
MAR20_1368,train,1,3,"{""14"": 3}"
MAR20_1369,train,1,5,"{""16"": 5}"
MAR20_137,train,1,5,"{""16"": 5}"
MAR20_1370,train,1,2,"{""12"": 2}"
MAR20_1372,train,1,7,"{""17"": 7}"
MAR20_1373,train,1,4,"{""17"": 4}"
MAR20_1374,train,1,12,"{""14"": 12}"
MAR20_1375,val,1,10,"{""5"": 3, ""10"": 2, ""14"": 2, ""17"": 3}"
MAR20_1376,train,1,5,"{""7"": 5}"
MAR20_1379,train,1,9,"{""5"": 9}"
MAR20_1381,val,1,4,"{""15"": 2, ""20"": 2}"
MAR20_1382,train,1,2,"{""23"": 2}"
MAR20_1383,train,1,17,"{""5"": 17}"
MAR20_1384,train,1,1,"{""21"": 1}"
MAR20_1385,train,1,4,"{""20"": 4}"
MAR20_1386,val,1,5,"{""6"": 5}"
MAR20_1387,train,1,5,"{""10"": 3, ""14"": 1, ""17"": 1}"
MAR20_1388,train,1,5,"{""23"": 5}"
MAR20_1389,train,1,9,"{""19"": 9}"
MAR20_1390,val,1,1,"{""18"": 1}"
MAR20_1391,train,1,3,"{""13"": 3}"
MAR20_1392,train,1,17,"{""19"": 17}"
MAR20_1393,train,1,3,"{""13"": 3}"
MAR20_1394,val,1,6,"{""7"": 6}"
MAR20_1395,train,1,6,"{""16"": 3, ""18"": 3}"
MAR20_1396,train,1,9,"{""19"": 9}"
MAR20_1397,train,1,4,"{""20"": 4}"
MAR20_1398,train,1,4,"{""6"": 1, ""17"": 3}"
MAR20_1399,train,1,3,"{""17"": 2, ""21"": 1}"
MAR20_14,train,1,2,"{""5"": 2}"
MAR20_140,train,1,3,"{""18"": 3}"
MAR20_1400,train,1,3,"{""5"": 3}"
MAR20_1401,val,1,4,"{""8"": 4}"
MAR20_1402,train,1,1,"{""17"": 1}"
MAR20_1403,train,1,9,"{""11"": 9}"
MAR20_1404,train,1,5,"{""15"": 3, ""20"": 2}"
MAR20_1405,train,1,7,"{""4"": 5, ""22"": 2}"
MAR20_1406,train,1,6,"{""16"": 3, ""18"": 3}"
MAR20_1409,train,1,10,"{""4"": 5, ""22"": 5}"
MAR20_141,train,1,3,"{""18"": 3}"
MAR20_1410,val,1,8,"{""19"": 8}"
MAR20_1411,val,1,3,"{""17"": 3}"
MAR20_1412,train,1,3,"{""10"": 3}"
MAR20_1413,val,1,5,"{""7"": 5}"
MAR20_1414,train,1,7,"{""22"": 4, ""23"": 3}"
MAR20_1415,val,1,8,"{""10"": 2, ""14"": 3, ""17"": 3}"
MAR20_1417,val,1,2,"{""23"": 2}"
MAR20_1418,train,1,4,"{""11"": 1, ""13"": 3}"
MAR20_1419,train,1,4,"{""5"": 2, ""8"": 2}"
MAR20_142,train,1,3,"{""18"": 3}"
MAR20_1420,train,1,4,"{""4"": 4}"
MAR20_1421,train,1,12,"{""16"": 6, ""18"": 6}"
MAR20_1422,train,1,3,"{""17"": 1, ""21"": 2}"
MAR20_1423,train,1,3,"{""15"": 2, ""20"": 1}"
MAR20_1424,train,1,3,"{""4"": 3}"
MAR20_1425,train,1,7,"{""20"": 7}"
MAR20_1426,train,1,4,"{""15"": 3, ""20"": 1}"
MAR20_1427,train,1,3,"{""15"": 3}"
MAR20_1428,train,1,5,"{""4"": 4, ""22"": 1}"
MAR20_1429,train,1,5,"{""5"": 1, ""10"": 1, ""17"": 3}"
MAR20_143,val,1,4,"{""18"": 4}"
MAR20_1430,train,1,12,"{""8"": 6, ""16"": 6}"
MAR20_1431,train,1,1,"{""23"": 1}"
MAR20_1433,train,1,8,"{""8"": 4, ""19"": 4}"
MAR20_1434,train,1,8,"{""16"": 8}"
MAR20_1435,train,1,4,"{""6"": 3, ""7"": 1}"
MAR20_1436,train,1,9,"{""17"": 9}"
MAR20_1437,train,1,7,"{""19"": 7}"
MAR20_1438,train,1,5,"{""13"": 5}"
MAR20_1439,train,1,16,"{""4"": 3, ""22"": 4, ""23"": 9}"
MAR20_144,train,1,1,"{""18"": 1}"
MAR20_1440,val,1,2,"{""8"": 2}"
MAR20_1441,train,1,4,"{""7"": 4}"
MAR20_1442,val,1,6,"{""14"": 6}"
MAR20_1443,train,1,6,"{""16"": 6}"
MAR20_1444,train,1,2,"{""8"": 2}"
MAR20_1445,train,1,4,"{""17"": 4}"
MAR20_1447,train,1,2,"{""8"": 2}"
MAR20_1449,train,1,6,"{""17"": 6}"
MAR20_1451,val,1,3,"{""15"": 3}"
MAR20_1452,val,1,5,"{""6"": 5}"
MAR20_1453,train,1,12,"{""4"": 9, ""22"": 1, ""23"": 2}"
MAR20_1454,train,1,6,"{""10"": 6}"
MAR20_1455,train,1,2,"{""8"": 2}"
MAR20_1459,train,1,5,"{""19"": 5}"
MAR20_1461,train,1,2,"{""5"": 2}"
MAR20_1462,val,1,6,"{""11"": 6}"
MAR20_1463,train,1,4,"{""12"": 4}"
MAR20_1465,train,1,4,"{""23"": 4}"
MAR20_1466,val,1,3,"{""22"": 3}"
MAR20_1467,train,1,2,"{""16"": 2}"
MAR20_1468,val,1,2,"{""14"": 2}"
MAR20_1469,train,1,6,"{""6"": 4, ""12"": 2}"
MAR20_1470,train,1,2,"{""20"": 2}"
MAR20_1472,train,1,3,"{""13"": 3}"
MAR20_1473,train,1,12,"{""19"": 12}"
MAR20_1475,train,1,3,"{""13"": 3}"
MAR20_1476,train,1,5,"{""22"": 2, ""23"": 3}"
MAR20_1478,train,1,2,"{""17"": 2}"
MAR20_1479,train,1,4,"{""14"": 4}"
MAR20_148,train,1,5,"{""22"": 5}"
MAR20_1482,train,1,2,"{""5"": 1, ""12"": 1}"
MAR20_1483,val,1,3,"{""20"": 3}"
MAR20_1484,train,1,2,"{""5"": 1, ""6"": 1}"
MAR20_1485,train,1,5,"{""4"": 5}"
MAR20_1486,train,1,7,"{""16"": 7}"
MAR20_1487,train,1,6,"{""17"": 6}"
MAR20_1488,train,1,3,"{""4"": 3}"
MAR20_1489,train,1,5,"{""13"": 5}"
MAR20_149,train,1,3,"{""22"": 3}"
MAR20_1491,train,1,7,"{""8"": 7}"
MAR20_1492,train,1,14,"{""16"": 14}"
MAR20_1493,train,1,8,"{""4"": 7, ""22"": 1}"
MAR20_1494,train,1,13,"{""19"": 13}"
MAR20_1495,train,1,5,"{""6"": 1, ""17"": 2, ""21"": 2}"
MAR20_1497,train,1,4,"{""14"": 4}"
MAR20_1498,train,1,6,"{""7"": 6}"
MAR20_15,val,1,2,"{""5"": 2}"
MAR20_150,val,1,2,"{""22"": 2}"
MAR20_1500,train,1,1,"{""19"": 1}"
MAR20_1501,train,1,4,"{""12"": 4}"
MAR20_1502,train,1,4,"{""20"": 4}"
MAR20_1503,val,1,1,"{""18"": 1}"
MAR20_1504,train,1,2,"{""4"": 2}"
MAR20_1506,train,1,4,"{""23"": 4}"
MAR20_1507,val,1,5,"{""4"": 5}"
MAR20_1509,val,1,2,"{""5"": 2}"
MAR20_1510,train,1,7,"{""6"": 7}"
MAR20_1511,train,1,4,"{""5"": 4}"
MAR20_1512,train,1,7,"{""14"": 4, ""17"": 3}"
MAR20_1513,train,1,4,"{""15"": 4}"
MAR20_1514,train,1,2,"{""15"": 2}"
MAR20_1515,val,1,9,"{""13"": 9}"
MAR20_1516,val,1,2,"{""11"": 2}"
MAR20_1517,train,1,13,"{""16"": 13}"
MAR20_1519,train,1,5,"{""5"": 4, ""6"": 1}"
MAR20_1520,train,1,10,"{""5"": 1, ""12"": 2, ""19"": 7}"
MAR20_1521,train,1,3,"{""23"": 3}"
MAR20_1522,train,1,4,"{""11"": 1, ""13"": 2, ""17"": 1}"
MAR20_1523,train,1,6,"{""12"": 6}"
MAR20_1525,train,1,5,"{""6"": 1, ""7"": 4}"
MAR20_1526,train,1,6,"{""5"": 6}"
MAR20_1527,train,1,5,"{""18"": 5}"
MAR20_1529,train,1,5,"{""16"": 5}"
MAR20_153,train,1,6,"{""22"": 5, ""23"": 1}"
MAR20_1530,val,1,6,"{""17"": 3, ""21"": 3}"
MAR20_1531,train,1,10,"{""19"": 10}"
MAR20_1532,train,1,4,"{""20"": 4}"
MAR20_1533,train,1,3,"{""4"": 3}"
MAR20_1534,train,1,6,"{""15"": 3, ""20"": 3}"
MAR20_1535,train,1,1,"{""5"": 1}"
MAR20_1536,train,1,4,"{""22"": 4}"
MAR20_1539,train,1,3,"{""20"": 3}"
MAR20_154,val,1,1,"{""22"": 1}"
MAR20_1540,val,1,11,"{""18"": 11}"
MAR20_1543,train,1,9,"{""14"": 9}"
MAR20_1544,train,1,18,"{""19"": 18}"
MAR20_1545,val,1,6,"{""15"": 3, ""20"": 3}"
MAR20_1546,train,1,14,"{""16"": 14}"
MAR20_1547,val,1,17,"{""19"": 17}"
MAR20_1548,train,1,6,"{""4"": 6}"
MAR20_1549,train,1,5,"{""12"": 3, ""19"": 2}"
MAR20_1550,val,1,3,"{""17"": 3}"
MAR20_1551,train,1,4,"{""17"": 4}"
MAR20_1553,train,1,5,"{""17"": 5}"
MAR20_1556,train,1,10,"{""5"": 1, ""8"": 7, ""16"": 2}"
MAR20_1557,val,1,12,"{""18"": 12}"
MAR20_1558,train,1,19,"{""8"": 12, ""16"": 7}"
MAR20_1559,val,1,1,"{""4"": 1}"
MAR20_156,train,1,1,"{""22"": 1}"
MAR20_1560,train,1,3,"{""16"": 3}"
MAR20_1561,train,1,2,"{""10"": 2}"
MAR20_1563,train,1,4,"{""10"": 1, ""12"": 1, ""14"": 1, ""17"": 1}"
MAR20_1565,train,1,1,"{""16"": 1}"
MAR20_1566,train,1,11,"{""5"": 11}"
MAR20_1568,train,1,5,"{""15"": 3, ""20"": 2}"
MAR20_1569,val,1,13,"{""19"": 13}"
MAR20_1570,train,1,9,"{""9"": 9}"
MAR20_1571,val,1,3,"{""4"": 3}"
MAR20_1572,val,1,3,"{""17"": 3}"
MAR20_1573,train,1,17,"{""5"": 8, ""17"": 9}"
MAR20_1574,train,1,1,"{""5"": 1}"
MAR20_1575,val,1,8,"{""4"": 4, ""22"": 4}"
MAR20_1576,train,1,2,"{""15"": 1, ""20"": 1}"
MAR20_1577,train,1,6,"{""19"": 6}"
MAR20_1578,val,1,5,"{""23"": 5}"
MAR20_1579,val,1,3,"{""17"": 3}"
MAR20_1580,train,1,3,"{""23"": 3}"
MAR20_1582,train,1,15,"{""19"": 15}"
MAR20_1583,val,1,2,"{""8"": 2}"
MAR20_1585,val,1,9,"{""8"": 9}"
MAR20_1587,train,1,2,"{""17"": 2}"
MAR20_1590,train,1,4,"{""17"": 4}"
MAR20_1591,train,1,3,"{""5"": 3}"
MAR20_1592,train,1,1,"{""8"": 1}"
MAR20_1593,val,1,11,"{""19"": 11}"
MAR20_1594,train,1,21,"{""12"": 21}"
MAR20_1595,val,1,7,"{""13"": 7}"
MAR20_1598,val,1,9,"{""22"": 4, ""23"": 5}"
MAR20_1599,val,1,3,"{""4"": 3}"
MAR20_16,train,1,3,"{""13"": 3}"
MAR20_160,train,1,2,"{""22"": 2}"
MAR20_1600,train,1,7,"{""5"": 2, ""6"": 3, ""7"": 2}"
MAR20_1601,train,1,2,"{""19"": 2}"
MAR20_1602,train,1,6,"{""17"": 6}"
MAR20_1603,train,1,1,"{""18"": 1}"
MAR20_1604,train,1,2,"{""6"": 2}"
MAR20_1606,val,1,3,"{""14"": 1, ""17"": 2}"
MAR20_1607,train,1,4,"{""12"": 4}"
MAR20_1608,train,1,4,"{""20"": 4}"
MAR20_161,train,1,3,"{""22"": 3}"
MAR20_1610,train,1,4,"{""11"": 4}"
MAR20_1611,train,1,7,"{""6"": 1, ""7"": 6}"
MAR20_1613,train,1,5,"{""18"": 5}"
MAR20_1614,train,1,3,"{""18"": 3}"
MAR20_1615,train,1,9,"{""19"": 9}"
MAR20_1616,train,1,6,"{""7"": 6}"
MAR20_1617,train,1,5,"{""6"": 5}"
MAR20_1618,train,1,8,"{""17"": 8}"
MAR20_1619,train,1,8,"{""12"": 8}"
MAR20_1620,train,1,5,"{""19"": 5}"
MAR20_1621,val,1,7,"{""4"": 4, ""22"": 3}"
MAR20_1622,train,1,1,"{""16"": 1}"
MAR20_1623,train,1,3,"{""6"": 3}"
MAR20_1624,val,1,4,"{""12"": 4}"
MAR20_1625,train,1,7,"{""17"": 7}"
MAR20_1626,train,1,6,"{""5"": 3, ""8"": 3}"
MAR20_1627,train,1,8,"{""5"": 1, ""11"": 1, ""16"": 3, ""17"": 3}"
MAR20_1628,train,1,7,"{""8"": 7}"
MAR20_1629,train,1,5,"{""23"": 5}"
MAR20_1630,val,1,5,"{""5"": 3, ""21"": 2}"
MAR20_1631,train,1,4,"{""8"": 4}"
MAR20_1632,val,1,1,"{""16"": 1}"
MAR20_1633,train,1,4,"{""17"": 4}"
MAR20_1636,train,1,3,"{""15"": 2, ""20"": 1}"
MAR20_1637,train,1,1,"{""18"": 1}"
MAR20_1639,val,1,6,"{""11"": 6}"
MAR20_164,val,1,5,"{""22"": 5}"
MAR20_1641,train,1,4,"{""10"": 3, ""14"": 1}"
MAR20_1642,train,1,2,"{""8"": 2}"
MAR20_1643,train,1,7,"{""13"": 7}"
MAR20_1645,val,1,9,"{""6"": 9}"
MAR20_1646,train,1,5,"{""10"": 1, ""17"": 4}"
MAR20_1647,val,1,5,"{""4"": 5}"
MAR20_1648,val,1,6,"{""4"": 6}"
MAR20_1649,train,1,7,"{""22"": 7}"
MAR20_165,train,1,2,"{""22"": 2}"
MAR20_1650,train,1,8,"{""19"": 8}"
MAR20_1652,train,1,2,"{""8"": 2}"
MAR20_1653,train,1,4,"{""6"": 4}"
MAR20_1654,train,1,4,"{""17"": 4}"
MAR20_1655,train,1,13,"{""4"": 11, ""22"": 2}"
MAR20_1656,val,1,2,"{""8"": 1, ""19"": 1}"
MAR20_1657,train,1,5,"{""12"": 5}"
MAR20_1658,train,1,7,"{""15"": 4, ""20"": 3}"
MAR20_1659,train,1,4,"{""22"": 4}"
MAR20_166,train,1,9,"{""22"": 9}"
MAR20_1660,train,1,10,"{""19"": 10}"
MAR20_1661,train,1,4,"{""4"": 4}"
MAR20_1662,train,1,7,"{""20"": 7}"
MAR20_1666,train,1,4,"{""12"": 4}"
MAR20_1667,train,1,2,"{""19"": 2}"
MAR20_1668,train,1,3,"{""23"": 3}"
MAR20_1669,train,1,5,"{""19"": 5}"
MAR20_1671,train,1,1,"{""8"": 1}"
MAR20_1672,train,1,4,"{""20"": 4}"
MAR20_1673,val,1,5,"{""12"": 5}"
MAR20_1674,val,1,11,"{""4"": 4, ""22"": 3, ""23"": 4}"
MAR20_1675,train,1,4,"{""15"": 3, ""20"": 1}"
MAR20_1676,train,1,6,"{""4"": 4, ""22"": 2}"
MAR20_1677,train,1,2,"{""8"": 2}"
MAR20_1678,val,1,10,"{""16"": 10}"
MAR20_1679,train,1,2,"{""8"": 2}"
MAR20_168,val,1,1,"{""22"": 1}"
MAR20_1680,val,1,14,"{""4"": 6, ""22"": 4, ""23"": 4}"
MAR20_1681,train,1,4,"{""5"": 1, ""17"": 3}"
MAR20_1682,train,1,3,"{""22"": 3}"
MAR20_1683,train,1,10,"{""4"": 8, ""22"": 2}"
MAR20_1684,val,1,6,"{""21"": 6}"
MAR20_1686,train,1,5,"{""17"": 5}"
MAR20_1687,train,1,4,"{""23"": 4}"
MAR20_1689,train,1,6,"{""15"": 4, ""20"": 2}"
MAR20_1690,val,1,3,"{""12"": 3}"
MAR20_1691,train,1,3,"{""13"": 3}"
MAR20_1692,train,1,3,"{""14"": 3}"
MAR20_1694,train,1,12,"{""4"": 4, ""22"": 8}"
MAR20_1695,train,1,10,"{""8"": 10}"
MAR20_1696,train,1,1,"{""21"": 1}"
MAR20_1697,train,1,3,"{""23"": 3}"
MAR20_1698,train,1,4,"{""16"": 4}"
MAR20_17,train,1,2,"{""13"": 2}"
MAR20_170,train,1,4,"{""22"": 4}"
MAR20_1700,train,1,41,"{""12"": 41}"
MAR20_1701,train,1,4,"{""20"": 4}"
MAR20_1703,train,1,3,"{""5"": 3}"
MAR20_1704,train,1,4,"{""22"": 4}"
MAR20_1705,train,1,6,"{""10"": 4, ""17"": 2}"
MAR20_1707,val,1,4,"{""8"": 4}"
MAR20_1708,train,1,5,"{""22"": 2, ""23"": 3}"
MAR20_1709,train,1,5,"{""14"": 5}"
MAR20_171,train,1,4,"{""4"": 1, ""22"": 3}"
MAR20_1710,train,1,4,"{""20"": 4}"
MAR20_1711,train,1,4,"{""8"": 4}"
MAR20_1712,train,1,9,"{""19"": 9}"
MAR20_1714,train,1,8,"{""5"": 7, ""13"": 1}"
MAR20_1715,train,1,1,"{""14"": 1}"
MAR20_1716,train,1,3,"{""18"": 3}"
MAR20_1717,train,1,6,"{""19"": 6}"
MAR20_1718,train,1,4,"{""10"": 4}"
MAR20_1719,train,1,3,"{""6"": 3}"
MAR20_172,train,1,12,"{""22"": 12}"
MAR20_1720,train,1,1,"{""14"": 1}"
MAR20_1721,train,1,4,"{""16"": 4}"
MAR20_1723,train,1,7,"{""10"": 1, ""14"": 2, ""17"": 4}"
MAR20_1724,val,1,4,"{""22"": 2, ""23"": 2}"
MAR20_1725,train,1,1,"{""22"": 1}"
MAR20_1727,train,1,1,"{""18"": 1}"
MAR20_1728,val,1,2,"{""12"": 2}"
MAR20_1729,train,1,2,"{""15"": 1, ""20"": 1}"
MAR20_173,train,1,4,"{""4"": 3, ""22"": 1}"
MAR20_1730,train,1,2,"{""13"": 2}"
MAR20_1731,train,1,1,"{""16"": 1}"
MAR20_1732,train,1,6,"{""16"": 6}"
MAR20_1733,train,1,5,"{""17"": 3, ""21"": 2}"
MAR20_1735,val,1,12,"{""5"": 12}"
MAR20_1737,train,1,5,"{""19"": 5}"
MAR20_1738,train,1,4,"{""20"": 4}"
MAR20_1739,train,1,1,"{""8"": 1}"
MAR20_1740,val,1,4,"{""17"": 4}"
MAR20_1742,train,1,5,"{""23"": 5}"
MAR20_1743,train,1,2,"{""8"": 2}"
MAR20_1744,train,1,4,"{""22"": 4}"
MAR20_1745,train,1,3,"{""21"": 3}"
MAR20_1746,train,1,4,"{""12"": 4}"
MAR20_1747,train,1,3,"{""8"": 3}"
MAR20_1748,train,1,7,"{""16"": 7}"
MAR20_1749,train,1,33,"{""5"": 21, ""17"": 12}"
MAR20_175,train,1,14,"{""4"": 8, ""22"": 6}"
MAR20_1751,train,1,4,"{""16"": 4}"
MAR20_1752,train,1,4,"{""23"": 4}"
MAR20_1753,train,1,5,"{""8"": 5}"
MAR20_1754,train,1,7,"{""5"": 1, ""8"": 5, ""16"": 1}"
MAR20_1755,train,1,5,"{""4"": 5}"
MAR20_1756,train,1,10,"{""10"": 10}"
MAR20_1757,val,1,10,"{""19"": 10}"
MAR20_1758,val,1,7,"{""20"": 7}"
MAR20_1759,train,1,2,"{""10"": 2}"
MAR20_176,val,1,8,"{""9"": 8}"
MAR20_1760,train,1,7,"{""10"": 2, ""11"": 2, ""13"": 2, ""17"": 1}"
MAR20_1761,train,1,3,"{""17"": 3}"
MAR20_1762,train,1,20,"{""19"": 20}"
MAR20_1763,val,1,13,"{""19"": 13}"
MAR20_1764,train,1,4,"{""7"": 4}"
MAR20_1765,val,1,4,"{""20"": 4}"
MAR20_1766,train,1,4,"{""20"": 4}"
MAR20_1767,train,1,3,"{""12"": 3}"
MAR20_1768,train,1,6,"{""12"": 6}"
MAR20_1769,train,1,3,"{""17"": 3}"
MAR20_177,train,1,8,"{""9"": 8}"
MAR20_1770,train,1,2,"{""4"": 2}"
MAR20_1771,train,1,6,"{""15"": 3, ""20"": 3}"
MAR20_1772,val,1,6,"{""17"": 6}"
MAR20_1773,train,1,12,"{""8"": 12}"
MAR20_1774,train,1,6,"{""4"": 6}"
MAR20_1775,train,1,6,"{""13"": 6}"
MAR20_1777,train,1,6,"{""6"": 6}"
MAR20_1778,train,1,15,"{""8"": 15}"
MAR20_1779,train,1,3,"{""15"": 3}"
MAR20_178,train,1,1,"{""9"": 1}"
MAR20_1780,val,1,2,"{""8"": 2}"
MAR20_1781,train,1,4,"{""8"": 4}"
MAR20_1782,train,1,2,"{""6"": 1, ""21"": 1}"
MAR20_1783,train,1,6,"{""9"": 6}"
MAR20_1784,train,1,3,"{""15"": 3}"
MAR20_1785,train,1,1,"{""11"": 1}"
MAR20_1786,val,1,6,"{""16"": 6}"
MAR20_1787,train,1,5,"{""8"": 5}"
MAR20_1788,val,1,4,"{""14"": 4}"
MAR20_1790,train,1,1,"{""17"": 1}"
MAR20_1791,val,1,2,"{""16"": 2}"
MAR20_1793,train,1,4,"{""17"": 4}"
MAR20_1795,val,1,5,"{""17"": 5}"
MAR20_1796,train,1,12,"{""10"": 1, ""17"": 11}"
MAR20_1797,train,1,8,"{""6"": 8}"
MAR20_1798,train,1,3,"{""4"": 2, ""22"": 1}"
MAR20_1799,train,1,3,"{""19"": 3}"
MAR20_18,val,1,4,"{""13"": 4}"
MAR20_180,train,1,7,"{""9"": 6, ""15"": 1}"
MAR20_1800,train,1,6,"{""4"": 5, ""22"": 1}"
MAR20_1801,val,1,2,"{""8"": 1, ""18"": 1}"
MAR20_1802,train,1,6,"{""8"": 6}"
MAR20_1803,train,1,2,"{""16"": 2}"
MAR20_1804,train,1,7,"{""4"": 4, ""22"": 3}"
MAR20_1805,train,1,8,"{""10"": 8}"
MAR20_1806,train,1,2,"{""7"": 2}"
MAR20_1807,train,1,11,"{""8"": 11}"
MAR20_1808,train,1,5,"{""19"": 5}"
MAR20_1809,train,1,10,"{""19"": 10}"
MAR20_181,train,1,8,"{""9"": 8}"
MAR20_1810,train,1,3,"{""4"": 3}"
MAR20_1811,train,1,5,"{""4"": 5}"
MAR20_1812,train,1,10,"{""7"": 10}"
MAR20_1813,train,1,4,"{""20"": 4}"
MAR20_1814,val,1,6,"{""22"": 6}"
MAR20_1815,train,1,4,"{""8"": 4}"
MAR20_1816,train,1,9,"{""4"": 9}"
MAR20_1818,train,1,3,"{""5"": 1, ""12"": 2}"
MAR20_1819,train,1,4,"{""5"": 1, ""12"": 3}"
MAR20_182,train,1,3,"{""15"": 3}"
MAR20_1820,train,1,4,"{""23"": 4}"
MAR20_1821,train,1,6,"{""19"": 6}"
MAR20_1822,train,1,6,"{""15"": 3, ""20"": 3}"
MAR20_1823,train,1,11,"{""4"": 6, ""22"": 4, ""23"": 1}"
MAR20_1824,train,1,1,"{""8"": 1}"
MAR20_1827,train,1,2,"{""19"": 2}"
MAR20_1828,train,1,5,"{""17"": 5}"
MAR20_1829,train,1,9,"{""4"": 3, ""22"": 3, ""23"": 3}"
MAR20_1830,train,1,3,"{""18"": 3}"
MAR20_1831,val,1,5,"{""15"": 5}"
MAR20_1832,train,1,12,"{""12"": 3, ""19"": 9}"
MAR20_1834,val,1,7,"{""15"": 3, ""20"": 4}"
MAR20_1835,train,1,2,"{""15"": 2}"
MAR20_1836,train,1,4,"{""19"": 4}"
MAR20_1837,train,1,7,"{""22"": 7}"
MAR20_1838,val,1,4,"{""12"": 4}"
MAR20_1839,val,1,4,"{""11"": 1, ""14"": 2, ""17"": 1}"
MAR20_184,train,1,5,"{""15"": 5}"
MAR20_1840,train,1,2,"{""17"": 2}"
MAR20_1841,val,1,6,"{""8"": 6}"
MAR20_1842,train,1,5,"{""17"": 5}"
MAR20_1843,train,1,7,"{""19"": 7}"
MAR20_1844,train,1,7,"{""5"": 3, ""8"": 2, ""16"": 2}"
MAR20_1845,train,1,4,"{""6"": 2, ""7"": 2}"
MAR20_1846,train,1,5,"{""22"": 4, ""23"": 1}"
MAR20_1847,val,1,9,"{""11"": 9}"
MAR20_1848,train,1,11,"{""11"": 11}"
MAR20_1849,train,1,12,"{""19"": 12}"
MAR20_185,train,1,4,"{""15"": 4}"
MAR20_1850,train,1,1,"{""8"": 1}"
MAR20_1851,train,1,2,"{""8"": 2}"
MAR20_1852,train,1,6,"{""11"": 6}"
MAR20_1853,train,1,5,"{""17"": 5}"
MAR20_1854,train,1,7,"{""12"": 7}"
MAR20_1855,train,1,1,"{""12"": 1}"
MAR20_1856,train,1,11,"{""4"": 2, ""22"": 2, ""23"": 7}"
MAR20_1857,val,1,3,"{""14"": 1, ""17"": 2}"
MAR20_1858,train,1,9,"{""13"": 9}"
MAR20_1859,val,1,6,"{""19"": 6}"
MAR20_186,train,1,11,"{""15"": 11}"
MAR20_1860,train,1,6,"{""14"": 1, ""17"": 5}"
MAR20_1862,train,1,3,"{""18"": 3}"
MAR20_1863,train,1,6,"{""10"": 5, ""14"": 1}"
MAR20_1864,train,1,4,"{""6"": 1, ""19"": 3}"
MAR20_1865,train,1,6,"{""17"": 6}"
MAR20_1866,train,1,1,"{""8"": 1}"
MAR20_1867,train,1,5,"{""16"": 5}"
MAR20_1870,train,1,5,"{""20"": 5}"
MAR20_1872,train,1,3,"{""18"": 3}"
MAR20_1873,train,1,2,"{""4"": 2}"
MAR20_1876,train,1,1,"{""14"": 1}"
MAR20_1877,val,1,4,"{""17"": 4}"
MAR20_1879,train,1,5,"{""20"": 5}"
MAR20_188,val,1,2,"{""15"": 2}"
MAR20_1881,train,1,8,"{""13"": 8}"
MAR20_1882,train,1,8,"{""22"": 8}"
MAR20_1883,val,1,2,"{""8"": 2}"
MAR20_1884,train,1,1,"{""4"": 1}"
MAR20_1885,train,1,8,"{""22"": 8}"
MAR20_1889,train,1,1,"{""19"": 1}"
MAR20_189,train,1,6,"{""15"": 6}"
MAR20_1891,val,1,6,"{""16"": 6}"
MAR20_1892,train,1,6,"{""11"": 6}"
MAR20_1893,train,1,2,"{""17"": 2}"
MAR20_1894,train,1,7,"{""22"": 3, ""23"": 4}"
MAR20_1895,train,1,6,"{""19"": 6}"
MAR20_1896,train,1,7,"{""8"": 7}"
MAR20_1897,train,1,4,"{""4"": 4}"
MAR20_1898,train,1,8,"{""19"": 8}"
MAR20_1899,train,1,7,"{""7"": 6, ""12"": 1}"
MAR20_19,val,1,5,"{""13"": 5}"
MAR20_190,train,1,8,"{""15"": 8}"
MAR20_1900,val,1,6,"{""8"": 6}"
MAR20_1902,train,1,6,"{""4"": 4, ""22"": 2}"
MAR20_1903,train,1,4,"{""7"": 4}"
MAR20_1904,train,1,7,"{""15"": 4, ""20"": 3}"
MAR20_1905,train,1,5,"{""23"": 5}"
MAR20_1906,train,1,8,"{""13"": 8}"
MAR20_1907,train,1,6,"{""17"": 6}"
MAR20_1908,train,1,7,"{""19"": 7}"
MAR20_1909,train,1,4,"{""20"": 4}"
MAR20_191,train,1,3,"{""4"": 3}"
MAR20_1910,train,1,7,"{""19"": 7}"
MAR20_1914,train,1,3,"{""15"": 2, ""20"": 1}"
MAR20_1915,train,1,6,"{""15"": 3, ""20"": 3}"
MAR20_1916,val,1,3,"{""17"": 3}"
MAR20_1917,train,1,3,"{""20"": 3}"
MAR20_1918,train,1,2,"{""19"": 2}"
MAR20_192,val,1,1,"{""15"": 1}"
MAR20_1921,val,1,4,"{""14"": 4}"
MAR20_1923,train,1,6,"{""13"": 6}"
MAR20_1924,train,1,5,"{""4"": 4, ""22"": 1}"
MAR20_1925,train,1,13,"{""5"": 13}"
MAR20_1926,train,1,2,"{""23"": 2}"
MAR20_1927,train,1,19,"{""19"": 19}"
MAR20_1929,train,1,6,"{""10"": 2, ""14"": 1, ""17"": 3}"
MAR20_193,val,1,7,"{""23"": 7}"
MAR20_1930,train,1,15,"{""22"": 15}"
MAR20_1931,val,1,21,"{""5"": 21}"
MAR20_1934,train,1,14,"{""8"": 1, ""16"": 13}"
MAR20_1935,train,1,2,"{""18"": 2}"
MAR20_1936,train,1,12,"{""19"": 12}"
MAR20_1937,val,1,2,"{""10"": 2}"
MAR20_1938,train,1,1,"{""5"": 1}"
MAR20_1939,train,1,6,"{""22"": 1, ""23"": 5}"
MAR20_194,train,1,1,"{""15"": 1}"
MAR20_1940,val,1,6,"{""4"": 6}"
MAR20_1941,train,1,6,"{""16"": 4, ""18"": 2}"
MAR20_1943,train,1,12,"{""16"": 12}"
MAR20_1944,train,1,6,"{""16"": 6}"
MAR20_1945,train,1,3,"{""14"": 3}"
MAR20_1946,train,1,3,"{""7"": 3}"
MAR20_1947,train,1,2,"{""12"": 2}"
MAR20_1948,train,1,6,"{""22"": 1, ""23"": 5}"
MAR20_1949,train,1,3,"{""19"": 3}"
MAR20_195,train,1,1,"{""15"": 1}"
MAR20_1950,val,1,3,"{""19"": 3}"
MAR20_1951,train,1,3,"{""11"": 3}"
MAR20_1952,val,1,5,"{""8"": 1, ""18"": 4}"
MAR20_1953,train,1,7,"{""17"": 7}"
MAR20_1954,train,1,2,"{""20"": 2}"
MAR20_1955,train,1,5,"{""7"": 5}"
MAR20_1956,val,1,5,"{""23"": 5}"
MAR20_1957,train,1,3,"{""7"": 3}"
MAR20_1958,train,1,6,"{""17"": 6}"
MAR20_196,train,1,2,"{""15"": 2}"
MAR20_1960,train,1,8,"{""8"": 8}"
MAR20_1961,val,1,4,"{""22"": 1, ""23"": 3}"
MAR20_1962,train,1,3,"{""4"": 3}"
MAR20_1963,val,1,12,"{""12"": 12}"
MAR20_1965,train,1,8,"{""19"": 8}"
MAR20_1966,train,1,6,"{""15"": 3, ""20"": 3}"
MAR20_1967,train,1,3,"{""17"": 3}"
MAR20_1968,val,1,3,"{""17"": 3}"
MAR20_1969,train,1,5,"{""6"": 2, ""17"": 3}"
MAR20_197,train,1,4,"{""15"": 4}"
MAR20_1970,val,1,2,"{""5"": 1, ""12"": 1}"
MAR20_1971,train,1,3,"{""17"": 3}"
MAR20_1972,train,1,8,"{""10"": 8}"
MAR20_1973,train,1,2,"{""17"": 1, ""18"": 1}"
MAR20_1974,train,1,6,"{""10"": 1, ""14"": 3, ""17"": 2}"
MAR20_1976,train,1,5,"{""8"": 3, ""18"": 2}"
MAR20_1977,train,1,5,"{""17"": 5}"
MAR20_1978,val,1,1,"{""8"": 1}"
MAR20_1979,train,1,9,"{""16"": 4, ""18"": 5}"
MAR20_198,train,1,3,"{""15"": 3}"
MAR20_1980,train,1,8,"{""5"": 1, ""11"": 1, ""16"": 3, ""17"": 3}"
MAR20_1981,train,1,4,"{""10"": 4}"
MAR20_1983,train,1,8,"{""6"": 2, ""7"": 6}"
MAR20_1984,val,1,4,"{""20"": 4}"
MAR20_1986,train,1,8,"{""15"": 8}"
MAR20_1987,train,1,6,"{""10"": 6}"
MAR20_1988,train,1,5,"{""4"": 4, ""22"": 1}"
MAR20_1989,val,1,5,"{""22"": 5}"
MAR20_199,train,1,5,"{""15"": 5}"
MAR20_1990,val,1,2,"{""19"": 2}"
MAR20_1991,train,1,2,"{""8"": 2}"
MAR20_1992,train,1,5,"{""14"": 2, ""17"": 3}"
MAR20_1993,train,1,4,"{""20"": 4}"
MAR20_1994,val,1,6,"{""7"": 6}"
MAR20_1995,train,1,11,"{""19"": 11}"
MAR20_1996,train,1,4,"{""4"": 4}"
MAR20_1997,val,1,7,"{""15"": 7}"
MAR20_1998,train,1,11,"{""7"": 11}"
MAR20_1999,val,1,8,"{""16"": 8}"
MAR20_2,val,1,4,"{""5"": 1, ""13"": 3}"
MAR20_20,train,1,3,"{""13"": 3}"
MAR20_200,val,1,7,"{""15"": 7}"
MAR20_2000,train,1,6,"{""19"": 6}"
MAR20_2001,train,1,3,"{""19"": 3}"
MAR20_2002,train,1,5,"{""6"": 5}"
MAR20_2004,train,1,8,"{""4"": 5, ""22"": 3}"
MAR20_2006,train,1,6,"{""16"": 6}"
MAR20_2007,train,1,8,"{""5"": 2, ""8"": 4, ""16"": 2}"
MAR20_2008,train,1,2,"{""15"": 1, ""20"": 1}"
MAR20_2009,val,1,5,"{""18"": 5}"
MAR20_2011,train,1,2,"{""8"": 2}"
MAR20_2012,train,1,7,"{""11"": 7}"
MAR20_2013,train,1,2,"{""5"": 1, ""21"": 1}"
MAR20_2014,train,1,4,"{""17"": 4}"
MAR20_2015,train,1,2,"{""15"": 1, ""20"": 1}"
MAR20_2016,val,1,4,"{""17"": 4}"
MAR20_2017,train,1,8,"{""23"": 8}"
MAR20_2018,train,1,5,"{""4"": 5}"
MAR20_2019,train,1,2,"{""16"": 2}"
MAR20_202,val,1,4,"{""15"": 4}"
MAR20_2020,train,1,3,"{""5"": 1, ""6"": 2}"
MAR20_2021,train,1,6,"{""4"": 1, ""15"": 3, ""20"": 2}"
MAR20_2022,train,1,7,"{""14"": 7}"
MAR20_2023,train,1,16,"{""5"": 8, ""17"": 8}"
MAR20_2024,val,1,5,"{""6"": 5}"
MAR20_2026,train,1,5,"{""14"": 2, ""17"": 3}"
MAR20_2027,train,1,7,"{""11"": 7}"
MAR20_2028,train,1,16,"{""5"": 16}"
MAR20_2029,val,1,4,"{""5"": 4}"
MAR20_203,val,1,11,"{""22"": 6, ""23"": 5}"
MAR20_2030,val,1,5,"{""10"": 1, ""11"": 4}"
MAR20_2031,val,1,8,"{""16"": 8}"
MAR20_2032,val,1,1,"{""11"": 1}"
MAR20_2033,train,1,8,"{""16"": 8}"
MAR20_2034,train,1,4,"{""7"": 4}"
MAR20_2035,train,1,10,"{""19"": 10}"
MAR20_2036,val,1,2,"{""17"": 2}"
MAR20_2038,train,1,7,"{""19"": 7}"
MAR20_2039,train,1,4,"{""22"": 4}"
MAR20_204,train,1,2,"{""15"": 2}"
MAR20_2041,train,1,23,"{""19"": 23}"
MAR20_2042,train,1,6,"{""17"": 6}"
MAR20_2043,train,1,6,"{""15"": 2, ""20"": 3, ""23"": 1}"
MAR20_2044,train,1,1,"{""8"": 1}"
MAR20_2046,val,1,4,"{""18"": 4}"
MAR20_2047,val,1,2,"{""6"": 1, ""17"": 1}"
MAR20_2048,train,1,5,"{""15"": 2, ""20"": 3}"
MAR20_205,val,1,8,"{""20"": 8}"
MAR20_2051,train,1,6,"{""17"": 6}"
MAR20_2053,train,1,5,"{""4"": 5}"
MAR20_2054,train,1,9,"{""8"": 9}"
MAR20_2055,train,1,5,"{""6"": 5}"
MAR20_2057,train,1,15,"{""16"": 15}"
MAR20_2058,val,1,5,"{""15"": 1, ""20"": 4}"
MAR20_2059,train,1,10,"{""4"": 9, ""22"": 1}"
MAR20_206,train,1,7,"{""9"": 2, ""20"": 5}"
MAR20_2061,train,1,13,"{""19"": 13}"
MAR20_2062,train,1,4,"{""18"": 4}"
MAR20_2063,train,1,5,"{""22"": 2, ""23"": 3}"
MAR20_2064,train,1,5,"{""14"": 3, ""17"": 2}"
MAR20_2065,train,1,14,"{""13"": 14}"
MAR20_2067,train,1,6,"{""10"": 1, ""14"": 3, ""17"": 2}"
MAR20_207,train,1,7,"{""9"": 1, ""15"": 1, ""20"": 5}"
MAR20_2070,train,1,2,"{""20"": 2}"
MAR20_2071,train,1,5,"{""10"": 1, ""14"": 3, ""17"": 1}"
MAR20_2073,train,1,4,"{""20"": 4}"
MAR20_2074,train,1,3,"{""15"": 1, ""20"": 2}"
MAR20_2075,train,1,2,"{""17"": 2}"
MAR20_2076,train,1,6,"{""5"": 6}"
MAR20_2077,val,1,8,"{""10"": 8}"
MAR20_2078,train,1,1,"{""12"": 1}"
MAR20_2079,train,1,6,"{""17"": 6}"
MAR20_2080,train,1,4,"{""15"": 3, ""20"": 1}"
MAR20_2082,train,1,4,"{""17"": 4}"
MAR20_2083,train,1,4,"{""23"": 4}"
MAR20_2084,train,1,4,"{""15"": 1, ""20"": 3}"
MAR20_2085,val,1,10,"{""19"": 10}"
MAR20_2086,train,1,3,"{""16"": 3}"
MAR20_2087,train,1,4,"{""15"": 1, ""20"": 3}"
MAR20_209,val,1,5,"{""9"": 2, ""20"": 3}"
MAR20_2090,val,1,5,"{""22"": 5}"
MAR20_2091,train,1,4,"{""16"": 4}"
MAR20_2092,val,1,3,"{""22"": 3}"
MAR20_2093,train,1,4,"{""22"": 3, ""23"": 1}"
MAR20_2094,train,1,4,"{""8"": 1, ""18"": 3}"
MAR20_2096,train,1,3,"{""6"": 2, ""7"": 1}"
MAR20_2097,train,1,3,"{""9"": 3}"
MAR20_2098,train,1,7,"{""11"": 7}"
MAR20_2099,train,1,5,"{""10"": 1, ""14"": 2, ""17"": 2}"
MAR20_21,train,1,14,"{""13"": 14}"
MAR20_210,train,1,14,"{""9"": 2, ""20"": 12}"
MAR20_2100,train,1,4,"{""20"": 4}"
MAR20_2101,train,1,4,"{""20"": 4}"
MAR20_2102,train,1,1,"{""19"": 1}"
MAR20_2104,train,1,7,"{""5"": 7}"
MAR20_2105,val,1,3,"{""15"": 3}"
MAR20_2106,val,1,4,"{""11"": 4}"
MAR20_2107,train,1,5,"{""4"": 4, ""22"": 1}"
MAR20_2109,val,1,10,"{""4"": 3, ""22"": 7}"
MAR20_211,train,1,12,"{""9"": 4, ""20"": 8}"
MAR20_2110,train,1,8,"{""16"": 8}"
MAR20_2112,val,1,2,"{""11"": 2}"
MAR20_2113,train,1,3,"{""23"": 3}"
MAR20_2115,train,1,13,"{""8"": 13}"
MAR20_2116,train,1,7,"{""11"": 7}"
MAR20_2117,val,1,1,"{""8"": 1}"
MAR20_2118,train,1,11,"{""13"": 11}"
MAR20_212,train,1,3,"{""9"": 1, ""20"": 2}"
MAR20_2120,train,1,21,"{""5"": 21}"
MAR20_2121,train,1,3,"{""17"": 3}"
MAR20_2122,val,1,4,"{""20"": 4}"
MAR20_2123,train,1,2,"{""17"": 2}"
MAR20_2124,train,1,6,"{""13"": 6}"
MAR20_2125,train,1,4,"{""16"": 2, ""19"": 2}"
MAR20_2126,train,1,2,"{""17"": 2}"
MAR20_2127,train,1,3,"{""14"": 3}"
MAR20_2129,train,1,17,"{""5"": 6, ""17"": 11}"
MAR20_213,train,1,4,"{""9"": 2, ""20"": 2}"
MAR20_2130,val,1,7,"{""16"": 7}"
MAR20_2131,train,1,14,"{""17"": 14}"
MAR20_2132,train,1,7,"{""5"": 7}"
MAR20_2133,train,1,3,"{""22"": 1, ""23"": 2}"
MAR20_2134,train,1,8,"{""15"": 5, ""20"": 3}"
MAR20_2136,train,1,4,"{""23"": 4}"
MAR20_2140,train,1,3,"{""10"": 3}"
MAR20_2143,train,1,4,"{""8"": 2, ""19"": 2}"
MAR20_2144,val,1,15,"{""19"": 15}"
MAR20_2145,train,1,5,"{""15"": 2, ""20"": 3}"
MAR20_2146,train,1,4,"{""12"": 4}"
MAR20_2147,train,1,6,"{""16"": 6}"
MAR20_2148,train,1,2,"{""11"": 1, ""13"": 1}"
MAR20_2149,train,1,5,"{""11"": 2, ""13"": 1, ""17"": 1, ""21"": 1}"
MAR20_215,train,1,11,"{""9"": 5, ""20"": 6}"
MAR20_2151,train,1,2,"{""17"": 2}"
MAR20_2152,val,1,3,"{""5"": 1, ""12"": 2}"
MAR20_2153,val,1,15,"{""16"": 15}"
MAR20_2154,train,1,3,"{""20"": 3}"
MAR20_2155,train,1,5,"{""17"": 5}"
MAR20_2156,val,1,6,"{""4"": 6}"
MAR20_2158,val,1,3,"{""20"": 3}"
MAR20_2159,train,1,6,"{""10"": 6}"
MAR20_216,train,1,5,"{""9"": 3, ""20"": 2}"
MAR20_2160,train,1,11,"{""4"": 11}"
MAR20_2162,train,1,4,"{""19"": 4}"
MAR20_2164,val,1,2,"{""10"": 2}"
MAR20_2165,train,1,3,"{""5"": 2, ""6"": 1}"
MAR20_2166,train,1,6,"{""16"": 6}"
MAR20_2168,val,1,10,"{""10"": 10}"
MAR20_2169,train,1,8,"{""17"": 8}"
MAR20_217,train,1,4,"{""9"": 1, ""20"": 3}"
MAR20_2170,train,1,11,"{""5"": 4, ""17"": 7}"
MAR20_2171,train,1,1,"{""19"": 1}"
MAR20_2172,train,1,4,"{""7"": 4}"
MAR20_2174,train,1,5,"{""15"": 2, ""20"": 3}"
MAR20_2176,val,1,7,"{""4"": 4, ""22"": 3}"
MAR20_2178,train,1,2,"{""17"": 2}"
MAR20_2179,train,1,3,"{""18"": 3}"
MAR20_218,val,1,5,"{""9"": 2, ""20"": 3}"
MAR20_2180,train,1,6,"{""4"": 5, ""22"": 1}"
MAR20_2181,train,1,16,"{""19"": 16}"
MAR20_2184,train,1,3,"{""23"": 3}"
MAR20_2185,train,1,5,"{""15"": 4, ""20"": 1}"
MAR20_2186,train,1,2,"{""19"": 2}"
MAR20_2187,train,1,3,"{""20"": 3}"
MAR20_2189,train,1,6,"{""23"": 6}"
MAR20_2190,train,1,8,"{""19"": 8}"
MAR20_2191,train,1,2,"{""22"": 2}"
MAR20_2192,train,1,12,"{""19"": 12}"
MAR20_2193,train,1,5,"{""4"": 5}"
MAR20_2194,train,1,3,"{""13"": 3}"
MAR20_2195,train,1,3,"{""12"": 3}"
MAR20_2196,train,1,11,"{""6"": 2, ""17"": 3, ""21"": 6}"
MAR20_2197,train,1,10,"{""16"": 3, ""18"": 7}"
MAR20_2198,train,1,2,"{""5"": 1, ""10"": 1}"
MAR20_2199,train,1,1,"{""10"": 1}"
MAR20_22,train,1,3,"{""13"": 3}"
MAR20_220,val,1,11,"{""9"": 6, ""15"": 1, ""20"": 4}"
MAR20_2200,train,1,2,"{""20"": 2}"
MAR20_2201,train,1,6,"{""8"": 6}"
MAR20_2202,train,1,7,"{""15"": 4, ""20"": 3}"
MAR20_2203,train,1,5,"{""18"": 5}"
MAR20_2204,train,1,9,"{""19"": 9}"
MAR20_2206,val,1,11,"{""19"": 11}"
MAR20_2208,train,1,4,"{""4"": 4}"
MAR20_221,train,1,6,"{""20"": 6}"
MAR20_2210,train,1,38,"{""12"": 38}"
MAR20_2211,val,1,1,"{""23"": 1}"
MAR20_2212,train,1,5,"{""20"": 5}"
MAR20_2214,train,1,9,"{""4"": 7, ""22"": 2}"
MAR20_2215,train,1,5,"{""11"": 2, ""13"": 3}"
MAR20_2216,train,1,7,"{""19"": 7}"
MAR20_2217,train,1,3,"{""16"": 3}"
MAR20_2218,val,1,11,"{""19"": 11}"
MAR20_2219,train,1,5,"{""13"": 5}"
MAR20_222,train,1,13,"{""20"": 13}"
MAR20_2220,train,1,3,"{""16"": 3}"
MAR20_2222,train,1,3,"{""12"": 3}"
MAR20_2224,val,1,1,"{""22"": 1}"
MAR20_2225,val,1,3,"{""10"": 2, ""21"": 1}"
MAR20_2226,train,1,3,"{""18"": 3}"
MAR20_2228,train,1,6,"{""11"": 3, ""13"": 2, ""17"": 1}"
MAR20_2229,val,1,6,"{""19"": 6}"
MAR20_223,train,1,11,"{""20"": 11}"
MAR20_2230,train,1,12,"{""6"": 10, ""17"": 2}"
MAR20_2232,train,1,2,"{""17"": 2}"
MAR20_2233,train,1,6,"{""14"": 6}"
MAR20_2235,train,1,3,"{""20"": 3}"
MAR20_2236,train,1,4,"{""6"": 4}"
MAR20_2237,train,1,3,"{""23"": 3}"
MAR20_2238,train,1,9,"{""6"": 9}"
MAR20_2239,train,1,5,"{""23"": 5}"
MAR20_2240,train,1,4,"{""5"": 4}"
MAR20_2241,val,1,4,"{""11"": 2, ""13"": 2}"
MAR20_2243,train,1,5,"{""17"": 5}"
MAR20_2244,train,1,7,"{""10"": 1, ""11"": 2, ""14"": 2, ""17"": 2}"
MAR20_2247,val,1,6,"{""4"": 4, ""22"": 2}"
MAR20_2249,train,1,5,"{""13"": 5}"
MAR20_225,train,1,8,"{""11"": 8}"
MAR20_2250,train,1,14,"{""4"": 11, ""22"": 3}"
MAR20_2251,val,1,4,"{""4"": 4}"
MAR20_2253,train,1,12,"{""19"": 12}"
MAR20_2254,train,1,3,"{""23"": 3}"
MAR20_2255,train,1,1,"{""8"": 1}"
MAR20_2256,train,1,4,"{""6"": 4}"
MAR20_2257,train,1,6,"{""17"": 6}"
MAR20_2259,train,1,8,"{""19"": 8}"
MAR20_226,train,1,6,"{""11"": 6}"
MAR20_2260,train,1,4,"{""6"": 2, ""7"": 1, ""17"": 1}"
MAR20_2261,train,1,3,"{""15"": 3}"
MAR20_2262,train,1,5,"{""4"": 5}"
MAR20_2263,val,1,7,"{""22"": 7}"
MAR20_2265,train,1,7,"{""4"": 7}"
MAR20_2266,train,1,6,"{""4"": 5, ""22"": 1}"
MAR20_2267,train,1,6,"{""17"": 6}"
MAR20_2268,train,1,5,"{""6"": 4, ""17"": 1}"
MAR20_2270,train,1,1,"{""6"": 1}"
MAR20_2272,train,1,3,"{""4"": 3}"
MAR20_2273,train,1,2,"{""6"": 1, ""14"": 1}"
MAR20_2275,train,1,3,"{""11"": 3}"
MAR20_2276,train,1,6,"{""13"": 6}"
MAR20_2277,val,1,1,"{""8"": 1}"
MAR20_2278,train,1,7,"{""7"": 1, ""21"": 6}"
MAR20_2279,train,1,6,"{""11"": 6}"
MAR20_2280,train,1,14,"{""7"": 1, ""16"": 13}"
MAR20_2281,val,1,4,"{""6"": 1, ""17"": 3}"
MAR20_2282,train,1,6,"{""4"": 6}"
MAR20_2283,train,1,4,"{""22"": 4}"
MAR20_2284,train,1,9,"{""4"": 9}"
MAR20_2285,val,1,16,"{""19"": 16}"
MAR20_2286,val,1,5,"{""11"": 5}"
MAR20_2289,val,1,3,"{""17"": 3}"
MAR20_229,train,1,4,"{""11"": 4}"
MAR20_2290,train,1,6,"{""11"": 6}"
MAR20_2291,train,1,3,"{""12"": 1, ""19"": 2}"
MAR20_2292,val,1,1,"{""14"": 1}"
MAR20_2293,train,1,9,"{""19"": 9}"
MAR20_2295,train,1,4,"{""12"": 4}"
MAR20_2297,train,1,5,"{""5"": 5}"
MAR20_230,train,1,4,"{""11"": 4}"
MAR20_2300,train,1,6,"{""16"": 6}"
MAR20_2301,train,1,5,"{""8"": 5}"
MAR20_2302,train,1,1,"{""22"": 1}"
MAR20_2303,train,1,7,"{""15"": 4, ""20"": 3}"
MAR20_2304,train,1,2,"{""8"": 2}"
MAR20_2305,train,1,3,"{""5"": 3}"
MAR20_2306,train,1,5,"{""20"": 5}"
MAR20_2307,train,1,2,"{""10"": 2}"
MAR20_2308,train,1,3,"{""20"": 3}"
MAR20_2309,train,1,5,"{""10"": 1, ""11"": 1, ""13"": 2, ""21"": 1}"
MAR20_231,train,1,16,"{""6"": 3, ""21"": 13}"
MAR20_2310,train,1,4,"{""14"": 4}"
MAR20_2311,train,1,5,"{""20"": 5}"
MAR20_2312,val,1,3,"{""5"": 1, ""12"": 2}"
MAR20_2313,train,1,6,"{""18"": 6}"
MAR20_2315,train,1,3,"{""23"": 3}"
MAR20_2316,train,1,5,"{""10"": 5}"
MAR20_2317,train,1,4,"{""22"": 4}"
MAR20_2318,val,1,4,"{""18"": 4}"
MAR20_2319,train,1,5,"{""18"": 5}"
MAR20_232,train,1,13,"{""11"": 13}"
MAR20_2320,train,1,3,"{""5"": 1, ""6"": 2}"
MAR20_2321,val,1,5,"{""4"": 3, ""22"": 2}"
MAR20_2322,train,1,8,"{""4"": 6, ""22"": 2}"
MAR20_2323,train,1,1,"{""14"": 1}"
MAR20_2324,train,1,10,"{""13"": 10}"
MAR20_2325,train,1,9,"{""22"": 9}"
MAR20_2326,val,1,1,"{""8"": 1}"
MAR20_2327,train,1,4,"{""23"": 4}"
MAR20_233,train,1,6,"{""11"": 6}"
MAR20_2331,train,1,2,"{""14"": 1, ""17"": 1}"
MAR20_2334,val,1,2,"{""11"": 1, ""17"": 1}"
MAR20_2336,train,1,3,"{""15"": 3}"
MAR20_2337,train,1,6,"{""13"": 6}"
MAR20_2339,train,1,4,"{""20"": 4}"
MAR20_2340,train,1,5,"{""11"": 5}"
MAR20_2342,val,1,4,"{""18"": 4}"
MAR20_2343,train,1,6,"{""12"": 6}"
MAR20_2344,train,1,6,"{""8"": 6}"
MAR20_2345,train,1,4,"{""17"": 4}"
MAR20_2346,train,1,4,"{""22"": 4}"
MAR20_2347,train,1,5,"{""5"": 2, ""12"": 3}"
MAR20_2348,train,1,3,"{""20"": 3}"
MAR20_235,train,1,5,"{""11"": 5}"
MAR20_2350,train,1,2,"{""18"": 2}"
MAR20_2353,train,1,12,"{""19"": 12}"
MAR20_2356,train,1,4,"{""12"": 1, ""14"": 1, ""17"": 2}"
MAR20_2357,train,1,4,"{""11"": 2, ""13"": 2}"
MAR20_236,train,1,5,"{""11"": 5}"
MAR20_2360,train,1,5,"{""22"": 3, ""23"": 2}"
MAR20_2361,train,1,1,"{""8"": 1}"
MAR20_2362,val,1,6,"{""7"": 6}"
MAR20_2363,train,1,6,"{""16"": 6}"
MAR20_2365,train,1,27,"{""19"": 27}"
MAR20_2368,train,1,3,"{""11"": 3}"
MAR20_2369,train,1,6,"{""15"": 3, ""20"": 3}"
MAR20_2370,train,1,3,"{""17"": 3}"
MAR20_2371,val,1,7,"{""13"": 7}"
MAR20_2372,train,1,5,"{""15"": 1, ""20"": 4}"
MAR20_2374,train,1,4,"{""15"": 3, ""20"": 1}"
MAR20_2376,train,1,1,"{""18"": 1}"
MAR20_2378,train,1,7,"{""16"": 7}"
MAR20_2379,train,1,3,"{""4"": 2, ""22"": 1}"
MAR20_238,val,1,8,"{""11"": 8}"
MAR20_2381,train,1,9,"{""16"": 9}"
MAR20_2382,train,1,11,"{""19"": 11}"
MAR20_2383,train,1,6,"{""23"": 6}"
MAR20_2384,train,1,9,"{""5"": 1, ""12"": 8}"
MAR20_2385,train,1,3,"{""20"": 3}"
MAR20_2386,train,1,3,"{""8"": 3}"
MAR20_2389,train,1,6,"{""4"": 1, ""15"": 3, ""20"": 2}"
MAR20_239,val,1,13,"{""11"": 13}"
MAR20_2390,train,1,23,"{""5"": 23}"
MAR20_2391,train,1,4,"{""7"": 4}"
MAR20_2392,train,1,7,"{""4"": 7}"
MAR20_2393,train,1,12,"{""19"": 12}"
MAR20_2394,train,1,4,"{""4"": 4}"
MAR20_2395,train,1,3,"{""19"": 3}"
MAR20_2396,train,1,4,"{""11"": 4}"
MAR20_2397,train,1,1,"{""19"": 1}"
MAR20_2398,train,1,7,"{""4"": 7}"
MAR20_2399,train,1,2,"{""23"": 2}"
MAR20_24,train,1,10,"{""13"": 10}"
MAR20_240,train,1,8,"{""11"": 8}"
MAR20_2400,val,1,7,"{""7"": 7}"
MAR20_2401,train,1,7,"{""19"": 7}"
MAR20_2402,train,1,4,"{""11"": 4}"
MAR20_2403,train,1,8,"{""10"": 8}"
MAR20_2404,train,1,2,"{""5"": 1, ""12"": 1}"
MAR20_2405,val,1,1,"{""6"": 1}"
MAR20_2407,train,1,7,"{""10"": 7}"
MAR20_2408,train,1,8,"{""19"": 8}"
MAR20_2409,train,1,2,"{""7"": 1, ""21"": 1}"
MAR20_2410,train,1,3,"{""20"": 3}"
MAR20_2411,val,1,3,"{""5"": 1, ""12"": 2}"
MAR20_2412,val,1,1,"{""8"": 1}"
MAR20_2413,val,1,2,"{""11"": 2}"
MAR20_2416,train,1,9,"{""19"": 9}"
MAR20_2417,train,1,5,"{""15"": 1, ""20"": 4}"
MAR20_2418,train,1,17,"{""16"": 17}"
MAR20_2419,train,1,2,"{""19"": 2}"
MAR20_242,val,1,14,"{""11"": 14}"
MAR20_2420,train,1,3,"{""23"": 3}"
MAR20_2422,train,1,8,"{""15"": 4, ""20"": 4}"
MAR20_2427,train,1,7,"{""22"": 6, ""23"": 1}"
MAR20_2428,train,1,16,"{""19"": 16}"
MAR20_2429,train,1,4,"{""6"": 4}"
MAR20_243,train,1,8,"{""11"": 8}"
MAR20_2430,train,1,33,"{""5"": 33}"
MAR20_2431,val,1,10,"{""4"": 8, ""22"": 2}"
MAR20_2432,train,1,3,"{""5"": 3}"
MAR20_2433,train,1,3,"{""13"": 3}"
MAR20_2434,train,1,11,"{""22"": 6, ""23"": 5}"
MAR20_2435,train,1,11,"{""11"": 11}"
MAR20_2436,train,1,5,"{""5"": 1, ""6"": 1, ""12"": 3}"
MAR20_2437,train,1,5,"{""8"": 5}"
MAR20_2439,train,1,8,"{""10"": 1, ""14"": 1, ""17"": 6}"
MAR20_244,train,1,4,"{""11"": 4}"
MAR20_2440,train,1,6,"{""14"": 2, ""17"": 4}"
MAR20_2441,val,1,7,"{""16"": 7}"
MAR20_2442,train,1,6,"{""17"": 6}"
MAR20_2444,train,1,9,"{""19"": 9}"
MAR20_2445,train,1,2,"{""22"": 2}"
MAR20_2446,train,1,5,"{""13"": 5}"
MAR20_2447,train,1,10,"{""5"": 2, ""11"": 2, ""16"": 3, ""17"": 3}"
MAR20_2449,train,1,5,"{""4"": 5}"
MAR20_245,train,1,9,"{""11"": 9}"
MAR20_2450,val,1,4,"{""16"": 4}"
MAR20_2451,train,1,3,"{""17"": 3}"
MAR20_2452,train,1,18,"{""19"": 18}"
MAR20_2453,train,1,3,"{""5"": 1, ""12"": 2}"
MAR20_2454,train,1,2,"{""5"": 1, ""14"": 1}"
MAR20_2455,train,1,4,"{""17"": 4}"
MAR20_2456,val,1,6,"{""6"": 4, ""21"": 2}"
MAR20_2457,train,1,4,"{""19"": 4}"
MAR20_2458,train,1,8,"{""11"": 8}"
MAR20_2459,train,1,3,"{""18"": 3}"
MAR20_2460,train,1,8,"{""10"": 8}"
MAR20_2461,val,1,5,"{""14"": 5}"
MAR20_2462,val,1,18,"{""17"": 18}"
MAR20_2463,train,1,1,"{""18"": 1}"
MAR20_2464,train,1,6,"{""23"": 6}"
MAR20_2465,train,1,3,"{""14"": 3}"
MAR20_2468,val,1,7,"{""22"": 7}"
MAR20_247,train,1,5,"{""11"": 5}"
MAR20_2470,train,1,10,"{""17"": 10}"
MAR20_2471,train,1,3,"{""11"": 2, ""14"": 1}"
MAR20_2472,train,1,5,"{""17"": 5}"
MAR20_2474,train,1,2,"{""17"": 2}"
MAR20_2475,train,1,10,"{""22"": 7, ""23"": 3}"
MAR20_2476,train,1,5,"{""18"": 5}"
MAR20_2477,train,1,21,"{""4"": 14, ""22"": 7}"
MAR20_2478,train,1,4,"{""15"": 1, ""20"": 3}"
MAR20_2479,train,1,2,"{""16"": 2}"
MAR20_248,train,1,12,"{""11"": 12}"
MAR20_2480,train,1,6,"{""8"": 6}"
MAR20_2481,train,1,4,"{""5"": 1, ""12"": 3}"
MAR20_2482,train,1,5,"{""7"": 5}"
MAR20_2483,train,1,10,"{""8"": 10}"
MAR20_2484,train,1,5,"{""7"": 5}"
MAR20_2485,val,1,3,"{""4"": 3}"
MAR20_2486,train,1,6,"{""16"": 6}"
MAR20_2487,train,1,7,"{""15"": 4, ""20"": 3}"
MAR20_2488,train,1,2,"{""12"": 2}"
MAR20_2489,train,1,8,"{""4"": 3, ""22"": 5}"
MAR20_249,train,1,8,"{""16"": 8}"
MAR20_2490,train,1,5,"{""14"": 3, ""17"": 2}"
MAR20_2491,train,1,14,"{""5"": 1, ""8"": 13}"
MAR20_2492,train,1,6,"{""14"": 6}"
MAR20_2493,train,1,4,"{""8"": 4}"
MAR20_2494,train,1,7,"{""5"": 1, ""6"": 5, ""17"": 1}"
MAR20_2495,val,1,4,"{""10"": 4}"
MAR20_2497,train,1,5,"{""23"": 5}"
MAR20_2498,val,1,8,"{""5"": 8}"
MAR20_2499,train,1,10,"{""10"": 2, ""14"": 3, ""17"": 5}"
MAR20_25,train,1,4,"{""5"": 4}"
MAR20_250,train,1,8,"{""11"": 8}"
MAR20_2500,train,1,8,"{""22"": 4, ""23"": 4}"
MAR20_2501,train,1,15,"{""19"": 15}"
MAR20_2502,val,1,6,"{""15"": 6}"
MAR20_2503,train,1,3,"{""5"": 2, ""14"": 1}"
MAR20_2504,train,1,26,"{""19"": 26}"
MAR20_2506,train,1,10,"{""8"": 10}"
MAR20_2507,train,1,5,"{""4"": 5}"
MAR20_2509,train,1,3,"{""6"": 1, ""7"": 1, ""11"": 1}"
MAR20_251,val,1,8,"{""11"": 8}"
MAR20_2510,train,1,5,"{""4"": 5}"
MAR20_2511,val,1,4,"{""14"": 4}"
MAR20_2513,train,1,1,"{""5"": 1}"
MAR20_2514,train,1,1,"{""14"": 1}"
MAR20_2515,val,1,2,"{""12"": 2}"
MAR20_2516,train,1,4,"{""15"": 4}"
MAR20_2517,val,1,7,"{""4"": 3, ""22"": 4}"
MAR20_2518,val,1,3,"{""13"": 3}"
MAR20_2519,train,1,8,"{""12"": 8}"
MAR20_252,val,1,8,"{""11"": 8}"
MAR20_2520,train,1,3,"{""4"": 3}"
MAR20_2521,train,1,7,"{""15"": 7}"
MAR20_2522,train,1,4,"{""15"": 3, ""20"": 1}"
MAR20_2523,train,1,6,"{""6"": 2, ""14"": 1, ""17"": 3}"
MAR20_2524,train,1,5,"{""15"": 1, ""20"": 4}"
MAR20_2525,train,1,3,"{""6"": 3}"
MAR20_2526,val,1,3,"{""5"": 1, ""6"": 2}"
MAR20_2527,val,1,4,"{""4"": 4}"
MAR20_2529,train,1,4,"{""23"": 4}"
MAR20_253,train,1,6,"{""11"": 6}"
MAR20_2531,train,1,4,"{""23"": 4}"
MAR20_2532,train,1,11,"{""19"": 11}"
MAR20_2533,train,1,4,"{""20"": 4}"
MAR20_2535,train,1,5,"{""15"": 4, ""20"": 1}"
MAR20_2536,train,1,2,"{""13"": 2}"
MAR20_2537,train,1,7,"{""16"": 7}"
MAR20_2538,train,1,1,"{""16"": 1}"
MAR20_2539,val,1,2,"{""13"": 2}"
MAR20_2540,train,1,3,"{""17"": 3}"
MAR20_2542,train,1,8,"{""4"": 6, ""22"": 2}"
MAR20_2543,train,1,1,"{""22"": 1}"
MAR20_2544,train,1,2,"{""12"": 2}"
MAR20_2545,val,1,15,"{""4"": 11, ""23"": 4}"
MAR20_2547,train,1,5,"{""10"": 5}"
MAR20_2548,val,1,1,"{""8"": 1}"
MAR20_2549,train,1,5,"{""4"": 5}"
MAR20_255,train,1,4,"{""11"": 4}"
MAR20_2550,train,1,4,"{""6"": 2, ""18"": 2}"
MAR20_2551,train,1,10,"{""4"": 9, ""23"": 1}"
MAR20_2552,val,1,9,"{""16"": 9}"
MAR20_2553,train,1,3,"{""13"": 3}"
MAR20_2554,train,1,1,"{""16"": 1}"
MAR20_2555,train,1,9,"{""10"": 9}"
MAR20_2556,train,1,11,"{""19"": 11}"
MAR20_2557,train,1,8,"{""15"": 5, ""20"": 3}"
MAR20_2558,val,1,3,"{""20"": 3}"
MAR20_2560,train,1,6,"{""13"": 6}"
MAR20_2561,train,1,3,"{""10"": 1, ""14"": 2}"
MAR20_2562,train,1,3,"{""17"": 3}"
MAR20_2564,val,1,4,"{""23"": 4}"
MAR20_2565,train,1,8,"{""13"": 8}"
MAR20_2566,val,1,3,"{""17"": 3}"
MAR20_2567,val,1,9,"{""12"": 9}"
MAR20_2568,val,1,5,"{""8"": 5}"
MAR20_2569,val,1,11,"{""19"": 11}"
MAR20_2570,train,1,1,"{""14"": 1}"
MAR20_2571,val,1,12,"{""14"": 12}"
MAR20_2572,train,1,9,"{""4"": 9}"
MAR20_2573,train,1,5,"{""17"": 5}"
MAR20_2574,train,1,8,"{""4"": 8}"
MAR20_2575,train,1,7,"{""6"": 7}"
MAR20_2576,val,1,6,"{""15"": 3, ""20"": 3}"
MAR20_2577,train,1,5,"{""5"": 5}"
MAR20_2578,train,1,7,"{""5"": 5, ""10"": 1, ""14"": 1}"
MAR20_2579,train,1,4,"{""17"": 4}"
MAR20_258,train,1,6,"{""11"": 6}"
MAR20_2580,train,1,4,"{""4"": 4}"
MAR20_2582,train,1,4,"{""17"": 4}"
MAR20_2583,train,1,4,"{""17"": 4}"
MAR20_2584,train,1,5,"{""6"": 5}"
MAR20_2585,train,1,3,"{""16"": 3}"
MAR20_2587,train,1,3,"{""11"": 3}"
MAR20_2588,train,1,5,"{""8"": 5}"
MAR20_2589,train,1,4,"{""20"": 4}"
MAR20_259,train,1,8,"{""11"": 8}"
MAR20_2590,train,1,3,"{""12"": 3}"
MAR20_2591,train,1,13,"{""16"": 6, ""18"": 7}"
MAR20_2592,train,1,5,"{""17"": 5}"
MAR20_2593,train,1,3,"{""23"": 3}"
MAR20_2595,train,1,5,"{""18"": 5}"
MAR20_2596,train,1,4,"{""17"": 4}"
MAR20_2597,train,1,5,"{""5"": 2, ""12"": 3}"
MAR20_2598,train,1,1,"{""23"": 1}"
MAR20_2599,train,1,2,"{""11"": 2}"
MAR20_26,val,1,2,"{""5"": 2}"
MAR20_260,train,1,7,"{""11"": 7}"
MAR20_2600,train,1,5,"{""17"": 5}"
MAR20_2602,val,1,9,"{""10"": 9}"
MAR20_2603,train,1,2,"{""11"": 2}"
MAR20_2604,train,1,2,"{""23"": 2}"
MAR20_2605,val,1,4,"{""20"": 4}"
MAR20_2606,train,1,8,"{""17"": 8}"
MAR20_2607,train,1,1,"{""22"": 1}"
MAR20_2608,val,1,3,"{""18"": 3}"
MAR20_261,train,1,11,"{""11"": 11}"
MAR20_2614,train,1,9,"{""12"": 9}"
MAR20_2615,train,1,2,"{""8"": 2}"
MAR20_2616,train,1,2,"{""8"": 2}"
MAR20_2617,train,1,6,"{""5"": 1, ""12"": 5}"
MAR20_2620,train,1,5,"{""22"": 2, ""23"": 3}"
MAR20_2621,train,1,6,"{""7"": 6}"
MAR20_2623,train,1,3,"{""8"": 2, ""17"": 1}"
MAR20_2624,train,1,5,"{""20"": 5}"
MAR20_2625,train,1,5,"{""17"": 5}"
MAR20_2626,train,1,5,"{""11"": 5}"
MAR20_2627,train,1,5,"{""4"": 5}"
MAR20_2628,train,1,2,"{""12"": 2}"
MAR20_263,train,1,9,"{""11"": 9}"
MAR20_2630,train,1,17,"{""16"": 17}"
MAR20_2631,train,1,9,"{""19"": 9}"
MAR20_2632,train,1,4,"{""17"": 4}"
MAR20_2633,train,1,4,"{""22"": 4}"
MAR20_2634,train,1,3,"{""5"": 1, ""17"": 2}"
MAR20_2637,train,1,4,"{""5"": 1, ""12"": 3}"
MAR20_2638,train,1,9,"{""16"": 9}"
MAR20_2639,val,1,3,"{""12"": 3}"
MAR20_2640,val,1,2,"{""4"": 2}"
MAR20_2641,train,1,6,"{""10"": 6}"
MAR20_2644,train,1,5,"{""8"": 5}"
MAR20_2645,train,1,12,"{""19"": 12}"
MAR20_2646,val,1,4,"{""8"": 4}"
MAR20_2648,train,1,5,"{""5"": 2, ""6"": 1, ""17"": 2}"
MAR20_2649,val,1,11,"{""13"": 11}"
MAR20_265,val,1,5,"{""11"": 5}"
MAR20_2650,train,1,4,"{""15"": 4}"
MAR20_2651,val,1,5,"{""17"": 5}"
MAR20_2654,train,1,6,"{""15"": 1, ""20"": 5}"
MAR20_2659,train,1,1,"{""21"": 1}"
MAR20_2660,val,1,3,"{""11"": 3}"
MAR20_2662,train,1,3,"{""22"": 3}"
MAR20_2663,val,1,1,"{""14"": 1}"
MAR20_2664,train,1,3,"{""6"": 3}"
MAR20_2666,train,1,3,"{""4"": 3}"
MAR20_2667,train,1,6,"{""14"": 6}"
MAR20_2668,train,1,8,"{""6"": 8}"
MAR20_2669,train,1,7,"{""14"": 7}"
MAR20_267,train,1,10,"{""11"": 10}"
MAR20_2671,train,1,11,"{""13"": 11}"
MAR20_2672,train,1,3,"{""10"": 1, ""14"": 2}"
MAR20_2673,train,1,3,"{""17"": 3}"
MAR20_2674,train,1,4,"{""5"": 1, ""17"": 3}"
MAR20_2675,train,1,1,"{""8"": 1}"
MAR20_2676,val,1,2,"{""8"": 2}"
MAR20_2677,train,1,8,"{""4"": 3, ""22"": 3, ""23"": 2}"
MAR20_2678,train,1,8,"{""19"": 8}"
MAR20_2679,val,1,4,"{""19"": 4}"
MAR20_268,train,1,4,"{""11"": 4}"
MAR20_2680,val,1,3,"{""11"": 1, ""13"": 2}"
MAR20_2681,train,1,8,"{""6"": 8}"
MAR20_2682,val,1,5,"{""4"": 4, ""22"": 1}"
MAR20_2683,val,1,16,"{""8"": 10, ""16"": 6}"
MAR20_2685,train,1,6,"{""22"": 6}"
MAR20_2687,train,1,1,"{""8"": 1}"
MAR20_2688,train,1,11,"{""19"": 11}"
MAR20_2689,train,1,2,"{""6"": 1, ""14"": 1}"
MAR20_269,train,1,6,"{""11"": 6}"
MAR20_2690,train,1,4,"{""6"": 4}"
MAR20_2691,train,1,3,"{""20"": 3}"
MAR20_2692,val,1,9,"{""4"": 5, ""22"": 4}"
MAR20_2693,train,1,9,"{""8"": 9}"
MAR20_2694,train,1,9,"{""4"": 3, ""22"": 3, ""23"": 3}"
MAR20_2695,train,1,10,"{""4"": 3, ""23"": 7}"
MAR20_2696,train,1,12,"{""19"": 12}"
MAR20_2697,val,1,1,"{""23"": 1}"
MAR20_2698,train,1,4,"{""22"": 2, ""23"": 2}"
MAR20_2699,train,1,15,"{""19"": 15}"
MAR20_27,train,1,6,"{""5"": 6}"
MAR20_270,train,1,4,"{""11"": 4}"
MAR20_2701,val,1,6,"{""10"": 6}"
MAR20_2702,train,1,12,"{""22"": 8, ""23"": 4}"
MAR20_2703,val,1,4,"{""20"": 4}"
MAR20_2705,train,1,6,"{""17"": 6}"
MAR20_2706,train,1,15,"{""16"": 15}"
MAR20_2707,train,1,4,"{""15"": 2, ""20"": 2}"
MAR20_2708,train,1,2,"{""22"": 2}"
MAR20_271,val,1,6,"{""5"": 6}"
MAR20_2712,train,1,6,"{""4"": 5, ""22"": 1}"
MAR20_2713,train,1,3,"{""4"": 3}"
MAR20_2714,train,1,6,"{""4"": 3, ""15"": 1, ""20"": 2}"
MAR20_2715,train,1,6,"{""14"": 6}"
MAR20_2717,train,1,4,"{""4"": 4}"
MAR20_2719,train,1,12,"{""4"": 2, ""22"": 4, ""23"": 6}"
MAR20_2720,val,1,13,"{""16"": 13}"
MAR20_2722,train,1,9,"{""16"": 9}"
MAR20_2723,val,1,3,"{""8"": 3}"
MAR20_2724,train,1,6,"{""12"": 1, ""19"": 5}"
MAR20_2725,train,1,6,"{""8"": 6}"
MAR20_2726,train,1,9,"{""16"": 9}"
MAR20_2729,train,1,5,"{""23"": 5}"
MAR20_273,val,1,5,"{""13"": 5}"
MAR20_2730,train,1,7,"{""19"": 7}"
MAR20_2732,train,1,6,"{""18"": 6}"
MAR20_2733,train,1,16,"{""19"": 16}"
MAR20_2734,val,1,5,"{""11"": 5}"
MAR20_2735,train,1,5,"{""18"": 5}"
MAR20_2736,train,1,6,"{""14"": 6}"
MAR20_2737,val,1,11,"{""16"": 11}"
MAR20_2738,val,1,5,"{""16"": 5}"
MAR20_2739,val,1,4,"{""18"": 4}"
MAR20_274,train,1,7,"{""13"": 7}"
MAR20_2741,val,1,10,"{""19"": 10}"
MAR20_2742,train,1,1,"{""18"": 1}"
MAR20_2743,train,1,11,"{""11"": 11}"
MAR20_2745,train,1,15,"{""17"": 15}"
MAR20_2746,train,1,1,"{""17"": 1}"
MAR20_2747,train,1,2,"{""14"": 2}"
MAR20_2748,train,1,4,"{""6"": 4}"
MAR20_2749,train,1,4,"{""15"": 3, ""20"": 1}"
MAR20_275,train,1,4,"{""13"": 4}"
MAR20_2750,train,1,17,"{""19"": 17}"
MAR20_2751,train,1,7,"{""10"": 7}"
MAR20_2753,train,1,10,"{""4"": 2, ""22"": 7, ""23"": 1}"
MAR20_2754,train,1,7,"{""22"": 5, ""23"": 2}"
MAR20_2755,train,1,3,"{""17"": 3}"
MAR20_2756,train,1,8,"{""11"": 8}"
MAR20_2757,train,1,4,"{""17"": 4}"
MAR20_2758,train,1,5,"{""20"": 5}"
MAR20_2759,val,1,3,"{""17"": 3}"
MAR20_276,train,1,13,"{""5"": 13}"
MAR20_2760,train,1,5,"{""5"": 1, ""11"": 1, ""17"": 3}"
MAR20_2761,val,1,1,"{""18"": 1}"
MAR20_2762,train,1,2,"{""14"": 1, ""17"": 1}"
MAR20_2764,train,1,6,"{""13"": 6}"
MAR20_2765,train,1,3,"{""17"": 3}"
MAR20_2766,val,1,6,"{""4"": 6}"
MAR20_2767,train,1,3,"{""20"": 3}"
MAR20_2768,train,1,5,"{""22"": 3, ""23"": 2}"
MAR20_2769,val,1,4,"{""6"": 1, ""21"": 3}"
MAR20_277,val,1,9,"{""5"": 9}"
MAR20_2771,train,1,4,"{""15"": 4}"
MAR20_2772,train,1,5,"{""12"": 5}"
MAR20_2773,train,1,10,"{""4"": 4, ""22"": 4, ""23"": 2}"
MAR20_2774,val,1,3,"{""15"": 3}"
MAR20_2775,train,1,7,"{""12"": 7}"
MAR20_2776,train,1,17,"{""19"": 17}"
MAR20_2777,train,1,2,"{""6"": 2}"
MAR20_2778,train,1,3,"{""20"": 3}"
MAR20_2779,train,1,2,"{""20"": 2}"
MAR20_2780,train,1,7,"{""19"": 7}"
MAR20_2781,train,1,3,"{""15"": 1, ""20"": 2}"
MAR20_2782,train,1,7,"{""12"": 7}"
MAR20_2783,train,1,11,"{""17"": 11}"
MAR20_2785,train,1,9,"{""19"": 9}"
MAR20_2786,val,1,14,"{""10"": 14}"
MAR20_2787,train,1,5,"{""11"": 5}"
MAR20_2788,train,1,2,"{""23"": 2}"
MAR20_2789,train,1,1,"{""14"": 1}"
MAR20_279,train,1,5,"{""13"": 5}"
MAR20_2790,train,1,6,"{""17"": 6}"
MAR20_2792,train,1,4,"{""6"": 4}"
MAR20_2793,train,1,7,"{""5"": 7}"
MAR20_2794,train,1,12,"{""15"": 5, ""20"": 7}"
MAR20_2795,train,1,1,"{""16"": 1}"
MAR20_2796,train,1,4,"{""22"": 4}"
MAR20_2797,val,1,10,"{""18"": 4, ""19"": 6}"
MAR20_2798,train,1,8,"{""4"": 4, ""22"": 4}"
MAR20_2799,train,1,8,"{""5"": 7, ""6"": 1}"
MAR20_28,train,1,3,"{""5"": 3}"
MAR20_280,train,1,4,"{""11"": 4}"
MAR20_2800,train,1,34,"{""5"": 34}"
MAR20_2801,train,1,5,"{""5"": 2, ""11"": 3}"
MAR20_2802,train,1,2,"{""18"": 2}"
MAR20_2803,train,1,1,"{""8"": 1}"
MAR20_2804,train,1,3,"{""14"": 3}"
MAR20_2805,train,1,7,"{""4"": 3, ""22"": 3, ""23"": 1}"
MAR20_2806,train,1,3,"{""14"": 3}"
MAR20_2807,train,1,3,"{""10"": 3}"
MAR20_2808,train,1,6,"{""16"": 6}"
MAR20_281,train,1,7,"{""13"": 7}"
MAR20_2810,train,1,12,"{""18"": 12}"
MAR20_2811,train,1,8,"{""5"": 6, ""10"": 1, ""14"": 1}"
MAR20_2812,val,1,3,"{""15"": 3}"
MAR20_2813,train,1,3,"{""23"": 3}"
MAR20_2814,train,1,5,"{""5"": 5}"
MAR20_2815,train,1,5,"{""19"": 5}"
MAR20_2816,train,1,5,"{""4"": 4, ""22"": 1}"
MAR20_2817,train,1,1,"{""8"": 1}"
MAR20_2818,train,1,3,"{""10"": 3}"
MAR20_2819,train,1,6,"{""16"": 6}"
MAR20_2820,train,1,5,"{""16"": 5}"
MAR20_2821,train,1,24,"{""19"": 24}"
MAR20_2822,train,1,3,"{""4"": 3}"
MAR20_2823,train,1,4,"{""20"": 4}"
MAR20_2824,train,1,4,"{""8"": 4}"
MAR20_2825,val,1,2,"{""4"": 2}"
MAR20_2826,train,1,2,"{""16"": 2}"
MAR20_2827,train,1,7,"{""4"": 6, ""22"": 1}"
MAR20_2829,val,1,7,"{""16"": 7}"
MAR20_283,train,1,3,"{""5"": 3}"
MAR20_2830,train,1,12,"{""16"": 12}"
MAR20_2831,train,1,3,"{""12"": 3}"
MAR20_2833,train,1,5,"{""4"": 4, ""22"": 1}"
MAR20_2836,train,1,1,"{""16"": 1}"
MAR20_2838,train,1,7,"{""10"": 7}"
MAR20_284,train,1,7,"{""13"": 7}"
MAR20_2840,val,1,4,"{""17"": 4}"
MAR20_2842,train,1,3,"{""22"": 3}"
MAR20_2843,train,1,6,"{""5"": 1, ""17"": 5}"
MAR20_2844,train,1,1,"{""21"": 1}"
MAR20_2845,train,1,8,"{""19"": 8}"
MAR20_2846,train,1,1,"{""13"": 1}"
MAR20_2848,train,1,6,"{""17"": 6}"
MAR20_2849,train,1,2,"{""5"": 1, ""8"": 1}"
MAR20_2850,train,1,9,"{""16"": 9}"
MAR20_2853,train,1,8,"{""4"": 6, ""22"": 2}"
MAR20_2854,val,1,2,"{""22"": 2}"
MAR20_2855,train,1,4,"{""17"": 4}"
MAR20_2856,train,1,11,"{""8"": 11}"
MAR20_2857,train,1,1,"{""10"": 1}"
MAR20_2858,val,1,6,"{""7"": 6}"
MAR20_286,train,1,4,"{""5"": 2, ""21"": 2}"
MAR20_2860,val,1,3,"{""13"": 3}"
MAR20_2861,train,1,1,"{""14"": 1}"
MAR20_2863,train,1,1,"{""23"": 1}"
MAR20_2864,train,1,12,"{""19"": 12}"
MAR20_2865,val,1,4,"{""8"": 4}"
MAR20_2866,train,1,6,"{""22"": 2, ""23"": 4}"
MAR20_2867,train,1,18,"{""17"": 18}"
MAR20_2869,train,1,1,"{""5"": 1}"
MAR20_2871,train,1,1,"{""14"": 1}"
MAR20_2872,train,1,4,"{""6"": 4}"
MAR20_2875,train,1,1,"{""8"": 1}"
MAR20_2876,val,1,2,"{""11"": 2}"
MAR20_2877,train,1,4,"{""13"": 4}"
MAR20_2878,train,1,9,"{""4"": 7, ""22"": 2}"
MAR20_2879,train,1,5,"{""7"": 4, ""17"": 1}"
MAR20_288,val,1,4,"{""5"": 1, ""13"": 3}"
MAR20_2880,train,1,5,"{""13"": 5}"
MAR20_2881,train,1,1,"{""18"": 1}"
MAR20_2882,val,1,9,"{""10"": 9}"
MAR20_2883,train,1,6,"{""4"": 6}"
MAR20_2884,train,1,4,"{""16"": 4}"
MAR20_2885,train,1,2,"{""8"": 2}"
MAR20_2886,train,1,5,"{""20"": 5}"
MAR20_2887,train,1,2,"{""4"": 1, ""22"": 1}"
MAR20_2888,train,1,2,"{""12"": 2}"
MAR20_2889,train,1,3,"{""22"": 3}"
MAR20_289,train,1,5,"{""13"": 5}"
MAR20_2892,train,1,4,"{""23"": 4}"
MAR20_2893,train,1,6,"{""20"": 6}"
MAR20_2894,train,1,7,"{""20"": 7}"
MAR20_2895,train,1,13,"{""4"": 3, ""22"": 6, ""23"": 4}"
MAR20_2896,train,1,9,"{""16"": 9}"
MAR20_290,val,1,14,"{""13"": 14}"
MAR20_2901,train,1,12,"{""19"": 12}"
MAR20_2902,train,1,14,"{""6"": 14}"
MAR20_2903,train,1,1,"{""12"": 1}"
MAR20_2904,val,1,3,"{""20"": 3}"
MAR20_2905,train,1,2,"{""17"": 1, ""21"": 1}"
MAR20_2908,train,1,1,"{""23"": 1}"
MAR20_291,train,1,7,"{""11"": 7}"
MAR20_2910,train,1,6,"{""10"": 6}"
MAR20_2913,train,1,5,"{""15"": 2, ""20"": 3}"
MAR20_2914,val,1,6,"{""15"": 3, ""20"": 3}"
MAR20_2915,train,1,4,"{""4"": 4}"
MAR20_2916,train,1,2,"{""4"": 2}"
MAR20_2917,val,1,3,"{""17"": 2, ""21"": 1}"
MAR20_2918,train,1,8,"{""19"": 8}"
MAR20_2919,train,1,4,"{""15"": 3, ""20"": 1}"
MAR20_292,train,1,8,"{""13"": 8}"
MAR20_2920,val,1,1,"{""8"": 1}"
MAR20_2921,train,1,8,"{""22"": 4, ""23"": 4}"
MAR20_2922,train,1,2,"{""23"": 2}"
MAR20_2923,train,1,6,"{""16"": 6}"
MAR20_2924,val,1,6,"{""18"": 1, ""19"": 5}"
MAR20_2925,train,1,1,"{""16"": 1}"
MAR20_2927,train,1,7,"{""5"": 7}"
MAR20_2928,train,1,2,"{""14"": 2}"
MAR20_293,train,1,6,"{""5"": 6}"
MAR20_2931,train,1,5,"{""4"": 5}"
MAR20_2932,train,1,11,"{""16"": 11}"
MAR20_2933,train,1,7,"{""20"": 7}"
MAR20_2934,train,1,3,"{""20"": 3}"
MAR20_2935,train,1,2,"{""16"": 2}"
MAR20_2936,train,1,3,"{""17"": 3}"
MAR20_2939,train,1,6,"{""15"": 6}"
MAR20_2940,train,1,5,"{""10"": 5}"
MAR20_2941,train,1,5,"{""4"": 4, ""22"": 1}"
MAR20_2942,val,1,2,"{""8"": 2}"
MAR20_2945,train,1,7,"{""13"": 7}"
MAR20_2946,train,1,27,"{""5"": 27}"
MAR20_2947,val,1,1,"{""22"": 1}"
MAR20_2948,train,1,8,"{""10"": 8}"
MAR20_2949,train,1,3,"{""5"": 1, ""10"": 1, ""12"": 1}"
MAR20_295,train,1,3,"{""13"": 3}"
MAR20_2951,val,1,10,"{""16"": 10}"
MAR20_2952,train,1,3,"{""17"": 3}"
MAR20_2953,train,1,4,"{""22"": 1, ""23"": 3}"
MAR20_2954,train,1,9,"{""18"": 9}"
MAR20_2955,train,1,5,"{""12"": 5}"
MAR20_2956,train,1,4,"{""10"": 4}"
MAR20_2957,train,1,5,"{""13"": 5}"
MAR20_2958,train,1,7,"{""6"": 1, ""7"": 1, ""17"": 2, ""21"": 3}"
MAR20_2959,train,1,9,"{""19"": 9}"
MAR20_296,train,1,8,"{""13"": 8}"
MAR20_2960,train,1,8,"{""8"": 8}"
MAR20_2961,train,1,4,"{""10"": 1, ""17"": 3}"
MAR20_2962,train,1,7,"{""19"": 7}"
MAR20_2963,train,1,12,"{""7"": 12}"
MAR20_2964,train,1,3,"{""19"": 3}"
MAR20_2965,train,1,1,"{""13"": 1}"
MAR20_2967,train,1,5,"{""23"": 5}"
MAR20_2969,train,1,7,"{""10"": 1, ""11"": 4, ""13"": 2}"
MAR20_297,train,1,7,"{""13"": 7}"
MAR20_2970,train,1,3,"{""6"": 3}"
MAR20_2971,val,1,9,"{""23"": 9}"
MAR20_2972,train,1,4,"{""8"": 4}"
MAR20_2973,val,1,4,"{""5"": 2, ""12"": 2}"
MAR20_2974,train,1,1,"{""23"": 1}"
MAR20_2976,train,1,1,"{""18"": 1}"
MAR20_2977,train,1,2,"{""4"": 2}"
MAR20_2978,train,1,4,"{""6"": 4}"
MAR20_2979,val,1,6,"{""19"": 6}"
MAR20_298,train,1,9,"{""5"": 9}"
MAR20_2980,train,1,9,"{""12"": 9}"
MAR20_2981,train,1,6,"{""16"": 3, ""18"": 3}"
MAR20_2982,train,1,2,"{""12"": 2}"
MAR20_2983,val,1,4,"{""8"": 4}"
MAR20_2984,train,1,1,"{""22"": 1}"
MAR20_2985,train,1,3,"{""17"": 3}"
MAR20_2986,train,1,12,"{""5"": 4, ""12"": 8}"
MAR20_2987,val,1,8,"{""12"": 8}"
MAR20_2988,train,1,3,"{""14"": 1, ""17"": 2}"
MAR20_299,train,1,3,"{""13"": 3}"
MAR20_2990,val,1,3,"{""22"": 3}"
MAR20_2991,train,1,5,"{""23"": 5}"
MAR20_2992,train,1,7,"{""4"": 7}"
MAR20_2993,train,1,6,"{""16"": 6}"
MAR20_2994,train,1,6,"{""16"": 6}"
MAR20_2995,val,1,14,"{""19"": 14}"
MAR20_2996,train,1,5,"{""22"": 5}"
MAR20_2997,train,1,4,"{""20"": 4}"
MAR20_2999,train,1,3,"{""22"": 1, ""23"": 2}"
MAR20_3,train,1,4,"{""13"": 4}"
MAR20_30,val,1,3,"{""5"": 3}"
MAR20_3000,train,1,4,"{""23"": 4}"
MAR20_3001,train,1,8,"{""18"": 8}"
MAR20_3002,train,1,3,"{""15"": 2, ""20"": 1}"
MAR20_3004,train,1,4,"{""20"": 4}"
MAR20_3005,train,1,3,"{""4"": 2, ""22"": 1}"
MAR20_3006,val,1,8,"{""12"": 4, ""19"": 4}"
MAR20_3007,train,1,7,"{""5"": 2, ""17"": 5}"
MAR20_3008,train,1,12,"{""19"": 12}"
MAR20_301,train,1,9,"{""13"": 9}"
MAR20_3011,train,1,15,"{""12"": 3, ""19"": 12}"
MAR20_3012,train,1,5,"{""14"": 1, ""17"": 4}"
MAR20_3013,train,1,9,"{""17"": 9}"
MAR20_3014,train,1,4,"{""15"": 3, ""20"": 1}"
MAR20_3015,train,1,5,"{""4"": 5}"
MAR20_3016,train,1,2,"{""17"": 2}"
MAR20_3017,train,1,3,"{""5"": 1, ""12"": 2}"
MAR20_3018,train,1,5,"{""12"": 5}"
MAR20_3019,train,1,3,"{""5"": 1, ""12"": 2}"
MAR20_302,train,1,6,"{""11"": 6}"
MAR20_3021,train,1,3,"{""8"": 2, ""16"": 1}"
MAR20_3022,train,1,5,"{""17"": 5}"
MAR20_3023,train,1,7,"{""19"": 7}"
MAR20_3024,train,1,3,"{""7"": 3}"
MAR20_3026,train,1,2,"{""8"": 2}"
MAR20_3027,train,1,4,"{""20"": 4}"
MAR20_3028,train,1,4,"{""17"": 4}"
MAR20_303,val,1,4,"{""5"": 4}"
MAR20_3032,train,1,2,"{""15"": 1, ""20"": 1}"
MAR20_3033,val,1,2,"{""20"": 2}"
MAR20_3034,train,1,3,"{""23"": 3}"
MAR20_3035,train,1,3,"{""8"": 3}"
MAR20_3036,train,1,4,"{""23"": 4}"
MAR20_3037,train,1,1,"{""6"": 1}"
MAR20_3038,val,1,5,"{""23"": 5}"
MAR20_3039,train,1,13,"{""5"": 7, ""17"": 6}"
MAR20_304,train,1,6,"{""13"": 6}"
MAR20_3043,train,1,3,"{""20"": 3}"
MAR20_3044,val,1,3,"{""14"": 3}"
MAR20_3045,train,1,4,"{""7"": 4}"
MAR20_3046,train,1,3,"{""6"": 2, ""17"": 1}"
MAR20_3047,train,1,4,"{""8"": 4}"
MAR20_3048,train,1,3,"{""8"": 3}"
MAR20_3049,train,1,3,"{""20"": 3}"
MAR20_305,train,1,4,"{""13"": 4}"
MAR20_3050,train,1,3,"{""11"": 3}"
MAR20_3051,train,1,4,"{""4"": 4}"
MAR20_3052,val,1,15,"{""19"": 15}"
MAR20_3053,train,1,7,"{""5"": 7}"
MAR20_3054,val,1,3,"{""16"": 3}"
MAR20_3056,train,1,5,"{""12"": 5}"
MAR20_3057,val,1,9,"{""13"": 9}"
MAR20_3058,train,1,3,"{""16"": 1, ""17"": 2}"
MAR20_306,train,1,8,"{""13"": 8}"
MAR20_3060,val,1,1,"{""8"": 1}"
MAR20_3061,train,1,4,"{""4"": 2, ""22"": 2}"
MAR20_3062,train,1,3,"{""20"": 3}"
MAR20_3063,val,1,9,"{""4"": 8, ""22"": 1}"
MAR20_3064,train,1,5,"{""6"": 4, ""7"": 1}"
MAR20_3065,train,1,4,"{""11"": 4}"
MAR20_3066,train,1,3,"{""6"": 3}"
MAR20_3067,train,1,3,"{""17"": 3}"
MAR20_3068,val,1,4,"{""23"": 4}"
MAR20_307,val,1,5,"{""13"": 5}"
MAR20_3070,train,1,13,"{""11"": 13}"
MAR20_3071,val,1,9,"{""19"": 9}"
MAR20_3072,train,1,17,"{""19"": 17}"
MAR20_3073,train,1,5,"{""14"": 5}"
MAR20_3074,train,1,14,"{""19"": 14}"
MAR20_3075,val,1,7,"{""4"": 3, ""22"": 4}"
MAR20_3078,train,1,7,"{""16"": 7}"
MAR20_3079,train,1,10,"{""6"": 1, ""17"": 9}"
MAR20_3080,train,1,7,"{""15"": 4, ""20"": 3}"
MAR20_3081,train,1,5,"{""7"": 5}"
MAR20_3082,val,1,12,"{""19"": 12}"
MAR20_3083,train,1,2,"{""8"": 2}"
MAR20_3084,val,1,7,"{""5"": 4, ""10"": 2, ""14"": 1}"
MAR20_3085,train,1,6,"{""5"": 3, ""6"": 3}"
MAR20_3086,train,1,11,"{""10"": 1, ""17"": 10}"
MAR20_3087,train,1,4,"{""4"": 4}"
MAR20_3088,train,1,3,"{""22"": 1, ""23"": 2}"
MAR20_3089,train,1,7,"{""17"": 7}"
MAR20_3090,train,1,5,"{""8"": 5}"
MAR20_3091,train,1,3,"{""6"": 3}"
MAR20_3092,val,1,7,"{""19"": 7}"
MAR20_3093,train,1,1,"{""17"": 1}"
MAR20_3094,train,1,7,"{""4"": 6, ""22"": 1}"
MAR20_3095,train,1,6,"{""4"": 4, ""22"": 2}"
MAR20_3096,val,1,3,"{""4"": 3}"
MAR20_3097,train,1,2,"{""5"": 1, ""6"": 1}"
MAR20_3098,val,1,3,"{""14"": 3}"
MAR20_3099,val,1,13,"{""8"": 13}"
MAR20_31,train,1,4,"{""5"": 4}"
MAR20_310,train,1,8,"{""13"": 8}"
MAR20_3102,train,1,12,"{""19"": 12}"
MAR20_3103,train,1,6,"{""4"": 5, ""22"": 1}"
MAR20_3104,train,1,18,"{""19"": 18}"
MAR20_3106,train,1,7,"{""19"": 7}"
MAR20_3109,train,1,7,"{""4"": 6, ""22"": 1}"
MAR20_311,train,1,6,"{""13"": 6}"
MAR20_3110,train,1,18,"{""12"": 18}"
MAR20_3111,train,1,7,"{""6"": 1, ""7"": 1, ""17"": 4, ""21"": 1}"
MAR20_3112,val,1,5,"{""6"": 1, ""7"": 4}"
MAR20_3114,train,1,3,"{""17"": 3}"
MAR20_3115,train,1,11,"{""4"": 11}"
MAR20_3116,train,1,7,"{""16"": 4, ""18"": 3}"
MAR20_3119,train,1,6,"{""4"": 6}"
MAR20_312,train,1,4,"{""13"": 4}"
MAR20_3120,train,1,8,"{""5"": 7, ""13"": 1}"
MAR20_3121,train,1,4,"{""20"": 4}"
MAR20_3122,train,1,4,"{""22"": 2, ""23"": 2}"
MAR20_3123,train,1,1,"{""10"": 1}"
MAR20_3125,val,1,2,"{""18"": 2}"
MAR20_3126,train,1,8,"{""4"": 6, ""22"": 2}"
MAR20_3127,train,1,6,"{""11"": 1, ""16"": 3, ""17"": 2}"
MAR20_3129,train,1,3,"{""5"": 2, ""11"": 1}"
MAR20_313,train,1,3,"{""11"": 3}"
MAR20_3130,train,1,3,"{""20"": 3}"
MAR20_3131,train,1,4,"{""23"": 4}"
MAR20_3132,train,1,7,"{""6"": 6, ""21"": 1}"
MAR20_3133,train,1,11,"{""19"": 11}"
MAR20_3135,train,1,1,"{""17"": 1}"
MAR20_3136,train,1,4,"{""20"": 4}"
MAR20_3137,train,1,6,"{""15"": 4, ""20"": 2}"
MAR20_314,train,1,6,"{""13"": 6}"
MAR20_3140,train,1,2,"{""8"": 2}"
MAR20_3141,train,1,5,"{""16"": 3, ""18"": 2}"
MAR20_3142,train,1,5,"{""22"": 3, ""23"": 2}"
MAR20_3144,train,1,6,"{""8"": 6}"
MAR20_3145,train,1,3,"{""12"": 2, ""19"": 1}"
MAR20_3147,val,1,13,"{""12"": 13}"
MAR20_3148,val,1,4,"{""17"": 4}"
MAR20_315,train,1,10,"{""13"": 10}"
MAR20_3150,train,1,6,"{""13"": 6}"
MAR20_3151,train,1,8,"{""19"": 8}"
MAR20_3152,train,1,1,"{""19"": 1}"
MAR20_3153,train,1,6,"{""20"": 6}"
MAR20_3154,train,1,2,"{""23"": 2}"
MAR20_3155,train,1,4,"{""19"": 4}"
MAR20_3156,train,1,2,"{""13"": 2}"
MAR20_3157,train,1,5,"{""16"": 5}"
MAR20_3158,train,1,3,"{""19"": 3}"
MAR20_3159,train,1,1,"{""20"": 1}"
MAR20_316,train,1,9,"{""13"": 9}"
MAR20_3160,train,1,5,"{""8"": 5}"
MAR20_3161,train,1,4,"{""15"": 1, ""20"": 3}"
MAR20_3162,train,1,4,"{""8"": 4}"
MAR20_3163,train,1,3,"{""15"": 3}"
MAR20_3164,train,1,6,"{""15"": 2, ""20"": 4}"
MAR20_3166,train,1,3,"{""6"": 3}"
MAR20_3167,train,1,3,"{""17"": 3}"
MAR20_3168,train,1,4,"{""5"": 4}"
MAR20_3169,train,1,3,"{""8"": 3}"
MAR20_317,val,1,8,"{""13"": 8}"
MAR20_3170,train,1,5,"{""5"": 3, ""17"": 2}"
MAR20_3171,train,1,1,"{""14"": 1}"
MAR20_3172,train,1,3,"{""4"": 3}"
MAR20_3173,val,1,3,"{""10"": 3}"
MAR20_3174,train,1,3,"{""22"": 3}"
MAR20_3175,train,1,6,"{""17"": 6}"
MAR20_3176,train,1,2,"{""17"": 2}"
MAR20_3177,train,1,2,"{""5"": 1, ""10"": 1}"
MAR20_3178,train,1,5,"{""15"": 3, ""20"": 1, ""23"": 1}"
MAR20_318,train,1,10,"{""13"": 10}"
MAR20_3181,val,1,2,"{""8"": 2}"
MAR20_3182,train,1,10,"{""19"": 10}"
MAR20_3183,train,1,7,"{""10"": 7}"
MAR20_3184,train,1,3,"{""11"": 2, ""13"": 1}"
MAR20_3185,val,1,1,"{""8"": 1}"
MAR20_3186,train,1,3,"{""15"": 1, ""20"": 2}"
MAR20_3187,train,1,6,"{""22"": 3, ""23"": 3}"
MAR20_3188,train,1,4,"{""18"": 4}"
MAR20_319,train,1,12,"{""11"": 12}"
MAR20_3190,train,1,11,"{""11"": 11}"
MAR20_3191,val,1,4,"{""15"": 4}"
MAR20_3193,train,1,4,"{""19"": 4}"
MAR20_3194,train,1,6,"{""4"": 5, ""22"": 1}"
MAR20_3195,train,1,3,"{""15"": 3}"
MAR20_3196,train,1,5,"{""7"": 5}"
MAR20_3197,val,1,7,"{""22"": 5, ""23"": 2}"
MAR20_3198,val,1,6,"{""17"": 6}"
MAR20_32,val,1,3,"{""13"": 3}"
MAR20_3200,train,1,12,"{""5"": 1, ""12"": 4, ""19"": 7}"
MAR20_3202,train,1,4,"{""19"": 4}"
MAR20_3203,train,1,4,"{""17"": 4}"
MAR20_3204,train,1,5,"{""17"": 5}"
MAR20_3205,train,1,6,"{""6"": 6}"
MAR20_3206,train,1,4,"{""15"": 1, ""20"": 3}"
MAR20_3207,train,1,3,"{""15"": 1, ""20"": 2}"
MAR20_3208,val,1,6,"{""11"": 6}"
MAR20_3209,val,1,6,"{""14"": 6}"
MAR20_321,train,1,7,"{""5"": 7}"
MAR20_3210,train,1,5,"{""4"": 5}"
MAR20_3211,val,1,5,"{""12"": 5}"
MAR20_3212,train,1,3,"{""17"": 3}"
MAR20_3213,train,1,2,"{""8"": 2}"
MAR20_3214,train,1,17,"{""5"": 17}"
MAR20_3215,val,1,2,"{""10"": 2}"
MAR20_3216,train,1,11,"{""5"": 2, ""11"": 1, ""16"": 6, ""17"": 2}"
MAR20_3217,train,1,8,"{""5"": 8}"
MAR20_3218,val,1,5,"{""5"": 1, ""14"": 2, ""17"": 2}"
MAR20_3220,val,1,3,"{""10"": 1, ""11"": 1, ""17"": 1}"
MAR20_3221,val,1,8,"{""6"": 5, ""17"": 3}"
MAR20_3222,train,1,7,"{""4"": 4, ""22"": 3}"
MAR20_3223,train,1,2,"{""16"": 2}"
MAR20_3224,val,1,7,"{""17"": 7}"
MAR20_3225,train,1,8,"{""19"": 8}"
MAR20_3226,train,1,10,"{""19"": 10}"
MAR20_3228,train,1,14,"{""8"": 8, ""16"": 6}"
MAR20_323,train,1,2,"{""5"": 2}"
MAR20_3230,train,1,7,"{""16"": 7}"
MAR20_3231,val,1,5,"{""12"": 5}"
MAR20_3232,train,1,6,"{""4"": 3, ""23"": 3}"
MAR20_3233,train,1,5,"{""6"": 5}"
MAR20_3235,train,1,8,"{""10"": 8}"
MAR20_3236,val,1,7,"{""22"": 3, ""23"": 4}"
MAR20_3237,train,1,4,"{""15"": 4}"
MAR20_3239,train,1,4,"{""17"": 3, ""21"": 1}"
MAR20_324,train,1,8,"{""6"": 3, ""7"": 5}"
MAR20_3240,train,1,7,"{""5"": 3, ""12"": 4}"
MAR20_3241,val,1,15,"{""19"": 15}"
MAR20_3243,train,1,8,"{""4"": 8}"
MAR20_3244,val,1,4,"{""17"": 4}"
MAR20_3245,train,1,2,"{""11"": 2}"
MAR20_3247,val,1,9,"{""4"": 9}"
MAR20_3248,train,1,3,"{""18"": 3}"
MAR20_325,train,1,5,"{""5"": 5}"
MAR20_3250,val,1,9,"{""4"": 7, ""22"": 2}"
MAR20_3251,train,1,8,"{""5"": 8}"
MAR20_3252,train,1,7,"{""4"": 5, ""22"": 2}"
MAR20_3253,val,1,8,"{""15"": 4, ""20"": 4}"
MAR20_3255,val,1,10,"{""19"": 10}"
MAR20_3256,train,1,5,"{""16"": 5}"
MAR20_3257,val,1,3,"{""16"": 3}"
MAR20_3258,val,1,6,"{""4"": 6}"
MAR20_3259,train,1,2,"{""17"": 1, ""21"": 1}"
MAR20_326,train,1,3,"{""5"": 3}"
MAR20_3260,train,1,4,"{""16"": 4}"
MAR20_3261,train,1,5,"{""15"": 3, ""20"": 2}"
MAR20_3262,val,1,5,"{""18"": 5}"
MAR20_3264,val,1,3,"{""11"": 2, ""14"": 1}"
MAR20_3268,train,1,4,"{""15"": 3, ""20"": 1}"
MAR20_3269,val,1,3,"{""11"": 3}"
MAR20_327,val,1,4,"{""5"": 4}"
MAR20_3270,train,1,1,"{""8"": 1}"
MAR20_3271,train,1,4,"{""20"": 4}"
MAR20_3272,train,1,3,"{""22"": 3}"
MAR20_3273,train,1,4,"{""23"": 4}"
MAR20_3274,train,1,7,"{""10"": 7}"
MAR20_3275,train,1,9,"{""22"": 5, ""23"": 4}"
MAR20_3276,val,1,14,"{""12"": 14}"
MAR20_3278,train,1,9,"{""19"": 9}"
MAR20_3279,train,1,6,"{""4"": 6}"
MAR20_328,train,1,1,"{""5"": 1}"
MAR20_3280,train,1,6,"{""19"": 6}"
MAR20_3281,train,1,10,"{""22"": 4, ""23"": 6}"
MAR20_3282,train,1,2,"{""10"": 2}"
MAR20_3283,train,1,22,"{""12"": 22}"
MAR20_3284,train,1,1,"{""18"": 1}"
MAR20_3285,val,1,2,"{""8"": 2}"
MAR20_3286,train,1,3,"{""19"": 3}"
MAR20_3287,train,1,3,"{""19"": 3}"
MAR20_3288,train,1,6,"{""6"": 6}"
MAR20_3289,train,1,2,"{""5"": 2}"
MAR20_329,train,1,4,"{""5"": 4}"
MAR20_3290,train,1,2,"{""8"": 2}"
MAR20_3291,train,1,2,"{""8"": 2}"
MAR20_3292,train,1,1,"{""15"": 1}"
MAR20_3293,val,1,7,"{""4"": 7}"
MAR20_3294,train,1,2,"{""5"": 1, ""13"": 1}"
MAR20_3296,train,1,3,"{""8"": 3}"
MAR20_3297,train,1,6,"{""17"": 6}"
MAR20_3298,train,1,5,"{""5"": 1, ""11"": 4}"
MAR20_3299,train,1,6,"{""10"": 6}"
MAR20_33,train,1,2,"{""13"": 2}"
MAR20_3301,train,1,4,"{""15"": 2, ""20"": 2}"
MAR20_3303,train,1,7,"{""12"": 7}"
MAR20_3304,train,1,2,"{""14"": 1, ""17"": 1}"
MAR20_3305,train,1,4,"{""5"": 4}"
MAR20_3306,val,1,3,"{""23"": 3}"
MAR20_3307,train,1,9,"{""6"": 7, ""17"": 2}"
MAR20_3308,train,1,22,"{""19"": 22}"
MAR20_3309,train,1,1,"{""12"": 1}"
MAR20_3311,train,1,1,"{""8"": 1}"
MAR20_3312,train,1,3,"{""15"": 1, ""20"": 2}"
MAR20_3315,train,1,8,"{""4"": 1, ""22"": 5, ""23"": 2}"
MAR20_3316,train,1,4,"{""5"": 1, ""12"": 3}"
MAR20_3317,train,1,7,"{""23"": 7}"
MAR20_3318,train,1,8,"{""4"": 8}"
MAR20_3319,train,1,3,"{""20"": 3}"
MAR20_332,train,1,5,"{""5"": 1, ""12"": 4}"
MAR20_3320,train,1,3,"{""20"": 3}"
MAR20_3321,train,1,5,"{""14"": 5}"
MAR20_3322,train,1,9,"{""22"": 2, ""23"": 7}"
MAR20_3323,train,1,4,"{""19"": 4}"
MAR20_3325,val,1,4,"{""5"": 1, ""6"": 3}"
MAR20_3329,train,1,5,"{""17"": 5}"
MAR20_333,train,1,4,"{""6"": 4}"
MAR20_3330,train,1,5,"{""22"": 5}"
MAR20_3331,val,1,2,"{""8"": 2}"
MAR20_3332,val,1,5,"{""17"": 5}"
MAR20_3333,train,1,2,"{""5"": 1, ""6"": 1}"
MAR20_3334,train,1,6,"{""16"": 6}"
MAR20_3335,train,1,3,"{""20"": 3}"
MAR20_3336,train,1,6,"{""4"": 5, ""22"": 1}"
MAR20_3337,val,1,3,"{""20"": 3}"
MAR20_3338,train,1,5,"{""12"": 5}"
MAR20_3339,train,1,6,"{""8"": 6}"
MAR20_3342,train,1,6,"{""17"": 6}"
MAR20_3343,train,1,3,"{""8"": 3}"
MAR20_3344,train,1,3,"{""4"": 3}"
MAR20_3345,train,1,3,"{""12"": 3}"
MAR20_3346,train,1,1,"{""23"": 1}"
MAR20_3347,train,1,2,"{""22"": 2}"
MAR20_3348,train,1,7,"{""5"": 1, ""14"": 1, ""17"": 5}"
MAR20_3350,val,1,6,"{""4"": 3, ""23"": 3}"
MAR20_3351,train,1,4,"{""15"": 1, ""20"": 3}"
MAR20_3352,val,1,12,"{""19"": 12}"
MAR20_3353,train,1,10,"{""8"": 10}"
MAR20_3355,train,1,5,"{""8"": 5}"
MAR20_3358,train,1,5,"{""22"": 2, ""23"": 3}"
MAR20_3359,train,1,4,"{""22"": 4}"
MAR20_336,train,1,5,"{""6"": 5}"
MAR20_3360,val,1,14,"{""19"": 14}"
MAR20_3364,train,1,24,"{""5"": 24}"
MAR20_3366,val,1,4,"{""14"": 4}"
MAR20_337,train,1,7,"{""6"": 7}"
MAR20_3371,train,1,3,"{""8"": 3}"
MAR20_3372,train,1,9,"{""4"": 8, ""22"": 1}"
MAR20_3373,train,1,6,"{""5"": 1, ""10"": 1, ""17"": 4}"
MAR20_3374,train,1,6,"{""23"": 6}"
MAR20_3376,train,1,11,"{""19"": 11}"
MAR20_3379,train,1,3,"{""4"": 3}"
MAR20_338,train,1,3,"{""6"": 3}"
MAR20_3381,train,1,3,"{""5"": 1, ""12"": 2}"
MAR20_3382,train,1,2,"{""8"": 2}"
MAR20_3384,train,1,5,"{""10"": 1, ""11"": 1, ""17"": 3}"
MAR20_3386,train,1,5,"{""4"": 5}"
MAR20_3387,val,1,10,"{""18"": 10}"
MAR20_3388,train,1,2,"{""8"": 2}"
MAR20_3389,val,1,4,"{""8"": 4}"
MAR20_339,train,1,1,"{""6"": 1}"
MAR20_3390,train,1,4,"{""12"": 4}"
MAR20_3391,val,1,14,"{""19"": 14}"
MAR20_3392,train,1,2,"{""20"": 2}"
MAR20_3394,train,1,2,"{""8"": 2}"
MAR20_3396,train,1,6,"{""23"": 6}"
MAR20_3397,train,1,1,"{""17"": 1}"
MAR20_3398,train,1,6,"{""17"": 6}"
MAR20_3399,val,1,8,"{""19"": 8}"
MAR20_340,train,1,2,"{""6"": 2}"
MAR20_3401,train,1,4,"{""21"": 4}"
MAR20_3402,train,1,3,"{""9"": 2, ""20"": 1}"
MAR20_3403,train,1,3,"{""22"": 3}"
MAR20_3404,train,1,2,"{""8"": 2}"
MAR20_3405,train,1,3,"{""14"": 2, ""17"": 1}"
MAR20_3406,train,1,5,"{""8"": 5}"
MAR20_3407,train,1,2,"{""8"": 2}"
MAR20_3408,train,1,8,"{""10"": 1, ""11"": 4, ""13"": 2, ""17"": 1}"
MAR20_3409,val,1,2,"{""12"": 2}"
MAR20_341,train,1,3,"{""10"": 2, ""14"": 1}"
MAR20_3410,train,1,3,"{""12"": 3}"
MAR20_3411,val,1,5,"{""4"": 4, ""22"": 1}"
MAR20_3412,train,1,3,"{""8"": 3}"
MAR20_3413,val,1,3,"{""23"": 3}"
MAR20_3416,train,1,11,"{""8"": 11}"
MAR20_3418,train,1,2,"{""20"": 2}"
MAR20_342,train,1,1,"{""10"": 1}"
MAR20_3421,train,1,3,"{""16"": 3}"
MAR20_3422,train,1,6,"{""16"": 6}"
MAR20_3423,train,1,5,"{""8"": 5}"
MAR20_3424,train,1,10,"{""4"": 8, ""22"": 2}"
MAR20_3425,train,1,2,"{""8"": 2}"
MAR20_3426,val,1,5,"{""5"": 5}"
MAR20_3428,val,1,4,"{""12"": 4}"
MAR20_3429,val,1,2,"{""16"": 2}"
MAR20_343,train,1,3,"{""10"": 2, ""14"": 1}"
MAR20_3430,train,1,6,"{""22"": 5, ""23"": 1}"
MAR20_3431,val,1,8,"{""15"": 5, ""20"": 3}"
MAR20_3432,train,1,3,"{""5"": 1, ""12"": 2}"
MAR20_3433,train,1,5,"{""15"": 2, ""20"": 3}"
MAR20_3434,train,1,4,"{""11"": 4}"
MAR20_3436,val,1,6,"{""22"": 5, ""23"": 1}"
MAR20_3437,train,1,2,"{""8"": 2}"
MAR20_3438,train,1,7,"{""19"": 7}"
MAR20_3440,train,1,3,"{""17"": 3}"
MAR20_3441,train,1,3,"{""15"": 2, ""20"": 1}"
MAR20_3442,train,1,2,"{""20"": 2}"
MAR20_3443,train,1,7,"{""8"": 7}"
MAR20_3444,train,1,4,"{""20"": 4}"
MAR20_3446,train,1,3,"{""4"": 3}"
MAR20_3447,val,1,6,"{""14"": 6}"
MAR20_3449,train,1,4,"{""5"": 2, ""10"": 2}"
MAR20_345,train,1,9,"{""10"": 2, ""14"": 4, ""17"": 3}"
MAR20_3450,train,1,7,"{""19"": 7}"
MAR20_3451,val,1,8,"{""10"": 8}"
MAR20_3452,train,1,8,"{""4"": 8}"
MAR20_3453,train,1,4,"{""13"": 4}"
MAR20_3454,train,1,3,"{""11"": 3}"
MAR20_3455,train,1,2,"{""17"": 2}"
MAR20_3456,train,1,4,"{""16"": 4}"
MAR20_3457,train,1,5,"{""12"": 5}"
MAR20_3458,train,1,12,"{""14"": 12}"
MAR20_3459,train,1,8,"{""16"": 8}"
MAR20_346,train,1,11,"{""10"": 2, ""14"": 4, ""17"": 5}"
MAR20_3461,train,1,9,"{""8"": 1, ""16"": 8}"
MAR20_3463,train,1,6,"{""18"": 2, ""19"": 4}"
MAR20_3464,train,1,8,"{""14"": 8}"
MAR20_3465,train,1,4,"{""6"": 4}"
MAR20_3466,val,1,6,"{""17"": 6}"
MAR20_3467,train,1,21,"{""7"": 21}"
MAR20_3468,train,1,5,"{""20"": 5}"
MAR20_347,train,1,3,"{""10"": 2, ""14"": 1}"
MAR20_3471,train,1,2,"{""20"": 2}"
MAR20_3472,train,1,5,"{""19"": 5}"
MAR20_3474,train,1,8,"{""19"": 8}"
MAR20_3475,val,1,5,"{""23"": 5}"
MAR20_3476,train,1,4,"{""15"": 2, ""20"": 2}"
MAR20_3477,train,1,7,"{""13"": 7}"
MAR20_3478,train,1,5,"{""10"": 5}"
MAR20_3479,train,1,2,"{""17"": 2}"
MAR20_348,val,1,3,"{""14"": 3}"
MAR20_3480,train,1,2,"{""22"": 2}"
MAR20_3481,train,1,3,"{""20"": 3}"
MAR20_3482,train,1,5,"{""15"": 2, ""20"": 3}"
MAR20_3483,train,1,5,"{""16"": 5}"
MAR20_3484,train,1,7,"{""11"": 7}"
MAR20_3485,train,1,2,"{""14"": 2}"
MAR20_3486,train,1,1,"{""16"": 1}"
MAR20_3487,train,1,5,"{""5"": 1, ""12"": 4}"
MAR20_3488,train,1,6,"{""5"": 2, ""12"": 4}"
MAR20_3489,val,1,4,"{""10"": 4}"
MAR20_349,val,1,3,"{""14"": 3}"
MAR20_3490,train,1,5,"{""8"": 5}"
MAR20_3491,train,1,2,"{""20"": 2}"
MAR20_3493,train,1,3,"{""17"": 3}"
MAR20_3494,val,1,3,"{""5"": 1, ""10"": 2}"
MAR20_3495,train,1,8,"{""4"": 3, ""22"": 5}"
MAR20_3496,train,1,4,"{""17"": 4}"
MAR20_3497,train,1,4,"{""15"": 4}"
MAR20_3498,val,1,8,"{""8"": 8}"
MAR20_350,train,1,4,"{""12"": 4}"
MAR20_3503,train,1,3,"{""8"": 3}"
MAR20_3504,train,1,4,"{""5"": 1, ""12"": 3}"
MAR20_3506,val,1,2,"{""23"": 2}"
MAR20_3507,train,1,3,"{""7"": 3}"
MAR20_3508,val,1,9,"{""5"": 1, ""12"": 8}"
MAR20_351,train,1,5,"{""12"": 5}"
MAR20_3510,val,1,2,"{""15"": 2}"
MAR20_3511,train,1,9,"{""4"": 9}"
MAR20_3513,train,1,9,"{""19"": 9}"
MAR20_3514,train,1,4,"{""16"": 4}"
MAR20_3515,train,1,3,"{""7"": 3}"
MAR20_3516,train,1,5,"{""8"": 5}"
MAR20_3517,val,1,4,"{""12"": 4}"
MAR20_3518,val,1,5,"{""8"": 1, ""16"": 4}"
MAR20_3519,val,1,3,"{""13"": 3}"
MAR20_352,train,1,4,"{""12"": 4}"
MAR20_3520,train,1,1,"{""19"": 1}"
MAR20_3521,val,1,3,"{""23"": 3}"
MAR20_3524,train,1,12,"{""16"": 12}"
MAR20_3526,train,1,3,"{""6"": 3}"
MAR20_3527,train,1,7,"{""8"": 7}"
MAR20_3528,train,1,11,"{""19"": 11}"
MAR20_3529,val,1,10,"{""4"": 10}"
MAR20_353,train,1,5,"{""12"": 5}"
MAR20_3530,train,1,3,"{""12"": 3}"
MAR20_3531,val,1,2,"{""17"": 2}"
MAR20_3532,train,1,3,"{""8"": 3}"
MAR20_3533,train,1,1,"{""14"": 1}"
MAR20_3534,train,1,5,"{""20"": 5}"
MAR20_3535,train,1,8,"{""4"": 7, ""22"": 1}"
MAR20_3536,train,1,6,"{""7"": 6}"
MAR20_3538,train,1,1,"{""8"": 1}"
MAR20_3539,train,1,4,"{""8"": 4}"
MAR20_354,train,1,4,"{""12"": 4}"
MAR20_3540,val,1,7,"{""4"": 7}"
MAR20_3542,train,1,1,"{""17"": 1}"
MAR20_3543,train,1,6,"{""17"": 6}"
MAR20_3544,train,1,5,"{""23"": 5}"
MAR20_3545,train,1,4,"{""13"": 3, ""17"": 1}"
MAR20_3546,val,1,8,"{""13"": 8}"
MAR20_3547,val,1,10,"{""17"": 10}"
MAR20_3548,train,1,2,"{""11"": 2}"
MAR20_3549,train,1,12,"{""13"": 12}"
MAR20_3550,train,1,6,"{""18"": 6}"
MAR20_3551,train,1,7,"{""11"": 7}"
MAR20_3553,train,1,3,"{""21"": 3}"
MAR20_3554,train,1,2,"{""8"": 2}"
MAR20_3555,train,1,5,"{""7"": 5}"
MAR20_3556,train,1,3,"{""12"": 2, ""17"": 1}"
MAR20_3558,train,1,3,"{""8"": 3}"
MAR20_3559,val,1,8,"{""4"": 7, ""22"": 1}"
MAR20_356,train,1,5,"{""12"": 5}"
MAR20_3560,train,1,4,"{""11"": 4}"
MAR20_3561,train,1,1,"{""23"": 1}"
MAR20_3563,val,1,6,"{""6"": 6}"
MAR20_3564,train,1,4,"{""13"": 4}"
MAR20_3566,train,1,3,"{""8"": 3}"
MAR20_3567,train,1,8,"{""12"": 8}"
MAR20_3568,train,1,11,"{""16"": 11}"
MAR20_3569,train,1,4,"{""5"": 1, ""12"": 3}"
MAR20_357,train,1,5,"{""12"": 5}"
MAR20_3570,train,1,4,"{""17"": 4}"
MAR20_3571,train,1,3,"{""8"": 3}"
MAR20_3572,train,1,15,"{""19"": 15}"
MAR20_3574,train,1,2,"{""6"": 1, ""14"": 1}"
MAR20_3575,train,1,5,"{""17"": 5}"
MAR20_3576,train,1,9,"{""5"": 9}"
MAR20_3577,val,1,5,"{""19"": 5}"
MAR20_3578,train,1,8,"{""15"": 7, ""20"": 1}"
MAR20_3579,train,1,5,"{""8"": 4, ""19"": 1}"
MAR20_358,train,1,6,"{""12"": 6}"
MAR20_3581,train,1,7,"{""8"": 7}"
MAR20_3582,train,1,4,"{""14"": 4}"
MAR20_3583,train,1,7,"{""15"": 7}"
MAR20_3584,train,1,6,"{""17"": 6}"
MAR20_3585,train,1,7,"{""6"": 7}"
MAR20_3586,val,1,8,"{""4"": 8}"
MAR20_3587,val,1,1,"{""8"": 1}"
MAR20_3588,train,1,1,"{""16"": 1}"
MAR20_3589,train,1,6,"{""15"": 2, ""20"": 4}"
MAR20_3590,train,1,3,"{""17"": 3}"
MAR20_3591,train,1,2,"{""23"": 2}"
MAR20_3592,train,1,3,"{""15"": 2, ""20"": 1}"
MAR20_3593,train,1,10,"{""19"": 10}"
MAR20_3595,train,1,7,"{""8"": 7}"
MAR20_3596,val,1,4,"{""8"": 4}"
MAR20_3597,train,1,5,"{""4"": 5}"
MAR20_3598,train,1,6,"{""13"": 6}"
MAR20_3599,train,1,10,"{""13"": 10}"
MAR20_360,train,1,12,"{""16"": 7, ""18"": 5}"
MAR20_3600,train,1,3,"{""4"": 2, ""22"": 1}"
MAR20_3601,train,1,4,"{""17"": 2, ""21"": 2}"
MAR20_3602,train,1,2,"{""8"": 2}"
MAR20_3603,train,1,5,"{""4"": 4, ""22"": 1}"
MAR20_3604,train,1,7,"{""6"": 7}"
MAR20_3605,val,1,10,"{""5"": 1, ""12"": 9}"
MAR20_3606,train,1,3,"{""17"": 2, ""21"": 1}"
MAR20_3608,train,1,3,"{""11"": 1, ""13"": 2}"
MAR20_3609,train,1,3,"{""17"": 3}"
MAR20_361,train,1,3,"{""16"": 3}"
MAR20_3610,train,1,5,"{""8"": 5}"
MAR20_3612,train,1,9,"{""19"": 9}"
MAR20_3615,train,1,2,"{""12"": 2}"
MAR20_3616,train,1,4,"{""6"": 3, ""17"": 1}"
MAR20_3617,train,1,4,"{""6"": 4}"
MAR20_3618,train,1,18,"{""5"": 9, ""17"": 9}"
MAR20_3619,train,1,9,"{""17"": 6, ""21"": 3}"
MAR20_362,train,1,2,"{""8"": 2}"
MAR20_3621,val,1,1,"{""17"": 1}"
MAR20_3623,train,1,8,"{""8"": 8}"
MAR20_3624,val,1,5,"{""20"": 5}"
MAR20_3625,val,1,4,"{""15"": 1, ""20"": 3}"
MAR20_3626,val,1,4,"{""22"": 2, ""23"": 2}"
MAR20_3627,train,1,8,"{""10"": 8}"
MAR20_3629,train,1,4,"{""6"": 2, ""19"": 2}"
MAR20_363,train,1,8,"{""16"": 8}"
MAR20_3630,train,1,3,"{""22"": 3}"
MAR20_3632,train,1,4,"{""8"": 4}"
MAR20_3634,val,1,4,"{""17"": 4}"
MAR20_3635,train,1,4,"{""11"": 4}"
MAR20_3636,val,1,5,"{""13"": 5}"
MAR20_3637,val,1,4,"{""4"": 4}"
MAR20_3639,val,1,4,"{""5"": 4}"
MAR20_364,train,1,3,"{""8"": 2, ""18"": 1}"
MAR20_3640,train,1,38,"{""5"": 38}"
MAR20_3642,val,1,5,"{""4"": 4, ""22"": 1}"
MAR20_3643,train,1,8,"{""14"": 4, ""17"": 4}"
MAR20_3645,train,1,5,"{""16"": 5}"
MAR20_3646,train,1,8,"{""19"": 8}"
MAR20_365,train,1,9,"{""5"": 3, ""8"": 5, ""16"": 1}"
MAR20_3650,train,1,2,"{""12"": 2}"
MAR20_3652,train,1,3,"{""5"": 3}"
MAR20_3653,val,1,4,"{""11"": 4}"
MAR20_3654,train,1,9,"{""4"": 8, ""22"": 1}"
MAR20_3656,train,1,5,"{""15"": 5}"
MAR20_3658,train,1,10,"{""7"": 10}"
MAR20_3659,train,1,9,"{""19"": 9}"
MAR20_366,val,1,8,"{""5"": 2, ""8"": 5, ""16"": 1}"
MAR20_3660,train,1,3,"{""12"": 3}"
MAR20_3661,train,1,3,"{""8"": 3}"
MAR20_3662,train,1,23,"{""12"": 13, ""14"": 2, ""17"": 8}"
MAR20_3663,val,1,7,"{""16"": 7}"
MAR20_3664,train,1,5,"{""7"": 5}"
MAR20_3665,val,1,17,"{""4"": 14, ""23"": 3}"
MAR20_3666,train,1,3,"{""11"": 2, ""13"": 1}"
MAR20_3668,train,1,5,"{""4"": 3, ""22"": 2}"
MAR20_3669,train,1,2,"{""5"": 1, ""6"": 1}"
MAR20_367,train,1,13,"{""8"": 13}"
MAR20_3670,val,1,2,"{""5"": 2}"
MAR20_3671,val,1,5,"{""20"": 5}"
MAR20_3672,train,1,5,"{""4"": 3, ""22"": 2}"
MAR20_3673,train,1,12,"{""8"": 12}"
MAR20_3674,train,1,7,"{""19"": 7}"
MAR20_3675,train,1,5,"{""17"": 1, ""21"": 4}"
MAR20_3676,train,1,2,"{""23"": 2}"
MAR20_3677,train,1,3,"{""12"": 3}"
MAR20_3678,train,1,5,"{""6"": 5}"
MAR20_3681,train,1,3,"{""22"": 3}"
MAR20_3682,val,1,11,"{""19"": 11}"
MAR20_3683,train,1,5,"{""17"": 5}"
MAR20_3684,train,1,4,"{""22"": 4}"
MAR20_3685,val,1,4,"{""23"": 4}"
MAR20_3686,val,1,6,"{""17"": 6}"
MAR20_3687,train,1,2,"{""8"": 2}"
MAR20_3688,train,1,10,"{""23"": 10}"
MAR20_3689,train,1,9,"{""5"": 2, ""12"": 7}"
MAR20_369,train,1,1,"{""16"": 1}"
MAR20_3690,train,1,10,"{""11"": 10}"
MAR20_3691,train,1,5,"{""9"": 5}"
MAR20_3692,val,1,12,"{""23"": 12}"
MAR20_3693,train,1,5,"{""4"": 5}"
MAR20_3694,val,1,5,"{""12"": 5}"
MAR20_3695,val,1,5,"{""9"": 5}"
MAR20_3696,val,1,11,"{""15"": 3, ""20"": 8}"
MAR20_3697,train,1,10,"{""5"": 7, ""6"": 1, ""7"": 2}"
MAR20_3698,train,1,17,"{""9"": 7, ""20"": 10}"
MAR20_3699,train,1,6,"{""5"": 6}"
MAR20_37,val,1,4,"{""5"": 4}"
MAR20_370,train,1,15,"{""8"": 15}"
MAR20_3701,train,1,10,"{""4"": 6, ""22"": 4}"
MAR20_3702,train,1,11,"{""16"": 11}"
MAR20_3703,train,1,8,"{""22"": 2, ""23"": 6}"
MAR20_3704,train,1,5,"{""15"": 5}"
MAR20_3706,train,1,3,"{""8"": 1, ""17"": 2}"
MAR20_3707,train,1,9,"{""18"": 9}"
MAR20_3708,train,1,7,"{""9"": 7}"
MAR20_371,val,1,1,"{""18"": 1}"
MAR20_3711,train,1,6,"{""9"": 6}"
MAR20_3712,train,1,6,"{""23"": 6}"
MAR20_3713,val,1,5,"{""20"": 5}"
MAR20_3714,val,1,8,"{""9"": 5, ""20"": 3}"
MAR20_3715,train,1,3,"{""9"": 1, ""20"": 2}"
MAR20_3716,train,1,6,"{""20"": 6}"
MAR20_3717,train,1,4,"{""9"": 1, ""15"": 2, ""20"": 1}"
MAR20_3718,train,1,8,"{""22"": 8}"
MAR20_3719,val,1,18,"{""9"": 8, ""20"": 10}"
MAR20_372,train,1,4,"{""16"": 4}"
MAR20_3720,train,1,8,"{""4"": 6, ""22"": 2}"
MAR20_3723,val,1,12,"{""4"": 10, ""22"": 2}"
MAR20_3724,train,1,6,"{""9"": 4, ""20"": 2}"
MAR20_3725,train,1,14,"{""4"": 6, ""22"": 4, ""23"": 4}"
MAR20_3726,train,1,8,"{""4"": 5, ""22"": 3}"
MAR20_3727,train,1,12,"{""9"": 5, ""15"": 1, ""20"": 6}"
MAR20_3728,train,1,7,"{""9"": 7}"
MAR20_3729,train,1,8,"{""9"": 8}"
MAR20_373,train,1,8,"{""8"": 8}"
MAR20_3730,train,1,8,"{""23"": 8}"
MAR20_3731,val,1,6,"{""9"": 2, ""20"": 4}"
MAR20_3732,train,1,1,"{""22"": 1}"
MAR20_3733,train,1,7,"{""20"": 7}"
MAR20_3734,val,1,9,"{""20"": 9}"
MAR20_3735,train,1,10,"{""15"": 4, ""20"": 6}"
MAR20_3736,val,1,6,"{""9"": 1, ""20"": 5}"
MAR20_3737,train,1,5,"{""9"": 5}"
MAR20_3738,train,1,6,"{""20"": 6}"
MAR20_374,train,1,7,"{""8"": 6, ""16"": 1}"
MAR20_3740,train,1,10,"{""4"": 6, ""22"": 4}"
MAR20_3741,train,1,5,"{""9"": 1, ""20"": 4}"
MAR20_3742,val,1,8,"{""9"": 2, ""20"": 6}"
MAR20_3743,train,1,9,"{""15"": 7, ""20"": 2}"
MAR20_3744,train,1,5,"{""9"": 5}"
MAR20_3745,val,1,6,"{""15"": 1, ""20"": 5}"
MAR20_3746,train,1,12,"{""9"": 6, ""20"": 6}"
MAR20_3747,val,1,11,"{""15"": 6, ""20"": 5}"
MAR20_3748,train,1,5,"{""22"": 5}"
MAR20_3749,train,1,8,"{""22"": 6, ""23"": 2}"
MAR20_375,train,1,8,"{""16"": 8}"
MAR20_3750,val,1,8,"{""22"": 6, ""23"": 2}"
MAR20_3751,train,1,12,"{""4"": 4, ""22"": 8}"
MAR20_3752,train,1,4,"{""9"": 4}"
MAR20_3753,train,1,11,"{""9"": 5, ""20"": 6}"
MAR20_3755,train,1,10,"{""20"": 10}"
MAR20_3756,val,1,7,"{""15"": 3, ""20"": 4}"
MAR20_3757,train,1,10,"{""20"": 10}"
MAR20_3758,val,1,7,"{""9"": 2, ""20"": 5}"
MAR20_376,train,1,12,"{""18"": 12}"
MAR20_3760,val,1,9,"{""9"": 2, ""20"": 7}"
MAR20_3761,val,1,6,"{""20"": 6}"
MAR20_3762,train,1,11,"{""15"": 3, ""20"": 8}"
MAR20_3764,train,1,10,"{""9"": 9, ""15"": 1}"
MAR20_3765,train,1,10,"{""9"": 3, ""20"": 7}"
MAR20_3766,train,1,8,"{""4"": 1, ""22"": 4, ""23"": 3}"
MAR20_3767,train,1,4,"{""9"": 4}"
MAR20_3768,train,1,7,"{""9"": 1, ""15"": 4, ""20"": 2}"
MAR20_3769,train,1,7,"{""23"": 7}"
MAR20_377,train,1,10,"{""16"": 10}"
MAR20_3770,val,1,10,"{""9"": 8, ""20"": 2}"
MAR20_3771,train,1,10,"{""9"": 5, ""15"": 1, ""23"": 4}"
MAR20_3773,train,1,5,"{""23"": 5}"
MAR20_3774,train,1,6,"{""9"": 2, ""20"": 4}"
MAR20_3775,train,1,5,"{""9"": 5}"
MAR20_3777,train,1,2,"{""22"": 2}"
MAR20_3778,train,1,8,"{""9"": 8}"
MAR20_3779,train,1,8,"{""9"": 7, ""15"": 1}"
MAR20_378,val,1,4,"{""16"": 4}"
MAR20_3781,train,1,5,"{""9"": 5}"
MAR20_3782,train,1,5,"{""22"": 5}"
MAR20_3783,train,1,4,"{""9"": 1, ""20"": 3}"
MAR20_3784,val,1,9,"{""9"": 4, ""20"": 5}"
MAR20_3785,train,1,6,"{""9"": 6}"
MAR20_3786,train,1,3,"{""22"": 3}"
MAR20_3787,train,1,11,"{""15"": 3, ""20"": 8}"
MAR20_3788,train,1,7,"{""20"": 7}"
MAR20_379,train,1,3,"{""16"": 3}"
MAR20_3790,train,1,12,"{""4"": 4, ""22"": 4, ""23"": 4}"
MAR20_3791,train,1,6,"{""9"": 6}"
MAR20_3792,train,1,3,"{""4"": 3}"
MAR20_3793,train,1,4,"{""4"": 4}"
MAR20_3794,train,1,7,"{""9"": 6, ""20"": 1}"
MAR20_3795,train,1,6,"{""20"": 6}"
MAR20_3796,train,1,6,"{""23"": 6}"
MAR20_3799,train,1,7,"{""9"": 7}"
MAR20_38,train,1,2,"{""5"": 2}"
MAR20_3801,train,1,9,"{""9"": 2, ""20"": 7}"
MAR20_3803,train,1,17,"{""4"": 4, ""22"": 9, ""23"": 4}"
MAR20_3804,val,1,15,"{""4"": 3, ""22"": 7, ""23"": 5}"
MAR20_3805,train,1,4,"{""22"": 4}"
MAR20_3806,train,1,10,"{""9"": 2, ""15"": 8}"
MAR20_3808,val,1,5,"{""9"": 5}"
MAR20_381,train,1,2,"{""8"": 2}"
MAR20_3810,train,1,8,"{""9"": 3, ""20"": 5}"
MAR20_3812,train,1,9,"{""15"": 7, ""20"": 2}"
MAR20_3813,train,1,7,"{""9"": 2, ""20"": 5}"
MAR20_3814,train,1,7,"{""22"": 7}"
MAR20_3815,train,1,5,"{""9"": 5}"
MAR20_3816,train,1,13,"{""9"": 6, ""15"": 1, ""20"": 2, ""23"": 4}"
MAR20_3817,train,1,7,"{""15"": 1, ""20"": 6}"
MAR20_3818,train,1,8,"{""20"": 8}"
MAR20_3819,train,1,14,"{""9"": 7, ""20"": 7}"
MAR20_382,val,1,3,"{""8"": 3}"
MAR20_3820,train,1,6,"{""9"": 6}"
MAR20_3821,train,1,8,"{""9"": 1, ""15"": 4, ""20"": 3}"
MAR20_3822,train,1,11,"{""22"": 5, ""23"": 6}"
MAR20_3824,train,1,9,"{""9"": 2, ""20"": 7}"
MAR20_3825,train,1,10,"{""9"": 2, ""15"": 6, ""20"": 2}"
MAR20_3827,train,1,5,"{""14"": 5}"
MAR20_3828,train,1,8,"{""16"": 8}"
MAR20_383,train,1,3,"{""8"": 3}"
MAR20_3830,train,1,5,"{""14"": 5}"
MAR20_3831,val,1,9,"{""18"": 9}"
MAR20_3832,train,1,4,"{""12"": 4}"
MAR20_3833,train,1,8,"{""5"": 1, ""12"": 7}"
MAR20_3836,train,1,9,"{""14"": 9}"
MAR20_3837,train,1,6,"{""4"": 4, ""22"": 2}"
MAR20_3838,val,1,4,"{""16"": 4}"
MAR20_3839,train,1,4,"{""22"": 3, ""23"": 1}"
MAR20_384,train,1,2,"{""8"": 2}"
MAR20_3842,train,1,8,"{""13"": 8}"
MAR20_386,train,1,2,"{""8"": 2}"
MAR20_387,train,1,2,"{""8"": 2}"
MAR20_388,train,1,2,"{""8"": 2}"
MAR20_389,train,1,2,"{""8"": 2}"
MAR20_390,train,1,2,"{""8"": 2}"
MAR20_391,train,1,2,"{""8"": 2}"
MAR20_392,train,1,6,"{""19"": 6}"
MAR20_393,train,1,6,"{""19"": 6}"
MAR20_394,train,1,6,"{""19"": 6}"
MAR20_395,train,1,32,"{""19"": 32}"
MAR20_397,val,1,14,"{""19"": 14}"
MAR20_399,train,1,11,"{""19"": 11}"
MAR20_4,train,1,2,"{""5"": 2}"
MAR20_40,val,1,5,"{""5"": 5}"
MAR20_400,val,1,10,"{""19"": 10}"
MAR20_402,train,1,6,"{""5"": 1, ""12"": 5}"
MAR20_403,train,1,2,"{""12"": 2}"
MAR20_404,train,1,5,"{""5"": 1, ""12"": 4}"
MAR20_405,train,1,4,"{""12"": 4}"
MAR20_406,train,1,2,"{""12"": 2}"
MAR20_407,train,1,3,"{""12"": 3}"
MAR20_408,train,1,4,"{""12"": 4}"
MAR20_410,train,1,5,"{""5"": 1, ""12"": 4}"
MAR20_411,train,1,8,"{""12"": 8}"
MAR20_413,train,1,3,"{""12"": 3}"
MAR20_414,train,1,2,"{""12"": 2}"
MAR20_415,train,1,3,"{""12"": 3}"
MAR20_417,train,1,2,"{""12"": 2}"
MAR20_418,val,1,3,"{""12"": 3}"
MAR20_42,train,1,19,"{""5"": 19}"
MAR20_421,train,1,2,"{""12"": 2}"
MAR20_422,train,1,11,"{""18"": 11}"
MAR20_423,val,1,7,"{""16"": 7}"
MAR20_424,train,1,5,"{""7"": 5}"
MAR20_425,val,1,2,"{""12"": 2}"
MAR20_426,train,1,2,"{""12"": 2}"
MAR20_427,train,1,5,"{""16"": 5}"
MAR20_428,train,1,8,"{""12"": 8}"
MAR20_429,train,1,21,"{""23"": 21}"
MAR20_430,val,1,17,"{""23"": 17}"
MAR20_432,train,1,4,"{""23"": 4}"
MAR20_433,train,1,4,"{""4"": 4}"
MAR20_434,train,1,4,"{""4"": 4}"
MAR20_435,train,1,4,"{""4"": 4}"
MAR20_436,train,1,2,"{""4"": 2}"
MAR20_437,val,1,6,"{""22"": 6}"
MAR20_438,train,1,4,"{""4"": 4}"
MAR20_439,train,1,6,"{""4"": 6}"
MAR20_440,val,1,6,"{""22"": 6}"
MAR20_441,train,1,6,"{""22"": 6}"
MAR20_442,val,1,6,"{""22"": 6}"
MAR20_443,val,1,6,"{""22"": 6}"
MAR20_444,val,1,6,"{""22"": 6}"
MAR20_445,val,1,6,"{""22"": 6}"
MAR20_448,train,1,8,"{""22"": 8}"
MAR20_449,train,1,3,"{""4"": 3}"
MAR20_450,val,1,5,"{""9"": 2, ""20"": 3}"
MAR20_451,train,1,11,"{""9"": 6, ""15"": 1, ""23"": 4}"
MAR20_452,train,1,9,"{""9"": 5, ""23"": 4}"
MAR20_453,train,1,10,"{""9"": 6, ""23"": 4}"
MAR20_455,train,1,11,"{""9"": 6, ""15"": 1, ""23"": 4}"
MAR20_456,train,1,7,"{""9"": 6, ""23"": 1}"
MAR20_461,train,1,5,"{""9"": 2, ""20"": 3}"
MAR20_462,train,1,6,"{""15"": 6}"
MAR20_463,train,1,7,"{""9"": 4, ""20"": 3}"
MAR20_464,train,1,7,"{""9"": 2, ""15"": 2, ""20"": 3}"
MAR20_465,train,1,5,"{""9"": 3, ""20"": 2}"
MAR20_468,val,1,5,"{""9"": 1, ""20"": 4}"
MAR20_469,train,1,4,"{""15"": 4}"
MAR20_47,train,1,6,"{""5"": 6}"
MAR20_470,train,1,5,"{""8"": 2, ""18"": 3}"
MAR20_471,train,1,3,"{""18"": 3}"
MAR20_472,train,1,6,"{""4"": 6}"
MAR20_473,train,1,11,"{""15"": 6, ""20"": 5}"
MAR20_474,val,1,6,"{""20"": 6}"
MAR20_475,train,1,4,"{""20"": 4}"
MAR20_477,train,1,1,"{""20"": 1}"
MAR20_479,train,1,5,"{""20"": 5}"
MAR20_480,val,1,5,"{""20"": 5}"
MAR20_481,train,1,7,"{""15"": 3, ""20"": 4}"
MAR20_482,train,1,4,"{""20"": 4}"
MAR20_483,val,1,5,"{""20"": 5}"
MAR20_484,train,1,9,"{""6"": 2, ""21"": 7}"
MAR20_485,train,1,6,"{""21"": 6}"
MAR20_486,val,1,6,"{""21"": 6}"
MAR20_489,train,1,7,"{""6"": 4, ""21"": 3}"
MAR20_49,val,1,2,"{""5"": 2}"
MAR20_490,train,1,4,"{""21"": 4}"
MAR20_491,train,1,2,"{""6"": 2}"
MAR20_492,val,1,4,"{""7"": 3, ""17"": 1}"
MAR20_495,train,1,7,"{""21"": 7}"
MAR20_496,train,1,3,"{""5"": 2, ""6"": 1}"
MAR20_497,train,1,8,"{""6"": 6, ""7"": 1, ""21"": 1}"
MAR20_498,train,1,8,"{""21"": 8}"
MAR20_499,val,1,3,"{""6"": 3}"
MAR20_5,train,1,8,"{""13"": 8}"
MAR20_500,train,1,2,"{""21"": 2}"
MAR20_501,train,1,2,"{""21"": 2}"
MAR20_502,val,1,7,"{""6"": 6, ""21"": 1}"
MAR20_503,train,1,6,"{""21"": 6}"
MAR20_504,train,1,7,"{""21"": 7}"
MAR20_505,train,1,4,"{""6"": 4}"
MAR20_506,train,1,5,"{""17"": 5}"
MAR20_507,train,1,6,"{""17"": 6}"
MAR20_508,val,1,4,"{""11"": 4}"
MAR20_509,val,1,8,"{""17"": 6, ""21"": 2}"
MAR20_51,val,1,3,"{""5"": 3}"
MAR20_511,train,1,6,"{""17"": 6}"
MAR20_512,val,1,5,"{""18"": 5}"
MAR20_513,train,1,6,"{""18"": 6}"
MAR20_514,val,1,9,"{""5"": 9}"
MAR20_515,train,1,8,"{""5"": 8}"
MAR20_516,train,1,9,"{""5"": 9}"
MAR20_517,train,1,4,"{""5"": 4}"
MAR20_518,train,1,5,"{""5"": 5}"
MAR20_519,val,1,6,"{""16"": 6}"
MAR20_52,train,1,13,"{""5"": 13}"
MAR20_520,train,1,7,"{""6"": 1, ""17"": 6}"
MAR20_523,val,1,5,"{""5"": 2, ""6"": 1, ""17"": 2}"
MAR20_524,val,1,7,"{""5"": 2, ""6"": 3, ""7"": 1, ""17"": 1}"
MAR20_525,train,1,8,"{""6"": 1, ""17"": 7}"
MAR20_527,train,1,4,"{""6"": 1, ""7"": 1, ""17"": 2}"
MAR20_528,train,1,5,"{""6"": 1, ""17"": 4}"
MAR20_529,val,1,5,"{""5"": 3, ""17"": 2}"
MAR20_530,val,1,10,"{""5"": 1, ""17"": 9}"
MAR20_532,train,1,12,"{""17"": 12}"
MAR20_533,train,1,8,"{""17"": 8}"
MAR20_534,train,1,4,"{""5"": 4}"
MAR20_535,train,1,6,"{""17"": 6}"
MAR20_536,val,1,10,"{""17"": 10}"
MAR20_537,train,1,8,"{""17"": 8}"
MAR20_539,train,1,21,"{""8"": 21}"
MAR20_540,train,1,10,"{""16"": 10}"
MAR20_541,val,1,11,"{""16"": 11}"
MAR20_542,train,1,9,"{""16"": 9}"
MAR20_543,train,1,6,"{""16"": 6}"
MAR20_547,train,1,6,"{""12"": 6}"
MAR20_548,train,1,7,"{""19"": 7}"
MAR20_549,val,1,10,"{""19"": 10}"
MAR20_55,train,1,3,"{""5"": 3}"
MAR20_552,train,1,9,"{""6"": 3, ""7"": 1, ""17"": 1, ""21"": 4}"
MAR20_553,train,1,1,"{""12"": 1}"
MAR20_554,train,1,1,"{""12"": 1}"
MAR20_555,train,1,10,"{""12"": 10}"
MAR20_556,train,1,3,"{""12"": 3}"
MAR20_557,train,1,1,"{""12"": 1}"
MAR20_559,train,1,6,"{""6"": 3, ""7"": 3}"
MAR20_560,train,1,8,"{""6"": 5, ""7"": 3}"
MAR20_561,train,1,6,"{""21"": 6}"
MAR20_562,val,1,7,"{""21"": 7}"
MAR20_563,train,1,7,"{""6"": 1, ""7"": 6}"
MAR20_564,train,1,3,"{""6"": 2, ""7"": 1}"
MAR20_565,train,1,9,"{""5"": 2, ""6"": 3, ""7"": 4}"
MAR20_566,train,1,4,"{""5"": 1, ""21"": 3}"
MAR20_567,train,1,2,"{""7"": 2}"
MAR20_568,train,1,8,"{""6"": 5, ""7"": 3}"
MAR20_569,train,1,3,"{""6"": 2, ""7"": 1}"
MAR20_57,train,1,2,"{""13"": 2}"
MAR20_570,train,1,2,"{""7"": 2}"
MAR20_573,val,1,7,"{""7"": 7}"
MAR20_574,train,1,3,"{""7"": 3}"
MAR20_575,train,1,7,"{""6"": 4, ""7"": 3}"
MAR20_577,train,1,11,"{""6"": 4, ""7"": 6, ""21"": 1}"
MAR20_578,val,1,11,"{""7"": 9, ""21"": 2}"
MAR20_579,val,1,1,"{""21"": 1}"
MAR20_580,train,1,3,"{""21"": 3}"
MAR20_581,val,1,9,"{""6"": 5, ""7"": 4}"
MAR20_582,train,1,3,"{""21"": 3}"
MAR20_583,train,1,5,"{""6"": 1, ""7"": 1, ""21"": 3}"
MAR20_585,train,1,6,"{""6"": 6}"
MAR20_586,train,1,3,"{""6"": 2, ""7"": 1}"
MAR20_587,train,1,2,"{""5"": 2}"
MAR20_588,train,1,7,"{""21"": 7}"
MAR20_589,train,1,10,"{""6"": 4, ""7"": 6}"
MAR20_59,val,1,5,"{""13"": 5}"
MAR20_590,train,1,5,"{""21"": 5}"
MAR20_591,train,1,5,"{""6"": 5}"
MAR20_592,train,1,5,"{""21"": 5}"
MAR20_593,train,1,6,"{""21"": 6}"
MAR20_594,train,1,5,"{""7"": 5}"
MAR20_595,train,1,6,"{""6"": 4, ""7"": 2}"
MAR20_596,train,1,2,"{""6"": 2}"
MAR20_598,val,1,5,"{""21"": 5}"
MAR20_599,train,1,4,"{""21"": 4}"
MAR20_60,val,1,2,"{""13"": 2}"
MAR20_600,train,1,7,"{""6"": 4, ""7"": 3}"
MAR20_602,train,1,9,"{""21"": 9}"
MAR20_607,train,1,6,"{""5"": 1, ""6"": 2, ""7"": 3}"
MAR20_608,val,1,6,"{""21"": 6}"
MAR20_609,train,1,3,"{""21"": 3}"
MAR20_61,train,1,3,"{""13"": 3}"
MAR20_610,train,1,9,"{""7"": 1, ""21"": 8}"
MAR20_611,train,1,12,"{""6"": 5, ""7"": 6, ""17"": 1}"
MAR20_612,train,1,6,"{""7"": 6}"
MAR20_613,train,1,7,"{""6"": 2, ""7"": 5}"
MAR20_614,val,1,5,"{""21"": 5}"
MAR20_615,train,1,6,"{""6"": 2, ""7"": 4}"
MAR20_616,train,1,4,"{""6"": 2, ""7"": 2}"
MAR20_617,val,1,3,"{""7"": 3}"
MAR20_618,train,1,8,"{""6"": 3, ""7"": 5}"
MAR20_62,val,1,6,"{""13"": 6}"
MAR20_620,train,1,6,"{""6"": 1, ""7"": 5}"
MAR20_621,train,1,2,"{""6"": 2}"
MAR20_622,val,1,7,"{""7"": 7}"
MAR20_623,val,1,6,"{""6"": 1, ""7"": 5}"
MAR20_624,train,1,7,"{""14"": 7}"
MAR20_628,train,1,13,"{""16"": 13}"
MAR20_629,train,1,3,"{""14"": 3}"
MAR20_63,train,1,2,"{""13"": 2}"
MAR20_630,train,1,9,"{""6"": 9}"
MAR20_631,train,1,7,"{""6"": 7}"
MAR20_632,val,1,6,"{""6"": 6}"
MAR20_633,train,1,4,"{""6"": 4}"
MAR20_635,train,1,3,"{""6"": 3}"
MAR20_636,train,1,10,"{""6"": 10}"
MAR20_637,train,1,7,"{""6"": 7}"
MAR20_638,val,1,5,"{""6"": 5}"
MAR20_639,train,1,3,"{""5"": 1, ""6"": 2}"
MAR20_64,train,1,2,"{""5"": 2}"
MAR20_640,train,1,5,"{""6"": 5}"
MAR20_641,train,1,16,"{""6"": 16}"
MAR20_642,train,1,5,"{""6"": 5}"
MAR20_643,train,1,4,"{""6"": 4}"
MAR20_644,train,1,9,"{""6"": 9}"
MAR20_645,train,1,4,"{""6"": 4}"
MAR20_646,train,1,5,"{""6"": 5}"
MAR20_647,train,1,6,"{""6"": 6}"
MAR20_648,train,1,4,"{""6"": 4}"
MAR20_649,train,1,5,"{""6"": 5}"
MAR20_65,train,1,13,"{""5"": 13}"
MAR20_651,train,1,10,"{""6"": 10}"
MAR20_652,val,1,15,"{""6"": 15}"
MAR20_654,train,1,3,"{""6"": 3}"
MAR20_655,train,1,7,"{""6"": 7}"
MAR20_656,train,1,4,"{""6"": 4}"
MAR20_657,train,1,5,"{""6"": 5}"
MAR20_658,train,1,5,"{""14"": 5}"
MAR20_66,train,1,6,"{""5"": 6}"
MAR20_661,val,1,2,"{""6"": 1, ""14"": 1}"
MAR20_662,train,1,3,"{""5"": 1, ""14"": 1, ""18"": 1}"
MAR20_663,val,1,5,"{""14"": 5}"
MAR20_664,train,1,6,"{""14"": 6}"
MAR20_665,train,1,7,"{""14"": 7}"
MAR20_666,train,1,9,"{""14"": 9}"
MAR20_667,train,1,18,"{""5"": 10, ""6"": 5, ""7"": 3}"
MAR20_668,train,1,2,"{""6"": 2}"
MAR20_669,val,1,1,"{""16"": 1}"
MAR20_67,train,1,4,"{""5"": 4}"
MAR20_670,train,1,2,"{""16"": 2}"
MAR20_671,val,1,13,"{""5"": 6, ""6"": 5, ""7"": 2}"
MAR20_673,train,1,12,"{""5"": 6, ""6"": 4, ""7"": 2}"
MAR20_674,val,1,19,"{""5"": 5, ""6"": 6, ""7"": 6, ""16"": 2}"
MAR20_677,train,1,12,"{""10"": 12}"
MAR20_678,val,1,8,"{""10"": 8}"
MAR20_682,val,1,8,"{""5"": 1, ""10"": 1, ""14"": 1, ""17"": 5}"
MAR20_683,train,1,6,"{""10"": 1, ""11"": 4, ""17"": 1}"
MAR20_684,train,1,7,"{""11"": 2, ""13"": 4, ""14"": 1}"
MAR20_685,train,1,14,"{""5"": 1, ""10"": 2, ""11"": 4, ""14"": 1, ""17"": 6}"
MAR20_686,train,1,7,"{""5"": 1, ""11"": 1, ""17"": 4, ""21"": 1}"
MAR20_687,train,1,10,"{""5"": 1, ""10"": 1, ""11"": 4, ""13"": 4}"
MAR20_688,train,1,6,"{""6"": 1, ""17"": 5}"
MAR20_689,train,1,10,"{""10"": 10}"
MAR20_69,train,1,15,"{""6"": 15}"
MAR20_690,train,1,5,"{""17"": 5}"
MAR20_692,train,1,6,"{""11"": 2, ""13"": 1, ""14"": 1, ""17"": 1, ""21"": 1}"
MAR20_693,train,1,6,"{""5"": 1, ""11"": 1, ""13"": 4}"
MAR20_695,train,1,4,"{""14"": 1, ""17"": 3}"
MAR20_696,train,1,18,"{""10"": 16, ""17"": 2}"
MAR20_698,train,1,5,"{""10"": 1, ""11"": 2, ""13"": 2}"
MAR20_699,train,1,6,"{""17"": 6}"
MAR20_7,train,1,6,"{""5"": 6}"
MAR20_70,train,1,5,"{""6"": 5}"
MAR20_701,train,1,8,"{""5"": 1, ""10"": 1, ""11"": 2, ""14"": 2, ""17"": 2}"
MAR20_702,train,1,10,"{""10"": 10}"
MAR20_703,train,1,7,"{""10"": 1, ""11"": 1, ""17"": 5}"
MAR20_704,train,1,10,"{""10"": 1, ""11"": 3, ""13"": 2, ""14"": 2, ""17"": 2}"
MAR20_706,train,1,8,"{""10"": 1, ""11"": 2, ""13"": 5}"
MAR20_707,train,1,6,"{""11"": 1, ""13"": 3, ""17"": 2}"
MAR20_708,train,1,8,"{""10"": 8}"
MAR20_709,train,1,8,"{""5"": 7, ""6"": 1}"
MAR20_71,train,1,6,"{""6"": 6}"
MAR20_710,train,1,3,"{""5"": 1, ""10"": 2}"
MAR20_711,train,1,7,"{""5"": 5, ""6"": 2}"
MAR20_712,train,1,2,"{""10"": 2}"
MAR20_714,train,1,4,"{""5"": 3, ""6"": 1}"
MAR20_715,train,1,7,"{""5"": 7}"
MAR20_716,train,1,6,"{""18"": 6}"
MAR20_717,train,1,10,"{""18"": 10}"
MAR20_719,train,1,4,"{""18"": 4}"
MAR20_72,val,1,8,"{""6"": 8}"
MAR20_720,train,1,6,"{""18"": 6}"
MAR20_721,val,1,4,"{""18"": 4}"
MAR20_722,train,1,11,"{""16"": 9, ""18"": 2}"
MAR20_723,train,1,12,"{""16"": 10, ""18"": 2}"
MAR20_725,train,1,9,"{""16"": 9}"
MAR20_727,train,1,6,"{""16"": 6}"
MAR20_728,train,1,10,"{""16"": 10}"
MAR20_729,train,1,9,"{""16"": 9}"
MAR20_73,val,1,7,"{""6"": 7}"
MAR20_730,train,1,6,"{""16"": 6}"
MAR20_731,train,1,10,"{""16"": 10}"
MAR20_732,train,1,9,"{""16"": 9}"
MAR20_733,val,1,7,"{""16"": 7}"
MAR20_734,train,1,5,"{""16"": 5}"
MAR20_735,train,1,10,"{""17"": 10}"
MAR20_736,train,1,4,"{""17"": 4}"
MAR20_737,train,1,14,"{""5"": 1, ""6"": 13}"
MAR20_738,train,1,9,"{""17"": 9}"
MAR20_739,train,1,16,"{""17"": 16}"
MAR20_74,train,1,2,"{""6"": 2}"
MAR20_740,train,1,11,"{""17"": 11}"
MAR20_741,val,1,8,"{""17"": 8}"
MAR20_742,val,1,11,"{""6"": 11}"
MAR20_743,train,1,8,"{""6"": 8}"
MAR20_744,val,1,6,"{""6"": 6}"
MAR20_745,train,1,11,"{""6"": 11}"
MAR20_746,val,1,5,"{""6"": 5}"
MAR20_747,val,1,9,"{""6"": 9}"
MAR20_748,train,1,4,"{""13"": 4}"
MAR20_749,train,1,12,"{""10"": 2, ""11"": 4, ""13"": 6}"
MAR20_75,val,1,2,"{""6"": 2}"
MAR20_750,train,1,5,"{""13"": 5}"
MAR20_751,train,1,5,"{""11"": 5}"
MAR20_752,train,1,4,"{""11"": 4}"
MAR20_753,train,1,6,"{""11"": 6}"
MAR20_755,val,1,6,"{""11"": 6}"
MAR20_756,train,1,4,"{""11"": 4}"
MAR20_757,val,1,9,"{""17"": 9}"
MAR20_758,train,1,6,"{""11"": 6}"
MAR20_760,train,1,1,"{""13"": 1}"
MAR20_762,train,1,13,"{""18"": 13}"
MAR20_764,train,1,21,"{""16"": 9, ""18"": 12}"
MAR20_765,train,1,6,"{""18"": 6}"
MAR20_766,train,1,4,"{""18"": 4}"
MAR20_767,train,1,5,"{""18"": 5}"
MAR20_768,train,1,8,"{""16"": 8}"
MAR20_769,train,1,9,"{""18"": 9}"
MAR20_77,train,1,2,"{""6"": 2}"
MAR20_770,train,1,4,"{""4"": 4}"
MAR20_775,train,1,6,"{""23"": 6}"
MAR20_776,train,1,5,"{""23"": 5}"
MAR20_778,val,1,4,"{""4"": 4}"
MAR20_779,train,1,3,"{""4"": 2, ""22"": 1}"
MAR20_78,train,1,1,"{""6"": 1}"
MAR20_780,val,1,6,"{""4"": 6}"
MAR20_781,train,1,6,"{""4"": 6}"
MAR20_782,train,1,3,"{""4"": 3}"
MAR20_783,train,1,3,"{""4"": 3}"
MAR20_784,val,1,8,"{""4"": 2, ""22"": 4, ""23"": 2}"
MAR20_785,train,1,2,"{""4"": 2}"
MAR20_786,train,1,15,"{""23"": 15}"
MAR20_789,train,1,3,"{""4"": 3}"
MAR20_79,train,1,2,"{""6"": 2}"
MAR20_790,train,1,4,"{""4"": 4}"
MAR20_791,train,1,1,"{""4"": 1}"
MAR20_793,train,1,4,"{""4"": 4}"
MAR20_794,train,1,5,"{""15"": 5}"
MAR20_795,train,1,4,"{""15"": 4}"
MAR20_796,train,1,5,"{""15"": 5}"
MAR20_797,val,1,4,"{""15"": 4}"
MAR20_8,val,1,8,"{""5"": 8}"
MAR20_80,train,1,13,"{""6"": 13}"
MAR20_800,train,1,1,"{""14"": 1}"
MAR20_801,val,1,6,"{""14"": 6}"
MAR20_802,train,1,3,"{""20"": 3}"
MAR20_805,train,1,10,"{""19"": 10}"
MAR20_807,train,1,3,"{""5"": 1, ""12"": 2}"
MAR20_809,val,1,2,"{""23"": 2}"
MAR20_81,train,1,2,"{""6"": 2}"
MAR20_810,train,1,2,"{""4"": 1, ""22"": 1}"
MAR20_811,val,1,7,"{""4"": 6, ""22"": 1}"
MAR20_812,train,1,5,"{""5"": 1, ""6"": 1, ""16"": 3}"
MAR20_813,train,1,2,"{""22"": 2}"
MAR20_815,train,1,6,"{""10"": 1, ""14"": 2, ""17"": 3}"
MAR20_816,train,1,12,"{""8"": 10, ""19"": 2}"
MAR20_817,train,1,8,"{""16"": 8}"
MAR20_819,train,1,5,"{""22"": 1, ""23"": 4}"
MAR20_820,train,1,7,"{""4"": 7}"
MAR20_821,train,1,5,"{""6"": 3, ""17"": 2}"
MAR20_822,train,1,9,"{""19"": 9}"
MAR20_823,train,1,5,"{""7"": 5}"
MAR20_824,train,1,3,"{""20"": 3}"
MAR20_825,train,1,4,"{""7"": 4}"
MAR20_827,train,1,6,"{""21"": 6}"
MAR20_828,train,1,5,"{""5"": 2, ""12"": 3}"
MAR20_83,val,1,1,"{""6"": 1}"
MAR20_830,train,1,8,"{""4"": 8}"
MAR20_831,train,1,5,"{""17"": 5}"
MAR20_832,train,1,6,"{""5"": 1, ""17"": 5}"
MAR20_833,train,1,6,"{""20"": 6}"
MAR20_834,train,1,3,"{""11"": 3}"
MAR20_836,val,1,6,"{""17"": 6}"
MAR20_837,train,1,4,"{""23"": 4}"
MAR20_838,train,1,13,"{""12"": 2, ""19"": 11}"
MAR20_84,train,1,2,"{""6"": 2}"
MAR20_840,val,1,4,"{""8"": 4}"
MAR20_841,val,1,2,"{""14"": 1, ""17"": 1}"
MAR20_842,train,1,3,"{""11"": 3}"
MAR20_844,train,1,2,"{""4"": 2}"
MAR20_845,train,1,4,"{""8"": 4}"
MAR20_846,train,1,12,"{""4"": 5, ""22"": 5, ""23"": 2}"
MAR20_847,train,1,9,"{""22"": 2, ""23"": 7}"
MAR20_848,train,1,1,"{""18"": 1}"
MAR20_849,train,1,6,"{""23"": 6}"
MAR20_851,train,1,9,"{""12"": 1, ""19"": 8}"
MAR20_852,train,1,5,"{""19"": 5}"
MAR20_853,train,1,3,"{""6"": 3}"
MAR20_854,train,1,4,"{""20"": 4}"
MAR20_856,val,1,2,"{""16"": 2}"
MAR20_857,val,1,2,"{""17"": 2}"
MAR20_858,train,1,1,"{""8"": 1}"
MAR20_859,train,1,4,"{""20"": 4}"
MAR20_86,val,1,1,"{""6"": 1}"
MAR20_860,train,1,5,"{""4"": 4, ""22"": 1}"
MAR20_861,train,1,4,"{""4"": 3, ""22"": 1}"
MAR20_862,train,1,4,"{""13"": 4}"
MAR20_863,train,1,5,"{""8"": 5}"
MAR20_864,train,1,11,"{""4"": 8, ""22"": 3}"
MAR20_865,train,1,3,"{""17"": 3}"
MAR20_867,val,1,7,"{""10"": 7}"
MAR20_868,train,1,19,"{""12"": 19}"
MAR20_869,val,1,24,"{""16"": 24}"
MAR20_87,train,1,2,"{""5"": 1, ""6"": 1}"
MAR20_871,val,1,2,"{""10"": 1, ""17"": 1}"
MAR20_872,train,1,4,"{""15"": 1, ""20"": 3}"
MAR20_873,train,1,6,"{""4"": 6}"
MAR20_874,train,1,36,"{""5"": 36}"
MAR20_875,val,1,8,"{""8"": 8}"
MAR20_876,train,1,6,"{""18"": 6}"
MAR20_877,train,1,3,"{""6"": 3}"
MAR20_878,train,1,10,"{""8"": 10}"
MAR20_88,train,1,1,"{""6"": 1}"
MAR20_880,train,1,7,"{""17"": 7}"
MAR20_881,val,1,3,"{""15"": 3}"
MAR20_882,train,1,3,"{""8"": 3}"
MAR20_886,train,1,17,"{""16"": 17}"
MAR20_887,train,1,8,"{""4"": 6, ""22"": 2}"
MAR20_888,train,1,4,"{""20"": 4}"
MAR20_89,train,1,1,"{""6"": 1}"
MAR20_890,train,1,25,"{""19"": 25}"
MAR20_891,val,1,6,"{""22"": 5, ""23"": 1}"
MAR20_893,train,1,2,"{""17"": 1, ""21"": 1}"
MAR20_894,train,1,3,"{""13"": 3}"
MAR20_895,train,1,4,"{""15"": 4}"
MAR20_896,val,1,3,"{""4"": 3}"
MAR20_897,train,1,3,"{""19"": 3}"
MAR20_898,train,1,5,"{""4"": 5}"
MAR20_899,train,1,6,"{""22"": 6}"
MAR20_9,val,1,6,"{""5"": 6}"
MAR20_90,train,1,1,"{""6"": 1}"
MAR20_900,train,1,3,"{""23"": 3}"
MAR20_901,train,1,42,"{""5"": 28, ""17"": 14}"
MAR20_902,train,1,14,"{""19"": 14}"
MAR20_903,train,1,4,"{""14"": 3, ""17"": 1}"
MAR20_904,val,1,2,"{""8"": 2}"
MAR20_905,train,1,6,"{""8"": 6}"
MAR20_906,train,1,6,"{""5"": 5, ""6"": 1}"
MAR20_907,train,1,9,"{""4"": 5, ""22"": 4}"
MAR20_908,train,1,3,"{""16"": 3}"
MAR20_909,train,1,18,"{""5"": 3, ""12"": 13, ""14"": 2}"
MAR20_91,train,1,10,"{""6"": 10}"
MAR20_911,train,1,6,"{""13"": 6}"
MAR20_912,train,1,5,"{""11"": 5}"
MAR20_913,train,1,5,"{""20"": 5}"
MAR20_914,train,1,3,"{""22"": 3}"
MAR20_915,train,1,9,"{""6"": 3, ""7"": 6}"
MAR20_916,val,1,1,"{""13"": 1}"
MAR20_917,train,1,3,"{""5"": 1, ""6"": 2}"
MAR20_918,train,1,2,"{""11"": 1, ""17"": 1}"
MAR20_919,train,1,6,"{""8"": 6}"
MAR20_92,train,1,3,"{""5"": 2, ""6"": 1}"
MAR20_920,train,1,6,"{""22"": 6}"
MAR20_921,val,1,25,"{""5"": 25}"
MAR20_922,train,1,6,"{""10"": 6}"
MAR20_924,train,1,5,"{""7"": 5}"
MAR20_925,val,1,4,"{""22"": 3, ""23"": 1}"
MAR20_926,train,1,4,"{""4"": 4}"
MAR20_927,train,1,7,"{""19"": 7}"
MAR20_928,train,1,3,"{""22"": 3}"
MAR20_929,train,1,10,"{""6"": 10}"
MAR20_931,val,1,6,"{""6"": 6}"
MAR20_933,train,1,5,"{""4"": 5}"
MAR20_934,train,1,4,"{""20"": 4}"
MAR20_935,train,1,7,"{""15"": 4, ""20"": 3}"
MAR20_936,train,1,6,"{""8"": 6}"
MAR20_937,train,1,5,"{""6"": 3, ""17"": 2}"
MAR20_938,train,1,6,"{""10"": 5, ""17"": 1}"
MAR20_939,train,1,2,"{""14"": 2}"
MAR20_94,train,1,9,"{""6"": 6, ""7"": 3}"
MAR20_940,train,1,7,"{""4"": 7}"
MAR20_943,val,1,4,"{""17"": 4}"
MAR20_946,train,1,4,"{""6"": 1, ""17"": 3}"
MAR20_947,train,1,14,"{""19"": 14}"
MAR20_951,train,1,8,"{""12"": 8}"
MAR20_954,val,1,4,"{""12"": 4}"
MAR20_955,train,1,6,"{""20"": 6}"
MAR20_956,train,1,6,"{""11"": 2, ""13"": 4}"
MAR20_957,train,1,5,"{""15"": 3, ""20"": 2}"
MAR20_958,train,1,1,"{""8"": 1}"
MAR20_96,val,1,3,"{""6"": 3}"
MAR20_960,train,1,7,"{""5"": 1, ""10"": 2, ""17"": 3, ""21"": 1}"
MAR20_961,train,1,4,"{""12"": 4}"
MAR20_962,train,1,22,"{""5"": 22}"
MAR20_964,train,1,1,"{""16"": 1}"
MAR20_965,val,1,13,"{""19"": 13}"
MAR20_966,train,1,21,"{""5"": 7, ""16"": 14}"
MAR20_968,train,1,2,"{""12"": 2}"
MAR20_97,val,1,9,"{""6"": 9}"
MAR20_970,train,1,5,"{""5"": 5}"
MAR20_971,train,1,3,"{""4"": 3}"
MAR20_972,train,1,2,"{""5"": 2}"
MAR20_973,train,1,2,"{""18"": 2}"
MAR20_974,train,1,3,"{""5"": 3}"
MAR20_976,train,1,7,"{""4"": 7}"
MAR20_977,train,1,4,"{""20"": 4}"
MAR20_978,train,1,6,"{""5"": 1, ""11"": 1, ""13"": 4}"
MAR20_979,train,1,5,"{""4"": 4, ""22"": 1}"
MAR20_98,train,1,7,"{""6"": 6, ""14"": 1}"
MAR20_981,train,1,4,"{""8"": 4}"
MAR20_982,train,1,7,"{""8"": 7}"
MAR20_983,val,1,6,"{""15"": 3, ""20"": 3}"
MAR20_984,val,1,4,"{""22"": 4}"
MAR20_985,train,1,3,"{""12"": 3}"
MAR20_986,train,1,5,"{""12"": 5}"
MAR20_987,val,1,10,"{""17"": 10}"
MAR20_99,val,1,14,"{""6"": 14}"
MAR20_990,train,1,2,"{""20"": 2}"
MAR20_992,train,1,6,"{""6"": 2, ""7"": 4}"
MAR20_993,train,1,5,"{""17"": 5}"
MAR20_994,train,1,9,"{""4"": 9}"
MAR20_995,train,1,2,"{""12"": 2}"
MAR20_996,val,1,6,"{""4"": 4, ""22"": 2}"
MAR20_997,val,1,4,"{""22"": 4}"
MAR20_998,train,1,6,"{""15"": 5, ""20"": 1}"
MAR20_999,train,1,2,"{""14"": 1, ""17"": 1}"
W117.1_N32.6_20180715_L1A0003325477-PAN26,train,2,11,"{""1"": 2, ""2"": 9}"
W117.1_N32.6_20180715_L1A0003325477-PAN28,train,1,8,"{""1"": 2, ""2"": 6}"
W117.3_N32.6_20180403_L1A0003102432-PAN14,train,1,1,"{""0"": 1}"
W117.3_N32.6_20180809_L1A0003381156-PAN13,train,1,1,"{""1"": 1}"
W117.3_N32.6_20190422_L1A0003957860-PAN12,train,1,1,"{""3"": 1}"
W117.3_N32.6_20190422_L1A0003957860-PAN15,train,1,1,"{""2"": 1}"
W157.8_N21.3_20180901_L1A0003426640-PAN25,train,2,2,"{""3"": 2}"
W157.8_N21.3_20180901_L1A0003426640-PAN28,val,2,2,"{""3"": 2}"
W157.9_N21.3_20150119_L1A0000600031-PAN20,train,3,3,"{""3"": 3}"
W157.9_N21.3_20150119_L1A0000600031-PAN21,val,2,2,"{""2"": 2}"
W157.9_N21.3_20150119_L1A0000600031-PAN27,train,4,4,"{""2"": 1, ""3"": 3}"
W157.9_N21.3_20150119_L1A0000600031-PAN28,train,4,11,"{""1"": 1, ""2"": 9, ""3"": 1}"
W157.9_N21.3_20150119_L1A0000600031-PAN29,train,4,7,"{""1"": 1, ""2"": 5, ""3"": 1}"
W157.9_N21.3_20160709_L1A0001690055-PAN20,train,3,22,"{""2"": 22}"
W157.9_N21.3_20160709_L1A0001690055-PAN23,train,4,37,"{""0"": 2, ""1"": 5, ""2"": 27, ""3"": 3}"
W157.9_N21.3_20160709_L1A0001690055-PAN24,train,2,3,"{""3"": 3}"
W158.0_N21.4_20190415_L1A0003949798-PAN13,val,4,8,"{""2"": 6, ""3"": 2}"
W158.1_N21.4_20180619_L1A0003270052-PAN14,train,2,7,"{""2"": 3, ""3"": 4}"
W76.3_N37.0_20150318_L1A0000704021-PAN20,val,4,11,"{""0"": 2, ""2"": 5, ""3"": 4}"
W76.3_N37.0_20150318_L1A0000704021-PAN27,train,4,12,"{""0"": 2, ""2"": 6, ""3"": 4}"
fsc_AGZ-N22.66-E120.46-lv20-Google,train,1,3,"{""24"": 3}"
fsc_AGZ-N23.00-E120.33-lv20-Bing,val,3,13,"{""24"": 13}"
fsc_AGZ-N23.00-E120.33-lv20-Google,train,3,13,"{""24"": 13}"
fsc_AGZ-N23.44-E120.40-lv20-Bing,train,2,14,"{""24"": 14}"
fsc_AGZ-N23.44-E120.40-lv20-Google,train,2,15,"{""24"": 15}"
fsc_AGZ-N24.15-E120.73-lv20-Bing,train,1,6,"{""24"": 6}"
fsc_AGZ-N24.15-E120.73-lv20-Google,val,2,11,"{""24"": 11}"
fsc_AGZ-N24.25-E120.64-lv20-Google,train,2,10,"{""24"": 10}"
fsc_AGZ-N24.95-E121.51-lv20-Bing,train,2,14,"{""24"": 14}"
fsc_AGZ-N24.95-E121.51-lv20-Google,train,1,6,"{""24"": 6}"
fsc_AGZ-N25.02-E121.33-lv20-Bing,train,1,11,"{""24"": 11}"
fsc_AGZ-N25.02-E121.33-lv20-Google,train,1,11,"{""24"": 11}"
fsc_AGZ-N25.03-E121.59-lv20-Bing,train,1,8,"{""24"": 8}"
fsc_AGZ-N25.03-E121.59-lv20-Google,train,2,9,"{""24"": 9}"
fsc_AGZ-N34.62-E136.25-lv20-Bing,train,2,6,"{""24"": 6}"
fsc_AGZ-N34.62-E136.25-lv20-Google,train,1,8,"{""24"": 8}"
fsc_AGZ-N35.40-E37.00-lv20-Bing,train,2,9,"{""24"": 9}"
fsc_AGZ-N35.40-E37.00-lv20-Google,train,1,3,"{""24"": 3}"
fsc_AGZ-N35.84-E139.41-lv20-Bing,val,1,8,"{""24"": 8}"
fsc_AGZ-N35.84-E139.41-lv20-Google,train,2,16,"{""24"": 16}"
fsc_AGZ-N35.89-E126.62-lv20-Google,val,2,14,"{""24"": 14}"
fsc_AGZ-N35.89-E126.62-lv20-Yandex,train,2,18,"{""24"": 18}"
fsc_AGZ-N42.80-E141.65-lv20-Bing,train,2,3,"{""24"": 3}"
fsc_AGZ-N42.80-E141.65-lv20-Google,train,2,9,"{""24"": 9}"
fsc_FKDD-N31.32-E31.05-lv20-Bing,train,2,2,"{""24"": 2}"
fsc_FKDD-N31.32-E31.05-lv20-Google,train,1,4,"{""24"": 4}"
fsc_FKDD-N31.32-E31.05-lv20-Yandex,train,1,4,"{""24"": 4}"
fsc_HMS-N26.20-E127.66-lv20-google,val,1,4,"{""24"": 4}"
fsc_HMS-N26.20-E127.66-lv20-yandex,train,1,1,"{""24"": 1}"
fsc_SD-N36.03-E128.13-lv20-Bing,train,2,6,"{""24"": 6}"
fsc_SD-N36.03-E128.13-lv20-Google,train,1,9,"{""24"": 9}"
fsc_TG-N22.33-E120.62-lv20-Bing,train,2,23,"{""24"": 23}"
fsc_TG-N22.33-E120.62-lv20-Google,val,2,22,"{""24"": 22}"
fsc_TG-N23.66-E119.55-lv20-Google,train,1,8,"{""24"": 8}"
fsc_TG-N23.66-E119.55-lv20-bing,train,2,3,"{""24"": 3}"
fsc_TG-N24.02-E121.62-lv20-Bing,val,2,9,"{""24"": 9}"
fsc_TG-N24.02-E121.62-lv20-Google,train,2,5,"{""24"": 5}"
fsc_TG-N24.21-E120.59-lv20-Google,train,3,16,"{""24"": 16}"
fsc_TG-N25.20-E121.42-lv20-Bing,train,1,5,"{""24"": 5}"
fsc_TG-N25.20-E121.42-lv20-Google,train,1,19,"{""24"": 19}"
fsc_TG-N25.20-E121.42-lv20-Yandex,train,1,24,"{""24"": 24}"
