"new_stem","old_image_name","old_label_name","source_label_sha256","mapped_label_sha256"
"0002","01-PAN-20240418-318-232-L00000010061-CCD18_5_crop1.jpg","01-PAN-20240418-318-232-L00000010061-CCD18_5_crop1.txt","ceb94f89e130eda95d1299246b9837ff52c955b021488d13de8e6c4d8b10d692","ceb94f89e130eda95d1299246b9837ff52c955b021488d13de8e6c4d8b10d692"
"0004","01-PAN-20240420-113-325-L00000010882-CCD3_5_crop1.jpg","01-PAN-20240420-113-325-L00000010882-CCD3_5_crop1.txt","f05e99d2b85d64210bcb98935c5b54d31314649088d7fb3f4f20fbbe9c34eb2c","f05e99d2b85d64210bcb98935c5b54d31314649088d7fb3f4f20fbbe9c34eb2c"
"0005","01-PAN-20240420-113-325-L00000010882-CCD3_5_crop4.jpg","01-PAN-20240420-113-325-L00000010882-CCD3_5_crop4.txt","948ce828a193eb19a6c9d09b6e9678193c279113fdb4c744dcbe1dbbbdfebc3c","948ce828a193eb19a6c9d09b6e9678193c279113fdb4c744dcbe1dbbbdfebc3c"
"0006","01-PAN-20240420-113-325-L00000010882-CCD3_5_crop5.jpg","01-PAN-20240420-113-325-L00000010882-CCD3_5_crop5.txt","01037bca24c1170f9e7ed8546748b54cc8022dc68ad8b7a2c97a81bb9c48e3ab","01037bca24c1170f9e7ed8546748b54cc8022dc68ad8b7a2c97a81bb9c48e3ab"
"0007","01-PAN-20240420-113-325-L00000010882-CCD3_5_crop6.jpg","01-PAN-20240420-113-325-L00000010882-CCD3_5_crop6.txt","b2ab5f5a8bd1d88bfec7c300d97ddf096032b83881b54e795c234f02eddff24f","b2ab5f5a8bd1d88bfec7c300d97ddf096032b83881b54e795c234f02eddff24f"
"0008","01-PAN-20240420-113-325-L00000010882-CCD3_5_crop7.jpg","01-PAN-20240420-113-325-L00000010882-CCD3_5_crop7.txt","f9b7a2e9a0e0b42b9e2bc3d000eb4b84668d97e66f2da0a5ad1eae962e4a2c59","f9b7a2e9a0e0b42b9e2bc3d000eb4b84668d97e66f2da0a5ad1eae962e4a2c59"
"0009","01-PAN-20240420-113-325-L00000010882-CCD3_5_crop8.jpg","01-PAN-20240420-113-325-L00000010882-CCD3_5_crop8.txt","7a068dfbe3e6ec28af6ad606047f707a9c7718f4a9f482af5c72776eee1ecbd6","7a068dfbe3e6ec28af6ad606047f707a9c7718f4a9f482af5c72776eee1ecbd6"
"0010","01-PAN-20240420-113-325-L00000010882-CCD3_5_crop9.jpg","01-PAN-20240420-113-325-L00000010882-CCD3_5_crop9.txt","077a889cef13200e4894453e8207e37582156b04995d5ce0a1835b9df432046b","077a889cef13200e4894453e8207e37582156b04995d5ce0a1835b9df432046b"
"0011","01-PAN-20240420-113-325-L00000010882-CCD3_6_crop1.jpg","01-PAN-20240420-113-325-L00000010882-CCD3_6_crop1.txt","7ced29fcddb79efedb33e0400f80ace8ed502a6b8fe163964876c4f7a185c6d9","7ced29fcddb79efedb33e0400f80ace8ed502a6b8fe163964876c4f7a185c6d9"
"0012","01-PAN-20240420-113-325-L00000010882-CCD3_6_crop2.jpg","01-PAN-20240420-113-325-L00000010882-CCD3_6_crop2.txt","3d6cfd209a2ceea96c2f2775f29d6f5434574052e9ea84c992fbfb442a1d72d4","3d6cfd209a2ceea96c2f2775f29d6f5434574052e9ea84c992fbfb442a1d72d4"
"0013","01-PAN-20240420-113-325-L00000010882-CCD3_6_crop3.jpg","01-PAN-20240420-113-325-L00000010882-CCD3_6_crop3.txt","229aea4b4b7be17b2cd50be31b34ba4d98dd3ca59f57049eaa9f04994d85b533","229aea4b4b7be17b2cd50be31b34ba4d98dd3ca59f57049eaa9f04994d85b533"
"0014","01-PAN-20240420-113-325-L00000010882-CCD3_6_crop4.jpg","01-PAN-20240420-113-325-L00000010882-CCD3_6_crop4.txt","4f6e0f4e55b9cc30243d2a2bbdfcacc9c3108c760475164956c72179724b2f9b","4f6e0f4e55b9cc30243d2a2bbdfcacc9c3108c760475164956c72179724b2f9b"
"0015","01-PAN-20240420-113-325-L00000010882-CCD4_5_crop1.jpg","01-PAN-20240420-113-325-L00000010882-CCD4_5_crop1.txt","b3ef725945ca0abc59a8c9fa1965e8d1f5fb1a27920dedb07295956ff0440635","b3ef725945ca0abc59a8c9fa1965e8d1f5fb1a27920dedb07295956ff0440635"
"0016","01-PAN-20240420-113-325-L00000010882-CCD4_5_crop2.jpg","01-PAN-20240420-113-325-L00000010882-CCD4_5_crop2.txt","bd748155976efb8cdd4a68e706ee7fde8c623b0814cdc85f3e541cd07aa19b6b","bd748155976efb8cdd4a68e706ee7fde8c623b0814cdc85f3e541cd07aa19b6b"
"0017","01-PAN-20240420-113-325-L00000011195-CCD1_4_crop1.jpg","01-PAN-20240420-113-325-L00000011195-CCD1_4_crop1.txt","088b8337d9993455bd183183508aded8e4c6174da9ee62eb4efc2adb6b77527c","088b8337d9993455bd183183508aded8e4c6174da9ee62eb4efc2adb6b77527c"
"0020","01-PAN-20240421-423-694-L00000010874-CCD21_3_crop1.jpg","01-PAN-20240421-423-694-L00000010874-CCD21_3_crop1.txt","77d61cab53d7713c96f960f33d6885d139a5a8c9e3c2653ce823fb00e443328f","77d61cab53d7713c96f960f33d6885d139a5a8c9e3c2653ce823fb00e443328f"
"0021","01-PAN-20240421-423-694-L00000010874-CCD21_3_crop2.jpg","01-PAN-20240421-423-694-L00000010874-CCD21_3_crop2.txt","cbefb0fcb9bbba2ef0bd4285c1c059efd99da4c1629b7c0c3ff93d8acd83333a","cbefb0fcb9bbba2ef0bd4285c1c059efd99da4c1629b7c0c3ff93d8acd83333a"
"0022","01-PAN-20240421-423-694-L00000010874-CCD22_2_crop1.jpg","01-PAN-20240421-423-694-L00000010874-CCD22_2_crop1.txt","a5acfe5a5f631d0d1ac59d1ac256e8834c120adbb7de74e220b7bada5bb3ebb1","a5acfe5a5f631d0d1ac59d1ac256e8834c120adbb7de74e220b7bada5bb3ebb1"
"0023","01-PAN-20240421-423-694-L00000010874-CCD22_2_crop2.jpg","01-PAN-20240421-423-694-L00000010874-CCD22_2_crop2.txt","adf0749061c7df9e64054a143264ec1d790976d49e43af31e1ce97b07fc77642","adf0749061c7df9e64054a143264ec1d790976d49e43af31e1ce97b07fc77642"
"0040","01-PAN-20240424-146-259-L00000010814-CCD11_5_crop1.jpg","01-PAN-20240424-146-259-L00000010814-CCD11_5_crop1.txt","d38bf75092a969f66bd225214f7df6606dd53cfe9d4b96cd615b47d94816685d","d38bf75092a969f66bd225214f7df6606dd53cfe9d4b96cd615b47d94816685d"
"0047","01-PAN-20240430-104-336-L00000011523-CCD22_6_crop3.jpg","01-PAN-20240430-104-336-L00000011523-CCD22_6_crop3.txt","5d2ac7f59d6ee947c71a084e5a838e649e09d370fd3d7cd30164b3efd4107ff9","5d2ac7f59d6ee947c71a084e5a838e649e09d370fd3d7cd30164b3efd4107ff9"
"0067","01-PAN-20240506-094-666-L00000012249-CCD10_6_crop1.jpg","01-PAN-20240506-094-666-L00000012249-CCD10_6_crop1.txt","17a74a5023f11f26925e3d082e031571e1208c34f45b6d135fde12630b7f40c6","17a74a5023f11f26925e3d082e031571e1208c34f45b6d135fde12630b7f40c6"
"0068","01-PAN-20240506-094-666-L00000012249-CCD10_6_crop2.jpg","01-PAN-20240506-094-666-L00000012249-CCD10_6_crop2.txt","17f4f0b955f7103e391276d487c4cbbc22aa3f83bf9a04690573084cc312dbfb","17f4f0b955f7103e391276d487c4cbbc22aa3f83bf9a04690573084cc312dbfb"
"0083","01-PAN-20240506-124-321-L00000011847-CCD29_4_crop1.jpg","01-PAN-20240506-124-321-L00000011847-CCD29_4_crop1.txt","0457fead9b1aee1db4222dc138969ae95aa8be8c6fbf1562a56bef455b93b9f1","0457fead9b1aee1db4222dc138969ae95aa8be8c6fbf1562a56bef455b93b9f1"
"0087","01-PAN-20240511-122-548-L00000012428-CCD26_5_crop2.jpg","01-PAN-20240511-122-548-L00000012428-CCD26_5_crop2.txt","b96d1a9845e3a86d95f0e30c2593e20e08902bdc825a4cee0c5b5cf4f60f8c4a","b96d1a9845e3a86d95f0e30c2593e20e08902bdc825a4cee0c5b5cf4f60f8c4a"
"0088","01-PAN-20240511-122-548-L00000012428-CCD26_5_crop3.jpg","01-PAN-20240511-122-548-L00000012428-CCD26_5_crop3.txt","9370b620670f6280dda6a070ea764149504579dd49f3fe9840c18ca8701b86f7","9370b620670f6280dda6a070ea764149504579dd49f3fe9840c18ca8701b86f7"
"0089","01-PAN-20240511-122-548-L00000012428-CCD27_5_crop2.jpg","01-PAN-20240511-122-548-L00000012428-CCD27_5_crop2.txt","1edd541b347d78c3df78dc6ec00cee027015776f5cedda7303c5038246776443","1edd541b347d78c3df78dc6ec00cee027015776f5cedda7303c5038246776443"
"0092","01-PAN-20240511-152-202-L00000012357-CCD23_5_crop1.jpg","01-PAN-20240511-152-202-L00000012357-CCD23_5_crop1.txt","359507d0852d279cfa20a184a1cd363387b2dbd376db6248d13a328a47b7e8c1","359507d0852d279cfa20a184a1cd363387b2dbd376db6248d13a328a47b7e8c1"
"0093","01-PAN-20240511-152-202-L00000012357-CCD23_5_crop2.jpg","01-PAN-20240511-152-202-L00000012357-CCD23_5_crop2.txt","5a54b9cecf302bcf1b447a671d7362e2b22ad226238cee3ed7edaf4522dc7cb6","5a54b9cecf302bcf1b447a671d7362e2b22ad226238cee3ed7edaf4522dc7cb6"
"0108","01-PAN-20240513-108-691-L00000012466-CCD27_5_crop1.jpg","01-PAN-20240513-108-691-L00000012466-CCD27_5_crop1.txt","ff9a00c52b5d708bd76f04e27dd79b5822821305e23e220937d05ec5db335e2b","ff9a00c52b5d708bd76f04e27dd79b5822821305e23e220937d05ec5db335e2b"
"0109","01-PAN-20240513-108-691-L00000012466-CCD27_5_crop2.jpg","01-PAN-20240513-108-691-L00000012466-CCD27_5_crop2.txt","d5f8f18f5a6bb322ce5a6043fb4ae200b371a35faa60f64cab222a441b5f6e3b","d5f8f18f5a6bb322ce5a6043fb4ae200b371a35faa60f64cab222a441b5f6e3b"
"0128","01-PAN-20240513-456-301-L00000012440-CCD2_4_crop1.jpg","01-PAN-20240513-456-301-L00000012440-CCD2_4_crop1.txt","f3081281675ca6df6e04ac30417f47efc62672abdbbcf7655736a06458f61528","f3081281675ca6df6e04ac30417f47efc62672abdbbcf7655736a06458f61528"
"0174","01-PAN-20240513-456-304-L00000012443-CCD5_1_crop1.jpg","01-PAN-20240513-456-304-L00000012443-CCD5_1_crop1.txt","7e425b9fe925077cc98ab6cbbe06269a7260f7ee78e9ec90089d36295d1778c1","7e425b9fe925077cc98ab6cbbe06269a7260f7ee78e9ec90089d36295d1778c1"
"0228","01-PAN-20240513-456-305-L00000012444-CCD16_4_crop1.jpg","01-PAN-20240513-456-305-L00000012444-CCD16_4_crop1.txt","73b5187fb33f97cd37f49bca9d49d05aac547d84237480a65f3bb4659aad350e","73b5187fb33f97cd37f49bca9d49d05aac547d84237480a65f3bb4659aad350e"
"0232","01-PAN-20240513-456-306-L00000012445-CCD25_2_crop1.jpg","01-PAN-20240513-456-306-L00000012445-CCD25_2_crop1.txt","00e7153d00a68f510a91224815706036877d649de725676d1ad9fd811ca8ba1b","00e7153d00a68f510a91224815706036877d649de725676d1ad9fd811ca8ba1b"
"0250","01-PAN-20240513-456-307-L00000012446-CCD30_2_crop1.jpg","01-PAN-20240513-456-307-L00000012446-CCD30_2_crop1.txt","30e8b93fc2f96e0c55d8df56d17774ea0747bcc56eb373f22bcf3f60bac175ae","30e8b93fc2f96e0c55d8df56d17774ea0747bcc56eb373f22bcf3f60bac175ae"
"0285","01-PAN-20240514-294-365-L00000012485-CCD11_3_crop1.jpg","01-PAN-20240514-294-365-L00000012485-CCD11_3_crop1.txt","a7796eabac44918bd404e8fd766d9e679ad6f1fba175a378db97917090a000a6","a7796eabac44918bd404e8fd766d9e679ad6f1fba175a378db97917090a000a6"
"0290","01-PAN-20240514-449-302-L00000012639-CCD30_5_crop1.jpg","01-PAN-20240514-449-302-L00000012639-CCD30_5_crop1.txt","e668109bfb1959a4926a052fa6285cdc01ef97c0b67a9ba12b81e0995ae648ea","e668109bfb1959a4926a052fa6285cdc01ef97c0b67a9ba12b81e0995ae648ea"
"0312","01-PAN-20240514-449-308-L00000012645-CCD15_3_crop2.jpg","01-PAN-20240514-449-308-L00000012645-CCD15_3_crop2.txt","7163ba626cb41654c90bdfa094c312d336e3bcf0a3d902dc3b41be560f57c7ed","7163ba626cb41654c90bdfa094c312d336e3bcf0a3d902dc3b41be560f57c7ed"
"0328","01-PAN-20240514-449-311-L00000012648-CCD22_2_crop1.jpg","01-PAN-20240514-449-311-L00000012648-CCD22_2_crop1.txt","d10918fac036e57187896fcf657ae3db4f3a46b95de522b694c43f0e69637d50","d10918fac036e57187896fcf657ae3db4f3a46b95de522b694c43f0e69637d50"
"0329","01-PAN-20240514-449-311-L00000012648-CCD22_2_crop2.jpg","01-PAN-20240514-449-311-L00000012648-CCD22_2_crop2.txt","6228131da5376f2477c935705334246fc532f7616596840fdcea4d805227acab","6228131da5376f2477c935705334246fc532f7616596840fdcea4d805227acab"
"0330","01-PAN-20240514-449-311-L00000012648-CCD22_2_crop3.jpg","01-PAN-20240514-449-311-L00000012648-CCD22_2_crop3.txt","a16dd981450fde05dd11fafee6a679d9eca975e3820c5b276395726ebbdd88e4","a16dd981450fde05dd11fafee6a679d9eca975e3820c5b276395726ebbdd88e4"
"0331","01-PAN-20240514-449-311-L00000012648-CCD22_3_crop1.jpg","01-PAN-20240514-449-311-L00000012648-CCD22_3_crop1.txt","8f8622e6507c40b631f406e43914e61affc3da73cf97c1eb11281176a9078492","8f8622e6507c40b631f406e43914e61affc3da73cf97c1eb11281176a9078492"
"0332","01-PAN-20240514-449-311-L00000012648-CCD22_3_crop2.jpg","01-PAN-20240514-449-311-L00000012648-CCD22_3_crop2.txt","1a8f47e905243ba0b617d115e45a5a34c00289735188042c9b378657dec36602","1a8f47e905243ba0b617d115e45a5a34c00289735188042c9b378657dec36602"
"0334","01-PAN-20240514-449-311-L00000012648-CCD31_1_crop1.jpg","01-PAN-20240514-449-311-L00000012648-CCD31_1_crop1.txt","c88d140cb9ba05303a34b3d51ec1d3bf82428eef86afe23c7720a55f3e03689e","c88d140cb9ba05303a34b3d51ec1d3bf82428eef86afe23c7720a55f3e03689e"
"0335","01-PAN-20240514-449-311-L00000012648-CCD31_2_crop1.jpg","01-PAN-20240514-449-311-L00000012648-CCD31_2_crop1.txt","97c13b30ea7aceef3e3d4aeac4b813be0ba9563741486587e1d4cabece757f33","97c13b30ea7aceef3e3d4aeac4b813be0ba9563741486587e1d4cabece757f33"
"0336","01-PAN-20240514-449-311-L00000012648-CCD31_2_crop2.jpg","01-PAN-20240514-449-311-L00000012648-CCD31_2_crop2.txt","33c810060a242a5d3caecbbb61f5393a0a60582b622349c8d1e37e04b03ac666","33c810060a242a5d3caecbbb61f5393a0a60582b622349c8d1e37e04b03ac666"
"0351","01-PAN-20240515-001-331-L00000012635-CCD19_6_crop2.jpg","01-PAN-20240515-001-331-L00000012635-CCD19_6_crop2.txt","524895eda9cbcb8e32775f5534ca0def2cb60d2eab5c4b20707ab0621f0b3401","524895eda9cbcb8e32775f5534ca0def2cb60d2eab5c4b20707ab0621f0b3401"
"0352","01-PAN-20250118-471-374-L00000075006-CCD18_4_crop1.jpg","01-PAN-20250118-471-374-L00000075006-CCD18_4_crop1.txt","148fd8e1bc82f08fd4686c044978928141125485782352b898d362a76ce9f721","148fd8e1bc82f08fd4686c044978928141125485782352b898d362a76ce9f721"
"0373","01-PAN-20250210-441-302-L00000100998-CCD18_4_crop1.jpg","01-PAN-20250210-441-302-L00000100998-CCD18_4_crop1.txt","39ad38be257126839b27e438a784f80b84eb066cc5c73bb22842a5bbb53b97a1","39ad38be257126839b27e438a784f80b84eb066cc5c73bb22842a5bbb53b97a1"
"0374","01-PAN-20250210-441-302-L00000100998-CCD18_4_crop2.jpg","01-PAN-20250210-441-302-L00000100998-CCD18_4_crop2.txt","f4600a80439dd8cc3e8f69697279365df084ef21d38eecaeda0c9dba79decf51","f4600a80439dd8cc3e8f69697279365df084ef21d38eecaeda0c9dba79decf51"
"0375","01-PAN-20250210-441-302-L00000100998-CCD18_4_crop3.jpg","01-PAN-20250210-441-302-L00000100998-CCD18_4_crop3.txt","54115d658d2c5fe2ec1122143e95cdabc2e461e46c0c8f007dcefdfff2065f27","54115d658d2c5fe2ec1122143e95cdabc2e461e46c0c8f007dcefdfff2065f27"
"0397","01-PAN-20250210-441-302-L00000100998-CCD25_5_crop1.jpg","01-PAN-20250210-441-302-L00000100998-CCD25_5_crop1.txt","500858275aa455062728859ec27a9d80b80124dbf5f47bed9d2065756ddb019d","500858275aa455062728859ec27a9d80b80124dbf5f47bed9d2065756ddb019d"
"0398","01-PAN-20250210-441-302-L00000100998-CCD25_5_crop2.jpg","01-PAN-20250210-441-302-L00000100998-CCD25_5_crop2.txt","15f7d3e7f2d727413e27c95136c6e919d39a525ab7a2b07059e28be97cd48e36","15f7d3e7f2d727413e27c95136c6e919d39a525ab7a2b07059e28be97cd48e36"
"0399","01-PAN-20250210-441-302-L00000100998-CCD25_5_crop3.jpg","01-PAN-20250210-441-302-L00000100998-CCD25_5_crop3.txt","97eb939dc0a69f976b972ed70626afa0bbdd03c6953cbfe9230f209aa63f18cb","97eb939dc0a69f976b972ed70626afa0bbdd03c6953cbfe9230f209aa63f18cb"
"0400","01-PAN-20250210-441-302-L00000100998-CCD25_5_crop4.jpg","01-PAN-20250210-441-302-L00000100998-CCD25_5_crop4.txt","635c98eb5423c454252751764d935e37a104f0ccf6f838354b879910af083637","635c98eb5423c454252751764d935e37a104f0ccf6f838354b879910af083637"
"0401","01-PAN-20250210-441-302-L00000100998-CCD25_5_crop5.jpg","01-PAN-20250210-441-302-L00000100998-CCD25_5_crop5.txt","faf6dc83423ec45d4a4bf8b5ed8b71e51b1b8f87e729ac6e483c60280657dd73","faf6dc83423ec45d4a4bf8b5ed8b71e51b1b8f87e729ac6e483c60280657dd73"
"0402","01-PAN-20250210-441-302-L00000100998-CCD25_6_crop1.jpg","01-PAN-20250210-441-302-L00000100998-CCD25_6_crop1.txt","0c8e17b352881f5f752beae9bbf2eacd93f3ea8c2840541d22ea7dc6a28f558f","0c8e17b352881f5f752beae9bbf2eacd93f3ea8c2840541d22ea7dc6a28f558f"
"0403","01-PAN-20250210-441-302-L00000100998-CCD25_6_crop2.jpg","01-PAN-20250210-441-302-L00000100998-CCD25_6_crop2.txt","600a32b7f54743298642e76ed3d51e12eff641e87c6479064c21730c8b7f776d","600a32b7f54743298642e76ed3d51e12eff641e87c6479064c21730c8b7f776d"
"0404","01-PAN-20250210-441-302-L00000100998-CCD25_6_crop3.jpg","01-PAN-20250210-441-302-L00000100998-CCD25_6_crop3.txt","fd2ff6017f497b08551f64411efcd081e24a84bec0f492beed04f6b6437f685a","fd2ff6017f497b08551f64411efcd081e24a84bec0f492beed04f6b6437f685a"
"0405","01-PAN-20250210-441-302-L00000100998-CCD25_6_crop4.jpg","01-PAN-20250210-441-302-L00000100998-CCD25_6_crop4.txt","4b7264f5a3c0bf8e3eee0744e72b6e00c9c3cfafaa4148387a189bb860ee61af","4b7264f5a3c0bf8e3eee0744e72b6e00c9c3cfafaa4148387a189bb860ee61af"
"0406","01-PAN-20250210-441-302-L00000100998-CCD25_6_crop5.jpg","01-PAN-20250210-441-302-L00000100998-CCD25_6_crop5.txt","0a7ba71c78f92cfb30a0a4418241468aceaceeb3754e0b17d9d9626d90f13788","0a7ba71c78f92cfb30a0a4418241468aceaceeb3754e0b17d9d9626d90f13788"
"0407","01-PAN-20250210-441-302-L00000100998-CCD25_6_crop6.jpg","01-PAN-20250210-441-302-L00000100998-CCD25_6_crop6.txt","6043dca5b0e55a3bf5da49a039cb10c075c6ccbcc5ea1677f533dbb7e7284982","6043dca5b0e55a3bf5da49a039cb10c075c6ccbcc5ea1677f533dbb7e7284982"
"0408","01-PAN-20250210-441-302-L00000100998-CCD25_6_crop7.jpg","01-PAN-20250210-441-302-L00000100998-CCD25_6_crop7.txt","bf9bd718d0a39c1d4102c487c16d1b5f97e14fc6421bd48e1327d3959ce85a98","bf9bd718d0a39c1d4102c487c16d1b5f97e14fc6421bd48e1327d3959ce85a98"
"0455","01-PAN-20250328-462-375-L00000101102-CCD20_2_crop1.jpg","01-PAN-20250328-462-375-L00000101102-CCD20_2_crop1.txt","a631dc402d4df93002e0acecbe3d7db905639c188180a20823d0d3d207e5c20f","a631dc402d4df93002e0acecbe3d7db905639c188180a20823d0d3d207e5c20f"
"0456","01-PAN-20250328-462-375-L00000101102-CCD20_2_crop2.jpg","01-PAN-20250328-462-375-L00000101102-CCD20_2_crop2.txt","0f2ee971fab994d47cc9e4c3abe714fd5a1c16e449284d40910381e5395060e5","0f2ee971fab994d47cc9e4c3abe714fd5a1c16e449284d40910381e5395060e5"
"0457","01-PAN-20250328-462-375-L00000101102-CCD20_2_crop3.jpg","01-PAN-20250328-462-375-L00000101102-CCD20_2_crop3.txt","1bb2a9885e14327b070792f234d3757a8abb4d075a3d763fab7b6405cc1052f6","1bb2a9885e14327b070792f234d3757a8abb4d075a3d763fab7b6405cc1052f6"
"0458","01-PAN-20250328-462-375-L00000101102-CCD20_2_crop4.jpg","01-PAN-20250328-462-375-L00000101102-CCD20_2_crop4.txt","ccd121f79154a1a3e94351c0bd0ab9f0824f4e6c556350b673a8d0cdd72aea18","ccd121f79154a1a3e94351c0bd0ab9f0824f4e6c556350b673a8d0cdd72aea18"
"0459","01-PAN-20250328-462-375-L00000101102-CCD20_2_crop5.jpg","01-PAN-20250328-462-375-L00000101102-CCD20_2_crop5.txt","312af73a17686ca75db9fe25f164a1681ee2274b66223f623bec5bab70c72163","312af73a17686ca75db9fe25f164a1681ee2274b66223f623bec5bab70c72163"
"0460","01-PAN-20250328-462-375-L00000101102-CCD20_2_crop6.jpg","01-PAN-20250328-462-375-L00000101102-CCD20_2_crop6.txt","298408bf2e0d431add284ea9b09c7b830842d624a3c67cf5d95d9d42d786c138","298408bf2e0d431add284ea9b09c7b830842d624a3c67cf5d95d9d42d786c138"
"0467","01-PAN-20250403-166-186-L00000098801-CCD17_3_crop1.jpg","01-PAN-20250403-166-186-L00000098801-CCD17_3_crop1.txt","a71e141533a9b06d78aef03515dd9e078a9b85b531ae9e290667c1a8f953d9a3","a71e141533a9b06d78aef03515dd9e078a9b85b531ae9e290667c1a8f953d9a3"
"0468","01-PAN-20250404-004-390-L00000099138-CCD21_3_crop1.jpg","01-PAN-20250404-004-390-L00000099138-CCD21_3_crop1.txt","ec9917271ca0c9d044b98f15a3df8ca1685e2ef183cedd1868184f6c22278c37","ec9917271ca0c9d044b98f15a3df8ca1685e2ef183cedd1868184f6c22278c37"
"0469","01-PAN-20250404-004-390-L00000099138-CCD21_3_crop2.jpg","01-PAN-20250404-004-390-L00000099138-CCD21_3_crop2.txt","9cbaa509ce7afe3ed41b6e86256a73d643e8c54299cdae316cdf065d252043e9","9cbaa509ce7afe3ed41b6e86256a73d643e8c54299cdae316cdf065d252043e9"
"0470","01-PAN-20250404-004-390-L00000099138-CCD21_3_crop3.jpg","01-PAN-20250404-004-390-L00000099138-CCD21_3_crop3.txt","52b11b46ffac5ee6178e9fdd2488307aee1ac9a7f0f2a530af1d54926c1273a4","52b11b46ffac5ee6178e9fdd2488307aee1ac9a7f0f2a530af1d54926c1273a4"
"0472","01-PAN-20250404-004-398-L00000099146-CCD13_3_crop2.jpg","01-PAN-20250404-004-398-L00000099146-CCD13_3_crop2.txt","516f505e5ac39d9d6ce86fa15fa8037162d6a08f40f043465a2a1c7ff1c633ae","516f505e5ac39d9d6ce86fa15fa8037162d6a08f40f043465a2a1c7ff1c633ae"
"0473","01-PAN-20250404-004-398-L00000099146-CCD13_3_crop3.jpg","01-PAN-20250404-004-398-L00000099146-CCD13_3_crop3.txt","316148feba6241ce46f3450cb9d5a7034c3db959f2343279e3a1e3b94ffdbcaa","316148feba6241ce46f3450cb9d5a7034c3db959f2343279e3a1e3b94ffdbcaa"
"0474","01-PAN-20250404-005-440-L00000099179-CCD9_5_crop2.jpg","01-PAN-20250404-005-440-L00000099179-CCD9_5_crop2.txt","f5c03217bd112d4c322f434b8b3ee0b071da8a25b18f1b728a2cfabc74aad761","f5c03217bd112d4c322f434b8b3ee0b071da8a25b18f1b728a2cfabc74aad761"
"0475","01-PAN-20250404-005-440-L00000099179-CCD9_5_crop3.jpg","01-PAN-20250404-005-440-L00000099179-CCD9_5_crop3.txt","248e739ebb353697f9ae17146481e5d420dff39f8cee4e2cb5d1fef230db8706","248e739ebb353697f9ae17146481e5d420dff39f8cee4e2cb5d1fef230db8706"
"0476","01-PAN-20250404-005-440-L00000099179-CCD9_5_crop4.jpg","01-PAN-20250404-005-440-L00000099179-CCD9_5_crop4.txt","92b9d8953eb1ee3f9c0bee3856eccd2109fb10da910a427d4b5301dddf8c9a9b","92b9d8953eb1ee3f9c0bee3856eccd2109fb10da910a427d4b5301dddf8c9a9b"
"0477","01-PAN-20250404-320-224-L00000098913-CCD19_6_crop1.jpg","01-PAN-20250404-320-224-L00000098913-CCD19_6_crop1.txt","10b17e6bb928b0f9fff9dd88af1d69347d59c9745aed237095cda46e1fe5d29a","10b17e6bb928b0f9fff9dd88af1d69347d59c9745aed237095cda46e1fe5d29a"
"0478","01-PAN-20250404-320-224-L00000098913-CCD19_6_crop2.jpg","01-PAN-20250404-320-224-L00000098913-CCD19_6_crop2.txt","2b32283de76c4755d3f87cbce6d0211cee8f3060c8eedeec0266e429a8e8ae53","2b32283de76c4755d3f87cbce6d0211cee8f3060c8eedeec0266e429a8e8ae53"
"0479","01-PAN-20250404-320-224-L00000098913-CCD19_6_crop3.jpg","01-PAN-20250404-320-224-L00000098913-CCD19_6_crop3.txt","827fd803f5ebb40a9332c5409de109ea41070a7cbc1d490b1fff82f754398d82","827fd803f5ebb40a9332c5409de109ea41070a7cbc1d490b1fff82f754398d82"
"0510","01-PAN-20250405-440-262-L00000099257-CCD32_5_crop1.jpg","01-PAN-20250405-440-262-L00000099257-CCD32_5_crop1.txt","f7eb841d42874398b00f43886e40d10ce67378a0acdb904982623ca4b6bbeee9","f7eb841d42874398b00f43886e40d10ce67378a0acdb904982623ca4b6bbeee9"
"0511","01-PAN-20250405-440-262-L00000099257-CCD32_5_crop2.jpg","01-PAN-20250405-440-262-L00000099257-CCD32_5_crop2.txt","75a2f6632924c8e8d4890f77f94bcecafc83f538a29287bd279d51abc3145526","75a2f6632924c8e8d4890f77f94bcecafc83f538a29287bd279d51abc3145526"
"0518","01-PAN-20250405-469-276-L00000099303-CCD12_4_crop1.jpg","01-PAN-20250405-469-276-L00000099303-CCD12_4_crop1.txt","6f686a3fdfe610e0e293c93b0b0d75eed832cac9d31ce9b5988d1ec6739f5703","6f686a3fdfe610e0e293c93b0b0d75eed832cac9d31ce9b5988d1ec6739f5703"
"0530","01-PAN-20250405-469-277-L00000099304-CCD18_4_crop4.jpg","01-PAN-20250405-469-277-L00000099304-CCD18_4_crop4.txt","2f089db08981f614618624717a4c72000c4de1ed429bcbc843eb9299a1f0cf8c","2f089db08981f614618624717a4c72000c4de1ed429bcbc843eb9299a1f0cf8c"
"0531","01-PAN-20250405-469-277-L00000099304-CCD18_4_crop5.jpg","01-PAN-20250405-469-277-L00000099304-CCD18_4_crop5.txt","3725878044d24c920f2ec0375c678a5ab68beee2472517e7cbe41433dee92686","3725878044d24c920f2ec0375c678a5ab68beee2472517e7cbe41433dee92686"
"0532","01-PAN-20250405-469-277-L00000099304-CCD18_4_crop6.jpg","01-PAN-20250405-469-277-L00000099304-CCD18_4_crop6.txt","f4bc719198938fe45582c1fbf9776f8f490922ba1a8e60f7d97c280242f1fe29","f4bc719198938fe45582c1fbf9776f8f490922ba1a8e60f7d97c280242f1fe29"
"0584","01-PAN-20250407-456-304-L00000100050-CCD10_3_crop1.jpg","01-PAN-20250407-456-304-L00000100050-CCD10_3_crop1.txt","5864a6f238e8e2a648b459f3cab401b5e615c9ca858d6a4e64a3fc33c2bdb09a","5864a6f238e8e2a648b459f3cab401b5e615c9ca858d6a4e64a3fc33c2bdb09a"
"0624","01-PAN-20250407-456-304-L00000100050-CCD6_1_crop1.jpg","01-PAN-20250407-456-304-L00000100050-CCD6_1_crop1.txt","e57a46f51618ac226f0871c5bbb750486a1cd9c9134563f80fc8e82435b541f4","e57a46f51618ac226f0871c5bbb750486a1cd9c9134563f80fc8e82435b541f4"
"0625","01-PAN-20250407-456-304-L00000100050-CCD6_1_crop2.jpg","01-PAN-20250407-456-304-L00000100050-CCD6_1_crop2.txt","b4b4dc4b21f661f840522c60f6990dacaf84e60dec470537eb9b75a4929204d8","b4b4dc4b21f661f840522c60f6990dacaf84e60dec470537eb9b75a4929204d8"
"0626","01-PAN-20250407-456-304-L00000100050-CCD6_2_crop1.jpg","01-PAN-20250407-456-304-L00000100050-CCD6_2_crop1.txt","2d263f05d4af36f25b45ed90e5e9b86fadaeee409edda7151962b7f5e57123fd","2d263f05d4af36f25b45ed90e5e9b86fadaeee409edda7151962b7f5e57123fd"
"0627","01-PAN-20250407-456-304-L00000100050-CCD6_2_crop2.jpg","01-PAN-20250407-456-304-L00000100050-CCD6_2_crop2.txt","648aa535b23f1f422b4c14254a1d5ca09a03e6fe68fbfa766387f5ad7053026f","648aa535b23f1f422b4c14254a1d5ca09a03e6fe68fbfa766387f5ad7053026f"
"0628","01-PAN-20250407-456-304-L00000100050-CCD6_2_crop4.jpg","01-PAN-20250407-456-304-L00000100050-CCD6_2_crop4.txt","69a35a7789a4e99ed77454483207938f0586738013d10b970e297a971ae73d1f","69a35a7789a4e99ed77454483207938f0586738013d10b970e297a971ae73d1f"
"0697","02-PAN-20250321-455-304-L00000000227-CCD17_4_crop1.jpg","02-PAN-20250321-455-304-L00000000227-CCD17_4_crop1.txt","9cc762f088171c79eefa455d842db543479e4c83c7406876b3c8fcc37e3f5f96","9cc762f088171c79eefa455d842db543479e4c83c7406876b3c8fcc37e3f5f96"
"0698","02-PAN-20250321-455-304-L00000000227-CCD17_4_crop3.jpg","02-PAN-20250321-455-304-L00000000227-CCD17_4_crop3.txt","73a9ff5ba2a6bf7f71fc25f524318167fde425dce11a3539392951b07172995d","73a9ff5ba2a6bf7f71fc25f524318167fde425dce11a3539392951b07172995d"
"0699","02-PAN-20250321-455-304-L00000000227-CCD17_4_crop4.jpg","02-PAN-20250321-455-304-L00000000227-CCD17_4_crop4.txt","b064999dadd078f4a9432fd6cafe67eadb873896540ae058a861a7a329bbfc47","b064999dadd078f4a9432fd6cafe67eadb873896540ae058a861a7a329bbfc47"
"0704","02-PAN-20250321-455-304-L00000000227-CCD18_4_crop1.jpg","02-PAN-20250321-455-304-L00000000227-CCD18_4_crop1.txt","169b4385298a30ea94b8df406de09842b1097132a1b13f19ff11f00b46a4a7b4","169b4385298a30ea94b8df406de09842b1097132a1b13f19ff11f00b46a4a7b4"
"0709","02-PAN-20250321-455-304-L00000000227-CCD7_3_crop2.jpg","02-PAN-20250321-455-304-L00000000227-CCD7_3_crop2.txt","82b6709cd9991a3a0b12cbaee904258b5185651ddb1f0eed6fb0726887e6e023","82b6709cd9991a3a0b12cbaee904258b5185651ddb1f0eed6fb0726887e6e023"
"0710","02-PAN-20250321-455-304-L00000000227-CCD7_3_crop3.jpg","02-PAN-20250321-455-304-L00000000227-CCD7_3_crop3.txt","2a9a7b2dcb98cecc7c485a6c6028e6da2aedb762b2284e928b02b28d5c49720c","2a9a7b2dcb98cecc7c485a6c6028e6da2aedb762b2284e928b02b28d5c49720c"
"0711","02-PAN-20250321-455-304-L00000000227-CCD7_3_crop4.jpg","02-PAN-20250321-455-304-L00000000227-CCD7_3_crop4.txt","fa74058281f06af31ed091dee174fc679b989606d9ec71585c386ff091721156","fa74058281f06af31ed091dee174fc679b989606d9ec71585c386ff091721156"
"0742","02-PAN-20250323-442-301-L00000000285-CCD6_2_crop1.jpg","02-PAN-20250323-442-301-L00000000285-CCD6_2_crop1.txt","2cb75736940ae89af16da3461a177d5a801f071d3be32541f01e1136e16a5c06","2cb75736940ae89af16da3461a177d5a801f071d3be32541f01e1136e16a5c06"
"0743","02-PAN-20250323-442-301-L00000000285-CCD6_2_crop2.jpg","02-PAN-20250323-442-301-L00000000285-CCD6_2_crop2.txt","c5e996b3c949621bf25ff8aa38c3672905013606b997a3d25aa297ca1aab379c","c5e996b3c949621bf25ff8aa38c3672905013606b997a3d25aa297ca1aab379c"
"0744","02-PAN-20250323-442-301-L00000000285-CCD6_2_crop3.jpg","02-PAN-20250323-442-301-L00000000285-CCD6_2_crop3.txt","10e1ce21decf1174bfa0532f2eeb8dbe69132ed8230649f5db54f6d583e45fd6","10e1ce21decf1174bfa0532f2eeb8dbe69132ed8230649f5db54f6d583e45fd6"
"0745","02-PAN-20250323-442-301-L00000000285-CCD6_2_crop4.jpg","02-PAN-20250323-442-301-L00000000285-CCD6_2_crop4.txt","b02d9686ff4e5bf86d0957b71987b233cbdbe482bad9e25a4752cc8a6d482886","b02d9686ff4e5bf86d0957b71987b233cbdbe482bad9e25a4752cc8a6d482886"
"0746","02-PAN-20250323-442-301-L00000000285-CCD6_2_crop5.jpg","02-PAN-20250323-442-301-L00000000285-CCD6_2_crop5.txt","98a5f17c26cbf8e37261f50e788464b5a1f5e6eddd2357adf9ca4082d37d35a6","98a5f17c26cbf8e37261f50e788464b5a1f5e6eddd2357adf9ca4082d37d35a6"
"0747","02-PAN-20250323-442-301-L00000000285-CCD6_2_crop6.jpg","02-PAN-20250323-442-301-L00000000285-CCD6_2_crop6.txt","3ce361bde07f5d43588997d174e3d048c0699ab8a29781760f38ba9eb4a3e874","3ce361bde07f5d43588997d174e3d048c0699ab8a29781760f38ba9eb4a3e874"
"0748","02-PAN-20250323-442-301-L00000000285-CCD6_2_crop8.jpg","02-PAN-20250323-442-301-L00000000285-CCD6_2_crop8.txt","0f42994d48810ec84e8056f04a8b0bf459d9e83fdd01cabb5268fd39585be4bb","0f42994d48810ec84e8056f04a8b0bf459d9e83fdd01cabb5268fd39585be4bb"
"0749","02-PAN-20250323-442-301-L00000000285-CCD6_2_crop9.jpg","02-PAN-20250323-442-301-L00000000285-CCD6_2_crop9.txt","ac7d2eb23a398e6ddd3302ee12cbf6e5f96b13d181f03d2bbbcefef464331126","ac7d2eb23a398e6ddd3302ee12cbf6e5f96b13d181f03d2bbbcefef464331126"
"0765","02-PAN-20250323-442-302-L00000000286-CCD4_6_crop1.jpg","02-PAN-20250323-442-302-L00000000286-CCD4_6_crop1.txt","f9f5949a695d1a4d67ef7c44b231c3b7a9a2d3b04949d30d0055b1e70db85cb5","f9f5949a695d1a4d67ef7c44b231c3b7a9a2d3b04949d30d0055b1e70db85cb5"
"0766","02-PAN-20250323-442-302-L00000000286-CCD5_1_crop1.jpg","02-PAN-20250323-442-302-L00000000286-CCD5_1_crop1.txt","2edb2c94bc26c02dd8b524268c14746ec83b6e26cdf0eb16b52e88bf2190561e","2edb2c94bc26c02dd8b524268c14746ec83b6e26cdf0eb16b52e88bf2190561e"
"0767","02-PAN-20250323-442-302-L00000000286-CCD5_1_crop2.jpg","02-PAN-20250323-442-302-L00000000286-CCD5_1_crop2.txt","bf88f9a3f55406cfe9ea26ed47cb8a8ebfbfdf80dfa33bfe219315dfd2db1925","bf88f9a3f55406cfe9ea26ed47cb8a8ebfbfdf80dfa33bfe219315dfd2db1925"
"0787","02-PAN-20250323-442-302-L00000000286-CCD7_4_crop10.jpg","02-PAN-20250323-442-302-L00000000286-CCD7_4_crop10.txt","977549fb206db5302def73722d29cc7ef7dade57c5ea948d6e1c135190cdd80c","977549fb206db5302def73722d29cc7ef7dade57c5ea948d6e1c135190cdd80c"
"0788","02-PAN-20250323-442-302-L00000000286-CCD7_4_crop3.jpg","02-PAN-20250323-442-302-L00000000286-CCD7_4_crop3.txt","6ff3b29c45202653ba7e54f208eb09965d82b8f3e5bdcbf85da3ebc99ffa8f39","6ff3b29c45202653ba7e54f208eb09965d82b8f3e5bdcbf85da3ebc99ffa8f39"
"0789","02-PAN-20250323-442-302-L00000000286-CCD7_4_crop4.jpg","02-PAN-20250323-442-302-L00000000286-CCD7_4_crop4.txt","5e17dca2bbb96ec9576c7b710f2f36beaf94dd2129f8bd93fc3866e8f8019161","5e17dca2bbb96ec9576c7b710f2f36beaf94dd2129f8bd93fc3866e8f8019161"
"0790","02-PAN-20250323-442-302-L00000000286-CCD7_4_crop5.jpg","02-PAN-20250323-442-302-L00000000286-CCD7_4_crop5.txt","799dee27c1f856a8a955b8f4d9abd03743041fb7c1b672dfabcbb93264bb2460","799dee27c1f856a8a955b8f4d9abd03743041fb7c1b672dfabcbb93264bb2460"
"0791","02-PAN-20250323-442-302-L00000000286-CCD7_4_crop6.jpg","02-PAN-20250323-442-302-L00000000286-CCD7_4_crop6.txt","003ee5b7161481414ac276a47e10cf4c0808f465ebc75b25eaa541214a3a0c56","003ee5b7161481414ac276a47e10cf4c0808f465ebc75b25eaa541214a3a0c56"
"0792","02-PAN-20250323-442-302-L00000000286-CCD7_4_crop8.jpg","02-PAN-20250323-442-302-L00000000286-CCD7_4_crop8.txt","460ead08b81523ca5e59b56dec68b3c5306c84128cf5caeefac396018ed10f80","460ead08b81523ca5e59b56dec68b3c5306c84128cf5caeefac396018ed10f80"
"0793","02-PAN-20250323-442-302-L00000000286-CCD7_4_crop9.jpg","02-PAN-20250323-442-302-L00000000286-CCD7_4_crop9.txt","099a4605929c9dfd7b6a9b65cbda97f408c4f7dba89ee3861ac1c85cf64ef65f","099a4605929c9dfd7b6a9b65cbda97f408c4f7dba89ee3861ac1c85cf64ef65f"
"0797","02-PAN-20250323-442-302-L00000000286-CCD7_6_crop1.jpg","02-PAN-20250323-442-302-L00000000286-CCD7_6_crop1.txt","34339d33532713c63b109e5effbb66723601933a036058768f909f019fe558f6","34339d33532713c63b109e5effbb66723601933a036058768f909f019fe558f6"
"0798","02-PAN-20250323-442-302-L00000000286-CCD7_6_crop2.jpg","02-PAN-20250323-442-302-L00000000286-CCD7_6_crop2.txt","0cc84859a3a1c5cc2f560377e97be24fb4ec78ae8aed00f7a26053fe2adc5e3f","0cc84859a3a1c5cc2f560377e97be24fb4ec78ae8aed00f7a26053fe2adc5e3f"
"0811","02-PAN-20250325-081-361-L00000000456-CCD15_1_crop1.jpg","02-PAN-20250325-081-361-L00000000456-CCD15_1_crop1.txt","8275f5e460df6d9b8ec86185d5b62d19c1840ada8fdee0da3dbb91343897219b","8275f5e460df6d9b8ec86185d5b62d19c1840ada8fdee0da3dbb91343897219b"
"0812","02-PAN-20250325-081-361-L00000000456-CCD15_1_crop2.jpg","02-PAN-20250325-081-361-L00000000456-CCD15_1_crop2.txt","a61898367ba1f1333532151ad0cf4ac375977f7b6b0b5e29312a92bb77ecb12c","a61898367ba1f1333532151ad0cf4ac375977f7b6b0b5e29312a92bb77ecb12c"
"0813","02-PAN-20250325-081-361-L00000000456-CCD15_1_crop3.jpg","02-PAN-20250325-081-361-L00000000456-CCD15_1_crop3.txt","359f31ceee0d39f14787d0e81e8864f69caab09fe179b3116fb065379eed9723","359f31ceee0d39f14787d0e81e8864f69caab09fe179b3116fb065379eed9723"
"0814","02-PAN-20250325-081-361-L00000000456-CCD15_3_crop1.jpg","02-PAN-20250325-081-361-L00000000456-CCD15_3_crop1.txt","aeaa87e410e23947340f46dedf97b8492d26323261c546539c1af667bab0ffe3","aeaa87e410e23947340f46dedf97b8492d26323261c546539c1af667bab0ffe3"
"0815","02-PAN-20250325-081-361-L00000000456-CCD15_3_crop3.jpg","02-PAN-20250325-081-361-L00000000456-CCD15_3_crop3.txt","d189c35a5b917e01effaaf34be2fb5c788897da3b517557ab22c2724b2baf136","d189c35a5b917e01effaaf34be2fb5c788897da3b517557ab22c2724b2baf136"
"0830","02-PAN-20250326-108-335-L00000000593-CCD19_5_crop1.jpg","02-PAN-20250326-108-335-L00000000593-CCD19_5_crop1.txt","97ef4a6d137e266fd2916b0bac1d338b2970d21c9c61c3e17c4f8626294fc7d5","97ef4a6d137e266fd2916b0bac1d338b2970d21c9c61c3e17c4f8626294fc7d5"
"0831","02-PAN-20250326-108-335-L00000000593-CCD20_3_crop1.jpg","02-PAN-20250326-108-335-L00000000593-CCD20_3_crop1.txt","aac2e646349063899d01e935bcbb66a991dc4947c28857479f3798154051c630","aac2e646349063899d01e935bcbb66a991dc4947c28857479f3798154051c630"
"0832","02-PAN-20250326-108-335-L00000000593-CCD20_3_crop2.jpg","02-PAN-20250326-108-335-L00000000593-CCD20_3_crop2.txt","1ea499d4e550ef664db8b3d1d33861d8e0eae1c9155436fddb88aacd53913e37","1ea499d4e550ef664db8b3d1d33861d8e0eae1c9155436fddb88aacd53913e37"
"0833","02-PAN-20250326-108-335-L00000000593-CCD20_3_crop3.jpg","02-PAN-20250326-108-335-L00000000593-CCD20_3_crop3.txt","573cd50493ddccaaba6714f1118832417672a2ec17e51ff82f5d96826de04c22","573cd50493ddccaaba6714f1118832417672a2ec17e51ff82f5d96826de04c22"
"0837","02-PAN-20250329-087-337-L00000000676-CCD11_6_crop1.jpg","02-PAN-20250329-087-337-L00000000676-CCD11_6_crop1.txt","152ff25d8ab60ce12434243210d7258753b8c47ed792d62e420d0eb361eec8d1","152ff25d8ab60ce12434243210d7258753b8c47ed792d62e420d0eb361eec8d1"
"0854","02-PAN-20250329-467-288-L00000000665-CCD14_3_crop1.jpg","02-PAN-20250329-467-288-L00000000665-CCD14_3_crop1.txt","cbf2bcd4c930ea6b25d79c7ba5a27989ed836827ad4d91405b540d39526f202d","cbf2bcd4c930ea6b25d79c7ba5a27989ed836827ad4d91405b540d39526f202d"
"0856","02-PAN-20250329-467-288-L00000000665-CCD19_5_crop2.jpg","02-PAN-20250329-467-288-L00000000665-CCD19_5_crop2.txt","7fb09300da8dfaf631030b0e52f48a3278ef4ca9203620d20efd733c9e7206cb","7fb09300da8dfaf631030b0e52f48a3278ef4ca9203620d20efd733c9e7206cb"
"0858","02-PAN-20250329-467-290-L00000000667-CCD26_5_crop1.jpg","02-PAN-20250329-467-290-L00000000667-CCD26_5_crop1.txt","62a0649e6a91527384a5031f449bfdcba30222d44331b49a45cfebf1958cb6d0","62a0649e6a91527384a5031f449bfdcba30222d44331b49a45cfebf1958cb6d0"
"0859","02-PAN-20250329-467-290-L00000000667-CCD26_5_crop2.jpg","02-PAN-20250329-467-290-L00000000667-CCD26_5_crop2.txt","774bfb2d78abfc576209ae28d031e4c914d72113ef92b7344ac0ae17894ab9cb","774bfb2d78abfc576209ae28d031e4c914d72113ef92b7344ac0ae17894ab9cb"
"0862","02-PAN-20250330-461-284-L00000000744-CCD20_1_crop1.jpg","02-PAN-20250330-461-284-L00000000744-CCD20_1_crop1.txt","62500c781fb333c160016258094e86af68b955e7de46a3194d2ab539a5557c98","62500c781fb333c160016258094e86af68b955e7de46a3194d2ab539a5557c98"
"0863","02-PAN-20250330-461-284-L00000000744-CCD20_1_crop2.jpg","02-PAN-20250330-461-284-L00000000744-CCD20_1_crop2.txt","cd55cbcfb4c95c4d089f42ff527c001a6773ed0a72bab0f2797bf8678b6e8a2c","cd55cbcfb4c95c4d089f42ff527c001a6773ed0a72bab0f2797bf8678b6e8a2c"
"0864","02-PAN-20250330-461-284-L00000000744-CCD20_1_crop3.jpg","02-PAN-20250330-461-284-L00000000744-CCD20_1_crop3.txt","d312df13d98eb2993c74c8dff96cc4cc45a4a7fe7bfb7fbc69bedec3d84c056f","d312df13d98eb2993c74c8dff96cc4cc45a4a7fe7bfb7fbc69bedec3d84c056f"
"0865","02-PAN-20250330-461-284-L00000000744-CCD20_1_crop4.jpg","02-PAN-20250330-461-284-L00000000744-CCD20_1_crop4.txt","bdd33c65b893f336c3df1b2d2487453a9ce991111c4a874fbc253f7cea7f7c69","bdd33c65b893f336c3df1b2d2487453a9ce991111c4a874fbc253f7cea7f7c69"
"0866","02-PAN-20250330-461-284-L00000000744-CCD20_1_crop6.jpg","02-PAN-20250330-461-284-L00000000744-CCD20_1_crop6.txt","74d556b25ba07887bf9367b5bfcb9f8ffa6b839dd20e011b5299253c2ad2b8c9","74d556b25ba07887bf9367b5bfcb9f8ffa6b839dd20e011b5299253c2ad2b8c9"
"0867","02-PAN-20250330-461-284-L00000000744-CCD20_1_crop7.jpg","02-PAN-20250330-461-284-L00000000744-CCD20_1_crop7.txt","8677c6c9b3cf2d8e333f58a929f79451dcb1f15db2aaf48031ca37ceab6b6d62","8677c6c9b3cf2d8e333f58a929f79451dcb1f15db2aaf48031ca37ceab6b6d62"
"0868","02-PAN-20250330-461-284-L00000000744-CCD23_4_crop1.jpg","02-PAN-20250330-461-284-L00000000744-CCD23_4_crop1.txt","f874d63015cf7b71ff9355d90c99566848ec5af73e6558b1be0ce6d4fe77556c","f874d63015cf7b71ff9355d90c99566848ec5af73e6558b1be0ce6d4fe77556c"
"0869","02-PAN-20250330-461-284-L00000000744-CCD23_4_crop2.jpg","02-PAN-20250330-461-284-L00000000744-CCD23_4_crop2.txt","1955de8496361bb8e98b97d96ee1f7f4351151932b5c1a107e8eb564a21ea4aa","1955de8496361bb8e98b97d96ee1f7f4351151932b5c1a107e8eb564a21ea4aa"
"0870","02-PAN-20250330-461-284-L00000000744-CCD23_4_crop3.jpg","02-PAN-20250330-461-284-L00000000744-CCD23_4_crop3.txt","3d5547a12b8a6226b8bbe309356d3bd5a2d7e7475a667527ff36e0317d65294a","3d5547a12b8a6226b8bbe309356d3bd5a2d7e7475a667527ff36e0317d65294a"
"0871","02-PAN-20250330-461-284-L00000000744-CCD23_4_crop4.jpg","02-PAN-20250330-461-284-L00000000744-CCD23_4_crop4.txt","ec9a27ebe906de5759fdc4ee02c4aee1cb15a2b906418c8b039c6c7a30e08c4e","ec9a27ebe906de5759fdc4ee02c4aee1cb15a2b906418c8b039c6c7a30e08c4e"
"0872","02-PAN-20250330-461-284-L00000000744-CCD23_4_crop5.jpg","02-PAN-20250330-461-284-L00000000744-CCD23_4_crop5.txt","8960d2c4d39bc14f249a26eabb4728a901b66b906798ba70ffd67d1fd26bed0f","8960d2c4d39bc14f249a26eabb4728a901b66b906798ba70ffd67d1fd26bed0f"
"0873","02-PAN-20250330-461-284-L00000000744-CCD23_4_crop7.jpg","02-PAN-20250330-461-284-L00000000744-CCD23_4_crop7.txt","28266d858c79d336d433e0bab2f64d2f1b1295d834c74a196bf5959825b48f11","28266d858c79d336d433e0bab2f64d2f1b1295d834c74a196bf5959825b48f11"
"0916","02-PAN-20250403-466-364-L00000001478-CCD18_4_crop1.jpg","02-PAN-20250403-466-364-L00000001478-CCD18_4_crop1.txt","15a4bf17befb36600da6a7381cf7f0b596a1de875e9cea1fdfa9d7d6540a3229","15a4bf17befb36600da6a7381cf7f0b596a1de875e9cea1fdfa9d7d6540a3229"
"0917","02-PAN-20250403-466-364-L00000001478-CCD18_4_crop2.jpg","02-PAN-20250403-466-364-L00000001478-CCD18_4_crop2.txt","ae1e81a0df0995b963dff4aba6ddf4688c8b16775daf1c17655b630dc5b25f1d","ae1e81a0df0995b963dff4aba6ddf4688c8b16775daf1c17655b630dc5b25f1d"
"0918","02-PAN-20250403-466-364-L00000001478-CCD18_4_crop3.jpg","02-PAN-20250403-466-364-L00000001478-CCD18_4_crop3.txt","5e8c225dffe0fc4086ed697e488e90de3ae65c464c64006698174fa81344e8d0","5e8c225dffe0fc4086ed697e488e90de3ae65c464c64006698174fa81344e8d0"
"0919","02-PAN-20250403-466-364-L00000001478-CCD18_4_crop4.jpg","02-PAN-20250403-466-364-L00000001478-CCD18_4_crop4.txt","19eecf6123f8380449dc7e2bc698642bb49d510cc52e1aa74471e04d35fdff2a","19eecf6123f8380449dc7e2bc698642bb49d510cc52e1aa74471e04d35fdff2a"
"0920","02-PAN-20250403-466-364-L00000001478-CCD18_4_crop5.jpg","02-PAN-20250403-466-364-L00000001478-CCD18_4_crop5.txt","352314231965691826379ab1137c8b2978ac3d6a63a792189cfa5a859453d7a1","352314231965691826379ab1137c8b2978ac3d6a63a792189cfa5a859453d7a1"
"0921","02-PAN-20250403-466-364-L00000001478-CCD18_4_crop7.jpg","02-PAN-20250403-466-364-L00000001478-CCD18_4_crop7.txt","a8bb7520bde06b0d904babbc9e23e40ef6dfdb10354c49eab5ce50cebdf4d211","a8bb7520bde06b0d904babbc9e23e40ef6dfdb10354c49eab5ce50cebdf4d211"
"0949","02-PAN-20250414-140-169-L00000002665-CCD14_1_crop1.jpg","02-PAN-20250414-140-169-L00000002665-CCD14_1_crop1.txt","43029106a7e9d2b7b6af95bf26635c974ed451eaf79cdeedfbad957108c0e9e4","43029106a7e9d2b7b6af95bf26635c974ed451eaf79cdeedfbad957108c0e9e4"
"0951","02-PAN-20250414-140-169-L00000002665-CCD23_6_crop1.jpg","02-PAN-20250414-140-169-L00000002665-CCD23_6_crop1.txt","291f7ab45801b7548943ab156456317f2041fe5906cf7b7107502f33da0d3086","291f7ab45801b7548943ab156456317f2041fe5906cf7b7107502f33da0d3086"
"0952","02-PAN-20250414-140-170-L00000002666-CCD8_5_crop1.jpg","02-PAN-20250414-140-170-L00000002666-CCD8_5_crop1.txt","c944649d92df587c75ad6400d1e6a1de0ecc901e610c88f5ac5e857e3d86c43e","c944649d92df587c75ad6400d1e6a1de0ecc901e610c88f5ac5e857e3d86c43e"
"0956","02-PAN-20250414-201-668-L00000002680-CCD29_2_crop1.jpg","02-PAN-20250414-201-668-L00000002680-CCD29_2_crop1.txt","835b09ca84d824d71d8cc159da227bd221b9ebbece499fd79e1843fc4c3c6399","835b09ca84d824d71d8cc159da227bd221b9ebbece499fd79e1843fc4c3c6399"
"0957","02-PAN-20250414-201-668-L00000002680-CCD29_2_crop2.jpg","02-PAN-20250414-201-668-L00000002680-CCD29_2_crop2.txt","cb2b79692efe250a9117aa6dcd545e5ed2f0551474967015ba50ad2e60d50515","cb2b79692efe250a9117aa6dcd545e5ed2f0551474967015ba50ad2e60d50515"
"0958","02-PAN-20250414-201-668-L00000002680-CCD29_2_crop3.jpg","02-PAN-20250414-201-668-L00000002680-CCD29_2_crop3.txt","83b362d424b5a093cc55db8e168d324d9d67c7eac503187acf9acbfc012b8d77","83b362d424b5a093cc55db8e168d324d9d67c7eac503187acf9acbfc012b8d77"
"0961","02-PAN-20250414-201-674-L00000002686-CCD14_6_crop1.jpg","02-PAN-20250414-201-674-L00000002686-CCD14_6_crop1.txt","0a526de774e94d9dc2c9dbe6a6cd7c8b678741a0c1208e44357e0201fd0814ff","0a526de774e94d9dc2c9dbe6a6cd7c8b678741a0c1208e44357e0201fd0814ff"
"0969","02-PAN-20250415-449-307-L00000002696-CCD7_5_crop1.jpg","02-PAN-20250415-449-307-L00000002696-CCD7_5_crop1.txt","96f77ffe2259d1d9df6c2131cee50d239d739bc46a5d750926137aba879bfd7e","96f77ffe2259d1d9df6c2131cee50d239d739bc46a5d750926137aba879bfd7e"
"0970","02-PAN-20250415-449-307-L00000002696-CCD7_5_crop2.jpg","02-PAN-20250415-449-307-L00000002696-CCD7_5_crop2.txt","714188fa5899dcfed0959ba4c328e85ebe5128c518c23524f4203558db7d7154","714188fa5899dcfed0959ba4c328e85ebe5128c518c23524f4203558db7d7154"
"0976","02-PAN-20250415-449-310-L00000002699-CCD31_5_crop1.jpg","02-PAN-20250415-449-310-L00000002699-CCD31_5_crop1.txt","ab3d68e3af6c03734b4dd9552a46f5c4f6527a7bd7850047c0bf832b37691423","ab3d68e3af6c03734b4dd9552a46f5c4f6527a7bd7850047c0bf832b37691423"
"0985","02-PAN-20250415-449-312-L00000002701-CCD25_1_crop1.jpg","02-PAN-20250415-449-312-L00000002701-CCD25_1_crop1.txt","40ed1fd76adcaf5bd75d24d9ffb4b7f546c6b9aee645c56ef42e194a16655be4","40ed1fd76adcaf5bd75d24d9ffb4b7f546c6b9aee645c56ef42e194a16655be4"
"0986","02-PAN-20250415-449-312-L00000002701-CCD25_1_crop2.jpg","02-PAN-20250415-449-312-L00000002701-CCD25_1_crop2.txt","0f78d3d298f7b762f367fb38027eaaa05652e8bfb2c536c7d6e275022195e7ab","0f78d3d298f7b762f367fb38027eaaa05652e8bfb2c536c7d6e275022195e7ab"
"1001","02-PAN-20250415-449-317-L00000002706-CCD30_6_crop1.jpg","02-PAN-20250415-449-317-L00000002706-CCD30_6_crop1.txt","469319e3e37d35b030463db2125ee8134c5cab0601d17d9fcdbe8e367769fe67","469319e3e37d35b030463db2125ee8134c5cab0601d17d9fcdbe8e367769fe67"
"1007","02-PAN-20250415-449-320-L00000002709-CCD25_5_crop1.jpg","02-PAN-20250415-449-320-L00000002709-CCD25_5_crop1.txt","e1bbdb393f3332d278d6fa268fdf2d36e6088edad6770cf13155afcd054465ca","e1bbdb393f3332d278d6fa268fdf2d36e6088edad6770cf13155afcd054465ca"
"1011","02-PAN-20250415-449-321-L00000002712-CCD26_4_crop1.jpg","02-PAN-20250415-449-321-L00000002712-CCD26_4_crop1.txt","2cfed2561fffe315d1e743e2bef978d24cc8c43ce3622a644540773651864d58","2cfed2561fffe315d1e743e2bef978d24cc8c43ce3622a644540773651864d58"
"1016","E103.9_N1.2_20200419_L1A0004749016-PAN21_crop1.jpg","E103.9_N1.2_20200419_L1A0004749016-PAN21_crop1.txt","0b42e5f24d0fbe3524f478288119b7b2fc96afed2a92979e6a7127515d454eb6","0b42e5f24d0fbe3524f478288119b7b2fc96afed2a92979e6a7127515d454eb6"
"1017","E103.9_N1.2_20200419_L1A0004749016-PAN21_crop2.jpg","E103.9_N1.2_20200419_L1A0004749016-PAN21_crop2.txt","1fd439ee77d5363d884ac71cb9e9b5700294f80533ebcb390116894aace250ee","1fd439ee77d5363d884ac71cb9e9b5700294f80533ebcb390116894aace250ee"
"1018","E103.9_N1.2_20200419_L1A0004749016-PAN21_crop3.jpg","E103.9_N1.2_20200419_L1A0004749016-PAN21_crop3.txt","14fb56d5708f5bbe8269dbad97502527a1ab5bc81b77f314942e6cdf4d95dcbe","14fb56d5708f5bbe8269dbad97502527a1ab5bc81b77f314942e6cdf4d95dcbe"
"1019","E103.9_N1.2_20200419_L1A0004749016-PAN21_crop5.jpg","E103.9_N1.2_20200419_L1A0004749016-PAN21_crop5.txt","43a28215a9fe5513193c98e0e8dde197ebc947065476726eb8bbdf8cc0e96445","43a28215a9fe5513193c98e0e8dde197ebc947065476726eb8bbdf8cc0e96445"
"1020","E103.9_N1.2_20200419_L1A0004749016-PAN21_crop6.jpg","E103.9_N1.2_20200419_L1A0004749016-PAN21_crop6.txt","88dc9d97ea4824967ab552bb27282848b533a324a2d99dd8675141172202ccbf","88dc9d97ea4824967ab552bb27282848b533a324a2d99dd8675141172202ccbf"
"1021","E103.9_N1.2_20200419_L1A0004749016-PAN21_crop8.jpg","E103.9_N1.2_20200419_L1A0004749016-PAN21_crop8.txt","de599ecd46c84064774b3372c772450906923d120945ff1e058f1b91b4ca064f","de599ecd46c84064774b3372c772450906923d120945ff1e058f1b91b4ca064f"
"1049","E103.9_N1.2_20200419_L1A0004749016-PAN26_crop1.jpg","E103.9_N1.2_20200419_L1A0004749016-PAN26_crop1.txt","856a429d5a51f36503c121a12e13f512b09ced8f62a5634290a81fdc80d66ff3","856a429d5a51f36503c121a12e13f512b09ced8f62a5634290a81fdc80d66ff3"
"1050","E103.9_N1.2_20200419_L1A0004749016-PAN26_crop10.jpg","E103.9_N1.2_20200419_L1A0004749016-PAN26_crop10.txt","32c1a74adffd86d204affb6cdefdb08fe74ea082d00a379ceb6e759df5bb4836","32c1a74adffd86d204affb6cdefdb08fe74ea082d00a379ceb6e759df5bb4836"
"1051","E103.9_N1.2_20200419_L1A0004749016-PAN26_crop11.jpg","E103.9_N1.2_20200419_L1A0004749016-PAN26_crop11.txt","b16f4deae85c6f267afc6cc1986d5e5b3e1620493ecc10180f491f982e621ddc","b16f4deae85c6f267afc6cc1986d5e5b3e1620493ecc10180f491f982e621ddc"
"1052","E103.9_N1.2_20200419_L1A0004749016-PAN26_crop12.jpg","E103.9_N1.2_20200419_L1A0004749016-PAN26_crop12.txt","7c1f90eb79230ce5901fa72b43972cf34a660983c8ccbed42408e1e355f9fbdb","7c1f90eb79230ce5901fa72b43972cf34a660983c8ccbed42408e1e355f9fbdb"
"1053","E103.9_N1.2_20200419_L1A0004749016-PAN26_crop14.jpg","E103.9_N1.2_20200419_L1A0004749016-PAN26_crop14.txt","fcf2d9d284758b8db92b5460185d9e1260c5a6eaa485bb06df5901d4783a6383","fcf2d9d284758b8db92b5460185d9e1260c5a6eaa485bb06df5901d4783a6383"
"1054","E103.9_N1.2_20200419_L1A0004749016-PAN26_crop15.jpg","E103.9_N1.2_20200419_L1A0004749016-PAN26_crop15.txt","ffb31b5dd989f4183a8325661ebc4774bb8da5b77d323781254561a0d3c4c0f9","ffb31b5dd989f4183a8325661ebc4774bb8da5b77d323781254561a0d3c4c0f9"
"1055","E103.9_N1.2_20200419_L1A0004749016-PAN26_crop16.jpg","E103.9_N1.2_20200419_L1A0004749016-PAN26_crop16.txt","8290e8584f5989d3e68976d736285a92754f00df79ff40c764b350145f656019","8290e8584f5989d3e68976d736285a92754f00df79ff40c764b350145f656019"
"1056","E103.9_N1.2_20200419_L1A0004749016-PAN26_crop17.jpg","E103.9_N1.2_20200419_L1A0004749016-PAN26_crop17.txt","52001d985ba6e99c05811339aae6fe4fa9db03740fc75e94288028133faa9465","52001d985ba6e99c05811339aae6fe4fa9db03740fc75e94288028133faa9465"
"1057","E103.9_N1.2_20200419_L1A0004749016-PAN26_crop18.jpg","E103.9_N1.2_20200419_L1A0004749016-PAN26_crop18.txt","32724848dbc7bcd80371fea68aa3e2c08d7fec3316ef2cc03687553698a30f3e","32724848dbc7bcd80371fea68aa3e2c08d7fec3316ef2cc03687553698a30f3e"
"1058","E103.9_N1.2_20200419_L1A0004749016-PAN26_crop19.jpg","E103.9_N1.2_20200419_L1A0004749016-PAN26_crop19.txt","8f6955f43350a66f5acc2dbde895967bafe7e73a23bbe82fa96012a73e207590","8f6955f43350a66f5acc2dbde895967bafe7e73a23bbe82fa96012a73e207590"
"1059","E103.9_N1.2_20200419_L1A0004749016-PAN26_crop2.jpg","E103.9_N1.2_20200419_L1A0004749016-PAN26_crop2.txt","fb4a9dcaf92ccc2e4b91950275c7bab685990937a3efec70596d5474cdde90df","fb4a9dcaf92ccc2e4b91950275c7bab685990937a3efec70596d5474cdde90df"
"1060","E103.9_N1.2_20200419_L1A0004749016-PAN26_crop3.jpg","E103.9_N1.2_20200419_L1A0004749016-PAN26_crop3.txt","8d8ea4a771b5c234ac9af88ef29dec019fa24ef2552fc3925ed056abb3887165","8d8ea4a771b5c234ac9af88ef29dec019fa24ef2552fc3925ed056abb3887165"
"1061","E103.9_N1.2_20200419_L1A0004749016-PAN26_crop4.jpg","E103.9_N1.2_20200419_L1A0004749016-PAN26_crop4.txt","c0485bd2a709d0ff55faef91793e60ad07f8daa2aaf4d96cc953d160220ce4f6","c0485bd2a709d0ff55faef91793e60ad07f8daa2aaf4d96cc953d160220ce4f6"
"1062","E103.9_N1.2_20200419_L1A0004749016-PAN26_crop5.jpg","E103.9_N1.2_20200419_L1A0004749016-PAN26_crop5.txt","5b32ef0b586afc93e5860c5e180d9c28442a8a13387dbb72ba2cda568985d544","5b32ef0b586afc93e5860c5e180d9c28442a8a13387dbb72ba2cda568985d544"
"1063","E103.9_N1.2_20200419_L1A0004749016-PAN26_crop6.jpg","E103.9_N1.2_20200419_L1A0004749016-PAN26_crop6.txt","a77e498ffdb0cfe79b7982b90715d7acf03bb7fddbea75d53ce173ddca87f4ca","a77e498ffdb0cfe79b7982b90715d7acf03bb7fddbea75d53ce173ddca87f4ca"
"1064","E103.9_N1.2_20200419_L1A0004749016-PAN26_crop7.jpg","E103.9_N1.2_20200419_L1A0004749016-PAN26_crop7.txt","afd9b5c6ae7438fc3d05c5d8b60312dda36d0031e55cc3b08b133df3d7ad5966","afd9b5c6ae7438fc3d05c5d8b60312dda36d0031e55cc3b08b133df3d7ad5966"
"1065","E103.9_N1.2_20200419_L1A0004749016-PAN26_crop9.jpg","E103.9_N1.2_20200419_L1A0004749016-PAN26_crop9.txt","9dc5f612f605efc56db45371db275823d4c54c33e7beaa5fd88ff399b7cbaff8","9dc5f612f605efc56db45371db275823d4c54c33e7beaa5fd88ff399b7cbaff8"
"1101","E120.2_N14.7_20161023_L1A0001910573-PAN15_crop2.jpg","E120.2_N14.7_20161023_L1A0001910573-PAN15_crop2.txt","4b6cd3c211bd0dfaa6e0bfdea5d8ec54b0bf3e8a4143f30e3005092d9bda3dc8","4b6cd3c211bd0dfaa6e0bfdea5d8ec54b0bf3e8a4143f30e3005092d9bda3dc8"
"1102","E120.2_N14.7_20161023_L1A0001910573-PAN15_crop3.jpg","E120.2_N14.7_20161023_L1A0001910573-PAN15_crop3.txt","1ed49493f6a4b10d772fb11ab0f667b59e26ed06c59cede1cd69fc8af36bd0e0","1ed49493f6a4b10d772fb11ab0f667b59e26ed06c59cede1cd69fc8af36bd0e0"
"1103","E120.2_N14.7_20161023_L1A0001910573-PAN15_crop4.jpg","E120.2_N14.7_20161023_L1A0001910573-PAN15_crop4.txt","fe78950ea0e839eb7c295e898c6c389c4107ddb1fb0a86399fa014827fa0f349","fe78950ea0e839eb7c295e898c6c389c4107ddb1fb0a86399fa014827fa0f349"
"1104","E120.2_N14.7_20161023_L1A0001910573-PAN19_crop1.jpg","E120.2_N14.7_20161023_L1A0001910573-PAN19_crop1.txt","c5e77173781a4202c5cd53e6e632cba78584eff7148fd55b4be3bd82b20e5307","c5e77173781a4202c5cd53e6e632cba78584eff7148fd55b4be3bd82b20e5307"
"1105","E120.2_N14.7_20161023_L1A0001910573-PAN19_crop2.jpg","E120.2_N14.7_20161023_L1A0001910573-PAN19_crop2.txt","54ce326bd1b3d235adaf8931c22adb837a76e435cec19c8a7aaeb8ec08336e58","54ce326bd1b3d235adaf8931c22adb837a76e435cec19c8a7aaeb8ec08336e58"
"1106","E120.2_N14.7_20161023_L1A0001910573-PAN19_crop3.jpg","E120.2_N14.7_20161023_L1A0001910573-PAN19_crop3.txt","2efb6bca47b0ea521c911d5f4156754cfbc15bb3d07bb5732df2c0ef52d8eb3a","2efb6bca47b0ea521c911d5f4156754cfbc15bb3d07bb5732df2c0ef52d8eb3a"
"1107","E120.2_N14.7_20161023_L1A0001910573-PAN19_crop6.jpg","E120.2_N14.7_20161023_L1A0001910573-PAN19_crop6.txt","25de3fa87cc3966b1a3ff6fd12e36254a63b4f0c8b6b5a6eb59980eb825ca5b2","25de3fa87cc3966b1a3ff6fd12e36254a63b4f0c8b6b5a6eb59980eb825ca5b2"
"1114","E120.2_N14.9_20190309_L1A0003875931-PAN13_crop1.jpg","E120.2_N14.9_20190309_L1A0003875931-PAN13_crop1.txt","1e3c854aa74fb2a1de8750073786b7c3d4b0611fd5d9117141d2f2e3e964eda9","1e3c854aa74fb2a1de8750073786b7c3d4b0611fd5d9117141d2f2e3e964eda9"
"1143","E129.6_N33.1_20180412_L1A0003117760-PAN23_crop1.jpg","E129.6_N33.1_20180412_L1A0003117760-PAN23_crop1.txt","ffbf630941fb53020dc539da26249749c985fbe4973356c706b6ebb773a89829","ffbf630941fb53020dc539da26249749c985fbe4973356c706b6ebb773a89829"
"1144","E129.6_N33.1_20180412_L1A0003117760-PAN23_crop2.jpg","E129.6_N33.1_20180412_L1A0003117760-PAN23_crop2.txt","018069ed6a9e1c234a5ac5521ab1d9c235c42872ef4af6b51effc20653c86a4b","018069ed6a9e1c234a5ac5521ab1d9c235c42872ef4af6b51effc20653c86a4b"
"1145","E129.6_N33.1_20180412_L1A0003117760-PAN23_crop3.jpg","E129.6_N33.1_20180412_L1A0003117760-PAN23_crop3.txt","8a559f8cc1df4149169e5483ad3381ce9741fc0c61ef6174898c1ec4b79b299c","8a559f8cc1df4149169e5483ad3381ce9741fc0c61ef6174898c1ec4b79b299c"
"1146","E129.6_N33.1_20180412_L1A0003117760-PAN23_crop4.jpg","E129.6_N33.1_20180412_L1A0003117760-PAN23_crop4.txt","94c4cb1446e9a0a75b53118f31902f2b1d709c93a2b9fe7896df3a2b0615dbf7","94c4cb1446e9a0a75b53118f31902f2b1d709c93a2b9fe7896df3a2b0615dbf7"
"1152","E129.7_N33.1_20190212_L1A0003826486-PAN26_crop1.jpg","E129.7_N33.1_20190212_L1A0003826486-PAN26_crop1.txt","237c3b6669c96ba6247d6e7f9a8b8b53a7b846545dd2e2cf9dd7027f27809252","237c3b6669c96ba6247d6e7f9a8b8b53a7b846545dd2e2cf9dd7027f27809252"
"1153","E129.7_N33.1_20190212_L1A0003826486-PAN26_crop2.jpg","E129.7_N33.1_20190212_L1A0003826486-PAN26_crop2.txt","8aa7e8469e58a205082431aaa742d7eef4a07a8fa84250bedce36c0257f7a920","8aa7e8469e58a205082431aaa742d7eef4a07a8fa84250bedce36c0257f7a920"
"1154","E129.7_N33.1_20190212_L1A0003826486-PAN26_crop3.jpg","E129.7_N33.1_20190212_L1A0003826486-PAN26_crop3.txt","315b96ce9a24714edc63cf68be77e7bd5b9b2f2265349e871a240251e1e7e3a1","315b96ce9a24714edc63cf68be77e7bd5b9b2f2265349e871a240251e1e7e3a1"
"1155","E129.7_N33.1_20190212_L1A0003826486-PAN29_crop1.jpg","E129.7_N33.1_20190212_L1A0003826486-PAN29_crop1.txt","54ba41f4a5645c4c17fa59b8fce5531a065334c233d907d7c90d81ec6ae74e7d","54ba41f4a5645c4c17fa59b8fce5531a065334c233d907d7c90d81ec6ae74e7d"
"1156","E129.7_N33.1_20190212_L1A0003826486-PAN29_crop2.jpg","E129.7_N33.1_20190212_L1A0003826486-PAN29_crop2.txt","aa089f79db8d863530f31fdfc19a5a6a339976c7277a7b0143d99c67e84a5e87","aa089f79db8d863530f31fdfc19a5a6a339976c7277a7b0143d99c67e84a5e87"
"1157","E129.7_N33.1_20191021_L1A0004327310-PAN10_crop1.jpg","E129.7_N33.1_20191021_L1A0004327310-PAN10_crop1.txt","fd72964497c6ef830a120a54df9d4d477dae61cb5f4a5a10408f72439f16941a","fd72964497c6ef830a120a54df9d4d477dae61cb5f4a5a10408f72439f16941a"
"1158","E129.7_N33.1_20191021_L1A0004327310-PAN10_crop2.jpg","E129.7_N33.1_20191021_L1A0004327310-PAN10_crop2.txt","ad1109532a7da4796199754af1cea1f4ec27ce09391c15cdd2472d3123003583","ad1109532a7da4796199754af1cea1f4ec27ce09391c15cdd2472d3123003583"
"1159","E129.7_N33.1_20191021_L1A0004327310-PAN10_crop4.jpg","E129.7_N33.1_20191021_L1A0004327310-PAN10_crop4.txt","abaf75553fea2a375cd74c30d3270498e528c85bca286e324c0740a51c6df879","abaf75553fea2a375cd74c30d3270498e528c85bca286e324c0740a51c6df879"
"1160","E129.7_N33.1_20191021_L1A0004327310-PAN10_crop5.jpg","E129.7_N33.1_20191021_L1A0004327310-PAN10_crop5.txt","951924329ec6a88a5ead4956ac7224b96fa7f2b5828d8712d1a7a5b408902bd9","951924329ec6a88a5ead4956ac7224b96fa7f2b5828d8712d1a7a5b408902bd9"
"1179","E139.6_N35.3_20160202_L1A0001384774-PAN19_crop1.jpg","E139.6_N35.3_20160202_L1A0001384774-PAN19_crop1.txt","15d7d9ad92231176eb0f0899a9ca96089acd495647dbd54a4d71ebab534e2660","15d7d9ad92231176eb0f0899a9ca96089acd495647dbd54a4d71ebab534e2660"
"1180","E139.6_N35.3_20160202_L1A0001384774-PAN19_crop2.jpg","E139.6_N35.3_20160202_L1A0001384774-PAN19_crop2.txt","ac00fcd51c7f4868e8fa40a2d64c5419a2f3571c020ab15e418ee11226a524f5","ac00fcd51c7f4868e8fa40a2d64c5419a2f3571c020ab15e418ee11226a524f5"
"1181","E139.6_N35.3_20160202_L1A0001384774-PAN19_crop4.jpg","E139.6_N35.3_20160202_L1A0001384774-PAN19_crop4.txt","f125e4b2064eb6f81cf55e85c7e61a48e347d6f731a298295bfa1be78fd9be87","f125e4b2064eb6f81cf55e85c7e61a48e347d6f731a298295bfa1be78fd9be87"
"1182","E139.6_N35.3_20160202_L1A0001384774-PAN19_crop5.jpg","E139.6_N35.3_20160202_L1A0001384774-PAN19_crop5.txt","f4ab9719b106fd42c8cd30f4235f0254bc1fd7f8ac9955663cd3fdc8fc151a5f","f4ab9719b106fd42c8cd30f4235f0254bc1fd7f8ac9955663cd3fdc8fc151a5f"
"1208","E139.6_N35.3_20200101_L1A0004517353-PAN10_crop1.jpg","E139.6_N35.3_20200101_L1A0004517353-PAN10_crop1.txt","3505c9a6d0d9477847520d312ed1c6a66500970980e76a3db67b6dc27038986c","3505c9a6d0d9477847520d312ed1c6a66500970980e76a3db67b6dc27038986c"
"1209","E139.6_N35.3_20200101_L1A0004517353-PAN10_crop2.jpg","E139.6_N35.3_20200101_L1A0004517353-PAN10_crop2.txt","28f55e4d229ad8120094436a89b6cd3d48522e290544d0f6c9d2967bad955ffa","28f55e4d229ad8120094436a89b6cd3d48522e290544d0f6c9d2967bad955ffa"
"1210","E139.6_N35.3_20200101_L1A0004517353-PAN10_crop3.jpg","E139.6_N35.3_20200101_L1A0004517353-PAN10_crop3.txt","ae7b080d753b4629ea0d5f130a448a8feeba349cfbb59285578991741066ecb9","ae7b080d753b4629ea0d5f130a448a8feeba349cfbb59285578991741066ecb9"
"1211","E139.6_N35.3_20200101_L1A0004517353-PAN10_crop5.jpg","E139.6_N35.3_20200101_L1A0004517353-PAN10_crop5.txt","ade1c758dd8ade093ab720bb71f103ba4abcb35d2a5376f313709aad7326282a","ade1c758dd8ade093ab720bb71f103ba4abcb35d2a5376f313709aad7326282a"
"1215","E139.6_N35.4_20180420_L1A0003133739-PAN13_crop1.jpg","E139.6_N35.4_20180420_L1A0003133739-PAN13_crop1.txt","006a8befd8c860807e38c153fcff8eb37006fd0bdacd0293bba10ae164f92cb5","006a8befd8c860807e38c153fcff8eb37006fd0bdacd0293bba10ae164f92cb5"
"1216","E139.6_N35.4_20180420_L1A0003133739-PAN13_crop10.jpg","E139.6_N35.4_20180420_L1A0003133739-PAN13_crop10.txt","96c111e33af35e67c0bdec253fd5dc0fb178c8962d7ef14db7df59ad7e7a2f7e","96c111e33af35e67c0bdec253fd5dc0fb178c8962d7ef14db7df59ad7e7a2f7e"
"1217","E139.6_N35.4_20180420_L1A0003133739-PAN13_crop11.jpg","E139.6_N35.4_20180420_L1A0003133739-PAN13_crop11.txt","c617f8b586ba264b0b1001c7a7fbd60d96b97fd57652ab6f142339e6a147e9a0","c617f8b586ba264b0b1001c7a7fbd60d96b97fd57652ab6f142339e6a147e9a0"
"1218","E139.6_N35.4_20180420_L1A0003133739-PAN13_crop14.jpg","E139.6_N35.4_20180420_L1A0003133739-PAN13_crop14.txt","d1d520377cd84c68b7d3e5628e97cbef32330503151830b47c85c868d5e727df","d1d520377cd84c68b7d3e5628e97cbef32330503151830b47c85c868d5e727df"
"1219","E139.6_N35.4_20180420_L1A0003133739-PAN13_crop15.jpg","E139.6_N35.4_20180420_L1A0003133739-PAN13_crop15.txt","095b1eac09c0b8d3ce26f54bbd83b1fa68675d35facdf5d9e89f7c86b11dd554","095b1eac09c0b8d3ce26f54bbd83b1fa68675d35facdf5d9e89f7c86b11dd554"
"1220","E139.6_N35.4_20180420_L1A0003133739-PAN13_crop16.jpg","E139.6_N35.4_20180420_L1A0003133739-PAN13_crop16.txt","22d228907a5ba6d4b52f312dc922091f7d3f8c3ac93d290258a0a27881097e4d","22d228907a5ba6d4b52f312dc922091f7d3f8c3ac93d290258a0a27881097e4d"
"1221","E139.6_N35.4_20180420_L1A0003133739-PAN13_crop2.jpg","E139.6_N35.4_20180420_L1A0003133739-PAN13_crop2.txt","13439cce3146f739516dfa70338c772fa1c9356aa0f25e747f1efeb4249ab784","13439cce3146f739516dfa70338c772fa1c9356aa0f25e747f1efeb4249ab784"
"1222","E139.6_N35.4_20180420_L1A0003133739-PAN13_crop3.jpg","E139.6_N35.4_20180420_L1A0003133739-PAN13_crop3.txt","ebccdc68302b2b78d6f1f5caa7295f66f5193cf12199d0bcc70498230bdb0cee","ebccdc68302b2b78d6f1f5caa7295f66f5193cf12199d0bcc70498230bdb0cee"
"1223","E139.6_N35.4_20180420_L1A0003133739-PAN13_crop4.jpg","E139.6_N35.4_20180420_L1A0003133739-PAN13_crop4.txt","c8ac176916c2c7afcffb8a815761003bf4c89b51ea0add5c3d323790b159f9f6","c8ac176916c2c7afcffb8a815761003bf4c89b51ea0add5c3d323790b159f9f6"
"1224","E139.6_N35.4_20180420_L1A0003133739-PAN13_crop6.jpg","E139.6_N35.4_20180420_L1A0003133739-PAN13_crop6.txt","cdcd3b626b4ca1bbe0ef2499a6643e4f6f543379b4cde7e12316c8dc0d3e8229","cdcd3b626b4ca1bbe0ef2499a6643e4f6f543379b4cde7e12316c8dc0d3e8229"
"1225","E139.6_N35.4_20180420_L1A0003133739-PAN13_crop7.jpg","E139.6_N35.4_20180420_L1A0003133739-PAN13_crop7.txt","eaa660f8d983a631dbd9c07b6b8414841961a9799a1d15dbf1c14f0729707cee","eaa660f8d983a631dbd9c07b6b8414841961a9799a1d15dbf1c14f0729707cee"
"1226","E139.6_N35.4_20180420_L1A0003133739-PAN13_crop8.jpg","E139.6_N35.4_20180420_L1A0003133739-PAN13_crop8.txt","ae43fb643cef06a664393f54e52fa9d40d9d05b0f88318917acb640d2e17beb3","ae43fb643cef06a664393f54e52fa9d40d9d05b0f88318917acb640d2e17beb3"
"1227","E139.6_N35.4_20180420_L1A0003133739-PAN15_crop1.jpg","E139.6_N35.4_20180420_L1A0003133739-PAN15_crop1.txt","252c54d00a96b2bc4fd7b9cb7852041503bdf8a41d8abcd74d58f978693c67cc","252c54d00a96b2bc4fd7b9cb7852041503bdf8a41d8abcd74d58f978693c67cc"
"1228","E139.6_N35.4_20180420_L1A0003133739-PAN15_crop10.jpg","E139.6_N35.4_20180420_L1A0003133739-PAN15_crop10.txt","1ccf5a8122a45b20eff84deff83d82d2bff307ea4670432307c4121e4ca8c319","1ccf5a8122a45b20eff84deff83d82d2bff307ea4670432307c4121e4ca8c319"
"1229","E139.6_N35.4_20180420_L1A0003133739-PAN15_crop3.jpg","E139.6_N35.4_20180420_L1A0003133739-PAN15_crop3.txt","09b6ed32c7a4b5c8312c88948ade41e832f703768d90c39a0cad52cec5ee1d6e","09b6ed32c7a4b5c8312c88948ade41e832f703768d90c39a0cad52cec5ee1d6e"
"1230","E139.6_N35.4_20180420_L1A0003133739-PAN15_crop4.jpg","E139.6_N35.4_20180420_L1A0003133739-PAN15_crop4.txt","543516e9b3e911e89a5bdf1702eaf9d0dc0154de011eefb2d9e57cbb001f1710","543516e9b3e911e89a5bdf1702eaf9d0dc0154de011eefb2d9e57cbb001f1710"
"1231","E139.6_N35.4_20180420_L1A0003133739-PAN15_crop5.jpg","E139.6_N35.4_20180420_L1A0003133739-PAN15_crop5.txt","3bffbdd9f07286ba528bd320f9fbfcf478a01112cb296cd19344bf2c475ee30f","3bffbdd9f07286ba528bd320f9fbfcf478a01112cb296cd19344bf2c475ee30f"
"1232","E139.6_N35.4_20180420_L1A0003133739-PAN15_crop7.jpg","E139.6_N35.4_20180420_L1A0003133739-PAN15_crop7.txt","d3ab7c969bf6cfd79ebcf10ccf24f5a1e03eff6f4d3baca3a6b9aebe9dd634b3","d3ab7c969bf6cfd79ebcf10ccf24f5a1e03eff6f4d3baca3a6b9aebe9dd634b3"
"1233","E139.6_N35.4_20180420_L1A0003133739-PAN15_crop8.jpg","E139.6_N35.4_20180420_L1A0003133739-PAN15_crop8.txt","afc5b733aedc4bfa2fb5378ce48ced553f35a5f5779d6be5d0630d0954b3b38e","afc5b733aedc4bfa2fb5378ce48ced553f35a5f5779d6be5d0630d0954b3b38e"
"1234","E139.6_N35.4_20180420_L1A0003133739-PAN15_crop9.jpg","E139.6_N35.4_20180420_L1A0003133739-PAN15_crop9.txt","bb88f34c1b8bfb763e624347af5eb9a8a57b3b066fa57a66c327ce700f022db0","bb88f34c1b8bfb763e624347af5eb9a8a57b3b066fa57a66c327ce700f022db0"
"1235","E139.6_N35.4_20180420_L1A0003133739-PAN16_crop1.jpg","E139.6_N35.4_20180420_L1A0003133739-PAN16_crop1.txt","03e9680b03c1d858443512c19372f2f3539d7f9cbeb0b7eb6c2963a2dc9db1e0","03e9680b03c1d858443512c19372f2f3539d7f9cbeb0b7eb6c2963a2dc9db1e0"
"1236","E139.6_N35.4_20180420_L1A0003133739-PAN16_crop2.jpg","E139.6_N35.4_20180420_L1A0003133739-PAN16_crop2.txt","2d310315bd85709f7786335b2029586efce0347149f3836a54b262d9f6f090ab","2d310315bd85709f7786335b2029586efce0347149f3836a54b262d9f6f090ab"
"1248","E139.7_N35.2_20161015_L1A0001890784-PAN23_crop2.jpg","E139.7_N35.2_20161015_L1A0001890784-PAN23_crop2.txt","2dc7ff62b40454322be7a0db8ae7737674a0ed10213de143ab5edd937c297757","2dc7ff62b40454322be7a0db8ae7737674a0ed10213de143ab5edd937c297757"
"1249","E139.7_N35.2_20161015_L1A0001890784-PAN23_crop3.jpg","E139.7_N35.2_20161015_L1A0001890784-PAN23_crop3.txt","e20b264a1baf2a41a96def9416ad08d1e76f6452e62cf0d129e92ef1ac752cf5","e20b264a1baf2a41a96def9416ad08d1e76f6452e62cf0d129e92ef1ac752cf5"
"1260","E139.7_N35.2_20170530_L1A0002390511-PAN24_crop1.jpg","E139.7_N35.2_20170530_L1A0002390511-PAN24_crop1.txt","d5da635ea80ee4a029b6803ed31d27725e60283c6caed72bec247ca7f6c10ac9","d5da635ea80ee4a029b6803ed31d27725e60283c6caed72bec247ca7f6c10ac9"
"1261","E139.7_N35.2_20170530_L1A0002390511-PAN24_crop2.jpg","E139.7_N35.2_20170530_L1A0002390511-PAN24_crop2.txt","4c68f7c66427302fb3ff3e95d69e692eb1b16374311243611f50d1f43837c13d","4c68f7c66427302fb3ff3e95d69e692eb1b16374311243611f50d1f43837c13d"
"1282","E144.7_N13.5_20190314_L1A0003883169-PAN14_crop1.jpg","E144.7_N13.5_20190314_L1A0003883169-PAN14_crop1.txt","b7bb2b7aea59948cb2d4b8d4de38c10cdd4a95105ad1f106c83c488fd71210ff","b7bb2b7aea59948cb2d4b8d4de38c10cdd4a95105ad1f106c83c488fd71210ff"
"1285","E144.7_N13.5_20190329_L1A0003910727-PAN16_crop1.jpg","E144.7_N13.5_20190329_L1A0003910727-PAN16_crop1.txt","2b77431fa15e51f0498996beb980b147686b2f521f4fb4bd349680f0a7bbdbe8","2b77431fa15e51f0498996beb980b147686b2f521f4fb4bd349680f0a7bbdbe8"
"1286","E144.7_N13.5_20190329_L1A0003910727-PAN16_crop2.jpg","E144.7_N13.5_20190329_L1A0003910727-PAN16_crop2.txt","21be867d3170e1b89bba9adc6f413fa8168ed68e577a8db4bb15e566e63a7ec3","21be867d3170e1b89bba9adc6f413fa8168ed68e577a8db4bb15e566e63a7ec3"
"1287","E144.7_N13.5_20190329_L1A0003910727-PAN18_crop1.jpg","E144.7_N13.5_20190329_L1A0003910727-PAN18_crop1.txt","98664b9a1b96012dca5bcda649dc342804921f9409b28ead49265b4b2a7556c4","98664b9a1b96012dca5bcda649dc342804921f9409b28ead49265b4b2a7556c4"
"1288","E144.7_N13.5_20190329_L1A0003910727-PAN18_crop2.jpg","E144.7_N13.5_20190329_L1A0003910727-PAN18_crop2.txt","217dd98767e9c14258bc8275f23bcc67fafb637f70591170cc55e537d353b27a","217dd98767e9c14258bc8275f23bcc67fafb637f70591170cc55e537d353b27a"
"1359","MAR20_10.jpg","MAR20_10.txt","fd9b4173dc072b5cb6af4ecea619f619cd8ebb06d3d906181ed7b279e0ec351f","fd9b4173dc072b5cb6af4ecea619f619cd8ebb06d3d906181ed7b279e0ec351f"
"1360","MAR20_100.jpg","MAR20_100.txt","83f9abdeee8ce8a51b50d8c9f7ee593d2d42c86b4cfeccdc6a5b744b272e193b","83f9abdeee8ce8a51b50d8c9f7ee593d2d42c86b4cfeccdc6a5b744b272e193b"
"1372","MAR20_1011.jpg","MAR20_1011.txt","715d2ef4ac07cd807795fcb00feaf3dff254b420d2e379fc0cd9a61d627c671e","715d2ef4ac07cd807795fcb00feaf3dff254b420d2e379fc0cd9a61d627c671e"
"1374","MAR20_1013.jpg","MAR20_1013.txt","79e5af3354cb48ec45c3c4722a93b1357e3a9fe6d7f02dbbda1cd05ed4e1e6a3","79e5af3354cb48ec45c3c4722a93b1357e3a9fe6d7f02dbbda1cd05ed4e1e6a3"
"1381","MAR20_1020.jpg","MAR20_1020.txt","7a4635c63cb25de895e2184293f6beb7c93ca8208f5c31b36e2f250ec4f214f3","7a4635c63cb25de895e2184293f6beb7c93ca8208f5c31b36e2f250ec4f214f3"
"1384","MAR20_1023.jpg","MAR20_1023.txt","d1a0e6856315adef4f6330aecd96774371a03fed732862d954a09a9715841a86","d1a0e6856315adef4f6330aecd96774371a03fed732862d954a09a9715841a86"
"1386","MAR20_1025.jpg","MAR20_1025.txt","4bc8757c5836bf0c0c527bd4d9153198814bcd953e8731966aa40f9b448eee82","4bc8757c5836bf0c0c527bd4d9153198814bcd953e8731966aa40f9b448eee82"
"1390","MAR20_1029.jpg","MAR20_1029.txt","9d7869ab365325492f480aa03260055c212bca07755f73e126d4de6bdd755a3c","9d7869ab365325492f480aa03260055c212bca07755f73e126d4de6bdd755a3c"
"1393","MAR20_1031.jpg","MAR20_1031.txt","3a1cacfdaacddab66ef0c3993d7cae8cd32c7a1738a38d024f74abbad317ecb6","3a1cacfdaacddab66ef0c3993d7cae8cd32c7a1738a38d024f74abbad317ecb6"
"1395","MAR20_1033.jpg","MAR20_1033.txt","5640257097c8f2aa60dc7dceed777aa772b37c25685837649383264d49cd3ee6","5640257097c8f2aa60dc7dceed777aa772b37c25685837649383264d49cd3ee6"
"1399","MAR20_1037.jpg","MAR20_1037.txt","0f56f41c4e6771aea49648bcbf4add3352c8c3dffe2b944c4a02a419102527ff","0f56f41c4e6771aea49648bcbf4add3352c8c3dffe2b944c4a02a419102527ff"
"1402","MAR20_104.jpg","MAR20_104.txt","f7d1470207122d2c7145885f4f199b2ebbafe9b293df473aa7fdc6c4f2cc6ad1","f7d1470207122d2c7145885f4f199b2ebbafe9b293df473aa7fdc6c4f2cc6ad1"
"1404","MAR20_1041.jpg","MAR20_1041.txt","20451124ea7dbe9076ea24928df035f83995bb35dd3012ec74ee47eccc304da9","20451124ea7dbe9076ea24928df035f83995bb35dd3012ec74ee47eccc304da9"
"1418","MAR20_1054.jpg","MAR20_1054.txt","c75cd7570aff7dd6aec6cb19d5984a07e5483f065289ff430b175a6e75f130f6","c75cd7570aff7dd6aec6cb19d5984a07e5483f065289ff430b175a6e75f130f6"
"1420","MAR20_1056.jpg","MAR20_1056.txt","5e3dde29f43dea586adc79eb2baff7a1b93798dddc043dc697c3a85e986f0bf2","5e3dde29f43dea586adc79eb2baff7a1b93798dddc043dc697c3a85e986f0bf2"
"1421","MAR20_1057.jpg","MAR20_1057.txt","b13e3665f2ba370eb84bd898b013c14bdb1a7212c0884ad8deea47c8b391a5b8","b13e3665f2ba370eb84bd898b013c14bdb1a7212c0884ad8deea47c8b391a5b8"
"1427","MAR20_1064.jpg","MAR20_1064.txt","ea41ae0f62a47fb647dfc575a33b2e17ee73fcfaf810cd4a9f175da8f35247be","ea41ae0f62a47fb647dfc575a33b2e17ee73fcfaf810cd4a9f175da8f35247be"
"1433","MAR20_1071.jpg","MAR20_1071.txt","46f02c2726fa74855957c357472ba157a0f10830f822ffcb280bcf505328b78e","46f02c2726fa74855957c357472ba157a0f10830f822ffcb280bcf505328b78e"
"1435","MAR20_1074.jpg","MAR20_1074.txt","1eab8fe18065d5d92c03889b515d8542649883eaa7201a6fcecac3e588554009","1eab8fe18065d5d92c03889b515d8542649883eaa7201a6fcecac3e588554009"
"1436","MAR20_1075.jpg","MAR20_1075.txt","b3f10eabe83f61d3424c62d13e4da7fc55edd2f681467fcf23fd1e627b2071b7","b3f10eabe83f61d3424c62d13e4da7fc55edd2f681467fcf23fd1e627b2071b7"
"1438","MAR20_1077.jpg","MAR20_1077.txt","b35cd3acbc4cf86a6099b86de8531ed1e0754ee48b66f4e4ccaf6b64b0555242","b35cd3acbc4cf86a6099b86de8531ed1e0754ee48b66f4e4ccaf6b64b0555242"
"1440","MAR20_1079.jpg","MAR20_1079.txt","683ae43c079f99030bbc99080d32372c5acccfab357ce92d5f13a07331519abc","683ae43c079f99030bbc99080d32372c5acccfab357ce92d5f13a07331519abc"
"1443","MAR20_1081.jpg","MAR20_1081.txt","792cad73efef0ee5c45fbf8a44f425c4d9f01057a7552ff03f7db9df145721dd","792cad73efef0ee5c45fbf8a44f425c4d9f01057a7552ff03f7db9df145721dd"
"1447","MAR20_1086.jpg","MAR20_1086.txt","7c42055878d2c813619eaf20b691f14f8ad72356c5a6213ce8d96db89e00da5e","7c42055878d2c813619eaf20b691f14f8ad72356c5a6213ce8d96db89e00da5e"
"1456","MAR20_1096.jpg","MAR20_1096.txt","447ac909942b46949559d09df11d417345c86747a2221410375363bfde2cfc2a","447ac909942b46949559d09df11d417345c86747a2221410375363bfde2cfc2a"
"1459","MAR20_11.jpg","MAR20_11.txt","67c8050e6d66b9f43264ef9b4c3ea791d0c6590c21d6aa33b37ea358b5cea5db","67c8050e6d66b9f43264ef9b4c3ea791d0c6590c21d6aa33b37ea358b5cea5db"
"1463","MAR20_1104.jpg","MAR20_1104.txt","bf6642b195891d8a7b8822bdc4d6043f04ce370a9c8a893286057a8c0f5afb65","bf6642b195891d8a7b8822bdc4d6043f04ce370a9c8a893286057a8c0f5afb65"
"1469","MAR20_1110.jpg","MAR20_1110.txt","f9f5fa1f303c6226f715f20a924e5f92b8a7e4a67caf7785ae62209b944e6ce8","f9f5fa1f303c6226f715f20a924e5f92b8a7e4a67caf7785ae62209b944e6ce8"
"1470","MAR20_1111.jpg","MAR20_1111.txt","9e097cce57e3ca73209a7e62051c69f152f0c5d7c1d9ed4055a92d7355837496","9e097cce57e3ca73209a7e62051c69f152f0c5d7c1d9ed4055a92d7355837496"
"1475","MAR20_1118.jpg","MAR20_1118.txt","5c3542fa07edb2f7b09c20101c7db1f05baf9ddb1c4496486ac08afa586ed01b","5c3542fa07edb2f7b09c20101c7db1f05baf9ddb1c4496486ac08afa586ed01b"
"1477","MAR20_112.jpg","MAR20_112.txt","f35b477228561688fcdd22fd9e1e180efb64cec8b831020721b77817c589bfb7","f35b477228561688fcdd22fd9e1e180efb64cec8b831020721b77817c589bfb7"
"1480","MAR20_1122.jpg","MAR20_1122.txt","e14ec75e5a389cdc7f4ab6bcd76802422e338c3adf1779c692b8e8c2241ffac6","e14ec75e5a389cdc7f4ab6bcd76802422e338c3adf1779c692b8e8c2241ffac6"
"1483","MAR20_1125.jpg","MAR20_1125.txt","04acc263c90740b4d39385173f81bb20a50fbec6aec4eeb429764ec29bd54978","04acc263c90740b4d39385173f81bb20a50fbec6aec4eeb429764ec29bd54978"
"1485","MAR20_1128.jpg","MAR20_1128.txt","42db72a79b8d4b02928b1de3b92026e96bb3e909cbe4a4abc804145dae7605af","42db72a79b8d4b02928b1de3b92026e96bb3e909cbe4a4abc804145dae7605af"
"1493","MAR20_1138.jpg","MAR20_1138.txt","cf453daa14f71ce92f16a7d33070ac8fbcb1cd4fd2f33df611bfa5b69f67c1bd","cf453daa14f71ce92f16a7d33070ac8fbcb1cd4fd2f33df611bfa5b69f67c1bd"
"1503","MAR20_1149.jpg","MAR20_1149.txt","d02d1523b424f84885b8c4db811ec3dd3822d58d27b592d72d97d51d5eca74b1","d02d1523b424f84885b8c4db811ec3dd3822d58d27b592d72d97d51d5eca74b1"
"1504","MAR20_1150.jpg","MAR20_1150.txt","d99086560bdff783420c367fac0209f375c268c6f7896e81fd8b9763b3f4b7e8","d99086560bdff783420c367fac0209f375c268c6f7896e81fd8b9763b3f4b7e8"
"1516","MAR20_1167.jpg","MAR20_1167.txt","1f87c36668dcec68c388e8b1a19b0ed6daa8a01f32c4155d89183d0f5ec857bf","1f87c36668dcec68c388e8b1a19b0ed6daa8a01f32c4155d89183d0f5ec857bf"
"1517","MAR20_1168.jpg","MAR20_1168.txt","13796db1d22f1e7aa1c1865a1c10ab3690d5e48dd099ea91c9a50e622755c690","13796db1d22f1e7aa1c1865a1c10ab3690d5e48dd099ea91c9a50e622755c690"
"1520","MAR20_1170.jpg","MAR20_1170.txt","3b15c1a1ff5c9b783dbfbd4ccac3ea3b59a8810c65049372712d2d24aefe4d5b","3b15c1a1ff5c9b783dbfbd4ccac3ea3b59a8810c65049372712d2d24aefe4d5b"
"1521","MAR20_1171.jpg","MAR20_1171.txt","edf9d51ca71285ecd79c07ce4265a8832d4c80ab5b6559498ea4762da273bda6","edf9d51ca71285ecd79c07ce4265a8832d4c80ab5b6559498ea4762da273bda6"
"1523","MAR20_1173.jpg","MAR20_1173.txt","378a2ab5343778ddc7f6ca7a403d23a30440ca9278080f6018ab8cf2c5ade5e1","378a2ab5343778ddc7f6ca7a403d23a30440ca9278080f6018ab8cf2c5ade5e1"
"1532","MAR20_1183.jpg","MAR20_1183.txt","0041bc903d04e8802bb09cbb746fb98a6430e0528d3e9d6f3b435b2d09823239","0041bc903d04e8802bb09cbb746fb98a6430e0528d3e9d6f3b435b2d09823239"
"1541","MAR20_1194.jpg","MAR20_1194.txt","3c78819dffb614ed8f858289e04e420e822d9a2ea7814af92de58d2ed4a62c12","3c78819dffb614ed8f858289e04e420e822d9a2ea7814af92de58d2ed4a62c12"
"1547","MAR20_120.jpg","MAR20_120.txt","423cbdf6628ddef7d5d0fe26e87dcbb7ae569d9ac2d112e7f1528d41f1b4ba07","423cbdf6628ddef7d5d0fe26e87dcbb7ae569d9ac2d112e7f1528d41f1b4ba07"
"1564","MAR20_122.jpg","MAR20_122.txt","24d53f57859b2b6f42d7922057a7a923e8627986aa12e624b08ba19ea9464d58","24d53f57859b2b6f42d7922057a7a923e8627986aa12e624b08ba19ea9464d58"
"1584","MAR20_1242.jpg","MAR20_1242.txt","98a45ab08583c55694e6803e67eb0c80cec51811d3e55b4360f78502e2d9a8e6","98a45ab08583c55694e6803e67eb0c80cec51811d3e55b4360f78502e2d9a8e6"
"1596","MAR20_1257.jpg","MAR20_1257.txt","3ac4ef2715edf0286017cca199b558f171c920888571598eee9163166d329d81","3ac4ef2715edf0286017cca199b558f171c920888571598eee9163166d329d81"
"1598","MAR20_1259.jpg","MAR20_1259.txt","d7bed0272675fab0b2e1b232523f524ed955964bc4d25bad25d3e04833453ca3","d7bed0272675fab0b2e1b232523f524ed955964bc4d25bad25d3e04833453ca3"
"1607","MAR20_1268.jpg","MAR20_1268.txt","69d407e4c0dd54c39eaa3ce6d4fc46b84dd1d0c57caf6d0de02c67ca9d579226","69d407e4c0dd54c39eaa3ce6d4fc46b84dd1d0c57caf6d0de02c67ca9d579226"
"1608","MAR20_1269.jpg","MAR20_1269.txt","32d7646384aa5bf0a44fd51942d8e21d7a2d911b7f25b39133a4474731bbc3e6","32d7646384aa5bf0a44fd51942d8e21d7a2d911b7f25b39133a4474731bbc3e6"
"1617","MAR20_1280.jpg","MAR20_1280.txt","ef38890da249db49e18a4a9f02e525ada9f2be8759eb816e776cf99be1d5feda","ef38890da249db49e18a4a9f02e525ada9f2be8759eb816e776cf99be1d5feda"
"1621","MAR20_1286.jpg","MAR20_1286.txt","4d4290ec6712faa8ca8ea69e51064765a4748244b85bf378201782c41b2a04e3","4d4290ec6712faa8ca8ea69e51064765a4748244b85bf378201782c41b2a04e3"
"1622","MAR20_1287.jpg","MAR20_1287.txt","a974b04306420b0787acb04f3f1afb2b6798ee5d53851c009819e90b14f61deb","a974b04306420b0787acb04f3f1afb2b6798ee5d53851c009819e90b14f61deb"
"1627","MAR20_1294.jpg","MAR20_1294.txt","531a42a75401b86c80584c14472e13aafa3c88fdde5c8b6ba8b27ddc864c79c5","531a42a75401b86c80584c14472e13aafa3c88fdde5c8b6ba8b27ddc864c79c5"
"1632","MAR20_1300.jpg","MAR20_1300.txt","88dfbae4a2ccc1a3abacc23c7867e4dbf1c701f4f218d64601a349ebbe087b4a","88dfbae4a2ccc1a3abacc23c7867e4dbf1c701f4f218d64601a349ebbe087b4a"
"1634","MAR20_1303.jpg","MAR20_1303.txt","d1bda89ee01ab06026bf49197e434c86f367962fe7adb1e14dfc1648f86176e6","d1bda89ee01ab06026bf49197e434c86f367962fe7adb1e14dfc1648f86176e6"
"1637","MAR20_1306.jpg","MAR20_1306.txt","0b3bd9c88b5aa093f31c223a85373bffc2e692ab0100ce0448cb6368256144cf","0b3bd9c88b5aa093f31c223a85373bffc2e692ab0100ce0448cb6368256144cf"
"1638","MAR20_1308.jpg","MAR20_1308.txt","65c6afb64c4e0a8896799448bf9d7243bac798c34efbc9e56388c1405c138e41","65c6afb64c4e0a8896799448bf9d7243bac798c34efbc9e56388c1405c138e41"
"1641","MAR20_1312.jpg","MAR20_1312.txt","b832d4f48e2f0c619d019b12c7037648ff917a3def6452bf0b814358818a0764","b832d4f48e2f0c619d019b12c7037648ff917a3def6452bf0b814358818a0764"
"1642","MAR20_1314.jpg","MAR20_1314.txt","31d43fb23bc3b114a7a0cfc772ec854114f5c171faefb32956ade74e02ea570d","31d43fb23bc3b114a7a0cfc772ec854114f5c171faefb32956ade74e02ea570d"
"1644","MAR20_1317.jpg","MAR20_1317.txt","c8d5641ab975714d5d2cf1632852a4269b67e70f255a6fa48788b457ab64a579","c8d5641ab975714d5d2cf1632852a4269b67e70f255a6fa48788b457ab64a579"
"1652","MAR20_1325.jpg","MAR20_1325.txt","e56e06142149fbb6e284bb117cd169bdeda00a2238f45b3439eb6429748f6a49","e56e06142149fbb6e284bb117cd169bdeda00a2238f45b3439eb6429748f6a49"
"1654","MAR20_1327.jpg","MAR20_1327.txt","190848bc7334865b580432be401ab63b452739f623f9cbde53fde2cec477b9fb","190848bc7334865b580432be401ab63b452739f623f9cbde53fde2cec477b9fb"
"1667","MAR20_1341.jpg","MAR20_1341.txt","7735474505eb3c0a873257cbde101e02b86ae9e6fe32c138acadf15d336c2d3a","7735474505eb3c0a873257cbde101e02b86ae9e6fe32c138acadf15d336c2d3a"
"1669","MAR20_1344.jpg","MAR20_1344.txt","b7aec3c3b859298046290e5cf6318419f3db74684d3a7536d5d6f73c66993946","b7aec3c3b859298046290e5cf6318419f3db74684d3a7536d5d6f73c66993946"
"1671","MAR20_1346.jpg","MAR20_1346.txt","c507d1f1b4a4973fd073acde468e065266a1e697a190df1752a95056a33888dd","c507d1f1b4a4973fd073acde468e065266a1e697a190df1752a95056a33888dd"
"1672","MAR20_1348.jpg","MAR20_1348.txt","9dd92ea244fe6e1b4aa5c02109353948050a4369adc37059801f7afe40c78407","9dd92ea244fe6e1b4aa5c02109353948050a4369adc37059801f7afe40c78407"
"1678","MAR20_1353.jpg","MAR20_1353.txt","7f8cb37e4e884ac2ee9f90c48197e695875e8ad9dd4576a389f0eb5ebc21ed04","7f8cb37e4e884ac2ee9f90c48197e695875e8ad9dd4576a389f0eb5ebc21ed04"
"1681","MAR20_1357.jpg","MAR20_1357.txt","be02e62fdb2c67c0c887efbcf7abda90da6c3779ace50996bd2ef8ccc3f94439","be02e62fdb2c67c0c887efbcf7abda90da6c3779ace50996bd2ef8ccc3f94439"
"1689","MAR20_1365.jpg","MAR20_1365.txt","eb58c6f269b6f091a6c1477f689987e35532a1790aff6f5bf66a1be42d2a41bf","eb58c6f269b6f091a6c1477f689987e35532a1790aff6f5bf66a1be42d2a41bf"
"1699","MAR20_1375.jpg","MAR20_1375.txt","13fe30a9c678448d7cebaf679a8fca3e730075531b387ae2808b7c2ecadd2148","13fe30a9c678448d7cebaf679a8fca3e730075531b387ae2808b7c2ecadd2148"
"1702","MAR20_1381.jpg","MAR20_1381.txt","6e06c81378f5fb3687158451e29935844d7f142a533c6c51d3395fd1e6652e06","6e06c81378f5fb3687158451e29935844d7f142a533c6c51d3395fd1e6652e06"
"1707","MAR20_1386.jpg","MAR20_1386.txt","5d3c0e8a12cfc72624ef7852a39ec34aa3c0118186a1361a9e85fcd1c2b35dcf","5d3c0e8a12cfc72624ef7852a39ec34aa3c0118186a1361a9e85fcd1c2b35dcf"
"1711","MAR20_1390.jpg","MAR20_1390.txt","025aad7c111fa875adf3091c91ad18e802f0f79c6cd956e36381d04a68c2c51a","025aad7c111fa875adf3091c91ad18e802f0f79c6cd956e36381d04a68c2c51a"
"1715","MAR20_1394.jpg","MAR20_1394.txt","ad07909913a7a1d6ba72caac3127d862f9763851079f45e1d89229e4bd06b7e3","ad07909913a7a1d6ba72caac3127d862f9763851079f45e1d89229e4bd06b7e3"
"1724","MAR20_1401.jpg","MAR20_1401.txt","15ddd77f8b3394ff2c361f7b21f685ba5533de2d2fe1a0ef971aabe40bec20b7","15ddd77f8b3394ff2c361f7b21f685ba5533de2d2fe1a0ef971aabe40bec20b7"
"1732","MAR20_1410.jpg","MAR20_1410.txt","4ba725f16743fab049b56677e8e9714300092c9698159d79a48faeba2cdc5cbf","4ba725f16743fab049b56677e8e9714300092c9698159d79a48faeba2cdc5cbf"
"1733","MAR20_1411.jpg","MAR20_1411.txt","b18a14d89a6c6f873ba3dfe659832d2cfd95fd075a05ce9fd53aaa02729046ec","b18a14d89a6c6f873ba3dfe659832d2cfd95fd075a05ce9fd53aaa02729046ec"
"1735","MAR20_1413.jpg","MAR20_1413.txt","40000170f29a11944e25ae4162eec6e2778aaf4f3135416a57ca2ec824d9c91c","40000170f29a11944e25ae4162eec6e2778aaf4f3135416a57ca2ec824d9c91c"
"1737","MAR20_1415.jpg","MAR20_1415.txt","d0c9db0264778cbef71a429d099301976b881a6ddd996b5296885eaf343da2b0","d0c9db0264778cbef71a429d099301976b881a6ddd996b5296885eaf343da2b0"
"1738","MAR20_1417.jpg","MAR20_1417.txt","c3b1bdf40da2a8ba707770660a754326aea7c6291ae224afaeea64d12425971a","c3b1bdf40da2a8ba707770660a754326aea7c6291ae224afaeea64d12425971a"
"1752","MAR20_143.jpg","MAR20_143.txt","916a79463120b3e55fe8531e3216013e4bc12ef570e53349dc5a081ed70ccfc6","916a79463120b3e55fe8531e3216013e4bc12ef570e53349dc5a081ed70ccfc6"
"1763","MAR20_1440.jpg","MAR20_1440.txt","0217d20c97b3c5f1a40e215bf39e2d56fcd0974d47cea07b947c9356a8faff17","0217d20c97b3c5f1a40e215bf39e2d56fcd0974d47cea07b947c9356a8faff17"
"1765","MAR20_1442.jpg","MAR20_1442.txt","b3b9f108a4fb36eb0f0e0d04be7b95b1215fbf4be21f814ba974054192898fe6","b3b9f108a4fb36eb0f0e0d04be7b95b1215fbf4be21f814ba974054192898fe6"
"1771","MAR20_1451.jpg","MAR20_1451.txt","83752b5900f8f62e5f173a4792018d90b762cb18c30fbbbe80c6cc04c06cd540","83752b5900f8f62e5f173a4792018d90b762cb18c30fbbbe80c6cc04c06cd540"
"1772","MAR20_1452.jpg","MAR20_1452.txt","360d0fdc02ed25e5ddcde6d343889b3c9e99781344a77b7b37a4fc686a82e5ee","360d0fdc02ed25e5ddcde6d343889b3c9e99781344a77b7b37a4fc686a82e5ee"
"1778","MAR20_1462.jpg","MAR20_1462.txt","562e721ed549ee43d94835d698a38a030117186cb18b992c71f70a59ece420d6","562e721ed549ee43d94835d698a38a030117186cb18b992c71f70a59ece420d6"
"1781","MAR20_1466.jpg","MAR20_1466.txt","019d0b4f3c50566e2c049e3f5fee83c8892c3dd9ddc924bfafacd1f45f6264ee","019d0b4f3c50566e2c049e3f5fee83c8892c3dd9ddc924bfafacd1f45f6264ee"
"1783","MAR20_1468.jpg","MAR20_1468.txt","913ecf21bc31493610202491d1c2e6653e3d5ec86d61fbf008345c738136467d","913ecf21bc31493610202491d1c2e6653e3d5ec86d61fbf008345c738136467d"
"1794","MAR20_1483.jpg","MAR20_1483.txt","341d50c89b59517f6188153144134bf2720e0ae5787f7ca3a50930f8e429aad4","341d50c89b59517f6188153144134bf2720e0ae5787f7ca3a50930f8e429aad4"
"1809","MAR20_15.jpg","MAR20_15.txt","906ba01beacbd2be262b010dd315f8cbfffb1a47da923b590b6c9a4909ff21f6","906ba01beacbd2be262b010dd315f8cbfffb1a47da923b590b6c9a4909ff21f6"
"1810","MAR20_150.jpg","MAR20_150.txt","4640bcc653e89823d654c2e14282e25de1e6ba2d68c17aed1193b1b69b07483a","4640bcc653e89823d654c2e14282e25de1e6ba2d68c17aed1193b1b69b07483a"
"1814","MAR20_1503.jpg","MAR20_1503.txt","61ca5e48ebdcb15f9540f77359b92850194b33599bcba76d78ebd61cb8ce96ea","61ca5e48ebdcb15f9540f77359b92850194b33599bcba76d78ebd61cb8ce96ea"
"1817","MAR20_1507.jpg","MAR20_1507.txt","0cd28355afb272091a4ec8529bac1f4cd7a6717cbf0cd8b8374d4e72b23c3c04","0cd28355afb272091a4ec8529bac1f4cd7a6717cbf0cd8b8374d4e72b23c3c04"
"1818","MAR20_1509.jpg","MAR20_1509.txt","34e62542b06db1f66d2219cf2cd85eecdaa70055c52b86a9fc36d48a6d05e254","34e62542b06db1f66d2219cf2cd85eecdaa70055c52b86a9fc36d48a6d05e254"
"1824","MAR20_1515.jpg","MAR20_1515.txt","73a44a7528aaa8ac0bd63e00699ab172f9366a817825d59f2140ade9d6335c82","73a44a7528aaa8ac0bd63e00699ab172f9366a817825d59f2140ade9d6335c82"
"1825","MAR20_1516.jpg","MAR20_1516.txt","033d073bb2430ae0471e2f769cfa01395119c586d3de8bc278cea4c91f98f00b","033d073bb2430ae0471e2f769cfa01395119c586d3de8bc278cea4c91f98f00b"
"1837","MAR20_1530.jpg","MAR20_1530.txt","3afbf13bf84c9bb3cb50dbd530cb829cfbd0fafb1bd1f2c52724254a504090fb","3afbf13bf84c9bb3cb50dbd530cb829cfbd0fafb1bd1f2c52724254a504090fb"
"1845","MAR20_154.jpg","MAR20_154.txt","8b80c7f6192f6afb7e525a7dcb1b632851d65ce4173e6137bcc7255cae0d4816","8b80c7f6192f6afb7e525a7dcb1b632851d65ce4173e6137bcc7255cae0d4816"
"1846","MAR20_1540.jpg","MAR20_1540.txt","4e5b1f4f185fee726c10397cb8bf17a60abe184520e8a98de300adbfbec266f0","4e5b1f4f185fee726c10397cb8bf17a60abe184520e8a98de300adbfbec266f0"
"1849","MAR20_1545.jpg","MAR20_1545.txt","63cb66d680cdaa2d93ec963dd5c38aff98226f079072f6f28434726512a15baf","63cb66d680cdaa2d93ec963dd5c38aff98226f079072f6f28434726512a15baf"
"1851","MAR20_1547.jpg","MAR20_1547.txt","5b79b8614dd926b318748e98aba5b566fd7854731e9c3730009e3c0c1da62d1e","5b79b8614dd926b318748e98aba5b566fd7854731e9c3730009e3c0c1da62d1e"
"1854","MAR20_1550.jpg","MAR20_1550.txt","da1aa5f2b1931211fb2196e7a9617e2f29e7a2870a1c894dd174fb3b938b45b5","da1aa5f2b1931211fb2196e7a9617e2f29e7a2870a1c894dd174fb3b938b45b5"
"1858","MAR20_1557.jpg","MAR20_1557.txt","aba04baf1cfac7e47680d2e7c052d8210d73559603ea8a820aa649d31278ece5","aba04baf1cfac7e47680d2e7c052d8210d73559603ea8a820aa649d31278ece5"
"1860","MAR20_1559.jpg","MAR20_1559.txt","8ff63a4ef9bf4cdb36dec9cc9fb1b0fa5a3ef9d4833f3fd7a16ef58381861081","8ff63a4ef9bf4cdb36dec9cc9fb1b0fa5a3ef9d4833f3fd7a16ef58381861081"
"1868","MAR20_1569.jpg","MAR20_1569.txt","a77f357f8683bb2b50a4d99ad2022a8cf7b0c5b9eb5a66c1a8588ea6d1ff90fc","a77f357f8683bb2b50a4d99ad2022a8cf7b0c5b9eb5a66c1a8588ea6d1ff90fc"
"1870","MAR20_1571.jpg","MAR20_1571.txt","cfe8a69a5289e2e27082224f4932595e0b912b694dac973f5db239b771f3e5bc","cfe8a69a5289e2e27082224f4932595e0b912b694dac973f5db239b771f3e5bc"
"1871","MAR20_1572.jpg","MAR20_1572.txt","55b08ef5bf5d61b0bf29d5c96b4c550c0f7388e69472f29603e7c692763422f6","55b08ef5bf5d61b0bf29d5c96b4c550c0f7388e69472f29603e7c692763422f6"
"1874","MAR20_1575.jpg","MAR20_1575.txt","1c0d58b882d1a50a13b80d451457074d21a4126ce498354c5012d12e292d5531","1c0d58b882d1a50a13b80d451457074d21a4126ce498354c5012d12e292d5531"
"1877","MAR20_1578.jpg","MAR20_1578.txt","8dbbbf6b083d79e93e104aa4421ecaacc34418e7a83d154f5f31830fd23ef86e","8dbbbf6b083d79e93e104aa4421ecaacc34418e7a83d154f5f31830fd23ef86e"
"1878","MAR20_1579.jpg","MAR20_1579.txt","1037fa34964e61ff9c9f770ccfdd6d27c9b66577d1476b69a4d2d6fa587ec8b4","1037fa34964e61ff9c9f770ccfdd6d27c9b66577d1476b69a4d2d6fa587ec8b4"
"1881","MAR20_1583.jpg","MAR20_1583.txt","10a4cdf030e73024e89b221a5d190b02a6de3fde42afac03b43e7a4a7d03ec7a","10a4cdf030e73024e89b221a5d190b02a6de3fde42afac03b43e7a4a7d03ec7a"
"1882","MAR20_1585.jpg","MAR20_1585.txt","67e77e3ae5134bce42953bb3ae71a06c7e63950464fdf8f0a6d2dfd5befb696f","67e77e3ae5134bce42953bb3ae71a06c7e63950464fdf8f0a6d2dfd5befb696f"
"1887","MAR20_1593.jpg","MAR20_1593.txt","f84f707e16192524fe05dcb9187129ce765a13ac764a70371e97d34de1aab068","f84f707e16192524fe05dcb9187129ce765a13ac764a70371e97d34de1aab068"
"1889","MAR20_1595.jpg","MAR20_1595.txt","907c40f31bdc27083fef19a26d19040d8d15999332e823cf61ecab28e4655091","907c40f31bdc27083fef19a26d19040d8d15999332e823cf61ecab28e4655091"
"1890","MAR20_1598.jpg","MAR20_1598.txt","7f0bf4d826e10acba95a7a2aef9d1d25ee305abd555a5cfcd89ab56e4b599202","7f0bf4d826e10acba95a7a2aef9d1d25ee305abd555a5cfcd89ab56e4b599202"
"1891","MAR20_1599.jpg","MAR20_1599.txt","88ec1a25e666616c8fa08ffe4b3a5cebf47cb406b9098f5131ea464517f78cac","88ec1a25e666616c8fa08ffe4b3a5cebf47cb406b9098f5131ea464517f78cac"
"1899","MAR20_1606.jpg","MAR20_1606.txt","904de9d6a177c312f4d66651981a1475d25ba77626af2041452ec1769c50f3a9","904de9d6a177c312f4d66651981a1475d25ba77626af2041452ec1769c50f3a9"
"1913","MAR20_1621.jpg","MAR20_1621.txt","62a3cd0113709246a5a29d506e60ede4b0abba535dd2fc54c9bb58ff9ed517e6","62a3cd0113709246a5a29d506e60ede4b0abba535dd2fc54c9bb58ff9ed517e6"
"1916","MAR20_1624.jpg","MAR20_1624.txt","ad01fec99b93511a33e39c2a5ccf486fc66e7704f43b30a39c9a2d9cdee0b769","ad01fec99b93511a33e39c2a5ccf486fc66e7704f43b30a39c9a2d9cdee0b769"
"1922","MAR20_1630.jpg","MAR20_1630.txt","9153e172e91444b65d69384973941a3446f026fd0253f497f5831de14b1f4c7c","9153e172e91444b65d69384973941a3446f026fd0253f497f5831de14b1f4c7c"
"1924","MAR20_1632.jpg","MAR20_1632.txt","3373d0b8dd86a4637de819f67b033a2078355df2f7409d7872a726ef296ddb7a","3373d0b8dd86a4637de819f67b033a2078355df2f7409d7872a726ef296ddb7a"
"1928","MAR20_1639.jpg","MAR20_1639.txt","2ad07d77bf8932c282931bc45bdb70e8c9515a0ceae348b7cb12e5746cacaaf7","2ad07d77bf8932c282931bc45bdb70e8c9515a0ceae348b7cb12e5746cacaaf7"
"1929","MAR20_164.jpg","MAR20_164.txt","216baa5d224525829d4633bfafb6af34a3ff096d27c29c9e423c1d826906dc6d","216baa5d224525829d4633bfafb6af34a3ff096d27c29c9e423c1d826906dc6d"
"1933","MAR20_1645.jpg","MAR20_1645.txt","dadd331b3360edf184f559b52be2f6612d9f3ec00c1cf2f62aea887471ac1d23","dadd331b3360edf184f559b52be2f6612d9f3ec00c1cf2f62aea887471ac1d23"
"1935","MAR20_1647.jpg","MAR20_1647.txt","1a40eab9c6ceae91387087a39782c125f946fae40a488332c5a6b676fd337aa8","1a40eab9c6ceae91387087a39782c125f946fae40a488332c5a6b676fd337aa8"
"1936","MAR20_1648.jpg","MAR20_1648.txt","ea2044d92b7883efdfeed41553f1272cea731ff9171b5eea1d6ed0052b80b54e","ea2044d92b7883efdfeed41553f1272cea731ff9171b5eea1d6ed0052b80b54e"
"1944","MAR20_1656.jpg","MAR20_1656.txt","edb8ac466989cd7409ac8c23938cb846d6d3ba0463fa7a3da314b72251389588","edb8ac466989cd7409ac8c23938cb846d6d3ba0463fa7a3da314b72251389588"
"1958","MAR20_1673.jpg","MAR20_1673.txt","2ab82502bb35e6e10e6c7ac656cebfe3fc5c77ee0fac8d532314802500872747","2ab82502bb35e6e10e6c7ac656cebfe3fc5c77ee0fac8d532314802500872747"
"1959","MAR20_1674.jpg","MAR20_1674.txt","46758b0ac9b3d788f50a2e5e4abca0e8ce481065871f3623ec477c680c9b7ecf","46758b0ac9b3d788f50a2e5e4abca0e8ce481065871f3623ec477c680c9b7ecf"
"1963","MAR20_1678.jpg","MAR20_1678.txt","09cb6fba7df73d84ce613004b26036d26beb4d5e5c9764bc8a4e34f520520d3f","09cb6fba7df73d84ce613004b26036d26beb4d5e5c9764bc8a4e34f520520d3f"
"1965","MAR20_168.jpg","MAR20_168.txt","50df023778a2a94b6baf57c9f57b67edcbbbae9e2b33206820ba140bddc0d8ec","50df023778a2a94b6baf57c9f57b67edcbbbae9e2b33206820ba140bddc0d8ec"
"1966","MAR20_1680.jpg","MAR20_1680.txt","089c5a5035b06ddd680165f938dc97c4dd52ddc8abe2d1243b033959af133c48","089c5a5035b06ddd680165f938dc97c4dd52ddc8abe2d1243b033959af133c48"
"1970","MAR20_1684.jpg","MAR20_1684.txt","dc6664071a6cc9488255fc5102899a963f4695edb5334d2a587ad20f3e227e4b","dc6664071a6cc9488255fc5102899a963f4695edb5334d2a587ad20f3e227e4b"
"1974","MAR20_1690.jpg","MAR20_1690.txt","bddf2a2bce6fd2deda7cb1e56cfbefa53d94a2151cf33764902870ff58df655c","bddf2a2bce6fd2deda7cb1e56cfbefa53d94a2151cf33764902870ff58df655c"
"1989","MAR20_1707.jpg","MAR20_1707.txt","c198781fc84c4c64c6693ca20f41a1c424fd9ff08d2f069e481bde2b27058b46","c198781fc84c4c64c6693ca20f41a1c424fd9ff08d2f069e481bde2b27058b46"
"2006","MAR20_1724.jpg","MAR20_1724.txt","fcada703ade08d8ff0f7e75907d04e25bd1b347d7e2b555634f13bd63aa38fea","fcada703ade08d8ff0f7e75907d04e25bd1b347d7e2b555634f13bd63aa38fea"
"2009","MAR20_1728.jpg","MAR20_1728.txt","436aab77aabf28b0ce3d6ef1f840d94ad3d9b2d43f1e7e39f4b6afd092bc3402","436aab77aabf28b0ce3d6ef1f840d94ad3d9b2d43f1e7e39f4b6afd092bc3402"
"2016","MAR20_1735.jpg","MAR20_1735.txt","2d363133cba66631815b954ad6dfacc1f75b43b68c736d210d65e3ab1fc62593","2d363133cba66631815b954ad6dfacc1f75b43b68c736d210d65e3ab1fc62593"
"2020","MAR20_1740.jpg","MAR20_1740.txt","de9150e1aa4df079bcb55846468b10f99a97dedfb024d91491de00986c8e9f08","de9150e1aa4df079bcb55846468b10f99a97dedfb024d91491de00986c8e9f08"
"2036","MAR20_1757.jpg","MAR20_1757.txt","513434629702738a69a0bc9db473d77e5e9efa9fafad13a28d35a0badd4ae691","513434629702738a69a0bc9db473d77e5e9efa9fafad13a28d35a0badd4ae691"
"2037","MAR20_1758.jpg","MAR20_1758.txt","a6bdeeeb48892cbc42b73ff0d001b4ac0279e72f9113014bfb709feaf0bdaf92","a6bdeeeb48892cbc42b73ff0d001b4ac0279e72f9113014bfb709feaf0bdaf92"
"2039","MAR20_176.jpg","MAR20_176.txt","cd1e675ae56463d1a637a8ef3c9a6bd701fd6bce0e20cb9ceacbc9d613b14043","cd1e675ae56463d1a637a8ef3c9a6bd701fd6bce0e20cb9ceacbc9d613b14043"
"2043","MAR20_1763.jpg","MAR20_1763.txt","0a1492a4f15b644df07151c4746de4034f6f044739e38047579351e83490d16c","0a1492a4f15b644df07151c4746de4034f6f044739e38047579351e83490d16c"
"2045","MAR20_1765.jpg","MAR20_1765.txt","3ba8f085365165aefe9b34231351cbc30be8e43ef7116fbee8aeb3a3be93bd52","3ba8f085365165aefe9b34231351cbc30be8e43ef7116fbee8aeb3a3be93bd52"
"2053","MAR20_1772.jpg","MAR20_1772.txt","9844774dbddacc15c55b8a90c193fe7dc4d3b54c6dc98dc91e92841685e5f3f8","9844774dbddacc15c55b8a90c193fe7dc4d3b54c6dc98dc91e92841685e5f3f8"
"2061","MAR20_1780.jpg","MAR20_1780.txt","b34d9f250381ae6219ae9016b3af530d381a6e41d7fc91a007a4fe4f41962221","b34d9f250381ae6219ae9016b3af530d381a6e41d7fc91a007a4fe4f41962221"
"2067","MAR20_1786.jpg","MAR20_1786.txt","d89e3011bf06c9aed4fbc56dc9f4f26b1f8fcb1ae26b0a3a81d5e1d2dc1a2d16","d89e3011bf06c9aed4fbc56dc9f4f26b1f8fcb1ae26b0a3a81d5e1d2dc1a2d16"
"2069","MAR20_1788.jpg","MAR20_1788.txt","398c007676e7415f308aa42ee3e0e77d42572c976cdc67249455d2a677a0cd77","398c007676e7415f308aa42ee3e0e77d42572c976cdc67249455d2a677a0cd77"
"2071","MAR20_1791.jpg","MAR20_1791.txt","14b7a5fccd1c8971db489ba0af17b7187c3856fdea62250dc86f43703c11d925","14b7a5fccd1c8971db489ba0af17b7187c3856fdea62250dc86f43703c11d925"
"2073","MAR20_1795.jpg","MAR20_1795.txt","fac5fad519d3c9f02d9f1357529dab4cf1befef61a5d6559528bb191a4c9b8de","fac5fad519d3c9f02d9f1357529dab4cf1befef61a5d6559528bb191a4c9b8de"
"2078","MAR20_18.jpg","MAR20_18.txt","b488ca7b45cb69f9bb29dae0bdb0767166a5d17c25d7591e2deede4309b2b574","b488ca7b45cb69f9bb29dae0bdb0767166a5d17c25d7591e2deede4309b2b574"
"2081","MAR20_1801.jpg","MAR20_1801.txt","82fae0abdbbe7a2e0b14c866ffc3432a265c354cf0c635e4444d4646145b721b","82fae0abdbbe7a2e0b14c866ffc3432a265c354cf0c635e4444d4646145b721b"
"2095","MAR20_1814.jpg","MAR20_1814.txt","2acc6772f315a5a460293e993a63fa89f0860668f6d591b0bf1b78fca3762993","2acc6772f315a5a460293e993a63fa89f0860668f6d591b0bf1b78fca3762993"
"2110","MAR20_1831.jpg","MAR20_1831.txt","3be89af04e794c1c0bb350fe95b61c72c47a385aecd809a20014296bcf446aa2","3be89af04e794c1c0bb350fe95b61c72c47a385aecd809a20014296bcf446aa2"
"2112","MAR20_1834.jpg","MAR20_1834.txt","7bc1943a0446d6f660de85e9a7f1cce838deaa831647adf962e86175285ddcff","7bc1943a0446d6f660de85e9a7f1cce838deaa831647adf962e86175285ddcff"
"2116","MAR20_1838.jpg","MAR20_1838.txt","5cd3b495c61b37ae22ee2e423eb872f55b09fc22e831ec6ee5048cfa14e876e9","5cd3b495c61b37ae22ee2e423eb872f55b09fc22e831ec6ee5048cfa14e876e9"
"2117","MAR20_1839.jpg","MAR20_1839.txt","2b4bc3ed0bfe7f1b705520e496a70316880beed703561c29430342be4793a9dd","2b4bc3ed0bfe7f1b705520e496a70316880beed703561c29430342be4793a9dd"
"2120","MAR20_1841.jpg","MAR20_1841.txt","f3ec4219f7c522c8509c210960e6a79259c680ac95960c1e9ef1f1744752c8eb","f3ec4219f7c522c8509c210960e6a79259c680ac95960c1e9ef1f1744752c8eb"
"2126","MAR20_1847.jpg","MAR20_1847.txt","9016cbdb2cdf8aef7666cb042ca8549466f9982c15d3af24ac7602b3128a2e30","9016cbdb2cdf8aef7666cb042ca8549466f9982c15d3af24ac7602b3128a2e30"
"2137","MAR20_1857.jpg","MAR20_1857.txt","6031c7f79da9121fd4c01a28fc94d624a06ba807b477d24745ca675a1d5a05a6","6031c7f79da9121fd4c01a28fc94d624a06ba807b477d24745ca675a1d5a05a6"
"2139","MAR20_1859.jpg","MAR20_1859.txt","5fa2c1d9905d3341581b3615ad97c72080881c5e8a99f2c0ad18610d2c5a0049","5fa2c1d9905d3341581b3615ad97c72080881c5e8a99f2c0ad18610d2c5a0049"
"2152","MAR20_1877.jpg","MAR20_1877.txt","a1f637068cc250f4f0735fe39ed21552a84cbd561642d5ad7aa6a69eaae1713b","a1f637068cc250f4f0735fe39ed21552a84cbd561642d5ad7aa6a69eaae1713b"
"2154","MAR20_188.jpg","MAR20_188.txt","43c1f4b96ea799f46bf730659b184d6bf8cc0365a5229f613bc8eaba634a4baa","43c1f4b96ea799f46bf730659b184d6bf8cc0365a5229f613bc8eaba634a4baa"
"2157","MAR20_1883.jpg","MAR20_1883.txt","2230e7f71107a00f13b0ced71ca666f8fe52a7e278e99db180f6481659bd5ecb","2230e7f71107a00f13b0ced71ca666f8fe52a7e278e99db180f6481659bd5ecb"
"2162","MAR20_1891.jpg","MAR20_1891.txt","5b5ffab3e499be04938d4dfd187e46aadd2f811a49a654c5b6c89ae4d1a451a2","5b5ffab3e499be04938d4dfd187e46aadd2f811a49a654c5b6c89ae4d1a451a2"
"2171","MAR20_19.jpg","MAR20_19.txt","07ff2bbe5d97f3f6cf3d531594c51dccdb62160a2d5fb6c50fdebfd819f41987","07ff2bbe5d97f3f6cf3d531594c51dccdb62160a2d5fb6c50fdebfd819f41987"
"2173","MAR20_1900.jpg","MAR20_1900.txt","6bcd6429f5530512f553ade9a3484d8d6a8af91ac50299ac53ad7209c5157587","6bcd6429f5530512f553ade9a3484d8d6a8af91ac50299ac53ad7209c5157587"
"2186","MAR20_1916.jpg","MAR20_1916.txt","896fcee282355c721b2154029a8784819a53c0af28c8046d10f962067872e01d","896fcee282355c721b2154029a8784819a53c0af28c8046d10f962067872e01d"
"2189","MAR20_192.jpg","MAR20_192.txt","57be83cc1d8bc20fe3dc98ee757663ef91f64f884ef9f020f714fd015c373612","57be83cc1d8bc20fe3dc98ee757663ef91f64f884ef9f020f714fd015c373612"
"2190","MAR20_1921.jpg","MAR20_1921.txt","584fa466fe3a195e7924056d784f4c347d04b688e4b3194a458fcff1fddde9b2","584fa466fe3a195e7924056d784f4c347d04b688e4b3194a458fcff1fddde9b2"
"2197","MAR20_193.jpg","MAR20_193.txt","4a907fa514a3b1ffab9c56abcd9f891369cba42c3268fc3f9f6132def0591349","4a907fa514a3b1ffab9c56abcd9f891369cba42c3268fc3f9f6132def0591349"
"2199","MAR20_1931.jpg","MAR20_1931.txt","03cf56bb87148873cf619eed1ef2d16471e54f2a22e458e115b565b4381fe462","03cf56bb87148873cf619eed1ef2d16471e54f2a22e458e115b565b4381fe462"
"2203","MAR20_1937.jpg","MAR20_1937.txt","ed1d2706c25d456bfbb5663fe741cb8314e3b9930e68f6d6b537b0b9dd3afbed","ed1d2706c25d456bfbb5663fe741cb8314e3b9930e68f6d6b537b0b9dd3afbed"
"2207","MAR20_1940.jpg","MAR20_1940.txt","46b85f7566c66e4d308d3ffcba7c7c7f15a4ac2e1c88eed7842276577045c4c6","46b85f7566c66e4d308d3ffcba7c7c7f15a4ac2e1c88eed7842276577045c4c6"
"2217","MAR20_1950.jpg","MAR20_1950.txt","6e35dba4133c063bb3c630ae5bfb813a2903e72809da8c2224e7f83804d07dad","6e35dba4133c063bb3c630ae5bfb813a2903e72809da8c2224e7f83804d07dad"
"2219","MAR20_1952.jpg","MAR20_1952.txt","32d912fb6d1fa9255346ef9ce9646a23272028102f38156e7cfb9093f8800a70","32d912fb6d1fa9255346ef9ce9646a23272028102f38156e7cfb9093f8800a70"
"2223","MAR20_1956.jpg","MAR20_1956.txt","c034fb56775c1152a9e50ce7e3d54253451ef8bb173d24fb8f0de47ff90afec3","c034fb56775c1152a9e50ce7e3d54253451ef8bb173d24fb8f0de47ff90afec3"
"2228","MAR20_1961.jpg","MAR20_1961.txt","f9cfabb15b9e05a4ea3c35e8ffaad97ea3c604abdee957d26ba32f0a0d78744f","f9cfabb15b9e05a4ea3c35e8ffaad97ea3c604abdee957d26ba32f0a0d78744f"
"2230","MAR20_1963.jpg","MAR20_1963.txt","69be9fc81ef3cc86a6952ececdac5d81bdbbd88c77cf74ffe0e628717380270c","69be9fc81ef3cc86a6952ececdac5d81bdbbd88c77cf74ffe0e628717380270c"
"2234","MAR20_1968.jpg","MAR20_1968.txt","1492a234fa31c4a03eefff240967a4473ba6fcc9f3caef9b8b7428765255bc67","1492a234fa31c4a03eefff240967a4473ba6fcc9f3caef9b8b7428765255bc67"
"2237","MAR20_1970.jpg","MAR20_1970.txt","12567b6f39faa2a64008cb90c4378fa8b501eda2de1cfb30f6ebdcb66b30a70d","12567b6f39faa2a64008cb90c4378fa8b501eda2de1cfb30f6ebdcb66b30a70d"
"2244","MAR20_1978.jpg","MAR20_1978.txt","275667d05f8e8a6a8cd1c72354843257014b07b7ea688d68cfa624b16deefd5f","275667d05f8e8a6a8cd1c72354843257014b07b7ea688d68cfa624b16deefd5f"
"2250","MAR20_1984.jpg","MAR20_1984.txt","81ab817475e08048f5bdbbab72b4f80c941d9f1d66d57310b10e94dcec1e1bc8","81ab817475e08048f5bdbbab72b4f80c941d9f1d66d57310b10e94dcec1e1bc8"
"2254","MAR20_1989.jpg","MAR20_1989.txt","7a2b0068abd96bd4ca9223a72319359ddd36b28b5473b0215b8126ae702c88db","7a2b0068abd96bd4ca9223a72319359ddd36b28b5473b0215b8126ae702c88db"
"2256","MAR20_1990.jpg","MAR20_1990.txt","bd2fd1481fc9881de906fd257eac45562cc10cc4212d842b212acc7cccd05fd5","bd2fd1481fc9881de906fd257eac45562cc10cc4212d842b212acc7cccd05fd5"
"2260","MAR20_1994.jpg","MAR20_1994.txt","e6aac9d67c9f630c8a5e2c04c65fbd32fc46b5e8a2f0fb235af12efa0ae269fd","e6aac9d67c9f630c8a5e2c04c65fbd32fc46b5e8a2f0fb235af12efa0ae269fd"
"2263","MAR20_1997.jpg","MAR20_1997.txt","0c8b6e33d92928ba4face9d52961b693b2c74caab84c01b6b3e3f59eac280347","0c8b6e33d92928ba4face9d52961b693b2c74caab84c01b6b3e3f59eac280347"
"2265","MAR20_1999.jpg","MAR20_1999.txt","028679746034023a91551dd5e93902f4891a08bcfcc56364a55251483def0432","028679746034023a91551dd5e93902f4891a08bcfcc56364a55251483def0432"
"2266","MAR20_2.jpg","MAR20_2.txt","eba70261a6e45e96f0b4f76015cc24c6f1f504e7c36bc242bdc265b072740bd5","eba70261a6e45e96f0b4f76015cc24c6f1f504e7c36bc242bdc265b072740bd5"
"2268","MAR20_200.jpg","MAR20_200.txt","7687667b88fba6cf5678ce6844b219e595195687ac87c9de67c25f87a2624708","7687667b88fba6cf5678ce6844b219e595195687ac87c9de67c25f87a2624708"
"2276","MAR20_2009.jpg","MAR20_2009.txt","15eea7d091e60574e34eac9f148aaa12846f5126d5d553ea120bb5b8daf8662c","15eea7d091e60574e34eac9f148aaa12846f5126d5d553ea120bb5b8daf8662c"
"2282","MAR20_2016.jpg","MAR20_2016.txt","49e81cc90aec336e890130f1615be7635c05419963e49e68e36fae3612c51268","49e81cc90aec336e890130f1615be7635c05419963e49e68e36fae3612c51268"
"2286","MAR20_202.jpg","MAR20_202.txt","fbdb4a794194cb7d11a6c177f16bae822c9c30fde6e2c0e211bbc11ab99e47a3","fbdb4a794194cb7d11a6c177f16bae822c9c30fde6e2c0e211bbc11ab99e47a3"
"2291","MAR20_2024.jpg","MAR20_2024.txt","b90d5dd3dca6105b5d6a4e1a4ccebfae95992c4433af8af10e6d88d08dee1d50","b90d5dd3dca6105b5d6a4e1a4ccebfae95992c4433af8af10e6d88d08dee1d50"
"2295","MAR20_2029.jpg","MAR20_2029.txt","7ee7df6b12c47188da3827b88b46b2d248f3bc861bd3a23d3ae0639df159149b","7ee7df6b12c47188da3827b88b46b2d248f3bc861bd3a23d3ae0639df159149b"
"2296","MAR20_203.jpg","MAR20_203.txt","25aec3c0b82b7a6cbef6857ad7cde45bc46674aaf6724bbf613f06fa01644aea","25aec3c0b82b7a6cbef6857ad7cde45bc46674aaf6724bbf613f06fa01644aea"
"2297","MAR20_2030.jpg","MAR20_2030.txt","524e56a10a33aa6e1ef1f169479d65a1037c95512e78031e1098ee79ecef8c1b","524e56a10a33aa6e1ef1f169479d65a1037c95512e78031e1098ee79ecef8c1b"
"2298","MAR20_2031.jpg","MAR20_2031.txt","0344f5919b52dcc0fa785774cf2821b0e2aca7821edc491219f2477a97f42e46","0344f5919b52dcc0fa785774cf2821b0e2aca7821edc491219f2477a97f42e46"
"2299","MAR20_2032.jpg","MAR20_2032.txt","86f26892b9d14dda06fe9ed5709744c327a8c80d90843f349f9769cb717237a4","86f26892b9d14dda06fe9ed5709744c327a8c80d90843f349f9769cb717237a4"
"2303","MAR20_2036.jpg","MAR20_2036.txt","2c0a40db642354ccdb29e59639e13de8b7e718bcbf71ca2d5188b313c5b4ac64","2c0a40db642354ccdb29e59639e13de8b7e718bcbf71ca2d5188b313c5b4ac64"
"2311","MAR20_2046.jpg","MAR20_2046.txt","a296beff997b78da301a4302f8c3d1bb8d40aeb529b506dee90e1e0c371cc339","a296beff997b78da301a4302f8c3d1bb8d40aeb529b506dee90e1e0c371cc339"
"2312","MAR20_2047.jpg","MAR20_2047.txt","9bbef746f50fe1ec6fc5809feb9b2d7f0295ebc9d5a36227d80015abc5b4add4","9bbef746f50fe1ec6fc5809feb9b2d7f0295ebc9d5a36227d80015abc5b4add4"
"2314","MAR20_205.jpg","MAR20_205.txt","ba743cdea8d17d6957c60231ec9f3671ff1d70a7f22de40d8c51135907df595d","ba743cdea8d17d6957c60231ec9f3671ff1d70a7f22de40d8c51135907df595d"
"2320","MAR20_2058.jpg","MAR20_2058.txt","dffc3d22b22ee111b12337b1a4ec351b5531e2f7ca3a6115e48504e1ca8bcdfc","dffc3d22b22ee111b12337b1a4ec351b5531e2f7ca3a6115e48504e1ca8bcdfc"
"2336","MAR20_2077.jpg","MAR20_2077.txt","5e64c16cbc27ad9fb2a34e1fa6c796992b87c6dc457a49e2a76c4460b224ff6c","5e64c16cbc27ad9fb2a34e1fa6c796992b87c6dc457a49e2a76c4460b224ff6c"
"2343","MAR20_2085.jpg","MAR20_2085.txt","dc06286e30d605a543219b6bbda72603f1b41f1bc0b4b2644b2d7b056cf31564","dc06286e30d605a543219b6bbda72603f1b41f1bc0b4b2644b2d7b056cf31564"
"2346","MAR20_209.jpg","MAR20_209.txt","f4401022cdf16b1fcd1f69dff9d047972914281b80e0758e1f8338c4fdde1e33","f4401022cdf16b1fcd1f69dff9d047972914281b80e0758e1f8338c4fdde1e33"
"2347","MAR20_2090.jpg","MAR20_2090.txt","4c72a231c00c9859521118967c49af8ee05a12433a7160ad1168a5c2a49288c7","4c72a231c00c9859521118967c49af8ee05a12433a7160ad1168a5c2a49288c7"
"2349","MAR20_2092.jpg","MAR20_2092.txt","590e73d923ff61b7b9554f389f3e59b7c628b47b57f5610051be12f10c278edb","590e73d923ff61b7b9554f389f3e59b7c628b47b57f5610051be12f10c278edb"
"2362","MAR20_2105.jpg","MAR20_2105.txt","4c9ccc9911d2910ebda6104bc5fef9bcacf064aff1de3ba1463540015fea7218","4c9ccc9911d2910ebda6104bc5fef9bcacf064aff1de3ba1463540015fea7218"
"2363","MAR20_2106.jpg","MAR20_2106.txt","575652afeba86c2de6d1212184228ab8d8fa6899cf6aa057773e56b38c1da83f","575652afeba86c2de6d1212184228ab8d8fa6899cf6aa057773e56b38c1da83f"
"2365","MAR20_2109.jpg","MAR20_2109.txt","fdaf37c915573dd30d2b497dd04d6b5fbd3b3bff6ff87042f6ec33f2de800b5d","fdaf37c915573dd30d2b497dd04d6b5fbd3b3bff6ff87042f6ec33f2de800b5d"
"2368","MAR20_2112.jpg","MAR20_2112.txt","fc258abf482431f60ab1c8667a9c31468dd25cfd75250e12445d612cf97daf82","fc258abf482431f60ab1c8667a9c31468dd25cfd75250e12445d612cf97daf82"
"2372","MAR20_2117.jpg","MAR20_2117.txt","226bf3d9f1185b2872e17d972a6f79b6a3c121e6e33803263477303648a9270f","226bf3d9f1185b2872e17d972a6f79b6a3c121e6e33803263477303648a9270f"
"2377","MAR20_2122.jpg","MAR20_2122.txt","ea3f5ce1f8606d168b480433357aa2e4cf0f70e1c1501d0de517b426ab076568","ea3f5ce1f8606d168b480433357aa2e4cf0f70e1c1501d0de517b426ab076568"
"2385","MAR20_2130.jpg","MAR20_2130.txt","3bcd4fff3e96aa5b232dac2eedaeb6de42af58c7bcb55d254f6d1d5c5201029e","3bcd4fff3e96aa5b232dac2eedaeb6de42af58c7bcb55d254f6d1d5c5201029e"
"2393","MAR20_2144.jpg","MAR20_2144.txt","678fea4f1002b731a2296d85fbf59ba265e32ce6dbf82807eae13a4841d54680","678fea4f1002b731a2296d85fbf59ba265e32ce6dbf82807eae13a4841d54680"
"2401","MAR20_2152.jpg","MAR20_2152.txt","088c182edb3e5f2d844d5c5411f8f93b32d9610a44c028efdacb329f5d3f3669","088c182edb3e5f2d844d5c5411f8f93b32d9610a44c028efdacb329f5d3f3669"
"2402","MAR20_2153.jpg","MAR20_2153.txt","7cb5200ccf04ddc08ff0196668a73d4ae8a2003e364979a4588ebb3e728bd3ab","7cb5200ccf04ddc08ff0196668a73d4ae8a2003e364979a4588ebb3e728bd3ab"
"2405","MAR20_2156.jpg","MAR20_2156.txt","3623370c810d60029c0553d6e4f4a5c1a492f341ab2adc70bf56a308ee659436","3623370c810d60029c0553d6e4f4a5c1a492f341ab2adc70bf56a308ee659436"
"2406","MAR20_2158.jpg","MAR20_2158.txt","0fd7397fa7bd185ebdbee71d95f778093c220d53f6af0eae1fa4ce0ab3677da3","0fd7397fa7bd185ebdbee71d95f778093c220d53f6af0eae1fa4ce0ab3677da3"
"2411","MAR20_2164.jpg","MAR20_2164.txt","a2416ce7a34985cbefbc562a4f827c6d1b7677fcadecac6c20945d1bcf4ae028","a2416ce7a34985cbefbc562a4f827c6d1b7677fcadecac6c20945d1bcf4ae028"
"2414","MAR20_2168.jpg","MAR20_2168.txt","d6a4a95648a20221706515b73d339bdab211b3d9122d9f4f46fbbc5794b7f5c6","d6a4a95648a20221706515b73d339bdab211b3d9122d9f4f46fbbc5794b7f5c6"
"2421","MAR20_2176.jpg","MAR20_2176.txt","a2d86260b7bed6a8dd7988868abbeff82b4e5870a2b8ef1753fca7628d91f5fb","a2d86260b7bed6a8dd7988868abbeff82b4e5870a2b8ef1753fca7628d91f5fb"
"2424","MAR20_218.jpg","MAR20_218.txt","3aa146966a19b68b4dd2d70aa46f9e09ce48846ffcba46d195a90755020ca2e6","3aa146966a19b68b4dd2d70aa46f9e09ce48846ffcba46d195a90755020ca2e6"
"2443","MAR20_220.jpg","MAR20_220.txt","e8afc690ac66573a37ecd2603be5cc92d1086683e932f6432b119fa188074a9d","e8afc690ac66573a37ecd2603be5cc92d1086683e932f6432b119fa188074a9d"
"2449","MAR20_2206.jpg","MAR20_2206.txt","3db1f5b6015a677e5a31b85bd8f924577ce92419a47fec8f8088efb1db703633","3db1f5b6015a677e5a31b85bd8f924577ce92419a47fec8f8088efb1db703633"
"2453","MAR20_2211.jpg","MAR20_2211.txt","3899fb384baf322418ba5e4af35fdd0671c28a88437c2bdc9f70577a69d665a8","3899fb384baf322418ba5e4af35fdd0671c28a88437c2bdc9f70577a69d665a8"
"2459","MAR20_2218.jpg","MAR20_2218.txt","417411c0f067506e99af4453552c8fe44129bb62eb7d298fc3111d9a872cddd7","417411c0f067506e99af4453552c8fe44129bb62eb7d298fc3111d9a872cddd7"
"2464","MAR20_2224.jpg","MAR20_2224.txt","66c1a81980e027200d66bc466e6fa1d6450f0eb92f83ebde41af04faa5f7637e","66c1a81980e027200d66bc466e6fa1d6450f0eb92f83ebde41af04faa5f7637e"
"2465","MAR20_2225.jpg","MAR20_2225.txt","ca54e96f06c9176797eb83a2bd26d9d1192fb9531d85720b8e010d4da9eb4456","ca54e96f06c9176797eb83a2bd26d9d1192fb9531d85720b8e010d4da9eb4456"
"2468","MAR20_2229.jpg","MAR20_2229.txt","b0e870ea52cbc13e572fd751d98cc0878b5fd0577dee7fbb0cfb24a65584ae2d","b0e870ea52cbc13e572fd751d98cc0878b5fd0577dee7fbb0cfb24a65584ae2d"
"2479","MAR20_2241.jpg","MAR20_2241.txt","3237a0b797c0a1bf5118b0cdde95f6d06f913a860b7c8cccc9670be854cb9e01","3237a0b797c0a1bf5118b0cdde95f6d06f913a860b7c8cccc9670be854cb9e01"
"2482","MAR20_2247.jpg","MAR20_2247.txt","b72e26ebbcffc14b8f30f458e4be2cbc6019e7d5ff12de45b770fc43e2846db8","b72e26ebbcffc14b8f30f458e4be2cbc6019e7d5ff12de45b770fc43e2846db8"
"2486","MAR20_2251.jpg","MAR20_2251.txt","983488b3ecff098b81a40650d549362c2c1d68a6f0caa820097dd324fa223c4b","983488b3ecff098b81a40650d549362c2c1d68a6f0caa820097dd324fa223c4b"
"2497","MAR20_2263.jpg","MAR20_2263.txt","f927b7c472358ae5ffa712b46ad5d8b593c4590b6cc31a4e765dbaa653b86182","f927b7c472358ae5ffa712b46ad5d8b593c4590b6cc31a4e765dbaa653b86182"
"2507","MAR20_2277.jpg","MAR20_2277.txt","c697a24e232cc2d13c16e341505769c8b42040a1df1911d642f60a70fc6f01f0","c697a24e232cc2d13c16e341505769c8b42040a1df1911d642f60a70fc6f01f0"
"2511","MAR20_2281.jpg","MAR20_2281.txt","3e76b045daa65c20644bb44701d521433e3862f275060433a7fac4e218859ad9","3e76b045daa65c20644bb44701d521433e3862f275060433a7fac4e218859ad9"
"2515","MAR20_2285.jpg","MAR20_2285.txt","31ab342c3e945b7ee97e1faa5050858c8d1f141ff0e6ae3863d7f35550727cca","31ab342c3e945b7ee97e1faa5050858c8d1f141ff0e6ae3863d7f35550727cca"
"2516","MAR20_2286.jpg","MAR20_2286.txt","0f2b96d2f95812250b8380b00b43103f87c890f383aeecd85323168b54d891c2","0f2b96d2f95812250b8380b00b43103f87c890f383aeecd85323168b54d891c2"
"2517","MAR20_2289.jpg","MAR20_2289.txt","77dd94372740b982aeecb776ad2bae4ba3119ca1fa18950c2cc0d224697448a4","77dd94372740b982aeecb776ad2bae4ba3119ca1fa18950c2cc0d224697448a4"
"2521","MAR20_2292.jpg","MAR20_2292.txt","1272179622d13a713e6d4b8aac05f8755fa6e828e5c0c1364b1e90ec9b7545ec","1272179622d13a713e6d4b8aac05f8755fa6e828e5c0c1364b1e90ec9b7545ec"
"2539","MAR20_2312.jpg","MAR20_2312.txt","7a21a19f643c16eef416b9789cfe64c8b059fe873c6d9aae2dad17ad11abb63d","7a21a19f643c16eef416b9789cfe64c8b059fe873c6d9aae2dad17ad11abb63d"
"2544","MAR20_2318.jpg","MAR20_2318.txt","24a5b249a6c1e808826718a219e5c18ede28d2164e2fbd993ed5a931a9abbf16","24a5b249a6c1e808826718a219e5c18ede28d2164e2fbd993ed5a931a9abbf16"
"2548","MAR20_2321.jpg","MAR20_2321.txt","867853540f9ff650b1876e9f9001b531b10a8882cb8510c03db31a39a1d54ddc","867853540f9ff650b1876e9f9001b531b10a8882cb8510c03db31a39a1d54ddc"
"2553","MAR20_2326.jpg","MAR20_2326.txt","6c394dd95e9a5b5deb0b454b9c2444c1d3f2f9a41e6d10ff6f4c4066924826ae","6c394dd95e9a5b5deb0b454b9c2444c1d3f2f9a41e6d10ff6f4c4066924826ae"
"2557","MAR20_2334.jpg","MAR20_2334.txt","5f30ac9f55b2e6fd1618ccdac897eaa61717021a4ed5a15bb28097b945518a41","5f30ac9f55b2e6fd1618ccdac897eaa61717021a4ed5a15bb28097b945518a41"
"2562","MAR20_2342.jpg","MAR20_2342.txt","b497effecabcb49bb26863f08bf39d121f4fe212ea1c750e42ee0e347cd6b715","b497effecabcb49bb26863f08bf39d121f4fe212ea1c750e42ee0e347cd6b715"
"2577","MAR20_2362.jpg","MAR20_2362.txt","09ad069d522e9c80b84244e3a1e816eaffe1ea701caa0f4903c52ace2e43bb31","09ad069d522e9c80b84244e3a1e816eaffe1ea701caa0f4903c52ace2e43bb31"
"2583","MAR20_2371.jpg","MAR20_2371.txt","bff4028b0a79b80ea334fe3d1fd4f6f3da73e592ef867aa841a254af077e6132","bff4028b0a79b80ea334fe3d1fd4f6f3da73e592ef867aa841a254af077e6132"
"2589","MAR20_238.jpg","MAR20_238.txt","f0d74de7b7175b14175877d2cab2b4cfbc5cebd3686659463d87d4ca86661594","f0d74de7b7175b14175877d2cab2b4cfbc5cebd3686659463d87d4ca86661594"
"2597","MAR20_239.jpg","MAR20_239.txt","1a3b3cddfe54a50052d0fbf79b594f730085adb5a3c32f17677c5eed430630f7","1a3b3cddfe54a50052d0fbf79b594f730085adb5a3c32f17677c5eed430630f7"
"2610","MAR20_2400.jpg","MAR20_2400.txt","f6c362cdec4b814d527c71a166f908d0826c020aac76f1acfc8e9f63baca559d","f6c362cdec4b814d527c71a166f908d0826c020aac76f1acfc8e9f63baca559d"
"2615","MAR20_2405.jpg","MAR20_2405.txt","87e7470996483a592a60464d2b96475dac2da1a358f9bcff98f4fe9dcb24481e","87e7470996483a592a60464d2b96475dac2da1a358f9bcff98f4fe9dcb24481e"
"2620","MAR20_2411.jpg","MAR20_2411.txt","74abc151f8258451f5f0fc3d986617b2490e5b6feb95059a563263a3d3e7d846","74abc151f8258451f5f0fc3d986617b2490e5b6feb95059a563263a3d3e7d846"
"2621","MAR20_2412.jpg","MAR20_2412.txt","ccff00f74ec7f8f864997a8e9c9c6a9124cdefcf0230a55cf9e746570f8d707d","ccff00f74ec7f8f864997a8e9c9c6a9124cdefcf0230a55cf9e746570f8d707d"
"2622","MAR20_2413.jpg","MAR20_2413.txt","9d620f613e37613fd20d780c9759cd13fb7f896799cf617cd775f88db01a9322","9d620f613e37613fd20d780c9759cd13fb7f896799cf617cd775f88db01a9322"
"2627","MAR20_242.jpg","MAR20_242.txt","9608c844c984f78a39f51daba220a3340a962530b94fe00e6090cdb7eefb151c","9608c844c984f78a39f51daba220a3340a962530b94fe00e6090cdb7eefb151c"
"2635","MAR20_2431.jpg","MAR20_2431.txt","32a06850a86dec45f1ab5d03e14b924e98fd88b9981259c5e4bc65092e76c195","32a06850a86dec45f1ab5d03e14b924e98fd88b9981259c5e4bc65092e76c195"
"2645","MAR20_2441.jpg","MAR20_2441.txt","983c6cdedf49642a930224907607ae2c046baf5905f5d47d04cf232cc4584aeb","983c6cdedf49642a930224907607ae2c046baf5905f5d47d04cf232cc4584aeb"
"2653","MAR20_2450.jpg","MAR20_2450.txt","0a0d00d6d4b636d5961f92a7a52d20eb305f5890ae57fca500f89129b0da27c5","0a0d00d6d4b636d5961f92a7a52d20eb305f5890ae57fca500f89129b0da27c5"
"2659","MAR20_2456.jpg","MAR20_2456.txt","820ed7a8aa39811b9af699289df4e62bb0124cc32e983629287f7034e9a59e87","820ed7a8aa39811b9af699289df4e62bb0124cc32e983629287f7034e9a59e87"
"2664","MAR20_2461.jpg","MAR20_2461.txt","d71efa0e73c67030b7edc479869201fa7989f6f09bf7e7d16892104af420d75b","d71efa0e73c67030b7edc479869201fa7989f6f09bf7e7d16892104af420d75b"
"2665","MAR20_2462.jpg","MAR20_2462.txt","56070f6acbe9f69680b060c144ab6f7bea3029d3a656d1430abfe0c68b4c6c77","56070f6acbe9f69680b060c144ab6f7bea3029d3a656d1430abfe0c68b4c6c77"
"2669","MAR20_2468.jpg","MAR20_2468.txt","131dfa6a5a50bdaf33a2e81af6abf774f2623fd082eaca8da1753f65a78bf80b","131dfa6a5a50bdaf33a2e81af6abf774f2623fd082eaca8da1753f65a78bf80b"
"2686","MAR20_2485.jpg","MAR20_2485.txt","1fa2356e81154734e860c1eb2820a4dc56637f381c22284e5326777c940b046e","1fa2356e81154734e860c1eb2820a4dc56637f381c22284e5326777c940b046e"
"2697","MAR20_2495.jpg","MAR20_2495.txt","893fea0abfba55e78c963e25f2a7cb7a73d78dc9faaddf243c0eaa0b20d04703","893fea0abfba55e78c963e25f2a7cb7a73d78dc9faaddf243c0eaa0b20d04703"
"2699","MAR20_2498.jpg","MAR20_2498.txt","33cb23502c734b89323a6e8afeaeb232ca11895d20ac926e5afc13cfb7260227","33cb23502c734b89323a6e8afeaeb232ca11895d20ac926e5afc13cfb7260227"
"2705","MAR20_2502.jpg","MAR20_2502.txt","bd0f29d9c3c7c87e0e23e0a9cf102eac75e97011a8447f081fb884e42133e057","bd0f29d9c3c7c87e0e23e0a9cf102eac75e97011a8447f081fb884e42133e057"
"2711","MAR20_251.jpg","MAR20_251.txt","62b79762910f9992f646558fb70229fc24aa7aed8382c9ffaaaa40c5522f9883","62b79762910f9992f646558fb70229fc24aa7aed8382c9ffaaaa40c5522f9883"
"2713","MAR20_2511.jpg","MAR20_2511.txt","a4179fcbbcc279f433486284e81c9392e8721b311a9c3b4323f961269c6ad317","a4179fcbbcc279f433486284e81c9392e8721b311a9c3b4323f961269c6ad317"
"2716","MAR20_2515.jpg","MAR20_2515.txt","43e9642927b6ea34598672279d8bcd37933dc0e559e43890105bc75e119b6906","43e9642927b6ea34598672279d8bcd37933dc0e559e43890105bc75e119b6906"
"2718","MAR20_2517.jpg","MAR20_2517.txt","9c1b138b62ccf1ce62018b74b78b0cd6f287493abab0e8b0cd1e9009577ad9cd","9c1b138b62ccf1ce62018b74b78b0cd6f287493abab0e8b0cd1e9009577ad9cd"
"2719","MAR20_2518.jpg","MAR20_2518.txt","2e2feb3bb3e5bab3828fd9114b99c79033733b30175f4df2857e5ed5d98162ef","2e2feb3bb3e5bab3828fd9114b99c79033733b30175f4df2857e5ed5d98162ef"
"2721","MAR20_252.jpg","MAR20_252.txt","5ad8b34e1ee207be881bf9a8325f2f2886ef1ff624d940541b2098565321bdb1","5ad8b34e1ee207be881bf9a8325f2f2886ef1ff624d940541b2098565321bdb1"
"2728","MAR20_2526.jpg","MAR20_2526.txt","f14aab6cb90225332a3a30c1ed1dececa6f3ae08b3f7e952a8f00bd9d5ea7196","f14aab6cb90225332a3a30c1ed1dececa6f3ae08b3f7e952a8f00bd9d5ea7196"
"2729","MAR20_2527.jpg","MAR20_2527.txt","3fbbd4ee6438e8b7632911d239fca4fd3ca8252af838f83402932d16136ed6a6","3fbbd4ee6438e8b7632911d239fca4fd3ca8252af838f83402932d16136ed6a6"
"2739","MAR20_2539.jpg","MAR20_2539.txt","7bc09976ea02010b559aac9fec471e831934b2ff8b9d45a9f6c56da9247a980c","7bc09976ea02010b559aac9fec471e831934b2ff8b9d45a9f6c56da9247a980c"
"2744","MAR20_2545.jpg","MAR20_2545.txt","7580ce2d880c5da2a7c4126cf50525792cacede7439ef6069d2cdbee6858e15b","7580ce2d880c5da2a7c4126cf50525792cacede7439ef6069d2cdbee6858e15b"
"2746","MAR20_2548.jpg","MAR20_2548.txt","215559ed705bc5ae7fb84f58eda4097242f39e3bf719e485ffabe58e6cc6024f","215559ed705bc5ae7fb84f58eda4097242f39e3bf719e485ffabe58e6cc6024f"
"2751","MAR20_2552.jpg","MAR20_2552.txt","138e29f1bb3f35e7ca7ebfa6f7125f5fedb81cd387bd9f6bddd9eb452ed9c66b","138e29f1bb3f35e7ca7ebfa6f7125f5fedb81cd387bd9f6bddd9eb452ed9c66b"
"2757","MAR20_2558.jpg","MAR20_2558.txt","ac64e2c9c0969edc4967ab48a78cf12736b0cb4479096bbbd9bc5cf40a80c30f","ac64e2c9c0969edc4967ab48a78cf12736b0cb4479096bbbd9bc5cf40a80c30f"
"2761","MAR20_2564.jpg","MAR20_2564.txt","f36b213783afa0050e099bf01dcdd6054f53d4fe34b1ab3b2b6ab12db2b7511e","f36b213783afa0050e099bf01dcdd6054f53d4fe34b1ab3b2b6ab12db2b7511e"
"2763","MAR20_2566.jpg","MAR20_2566.txt","93e157622db58170105eeffc09d236264132982f3af801f4ea3709e6a7e17d40","93e157622db58170105eeffc09d236264132982f3af801f4ea3709e6a7e17d40"
"2764","MAR20_2567.jpg","MAR20_2567.txt","d29a31c8f8549499d4dbcf52d8dd10d97d24353f78fd6a0c7d07fd36c678f1e7","d29a31c8f8549499d4dbcf52d8dd10d97d24353f78fd6a0c7d07fd36c678f1e7"
"2765","MAR20_2568.jpg","MAR20_2568.txt","1469dc16b34e1080cfe0ccb4817fd364ecdf15c9fa377e7633fe8d10ca83543d","1469dc16b34e1080cfe0ccb4817fd364ecdf15c9fa377e7633fe8d10ca83543d"
"2766","MAR20_2569.jpg","MAR20_2569.txt","17a8ba0676d23f86b1c5be4125bb939d69089388781b77c6f318d9a7fd79882b","17a8ba0676d23f86b1c5be4125bb939d69089388781b77c6f318d9a7fd79882b"
"2768","MAR20_2571.jpg","MAR20_2571.txt","382315b86c5e9dfcf16daa5a68cdedeedffe74f95ea8635a4d49400bceb287f2","382315b86c5e9dfcf16daa5a68cdedeedffe74f95ea8635a4d49400bceb287f2"
"2773","MAR20_2576.jpg","MAR20_2576.txt","0f28825af0e7757c0c97ae664288fc08f51baf611ae3411b993ec565af25eef1","0f28825af0e7757c0c97ae664288fc08f51baf611ae3411b993ec565af25eef1"
"2796","MAR20_26.jpg","MAR20_26.txt","4c05bb29608927a370050c6410f2e232804a94315c14eadadd4a183494c74eae","4c05bb29608927a370050c6410f2e232804a94315c14eadadd4a183494c74eae"
"2799","MAR20_2602.jpg","MAR20_2602.txt","ccf9b24dfdde60a1de1a159c84e8fc57777699ca1d4324cd401cb24778139aae","ccf9b24dfdde60a1de1a159c84e8fc57777699ca1d4324cd401cb24778139aae"
"2802","MAR20_2605.jpg","MAR20_2605.txt","5c90f2c8f345a765137396040827f79a3fac1000809e1993690eb951124d6c39","5c90f2c8f345a765137396040827f79a3fac1000809e1993690eb951124d6c39"
"2805","MAR20_2608.jpg","MAR20_2608.txt","d440709cba1879a367b4daa299c38d1cb0101b57ed7cf5b7df92b261267c9810","d440709cba1879a367b4daa299c38d1cb0101b57ed7cf5b7df92b261267c9810"
"2827","MAR20_2639.jpg","MAR20_2639.txt","1931f133e3ef6a5b7eba42a572e0c7790b9abdd03514d0aa26f17ac8592dfc89","1931f133e3ef6a5b7eba42a572e0c7790b9abdd03514d0aa26f17ac8592dfc89"
"2828","MAR20_2640.jpg","MAR20_2640.txt","6b9689d9bf85fc5bcb1917af0ed4a439789dc3ea84aa2cec5af0e113c6ce0c94","6b9689d9bf85fc5bcb1917af0ed4a439789dc3ea84aa2cec5af0e113c6ce0c94"
"2832","MAR20_2646.jpg","MAR20_2646.txt","a7b3fbfdbe6b5f5136d59aad683793b2817d1f6ffb9b8928c2f5a4154b22ac4a","a7b3fbfdbe6b5f5136d59aad683793b2817d1f6ffb9b8928c2f5a4154b22ac4a"
"2834","MAR20_2649.jpg","MAR20_2649.txt","1e7822ce7a27bd4614309a6f6137ff7861f83350d2aed8f631c54e61021254c9","1e7822ce7a27bd4614309a6f6137ff7861f83350d2aed8f631c54e61021254c9"
"2835","MAR20_265.jpg","MAR20_265.txt","8818bc9f698f5a4724acd1a836139de45c0cff8014fb179670869c6dcd629080","8818bc9f698f5a4724acd1a836139de45c0cff8014fb179670869c6dcd629080"
"2837","MAR20_2651.jpg","MAR20_2651.txt","2d08574341d1dd5602807715ce23032c491a8550f85a31c79d0d692ef30ce7d3","2d08574341d1dd5602807715ce23032c491a8550f85a31c79d0d692ef30ce7d3"
"2840","MAR20_2660.jpg","MAR20_2660.txt","21c32037c386b8326576c87f7c973b0079aa8da6c20aa8011eb80433833dda36","21c32037c386b8326576c87f7c973b0079aa8da6c20aa8011eb80433833dda36"
"2842","MAR20_2663.jpg","MAR20_2663.txt","1a601fec3ab2724039255554b4899abfb56defc83741a28821c7a557ba9d910f","1a601fec3ab2724039255554b4899abfb56defc83741a28821c7a557ba9d910f"
"2854","MAR20_2676.jpg","MAR20_2676.txt","bd94643215c2f08236c0c7bda0013c578a6481f5d2d63d035d4b43a6ec5f9dd6","bd94643215c2f08236c0c7bda0013c578a6481f5d2d63d035d4b43a6ec5f9dd6"
"2857","MAR20_2679.jpg","MAR20_2679.txt","e0c8d747bb8581391993172bb27896f3ddd22f46159bc5c6f28c6be4e19c4782","e0c8d747bb8581391993172bb27896f3ddd22f46159bc5c6f28c6be4e19c4782"
"2859","MAR20_2680.jpg","MAR20_2680.txt","50bdb12c882d389ceaca2777faa4d5448ebbc0011061ea550285ed747033cda7","50bdb12c882d389ceaca2777faa4d5448ebbc0011061ea550285ed747033cda7"
"2861","MAR20_2682.jpg","MAR20_2682.txt","074831f741f7a3c5b335d8dbf000aea68fc401150b6133877163df6cc057724c","074831f741f7a3c5b335d8dbf000aea68fc401150b6133877163df6cc057724c"
"2862","MAR20_2683.jpg","MAR20_2683.txt","1195d995f17d752420811573703028501a441891ebe09be5559886e52079d911","1195d995f17d752420811573703028501a441891ebe09be5559886e52079d911"
"2870","MAR20_2692.jpg","MAR20_2692.txt","3e3a68efb0f483fa824ee4673dd54c24cc819694d5eadd525f0535207f5ee3bb","3e3a68efb0f483fa824ee4673dd54c24cc819694d5eadd525f0535207f5ee3bb"
"2875","MAR20_2697.jpg","MAR20_2697.txt","6585a0f0dc162196975ee3e5ded214713b5fbb54d6972c3d914da674a8f90b38","6585a0f0dc162196975ee3e5ded214713b5fbb54d6972c3d914da674a8f90b38"
"2880","MAR20_2701.jpg","MAR20_2701.txt","8ee9675ecb6fa0ebc42946ebe18ee5632755894d8b91efb3708250d329d49298","8ee9675ecb6fa0ebc42946ebe18ee5632755894d8b91efb3708250d329d49298"
"2882","MAR20_2703.jpg","MAR20_2703.txt","8e8698fb46be2336711412464c28d2c2b19ebf88bafcd1ceda986e5422c82ac5","8e8698fb46be2336711412464c28d2c2b19ebf88bafcd1ceda986e5422c82ac5"
"2887","MAR20_271.jpg","MAR20_271.txt","55c3c7003f574af763c8d90d95d0fb4f7613ff3a8dc760f78fe83de0cbf96a80","55c3c7003f574af763c8d90d95d0fb4f7613ff3a8dc760f78fe83de0cbf96a80"
"2894","MAR20_2720.jpg","MAR20_2720.txt","0165b8e53077116424e5f6195906bf9b2dc7466ec25caeddbf82fe3c91e0ee72","0165b8e53077116424e5f6195906bf9b2dc7466ec25caeddbf82fe3c91e0ee72"
"2896","MAR20_2723.jpg","MAR20_2723.txt","f383cdbb143c9bcccf42be0d7bc8b8c7eb99241495433fb2763090517ce4894a","f383cdbb143c9bcccf42be0d7bc8b8c7eb99241495433fb2763090517ce4894a"
"2901","MAR20_273.jpg","MAR20_273.txt","a1d8bb0cfb331e573c10b329d1247585de057278c698f9c107c8e94e89b9898b","a1d8bb0cfb331e573c10b329d1247585de057278c698f9c107c8e94e89b9898b"
"2905","MAR20_2734.jpg","MAR20_2734.txt","47b4714ce07cead5bd46ac3802674c7aaf04a3ab839b85b3b8424543b1840676","47b4714ce07cead5bd46ac3802674c7aaf04a3ab839b85b3b8424543b1840676"
"2908","MAR20_2737.jpg","MAR20_2737.txt","8325c0e88c0126db5fb6eda99782f0521aadfee19e6e4f585768e08481a1fdfb","8325c0e88c0126db5fb6eda99782f0521aadfee19e6e4f585768e08481a1fdfb"
"2909","MAR20_2738.jpg","MAR20_2738.txt","cdbc712d5a3c2c63ab1b6321d28f58974cf7ea1e5bea411a1ab4de04d8d94414","cdbc712d5a3c2c63ab1b6321d28f58974cf7ea1e5bea411a1ab4de04d8d94414"
"2910","MAR20_2739.jpg","MAR20_2739.txt","d652997d4f08f1001efeb0762cca33cf5f0b8c3cf9c3ad2ae7d9983c33119c0f","d652997d4f08f1001efeb0762cca33cf5f0b8c3cf9c3ad2ae7d9983c33119c0f"
"2912","MAR20_2741.jpg","MAR20_2741.txt","472cc2252dc9a4a980ce62a94ac1cb47af9546f9142e516721c24aa3d4286e94","472cc2252dc9a4a980ce62a94ac1cb47af9546f9142e516721c24aa3d4286e94"
"2929","MAR20_2759.jpg","MAR20_2759.txt","b453df750b3fe291ba3d580a482f51c7ae40e33d10a32158b3ef363c3c4203e0","b453df750b3fe291ba3d580a482f51c7ae40e33d10a32158b3ef363c3c4203e0"
"2932","MAR20_2761.jpg","MAR20_2761.txt","d094337f7dcec92d05ed62cff52431be3e4b25d9c44ca7580e3a1028eee4687a","d094337f7dcec92d05ed62cff52431be3e4b25d9c44ca7580e3a1028eee4687a"
"2936","MAR20_2766.jpg","MAR20_2766.txt","2caed1f397f10df172b64660e06de3dd27a4518ccf2a1756fab372ec8d884434","2caed1f397f10df172b64660e06de3dd27a4518ccf2a1756fab372ec8d884434"
"2939","MAR20_2769.jpg","MAR20_2769.txt","c9d90c8cae1f969a130216de0568476f95dad58044dceff9f5b6e53b3844c6d8","c9d90c8cae1f969a130216de0568476f95dad58044dceff9f5b6e53b3844c6d8"
"2940","MAR20_277.jpg","MAR20_277.txt","df6cb97c5aefae83caa871023fce83b631887467745742b721e29a6e8684ac93","df6cb97c5aefae83caa871023fce83b631887467745742b721e29a6e8684ac93"
"2944","MAR20_2774.jpg","MAR20_2774.txt","3b3edca9e4ad457fbbbf61c346d1c1e3bb3cbf45a1ab85c41169ad983c94aa3d","3b3edca9e4ad457fbbbf61c346d1c1e3bb3cbf45a1ab85c41169ad983c94aa3d"
"2955","MAR20_2786.jpg","MAR20_2786.txt","8e24c3c185c7d5467fa617d9dc314bb5a80c216ffb354596ca8296ca29b5d82c","8e24c3c185c7d5467fa617d9dc314bb5a80c216ffb354596ca8296ca29b5d82c"
"2966","MAR20_2797.jpg","MAR20_2797.txt","70afda5fdfa209e0ef5088bb2004a4e627c941892d6e8133318039f9ecaf8d8d","70afda5fdfa209e0ef5088bb2004a4e627c941892d6e8133318039f9ecaf8d8d"
"2983","MAR20_2812.jpg","MAR20_2812.txt","6549c1d3999734f1479ac0e0edf8c7598011579c488fe415c2305f39341f8d02","6549c1d3999734f1479ac0e0edf8c7598011579c488fe415c2305f39341f8d02"
"2996","MAR20_2825.jpg","MAR20_2825.txt","04452586ed6af44560e3709eda6a61c97b7efb256997089fa23ca43755fc9b4e","04452586ed6af44560e3709eda6a61c97b7efb256997089fa23ca43755fc9b4e"
"2999","MAR20_2829.jpg","MAR20_2829.txt","69622a8cb09046b20463b3b6f628dc1fcb5ca76e7696e233dfdeb2c8d9c61d5c","69622a8cb09046b20463b3b6f628dc1fcb5ca76e7696e233dfdeb2c8d9c61d5c"
"3007","MAR20_2840.jpg","MAR20_2840.txt","52c3dd1b30a3f55a216a29a9bfdccc5c7b47a1551b9e9b0ec86ace55070c09a6","52c3dd1b30a3f55a216a29a9bfdccc5c7b47a1551b9e9b0ec86ace55070c09a6"
"3017","MAR20_2854.jpg","MAR20_2854.txt","1d5d323b31d06c96ec6f8ba5042316fec72d154d2659b5b5e0631a72fea51ad2","1d5d323b31d06c96ec6f8ba5042316fec72d154d2659b5b5e0631a72fea51ad2"
"3021","MAR20_2858.jpg","MAR20_2858.txt","78ef6a15478ad59ee07cb336fc040d19ee972cddf451f35de4b85215ee889c9a","78ef6a15478ad59ee07cb336fc040d19ee972cddf451f35de4b85215ee889c9a"
"3023","MAR20_2860.jpg","MAR20_2860.txt","76080b92c4123ccfcf7ee69404642ce5ecc10d88f3c7a52a0e2b28c3a49c0e4b","76080b92c4123ccfcf7ee69404642ce5ecc10d88f3c7a52a0e2b28c3a49c0e4b"
"3027","MAR20_2865.jpg","MAR20_2865.txt","1831e2a8ae010075b576076adb6214e982da3500fb8b9c3d3913f3c776ef41c6","1831e2a8ae010075b576076adb6214e982da3500fb8b9c3d3913f3c776ef41c6"
"3034","MAR20_2876.jpg","MAR20_2876.txt","1162bb7777fa80fd34a49a7de6e3e812881d5c013c6b52866b894a5a1cb5293b","1162bb7777fa80fd34a49a7de6e3e812881d5c013c6b52866b894a5a1cb5293b"
"3038","MAR20_288.jpg","MAR20_288.txt","21b634bb915290fd939ccd347fc7a67c924ce1e60034a4a79092ef1520d4ee84","21b634bb915290fd939ccd347fc7a67c924ce1e60034a4a79092ef1520d4ee84"
"3041","MAR20_2882.jpg","MAR20_2882.txt","c927c33842b7553a3a4afbd699c28da459457f9a7b494ea1579a14b675587da1","c927c33842b7553a3a4afbd699c28da459457f9a7b494ea1579a14b675587da1"
"3055","MAR20_290.jpg","MAR20_290.txt","0d24f0e03ab380b01a270ada8f9bd71e97ba3d536c921392f5eea64bcaa79da9","0d24f0e03ab380b01a270ada8f9bd71e97ba3d536c921392f5eea64bcaa79da9"
"3059","MAR20_2904.jpg","MAR20_2904.txt","bd372e7e43d3723ca6238d4d37c204fc33a28b1f6cc2c2683d420480155ba496","bd372e7e43d3723ca6238d4d37c204fc33a28b1f6cc2c2683d420480155ba496"
"3065","MAR20_2914.jpg","MAR20_2914.txt","ed9537eac8ba8a2f76d38a6cba2cd853fc690db8e5d082b0fdac5b990303ee4f","ed9537eac8ba8a2f76d38a6cba2cd853fc690db8e5d082b0fdac5b990303ee4f"
"3068","MAR20_2917.jpg","MAR20_2917.txt","bb33e8763a839e721bd3955af6bb5191b1fc9f281a7664732352a0fb54c1ffd7","bb33e8763a839e721bd3955af6bb5191b1fc9f281a7664732352a0fb54c1ffd7"
"3072","MAR20_2920.jpg","MAR20_2920.txt","6f57bcb6ccb1b473a89c1f9d86009a735525f468c4517a17d07460d5213eb077","6f57bcb6ccb1b473a89c1f9d86009a735525f468c4517a17d07460d5213eb077"
"3076","MAR20_2924.jpg","MAR20_2924.txt","ec31c6f8fecbc6e19f34a684ff074de3c48d35d4d75e3fbbe63efd72cf6b5daf","ec31c6f8fecbc6e19f34a684ff074de3c48d35d4d75e3fbbe63efd72cf6b5daf"
"3090","MAR20_2942.jpg","MAR20_2942.txt","84161da2ee327d8d7765210b03e88efa4d730d69d38501ecba8e6e5ebddd00c7","84161da2ee327d8d7765210b03e88efa4d730d69d38501ecba8e6e5ebddd00c7"
"3093","MAR20_2947.jpg","MAR20_2947.txt","7a5099255019f574c6cbd5c20bbd93439965d2cb0af53ddfb25ffd90f20c0b46","7a5099255019f574c6cbd5c20bbd93439965d2cb0af53ddfb25ffd90f20c0b46"
"3097","MAR20_2951.jpg","MAR20_2951.txt","bd74fad563ad0285e8c7ed0ca89e36ee706a28bc04e6da31df74b88d5ed28c3c","bd74fad563ad0285e8c7ed0ca89e36ee706a28bc04e6da31df74b88d5ed28c3c"
"3117","MAR20_2971.jpg","MAR20_2971.txt","8806106f868502dd1a69c2fee3d934243b6daa89d0c4e16a87af91a626a8137b","8806106f868502dd1a69c2fee3d934243b6daa89d0c4e16a87af91a626a8137b"
"3119","MAR20_2973.jpg","MAR20_2973.txt","d8d02d4622df6e3fe63f9943eee1c5328eec8aeff6a64c9a139c3f99e3bdda8b","d8d02d4622df6e3fe63f9943eee1c5328eec8aeff6a64c9a139c3f99e3bdda8b"
"3124","MAR20_2979.jpg","MAR20_2979.txt","aaf78bb9665e61d2acb348289964cb71c28248cda02dbd944dd7fe3eac6ab89d","aaf78bb9665e61d2acb348289964cb71c28248cda02dbd944dd7fe3eac6ab89d"
"3129","MAR20_2983.jpg","MAR20_2983.txt","72b75b1a4e4a00cb07406f5160c5cd4057c58cd2914966daeecc52142c426d5c","72b75b1a4e4a00cb07406f5160c5cd4057c58cd2914966daeecc52142c426d5c"
"3133","MAR20_2987.jpg","MAR20_2987.txt","090b6558d21fce7240c269a5a0683651d588546caa6c0c7533dd0b4553f27563","090b6558d21fce7240c269a5a0683651d588546caa6c0c7533dd0b4553f27563"
"3136","MAR20_2990.jpg","MAR20_2990.txt","138a3958ff6d674ac8182383060a25e143d502c1f2f2d79c964a2a842599755d","138a3958ff6d674ac8182383060a25e143d502c1f2f2d79c964a2a842599755d"
"3141","MAR20_2995.jpg","MAR20_2995.txt","ea8b877921b9877f8bad17d7b6cb778b99143f8ea588435f3546b5e8e5534bfd","ea8b877921b9877f8bad17d7b6cb778b99143f8ea588435f3546b5e8e5534bfd"
"3146","MAR20_30.jpg","MAR20_30.txt","a03c0004d75c2b7d335ba0c1be61d4a7f048a1061c0b35901269a2c221550536","a03c0004d75c2b7d335ba0c1be61d4a7f048a1061c0b35901269a2c221550536"
"3152","MAR20_3006.jpg","MAR20_3006.txt","dae4f99cbed04b1c629469dbc7d83e8ee33af547280a7a88f5b6e6f1fdc72f25","dae4f99cbed04b1c629469dbc7d83e8ee33af547280a7a88f5b6e6f1fdc72f25"
"3173","MAR20_303.jpg","MAR20_303.txt","f04a2673276f2fd74371e5507d5dc5b1edc8af630da65051d1d2d661516ce685","f04a2673276f2fd74371e5507d5dc5b1edc8af630da65051d1d2d661516ce685"
"3175","MAR20_3033.jpg","MAR20_3033.txt","f7a9ee0a5a649f47903293ce06923526fbbf61a52a882519f1d72ded7fd06484","f7a9ee0a5a649f47903293ce06923526fbbf61a52a882519f1d72ded7fd06484"
"3180","MAR20_3038.jpg","MAR20_3038.txt","ededd1d66f65f5945f78d26622ac5227a27fad425f95f4de68cd4eb24dce08ab","ededd1d66f65f5945f78d26622ac5227a27fad425f95f4de68cd4eb24dce08ab"
"3184","MAR20_3044.jpg","MAR20_3044.txt","29c6537c04887a74b92d4b7c4f252ecba386a65b981f449b73cc026f72891786","29c6537c04887a74b92d4b7c4f252ecba386a65b981f449b73cc026f72891786"
"3193","MAR20_3052.jpg","MAR20_3052.txt","7019c294a848dc875798533e7c56c8db04732a9b27f6a5a4ebbcf1cafdbbe50f","7019c294a848dc875798533e7c56c8db04732a9b27f6a5a4ebbcf1cafdbbe50f"
"3195","MAR20_3054.jpg","MAR20_3054.txt","3ea87564a9cd371af77f17f6425fd817b7cb21b4a855b341b69f5056192595f8","3ea87564a9cd371af77f17f6425fd817b7cb21b4a855b341b69f5056192595f8"
"3197","MAR20_3057.jpg","MAR20_3057.txt","890dba54c9afff3fd8c0c90747593c66444c705096562beed42fccd5a16e1bbb","890dba54c9afff3fd8c0c90747593c66444c705096562beed42fccd5a16e1bbb"
"3200","MAR20_3060.jpg","MAR20_3060.txt","b5b5d1800647a70187d86d2cc148856fdb06beee1124c4a0b95401c77e598193","b5b5d1800647a70187d86d2cc148856fdb06beee1124c4a0b95401c77e598193"
"3203","MAR20_3063.jpg","MAR20_3063.txt","fe56dd11c47d46d56d2fd9409b1e9af047fe69e7e678e5302b57f427582da88a","fe56dd11c47d46d56d2fd9409b1e9af047fe69e7e678e5302b57f427582da88a"
"3208","MAR20_3068.jpg","MAR20_3068.txt","0aebbfc7666a65f23929fdd9921d1be18a6f8f2a44379ed8bab31cea14cf4be4","0aebbfc7666a65f23929fdd9921d1be18a6f8f2a44379ed8bab31cea14cf4be4"
"3209","MAR20_307.jpg","MAR20_307.txt","0cf85f55f4fdb9e538fe7fbf3b02f72732d796492bb76c96a969dba9c2997373","0cf85f55f4fdb9e538fe7fbf3b02f72732d796492bb76c96a969dba9c2997373"
"3211","MAR20_3071.jpg","MAR20_3071.txt","22a17013380200fa4c9f25e62bb9ab2ae69ef349afa689199906872eb582cccb","22a17013380200fa4c9f25e62bb9ab2ae69ef349afa689199906872eb582cccb"
"3215","MAR20_3075.jpg","MAR20_3075.txt","afc4a4de0a93a2448393060b1832ec168f063d36267ec445a62a4909e9367968","afc4a4de0a93a2448393060b1832ec168f063d36267ec445a62a4909e9367968"
"3220","MAR20_3082.jpg","MAR20_3082.txt","8d37ef3c5fb8a1c7e9bce1574331afc9b54b638803c5dc69c45a5bb68df0204e","8d37ef3c5fb8a1c7e9bce1574331afc9b54b638803c5dc69c45a5bb68df0204e"
"3222","MAR20_3084.jpg","MAR20_3084.txt","59f9404d12fd93a3f74f87ea20277eaa8398294b2c0449639abbad9c3061e0e2","59f9404d12fd93a3f74f87ea20277eaa8398294b2c0449639abbad9c3061e0e2"
"3230","MAR20_3092.jpg","MAR20_3092.txt","75e6756486e39fefe765b15a9c80a385749afce5cd6aa06ea25e4e31d52e3b4d","75e6756486e39fefe765b15a9c80a385749afce5cd6aa06ea25e4e31d52e3b4d"
"3234","MAR20_3096.jpg","MAR20_3096.txt","8ff05ffa2bdea81df68eb3cdc767926ec3f174f04fe6baa9fe884beb805b1292","8ff05ffa2bdea81df68eb3cdc767926ec3f174f04fe6baa9fe884beb805b1292"
"3236","MAR20_3098.jpg","MAR20_3098.txt","1b3b64b8e2097a0962a3f0d2e3540ee1be39f2356e95d2acb2072f9f70d370e6","1b3b64b8e2097a0962a3f0d2e3540ee1be39f2356e95d2acb2072f9f70d370e6"
"3237","MAR20_3099.jpg","MAR20_3099.txt","b19ee4602fb23bcd261c2a6e5e6838d138f3f919ca0ca8fd616ef4c300d1bd74","b19ee4602fb23bcd261c2a6e5e6838d138f3f919ca0ca8fd616ef4c300d1bd74"
"3248","MAR20_3112.jpg","MAR20_3112.txt","edfa0aeffe8a200274f00346e995c48feb4841ab003af941ae16f830b3bc66db","edfa0aeffe8a200274f00346e995c48feb4841ab003af941ae16f830b3bc66db"
"3258","MAR20_3125.jpg","MAR20_3125.txt","789822b506e60ab2720dabe0215ea88d2796193b26cbccbb3e3b4471668d2596","789822b506e60ab2720dabe0215ea88d2796193b26cbccbb3e3b4471668d2596"
"3276","MAR20_3147.jpg","MAR20_3147.txt","569463b3e1235a7082988a3f1d9c83ae9782eebedce706ea1a192db34c9326b8","569463b3e1235a7082988a3f1d9c83ae9782eebedce706ea1a192db34c9326b8"
"3277","MAR20_3148.jpg","MAR20_3148.txt","8bd5c0863b72f9cc304645126ff8d5f6d2645b75c272385cfcdd92c24502f9a5","8bd5c0863b72f9cc304645126ff8d5f6d2645b75c272385cfcdd92c24502f9a5"
"3299","MAR20_317.jpg","MAR20_317.txt","5ae2f67e41e4625dfdba6288ee723dd802f3aada02dc45b101ff29cd6b0e4c5e","5ae2f67e41e4625dfdba6288ee723dd802f3aada02dc45b101ff29cd6b0e4c5e"
"3303","MAR20_3173.jpg","MAR20_3173.txt","ffb712d322a55e761ac2411a21be71f09aa906cb3924b381fae109864d65031b","ffb712d322a55e761ac2411a21be71f09aa906cb3924b381fae109864d65031b"
"3310","MAR20_3181.jpg","MAR20_3181.txt","84e17f58c0554888c48a0340022b7bda8aa50620b5c0a2f09e03562dcb03822c","84e17f58c0554888c48a0340022b7bda8aa50620b5c0a2f09e03562dcb03822c"
"3314","MAR20_3185.jpg","MAR20_3185.txt","8825a21b534ae04a8e18783d8baf0fee83f0d18d1cd20fcb6b5275f05e66c999","8825a21b534ae04a8e18783d8baf0fee83f0d18d1cd20fcb6b5275f05e66c999"
"3320","MAR20_3191.jpg","MAR20_3191.txt","7d26292df17070860d28a0295611ae7512b3f12df97da7af43dc6ffaa0a04439","7d26292df17070860d28a0295611ae7512b3f12df97da7af43dc6ffaa0a04439"
"3325","MAR20_3197.jpg","MAR20_3197.txt","b2b80b1b6feda41fda8e26d030312892f7f31e91512e1e29b4cf88b3226226e2","b2b80b1b6feda41fda8e26d030312892f7f31e91512e1e29b4cf88b3226226e2"
"3326","MAR20_3198.jpg","MAR20_3198.txt","76945de28859a8393e43528be085c34d6a496a7bad05bddff0e40d3067077d24","76945de28859a8393e43528be085c34d6a496a7bad05bddff0e40d3067077d24"
"3327","MAR20_32.jpg","MAR20_32.txt","5896cf8fcac5a4c343ee76fb2bf4c7f8b0c75de2950ec667c21fa12c2a6ebfc5","5896cf8fcac5a4c343ee76fb2bf4c7f8b0c75de2950ec667c21fa12c2a6ebfc5"
"3335","MAR20_3208.jpg","MAR20_3208.txt","ae6933f21494ba18a9830bd4f959eb3baa0e77629ea0071c44d766e963e75ef7","ae6933f21494ba18a9830bd4f959eb3baa0e77629ea0071c44d766e963e75ef7"
"3336","MAR20_3209.jpg","MAR20_3209.txt","749914938d960e98d74942859309aab8a87434574d1a8543e2a8b431432b19c2","749914938d960e98d74942859309aab8a87434574d1a8543e2a8b431432b19c2"
"3339","MAR20_3211.jpg","MAR20_3211.txt","c5b49d6dc9124a391bd4ecd163858b830a7dd9f18ca949926daea1e53fba1c72","c5b49d6dc9124a391bd4ecd163858b830a7dd9f18ca949926daea1e53fba1c72"
"3343","MAR20_3215.jpg","MAR20_3215.txt","50ae6994c423020a79c8cc2ec3ad3c780cb62a56f4e3450523f229cdd31cfa59","50ae6994c423020a79c8cc2ec3ad3c780cb62a56f4e3450523f229cdd31cfa59"
"3346","MAR20_3218.jpg","MAR20_3218.txt","b55620211c11c0b01edbb8d97104b92dbae3ecfeb15fdc94d81ea9ad8871a33d","b55620211c11c0b01edbb8d97104b92dbae3ecfeb15fdc94d81ea9ad8871a33d"
"3347","MAR20_3220.jpg","MAR20_3220.txt","9326582d6cd54645adbc6ecefb7a39ea33bce15ffa579be928c32aee7f4050cf","9326582d6cd54645adbc6ecefb7a39ea33bce15ffa579be928c32aee7f4050cf"
"3348","MAR20_3221.jpg","MAR20_3221.txt","de3ded82e90484563ffe8ea933e2b0fbd87016ad15e4e1099af55b0b820301c9","de3ded82e90484563ffe8ea933e2b0fbd87016ad15e4e1099af55b0b820301c9"
"3351","MAR20_3224.jpg","MAR20_3224.txt","bcb43e40a4aace02382e0e09a029cc2f2955759c48d0d1068d70b0af702a71cb","bcb43e40a4aace02382e0e09a029cc2f2955759c48d0d1068d70b0af702a71cb"
"3357","MAR20_3231.jpg","MAR20_3231.txt","8d7515b73106ad47e1b55af66f2a47787927c9a68fd7330791eba6005342ef6c","8d7515b73106ad47e1b55af66f2a47787927c9a68fd7330791eba6005342ef6c"
"3361","MAR20_3236.jpg","MAR20_3236.txt","a838c591a7365b9b75f054809ad4393c97b8d5f99c12378ff4e37de6814a1095","a838c591a7365b9b75f054809ad4393c97b8d5f99c12378ff4e37de6814a1095"
"3366","MAR20_3241.jpg","MAR20_3241.txt","91aa169aae02b43169c92d339dfa074eb15908c8df97e4a2c0577215a7a51f27","91aa169aae02b43169c92d339dfa074eb15908c8df97e4a2c0577215a7a51f27"
"3368","MAR20_3244.jpg","MAR20_3244.txt","e81843081f52b7142ecf252c904608f692eeb40e86b549edcf7cd39de90dd753","e81843081f52b7142ecf252c904608f692eeb40e86b549edcf7cd39de90dd753"
"3370","MAR20_3247.jpg","MAR20_3247.txt","9184b9b763392bf662bad3229fc9f59056f9f58eee1a8843c3b4d0c7bbbfa3b0","9184b9b763392bf662bad3229fc9f59056f9f58eee1a8843c3b4d0c7bbbfa3b0"
"3373","MAR20_3250.jpg","MAR20_3250.txt","ba98651ded1647a416de0789d64f22a3f1a7556d63ca4b32bee3ff1ea9a0e805","ba98651ded1647a416de0789d64f22a3f1a7556d63ca4b32bee3ff1ea9a0e805"
"3376","MAR20_3253.jpg","MAR20_3253.txt","e9693bc29153b0eb94a90fe7910bdbced41d6c9b0fc927516a950b5af48acd8a","e9693bc29153b0eb94a90fe7910bdbced41d6c9b0fc927516a950b5af48acd8a"
"3377","MAR20_3255.jpg","MAR20_3255.txt","5e5327c642fe00fe04db14c46b6bd41e0de500251b121e85a895b9effbc7d6fb","5e5327c642fe00fe04db14c46b6bd41e0de500251b121e85a895b9effbc7d6fb"
"3379","MAR20_3257.jpg","MAR20_3257.txt","0d9892c01729e8d64be6ad7c5f8cdc51aa4355ef406e7f94259fdabed707d1bb","0d9892c01729e8d64be6ad7c5f8cdc51aa4355ef406e7f94259fdabed707d1bb"
"3380","MAR20_3258.jpg","MAR20_3258.txt","2b89e1ba98bbd00c1c756c0c5ba6d079b2eb05c86b46186132e7994e095e8a02","2b89e1ba98bbd00c1c756c0c5ba6d079b2eb05c86b46186132e7994e095e8a02"
"3385","MAR20_3262.jpg","MAR20_3262.txt","1bbcfa1f1175240e5ebebb9ba1e1fbd8cf84dfe960375f538d7c9e0ce1d00b3d","1bbcfa1f1175240e5ebebb9ba1e1fbd8cf84dfe960375f538d7c9e0ce1d00b3d"
"3386","MAR20_3264.jpg","MAR20_3264.txt","1736ed3786a6bf4711134f17f4ae21e5bbfa8a723dd891f2600d056394bfb440","1736ed3786a6bf4711134f17f4ae21e5bbfa8a723dd891f2600d056394bfb440"
"3388","MAR20_3269.jpg","MAR20_3269.txt","fd7952e717540954c45f503bd174fdd040a140c1b9bcecc6df62bc24b225b660","fd7952e717540954c45f503bd174fdd040a140c1b9bcecc6df62bc24b225b660"
"3389","MAR20_327.jpg","MAR20_327.txt","a602ec6de25309b134decd68149c7403d017b54af8a5e84f5dc0dfe5dfa89868","a602ec6de25309b134decd68149c7403d017b54af8a5e84f5dc0dfe5dfa89868"
"3396","MAR20_3276.jpg","MAR20_3276.txt","ad770b8e2898b0c1f0295c338ab6ce3836271ca761a82e8b56ca0583798505d7","ad770b8e2898b0c1f0295c338ab6ce3836271ca761a82e8b56ca0583798505d7"
"3405","MAR20_3285.jpg","MAR20_3285.txt","1054655767d5917da8eb5174ed938eed9addfdc006a77c36b59f053581dd0c84","1054655767d5917da8eb5174ed938eed9addfdc006a77c36b59f053581dd0c84"
"3414","MAR20_3293.jpg","MAR20_3293.txt","6348899ee84d8db15fdc1cdcfb33adb07b3d78d6deae03be2a1176aa412905fc","6348899ee84d8db15fdc1cdcfb33adb07b3d78d6deae03be2a1176aa412905fc"
"3425","MAR20_3306.jpg","MAR20_3306.txt","0a2cecbc75fc791c799b7cd4d09c669c280c7a36f2a8f2446524f8e1cfd96519","0a2cecbc75fc791c799b7cd4d09c669c280c7a36f2a8f2446524f8e1cfd96519"
"3441","MAR20_3325.jpg","MAR20_3325.txt","45254dbf4c85c101fd3d16067f1b74e54bb048ec2a9278ffc7148ee9bd0dc2f7","45254dbf4c85c101fd3d16067f1b74e54bb048ec2a9278ffc7148ee9bd0dc2f7"
"3445","MAR20_3331.jpg","MAR20_3331.txt","36f39e862ef9c07348cc27b5a646403ef2eeee16689b99e4a0e61e26e98d535f","36f39e862ef9c07348cc27b5a646403ef2eeee16689b99e4a0e61e26e98d535f"
"3446","MAR20_3332.jpg","MAR20_3332.txt","867b8bf0013965e6b8e0d03c389c7e353384428e75fccebdf87b0134d115c0ad","867b8bf0013965e6b8e0d03c389c7e353384428e75fccebdf87b0134d115c0ad"
"3451","MAR20_3337.jpg","MAR20_3337.txt","52bf9bcf368be5e0b4699bec54dc5009778218efbd456d3230498d96c9912486","52bf9bcf368be5e0b4699bec54dc5009778218efbd456d3230498d96c9912486"
"3461","MAR20_3350.jpg","MAR20_3350.txt","cc7bd3d3c1d1a43d8a829ca55b6f444c83313d8fed2866b0580c61d0c915a0c5","cc7bd3d3c1d1a43d8a829ca55b6f444c83313d8fed2866b0580c61d0c915a0c5"
"3463","MAR20_3352.jpg","MAR20_3352.txt","b36e7b60e3ebbf87e53e1eca6e0b9a25b76860c8a79b3324825b0e7120d2f96d","b36e7b60e3ebbf87e53e1eca6e0b9a25b76860c8a79b3324825b0e7120d2f96d"
"3469","MAR20_3360.jpg","MAR20_3360.txt","9ada86fff1a36163543ca7d60a56ded502ac230c0b2ca32f3ab0c59eac641760","9ada86fff1a36163543ca7d60a56ded502ac230c0b2ca32f3ab0c59eac641760"
"3471","MAR20_3366.jpg","MAR20_3366.txt","1247371039c32761798681cf5c23a08e433b5e53c9cb6b997e83dd88c775debf","1247371039c32761798681cf5c23a08e433b5e53c9cb6b997e83dd88c775debf"
"3484","MAR20_3387.jpg","MAR20_3387.txt","0c103e102ca5d9449fc2dfcfcbf38986a5108c2e603ced0b5dea0594228e9d9f","0c103e102ca5d9449fc2dfcfcbf38986a5108c2e603ced0b5dea0594228e9d9f"
"3486","MAR20_3389.jpg","MAR20_3389.txt","48a7034c9e377b3078dd841788edcac34205db920d6764de8aaefd0182fe712e","48a7034c9e377b3078dd841788edcac34205db920d6764de8aaefd0182fe712e"
"3489","MAR20_3391.jpg","MAR20_3391.txt","e390868a30538f43fd411bf647d8bd2bfdbd7eb253f4bc0dad78933bd777beb0","e390868a30538f43fd411bf647d8bd2bfdbd7eb253f4bc0dad78933bd777beb0"
"3495","MAR20_3399.jpg","MAR20_3399.txt","df686494a247e8ccea6a164768de14c5517c2b32e1559d9cb50492e2cc05415d","df686494a247e8ccea6a164768de14c5517c2b32e1559d9cb50492e2cc05415d"
"3505","MAR20_3409.jpg","MAR20_3409.txt","921d62c0261c4011c185c5edfef4e38c33423ef215fe47a493d383f09e2cc426","921d62c0261c4011c185c5edfef4e38c33423ef215fe47a493d383f09e2cc426"
"3508","MAR20_3411.jpg","MAR20_3411.txt","ab6b77e38a9f41584870949684a2baaf761e97e77cab315da9db8fd5d96ed83a","ab6b77e38a9f41584870949684a2baaf761e97e77cab315da9db8fd5d96ed83a"
"3510","MAR20_3413.jpg","MAR20_3413.txt","ea372bd2411a0d95258dbc787993755ba6ad2dbfe4193d46f29fa4c1da4eff48","ea372bd2411a0d95258dbc787993755ba6ad2dbfe4193d46f29fa4c1da4eff48"
"3519","MAR20_3426.jpg","MAR20_3426.txt","9244b7c97fda4440eb154118d89af1f1194d395c95ac68e1e06cd0757a4bbacf","9244b7c97fda4440eb154118d89af1f1194d395c95ac68e1e06cd0757a4bbacf"
"3520","MAR20_3428.jpg","MAR20_3428.txt","8bf4834403b24ac25f1580a2e0abdd49dc511f761f9df1bac63ab416d665348e","8bf4834403b24ac25f1580a2e0abdd49dc511f761f9df1bac63ab416d665348e"
"3521","MAR20_3429.jpg","MAR20_3429.txt","817aa096cecb3331755386fb56efe69e6c5b0fedf03c9aa63f858b8fe3bd789a","817aa096cecb3331755386fb56efe69e6c5b0fedf03c9aa63f858b8fe3bd789a"
"3524","MAR20_3431.jpg","MAR20_3431.txt","cace10af1d3f2f58add3f57fba3957be6d73df3d590f074b287e0e2c28ed738e","cace10af1d3f2f58add3f57fba3957be6d73df3d590f074b287e0e2c28ed738e"
"3528","MAR20_3436.jpg","MAR20_3436.txt","e1963fa79be130a8fabf2a99cda715d1bda2710ece398e20e234609de04a43f2","e1963fa79be130a8fabf2a99cda715d1bda2710ece398e20e234609de04a43f2"
"3537","MAR20_3447.jpg","MAR20_3447.txt","21b84b466646beb90816e512516d7e25f8c4e5ed3c2e759acbe0476a8ea9057b","21b84b466646beb90816e512516d7e25f8c4e5ed3c2e759acbe0476a8ea9057b"
"3541","MAR20_3451.jpg","MAR20_3451.txt","9274eb9f90b2f65befaafce380ca7cd1697b51561a9c2c6d5c4758282558d22a","9274eb9f90b2f65befaafce380ca7cd1697b51561a9c2c6d5c4758282558d22a"
"3555","MAR20_3466.jpg","MAR20_3466.txt","6bea09df033b69750704f4c678031123fb1aa27ea80d6ba2e3eb107905a5e6a0","6bea09df033b69750704f4c678031123fb1aa27ea80d6ba2e3eb107905a5e6a0"
"3562","MAR20_3475.jpg","MAR20_3475.txt","40ca5ff78ba1378faa03e0d95a381fcd6a966759c7d2fc7f091116a44b467d02","40ca5ff78ba1378faa03e0d95a381fcd6a966759c7d2fc7f091116a44b467d02"
"3567","MAR20_348.jpg","MAR20_348.txt","edffb1f862ab2ff2bcb08b4ff7aa83d86c10bf57ecca34d8474f7dbaaa27f86d","edffb1f862ab2ff2bcb08b4ff7aa83d86c10bf57ecca34d8474f7dbaaa27f86d"
"3577","MAR20_3489.jpg","MAR20_3489.txt","b839eeaa2d60dcb97a492b9f1a841df7cc95e19141746b89b4705cf2dc5f36f8","b839eeaa2d60dcb97a492b9f1a841df7cc95e19141746b89b4705cf2dc5f36f8"
"3578","MAR20_349.jpg","MAR20_349.txt","f3a28b419544e9433c77e5b2bd78bd2647ac501d300ce3783f8eca80975424a3","f3a28b419544e9433c77e5b2bd78bd2647ac501d300ce3783f8eca80975424a3"
"3582","MAR20_3494.jpg","MAR20_3494.txt","9be0448bcc35f7b004322682373fe5cfba3d1583a91b87f987eaff5b74a97107","9be0448bcc35f7b004322682373fe5cfba3d1583a91b87f987eaff5b74a97107"
"3586","MAR20_3498.jpg","MAR20_3498.txt","f6eb7e3abc4d57037d460b5d9659e39d7c3c13345c0edc59c028713d96d24e41","f6eb7e3abc4d57037d460b5d9659e39d7c3c13345c0edc59c028713d96d24e41"
"3590","MAR20_3506.jpg","MAR20_3506.txt","e5b07615d86c888b7ddfc9079ad361d899da4ddce24e105fcbd0e29342d3ab8a","e5b07615d86c888b7ddfc9079ad361d899da4ddce24e105fcbd0e29342d3ab8a"
"3592","MAR20_3508.jpg","MAR20_3508.txt","121d7dff0f24c75574c73edd7766d8ebb1309fafddb541b8828f850d6eebfe3f","121d7dff0f24c75574c73edd7766d8ebb1309fafddb541b8828f850d6eebfe3f"
"3594","MAR20_3510.jpg","MAR20_3510.txt","b787d9c0a155476a9cdb965924acf6450e773d4ca26bd153fdd2f5d41385fded","b787d9c0a155476a9cdb965924acf6450e773d4ca26bd153fdd2f5d41385fded"
"3600","MAR20_3517.jpg","MAR20_3517.txt","8cbadb7f015f55df09be7f3f338a49eb0167be8c849e82bab86778d33b36d4f8","8cbadb7f015f55df09be7f3f338a49eb0167be8c849e82bab86778d33b36d4f8"
"3601","MAR20_3518.jpg","MAR20_3518.txt","d8430c1b76748546fdbc90b9cca9fc29a4f9f1e7715d3bbdadde2e3f732721f9","d8430c1b76748546fdbc90b9cca9fc29a4f9f1e7715d3bbdadde2e3f732721f9"
"3602","MAR20_3519.jpg","MAR20_3519.txt","7c85b84fc72229a35a3906e76d5aea20ff036ce0bb743cda223852f553da279f","7c85b84fc72229a35a3906e76d5aea20ff036ce0bb743cda223852f553da279f"
"3605","MAR20_3521.jpg","MAR20_3521.txt","282999b8425b80589153da9b11790165036732c2278b91fe035b03691684132e","282999b8425b80589153da9b11790165036732c2278b91fe035b03691684132e"
"3610","MAR20_3529.jpg","MAR20_3529.txt","54cc3ffe572a8bfba6ae548cf2815338c64fe9d8c15db66aa6cc1a4f5c289264","54cc3ffe572a8bfba6ae548cf2815338c64fe9d8c15db66aa6cc1a4f5c289264"
"3613","MAR20_3531.jpg","MAR20_3531.txt","a3946e273e2bd85d54fce2d3c82e9fb1ee488dcda7d33ade616344a1adacc5f5","a3946e273e2bd85d54fce2d3c82e9fb1ee488dcda7d33ade616344a1adacc5f5"
"3622","MAR20_3540.jpg","MAR20_3540.txt","b68502fa651f8420d4f4573571598e95c96f8b752af6573587243ca1a4f4223b","b68502fa651f8420d4f4573571598e95c96f8b752af6573587243ca1a4f4223b"
"3627","MAR20_3546.jpg","MAR20_3546.txt","158c5ff490598e824a7a6490477fb4c894b930af4c97129f6e45c13f7e6840e4","158c5ff490598e824a7a6490477fb4c894b930af4c97129f6e45c13f7e6840e4"
"3628","MAR20_3547.jpg","MAR20_3547.txt","70b2b65f49ffaf410f58addf5b5702e399b7a1a6c0b7a3db4c37dcb62e194b9a","70b2b65f49ffaf410f58addf5b5702e399b7a1a6c0b7a3db4c37dcb62e194b9a"
"3638","MAR20_3559.jpg","MAR20_3559.txt","31376850493129eae2723b794fdb12694b2e004e6ec6d999b6b077b402f2fc55","31376850493129eae2723b794fdb12694b2e004e6ec6d999b6b077b402f2fc55"
"3642","MAR20_3563.jpg","MAR20_3563.txt","1bc341b17dc609afcd53641580a3f742743303ef61b02da30c3606c5210be5c4","1bc341b17dc609afcd53641580a3f742743303ef61b02da30c3606c5210be5c4"
"3655","MAR20_3577.jpg","MAR20_3577.txt","11cc303abe76645efa778662655240bbdca17c5e50146f775b8fc28dea76d998","11cc303abe76645efa778662655240bbdca17c5e50146f775b8fc28dea76d998"
"3664","MAR20_3586.jpg","MAR20_3586.txt","54fed4e2ccb3891f04c3a91c39d7dc1285634d91483e910f1904cfa631e6421d","54fed4e2ccb3891f04c3a91c39d7dc1285634d91483e910f1904cfa631e6421d"
"3665","MAR20_3587.jpg","MAR20_3587.txt","35a6fe4e457e08117fffb9750225f9def6a788e6cf2cfaf44bec47fea2af5f03","35a6fe4e457e08117fffb9750225f9def6a788e6cf2cfaf44bec47fea2af5f03"
"3673","MAR20_3596.jpg","MAR20_3596.txt","043d0f812f6f372ee6dd8a4fb3764f954dcba818892076cbf0201ed1dbee0ce0","043d0f812f6f372ee6dd8a4fb3764f954dcba818892076cbf0201ed1dbee0ce0"
"3683","MAR20_3605.jpg","MAR20_3605.txt","97afb5e3fddc36a06150a19ecf75999864707e23b9d186e326b9493e562367f9","97afb5e3fddc36a06150a19ecf75999864707e23b9d186e326b9493e562367f9"
"3696","MAR20_3621.jpg","MAR20_3621.txt","b4402206d9995b4c5952ee9f14fb22123d3dcabe8fffa1058b9e954bc7b28b5b","b4402206d9995b4c5952ee9f14fb22123d3dcabe8fffa1058b9e954bc7b28b5b"
"3698","MAR20_3624.jpg","MAR20_3624.txt","40fe7b3ff92b12e20616a86bd682723c975fe7aa5b4a09ea3cdbf8c21a7e2b77","40fe7b3ff92b12e20616a86bd682723c975fe7aa5b4a09ea3cdbf8c21a7e2b77"
"3699","MAR20_3625.jpg","MAR20_3625.txt","5f159ad69c52ffd16b9ff0e47a42c35441470b17032ae99250f771b85011fcb4","5f159ad69c52ffd16b9ff0e47a42c35441470b17032ae99250f771b85011fcb4"
"3700","MAR20_3626.jpg","MAR20_3626.txt","bcffa5a25e0b6a25d0237b3e02d5e44c594dadd446744c12c4fe912f90ede8e6","bcffa5a25e0b6a25d0237b3e02d5e44c594dadd446744c12c4fe912f90ede8e6"
"3706","MAR20_3634.jpg","MAR20_3634.txt","f970b67625b276385d6fcd00d23f6e914cd785c1885f39edb1e52173a7cf5329","f970b67625b276385d6fcd00d23f6e914cd785c1885f39edb1e52173a7cf5329"
"3708","MAR20_3636.jpg","MAR20_3636.txt","49256faf1232e4d973669a2afb511cef8bd9350a057f2b0ea8d829088d5bdf0a","49256faf1232e4d973669a2afb511cef8bd9350a057f2b0ea8d829088d5bdf0a"
"3709","MAR20_3637.jpg","MAR20_3637.txt","d962201d8b8facb06ddb4daf1e5e6627fd42dcd663b134b78717f33195a6a78a","d962201d8b8facb06ddb4daf1e5e6627fd42dcd663b134b78717f33195a6a78a"
"3710","MAR20_3639.jpg","MAR20_3639.txt","f891d37ad4747896914a26a8570f2e722378e6b0da60e4e1195962e648a0602c","f891d37ad4747896914a26a8570f2e722378e6b0da60e4e1195962e648a0602c"
"3713","MAR20_3642.jpg","MAR20_3642.txt","71423a8f5abfce226c4e943ce45763cc8572e0000d07d794a6d1bc149e462592","71423a8f5abfce226c4e943ce45763cc8572e0000d07d794a6d1bc149e462592"
"3720","MAR20_3653.jpg","MAR20_3653.txt","94c698de577b76d51df0a5657de6dc62780fd500d6423c1da40e1893b0cf72e5","94c698de577b76d51df0a5657de6dc62780fd500d6423c1da40e1893b0cf72e5"
"3725","MAR20_366.jpg","MAR20_366.txt","45fb835de8146d95426eb53182bc9f77e25cd2a5f3b0ac700f0016edc256707a","45fb835de8146d95426eb53182bc9f77e25cd2a5f3b0ac700f0016edc256707a"
"3729","MAR20_3663.jpg","MAR20_3663.txt","16482c9c8ed19f379f8a73ff1b6b00aaa8183ae02f5269984dce406631279b6a","16482c9c8ed19f379f8a73ff1b6b00aaa8183ae02f5269984dce406631279b6a"
"3731","MAR20_3665.jpg","MAR20_3665.txt","5fb683918b55ce9f3963ea317e0156846ecf26b94cd7caf0c1900b4ab37118b5","5fb683918b55ce9f3963ea317e0156846ecf26b94cd7caf0c1900b4ab37118b5"
"3736","MAR20_3670.jpg","MAR20_3670.txt","116920c52a8099b89474955be688a5b3c6d60fb092b1a73ef67b65254a043666","116920c52a8099b89474955be688a5b3c6d60fb092b1a73ef67b65254a043666"
"3737","MAR20_3671.jpg","MAR20_3671.txt","18ec2ce0785518ca211d7064592f36fffef7746090d012fbfd9a16e226fdfc3e","18ec2ce0785518ca211d7064592f36fffef7746090d012fbfd9a16e226fdfc3e"
"3746","MAR20_3682.jpg","MAR20_3682.txt","fe27929f57859a012acc1788026f091208353881c91f6cbded1af6bfe6452f98","fe27929f57859a012acc1788026f091208353881c91f6cbded1af6bfe6452f98"
"3749","MAR20_3685.jpg","MAR20_3685.txt","bf9345f9b95cf53cd412a487751032dec57836a327c93c87b0cdde0ea0f58b66","bf9345f9b95cf53cd412a487751032dec57836a327c93c87b0cdde0ea0f58b66"
"3750","MAR20_3686.jpg","MAR20_3686.txt","964858af5faa5760e2d12b3b9ff50842a05f2dfab32cd26513b7854d1201eced","964858af5faa5760e2d12b3b9ff50842a05f2dfab32cd26513b7854d1201eced"
"3757","MAR20_3692.jpg","MAR20_3692.txt","7c652d397bdb7a9f03e51702f513da43be9600bc2d052dacdf8686990e538e9c","7c652d397bdb7a9f03e51702f513da43be9600bc2d052dacdf8686990e538e9c"
"3759","MAR20_3694.jpg","MAR20_3694.txt","8ee2e0610f6e819086407c758c2582bb4aa0b090a19d1619df2aad5dc61e3684","8ee2e0610f6e819086407c758c2582bb4aa0b090a19d1619df2aad5dc61e3684"
"3760","MAR20_3695.jpg","MAR20_3695.txt","f1119dfd5c84c8fd56c7f49b21f3feef0e9b562d1357fce08c838fe683efa6ee","f1119dfd5c84c8fd56c7f49b21f3feef0e9b562d1357fce08c838fe683efa6ee"
"3761","MAR20_3696.jpg","MAR20_3696.txt","7b9d9d62af4fd441dcd56e9ca7fa169183b545cf1d389aedebd0a93a6391bb75","7b9d9d62af4fd441dcd56e9ca7fa169183b545cf1d389aedebd0a93a6391bb75"
"3765","MAR20_37.jpg","MAR20_37.txt","cd65166197519c1f972431c4e1033359c9c5689618d2d82bd27ec77df9f7dc57","cd65166197519c1f972431c4e1033359c9c5689618d2d82bd27ec77df9f7dc57"
"3774","MAR20_371.jpg","MAR20_371.txt","15ba09c520272c5e2f7baabde08779e260447a8068f630e6d3c27f78a1dc4cb2","15ba09c520272c5e2f7baabde08779e260447a8068f630e6d3c27f78a1dc4cb2"
"3777","MAR20_3713.jpg","MAR20_3713.txt","6076e34b87c08b7a452116bf52fbfbf1f0b0e937366d7610d84f825e06baf4d2","6076e34b87c08b7a452116bf52fbfbf1f0b0e937366d7610d84f825e06baf4d2"
"3778","MAR20_3714.jpg","MAR20_3714.txt","aa5b491373dd97db1ac42d62a4103069a7b16f9c8aaf073809fb5541a9c7da5c","aa5b491373dd97db1ac42d62a4103069a7b16f9c8aaf073809fb5541a9c7da5c"
"3783","MAR20_3719.jpg","MAR20_3719.txt","f9661c35f56f81e1a407cddc47f6de6c2aeb8969cf9e1be23b9bfae279befeb5","f9661c35f56f81e1a407cddc47f6de6c2aeb8969cf9e1be23b9bfae279befeb5"
"3786","MAR20_3723.jpg","MAR20_3723.txt","ee9d50a409b5961fe5dce8986c789b39fe03f237c79395e125174253bda8385f","ee9d50a409b5961fe5dce8986c789b39fe03f237c79395e125174253bda8385f"
"3795","MAR20_3731.jpg","MAR20_3731.txt","3aa89414f2a834ba43cea014d1beda6ba10988c43a6848b40cc20974267e29fe","3aa89414f2a834ba43cea014d1beda6ba10988c43a6848b40cc20974267e29fe"
"3798","MAR20_3734.jpg","MAR20_3734.txt","78961e557f362a5c263c3ee89636b7f964c65071fa7dee8811f871dbaa637759","78961e557f362a5c263c3ee89636b7f964c65071fa7dee8811f871dbaa637759"
"3800","MAR20_3736.jpg","MAR20_3736.txt","cf67194df487731b0dead6eba9fc516e6102d44a1e0a584d7919ede344d65d79","cf67194df487731b0dead6eba9fc516e6102d44a1e0a584d7919ede344d65d79"
"3806","MAR20_3742.jpg","MAR20_3742.txt","7dfd0e6257be06d3004d11b0415896d574cdca4ee041259bf58942e26b1415bb","7dfd0e6257be06d3004d11b0415896d574cdca4ee041259bf58942e26b1415bb"
"3809","MAR20_3745.jpg","MAR20_3745.txt","5e63b7e9aae8e79db9bbf2819fd259142ef5d1e4a3867744a03622aa64108e29","5e63b7e9aae8e79db9bbf2819fd259142ef5d1e4a3867744a03622aa64108e29"
"3811","MAR20_3747.jpg","MAR20_3747.txt","ba4a79ea200eb79fdf0852e0c89de09362cf061f35f9fc21fbca8886a825ccf3","ba4a79ea200eb79fdf0852e0c89de09362cf061f35f9fc21fbca8886a825ccf3"
"3815","MAR20_3750.jpg","MAR20_3750.txt","434e4ce6c41da3eacdf5082402cceeb9dc608806348d3864e976e6870a37890f","434e4ce6c41da3eacdf5082402cceeb9dc608806348d3864e976e6870a37890f"
"3820","MAR20_3756.jpg","MAR20_3756.txt","ea8cefcc3634e89e52c9ac6b30110ed0d01a2ac3b9a85efe084254bbda3fba22","ea8cefcc3634e89e52c9ac6b30110ed0d01a2ac3b9a85efe084254bbda3fba22"
"3822","MAR20_3758.jpg","MAR20_3758.txt","4501544215905b9796062a40b2f8fc5993dcbe411f976725a44a2302913a366c","4501544215905b9796062a40b2f8fc5993dcbe411f976725a44a2302913a366c"
"3824","MAR20_3760.jpg","MAR20_3760.txt","d5549048d424e8b317dcc164dea4387e00d7adfc8888758d3034776385ae49a9","d5549048d424e8b317dcc164dea4387e00d7adfc8888758d3034776385ae49a9"
"3825","MAR20_3761.jpg","MAR20_3761.txt","9593c59b0bec77a59b241539808b8c89586a69b6e08e87f5dbdd29c6ee315b9a","9593c59b0bec77a59b241539808b8c89586a69b6e08e87f5dbdd29c6ee315b9a"
"3834","MAR20_3770.jpg","MAR20_3770.txt","8aac5dcfa4669909dfabefd489a8e122c8bdb480d171c2365a176b3d110f4454","8aac5dcfa4669909dfabefd489a8e122c8bdb480d171c2365a176b3d110f4454"
"3842","MAR20_378.jpg","MAR20_378.txt","9490f8e91a42cf68ea1176b779eff20d2d484c201b5507eb0311b6b2a3d6da99","9490f8e91a42cf68ea1176b779eff20d2d484c201b5507eb0311b6b2a3d6da99"
"3846","MAR20_3784.jpg","MAR20_3784.txt","0b5a0d9fb0a9df706b4e865029d7a7e1e979035b0165ef8b21a10dea322d7aa0","0b5a0d9fb0a9df706b4e865029d7a7e1e979035b0165ef8b21a10dea322d7aa0"
"3863","MAR20_3804.jpg","MAR20_3804.txt","389234c7ded9b239342ef6c00f4a7c7cb0bc24d72cb17c95996d8a48fd764c65","389234c7ded9b239342ef6c00f4a7c7cb0bc24d72cb17c95996d8a48fd764c65"
"3866","MAR20_3808.jpg","MAR20_3808.txt","014471712f5dd3cd15a5c1432884ee7741b0402dcbf2ec3cbaeec3ff345eb299","014471712f5dd3cd15a5c1432884ee7741b0402dcbf2ec3cbaeec3ff345eb299"
"3877","MAR20_382.jpg","MAR20_382.txt","6d3f4590392fdfe587507fba3d8cc22c93b9847829ef87ba84cb5e82010960ce","6d3f4590392fdfe587507fba3d8cc22c93b9847829ef87ba84cb5e82010960ce"
"3887","MAR20_3831.jpg","MAR20_3831.txt","faeda05054a0b70652b53102c6ef1a7053d97ac7b22a2c430d37b7ed10311d19","faeda05054a0b70652b53102c6ef1a7053d97ac7b22a2c430d37b7ed10311d19"
"3892","MAR20_3838.jpg","MAR20_3838.txt","05b3462aaadcbf49a489099724fdbadfce4dc12a717dac25b6705c072325417d","05b3462aaadcbf49a489099724fdbadfce4dc12a717dac25b6705c072325417d"
"3906","MAR20_397.jpg","MAR20_397.txt","ad70ef797e566b306e6dbdac4bb85fd69dd956aea3ab01e35ece23d197bfbe2e","ad70ef797e566b306e6dbdac4bb85fd69dd956aea3ab01e35ece23d197bfbe2e"
"3909","MAR20_40.jpg","MAR20_40.txt","5bf7ae8b7c44201965882f90fb6e940e377d023b2608fa8b2d83ee1ee14c0301","5bf7ae8b7c44201965882f90fb6e940e377d023b2608fa8b2d83ee1ee14c0301"
"3910","MAR20_400.jpg","MAR20_400.txt","9923fb9123d165fb36247e5cb6c2f5230fdfc50cd654a6ce4376830fcce3eec5","9923fb9123d165fb36247e5cb6c2f5230fdfc50cd654a6ce4376830fcce3eec5"
"3924","MAR20_418.jpg","MAR20_418.txt","2848a4da669c890b6bb3341345aa5d9a67e2d4c32af90eb9a6faa5679372fa48","2848a4da669c890b6bb3341345aa5d9a67e2d4c32af90eb9a6faa5679372fa48"
"3928","MAR20_423.jpg","MAR20_423.txt","a91d8f96524b916b7dc8afd391c537a598e3ab7fd3365a53c39bb18be2ace2c4","a91d8f96524b916b7dc8afd391c537a598e3ab7fd3365a53c39bb18be2ace2c4"
"3930","MAR20_425.jpg","MAR20_425.txt","bc682a49c1457a338410c25bae0f6bccc14a4881139b379299331742502af2d2","bc682a49c1457a338410c25bae0f6bccc14a4881139b379299331742502af2d2"
"3935","MAR20_430.jpg","MAR20_430.txt","8fde7166e424d558bcde545966144725e172f67d5c03e31a49b790a914de21ea","8fde7166e424d558bcde545966144725e172f67d5c03e31a49b790a914de21ea"
"3941","MAR20_437.jpg","MAR20_437.txt","782cd63cc81f000497e07f22539d611ace5dcb8ccbb02d0e4219e8d4e0fddb9d","782cd63cc81f000497e07f22539d611ace5dcb8ccbb02d0e4219e8d4e0fddb9d"
"3944","MAR20_440.jpg","MAR20_440.txt","9a32d6257d26927c76c359da712e2593e5b5c638e24fd2f633dc1743bc85cd32","9a32d6257d26927c76c359da712e2593e5b5c638e24fd2f633dc1743bc85cd32"
"3946","MAR20_442.jpg","MAR20_442.txt","c328b3b9182dff2bc83a0b2372891c10679e30a665c382fa83ccbe1318ad2fbb","c328b3b9182dff2bc83a0b2372891c10679e30a665c382fa83ccbe1318ad2fbb"
"3947","MAR20_443.jpg","MAR20_443.txt","95fc95fd0d8f9331a3e2af5170af2ec09a3f2365a81707bf5c8ece2da34f7a20","95fc95fd0d8f9331a3e2af5170af2ec09a3f2365a81707bf5c8ece2da34f7a20"
"3948","MAR20_444.jpg","MAR20_444.txt","9a9baa398fd884fc93e6bc5b63d004b38458ead518668a8bfd893bbd918931a2","9a9baa398fd884fc93e6bc5b63d004b38458ead518668a8bfd893bbd918931a2"
"3949","MAR20_445.jpg","MAR20_445.txt","5af0a70f683f2509dde6b01d7f5d857d21d81f6de25d8d3187ddba781b0a7a14","5af0a70f683f2509dde6b01d7f5d857d21d81f6de25d8d3187ddba781b0a7a14"
"3952","MAR20_450.jpg","MAR20_450.txt","d0139a31858676e433af712b363bc58cd65519fc3d9b6fe4eff2d3a5bcb4a2a8","d0139a31858676e433af712b363bc58cd65519fc3d9b6fe4eff2d3a5bcb4a2a8"
"3963","MAR20_468.jpg","MAR20_468.txt","99e4ff714c6dd99c94170d6f19aa5f042219a7ae651d210a0590cfaffbfdb427","99e4ff714c6dd99c94170d6f19aa5f042219a7ae651d210a0590cfaffbfdb427"
"3970","MAR20_474.jpg","MAR20_474.txt","e961064f33e91de3d3d94e696eecdafe5aee627c666e6a2e1790104d9aa1d002","e961064f33e91de3d3d94e696eecdafe5aee627c666e6a2e1790104d9aa1d002"
"3974","MAR20_480.jpg","MAR20_480.txt","3836cba397bbfb8974df9ded1804a612fe8b2de8008fb475a989e9b83cc05e6e","3836cba397bbfb8974df9ded1804a612fe8b2de8008fb475a989e9b83cc05e6e"
"3977","MAR20_483.jpg","MAR20_483.txt","43058f971def4371f9ab0c5cf591ca2f8e34e7a1f45aa627bb1ffd8d678dc0f9","43058f971def4371f9ab0c5cf591ca2f8e34e7a1f45aa627bb1ffd8d678dc0f9"
"3980","MAR20_486.jpg","MAR20_486.txt","2b4facdda36c561fc290945b0630d71a1bf3324fc2494cac39a8c84c15ab78f8","2b4facdda36c561fc290945b0630d71a1bf3324fc2494cac39a8c84c15ab78f8"
"3982","MAR20_49.jpg","MAR20_49.txt","4c8bc31af6e1454b7e8a8e8d7272feac92b68386c61dad9c521833fffa11cb5a","4c8bc31af6e1454b7e8a8e8d7272feac92b68386c61dad9c521833fffa11cb5a"
"3985","MAR20_492.jpg","MAR20_492.txt","9e708a7319466f25b2f3867990a77077641c804aed4f08481abdb9dffcb0652b","9e708a7319466f25b2f3867990a77077641c804aed4f08481abdb9dffcb0652b"
"3990","MAR20_499.jpg","MAR20_499.txt","12009ba468e26ecf455d69ec48df8f3030b80f46e58b60e61bf32d65aa883bc6","12009ba468e26ecf455d69ec48df8f3030b80f46e58b60e61bf32d65aa883bc6"
"3994","MAR20_502.jpg","MAR20_502.txt","c7de56d9def79a4b6927a4cfc1f5d2dfe574dc57940c7a96d7fafda81488e86b","c7de56d9def79a4b6927a4cfc1f5d2dfe574dc57940c7a96d7fafda81488e86b"
"4000","MAR20_508.jpg","MAR20_508.txt","123f14be7c4d13ff32674a087edf16f42d91bf3340fdc55d330f3c4d8e1565c1","123f14be7c4d13ff32674a087edf16f42d91bf3340fdc55d330f3c4d8e1565c1"
"4001","MAR20_509.jpg","MAR20_509.txt","566bb72b363fad7c0ab01cb64d4756084c6b7341a1e0d36475263cadf47a5477","566bb72b363fad7c0ab01cb64d4756084c6b7341a1e0d36475263cadf47a5477"
"4002","MAR20_51.jpg","MAR20_51.txt","0f4f6529e95dc0a3a50ca423001e335abb4b2e393c4808066e5bd3155250455e","0f4f6529e95dc0a3a50ca423001e335abb4b2e393c4808066e5bd3155250455e"
"4004","MAR20_512.jpg","MAR20_512.txt","4a00194e75113827565a97ea31424bd9c989feda02056e255d2d44e8c02fca57","4a00194e75113827565a97ea31424bd9c989feda02056e255d2d44e8c02fca57"
"4006","MAR20_514.jpg","MAR20_514.txt","03a49d7aee6e19d5a62ab60fd05b525455825f02230bcc0d2ccbe88e3e55a0d4","03a49d7aee6e19d5a62ab60fd05b525455825f02230bcc0d2ccbe88e3e55a0d4"
"4011","MAR20_519.jpg","MAR20_519.txt","7966f15219774ef97585ad435c6559de331badf9b5aefe56cc657712357273bc","7966f15219774ef97585ad435c6559de331badf9b5aefe56cc657712357273bc"
"4014","MAR20_523.jpg","MAR20_523.txt","d91717e15cb5903a2e87082e450d070e8e5ad9dfc447403c514cc965e502cfa3","d91717e15cb5903a2e87082e450d070e8e5ad9dfc447403c514cc965e502cfa3"
"4015","MAR20_524.jpg","MAR20_524.txt","f1c792c90927e5f6ce7f9702d73fc5b8058c54960467b370d5e377181bfc967d","f1c792c90927e5f6ce7f9702d73fc5b8058c54960467b370d5e377181bfc967d"
"4019","MAR20_529.jpg","MAR20_529.txt","397dfb00331f3497890482dbb05e99f0befc959dee4faa78ccdeb5498dc1ffd3","397dfb00331f3497890482dbb05e99f0befc959dee4faa78ccdeb5498dc1ffd3"
"4020","MAR20_530.jpg","MAR20_530.txt","c07ff5e5ceddfb512ac7d2fdde5a40b2caf000ce9b2533486f198837ba79e724","c07ff5e5ceddfb512ac7d2fdde5a40b2caf000ce9b2533486f198837ba79e724"
"4025","MAR20_536.jpg","MAR20_536.txt","0cb6400793b5c9f4c7d1bc3ae2da4f17a0b7d81a49d120f371a1919cc086ecb2","0cb6400793b5c9f4c7d1bc3ae2da4f17a0b7d81a49d120f371a1919cc086ecb2"
"4029","MAR20_541.jpg","MAR20_541.txt","1c707cafdcc920857ae4036a82141c6b8d7a104b0a4eb9279b49d8b5f256e3b7","1c707cafdcc920857ae4036a82141c6b8d7a104b0a4eb9279b49d8b5f256e3b7"
"4034","MAR20_549.jpg","MAR20_549.txt","f9926cfba962426123908ad432b2bc18df381e0dbcb057fb47861d1651459b92","f9926cfba962426123908ad432b2bc18df381e0dbcb057fb47861d1651459b92"
"4045","MAR20_562.jpg","MAR20_562.txt","cc86b9bd11e666694e15de40abfdbc0359c16da84ef64021116e3a2437da2159","cc86b9bd11e666694e15de40abfdbc0359c16da84ef64021116e3a2437da2159"
"4055","MAR20_573.jpg","MAR20_573.txt","651f89214f2524f41d5aa31022ac798e325db7065819011296a0db4c5e39b0aa","651f89214f2524f41d5aa31022ac798e325db7065819011296a0db4c5e39b0aa"
"4059","MAR20_578.jpg","MAR20_578.txt","b164126198f36f1037d0b17e01b8cad978e57d67a8d7ff651ebc6ac408b44812","b164126198f36f1037d0b17e01b8cad978e57d67a8d7ff651ebc6ac408b44812"
"4060","MAR20_579.jpg","MAR20_579.txt","00f5896a5b73731ab818d04e024b9749c6debccd1858887a288341d821a28d7b","00f5896a5b73731ab818d04e024b9749c6debccd1858887a288341d821a28d7b"
"4062","MAR20_581.jpg","MAR20_581.txt","79f25cfbc0ccd2847222f6b4b3c3c9de8d2f5b1bed98f0d6e7992acf66a5dbd1","79f25cfbc0ccd2847222f6b4b3c3c9de8d2f5b1bed98f0d6e7992acf66a5dbd1"
"4070","MAR20_59.jpg","MAR20_59.txt","0c75e004f4828ed0817e6cca4a42b47ee4c006ea80ae5af332be881424da332f","0c75e004f4828ed0817e6cca4a42b47ee4c006ea80ae5af332be881424da332f"
"4078","MAR20_598.jpg","MAR20_598.txt","e08fc44e0fc2d617603931c8f8569b3d003fd798caf8a4100e71b9ef426779a0","e08fc44e0fc2d617603931c8f8569b3d003fd798caf8a4100e71b9ef426779a0"
"4080","MAR20_60.jpg","MAR20_60.txt","a950c242e408d1b2310b289b839a4768f397e987cdaf45fb1c572de534b9c3d7","a950c242e408d1b2310b289b839a4768f397e987cdaf45fb1c572de534b9c3d7"
"4084","MAR20_608.jpg","MAR20_608.txt","2c7a6279e92ca73a8b1bc8c53333fdb90d51cda4d100582ddff8955909ae3e4c","2c7a6279e92ca73a8b1bc8c53333fdb90d51cda4d100582ddff8955909ae3e4c"
"4091","MAR20_614.jpg","MAR20_614.txt","62ebf01bb51e0cc922173a24380781dd8e439fc645456492748ae0c84e093491","62ebf01bb51e0cc922173a24380781dd8e439fc645456492748ae0c84e093491"
"4094","MAR20_617.jpg","MAR20_617.txt","45e4ff73af90d87a5339a5a49d90f0b298b062a94e47f4b3a23d02a6183a040e","45e4ff73af90d87a5339a5a49d90f0b298b062a94e47f4b3a23d02a6183a040e"
"4096","MAR20_62.jpg","MAR20_62.txt","39b06bf36e2e9900b71c37ea044c264e9aadfe2fd48ff9a580129c26c2bcdf2e","39b06bf36e2e9900b71c37ea044c264e9aadfe2fd48ff9a580129c26c2bcdf2e"
"4099","MAR20_622.jpg","MAR20_622.txt","651a0a90fab1f943c2869ecf3643f301663ca7b9c57960ab2b9f412f87982690","651a0a90fab1f943c2869ecf3643f301663ca7b9c57960ab2b9f412f87982690"
"4100","MAR20_623.jpg","MAR20_623.txt","89efcbf2e3910da9e5d9aacf3f635371e35e75962cd0698863aae78a74e19bc3","89efcbf2e3910da9e5d9aacf3f635371e35e75962cd0698863aae78a74e19bc3"
"4107","MAR20_632.jpg","MAR20_632.txt","3df9f49584a88fe247c0eb34312859e1bfe02b789a5d114ca58c35e816cc957d","3df9f49584a88fe247c0eb34312859e1bfe02b789a5d114ca58c35e816cc957d"
"4112","MAR20_638.jpg","MAR20_638.txt","0ccfc5a66b07863808d86cef4487229309ef23c8fb698709a45d6f5de0f62bef","0ccfc5a66b07863808d86cef4487229309ef23c8fb698709a45d6f5de0f62bef"
"4127","MAR20_652.jpg","MAR20_652.txt","b005536f2b2ef194da4762af624a134fe481d57b79340206c3dcfe99acd950c7","b005536f2b2ef194da4762af624a134fe481d57b79340206c3dcfe99acd950c7"
"4134","MAR20_661.jpg","MAR20_661.txt","c6b71b544008641e46b5de1b78f8fc9e4ba51111fc42364001b2979d2ccd5652","c6b71b544008641e46b5de1b78f8fc9e4ba51111fc42364001b2979d2ccd5652"
"4136","MAR20_663.jpg","MAR20_663.txt","b2a8eccb0a6c66d3d5331bd472f52d633f19e21d5713bbaf905b4a0a0f9e1d89","b2a8eccb0a6c66d3d5331bd472f52d633f19e21d5713bbaf905b4a0a0f9e1d89"
"4142","MAR20_669.jpg","MAR20_669.txt","a93b47a9fd9dcc73274c369c5ae745da46f891eedfc75afc7fbb20f46054a385","a93b47a9fd9dcc73274c369c5ae745da46f891eedfc75afc7fbb20f46054a385"
"4145","MAR20_671.jpg","MAR20_671.txt","ef3481ab3565b29d2f92b395eb07f42667703bdfa7096f3119a578c5e81f17c4","ef3481ab3565b29d2f92b395eb07f42667703bdfa7096f3119a578c5e81f17c4"
"4147","MAR20_674.jpg","MAR20_674.txt","8ec9d1ed13ccc9bb4ae924502eb7ab3d43c739296a273d6a37619748af23666a","8ec9d1ed13ccc9bb4ae924502eb7ab3d43c739296a273d6a37619748af23666a"
"4149","MAR20_678.jpg","MAR20_678.txt","4427bda7b3f8d6f7bfd87b24b96ed4436571c99e64a839b77703a81b1dad9f18","4427bda7b3f8d6f7bfd87b24b96ed4436571c99e64a839b77703a81b1dad9f18"
"4150","MAR20_682.jpg","MAR20_682.txt","ec7e899dd1d8bf63a07e1c201a7cc769956cdeab9c5efc2f1b81e0b1d7dea709","ec7e899dd1d8bf63a07e1c201a7cc769956cdeab9c5efc2f1b81e0b1d7dea709"
"4185","MAR20_72.jpg","MAR20_72.txt","01d442e124545f0ee370514dd2cadbf3a48f03d572cf656514f737b90eeb4211","01d442e124545f0ee370514dd2cadbf3a48f03d572cf656514f737b90eeb4211"
"4187","MAR20_721.jpg","MAR20_721.txt","a2f80bed7f39dd7b1ac50174cbfac8aa517f2187734b82bf30f0e93c614b4691","a2f80bed7f39dd7b1ac50174cbfac8aa517f2187734b82bf30f0e93c614b4691"
"4194","MAR20_73.jpg","MAR20_73.txt","3499ff4201878e1dcc26aa345a2b36c5af351ae29cb244c1d860f3f35c4a23fc","3499ff4201878e1dcc26aa345a2b36c5af351ae29cb244c1d860f3f35c4a23fc"
"4198","MAR20_733.jpg","MAR20_733.txt","a314937d3c0e48138f37f9dabfb077cddd09fa4b61cae9252bbddb41438478b5","a314937d3c0e48138f37f9dabfb077cddd09fa4b61cae9252bbddb41438478b5"
"4207","MAR20_741.jpg","MAR20_741.txt","7890bd381558d2359f3e56e74d4aa5dad15bca7b72c0e4ca3ac1c93073624348","7890bd381558d2359f3e56e74d4aa5dad15bca7b72c0e4ca3ac1c93073624348"
"4208","MAR20_742.jpg","MAR20_742.txt","1e3d94355726b9813333085c6f5a21ac4662f534857b9c03ee97333a3d0da3fd","1e3d94355726b9813333085c6f5a21ac4662f534857b9c03ee97333a3d0da3fd"
"4210","MAR20_744.jpg","MAR20_744.txt","36a5ad05c19763727344cb2504fa21c99b8f7f7e59a07fe250bd99997ea0c84b","36a5ad05c19763727344cb2504fa21c99b8f7f7e59a07fe250bd99997ea0c84b"
"4212","MAR20_746.jpg","MAR20_746.txt","ba8573d6121c60c57a82fdad5bb5b32f2456cc42f1fa5495e41f2fb12040064c","ba8573d6121c60c57a82fdad5bb5b32f2456cc42f1fa5495e41f2fb12040064c"
"4213","MAR20_747.jpg","MAR20_747.txt","9b1d3158518459af9c427c3cce100b3f3cb26d76883ffd424012becab978f1ae","9b1d3158518459af9c427c3cce100b3f3cb26d76883ffd424012becab978f1ae"
"4216","MAR20_75.jpg","MAR20_75.txt","52e8fc3107e1f77e02989ae9eff125de542643deb37daad7b301871939c084f3","52e8fc3107e1f77e02989ae9eff125de542643deb37daad7b301871939c084f3"
"4221","MAR20_755.jpg","MAR20_755.txt","5dcd6ac5c252109c61051cbdcb01fdd06e13d3623e6b5dc45bd953d91d2c33a5","5dcd6ac5c252109c61051cbdcb01fdd06e13d3623e6b5dc45bd953d91d2c33a5"
"4223","MAR20_757.jpg","MAR20_757.txt","dffc856c5f15df0c2a5786984d673882d87588182271c29816eb0d9e6f115a47","dffc856c5f15df0c2a5786984d673882d87588182271c29816eb0d9e6f115a47"
"4237","MAR20_778.jpg","MAR20_778.txt","bce7c1d54a4cf4cddba9fa2cf9be16a96fc0d836e9b5194a5933651dc9909e96","bce7c1d54a4cf4cddba9fa2cf9be16a96fc0d836e9b5194a5933651dc9909e96"
"4240","MAR20_780.jpg","MAR20_780.txt","e1a053b3319751b68bd09a900fe1e22ba9f34063523b7987b3b0287d902bb55d","e1a053b3319751b68bd09a900fe1e22ba9f34063523b7987b3b0287d902bb55d"
"4244","MAR20_784.jpg","MAR20_784.txt","76f40e81016037ac13acc1cd3f87e263f3b8da0aa7c6af640192e0d9819bf272","76f40e81016037ac13acc1cd3f87e263f3b8da0aa7c6af640192e0d9819bf272"
"4255","MAR20_797.jpg","MAR20_797.txt","eb63b0e097624f59bb8d162172ebdb143f624638e04e04932cb75c2db41a5280","eb63b0e097624f59bb8d162172ebdb143f624638e04e04932cb75c2db41a5280"
"4256","MAR20_8.jpg","MAR20_8.txt","8e96a09cb9dcf7f95676d7bdc89d3cfaebf8f49d417bec6ec6970ec710d34d18","8e96a09cb9dcf7f95676d7bdc89d3cfaebf8f49d417bec6ec6970ec710d34d18"
"4259","MAR20_801.jpg","MAR20_801.txt","f6aae013ca0911ee8b94092e8ecb22938b9ff54e9fa662b2ad406daf540c9db6","f6aae013ca0911ee8b94092e8ecb22938b9ff54e9fa662b2ad406daf540c9db6"
"4263","MAR20_809.jpg","MAR20_809.txt","081c2e826729444da797771ab66c45d78e5cad91fcc56a7a2534afaa7b04776a","081c2e826729444da797771ab66c45d78e5cad91fcc56a7a2534afaa7b04776a"
"4266","MAR20_811.jpg","MAR20_811.txt","72e8803acb23a75bb9b18dd9aa4648208610effa660745f38566d629714fb02b","72e8803acb23a75bb9b18dd9aa4648208610effa660745f38566d629714fb02b"
"4281","MAR20_83.jpg","MAR20_83.txt","ad0250068e580913210c1bd99ab71c7e7806d4f2ae06f5f9f4ef1f276663dbf5","ad0250068e580913210c1bd99ab71c7e7806d4f2ae06f5f9f4ef1f276663dbf5"
"4287","MAR20_836.jpg","MAR20_836.txt","68bbffb1c5c671e668268cd496e792bb993c79cbda24cc52604d48d10338d7ad","68bbffb1c5c671e668268cd496e792bb993c79cbda24cc52604d48d10338d7ad"
"4291","MAR20_840.jpg","MAR20_840.txt","29c51e4e7a30db5f738a13249aceafbcd6c5032c91ff0beec22f862a23d4ed26","29c51e4e7a30db5f738a13249aceafbcd6c5032c91ff0beec22f862a23d4ed26"
"4292","MAR20_841.jpg","MAR20_841.txt","0b009126c749ba34ab7c852d6f3a0833786690e3cd2b6463895cd9e2833e91db","0b009126c749ba34ab7c852d6f3a0833786690e3cd2b6463895cd9e2833e91db"
"4304","MAR20_856.jpg","MAR20_856.txt","d8bd58522ffa412de12a01c830ad01cb107c0b1363003be7597c60671106089f","d8bd58522ffa412de12a01c830ad01cb107c0b1363003be7597c60671106089f"
"4305","MAR20_857.jpg","MAR20_857.txt","d0d059dba3070e3fd7e002d2c4a400534e5d55e4f16eb40937abbfd51454d36b","d0d059dba3070e3fd7e002d2c4a400534e5d55e4f16eb40937abbfd51454d36b"
"4308","MAR20_86.jpg","MAR20_86.txt","156cb40bd17ddee1b369aca916e6e0ca5bf95e1086e00b49a965dc5fe08abb2d","156cb40bd17ddee1b369aca916e6e0ca5bf95e1086e00b49a965dc5fe08abb2d"
"4315","MAR20_867.jpg","MAR20_867.txt","bfd4462acb1658ecbfc71c8b578105a5ed68fa1cd1e9fc406b2b93c2946db22c","bfd4462acb1658ecbfc71c8b578105a5ed68fa1cd1e9fc406b2b93c2946db22c"
"4317","MAR20_869.jpg","MAR20_869.txt","13752e8ab2efd22e4ba482a2f3bc91d3f4e3b5cc68ccf220926fc706299ca81b","13752e8ab2efd22e4ba482a2f3bc91d3f4e3b5cc68ccf220926fc706299ca81b"
"4319","MAR20_871.jpg","MAR20_871.txt","1bf856534958dfedd93c4647050133ccea2475581dd298c186402c01908ce279","1bf856534958dfedd93c4647050133ccea2475581dd298c186402c01908ce279"
"4323","MAR20_875.jpg","MAR20_875.txt","78c006168f9a45cddb934db4f9b069595b3c8d5ce32e56531f15d22fff50a398","78c006168f9a45cddb934db4f9b069595b3c8d5ce32e56531f15d22fff50a398"
"4329","MAR20_881.jpg","MAR20_881.txt","e7cd377908098dda2793e85673e87250ea866dbfbf0a1447233f81a29fdb910c","e7cd377908098dda2793e85673e87250ea866dbfbf0a1447233f81a29fdb910c"
"4336","MAR20_891.jpg","MAR20_891.txt","b69ecd7f471b4a42029ceb15214d24c9a4985b542ca936c9f2264098c9a7b8a8","b69ecd7f471b4a42029ceb15214d24c9a4985b542ca936c9f2264098c9a7b8a8"
"4340","MAR20_896.jpg","MAR20_896.txt","572c408832f3319ead6ac37b610ca2f8f494668fc2a515959d1f98a24b414e05","572c408832f3319ead6ac37b610ca2f8f494668fc2a515959d1f98a24b414e05"
"4344","MAR20_9.jpg","MAR20_9.txt","d40d964284fc3e4b5afec7b4293a0cc4eee73896dc354170d1dcf0d4d0b73507","d40d964284fc3e4b5afec7b4293a0cc4eee73896dc354170d1dcf0d4d0b73507"
"4350","MAR20_904.jpg","MAR20_904.txt","6ab6fa38c002e32bc0a3690c64cf8faca95e6b4a4fc938a4ba4ba9f0f5c73f8f","6ab6fa38c002e32bc0a3690c64cf8faca95e6b4a4fc938a4ba4ba9f0f5c73f8f"
"4362","MAR20_916.jpg","MAR20_916.txt","aab04a63825e29ca5c57f1da84666883963a0f4c9b8f3bdd0a9d79751275d811","aab04a63825e29ca5c57f1da84666883963a0f4c9b8f3bdd0a9d79751275d811"
"4368","MAR20_921.jpg","MAR20_921.txt","a7bc542806a73f8fe879fa368438399d356852c0c88bc113cea205386270fb60","a7bc542806a73f8fe879fa368438399d356852c0c88bc113cea205386270fb60"
"4371","MAR20_925.jpg","MAR20_925.txt","9013fa67317f153d6aa4a0fc20e37b529fcc89335c6b7900d625562ed4dd5107","9013fa67317f153d6aa4a0fc20e37b529fcc89335c6b7900d625562ed4dd5107"
"4376","MAR20_931.jpg","MAR20_931.txt","d7703beffc05aa86282ab8b2b051c4f0f8ce96eb317d9290d34c52117e6c08a9","d7703beffc05aa86282ab8b2b051c4f0f8ce96eb317d9290d34c52117e6c08a9"
"4386","MAR20_943.jpg","MAR20_943.txt","b7c7670b511d750946739cd2668f2548e9f1524db512e678977c0a413ed01953","b7c7670b511d750946739cd2668f2548e9f1524db512e678977c0a413ed01953"
"4390","MAR20_954.jpg","MAR20_954.txt","b0c69f5025464ca133c6feb10f93f5b46897404bf372631288a2b7cc4e4fe318","b0c69f5025464ca133c6feb10f93f5b46897404bf372631288a2b7cc4e4fe318"
"4395","MAR20_96.jpg","MAR20_96.txt","98f2ad9adde9b9397c3f1a5ddba806deeafc573ad9f732185dff1b027cbd4023","98f2ad9adde9b9397c3f1a5ddba806deeafc573ad9f732185dff1b027cbd4023"
"4400","MAR20_965.jpg","MAR20_965.txt","59e8b700d5e0bd4d2600a75cb4308845e6cbbee8b8f9a1b4c9c97bb50a8af72d","59e8b700d5e0bd4d2600a75cb4308845e6cbbee8b8f9a1b4c9c97bb50a8af72d"
"4403","MAR20_97.jpg","MAR20_97.txt","5da354c58fc8a4d4a0bfa16ac7d8f0565c1ef7d977b183b435752fc8f2093c15","5da354c58fc8a4d4a0bfa16ac7d8f0565c1ef7d977b183b435752fc8f2093c15"
"4416","MAR20_983.jpg","MAR20_983.txt","a942358d35d9ffea98cf1c53e9e98e5a8f193179a360247ad74952fc39c6ccae","a942358d35d9ffea98cf1c53e9e98e5a8f193179a360247ad74952fc39c6ccae"
"4417","MAR20_984.jpg","MAR20_984.txt","500faf9bacecb41dd1bab8a249236607fe20ff836447b24a5006dcc8393dd4e9","500faf9bacecb41dd1bab8a249236607fe20ff836447b24a5006dcc8393dd4e9"
"4420","MAR20_987.jpg","MAR20_987.txt","b22b2554e0eb654a428fbd2087b4e595d3a353ccb08585a9ce3391542fc54197","b22b2554e0eb654a428fbd2087b4e595d3a353ccb08585a9ce3391542fc54197"
"4421","MAR20_99.jpg","MAR20_99.txt","4db3d0dffe33bae71f9efab26927268ac458765d69f231d5079c1593bc8c06b5","4db3d0dffe33bae71f9efab26927268ac458765d69f231d5079c1593bc8c06b5"
"4427","MAR20_996.jpg","MAR20_996.txt","3b4647b217ab98c449224e39254e26add7d284563d6b45394b84ca033e349f96","3b4647b217ab98c449224e39254e26add7d284563d6b45394b84ca033e349f96"
"4428","MAR20_997.jpg","MAR20_997.txt","f0d83767097cff578fc31204fccab2722afe95577a3c96b1e4d49b0aba299cfa","f0d83767097cff578fc31204fccab2722afe95577a3c96b1e4d49b0aba299cfa"
"4440","W157.8_N21.3_20180901_L1A0003426640-PAN28_crop1.jpg","W157.8_N21.3_20180901_L1A0003426640-PAN28_crop1.txt","4cd7d559169233fd84b1a5c51592114d8323279c68c81d86b5d39d86e51f18c1","4cd7d559169233fd84b1a5c51592114d8323279c68c81d86b5d39d86e51f18c1"
"4441","W157.8_N21.3_20180901_L1A0003426640-PAN28_crop2.jpg","W157.8_N21.3_20180901_L1A0003426640-PAN28_crop2.txt","ecd568e7dd734e73a2625e0a9b1d865ce8ee3cccb8e850a8247da2132b92ac5e","ecd568e7dd734e73a2625e0a9b1d865ce8ee3cccb8e850a8247da2132b92ac5e"
"4445","W157.9_N21.3_20150119_L1A0000600031-PAN21_crop1.jpg","W157.9_N21.3_20150119_L1A0000600031-PAN21_crop1.txt","a202d3fe8f1ca1fd0428b664d73701ff2b87191ba1810aa4474ad5f001d0147e","a202d3fe8f1ca1fd0428b664d73701ff2b87191ba1810aa4474ad5f001d0147e"
"4446","W157.9_N21.3_20150119_L1A0000600031-PAN21_crop2.jpg","W157.9_N21.3_20150119_L1A0000600031-PAN21_crop2.txt","607b1d3f734637d33641d7f570034538e87dcea393a72d76b1560ea7094e7904","607b1d3f734637d33641d7f570034538e87dcea393a72d76b1560ea7094e7904"
"4468","W158.0_N21.4_20190415_L1A0003949798-PAN13_crop1.jpg","W158.0_N21.4_20190415_L1A0003949798-PAN13_crop1.txt","ec43c53ea484163800b3899c1f5b738d09ac948e2e50ab9a064a0c018a19f58f","ec43c53ea484163800b3899c1f5b738d09ac948e2e50ab9a064a0c018a19f58f"
"4469","W158.0_N21.4_20190415_L1A0003949798-PAN13_crop2.jpg","W158.0_N21.4_20190415_L1A0003949798-PAN13_crop2.txt","e4dc7bd3995bce06529c6138ed6970b74c47b5c2fe32d796cca7d52f1628d600","e4dc7bd3995bce06529c6138ed6970b74c47b5c2fe32d796cca7d52f1628d600"
"4470","W158.0_N21.4_20190415_L1A0003949798-PAN13_crop3.jpg","W158.0_N21.4_20190415_L1A0003949798-PAN13_crop3.txt","764c4316517e267832892d405b9a16c43156f8375e0ca0f1181e49748a687ba0","764c4316517e267832892d405b9a16c43156f8375e0ca0f1181e49748a687ba0"
"4471","W158.0_N21.4_20190415_L1A0003949798-PAN13_crop4.jpg","W158.0_N21.4_20190415_L1A0003949798-PAN13_crop4.txt","217ef7fe1c89eabc018968143b2ed3e17626079f9e2b7a02e283a12f7e10148b","217ef7fe1c89eabc018968143b2ed3e17626079f9e2b7a02e283a12f7e10148b"
"4474","W76.3_N37.0_20150318_L1A0000704021-PAN20_crop1.jpg","W76.3_N37.0_20150318_L1A0000704021-PAN20_crop1.txt","2bc1b5c2bf926c415e00dedb29c802435ab051c6a086e7639d394a1299568eda","2bc1b5c2bf926c415e00dedb29c802435ab051c6a086e7639d394a1299568eda"
"4475","W76.3_N37.0_20150318_L1A0000704021-PAN20_crop2.jpg","W76.3_N37.0_20150318_L1A0000704021-PAN20_crop2.txt","176cce781cf1a973edaf1ef011bd1cf777925e126b3c7e2fb01a1345d6048b7a","176cce781cf1a973edaf1ef011bd1cf777925e126b3c7e2fb01a1345d6048b7a"
"4476","W76.3_N37.0_20150318_L1A0000704021-PAN20_crop3.jpg","W76.3_N37.0_20150318_L1A0000704021-PAN20_crop3.txt","a766f5ab3d5ded983697e3cb8857f407d503d58ac96375c573ca3f3816cc19eb","a766f5ab3d5ded983697e3cb8857f407d503d58ac96375c573ca3f3816cc19eb"
"4477","W76.3_N37.0_20150318_L1A0000704021-PAN20_crop4.jpg","W76.3_N37.0_20150318_L1A0000704021-PAN20_crop4.txt","03e969b5f516ae5c0b600dfeba5134b8ee43ec3fcb3373dac5c5c6d330213ddd","03e969b5f516ae5c0b600dfeba5134b8ee43ec3fcb3373dac5c5c6d330213ddd"
"1292","fsc_AGZ-N23.00-E120.33-lv20-Bing_crop0001.jpg","fsc_AGZ-N23.00-E120.33-lv20-Bing_crop0001.txt","4e70cb4cab412dd9044eef480204272b030f3e836a9184f67312e43e93e33e43","4e70cb4cab412dd9044eef480204272b030f3e836a9184f67312e43e93e33e43"
"1293","fsc_AGZ-N23.00-E120.33-lv20-Bing_crop0002.jpg","fsc_AGZ-N23.00-E120.33-lv20-Bing_crop0002.txt","85474a35e8fadeb63ffe35a653b8c6c8d9cd703ffebc27b12df21e26175eda54","85474a35e8fadeb63ffe35a653b8c6c8d9cd703ffebc27b12df21e26175eda54"
"1294","fsc_AGZ-N23.00-E120.33-lv20-Bing_crop0003.jpg","fsc_AGZ-N23.00-E120.33-lv20-Bing_crop0003.txt","806f7e5e69e39661a7ce994505843281514911cebcd31f09650602e4afe39816","806f7e5e69e39661a7ce994505843281514911cebcd31f09650602e4afe39816"
"1303","fsc_AGZ-N24.15-E120.73-lv20-Google_crop0001.jpg","fsc_AGZ-N24.15-E120.73-lv20-Google_crop0001.txt","fb94ea8b62af141eae9093b674b1a0366088296fc633c7dcef684fda683a76d8","fb94ea8b62af141eae9093b674b1a0366088296fc633c7dcef684fda683a76d8"
"1304","fsc_AGZ-N24.15-E120.73-lv20-Google_crop0002.jpg","fsc_AGZ-N24.15-E120.73-lv20-Google_crop0002.txt","2c8cb6d4196021e0f1323fdcb22768396e80877edd786163488ede449083dd91","2c8cb6d4196021e0f1323fdcb22768396e80877edd786163488ede449083dd91"
"1321","fsc_AGZ-N35.84-E139.41-lv20-Bing_crop0001.jpg","fsc_AGZ-N35.84-E139.41-lv20-Bing_crop0001.txt","911d421e926205f1a16c6f14d05fd8902e73e78f2d620b6e0a9cf3bb72fc780b","911d421e926205f1a16c6f14d05fd8902e73e78f2d620b6e0a9cf3bb72fc780b"
"1324","fsc_AGZ-N35.89-E126.62-lv20-Google_crop0001.jpg","fsc_AGZ-N35.89-E126.62-lv20-Google_crop0001.txt","f6be92bc96ed1a2c75a272826269ed71ffafb965e71d71e41cbded51d920ba66","f6be92bc96ed1a2c75a272826269ed71ffafb965e71d71e41cbded51d920ba66"
"1325","fsc_AGZ-N35.89-E126.62-lv20-Google_crop0002.jpg","fsc_AGZ-N35.89-E126.62-lv20-Google_crop0002.txt","209cc3e3dfa9f21f48128ac06e6b5fae5e6d31f4e14b94d4397aefca38b6dbea","209cc3e3dfa9f21f48128ac06e6b5fae5e6d31f4e14b94d4397aefca38b6dbea"
"1336","fsc_HMS-N26.20-E127.66-lv20-google_crop0001.jpg","fsc_HMS-N26.20-E127.66-lv20-google_crop0001.txt","02082d39322b16cde70e1f7a3efee01b294cf0820d3d8517cea6b65196886096","02082d39322b16cde70e1f7a3efee01b294cf0820d3d8517cea6b65196886096"
"1343","fsc_TG-N22.33-E120.62-lv20-Google_crop0001.jpg","fsc_TG-N22.33-E120.62-lv20-Google_crop0001.txt","20e5af6ccaf44e672a30acfb4c94eba1c12b546617990a62bc10734c223c0cdf","20e5af6ccaf44e672a30acfb4c94eba1c12b546617990a62bc10734c223c0cdf"
"1344","fsc_TG-N22.33-E120.62-lv20-Google_crop0002.jpg","fsc_TG-N22.33-E120.62-lv20-Google_crop0002.txt","dd059d53e1ba0101f18e14c3568c1f4a3b79c73f73b805b841c6054e9fe4c31f","dd059d53e1ba0101f18e14c3568c1f4a3b79c73f73b805b841c6054e9fe4c31f"
"1348","fsc_TG-N24.02-E121.62-lv20-Bing_crop0001.jpg","fsc_TG-N24.02-E121.62-lv20-Bing_crop0001.txt","addb2ba94c481344b361016dc8a24a883a39f42a9a872ac687a129bf3e43653f","addb2ba94c481344b361016dc8a24a883a39f42a9a872ac687a129bf3e43653f"
"1349","fsc_TG-N24.02-E121.62-lv20-Bing_crop0002.jpg","fsc_TG-N24.02-E121.62-lv20-Bing_crop0002.txt","da24b580a034eb12f3cd6d4bb9be074ecae3d85dc2ea910ce143a628aa0cfe9b","da24b580a034eb12f3cd6d4bb9be074ecae3d85dc2ea910ce143a628aa0cfe9b"
