split,path,stem,scene_id,extension,width,height,mode,size_bytes,sha256,has_label,status,long_side_bucket
train,shiyan/data3/images/train/0001.jpg,0001,0001,.jpg,861,861,RGB,147952,100ea258672f78ff57e955f9ff827d68ef647bab384f7a828c9a8ae1e07ab88b,True,ok,641-1024
train,shiyan/data3/images/train/0002.jpg,0002,0002,.jpg,846,846,RGB,168774,93da99396579ba1de35e0599723511d9d139a09de16ccc02546f75f4c3e359f3,True,ok,641-1024
train,shiyan/data3/images/train/0003.jpg,0003,0003,.jpg,800,800,RGB,71702,0172ac540b8c7dcb40f361ef9c16a543feed2a5ea05f6a71088b521f12eefdb8,True,ok,641-1024
train,shiyan/data3/images/train/0004.jpg,0004,0004,.jpg,875,875,RGB,241609,95a7b4d5c842e77a919dc46555d84a25c33f7985e19ec3bd00635b09027f8088,True,ok,641-1024
train,shiyan/data3/images/train/0005.jpg,0005,0005,.jpg,823,823,RGB,269334,7c7f4a18cc3cd10a30ff0d270cd5d3d73e0066e2181b3c99c529f15d26ee76a3,True,ok,641-1024
train,shiyan/data3/images/train/0006.jpg,0006,0006,.jpg,823,823,RGB,179194,dc208e6cf73fa4c7c406bc3a561fde8df81154d90d339b0e156d99602727c7c6,True,ok,641-1024
train,shiyan/data3/images/train/0007.jpg,0007,0007,.jpg,843,843,RGB,286010,bfda81919ffc07a3fadb41404d6b37eac73b14648a2f0a03668ec24849a7c7de,True,ok,641-1024
train,shiyan/data3/images/train/0008.jpg,0008,0008,.jpg,828,828,RGB,214763,10436a1a689ed25c3c1c091a0a75ca3407657aa7c79d5a7d262f4501fcecbf27,True,ok,641-1024
train,shiyan/data3/images/train/0009.jpg,0009,0009,.jpg,883,883,RGB,296393,6477723a576c02f79234ca59fb3c2398e2ea0918f006d743fe2f819fac48ab99,True,ok,641-1024
train,shiyan/data3/images/train/0010.jpg,0010,0010,.jpg,884,884,RGB,239820,f9ad2c56dcb80e7212e227c58a7b80a21830ed5a35d4206169ef7ca8789e5faf,True,ok,641-1024
train,shiyan/data3/images/train/0011.jpg,0011,0011,.jpg,878,878,RGB,258448,49d488d57c35ccd59101de5256cfa482c07ee36d7a0e0f9fa87fbb5561230ee4,True,ok,641-1024
train,shiyan/data3/images/train/0012.jpg,0012,0012,.jpg,888,888,RGB,266408,882118fda8e104be142b8a054f129b7f0e95e34c19796ae3883e7ae260e6501a,True,ok,641-1024
train,shiyan/data3/images/train/0013.jpg,0013,0013,.jpg,842,842,RGB,254458,4889f570ca3a2614762b6fd020c6f10ca20f13adb510ad49354a6a8e7def88d8,True,ok,641-1024
train,shiyan/data3/images/train/0014.jpg,0014,0014,.jpg,804,804,RGB,237447,20acaa63a51c6875e0bbae588fafc232c0acc3c17ea16923cedad112fb76e769,True,ok,641-1024
train,shiyan/data3/images/train/0015.jpg,0015,0015,.jpg,818,818,RGB,218492,5402f30d9d14cd717a369b8583469ee2839d39015665e1f695c4bd3d225653d6,True,ok,641-1024
train,shiyan/data3/images/train/0016.jpg,0016,0016,.jpg,881,881,RGB,318861,3c53a19b676557f61cae1a04bfee945d35822ac8eccb382c25183c70fbd7365a,True,ok,641-1024
train,shiyan/data3/images/train/0017.jpg,0017,0017,.jpg,827,827,RGB,240050,b4f4b712c89f5ee98db2437814ab250e4616faf4f6c94d18168be206c9a4c320,True,ok,641-1024
train,shiyan/data3/images/train/0018.jpg,0018,0018,.jpg,829,829,RGB,197957,1cba4e408dfa07475796c6f6871147893af16ca862a579f3577d62a13c75f68f,True,ok,641-1024
train,shiyan/data3/images/train/0019.jpg,0019,0019,.jpg,812,812,RGB,209302,c5e774521f1d270dab54be0d7a86642daf62e8d0cf27531c59e481b2d282670b,True,ok,641-1024
train,shiyan/data3/images/train/0020.jpg,0020,0020,.jpg,808,808,RGB,96438,0a1d37b91b326295ea13ecc7f2f2b8cc64aa51de481ea42cb5ca3a38654e73ef,True,ok,641-1024
train,shiyan/data3/images/train/0021.jpg,0021,0021,.jpg,837,837,RGB,142534,0a034202d53b4df5cb322eba4ded89c92801fd4e7fa538addff8dbaba98cee79,True,ok,641-1024
train,shiyan/data3/images/train/0022.jpg,0022,0022,.jpg,867,867,RGB,88297,8e707d38160dbf52d05a02c1248694e9aea458e88ffeb3d8a1c1a1c14eb633c2,True,ok,641-1024
train,shiyan/data3/images/train/0023.jpg,0023,0023,.jpg,812,812,RGB,105422,051edce4e32b747c4f9eba85a4af773185a9ce4b284587a4b6440b6782c84f7f,True,ok,641-1024
train,shiyan/data3/images/train/0024.jpg,0024,0024,.jpg,811,811,RGB,144506,c4412264f6d293faaea48a93dee63dcf0d1825f63e0157d56ec9ea0b25fb468e,True,ok,641-1024
train,shiyan/data3/images/train/0025.jpg,0025,0025,.jpg,851,851,RGB,161558,b2e73a4acf7fadbb2a9fdc0b79ca186ab506633f86da072678ef1fead177339d,True,ok,641-1024
train,shiyan/data3/images/train/0026.jpg,0026,0026,.jpg,810,810,RGB,125242,ace8c843451c96a6c97c01fde46c68fb15249aa5ebf42d7cd8505d6dc3f906fe,True,ok,641-1024
train,shiyan/data3/images/train/0027.jpg,0027,0027,.jpg,807,807,RGB,162751,15355b10eb82bc6dfea2e7d402940db4a96f9a6f70d639ad8654cc6e3890f794,True,ok,641-1024
train,shiyan/data3/images/train/0028.jpg,0028,0028,.jpg,896,896,RGB,137211,9d0edf684ad9714bcbb401ab4504c6728208e0b02f8eff1ed6a09502df443cf6,True,ok,641-1024
train,shiyan/data3/images/train/0029.jpg,0029,0029,.jpg,816,816,RGB,83288,6ea53570ec90da19de9dbb1a232ab22c31ba3f81cec74cc5ca98468eabd92ec9,True,ok,641-1024
train,shiyan/data3/images/train/0030.jpg,0030,0030,.jpg,813,813,RGB,172536,ae799b34229ebec9ace128f190b5b128df1a7c2401ecd2c3a9a40d24fe19ed35,True,ok,641-1024
train,shiyan/data3/images/train/0031.jpg,0031,0031,.jpg,831,831,RGB,205516,58bd5b088e647c2ec3e36d99bfe0b69e9d7a29d9e3b94ac4037735c2428d41cd,True,ok,641-1024
train,shiyan/data3/images/train/0032.jpg,0032,0032,.jpg,800,800,RGB,207622,d8233ff59929c5db7cf7685d1acb2379d12b575f0c13e0f93946d580198777fa,True,ok,641-1024
train,shiyan/data3/images/train/0033.jpg,0033,0033,.jpg,883,883,RGB,154151,e771e7b6f9c0865e8f7bdb6addcd409d4b112d9254c60d5cf694f783452af016,True,ok,641-1024
train,shiyan/data3/images/train/0034.jpg,0034,0034,.jpg,826,826,RGB,63987,be83603ee69352b8ca93e4fc378434c38f77aa7374e11da36338640fe040aca7,True,ok,641-1024
train,shiyan/data3/images/train/0035.jpg,0035,0035,.jpg,822,822,RGB,145687,991a63a928ef82313b857a96f92f36403b064549159cb95add195b4de3960b54,True,ok,641-1024
train,shiyan/data3/images/train/0036.jpg,0036,0036,.jpg,854,854,RGB,94235,bb5c791efbe94edfb3fef85885beb4cf55d89ad96663d0750e78a65f3bc03573,True,ok,641-1024
train,shiyan/data3/images/train/0037.jpg,0037,0037,.jpg,809,809,RGB,139860,1cb4b96746b4faf65a72027a1c849e8e25b1862d58ff68e2234c332ae8aae9bb,True,ok,641-1024
train,shiyan/data3/images/train/0038.jpg,0038,0038,.jpg,857,857,RGB,152175,d6a32e7b053e2703311ddefcd2fc1824b1aa23a47d2db3dec320f2ecdced469a,True,ok,641-1024
train,shiyan/data3/images/train/0039.jpg,0039,0039,.jpg,819,819,RGB,139736,e5c01430eaf297203cf520eb10287b973bd45ada20a59c84097874b21fdd5160,True,ok,641-1024
train,shiyan/data3/images/train/0040.jpg,0040,0040,.jpg,827,827,RGB,370647,c1bab03736c940a613cbf7e394813cc6d19e459352809e8937f690cfbdeab6dc,True,ok,641-1024
train,shiyan/data3/images/train/0041.jpg,0041,0041,.jpg,828,828,RGB,124250,0fbf05a64f919de3b32974e18673c25adef8a2246a7a560d59e128715289b5d5,True,ok,641-1024
train,shiyan/data3/images/train/0042.jpg,0042,0042,.jpg,808,808,RGB,155380,b7d00597e166ec7e5c3cc86e0c73f7b619e6e9ec15dfc1f9c3b50889910c737e,True,ok,641-1024
train,shiyan/data3/images/train/0043.jpg,0043,0043,.jpg,896,896,RGB,151854,4df3f4b7fe636af94b9dae2eb55d56915776178b585429481d873fbff1d7c553,True,ok,641-1024
train,shiyan/data3/images/train/0044.jpg,0044,0044,.jpg,806,806,RGB,209169,dd5734d22a3fb98e0dea2e7d0ec899fcc2eea9b75757cb972d2b18179db04765,True,ok,641-1024
train,shiyan/data3/images/train/0045.jpg,0045,0045,.jpg,849,849,RGB,331856,dd6c142df2b0655ae70aa1e72cfcea193d010909de36003bb18478104a9107b9,True,ok,641-1024
train,shiyan/data3/images/train/0046.jpg,0046,0046,.jpg,880,880,RGB,454656,187326e3f8e827aabd1028d8fcef687a09a2ae1579b89883ecb76136f451590e,True,ok,641-1024
train,shiyan/data3/images/train/0047.jpg,0047,0047,.jpg,855,855,RGB,134057,a14710a73ea568b650a76cc492ebf8dd28900c96f4608b64126dff3ed6b97a4a,True,ok,641-1024
train,shiyan/data3/images/train/0048.jpg,0048,0048,.jpg,800,800,RGB,174211,4a9df6eb22cd12660f024ffbab5bc5c62721808c73e26319e98215fab19e8e1d,True,ok,641-1024
train,shiyan/data3/images/train/0049.jpg,0049,0049,.jpg,877,877,RGB,184583,acc540cf298c7972333af4a47c0445e69eb1b374c9edd1b2ed2394d54e2b3805,True,ok,641-1024
train,shiyan/data3/images/train/0050.jpg,0050,0050,.jpg,850,850,RGB,146553,dfb298e417c80cd8eb7c34bc5217f6d3e89f72305f586fd73c25a52b0b1368b8,True,ok,641-1024
train,shiyan/data3/images/train/0051.jpg,0051,0051,.jpg,873,873,RGB,184276,8226a851c3d413d1e72142f8bbf48125cbc4eb8572de699175f90029d99b0e80,True,ok,641-1024
train,shiyan/data3/images/train/0052.jpg,0052,0052,.jpg,866,866,RGB,40279,166d1bda83d633d4687788af0b70994b39c7de146f10f430042f988db068c1ce,True,ok,641-1024
train,shiyan/data3/images/train/0053.jpg,0053,0053,.jpg,855,855,RGB,24794,0fd0f58c99c8eb1cccc22477c278e9cae4b5bf6767d629ff332cd7cc99316d2a,True,ok,641-1024
train,shiyan/data3/images/train/0054.jpg,0054,0054,.jpg,810,810,RGB,183197,08bcda4dc1114257b7b88d3d807b5f7c0a3c80503ad8c8f14888e9c430eb743c,True,ok,641-1024
train,shiyan/data3/images/train/0055.jpg,0055,0055,.jpg,807,807,RGB,87605,573a2b6cae267fe3af9b833fa4a404daaff2820a5a2df055e07740f7810d14b1,True,ok,641-1024
train,shiyan/data3/images/train/0056.jpg,0056,0056,.jpg,817,817,RGB,115248,4ef939f3d2c30e270abfc0d6d77c8f9ed91857d15befe93c359a79a97babca14,True,ok,641-1024
train,shiyan/data3/images/train/0057.jpg,0057,0057,.jpg,891,891,RGB,22683,3f96c18a823e2d0042960a00aa430fa61d16eb70de7551b3e9e989ad33cdf30c,True,ok,641-1024
train,shiyan/data3/images/train/0058.jpg,0058,0058,.jpg,812,812,RGB,15629,61486f2c75df458207c65b7ca51b7d93e4cb88360e403bdf651309d58883aaf1,True,ok,641-1024
train,shiyan/data3/images/train/0059.jpg,0059,0059,.jpg,878,878,RGB,18194,5aaaedfbc2f9049e57498c673de1b0cfcbf496ff2562661212a4e52d97029f00,True,ok,641-1024
train,shiyan/data3/images/train/0060.jpg,0060,0060,.jpg,815,815,RGB,24038,1b41f5397289d6a5e097707008a3bcbaf5ac92ea1b076881c1dd472a3dc1f939,True,ok,641-1024
train,shiyan/data3/images/train/0061.jpg,0061,0061,.jpg,869,869,RGB,51461,d1f1f3f067ff21236241375d209587d6c28a18f8c0bcf9d4072622f11a945501,True,ok,641-1024
train,shiyan/data3/images/train/0062.jpg,0062,0062,.jpg,829,829,RGB,39670,7dccc77c8c24a1cc2c0b0566a4c3cd1d9e3cc046fd466c2d3c5fc596afeaea8e,True,ok,641-1024
train,shiyan/data3/images/train/0063.jpg,0063,0063,.jpg,890,890,RGB,23251,a2b17eea3cdce4cacf8e8e18dc234b8257b052ea56055d4f2a11e9fc3a91b77c,True,ok,641-1024
train,shiyan/data3/images/train/0064.jpg,0064,0064,.jpg,827,827,RGB,14017,514637a8099ceef3a638e5332abed1e4d201cc3d81157098481a01b674492e3c,True,ok,641-1024
train,shiyan/data3/images/train/0065.jpg,0065,0065,.jpg,826,826,RGB,33330,bab6a81f0230c568a8b2ba9ef53dde2e9d741abbea66b050d034452b08398e8f,True,ok,641-1024
train,shiyan/data3/images/train/0066.jpg,0066,0066,.jpg,812,812,RGB,41025,0a4e14eed4b1c07537d0283dc9583696198718353e4d0ab4ef7861d830d8c6eb,True,ok,641-1024
train,shiyan/data3/images/train/0067.jpg,0067,0067,.jpg,866,866,RGB,175110,73565ad2142faf3d6385dded6a0a8ad83be7dfc99525bdf958b6b679d124849f,True,ok,641-1024
train,shiyan/data3/images/train/0068.jpg,0068,0068,.jpg,810,810,RGB,97480,2f078ba52249131ef863503e41863e7e1323ddab39d4533b4b9b0301bb51c405,True,ok,641-1024
train,shiyan/data3/images/train/0069.jpg,0069,0069,.jpg,854,854,RGB,178010,74f8afc6f88173cca6b02628ed839dca25e12fb91326e2fcc8cfc175463f3b90,True,ok,641-1024
train,shiyan/data3/images/train/0070.jpg,0070,0070,.jpg,807,807,RGB,137444,486aa6435409974f681acfc3d6c8761f644f57eb1d0f26ec7fb16e5e307d872e,True,ok,641-1024
train,shiyan/data3/images/train/0071.jpg,0071,0071,.jpg,860,860,RGB,131448,1f87fc8b487b8da343a5102ef57b2a06ed2e33c023d3961645666574cd3a98ed,True,ok,641-1024
train,shiyan/data3/images/train/0072.jpg,0072,0072,.jpg,848,848,RGB,101519,fbad32069a9fd12231a6e456fdd762821513d2c6ab1b0ca3c0fdecc6ecfd08de,True,ok,641-1024
train,shiyan/data3/images/train/0073.jpg,0073,0073,.jpg,1138,1138,RGB,263883,5dafb27aa7360dafbc03304e84b70c45bb504793ecc23a9e6a5818c717d838a0,True,ok,1025-1536
train,shiyan/data3/images/train/0074.jpg,0074,0074,.jpg,856,856,RGB,138224,93572f8f6c27636d97c9f4cb5d98fa1f3ba6dacef5580de2ee30b363b0ac1f30,True,ok,641-1024
train,shiyan/data3/images/train/0075.jpg,0075,0075,.jpg,802,802,RGB,77362,b2aa89bc943e402b243de82c633d0d4dde12e3fd4f8b6d7a6f0c868174233755,True,ok,641-1024
train,shiyan/data3/images/train/0076.jpg,0076,0076,.jpg,838,838,RGB,135906,b0a5ca127bf8eccf5e24550a507f356ec9f1a71398694b5c882c4b24a3e8f8cb,True,ok,641-1024
train,shiyan/data3/images/train/0077.jpg,0077,0077,.jpg,812,812,RGB,184279,6952af0c044e2e7cc14a470e143706576180b9d5e01ea766b8cb02d1586dea02,True,ok,641-1024
train,shiyan/data3/images/train/0078.jpg,0078,0078,.jpg,878,878,RGB,169193,e315ac691e56cb3fed12c28936fab70ff0e8976a731ed3b055ec3491d7ea734e,True,ok,641-1024
train,shiyan/data3/images/train/0079.jpg,0079,0079,.jpg,847,847,RGB,163144,80670ead5e59ba6c2345adf84a54a77b3c54559362f8487c188e475e575ba154,True,ok,641-1024
train,shiyan/data3/images/train/0080.jpg,0080,0080,.jpg,846,846,RGB,152145,6cda7cd35f6ca2d850982bbfdc2643cbb74f46078d6829b6ad20e5d0b4ca808f,True,ok,641-1024
train,shiyan/data3/images/train/0081.jpg,0081,0081,.jpg,812,812,RGB,166713,925ab451505026c3f05fdfc8b0a53e18ff0b6dbf6dd8d7c453881f6806ca8e88,True,ok,641-1024
train,shiyan/data3/images/train/0082.jpg,0082,0082,.jpg,899,899,RGB,183261,5637d8cd5f35bb3bad777341f6ebe53674e9f3832d52bc36507124394b6fb3b4,True,ok,641-1024
train,shiyan/data3/images/train/0083.jpg,0083,0083,.jpg,861,861,RGB,131411,78c4b7ae9318afee6836f61bf0b6d4f185920006386a09238884c89ca2c2de19,True,ok,641-1024
train,shiyan/data3/images/train/0084.jpg,0084,0084,.jpg,800,800,RGB,157637,213a01536755fa4b72a262d5297fb239cea62d73a750edb2a442e1bc9050787e,True,ok,641-1024
train,shiyan/data3/images/train/0085.jpg,0085,0085,.jpg,892,892,RGB,295522,95f022821eb905ed6e89baa9102f4a0e7a42041a5a21a0c322d46541e7c7f0f2,True,ok,641-1024
train,shiyan/data3/images/train/0086.jpg,0086,0086,.jpg,827,827,RGB,152842,948c722571d4a03c3f2b18b77abce6d4bef459cc17a14eb79b864f0a384355d7,True,ok,641-1024
train,shiyan/data3/images/train/0087.jpg,0087,0087,.jpg,830,830,RGB,67441,2c43c25b1505447de929401f3fa79891247294573d9ab4a20273ccf5eabea87b,True,ok,641-1024
train,shiyan/data3/images/train/0088.jpg,0088,0088,.jpg,896,896,RGB,29936,ce405edcebabfd31ff7cee0f79f326d06d139f4e14a59a0457172488b4f8e670,True,ok,641-1024
train,shiyan/data3/images/train/0089.jpg,0089,0089,.jpg,837,837,RGB,36995,e558bba7e5886a0b17d1901bd7a5cd265d9aa4d1292177eb16694040165314a4,True,ok,641-1024
train,shiyan/data3/images/train/0090.jpg,0090,0090,.jpg,885,885,RGB,66526,0bf6207a6385aa2c68074636b71569066b03e9310358cdb2adc70f19dc9151f2,True,ok,641-1024
train,shiyan/data3/images/train/0091.jpg,0091,0091,.jpg,884,884,RGB,83806,93cd8f57647e49b70933c7f50056192c33abab6d55ac67e71dcbd7b2036297b2,True,ok,641-1024
train,shiyan/data3/images/train/0092.jpg,0092,0092,.jpg,834,834,RGB,193686,92ee90478d5b8a2fad964aaceab6d2129ffccf9594705dd22873140fa9d64d03,True,ok,641-1024
train,shiyan/data3/images/train/0093.jpg,0093,0093,.jpg,832,832,RGB,200166,ae4fcfe20b0287428ba6569dad6e46879deb7826fd0c56bab7899ebe78b31644,True,ok,641-1024
train,shiyan/data3/images/train/0094.jpg,0094,0094,.jpg,856,856,RGB,26746,89783c04c4045b96ce2711e1d60c7c809c0f9949e47b593e20e811827188c743,True,ok,641-1024
train,shiyan/data3/images/train/0095.jpg,0095,0095,.jpg,889,889,RGB,58271,e57d84259394bb712a4b1ff6f90d1bb0c305624cd9b727c1ac0344b2324f6075,True,ok,641-1024
train,shiyan/data3/images/train/0096.jpg,0096,0096,.jpg,861,861,RGB,34134,c10695c0cbace31be7acf6730b53345e18371fda6c4eb145c1f361a1ebca5fb4,True,ok,641-1024
train,shiyan/data3/images/train/0097.jpg,0097,0097,.jpg,840,840,RGB,44313,5e796338dec11531b692b35baecae9d306b2d557ae99b6f5f90df6a02cbb9788,True,ok,641-1024
train,shiyan/data3/images/train/0098.jpg,0098,0098,.jpg,886,886,RGB,34668,c2706705f9670d70536b9f8f84ac1c6001a3f5f66828359d290858f722b7c0ad,True,ok,641-1024
train,shiyan/data3/images/train/0099.jpg,0099,0099,.jpg,821,821,RGB,49530,a3513ca7c5fef1e7b845b63abe2bb093abb15ca44ea8a33c70b56dce43b8050c,True,ok,641-1024
train,shiyan/data3/images/train/0100.jpg,0100,0100,.jpg,882,882,RGB,107273,9c9f06096bc11d557b1f44d4c19d036d267cd8c121ae2d62eeb5d0cfc513ecd8,True,ok,641-1024
train,shiyan/data3/images/train/0101.jpg,0101,0101,.jpg,875,875,RGB,112948,22ce616e2edea4f68f9d7fa5560b2ca2ba1f21ba5d3f675726dc17a4aa1e733a,True,ok,641-1024
train,shiyan/data3/images/train/0102.jpg,0102,0102,.jpg,867,867,RGB,19333,9ffdbfc7be77b50f369118516b491d3c2dec713dffb22905cb7e9b229adfc7cd,True,ok,641-1024
train,shiyan/data3/images/train/0103.jpg,0103,0103,.jpg,816,816,RGB,19829,fbdb0b61dfc543ce635ed78040f27dd417fd2bdee210c9c792f702391abcb9d3,True,ok,641-1024
train,shiyan/data3/images/train/0104.jpg,0104,0104,.jpg,853,853,RGB,16827,aeddf6d246046a211b5f6231769534a3e3c0113bd6f501db3f9edeb1bd4e9ffe,True,ok,641-1024
train,shiyan/data3/images/train/0105.jpg,0105,0105,.jpg,802,802,RGB,138204,cd8011f5208b1bb7820fc267ed9eb64c187c40e14ee46569769237139bef2519,True,ok,641-1024
train,shiyan/data3/images/train/0106.jpg,0106,0106,.jpg,897,897,RGB,99557,41516232e4dbda608e91523cba833af5a101549f3582a27558328fd0eb40f079,True,ok,641-1024
train,shiyan/data3/images/train/0107.jpg,0107,0107,.jpg,831,831,RGB,86834,7871f42cfc601518c74c1f39fd7bde671f700470af1fb7a762a77185608f9822,True,ok,641-1024
train,shiyan/data3/images/train/0108.jpg,0108,0108,.jpg,850,850,RGB,177611,a7854cb4c0a0d6dd0ac82b7d6cfdc8f5405262dfb24eb7455dc77f865d364a3a,True,ok,641-1024
train,shiyan/data3/images/train/0109.jpg,0109,0109,.jpg,830,830,RGB,101736,b52d00ad10f87374579a119a12b48efcd286052b4717c0a50ae1316043b3b566,True,ok,641-1024
train,shiyan/data3/images/train/0110.jpg,0110,0110,.jpg,869,869,RGB,198355,eac4d4d4dbb63e70ed013537393941924c296a0d2f0fcbec7eb6c1394482dac5,True,ok,641-1024
train,shiyan/data3/images/train/0111.jpg,0111,0111,.jpg,864,864,RGB,309608,e41151fbb42a7f747965c80927738cca41de3acfd08ad9e81d341f99b931a866,True,ok,641-1024
train,shiyan/data3/images/train/0112.jpg,0112,0112,.jpg,854,854,RGB,259807,edffd5bff781c4ee60dc92b32a2ab20ac648ee5fc5e36f1d7595ced7a1e64950,True,ok,641-1024
train,shiyan/data3/images/train/0113.jpg,0113,0113,.jpg,899,899,RGB,303854,a337d6cc15e42f853ab9f32f9f6441b47970fbe0a532275c98212e5e2778ca67,True,ok,641-1024
train,shiyan/data3/images/train/0114.jpg,0114,0114,.jpg,828,828,RGB,288097,f7c917c567a421376d767ce03f2cebcf48b2b42c2c718df966509870948d3d6a,True,ok,641-1024
train,shiyan/data3/images/train/0115.jpg,0115,0115,.jpg,886,886,RGB,301660,ceda0552609ffea53556961f296a3f469faef7cebd69d916a96afb1362988cb4,True,ok,641-1024
train,shiyan/data3/images/train/0116.jpg,0116,0116,.jpg,847,847,RGB,297587,5028848d2942b639af3eb025c04aab36a0f243f345a09ada999077ce2a30c047,True,ok,641-1024
train,shiyan/data3/images/train/0117.jpg,0117,0117,.jpg,878,878,RGB,288033,874dec4df6680b038da4e7012beb8a0b8a3c9ea662009391fd988c6a0ae5bdff,True,ok,641-1024
train,shiyan/data3/images/train/0118.jpg,0118,0118,.jpg,827,827,RGB,226977,cffd15f31c970ff0824c0a71855d4b63eea185f325f5203902fa26267af1bc88,True,ok,641-1024
train,shiyan/data3/images/train/0119.jpg,0119,0119,.jpg,813,813,RGB,243971,2c2d58cac09ae8e007c7e8efe35158d8a22240933d7ed119fa40b26155ecb2af,True,ok,641-1024
train,shiyan/data3/images/train/0120.jpg,0120,0120,.jpg,897,897,RGB,303282,206d5fb5bc2f08af50b5d8fb3ef7a31525409871ab3c0792b846340fcf0b7a5f,True,ok,641-1024
train,shiyan/data3/images/train/0121.jpg,0121,0121,.jpg,815,815,RGB,280122,32e6c358c369ead6b05cb9ba6d8e57c383d6db5c80dcf76cdac7f37d178c0441,True,ok,641-1024
train,shiyan/data3/images/train/0122.jpg,0122,0122,.jpg,846,846,RGB,270277,88d67d06cbcf938186ebd1cbc6f2dc071abef6c495eb04ced06dee98f53f2ff0,True,ok,641-1024
train,shiyan/data3/images/train/0123.jpg,0123,0123,.jpg,846,846,RGB,290125,485d635cc7883b02072c45f0555e5e340891a365379bc0e5e719e3eff717dc1c,True,ok,641-1024
train,shiyan/data3/images/train/0124.jpg,0124,0124,.jpg,860,860,RGB,269134,6cdc3b928a459ea30354d6ae162e5fd5d936a335bf25415e9b8d94184c9c9eef,True,ok,641-1024
train,shiyan/data3/images/train/0125.jpg,0125,0125,.jpg,809,809,RGB,267076,bde48028244ecff3f25349b297303866b9c8b570f07a41c9e9f8f2e3612c0423,True,ok,641-1024
train,shiyan/data3/images/train/0126.jpg,0126,0126,.jpg,805,805,RGB,209424,8374df2fda10b5f8570341e4a8f368cc3683bc4f7cb10454d1e6b8c59ad0f5c3,True,ok,641-1024
train,shiyan/data3/images/train/0127.jpg,0127,0127,.jpg,840,840,RGB,266553,c69307dc5ef909ef9d1b8e3462b78d3c221508a2cc7abba405dbba40be17ace3,True,ok,641-1024
train,shiyan/data3/images/train/0128.jpg,0128,0128,.jpg,856,856,RGB,242878,9c23d2601e62a42caf66a5eb6abd960949c8b668b5974e43e77cd448ff5150ae,True,ok,641-1024
train,shiyan/data3/images/train/0129.jpg,0129,0129,.jpg,859,859,RGB,257622,369bc444b1ef42c0d8d1f71307676028a96da492c52491fec0af22923bc4a73f,True,ok,641-1024
train,shiyan/data3/images/train/0130.jpg,0130,0130,.jpg,894,894,RGB,309045,d3c167daa22db515f942b13ed7056ad4a71ab5d6aef2c4c65f86e6f402439f3f,True,ok,641-1024
train,shiyan/data3/images/train/0131.jpg,0131,0131,.jpg,882,882,RGB,256327,21b86e87bc0385811109c791e352af9d9bce30f0f58e91a0e3f80707715e926b,True,ok,641-1024
train,shiyan/data3/images/train/0132.jpg,0132,0132,.jpg,863,863,RGB,260253,d8784127505910d384c6f675a5cc7f82d2e0dbfead61278bb303883aaf2c034e,True,ok,641-1024
train,shiyan/data3/images/train/0133.jpg,0133,0133,.jpg,883,883,RGB,285357,0092b1f526d250fbef82e104ffd57d31a8e0ac3ecbdcac1c256f79f955e77580,True,ok,641-1024
train,shiyan/data3/images/train/0134.jpg,0134,0134,.jpg,877,877,RGB,352585,2bcbd0bc48ee054f20192457ac965eda4f2f728e5dc3a84ba1264e38b7c2a667,True,ok,641-1024
train,shiyan/data3/images/train/0135.jpg,0135,0135,.jpg,846,846,RGB,375532,bdffb841b0cc654906d147e0c153525a1f201ec75e89559702caf1056642007f,True,ok,641-1024
train,shiyan/data3/images/train/0136.jpg,0136,0136,.jpg,892,892,RGB,297832,3638d98091ec6442090f738b6fe55335f711878d7b5efeeb4cac8057c3595c4a,True,ok,641-1024
train,shiyan/data3/images/train/0137.jpg,0137,0137,.jpg,893,893,RGB,401763,5fa511b82b32a93b06147b535756d9ec673cf0605f4804a6d637ef05c8f21740,True,ok,641-1024
train,shiyan/data3/images/train/0138.jpg,0138,0138,.jpg,889,889,RGB,293667,e6ebcfd3df612582881c1b98adc2187e8d3d8805c5ad5675f6bd94faefe1b595,True,ok,641-1024
train,shiyan/data3/images/train/0139.jpg,0139,0139,.jpg,840,840,RGB,237793,d5801caf13ba0ba6dff105bed2c27af358be0b98e5721356bcd67726f03b4b92,True,ok,641-1024
train,shiyan/data3/images/train/0140.jpg,0140,0140,.jpg,855,855,RGB,268092,b63edcfabd27c594fe39aa38aa0f86f216bd24cb991e3d2f910542a58fe802a6,True,ok,641-1024
train,shiyan/data3/images/train/0141.jpg,0141,0141,.jpg,850,850,RGB,257830,11042db75425d5fbc42db6097527be07cb1beba22d624455a90778ae5f49bfda,True,ok,641-1024
train,shiyan/data3/images/train/0142.jpg,0142,0142,.jpg,850,850,RGB,232539,22a25d68e2caacd2380da0cbf0c6216c97644cbfd4fee0adb99d00aef83090aa,True,ok,641-1024
train,shiyan/data3/images/train/0143.jpg,0143,0143,.jpg,808,808,RGB,214032,c85645d6a627bb19ea60a61067c02de5a47bde402b1907e434824db26942ac76,True,ok,641-1024
train,shiyan/data3/images/train/0144.jpg,0144,0144,.jpg,852,852,RGB,187087,77b2375b2f03526112ee7963c5c5a6753cafc1669272123180aea6031c32432d,True,ok,641-1024
train,shiyan/data3/images/train/0145.jpg,0145,0145,.jpg,815,815,RGB,230246,4f5dda53aa59cad2fc15a547211347e3b4c680679339eeff733bb63d16523eb9,True,ok,641-1024
train,shiyan/data3/images/train/0146.jpg,0146,0146,.jpg,898,898,RGB,284018,7c21b2828569aadd12b0d3ff0d1b288637620250cef1e23dec2be7c1cbbb3f73,True,ok,641-1024
train,shiyan/data3/images/train/0147.jpg,0147,0147,.jpg,893,893,RGB,297341,ce69e28c41be064444772aade31cacbfb1e43f601c36c017deb30fb604a06f71,True,ok,641-1024
train,shiyan/data3/images/train/0148.jpg,0148,0148,.jpg,852,852,RGB,466337,2b634bf37f6498457b4053c073078e9a707db259b110242880c994cd8c878c01,True,ok,641-1024
train,shiyan/data3/images/train/0149.jpg,0149,0149,.jpg,801,801,RGB,147175,e1ebf4cd5493fea1fc2659e62cbc21171daa1ac5478dec72949d5ee90484a1fd,True,ok,641-1024
train,shiyan/data3/images/train/0150.jpg,0150,0150,.jpg,860,860,RGB,223206,bf220671a97b394d1d3c17fe854c368688d79df3040a7ac1e45c42d27ade3a4c,True,ok,641-1024
train,shiyan/data3/images/train/0151.jpg,0151,0151,.jpg,895,895,RGB,236541,6f1af0d44393e0007343511a1f089ef665bae2085c639e0e680c61f87c7b13e2,True,ok,641-1024
train,shiyan/data3/images/train/0152.jpg,0152,0152,.jpg,812,812,RGB,260351,756c2cdb6214dd2b7474cb969102dcf737f1eb5dc8dd5796e241682d316e032e,True,ok,641-1024
train,shiyan/data3/images/train/0153.jpg,0153,0153,.jpg,864,864,RGB,236997,db4ab2f5eaf6637b4ff7b564a42375d8567aa39c2df4c7bb8b9b2d4d2f4ec0d6,True,ok,641-1024
train,shiyan/data3/images/train/0154.jpg,0154,0154,.jpg,893,893,RGB,248738,d570dddaa78882526769b5be7f501ff4d7812ddf3e39d40bb2651aa043b8ee8f,True,ok,641-1024
train,shiyan/data3/images/train/0155.jpg,0155,0155,.jpg,838,838,RGB,241041,6827ef29639334465baa32df0c4ac53b746ff371784bdebcda6b9e5a926b3fca,True,ok,641-1024
train,shiyan/data3/images/train/0156.jpg,0156,0156,.jpg,859,859,RGB,248067,8806be674b1416b25eb526cce59e0121217c7c46639ed44bdab6f6d2ec157cfe,True,ok,641-1024
train,shiyan/data3/images/train/0157.jpg,0157,0157,.jpg,821,821,RGB,209352,ef45b2c7866cdab0f9d8f79f3372dabd539ec945f5345473fb653bcf037f6f1d,True,ok,641-1024
train,shiyan/data3/images/train/0158.jpg,0158,0158,.jpg,853,853,RGB,209923,4594cf99655f50a8fa241c5e9445e976bf68a7b507ada6c4727a25edc975739f,True,ok,641-1024
train,shiyan/data3/images/train/0159.jpg,0159,0159,.jpg,857,857,RGB,260720,6cc9cb68356a16bf0a39c35ed8383f59fc954e47a7b61b2f30ce71ee2f4ec93b,True,ok,641-1024
train,shiyan/data3/images/train/0160.jpg,0160,0160,.jpg,806,806,RGB,218767,2c016ec4ae2b70d6fe8922b172ee7a1a737b2c496b756c59efa42d7ef621883f,True,ok,641-1024
train,shiyan/data3/images/train/0161.jpg,0161,0161,.jpg,868,868,RGB,42180,afbfd49877fbfea9ef9b2b01b5f453c0d813a003d60d40cfe53bc327a492d063,True,ok,641-1024
train,shiyan/data3/images/train/0162.jpg,0162,0162,.jpg,893,893,RGB,58464,9439010a00fd4325482ef10cbd646ed2fe009f93d4774c5c693a7acdeb394657,True,ok,641-1024
train,shiyan/data3/images/train/0163.jpg,0163,0163,.jpg,807,807,RGB,221291,e0193f10aa6a7200de5ed75601c8504f08debcd8dcd41b29b1d71375c39ba3af,True,ok,641-1024
train,shiyan/data3/images/train/0164.jpg,0164,0164,.jpg,896,896,RGB,143072,ce7069a02ebdd5cc52a8b3639e8b8d2a161b0805ee4982c2b4cdc50a31284e1e,True,ok,641-1024
train,shiyan/data3/images/train/0165.jpg,0165,0165,.jpg,809,809,RGB,182571,a990fd78c4e2765d4ed03429a90f4c3a09243e23c798c6addff0e91f06fb2d0a,True,ok,641-1024
train,shiyan/data3/images/train/0166.jpg,0166,0166,.jpg,889,889,RGB,229086,dec8c5905d029ba32a826b690385d8256c99aa7997201a747c8ab95cc80c9f1c,True,ok,641-1024
train,shiyan/data3/images/train/0167.jpg,0167,0167,.jpg,892,892,RGB,246943,cbb58a706a3371bf6f46a4bb28e8941d61cb452486720f16cf7d0fa5ab18c7a6,True,ok,641-1024
train,shiyan/data3/images/train/0168.jpg,0168,0168,.jpg,833,833,RGB,213129,eb3d7ddd859cce3ef534ef8b9193fa72d012dbeb0fc6697d2da617522c031806,True,ok,641-1024
train,shiyan/data3/images/train/0169.jpg,0169,0169,.jpg,812,812,RGB,194602,ee4b4b48038558f010f1b63f4448b40228d0a57a355d1d0204f75aca47da720a,True,ok,641-1024
train,shiyan/data3/images/train/0170.jpg,0170,0170,.jpg,832,832,RGB,248541,2e21c35ccc6e388ea08ff25c338ceefd49f9ea1a4bff31d67711116201bfa582,True,ok,641-1024
train,shiyan/data3/images/train/0171.jpg,0171,0171,.jpg,864,864,RGB,167986,c0b78372d00fae4df8459ac06eb9768420718a5feac1a548c54e82abdb8606e3,True,ok,641-1024
train,shiyan/data3/images/train/0172.jpg,0172,0172,.jpg,854,854,RGB,212797,5325677db1e87be609a8db66b677b6ad0a656b3ff387054cf79ad6b0570411f8,True,ok,641-1024
train,shiyan/data3/images/train/0173.jpg,0173,0173,.jpg,803,803,RGB,380176,e4d1713f4726e76f1af821cfca8761a87a0aba47e423accab30338973b7ca307,True,ok,641-1024
train,shiyan/data3/images/train/0174.jpg,0174,0174,.jpg,832,832,RGB,283323,cc7f31db7fbd6d2108d361d8be1d56aba1595f2a08a0bac9c0c7640ebdc0f920,True,ok,641-1024
train,shiyan/data3/images/train/0175.jpg,0175,0175,.jpg,841,841,RGB,258248,77f74c4ddb95ccc6e30a8a01b0512716dccad5b758a23d17ccbffed73041454b,True,ok,641-1024
train,shiyan/data3/images/train/0176.jpg,0176,0176,.jpg,823,823,RGB,243776,f6ffac3024817a139d3f46443ffa92cde1809ee9c0fb300906229290f346f770,True,ok,641-1024
train,shiyan/data3/images/train/0177.jpg,0177,0177,.jpg,1093,1093,RGB,452885,4b69f8a037e3637f78263de18be0142498976033d2819e34f2acdc0b1ce58c2a,True,ok,1025-1536
train,shiyan/data3/images/train/0178.jpg,0178,0178,.jpg,805,805,RGB,256763,0d231b99575e4c3783e5cc6f405de1298547877420dd04c7a80e4f9a8889df98,True,ok,641-1024
train,shiyan/data3/images/train/0179.jpg,0179,0179,.jpg,834,834,RGB,224950,00aa8470308fa81c15fcda0ac490a73ec7ecdde97439afa308326cddb3ee6c5c,True,ok,641-1024
train,shiyan/data3/images/train/0180.jpg,0180,0180,.jpg,831,831,RGB,369753,8d2f83c587cf6f2ad73b6c500e9d44f80acaeb9e4ef2c9176244fcaec0e7533d,True,ok,641-1024
train,shiyan/data3/images/train/0181.jpg,0181,0181,.jpg,858,858,RGB,410109,62e1a9043bff810e09bc4910c7bce0df57a3de76303c3961f7a42dd1157f8b2e,True,ok,641-1024
train,shiyan/data3/images/train/0182.jpg,0182,0182,.jpg,867,867,RGB,403133,360de560eda14f7acc043ab79ee9390fa4bcd9385199fc5146d2d1a261381c8b,True,ok,641-1024
train,shiyan/data3/images/train/0183.jpg,0183,0183,.jpg,804,804,RGB,245450,eada8595c05b680c4cc697b9ed002b2bc01e4b3bee9bd9e5a8ff33b2aa32a7a4,True,ok,641-1024
train,shiyan/data3/images/train/0184.jpg,0184,0184,.jpg,862,862,RGB,194843,5c23e2a98e0aadfe954b2863eeb367857414794fa3fc0d5a01d29225cd07fa80,True,ok,641-1024
train,shiyan/data3/images/train/0185.jpg,0185,0185,.jpg,803,803,RGB,229409,d36915fb29ffefc145a36d3900cd7114b77687b5d213fd066ae87975769b3de0,True,ok,641-1024
train,shiyan/data3/images/train/0186.jpg,0186,0186,.jpg,817,817,RGB,219961,0554315d373a37a9085363f3fbe30ae84879295a709e6fd0faf349d638deb3aa,True,ok,641-1024
train,shiyan/data3/images/train/0187.jpg,0187,0187,.jpg,862,862,RGB,285543,cbb03015d1a4b8c90c4274253c9a91dfbd84c54d0ab6a316c2599f76a2dcec21,True,ok,641-1024
train,shiyan/data3/images/train/0188.jpg,0188,0188,.jpg,858,858,RGB,275148,dc54150f9147b69ad3ed8648500a0f473f065eb2130e38ce5ad3d42d14c65159,True,ok,641-1024
train,shiyan/data3/images/train/0189.jpg,0189,0189,.jpg,858,858,RGB,245941,07b4e5a4d9c3a3df0c4e1dc2c5a8218ae6d755a782a45c33a7c9a9f3e58e53c5,True,ok,641-1024
train,shiyan/data3/images/train/0190.jpg,0190,0190,.jpg,803,803,RGB,251244,ac6c4e74c9b21ef30122db09a8a243c1f7e84c2d30f26b98261842aed91d2cc1,True,ok,641-1024
train,shiyan/data3/images/train/0191.jpg,0191,0191,.jpg,838,838,RGB,274232,d3d9fb921bc885ccd6c2e1590b50587b8796aa90488ae06f2c5b75fbd9d4daa8,True,ok,641-1024
train,shiyan/data3/images/train/0192.jpg,0192,0192,.jpg,822,822,RGB,257162,05d63719d39f58e66425874c6dc72977e4ec2e00f26ed8e09a1e38f4443501f2,True,ok,641-1024
train,shiyan/data3/images/train/0193.jpg,0193,0193,.jpg,808,808,RGB,268565,6c4c564d0b7b51cb12bfee24e4f4b9112f7f911f8858d9bbf221ed8da162d5fc,True,ok,641-1024
train,shiyan/data3/images/train/0194.jpg,0194,0194,.jpg,845,845,RGB,245056,d0461e08daec7243b02223f16a372357ac933e0d97135bfbdda2cc45a5101b87,True,ok,641-1024
train,shiyan/data3/images/train/0195.jpg,0195,0195,.jpg,856,856,RGB,259335,6d0d87fe58c07c6573ade898733acce2fc48019808bbcd9e268ac0affa29f383,True,ok,641-1024
train,shiyan/data3/images/train/0196.jpg,0196,0196,.jpg,813,813,RGB,312658,35d596208c3dc0549855dd3fa8ae36499af9c4b7f1c863f021f0840074d2f90c,True,ok,641-1024
train,shiyan/data3/images/train/0197.jpg,0197,0197,.jpg,821,821,RGB,313839,7f1c0882f65a6534fd763d9c76fd4da64c2873e7a720c70dcf6b561f9a334472,True,ok,641-1024
train,shiyan/data3/images/train/0198.jpg,0198,0198,.jpg,830,830,RGB,288152,d1b6b6bc1951ef91449d46ce8875aac0c438b586642f75e9bb72bd55707dd568,True,ok,641-1024
train,shiyan/data3/images/train/0199.jpg,0199,0199,.jpg,830,830,RGB,329517,10205ebb119f55c4e2f8e83248e70a0d4889f1e2d14b1536db05d363f5fca705,True,ok,641-1024
train,shiyan/data3/images/train/0200.jpg,0200,0200,.jpg,871,871,RGB,363586,1f9f7d35eab4ac8142e1af50293bc0d20d022ad656c43ae56809ddf4c5093522,True,ok,641-1024
train,shiyan/data3/images/train/0201.jpg,0201,0201,.jpg,879,879,RGB,339714,8700bbaf0a6eb69a3519bf9d9d1c7ec4b2aecc81732f2a69ade2fab45c0ce8d2,True,ok,641-1024
train,shiyan/data3/images/train/0202.jpg,0202,0202,.jpg,878,878,RGB,346864,c9df084dfad1cd13eabfdccec2e79cfe390c0475c7a8ebad2563ca0bd46b6af8,True,ok,641-1024
train,shiyan/data3/images/train/0203.jpg,0203,0203,.jpg,885,885,RGB,471715,167523420051a1da922f8ccff787e5cc6cc59609699b41fc94ba2c58dc2a5737,True,ok,641-1024
train,shiyan/data3/images/train/0204.jpg,0204,0204,.jpg,858,858,RGB,409359,5f2ad3aac56c1daa6bed68ce5b0105815f03a0eb6efe161a8c1dddf8e9f4f814,True,ok,641-1024
train,shiyan/data3/images/train/0205.jpg,0205,0205,.jpg,830,830,RGB,359838,6dd7ec1f68f647c3e8c630587045ec9b54957ab8f2997f8889a54be3d5d7514d,True,ok,641-1024
train,shiyan/data3/images/train/0206.jpg,0206,0206,.jpg,848,848,RGB,290564,9708d23b8f3b4d2732aacddc4c60f7e32a842604b6e87074b2dc71e31904375e,True,ok,641-1024
train,shiyan/data3/images/train/0207.jpg,0207,0207,.jpg,847,847,RGB,273497,2993e82ec8b074e2ca856d92e6d3fc68c4f4450517fb041e3b476fb73b4ccc42,True,ok,641-1024
train,shiyan/data3/images/train/0208.jpg,0208,0208,.jpg,845,845,RGB,265769,a6f13aeecacd6d34ce4f1c6a9c7cfb064716f64c76b8be461cdfd865cb9ee2b4,True,ok,641-1024
train,shiyan/data3/images/train/0209.jpg,0209,0209,.jpg,813,813,RGB,345795,938a9f2ca4faa9c720b71848ad83de5bbcc8f338a9e5ff90937606525db6420f,True,ok,641-1024
train,shiyan/data3/images/train/0210.jpg,0210,0210,.jpg,801,801,RGB,275071,d4dc04045c6ce8ee9d48a2113c4085e94cfeff03074c7ac99b5e54e7605da45d,True,ok,641-1024
train,shiyan/data3/images/train/0211.jpg,0211,0211,.jpg,866,866,RGB,372010,c4afeb8c8cb517afe2a391a3e8af8e7d4e805a97f7c40d3749df8f3a5620ab91,True,ok,641-1024
train,shiyan/data3/images/train/0212.jpg,0212,0212,.jpg,888,888,RGB,314009,6fd594c96fefc45d4fcd48140b9cc44cebea8969fbe949eb91e6f9cb3834a172,True,ok,641-1024
train,shiyan/data3/images/train/0213.jpg,0213,0213,.jpg,813,813,RGB,237788,f109c94952000c835e5c6c1f866ee372a79a95b7e58b760c7e499ecdcc75cfa7,True,ok,641-1024
train,shiyan/data3/images/train/0214.jpg,0214,0214,.jpg,805,805,RGB,273555,c704ce88c9f62eba372554f8b29caac4e5863c26b90c6fa99abbcdfa6018db0c,True,ok,641-1024
train,shiyan/data3/images/train/0215.jpg,0215,0215,.jpg,843,843,RGB,292647,981d68e37de1ae4ab4bbd3b6a3b1217cef063dc793e4d2df4ebb6ad29ae85ba0,True,ok,641-1024
train,shiyan/data3/images/train/0216.jpg,0216,0216,.jpg,809,809,RGB,338012,32d54ecbd9cbf57f47dfb67f32ccaa5951c1e7048b6f4b2633b5bcabb725c238,True,ok,641-1024
train,shiyan/data3/images/train/0217.jpg,0217,0217,.jpg,812,812,RGB,218951,45a0185e5f22ab5f606b743e72e498c0c6afc2551e9d12f4f0283d3bc5cccb4a,True,ok,641-1024
train,shiyan/data3/images/train/0218.jpg,0218,0218,.jpg,832,832,RGB,36461,5cfa833078bb8f80e28e2beff4ab956dfbda439e2e1bd3c37bd7476237994973,True,ok,641-1024
train,shiyan/data3/images/train/0219.jpg,0219,0219,.jpg,827,827,RGB,281539,bd25a26a309e9aa05962a981b6717cd6569cb05c4d2fc0603f5a576572edfac6,True,ok,641-1024
train,shiyan/data3/images/train/0220.jpg,0220,0220,.jpg,804,804,RGB,272384,39efcc97fe87712cf491f1f3ea4f4f17a65bc73a4c2ec5c9cdbe25b1ebafceea,True,ok,641-1024
train,shiyan/data3/images/train/0221.jpg,0221,0221,.jpg,834,834,RGB,300866,d5e8ead5031e1882bb98c47a2445e518804caee8d6ad81c8fedda2ee69011a04,True,ok,641-1024
train,shiyan/data3/images/train/0222.jpg,0222,0222,.jpg,844,844,RGB,277204,17d66f9b165b67b5d1a63486207f9a8b697dc3161e2026c63425655d51de73f9,True,ok,641-1024
train,shiyan/data3/images/train/0223.jpg,0223,0223,.jpg,897,897,RGB,257446,5bad174944b2d784fe53450afafdd03dedb3aac06481bf62b2526ea498a4c938,True,ok,641-1024
train,shiyan/data3/images/train/0224.jpg,0224,0224,.jpg,807,807,RGB,196546,88e02174a933adbc4e935e299836ac12229c2a5f6ee3a74907e2651a263547fc,True,ok,641-1024
train,shiyan/data3/images/train/0225.jpg,0225,0225,.jpg,860,860,RGB,110442,f7b540d5fbe5e34e3df6bd8480fc4eeafe787b1c7dfd471760a60d1838af8e5c,True,ok,641-1024
train,shiyan/data3/images/train/0226.jpg,0226,0226,.jpg,846,846,RGB,123545,f97b645a32999dbe31ad9066774c1910f347e9b05610dc7f5f2b47887f13a3dd,True,ok,641-1024
train,shiyan/data3/images/train/0227.jpg,0227,0227,.jpg,876,876,RGB,146575,7d18a58c85655f9bc6d4bff8a9bc4030e0d3e5e2bc67f3fb7ee2e836d62c93e5,True,ok,641-1024
train,shiyan/data3/images/train/0228.jpg,0228,0228,.jpg,846,846,RGB,68766,4e57498d14510c78ca5bc87740fa4e879c92b9abda8006be84639287e4bd3bd1,True,ok,641-1024
train,shiyan/data3/images/train/0229.jpg,0229,0229,.jpg,816,816,RGB,187830,80bfaa05c050acb87b83098695d62889e42d729f4dc4cf30913c1f2832b88373,True,ok,641-1024
train,shiyan/data3/images/train/0230.jpg,0230,0230,.jpg,805,805,RGB,287624,8316767e87d3cd4de4fa590486446da33544baec058e6a86f491b3e19b2f0d6e,True,ok,641-1024
train,shiyan/data3/images/train/0231.jpg,0231,0231,.jpg,833,833,RGB,309629,f5d01c2e005f3a9660a84c40ae0fc56432a1f6b8086b32771430aae3684cf445,True,ok,641-1024
train,shiyan/data3/images/train/0232.jpg,0232,0232,.jpg,813,813,RGB,165170,fd0e311d2481a255b3ccaee5ba21a7c9f1e94ad7d5e0bf2877408ca3bf376aa6,True,ok,641-1024
train,shiyan/data3/images/train/0233.jpg,0233,0233,.jpg,896,896,RGB,267446,0c35c74f3b853ee7343a1caaf4865ee8b72d80fc0c328dd8da998d38e38c41ea,True,ok,641-1024
train,shiyan/data3/images/train/0234.jpg,0234,0234,.jpg,800,800,RGB,221237,e73fec0da7202e6182387c71e0b826775b2aa9bb3ec496eab51122ae4bd8b225,True,ok,641-1024
train,shiyan/data3/images/train/0235.jpg,0235,0235,.jpg,841,841,RGB,254576,7d7bf2aeb232af3d5fb76ce6c800a94a8ed1d0fbce285918c4546883ff308050,True,ok,641-1024
train,shiyan/data3/images/train/0236.jpg,0236,0236,.jpg,861,861,RGB,288608,203ce12f93519b1bf4348b4e1c5bc23c6916837853d6160a607494ac513708aa,True,ok,641-1024
train,shiyan/data3/images/train/0237.jpg,0237,0237,.jpg,874,874,RGB,320077,6d55993174d3d897eac4c6aa62d9a397feeb5cc33c30bc43604241885a5d6e0b,True,ok,641-1024
train,shiyan/data3/images/train/0238.jpg,0238,0238,.jpg,861,861,RGB,398953,a08c7d7cad5d883aae4816518ac4280a140437fd7bbaeaba0c13d28c5a7bad98,True,ok,641-1024
train,shiyan/data3/images/train/0239.jpg,0239,0239,.jpg,839,839,RGB,359526,e9c62c8dcc2aabd59cc98e36fbc8a4175d0fd15c4d3bf8f4209b3c7b2cb52288,True,ok,641-1024
train,shiyan/data3/images/train/0240.jpg,0240,0240,.jpg,900,900,RGB,444110,ebd2dd21b32f5ed5327c54f01ba9397e24d8651d5d6fea500d5165d36545ff8f,True,ok,641-1024
train,shiyan/data3/images/train/0241.jpg,0241,0241,.jpg,872,872,RGB,306668,2d933fa6b6dfe6bfc5f2bc2b33a43f5c1a6ec48b1a9f0aac3e04c0cf370cb1e8,True,ok,641-1024
train,shiyan/data3/images/train/0242.jpg,0242,0242,.jpg,895,895,RGB,368175,75d5c5cbaaea4fe3fe4cc29986dc2299f2cadc004baf6b092553fbc9b7d45c87,True,ok,641-1024
train,shiyan/data3/images/train/0243.jpg,0243,0243,.jpg,845,845,RGB,385864,746d1f6258eecb11f827f36b188e60bd055e3191dbc8243d0a7fb1428672238a,True,ok,641-1024
train,shiyan/data3/images/train/0244.jpg,0244,0244,.jpg,833,833,RGB,370948,92899ea890c454c0b4515cadd2bd152689dc41946818b7b49eaf2ca75003797a,True,ok,641-1024
train,shiyan/data3/images/train/0245.jpg,0245,0245,.jpg,854,854,RGB,426943,9f3f6e4d34bcd32509e382546b562e7eb76932e6c3b89e8ea7d0cdc76c86c5c4,True,ok,641-1024
train,shiyan/data3/images/train/0246.jpg,0246,0246,.jpg,859,859,RGB,384246,07c9a0d52714854821ca8462c77c73a0ce9346d36ba8a638d0ac82c5d10f0a68,True,ok,641-1024
train,shiyan/data3/images/train/0247.jpg,0247,0247,.jpg,886,886,RGB,423375,e6075e87745099ccdb6cd8ce8eee580069185a7c78b7ad5b280399a36493273d,True,ok,641-1024
train,shiyan/data3/images/train/0248.jpg,0248,0248,.jpg,804,804,RGB,373233,b9bf840423d87ecbde490dcaf6df9056f6d099009e3e8440bab9e16328ebc04f,True,ok,641-1024
train,shiyan/data3/images/train/0249.jpg,0249,0249,.jpg,825,825,RGB,289815,c1856e05af60080f4b5a54a0eb29af9404da37435d3c243b2ed5d52f3eea657a,True,ok,641-1024
train,shiyan/data3/images/train/0250.jpg,0250,0250,.jpg,883,883,RGB,241075,e7f225fc9fe1132d5436884dfa57704ae440dcca3cbdc1cb6e70658b57032349,True,ok,641-1024
train,shiyan/data3/images/train/0251.jpg,0251,0251,.jpg,833,833,RGB,282490,391fcd731025d211653ee6b723e2321f36bf07f2297189ea4555d3343fcaec69,True,ok,641-1024
train,shiyan/data3/images/train/0252.jpg,0252,0252,.jpg,841,841,RGB,279425,bada0d2b28a1a7d006e7a6fda9cba6d0a02fcf7476cec5e5a59c54908be3a229,True,ok,641-1024
train,shiyan/data3/images/train/0253.jpg,0253,0253,.jpg,803,803,RGB,251526,ca35317142d10dc8b273ee5e25ac7f455f7a61e63481b55817ba38bf829d7e45,True,ok,641-1024
train,shiyan/data3/images/train/0254.jpg,0254,0254,.jpg,816,816,RGB,266610,0b49370786cf8497da7fce0d808d48b8f99663afc543b219268f913027abbf10,True,ok,641-1024
train,shiyan/data3/images/train/0255.jpg,0255,0255,.jpg,841,841,RGB,188186,dcd4d2fe492431ccf0016cce7b951e4b20c87233509d620023b92f6bd0cddf02,True,ok,641-1024
train,shiyan/data3/images/train/0256.jpg,0256,0256,.jpg,879,879,RGB,160332,d0086cc4d14458756ecc8fdeaf9dfd4acf08e724d9fd5c06c899b1c0f339ec3d,True,ok,641-1024
train,shiyan/data3/images/train/0257.jpg,0257,0257,.jpg,858,858,RGB,79705,6ee64f8412cb973f97481c56fd483262e4d105b4aeece1138a4ba2f0948f047b,True,ok,641-1024
train,shiyan/data3/images/train/0258.jpg,0258,0258,.jpg,804,804,RGB,271355,b998d5e2bdd0171de43df5861a8ac58be39125b1ddc1adc5c4c53073b25e3737,True,ok,641-1024
train,shiyan/data3/images/train/0259.jpg,0259,0259,.jpg,846,846,RGB,170760,e8627ad99566b506864329791219950654762374edd19863601ed0727ce1ab21,True,ok,641-1024
train,shiyan/data3/images/train/0260.jpg,0260,0260,.jpg,815,815,RGB,101278,135eaad54846e72e1b61b0da8734a4d7c0366c2b83bc84015f3d63c97d3c9c7f,True,ok,641-1024
train,shiyan/data3/images/train/0261.jpg,0261,0261,.jpg,830,830,RGB,133533,5949631c380cd9a3d06d8b6ed158462995b47638a549d026acaf9d227c3c562f,True,ok,641-1024
train,shiyan/data3/images/train/0262.jpg,0262,0262,.jpg,863,863,RGB,125103,edd457eaecc9d169dd66728cc9ca7f3cfdf24bd776c75373877dd2385a8e6fcb,True,ok,641-1024
train,shiyan/data3/images/train/0263.jpg,0263,0263,.jpg,827,827,RGB,133780,c11bc0feef52ed116aac58c593746f411f38778946a79b42429aefb6840d2aff,True,ok,641-1024
train,shiyan/data3/images/train/0264.jpg,0264,0264,.jpg,801,801,RGB,70719,86cd5edd784ab35617ca7c3bd87e6ea7672122da552c852197b8376a215b4105,True,ok,641-1024
train,shiyan/data3/images/train/0265.jpg,0265,0265,.jpg,847,847,RGB,105065,9b65325c45c3eb699cc3e6cc445976e7f5d3e624b4e18489a3abd32869871bd8,True,ok,641-1024
train,shiyan/data3/images/train/0266.jpg,0266,0266,.jpg,857,857,RGB,123204,65c5794548e0a239a8d72ee7a24bf54891f6e67d5c44e1c24e3eddd338a30a4e,True,ok,641-1024
train,shiyan/data3/images/train/0267.jpg,0267,0267,.jpg,887,887,RGB,158105,517c6633ec3a8e7e9e845ba75d23aa2019eeb45ee6b123acf4ad479b4f345642,True,ok,641-1024
train,shiyan/data3/images/train/0268.jpg,0268,0268,.jpg,900,900,RGB,126373,42ea20600b9936d84eac4fa2748d25ddca4693057465fae7805e0e445ca4ae5d,True,ok,641-1024
train,shiyan/data3/images/train/0269.jpg,0269,0269,.jpg,805,805,RGB,77050,4b0f771bc84a991a95cc2f720dd029dd7f7a62533d046fd140e4c29b8d364973,True,ok,641-1024
train,shiyan/data3/images/train/0270.jpg,0270,0270,.jpg,900,900,RGB,104781,6aec237c8c0bb982de58f01c474902d806bbf6053ad0fd722df220fda5d62c0d,True,ok,641-1024
train,shiyan/data3/images/train/0271.jpg,0271,0271,.jpg,817,817,RGB,88368,1a9362e2852da4be08ee606cc584ce22001f3f85868c1b055fe97ba33a48fa10,True,ok,641-1024
train,shiyan/data3/images/train/0272.jpg,0272,0272,.jpg,854,854,RGB,77808,18175832877803ee25262d68ec670f00c162c5c2911a75668f612d884a5c6e83,True,ok,641-1024
train,shiyan/data3/images/train/0273.jpg,0273,0273,.jpg,823,823,RGB,92070,36521dd46fae9bd03949a6d6b55c1793fdcc0fdbaf99d144f3d42e870ef6cba6,True,ok,641-1024
train,shiyan/data3/images/train/0274.jpg,0274,0274,.jpg,900,900,RGB,102492,5249503c434edcf943bbf6b2746de045473a4a4a585969e385eccc9438969929,True,ok,641-1024
train,shiyan/data3/images/train/0275.jpg,0275,0275,.jpg,844,844,RGB,165012,b3c25d4eddf0688ff25f6ca572642581c761107910c6103575a98ca8b73ffc17,True,ok,641-1024
train,shiyan/data3/images/train/0276.jpg,0276,0276,.jpg,893,893,RGB,114099,afbf3b77430c2fce59983e8c7f0e8e108b4621c1b9506b065eedb7d92a6ed366,True,ok,641-1024
train,shiyan/data3/images/train/0277.jpg,0277,0277,.jpg,884,884,RGB,126515,f2a323994893c1c3b0d53f1c410621fefd0c62136cedd3e47a1b91ed65bf6732,True,ok,641-1024
train,shiyan/data3/images/train/0278.jpg,0278,0278,.jpg,822,822,RGB,111023,09069cd4fcd33f067ec1a9d0c25d96e2b800d7dddaeef43cabe8224950d23f78,True,ok,641-1024
train,shiyan/data3/images/train/0279.jpg,0279,0279,.jpg,872,872,RGB,133857,563000cf97af1bab6a252f8976bc6d13e6fc7165e85a7533f860788897b656d8,True,ok,641-1024
train,shiyan/data3/images/train/0280.jpg,0280,0280,.jpg,805,805,RGB,79568,fdca9ffe59758dfda7cd64588b8908dd613d43db5b5d7a6d12d16fe9f54353c3,True,ok,641-1024
train,shiyan/data3/images/train/0281.jpg,0281,0281,.jpg,806,806,RGB,105208,ba7cb670c6278bb2b8268035ef49b6c4c4c67bbbcbd8b6eb45132eb806a8e076,True,ok,641-1024
train,shiyan/data3/images/train/0282.jpg,0282,0282,.jpg,821,821,RGB,119390,891af54eef041113b777f5bb7da0f90849fe270b6da67d7bda913716bf290cb8,True,ok,641-1024
train,shiyan/data3/images/train/0283.jpg,0283,0283,.jpg,849,849,RGB,133765,d579de38ba9ea69f7741d0054034c39c5e78d11cf6a540c825e55e44c8dbb44c,True,ok,641-1024
train,shiyan/data3/images/train/0284.jpg,0284,0284,.jpg,853,853,RGB,199996,523c8c1939cc962a177b7c27e07d99ccd700efa8bc850b2de77faaf08a31cf52,True,ok,641-1024
train,shiyan/data3/images/train/0285.jpg,0285,0285,.jpg,844,844,RGB,401784,22cc65ea0f0c667be4188bcb9c0072216453d06305fcda024dbc940d6aa7b100,True,ok,641-1024
train,shiyan/data3/images/train/0286.jpg,0286,0286,.jpg,846,846,RGB,410552,ded6d225e211a016d244d3949dbaaf243b673a803e956542c6bf675ea611a2a3,True,ok,641-1024
train,shiyan/data3/images/train/0287.jpg,0287,0287,.jpg,860,860,RGB,443957,480ad4336bdca700062432047c80dd56b14581ac56e011a6ee5a263299400156,True,ok,641-1024
train,shiyan/data3/images/train/0288.jpg,0288,0288,.jpg,864,864,RGB,464091,dccdac14e160c903343a83ee8a9b69bd423a519af4b73aaa3a0b9338b3e439fc,True,ok,641-1024
train,shiyan/data3/images/train/0289.jpg,0289,0289,.jpg,813,813,RGB,403461,01576ff9ac50e2622018cb20b8319ad4a8e3d2674187e2a9ed2dbf6b304e2a2d,True,ok,641-1024
train,shiyan/data3/images/train/0290.jpg,0290,0290,.jpg,846,846,RGB,358280,c5f091ae1bfbc04afcbc26bd7cab20db95b7d53b3618ed1201e87e3d32c93d69,True,ok,641-1024
train,shiyan/data3/images/train/0291.jpg,0291,0291,.jpg,899,899,RGB,262230,7ea41d557fa9fa4fcf71c26ab537b6ed114d17c6156816adb503039aeaf74722,True,ok,641-1024
train,shiyan/data3/images/train/0292.jpg,0292,0292,.jpg,851,851,RGB,235545,2cb64b6be17bc399ef7e4f089aab43499511f615d912a1bf16d36484869b5675,True,ok,641-1024
train,shiyan/data3/images/train/0293.jpg,0293,0293,.jpg,859,859,RGB,402718,b218a5dbcf3a3c411e42479233a2d6772710b690dee72f1f3a9898453b2e6f16,True,ok,641-1024
train,shiyan/data3/images/train/0294.jpg,0294,0294,.jpg,893,893,RGB,395073,a59f1fd429e09d7a7e761d9cc6323ab0793d3fa75aad9e316500fc09c9d1d59c,True,ok,641-1024
train,shiyan/data3/images/train/0295.jpg,0295,0295,.jpg,842,842,RGB,310916,80103e5b003e7c4c9703feae2d4504ef8243ddb9ed948c1488a4460ac473c3fe,True,ok,641-1024
train,shiyan/data3/images/train/0296.jpg,0296,0296,.jpg,853,853,RGB,256344,dada8583762f1e2b38ea3f8e5094c437fca7677a672caef6fb5a3b37cd6fdbd3,True,ok,641-1024
train,shiyan/data3/images/train/0297.jpg,0297,0297,.jpg,809,809,RGB,254180,f14314c97c82d700cf19884fe72206602b487f4afe0301cebbebf3cce70efdfb,True,ok,641-1024
train,shiyan/data3/images/train/0298.jpg,0298,0298,.jpg,805,805,RGB,311715,84768cb67dc366eb71a7adadab509efb32793ef13ae03843737e7afae24f8620,True,ok,641-1024
train,shiyan/data3/images/train/0299.jpg,0299,0299,.jpg,900,900,RGB,267763,de5012a066ca506e1e33c40690ccacbd7ce8f950edcde5b49d84338310ca5add,True,ok,641-1024
train,shiyan/data3/images/train/0300.jpg,0300,0300,.jpg,846,846,RGB,236154,930cb11c9e8b8cae034a69a1bea765f7ee266841da76c45e323209d274f9ada9,True,ok,641-1024
train,shiyan/data3/images/train/0301.jpg,0301,0301,.jpg,830,830,RGB,192075,14de013bdf7acfd2bc4622b8c0106ba47aca3762a67629c58c77aad8fb8464a0,True,ok,641-1024
train,shiyan/data3/images/train/0302.jpg,0302,0302,.jpg,878,878,RGB,242888,b4d17a781204675bc5ea94b6ac09bce71afc968c760aed24f25283dcfe0b0465,True,ok,641-1024
train,shiyan/data3/images/train/0303.jpg,0303,0303,.jpg,824,824,RGB,193726,c4ceb1f652678e0135294e37ddb9ccd08b6fcc80e169c2b39b85c381faac8b5c,True,ok,641-1024
train,shiyan/data3/images/train/0304.jpg,0304,0304,.jpg,876,876,RGB,286746,845717fdf929f2731acb4540c1ebed0b8592141a287f74ede58206f6e4e443cf,True,ok,641-1024
train,shiyan/data3/images/train/0305.jpg,0305,0305,.jpg,839,839,RGB,286533,97e443a57c3bd8635740d85d92bc307aebb1545e3e14b5eb2bca93f478db45b6,True,ok,641-1024
train,shiyan/data3/images/train/0306.jpg,0306,0306,.jpg,869,869,RGB,343618,440baed00d8728fd32a0807dbb886db9c978e1183c0d296abdd5a6255ac697d1,True,ok,641-1024
train,shiyan/data3/images/train/0307.jpg,0307,0307,.jpg,840,840,RGB,268224,8ca0700c8294c40ee29c484b1063a3a36f9c18f9985e87786a96d7a1a5212805,True,ok,641-1024
train,shiyan/data3/images/train/0308.jpg,0308,0308,.jpg,870,870,RGB,174994,75b4cee4deb367c0d257ae9ec28b280df442fc4050ab2d262508c8d70d298dec,True,ok,641-1024
train,shiyan/data3/images/train/0309.jpg,0309,0309,.jpg,871,871,RGB,209072,1088c26c06ad49b66ebc124db059539481b26049a4f171f170ac350664156033,True,ok,641-1024
train,shiyan/data3/images/train/0310.jpg,0310,0310,.jpg,880,880,RGB,277226,29509c7d4a5c954a30f143792ee37933585eb643282844f84dbcf75ecf72098d,True,ok,641-1024
train,shiyan/data3/images/train/0311.jpg,0311,0311,.jpg,899,899,RGB,315436,925e144c3bc3c7e66782ddd84736e5483c78b951bb4c6a8ed7dc2e957770c5d2,True,ok,641-1024
train,shiyan/data3/images/train/0312.jpg,0312,0312,.jpg,823,823,RGB,45226,d7061a7391de226edea3acdba2c4178a19cd2df0b8c166ec9419f67a617e4ba8,True,ok,641-1024
train,shiyan/data3/images/train/0313.jpg,0313,0313,.jpg,893,893,RGB,207097,b0135cd355ac87d908765b0f760c6e253d4641324d6de1cf5b0b311e49f7a014,True,ok,641-1024
train,shiyan/data3/images/train/0314.jpg,0314,0314,.jpg,878,878,RGB,232598,8e78e92e2b1285f387021cfdd93facc6649e7f0bf31304a48799037f8ff105f3,True,ok,641-1024
train,shiyan/data3/images/train/0315.jpg,0315,0315,.jpg,818,818,RGB,272946,8daa185c2362db2146051fc490cf8dac5157da561f9e40ef2898ed1d355858c4,True,ok,641-1024
train,shiyan/data3/images/train/0316.jpg,0316,0316,.jpg,838,838,RGB,317637,a66c89496b262aee08236dfdded7929a7437d3ca740a3d52d6173dcf93095dfa,True,ok,641-1024
train,shiyan/data3/images/train/0317.jpg,0317,0317,.jpg,807,807,RGB,97226,6c6588a8cfb15bd44cde52d2fa3836508f5a0da60d28b7f13f46f6e6d4e24e52,True,ok,641-1024
train,shiyan/data3/images/train/0318.jpg,0318,0318,.jpg,856,856,RGB,231712,cde82142be45d1367933755f282fb15bd0a33654518a12d39694b0c80854c24d,True,ok,641-1024
train,shiyan/data3/images/train/0319.jpg,0319,0319,.jpg,808,808,RGB,171949,f407efa08022cb4a4ec0aa8c4047be85fd93c7beb64af5a5e0940c923ddb216c,True,ok,641-1024
train,shiyan/data3/images/train/0320.jpg,0320,0320,.jpg,816,816,RGB,323400,484a5a9a45e977aaa69b90c22189322fea5be3be7916d2f78dcac9fb05adc451,True,ok,641-1024
train,shiyan/data3/images/train/0321.jpg,0321,0321,.jpg,807,807,RGB,314430,a47b2a97dd50ba5cceff068a8956e84acfdcc86ba90e91e4a997b45ee54fb3fc,True,ok,641-1024
train,shiyan/data3/images/train/0322.jpg,0322,0322,.jpg,894,894,RGB,273405,269351ec3d1387d3d7c26f4a481d00439a32fc5ffe3d03c7222b18f6ab8002b5,True,ok,641-1024
train,shiyan/data3/images/train/0323.jpg,0323,0323,.jpg,891,891,RGB,269817,906f3253a2f4c89db66730a2edc8906186efaa1d47a5d04dd71ea71ac8e94ee0,True,ok,641-1024
train,shiyan/data3/images/train/0324.jpg,0324,0324,.jpg,829,829,RGB,208397,424a8ba6b020620928cf4da78f823f2771042dd3a74af292f6af9cff94f1c792,True,ok,641-1024
train,shiyan/data3/images/train/0325.jpg,0325,0325,.jpg,861,861,RGB,250655,3b982c7159849edfc426a9f6f1ecda495bd093d901b95b421044759808709248,True,ok,641-1024
train,shiyan/data3/images/train/0326.jpg,0326,0326,.jpg,816,816,RGB,122649,bd900010220fcad35e2f3d5c18593a3cafcedec53d1a5141390e67cc77e356e0,True,ok,641-1024
train,shiyan/data3/images/train/0327.jpg,0327,0327,.jpg,837,837,RGB,220486,8a96bcbbfa185971e1c976a0b9e9fb06639ca1c94700b686974a7e5b53c9606d,True,ok,641-1024
train,shiyan/data3/images/train/0328.jpg,0328,0328,.jpg,897,897,RGB,302146,94d6f84bced310563e8e6af79e43748a07f33bd2db1e5bdc9bdbb791417a952f,True,ok,641-1024
train,shiyan/data3/images/train/0329.jpg,0329,0329,.jpg,808,808,RGB,205026,af7e79fc3f2afcd429e1b385db089f6e6cd2df637f1eef54f912a8ef1fc0937c,True,ok,641-1024
train,shiyan/data3/images/train/0330.jpg,0330,0330,.jpg,883,883,RGB,284503,a506da72e68581164a76f3a3ac79414d05d05642e737e56ab8955db38893903f,True,ok,641-1024
train,shiyan/data3/images/train/0331.jpg,0331,0331,.jpg,802,802,RGB,239932,c5b3d26a1a33eea28e407b9fde8a8935a7933869688a8da92f9177bd7898c805,True,ok,641-1024
train,shiyan/data3/images/train/0332.jpg,0332,0332,.jpg,895,895,RGB,197450,a3c06c1fe8f77cc457d804754a27d62e5e4f15ee22b3d32fc2bd18a1db914852,True,ok,641-1024
train,shiyan/data3/images/train/0333.jpg,0333,0333,.jpg,834,834,RGB,259833,6fb124c93665944a68f2d4e3e847ee3d99cba45b8263429dc2c19f4a634cfdae,True,ok,641-1024
train,shiyan/data3/images/train/0334.jpg,0334,0334,.jpg,870,870,RGB,180238,16f4d0ca2cca7842ba4a4804ab472535a21429b8a75681f6335e67edbb01636d,True,ok,641-1024
train,shiyan/data3/images/train/0335.jpg,0335,0335,.jpg,803,803,RGB,148567,ce1a185ce1412c01522f81054bcfc410492f735a93060d96cac572d0d83c06d5,True,ok,641-1024
train,shiyan/data3/images/train/0336.jpg,0336,0336,.jpg,899,899,RGB,233313,1bfb005880039d5d400c98f380cc06ac51ef60f1e7effe0ede9b333027a28d9f,True,ok,641-1024
train,shiyan/data3/images/train/0337.jpg,0337,0337,.jpg,888,888,RGB,169453,2ae57f0edb774d46fc80e94f472962f0be2c8661df7ca33fd97a442637dd2942,True,ok,641-1024
train,shiyan/data3/images/train/0338.jpg,0338,0338,.jpg,814,814,RGB,206052,2b48dd87b45a4194723c1f0af12a2d5beeddcb6115d0cb54cbc6a7f1f653d705,True,ok,641-1024
train,shiyan/data3/images/train/0339.jpg,0339,0339,.jpg,830,830,RGB,239988,1fb3784c93a8aa419df9fd407cfeb905e0e003d70cb0bc2ec007d5f2ecfc3362,True,ok,641-1024
train,shiyan/data3/images/train/0340.jpg,0340,0340,.jpg,867,867,RGB,199868,cfde64fee7d7f929fe7ba7287e551a456071dd1d4d627e5d5606f1a7d261dd12,True,ok,641-1024
train,shiyan/data3/images/train/0341.jpg,0341,0341,.jpg,827,827,RGB,204238,1e1ecb146606cce8b5b56aaba5ec91c826e9b212c15ba96d9872958b9e094e9c,True,ok,641-1024
train,shiyan/data3/images/train/0342.jpg,0342,0342,.jpg,862,862,RGB,200924,7cfaa5ea835f6cd139789b4a6df457b358b5def3e694c43b57da39cd5bef42f4,True,ok,641-1024
train,shiyan/data3/images/train/0343.jpg,0343,0343,.jpg,897,897,RGB,203835,8609812644833ebb788ecf69775d87bc1f9c5baea7642327e1af8143208a6985,True,ok,641-1024
train,shiyan/data3/images/train/0344.jpg,0344,0344,.jpg,896,896,RGB,218622,f68bec897eb97f3b87a655a9e186aa9c19804d4869a69c1212c21790ef3ad48a,True,ok,641-1024
train,shiyan/data3/images/train/0345.jpg,0345,0345,.jpg,878,878,RGB,229461,e1bae700323ad6ddfbc821926fcef88314c0310c0f09be2550a030abc10eab6a,True,ok,641-1024
train,shiyan/data3/images/train/0346.jpg,0346,0346,.jpg,827,827,RGB,197188,1219dcfe961ddd4d999850af13e3b1672a7a404513a5ea1cd0cea2df6d6eba73,True,ok,641-1024
train,shiyan/data3/images/train/0347.jpg,0347,0347,.jpg,839,839,RGB,201155,739097fa0d4d94cb2236ab7104273edf76e636521c90723e86790a2c2ef03c5a,True,ok,641-1024
train,shiyan/data3/images/train/0348.jpg,0348,0348,.jpg,878,878,RGB,215591,39a461411c73176f5cb5f5e99b40816ff3305dcd1e87b0b891ecd7f1fd96ac82,True,ok,641-1024
train,shiyan/data3/images/train/0349.jpg,0349,0349,.jpg,805,805,RGB,204083,d05ba5a7661d05efae3fdde2a096e60acd275be139bc9a0798f6deaa1184ed3e,True,ok,641-1024
train,shiyan/data3/images/train/0350.jpg,0350,0350,.jpg,802,802,RGB,110306,82d7878a447bf3c9d07f88e524a286672b409041af8db1c250d429e5b51d4cc4,True,ok,641-1024
train,shiyan/data3/images/train/0351.jpg,0351,0351,.jpg,813,813,RGB,135725,58e696189bbca03d667f82a0ad7fd74ce9c3f4abf1f68b35dd860d82bd42042c,True,ok,641-1024
train,shiyan/data3/images/train/0352.jpg,0352,0352,.jpg,897,897,RGB,43194,e8471dff1713f980391f7aebcc28926dc6d938a51662aee10990cfdeefa28ec5,True,ok,641-1024
train,shiyan/data3/images/train/0353.jpg,0353,0353,.jpg,840,840,RGB,134491,17a01db579ff0f0a6919b36ccdd03460f96eba040d54c249f22d7db62736cd20,True,ok,641-1024
train,shiyan/data3/images/train/0354.jpg,0354,0354,.jpg,888,888,RGB,62298,bc8fb4d1ad6ee8df2ebf3ee15b4fc1b66fd39275b8a42db83b36cb0cc4798fbe,True,ok,641-1024
train,shiyan/data3/images/train/0355.jpg,0355,0355,.jpg,813,813,RGB,138337,3f3412bbba832b5f1e0ff4bd438beaa2c7fdac9abeebde4887688c9c4d804dc4,True,ok,641-1024
train,shiyan/data3/images/train/0356.jpg,0356,0356,.jpg,821,821,RGB,114981,1c3bae29579a75780ee205721d1c7e806e9097c80a5d311be8291a0d4fcfe886,True,ok,641-1024
train,shiyan/data3/images/train/0357.jpg,0357,0357,.jpg,881,881,RGB,82843,61b0ebd215b4c5f4470ad00ef3f68b7ba7cd920588a4bfa4336ad1946ed3084c,True,ok,641-1024
train,shiyan/data3/images/train/0358.jpg,0358,0358,.jpg,830,830,RGB,68997,a947f547f94b5f69d76e8c509410e04aafe63114327fd449f9acd5d3bb91399a,True,ok,641-1024
train,shiyan/data3/images/train/0359.jpg,0359,0359,.jpg,887,887,RGB,68165,f4398a579efdcac3e030afc636f7ed421b551202806b7efcb15cb5f29a649a82,True,ok,641-1024
train,shiyan/data3/images/train/0360.jpg,0360,0360,.jpg,863,863,RGB,125716,ea78c647179d7058e99957a3ba387639e58ed076b677cc12c0c1d57694d1d02a,True,ok,641-1024
train,shiyan/data3/images/train/0361.jpg,0361,0361,.jpg,862,862,RGB,78328,c5e2b558dba777cc32e24aaa866b7f947892c19b26906b39950be1e4a0c6754c,True,ok,641-1024
train,shiyan/data3/images/train/0362.jpg,0362,0362,.jpg,892,892,RGB,97204,0dcdacb2466ad4a24825ed7aaceaec07c80a728a757ac94946cc96bd5a34a391,True,ok,641-1024
train,shiyan/data3/images/train/0363.jpg,0363,0363,.jpg,801,801,RGB,15681,fac0db4ffa641978aad8655a37f6ceba3324d9bcc1ea3fc1a703d03c5d54b6df,True,ok,641-1024
train,shiyan/data3/images/train/0364.jpg,0364,0364,.jpg,828,828,RGB,56896,643944cf1124856289de6d4defb39bc7bc20a99fa65e155b709c95ed5be1ff29,True,ok,641-1024
train,shiyan/data3/images/train/0365.jpg,0365,0365,.jpg,814,814,RGB,52389,16043a00caf5c3327d89f01a4ff67bac811a563d3b272ea1f3dbeba7916f7312,True,ok,641-1024
train,shiyan/data3/images/train/0366.jpg,0366,0366,.jpg,895,895,RGB,113644,bead725dff7dd29b0eab7146fcfb63431378c41238b39138a113e17e2a80d32e,True,ok,641-1024
train,shiyan/data3/images/train/0367.jpg,0367,0367,.jpg,890,890,RGB,157824,c492825908906aae33e51403e99c41d402439bad1d8029ee54b2f04e2314a882,True,ok,641-1024
train,shiyan/data3/images/train/0368.jpg,0368,0368,.jpg,841,841,RGB,26615,5f88cb1a924a2a322a05a89389c78b570ca7525e9098a3ef834b40bfbc062810,True,ok,641-1024
train,shiyan/data3/images/train/0369.jpg,0369,0369,.jpg,875,875,RGB,67868,73092efbb707ed3094388adceb464c77bf11300c924c5b2d2a3896bdbf27066f,True,ok,641-1024
train,shiyan/data3/images/train/0370.jpg,0370,0370,.jpg,900,900,RGB,119716,34a6250d435a5f45efc743c02aedea7046fee8d8020a8ad31057cc9363681b1f,True,ok,641-1024
train,shiyan/data3/images/train/0371.jpg,0371,0371,.jpg,819,819,RGB,166644,d1b6b020ea80644ca9a798d388fc54646b388536d2cc760562b1d779f15bdaee,True,ok,641-1024
train,shiyan/data3/images/train/0372.jpg,0372,0372,.jpg,800,800,RGB,156866,39055bc4e6f540d4862c50bb8d89f1272eb2f57825606ce9107c35db0d3c9ccd,True,ok,641-1024
train,shiyan/data3/images/train/0373.jpg,0373,0373,.jpg,810,810,RGB,210644,455e57dad9797f8f5f6ed6436213b5b44d1d0423dc93478acc4ee0f2b0ed48d4,True,ok,641-1024
train,shiyan/data3/images/train/0374.jpg,0374,0374,.jpg,833,833,RGB,79729,79b755d588f16cb4aef6039d3fea8bcdfaf83b914915fa5e9e2300d42ad2af94,True,ok,641-1024
train,shiyan/data3/images/train/0375.jpg,0375,0375,.jpg,869,869,RGB,132037,509f79a56f2ae15c7f33c42588f7633e59674e3b549975676efa7c06b10e1212,True,ok,641-1024
train,shiyan/data3/images/train/0376.jpg,0376,0376,.jpg,838,838,RGB,172836,4668d6590e6519200d7cde7937ccc00293799ec920cb6d3974bede84af8e3275,True,ok,641-1024
train,shiyan/data3/images/train/0377.jpg,0377,0377,.jpg,854,854,RGB,164836,c66ba37687ec240655505db63143c966e7bee43de47b58e82104ea0bcbd39c58,True,ok,641-1024
train,shiyan/data3/images/train/0378.jpg,0378,0378,.jpg,863,863,RGB,41873,4f437c6a287da8f13de984ea85bd1993a08eee4e63b2ad9b259098c26ccb521d,True,ok,641-1024
train,shiyan/data3/images/train/0379.jpg,0379,0379,.jpg,846,846,RGB,116468,a0ca562440f0dc38c90eaa4cfb977ed19ae600ac0a7ace5c462670ce8492f5c5,True,ok,641-1024
train,shiyan/data3/images/train/0380.jpg,0380,0380,.jpg,858,858,RGB,176314,fb3a1eec34a569ed59339d1f1fcb86bec207211186d124416597e1700cc7dbf2,True,ok,641-1024
train,shiyan/data3/images/train/0381.jpg,0381,0381,.jpg,815,815,RGB,74126,fdce865eb4b486b34a20f5447ba6aa07c671181a0e4ed7a07ea1e570524f8214,True,ok,641-1024
train,shiyan/data3/images/train/0382.jpg,0382,0382,.jpg,848,848,RGB,49352,aa602e935338680320cf6afcf36a5a8f02d8deeea2b78da7379bd0c1404dc4d4,True,ok,641-1024
train,shiyan/data3/images/train/0383.jpg,0383,0383,.jpg,896,896,RGB,54103,66cc14eedbc7959f4d741bfaf14cd6216aca48cc2f00ad4ab2f8ffe7f00a7b28,True,ok,641-1024
train,shiyan/data3/images/train/0384.jpg,0384,0384,.jpg,841,841,RGB,29518,8e8892977cbcde570d050fec646d3bd1e91f67a7f5c791968c278fa1db98d1c8,True,ok,641-1024
train,shiyan/data3/images/train/0385.jpg,0385,0385,.jpg,833,833,RGB,147172,e1f64356ad6c70dbc291cacb2b6bc2663d6a305664567a56e9e9a21894ed0a03,True,ok,641-1024
train,shiyan/data3/images/train/0386.jpg,0386,0386,.jpg,811,811,RGB,113950,9ff50f94a230f242fe4bfb0c2a130cd868198f6db88f025fbac4d3d111e5436e,True,ok,641-1024
train,shiyan/data3/images/train/0387.jpg,0387,0387,.jpg,900,900,RGB,178453,f16e9d52de5f921a2bf562172392d8491839629711d873b0f32604a9f0a9de62,True,ok,641-1024
train,shiyan/data3/images/train/0388.jpg,0388,0388,.jpg,897,897,RGB,75312,cdf845c04f812370e2fa0fb3235b3bd240f06df9dcc785e7b4828c1739c7ee67,True,ok,641-1024
train,shiyan/data3/images/train/0389.jpg,0389,0389,.jpg,845,845,RGB,198565,fdeef35d3c5bc189472e416eb784449ff13fc5efbf7d4d9d4d3c213a2874d14a,True,ok,641-1024
train,shiyan/data3/images/train/0390.jpg,0390,0390,.jpg,876,876,RGB,114092,50c36f6521f6f80f73ff218070a04229911f18dfb4a872d1b3e378ab6ff81a6c,True,ok,641-1024
train,shiyan/data3/images/train/0391.jpg,0391,0391,.jpg,800,800,RGB,176219,ffb51e2a8ece44245fb37afb530f54d922ce3c96415aea197e4cc60d567ab9c9,True,ok,641-1024
train,shiyan/data3/images/train/0392.jpg,0392,0392,.jpg,1048,1048,RGB,232291,4876416702c6622eb9e33e2cc9b45eef10ed16ef671a5b3cdce426c4e74548a3,True,ok,1025-1536
train,shiyan/data3/images/train/0393.jpg,0393,0393,.jpg,820,820,RGB,153788,94805b42458d21103068ed3b66bb26b79caa51bf63333c380733082e309bac8c,True,ok,641-1024
train,shiyan/data3/images/train/0394.jpg,0394,0394,.jpg,829,829,RGB,118414,b1af4dd5d9eeff896da4d8c0c6f9973cce39c8c11eea5324712c37f994d676b7,True,ok,641-1024
train,shiyan/data3/images/train/0395.jpg,0395,0395,.jpg,872,872,RGB,212009,75e558d0fcbb8e8da4fc8f35885ed5f2b9f5a606725d74bdbaa2e6d77bd44153,True,ok,641-1024
train,shiyan/data3/images/train/0396.jpg,0396,0396,.jpg,880,880,RGB,130768,a2a704965e4a66e09ae303afe426c7fa6b51c85bb914094b01e4c8eeac1fe3ea,True,ok,641-1024
train,shiyan/data3/images/train/0397.jpg,0397,0397,.jpg,811,811,RGB,118345,93c79b63531f8f2403a06d7734bb6f983d697113a58d0255d409ed2fa3ee5857,True,ok,641-1024
train,shiyan/data3/images/train/0398.jpg,0398,0398,.jpg,831,831,RGB,99567,a0877e1174a06408bd168473131c161d32f1a678b937ae854ffe39794e6f957d,True,ok,641-1024
train,shiyan/data3/images/train/0399.jpg,0399,0399,.jpg,868,868,RGB,85326,9554e192b5b2fff76010e0e1aef079de5fdc5b6c9a25ac9a883a403dfa3076e2,True,ok,641-1024
train,shiyan/data3/images/train/0400.jpg,0400,0400,.jpg,871,871,RGB,123458,62ffd4209cfaa6acae9fb1997f03c283fff0e45f642b327d7ec87ae7fd9cd14b,True,ok,641-1024
train,shiyan/data3/images/train/0401.jpg,0401,0401,.jpg,859,859,RGB,142615,ba299c7e8a3c0d47d395e95ecfb47171aae3ddad286ffd2a65939b03db66d12c,True,ok,641-1024
train,shiyan/data3/images/train/0402.jpg,0402,0402,.jpg,836,836,RGB,114991,1ae2bd526d188005cbdd89ed5c9d740be820ac5c9922b112817435ebd9e5c998,True,ok,641-1024
train,shiyan/data3/images/train/0403.jpg,0403,0403,.jpg,838,838,RGB,67712,07fa493a4c07a19ecbfce26db0fe8a7ddd6dd7a96d5b5ca9dfa73056bf462cd6,True,ok,641-1024
train,shiyan/data3/images/train/0404.jpg,0404,0404,.jpg,894,894,RGB,177322,b5a5503b8d8f9cd5e18ce69a05c180c64723f68cbbcc3cb9f072661a0c25a832,True,ok,641-1024
train,shiyan/data3/images/train/0405.jpg,0405,0405,.jpg,814,814,RGB,174806,f4ffaff2e7a88f6637a5e95e1b5eaf2232409e63935bd7120ed1702d91a2f90a,True,ok,641-1024
train,shiyan/data3/images/train/0406.jpg,0406,0406,.jpg,891,891,RGB,193699,0bd0a5081c1905046a46897ea1b2b48879c7bc903b5d1287619d64467caa1b16,True,ok,641-1024
train,shiyan/data3/images/train/0407.jpg,0407,0407,.jpg,802,802,RGB,166837,cd23eceb41f87797be72a85732819632a1a205a005e3cbe5e6dab5c4d9534504,True,ok,641-1024
train,shiyan/data3/images/train/0408.jpg,0408,0408,.jpg,834,834,RGB,189741,1fb1ad6faa53c497ceb8b51bd856b2d25d748070d8443d9cb8de9c6901c3e418,True,ok,641-1024
train,shiyan/data3/images/train/0409.jpg,0409,0409,.jpg,880,880,RGB,185169,0b783747e92b9fea96efdea8c9b16111b3f99c5e787809783e670b2ffc1012a0,True,ok,641-1024
train,shiyan/data3/images/train/0410.jpg,0410,0410,.jpg,862,862,RGB,174531,5a35be4d366e16606bb6643f133ece7735011c8d28cac41caa84b48630b5b652,True,ok,641-1024
train,shiyan/data3/images/train/0411.jpg,0411,0411,.jpg,843,843,RGB,153213,69c25cb20f221cd69ee073cfea1b5070a76d2dc988cec3f362cf52be26724ace,True,ok,641-1024
train,shiyan/data3/images/train/0412.jpg,0412,0412,.jpg,848,848,RGB,61158,97f95afc99ca2ca2276ac8736a87afe2aeeaa465928ac6c0d0787a59c875d09a,True,ok,641-1024
train,shiyan/data3/images/train/0413.jpg,0413,0413,.jpg,812,812,RGB,201932,06051694c9107324893d5d0623c94f418ef71132b9cb45b4433f76e0bb461e99,True,ok,641-1024
train,shiyan/data3/images/train/0414.jpg,0414,0414,.jpg,821,821,RGB,201447,3fb4eb2586cff4b909493aa0463dd30efb2683015d1b73e5284e803a86b2479b,True,ok,641-1024
train,shiyan/data3/images/train/0415.jpg,0415,0415,.jpg,874,874,RGB,251754,d1bdfa53d5ecaac830aeae229f9b0c5e998fada83add36a39a9de71ab228eab4,True,ok,641-1024
train,shiyan/data3/images/train/0416.jpg,0416,0416,.jpg,805,805,RGB,166972,c6a1d52410cb93350794281e443eab26d9cfae23bb439550e32e9b2403a14378,True,ok,641-1024
train,shiyan/data3/images/train/0417.jpg,0417,0417,.jpg,892,892,RGB,207548,63486f7e755f0a1031c5fa71d2687b380aa1a3a24010298b90b92a5aecf20b66,True,ok,641-1024
train,shiyan/data3/images/train/0418.jpg,0418,0418,.jpg,859,859,RGB,209723,31f26a148c76a19160e0d82fe13c6d3a3dfd7b2a97d0b3c788b027bd90fa1d5d,True,ok,641-1024
train,shiyan/data3/images/train/0419.jpg,0419,0419,.jpg,866,866,RGB,202764,df1a26a76304ee3227cb771f96d26a34df120de8d7c3a2db217ce9c422e3f31e,True,ok,641-1024
train,shiyan/data3/images/train/0420.jpg,0420,0420,.jpg,899,899,RGB,233434,7c4e20ee23e29a1fe8823138a31ab0d33be15193a99055efd169e860925d6d01,True,ok,641-1024
train,shiyan/data3/images/train/0421.jpg,0421,0421,.jpg,802,802,RGB,214089,5f8f365e588d826eb062fb4b30cd2acfc4e53fcb7b26e073ef8beef94fa7b0b0,True,ok,641-1024
train,shiyan/data3/images/train/0422.jpg,0422,0422,.jpg,800,800,RGB,197294,b6210df837a13388e15d77f112918f184dfd6130ee58b3ba5380dd84f5ca40b6,True,ok,641-1024
train,shiyan/data3/images/train/0423.jpg,0423,0423,.jpg,816,816,RGB,182013,f5e30641476b322292a8dbb43d09e2563f438d73cbdea084a87402cc636ca8fb,True,ok,641-1024
train,shiyan/data3/images/train/0424.jpg,0424,0424,.jpg,863,863,RGB,188236,2bd5cbf8067fa8d99f1cf7cbd5208d88500ddb5c862b1972b3fc43fd8baf91e2,True,ok,641-1024
train,shiyan/data3/images/train/0425.jpg,0425,0425,.jpg,813,813,RGB,259148,561dec1abcb5b2b0d3a6d0a93cc6f2ed359e6a5bfe9c8d669e650ef40bdcae4e,True,ok,641-1024
train,shiyan/data3/images/train/0426.jpg,0426,0426,.jpg,829,829,RGB,200235,dca55e12a9b57a411c757b27ff69350483a2915f4076b3a68c3c37073d961c28,True,ok,641-1024
train,shiyan/data3/images/train/0427.jpg,0427,0427,.jpg,841,841,RGB,222426,0403ae1b801aebb18f8325bf02ace4bd554b23d04bfa8d1181aaae407e4624bf,True,ok,641-1024
train,shiyan/data3/images/train/0428.jpg,0428,0428,.jpg,884,884,RGB,208084,cd9f5e5020e7e89fa3f3db4a6719626de4618e38ef3c42360e320f50942e3088,True,ok,641-1024
train,shiyan/data3/images/train/0429.jpg,0429,0429,.jpg,834,834,RGB,203966,2cb5ab2264ebd899809f1fdebb518ef17229acfacb6e65a5fe09bda33ee8c80e,True,ok,641-1024
train,shiyan/data3/images/train/0430.jpg,0430,0430,.jpg,802,802,RGB,178821,fa46203ce5b05c117cc283111a63d139d0c51782eefb3f69c554c7a7d553579d,True,ok,641-1024
train,shiyan/data3/images/train/0431.jpg,0431,0431,.jpg,809,809,RGB,165091,3c374840fe1d31b9020f3c5fb10bbf78fa0282219fa82dc9d4ef4dccb09ae867,True,ok,641-1024
train,shiyan/data3/images/train/0432.jpg,0432,0432,.jpg,876,876,RGB,225659,49280c88a84efab92a816db51924e9c29eced7fd7ac78663e603813a1cca6e0b,True,ok,641-1024
train,shiyan/data3/images/train/0433.jpg,0433,0433,.jpg,878,878,RGB,191878,259d4ed54d008e89937f32e7c553ac13f9c740b88b09f0ffc1b5c212b5522f8f,True,ok,641-1024
train,shiyan/data3/images/train/0434.jpg,0434,0434,.jpg,879,879,RGB,219058,3d03c96562fe22e8bfba75ea0fc5cac68c104b915d12875442e293ca9f1b37a2,True,ok,641-1024
train,shiyan/data3/images/train/0435.jpg,0435,0435,.jpg,1003,1003,RGB,254650,85e62a0351bcc1f4c115b2cc0c4906e6619d5fcefe8d9d5705c36e45873787fe,True,ok,641-1024
train,shiyan/data3/images/train/0436.jpg,0436,0436,.jpg,900,900,RGB,266582,c164a9353aa4a461d467b05c5d82f94e8f956dfd917c3c8f3f117fb50ec826d1,True,ok,641-1024
train,shiyan/data3/images/train/0437.jpg,0437,0437,.jpg,832,832,RGB,192972,d17aead8031dc44ef3dbc688d21575fb1bf6cc710c6e436aafbbad783836e39c,True,ok,641-1024
train,shiyan/data3/images/train/0438.jpg,0438,0438,.jpg,819,819,RGB,165280,1afb978659a899f15e7e7f3f3eaf7e3588abba2c3d4f74212067700848cc62b1,True,ok,641-1024
train,shiyan/data3/images/train/0439.jpg,0439,0439,.jpg,857,857,RGB,259306,9faeed31d743b9cc46f4bd3972cf47b8e4e38b1ec755c70fca8041d196c367f2,True,ok,641-1024
train,shiyan/data3/images/train/0440.jpg,0440,0440,.jpg,867,867,RGB,259396,4a3056903f527795b343acce2faed5491fbabceb120bf8f99884e2a292de44c8,True,ok,641-1024
train,shiyan/data3/images/train/0441.jpg,0441,0441,.jpg,820,820,RGB,265148,dd8e7eaef3a3d347278e3aee983afb0b270e79946f4b29325b5fde0056a34895,True,ok,641-1024
train,shiyan/data3/images/train/0442.jpg,0442,0442,.jpg,836,836,RGB,203722,30461fc8de89e1a82411e35a193dba1c431b0d3e513fcd999c5b46f504339459,True,ok,641-1024
train,shiyan/data3/images/train/0443.jpg,0443,0443,.jpg,894,894,RGB,236992,e315802fbdf50d72c5491a196d2d684904d3c3384419e63a30e67faf9f91a9b3,True,ok,641-1024
train,shiyan/data3/images/train/0444.jpg,0444,0444,.jpg,865,865,RGB,217647,0ef495d0fce5b25731fba1e5c833f1ee14ef7b208a64fffadcef664f47b4aad5,True,ok,641-1024
train,shiyan/data3/images/train/0445.jpg,0445,0445,.jpg,893,893,RGB,212148,352eee734798ef8659e1260b99a8a8fdbe84b1894ef2dec86f3720caef169746,True,ok,641-1024
train,shiyan/data3/images/train/0446.jpg,0446,0446,.jpg,834,834,RGB,202081,4254184910d5f2b574b962c6da88c682bf9468b5169502320af10547a3a68809,True,ok,641-1024
train,shiyan/data3/images/train/0447.jpg,0447,0447,.jpg,854,854,RGB,186063,6e986fd9f2fc0cc8cb14d50effffa6956e660d588a02c87170f0c42f3744ca88,True,ok,641-1024
train,shiyan/data3/images/train/0448.jpg,0448,0448,.jpg,831,831,RGB,168330,09f7b9b094ca2236eb2c0340496085f70210cdcb1f510983aa92755edf049682,True,ok,641-1024
train,shiyan/data3/images/train/0449.jpg,0449,0449,.jpg,1119,1119,RGB,395271,edd79c827b04b83cbf36c065141b7a2350f7e16cbc1d0dad47610ccd22db0656,True,ok,1025-1536
train,shiyan/data3/images/train/0450.jpg,0450,0450,.jpg,884,884,RGB,197773,16d5927c9c3d44c91efea2f78c02d8723061e3d810818643ebfa2fd20ff8466f,True,ok,641-1024
train,shiyan/data3/images/train/0451.jpg,0451,0451,.jpg,898,898,RGB,208911,54cad57af28a7c81fc20bee817a5416717eab658aae905a439abfd085e1e7186,True,ok,641-1024
train,shiyan/data3/images/train/0452.jpg,0452,0452,.jpg,891,891,RGB,230516,38d1c3f279f3cf563b0b67d0c40128ac23ddbb8724cd0f8cfc300c5220951ad5,True,ok,641-1024
train,shiyan/data3/images/train/0453.jpg,0453,0453,.jpg,868,868,RGB,219073,b157a80ad0b3cbdfa84aa8a701afb70c5010009253ac7ae5f7abddcb89d0d2bc,True,ok,641-1024
train,shiyan/data3/images/train/0454.jpg,0454,0454,.jpg,875,875,RGB,283873,612b70b0ca26b02228315153a41f8ac8812096ad2624454df99aa966d5162c18,True,ok,641-1024
train,shiyan/data3/images/train/0455.jpg,0455,0455,.jpg,835,835,RGB,244240,4d0e7d16cfaf392d903c46cb4cde73e462abe077265688d7328feadcc88ba561,True,ok,641-1024
train,shiyan/data3/images/train/0456.jpg,0456,0456,.jpg,822,822,RGB,260870,24e1cfc82e357228d91c1f8045a654b4e339f18cbc2e190e2ec2bfaa225d11bd,True,ok,641-1024
train,shiyan/data3/images/train/0457.jpg,0457,0457,.jpg,847,847,RGB,291576,5aff51dcaf54ab7c80504c622896d20e6091a4e8985c3263ce898277c056ee3a,True,ok,641-1024
train,shiyan/data3/images/train/0458.jpg,0458,0458,.jpg,882,882,RGB,314042,42cf496019d4d18f057be012d1ff3fb3218cef7ae17fcfff8cdb3e2d886a8965,True,ok,641-1024
train,shiyan/data3/images/train/0459.jpg,0459,0459,.jpg,853,853,RGB,217767,3a6daef95f5af0c2c5540419f61da7c413d1081f99f7ca5b000638e62b504d49,True,ok,641-1024
train,shiyan/data3/images/train/0460.jpg,0460,0460,.jpg,826,826,RGB,217589,ce851e6a460cf2ace5e79049f1804ac17c8dddbdbb7fbc0c00f0fc77c58c1d19,True,ok,641-1024
train,shiyan/data3/images/train/0461.jpg,0461,0461,.jpg,875,875,RGB,252178,fe92822e9d404037ad3919cc2404c416c212e8f37f0f1a2b79b52b5f564ce7c9,True,ok,641-1024
train,shiyan/data3/images/train/0462.jpg,0462,0462,.jpg,868,868,RGB,213693,572590300525093bfabda8702fe14750a422577683306890740c7d7c7ff2fd1d,True,ok,641-1024
train,shiyan/data3/images/train/0463.jpg,0463,0463,.jpg,860,860,RGB,187543,2de3608179b3175b81b3add3853185253a11627ad081e9859d2f667863daef88,True,ok,641-1024
train,shiyan/data3/images/train/0464.jpg,0464,0464,.jpg,838,838,RGB,190304,984514218f17ded2d469b937479ccb4e19899b2e52f324856e0228f900509b82,True,ok,641-1024
train,shiyan/data3/images/train/0465.jpg,0465,0465,.jpg,822,822,RGB,99554,2f2096f24fcad1b2282025c0a60db8befc05443d83f4023cc9f6b3b8668a51a7,True,ok,641-1024
train,shiyan/data3/images/train/0466.jpg,0466,0466,.jpg,820,820,RGB,99432,c57b6763733c238e31c065a3723e87ba0e273c2c65cc20e9427686a9cea3c515,True,ok,641-1024
train,shiyan/data3/images/train/0467.jpg,0467,0467,.jpg,811,811,RGB,165030,349d48bc256f07db7a598df70283f92937c0a0076d64a8fadc61f7772d21950b,True,ok,641-1024
train,shiyan/data3/images/train/0468.jpg,0468,0468,.jpg,825,825,RGB,184111,4216b86497e9e797b20e887e189a4707b24a2da97380ee7426d4f828b8731306,True,ok,641-1024
train,shiyan/data3/images/train/0469.jpg,0469,0469,.jpg,835,835,RGB,160567,c7775399079184da6568ecd902e9a89062fc98b3c3ce6b20b4a7850ab01ab86b,True,ok,641-1024
train,shiyan/data3/images/train/0470.jpg,0470,0470,.jpg,850,850,RGB,190720,bf0491e855163b636fad938d5a5954750b6d4201ed2a6557df59e6413776c35d,True,ok,641-1024
train,shiyan/data3/images/train/0471.jpg,0471,0471,.jpg,848,848,RGB,179814,410bf0808c77213dd029375444a67a4f531c94b4d01db50b350f57ff0f43a2db,True,ok,641-1024
train,shiyan/data3/images/train/0472.jpg,0472,0472,.jpg,843,843,RGB,232941,cf955fcdae74e1a81bcbd8fcec03341799e6cc2423da93fd85ca5d7ffad0b20e,True,ok,641-1024
train,shiyan/data3/images/train/0473.jpg,0473,0473,.jpg,892,892,RGB,278510,508d0590c144bf23b2104cda8bdf386076f3066c7841f3fc0859dd6535380f8d,True,ok,641-1024
train,shiyan/data3/images/train/0474.jpg,0474,0474,.jpg,805,805,RGB,121200,b5c1cc288c47ad638dddc6d81b0ff36572176b0fbef18808ee58fe84c481c5f2,True,ok,641-1024
train,shiyan/data3/images/train/0475.jpg,0475,0475,.jpg,812,812,RGB,183951,60007976b2e388066a0b6e8544606c9d9d933aba092bc1455f81cf66eafd0f6f,True,ok,641-1024
train,shiyan/data3/images/train/0476.jpg,0476,0476,.jpg,871,871,RGB,188328,f29b4c332308bb009fd7245b9a1f159e5ed4194043b5a0e30db3dad0c7b90aed,True,ok,641-1024
train,shiyan/data3/images/train/0477.jpg,0477,0477,.jpg,894,894,RGB,195713,d8ce137acfa46a1ae16270be09500851172a6f16529ce02475fd06a905a3aa20,True,ok,641-1024
train,shiyan/data3/images/train/0478.jpg,0478,0478,.jpg,844,844,RGB,144946,6f0537e92b384be8a0d35a3740bcad6ed138c13a37b28654a10a9a09d73f7994,True,ok,641-1024
train,shiyan/data3/images/train/0479.jpg,0479,0479,.jpg,819,819,RGB,47152,be34d52219d15eef6667df7b1a1627f0bc943a0d74eb7841b0004112098ed403,True,ok,641-1024
train,shiyan/data3/images/train/0480.jpg,0480,0480,.jpg,804,804,RGB,221232,e602f208354b861d518ce8454eb8f54810781ae0fc71bdc8f748f68b9bbcd41a,True,ok,641-1024
train,shiyan/data3/images/train/0481.jpg,0481,0481,.jpg,875,875,RGB,146438,d0ac17238d8f97d975ce530a6b53965149ae0a5ddfc5caa4daca073ae99d318f,True,ok,641-1024
train,shiyan/data3/images/train/0482.jpg,0482,0482,.jpg,814,814,RGB,165482,07097bddcf9e11de423e4f034ea351b9518501e8b875ae166a8b8707bc3790ba,True,ok,641-1024
train,shiyan/data3/images/train/0483.jpg,0483,0483,.jpg,894,894,RGB,113227,e7201abab68cc1a7e461a280a9651091d08fc7eb87fca64a8eb304613e7e7a2f,True,ok,641-1024
train,shiyan/data3/images/train/0484.jpg,0484,0484,.jpg,847,847,RGB,55158,3c9a51ad9b2ab1877bf6fd0a99fd3036c353204744f2c0d3c90973e920ff6c1a,True,ok,641-1024
train,shiyan/data3/images/train/0485.jpg,0485,0485,.jpg,848,848,RGB,204452,1fbdad14386d74805f842b4fc886e307004e55366ba36ce8bf993eeb6c519187,True,ok,641-1024
train,shiyan/data3/images/train/0486.jpg,0486,0486,.jpg,831,831,RGB,36128,78d5402991a5a09e98779a3730cc87763b69090baf7b3e998613450face4f8f8,True,ok,641-1024
train,shiyan/data3/images/train/0487.jpg,0487,0487,.jpg,823,823,RGB,106014,3ccec0fdec4f5673e8bf1c36c561228d6171958c3d521282cd27044ded0fb7d6,True,ok,641-1024
train,shiyan/data3/images/train/0488.jpg,0488,0488,.jpg,839,839,RGB,207918,b879bb8826ce980696a680668d19ee4db753ecdfb24db6e8fea694d53f8b0b16,True,ok,641-1024
train,shiyan/data3/images/train/0489.jpg,0489,0489,.jpg,809,809,RGB,156898,e23ea1799afefb9a43bbc818f4ad9cd87d1564d56ce72b75836cee4fdaf7764c,True,ok,641-1024
train,shiyan/data3/images/train/0490.jpg,0490,0490,.jpg,899,899,RGB,179384,2b6c64e0d5d4c57ac6d956447978762fd849685243061f5e10ef03f95a428719,True,ok,641-1024
train,shiyan/data3/images/train/0491.jpg,0491,0491,.jpg,894,894,RGB,223320,fbb605d4f0cdac53e7b2f037a5e73a303fb16777dcef94c1b0a9fd97014c63db,True,ok,641-1024
train,shiyan/data3/images/train/0492.jpg,0492,0492,.jpg,859,859,RGB,189435,2f8a6eade468940db4491d8049425287f2bb1f37a805f52f143d98a372942886,True,ok,641-1024
train,shiyan/data3/images/train/0493.jpg,0493,0493,.jpg,886,886,RGB,259195,41dd4622c573f1280f1ae9682d648f718cf8f624f65516428311b00c75350caf,True,ok,641-1024
train,shiyan/data3/images/train/0494.jpg,0494,0494,.jpg,801,801,RGB,144735,5957d36089fe96dec27495897412d19aae4dff6baf6aad2e551d9a5354d74810,True,ok,641-1024
train,shiyan/data3/images/train/0495.jpg,0495,0495,.jpg,827,827,RGB,265708,d3b426fde6ffa528d5bd54bf3732e9809e1bf4fd9165b5b05b9a616879a0b848,True,ok,641-1024
train,shiyan/data3/images/train/0496.jpg,0496,0496,.jpg,819,819,RGB,192925,dc9d9fdda5cdda07a359fb0e3f78ce9dcae7236dc4647e970d470134077d7b55,True,ok,641-1024
train,shiyan/data3/images/train/0497.jpg,0497,0497,.jpg,826,826,RGB,148724,f3f13bda74084db71e87e69ca2553bbda74c2721086e8da72ff0a43160a9beec,True,ok,641-1024
train,shiyan/data3/images/train/0498.jpg,0498,0498,.jpg,801,801,RGB,126364,53ba8850036bfb956ab93fb31ca55bf0998d141d470a9c9ffe92ef336a1244e5,True,ok,641-1024
train,shiyan/data3/images/train/0499.jpg,0499,0499,.jpg,808,808,RGB,164448,ae8155863b50e8f39ba57c765b56a111bca2cd8db2c6e547664aad57a32ef87f,True,ok,641-1024
train,shiyan/data3/images/train/0500.jpg,0500,0500,.jpg,866,866,RGB,261489,6badf9bf2ab97930486832dc9d811573027a0117582934eca85c4965b9a0ee20,True,ok,641-1024
train,shiyan/data3/images/train/0501.jpg,0501,0501,.jpg,891,891,RGB,230901,fda53f1bb5b6184097d627c726c67428cb78ca594eb7b4dd67179edb5f5d11db,True,ok,641-1024
train,shiyan/data3/images/train/0502.jpg,0502,0502,.jpg,841,841,RGB,119771,7449db5a015f070cdfd863bdf30c32cfd23394232c2a7aae20b40a86f2f7c067,True,ok,641-1024
train,shiyan/data3/images/train/0503.jpg,0503,0503,.jpg,853,853,RGB,81501,23ede14acb011a511a0653950c60660d529699c3b227fd6aa7518f8f29de45b7,True,ok,641-1024
train,shiyan/data3/images/train/0504.jpg,0504,0504,.jpg,853,853,RGB,133440,a2d2d4344207584fbbdd40cacce604f60cc68c270a177e0d3187390ea3049da6,True,ok,641-1024
train,shiyan/data3/images/train/0505.jpg,0505,0505,.jpg,840,840,RGB,194572,cee5a4a0432c47032264752e5bc26951dca9b86d0d24596c6a3fa0f63f0b925f,True,ok,641-1024
train,shiyan/data3/images/train/0506.jpg,0506,0506,.jpg,800,800,RGB,79019,1edc79efe5ebe5196e3b865d1d30716d8daadff143e4f00217b6c83aaad97b52,True,ok,641-1024
train,shiyan/data3/images/train/0507.jpg,0507,0507,.jpg,827,827,RGB,87562,4829e03013d7dc4472ff7f1707899ea8d3af4e57a25768b770aea598b0a35c1d,True,ok,641-1024
train,shiyan/data3/images/train/0508.jpg,0508,0508,.jpg,813,813,RGB,90399,933250b92f0642a78fa2ddd3c3a0e0e9df8cfe297d8cbdcaedf0ff612d0c01a9,True,ok,641-1024
train,shiyan/data3/images/train/0509.jpg,0509,0509,.jpg,805,805,RGB,123391,7ce369e7c40fd9d4ea66b61617abdfecaa87c5c06330318c17669449374c910d,True,ok,641-1024
train,shiyan/data3/images/train/0510.jpg,0510,0510,.jpg,893,893,RGB,194885,2139a6634ca4d55ea84b54a20f14d09b912facad367d793492be804d2f64044c,True,ok,641-1024
train,shiyan/data3/images/train/0511.jpg,0511,0511,.jpg,851,851,RGB,150588,0313fd74161851c81af83823931ebf5b7fb02eb45c1974505b8403d404791d06,True,ok,641-1024
train,shiyan/data3/images/train/0512.jpg,0512,0512,.jpg,853,853,RGB,157832,1a167f571b7e4b959d5ab00466ff0a4decb6e8f22b790c1d8997fbe2a6929d6b,True,ok,641-1024
train,shiyan/data3/images/train/0513.jpg,0513,0513,.jpg,825,825,RGB,162242,2f9bbaea6e91be57b2259d257ea5c2fea8491ef02926c5461c4f904dfafeac9f,True,ok,641-1024
train,shiyan/data3/images/train/0514.jpg,0514,0514,.jpg,812,812,RGB,376022,9d81981c6417840eb92ccdc73afb1e5b25b38da221ae7ffca7b72c3e0f1ff453,True,ok,641-1024
train,shiyan/data3/images/train/0515.jpg,0515,0515,.jpg,867,867,RGB,335879,9cafc8ea1f7cbdcadfb66a148edbc180b61185fd1c81fc9e456c918193bfe461,True,ok,641-1024
train,shiyan/data3/images/train/0516.jpg,0516,0516,.jpg,807,807,RGB,383246,b49ee9cc47b5937bf5130d7f850701df6ae0787d4887283f26b58e9a08df9342,True,ok,641-1024
train,shiyan/data3/images/train/0517.jpg,0517,0517,.jpg,801,801,RGB,359639,a1faad400b4f896205ae8313d6bbe1f7dc57239f81e10f42f569dc831e68ad42,True,ok,641-1024
train,shiyan/data3/images/train/0518.jpg,0518,0518,.jpg,850,850,RGB,398282,f283b61dd00732352abcd7c2028efaf64b6d06bf3f701635340080cd40ee43b8,True,ok,641-1024
train,shiyan/data3/images/train/0519.jpg,0519,0519,.jpg,841,841,RGB,158759,c1d0ac78243e1f33d06bf9972a3b8ba76110556751c8c4841b332168176dbf70,True,ok,641-1024
train,shiyan/data3/images/train/0520.jpg,0520,0520,.jpg,869,869,RGB,104567,4936f436987196523b61d5c6872736c47b4052abc412578d27679c08207acce5,True,ok,641-1024
train,shiyan/data3/images/train/0521.jpg,0521,0521,.jpg,885,885,RGB,165796,961c578bb00e68dc1119b043e67f907d2cfde012bd5d12de9e7e3df66b805747,True,ok,641-1024
train,shiyan/data3/images/train/0522.jpg,0522,0522,.jpg,858,858,RGB,203599,c670e474a1c3d054361ea5671b5899e9b2ab5ddd06707cc3d2b7e73b711e565a,True,ok,641-1024
train,shiyan/data3/images/train/0523.jpg,0523,0523,.jpg,864,864,RGB,160501,82688861368901e4d0a4c96657f8a8e0c4ef39e65dd012ebbf9c8e639f4c572c,True,ok,641-1024
train,shiyan/data3/images/train/0524.jpg,0524,0524,.jpg,847,847,RGB,178373,e5bd2e992fe62ba87f10bf2586c86301e27a0f047a41ffb8b6f99a1c09de7ebf,True,ok,641-1024
train,shiyan/data3/images/train/0525.jpg,0525,0525,.jpg,878,878,RGB,167278,c8ef7fd1ab5dbd3e1ba19325f5aa337b90ee34ceab504a9324c8ca6c0cf6c3d8,True,ok,641-1024
train,shiyan/data3/images/train/0526.jpg,0526,0526,.jpg,867,867,RGB,204427,7d5a1c4e05bd04debb4dea4b83badf57faa81af57ecdbc0a13331d7d621e7d5b,True,ok,641-1024
train,shiyan/data3/images/train/0527.jpg,0527,0527,.jpg,867,867,RGB,339660,3362a1c7e28bf35051f57418a50f14d6bf1aa24468e6c606cd4ae3d98ecc9554,True,ok,641-1024
train,shiyan/data3/images/train/0528.jpg,0528,0528,.jpg,872,872,RGB,341813,b6ee1382cedb8683c0c21c6ac7b479d82b0c2123c36275fcd1443a8d31e3b6c3,True,ok,641-1024
train,shiyan/data3/images/train/0529.jpg,0529,0529,.jpg,817,817,RGB,129961,6485df57545625f2df9d4d53c7b6c52b41d8f59246a3a7074658520da4aa1bf3,True,ok,641-1024
train,shiyan/data3/images/train/0530.jpg,0530,0530,.jpg,873,873,RGB,165606,ce7cf2784fdc25b29bdb4896115b36727b2bb5fb1ec4a2d670cf5e12562c1c0c,True,ok,641-1024
train,shiyan/data3/images/train/0531.jpg,0531,0531,.jpg,894,894,RGB,191252,224fb47c8503ccf8ffc3859deaad67dd512148a47b46db4656e50281d46385d1,True,ok,641-1024
train,shiyan/data3/images/train/0532.jpg,0532,0532,.jpg,860,860,RGB,146388,5674b3cdcda1f36e21fbaabc259f5e1b36d2ad9aac54a50d6b0f69715009fd0f,True,ok,641-1024
train,shiyan/data3/images/train/0533.jpg,0533,0533,.jpg,804,804,RGB,177247,d93c047f6f518f289b98d4c3f47cd846de3ef27189e31a96bb5760482ff72954,True,ok,641-1024
train,shiyan/data3/images/train/0534.jpg,0534,0534,.jpg,870,870,RGB,129114,f3c19df6c22ab54020e449de59e30ef91ac137f7fb42dd6fc75d1763ac787c4b,True,ok,641-1024
train,shiyan/data3/images/train/0535.jpg,0535,0535,.jpg,840,840,RGB,119051,0bfdcca898e949e42e55c121307e6861bcab04f5bbbbae88125a7fb26b445ae1,True,ok,641-1024
train,shiyan/data3/images/train/0536.jpg,0536,0536,.jpg,888,888,RGB,179670,5bc97402b5d26a4092d60f808143dadfbc9e9b058a05fedb58e154e10cbb0a99,True,ok,641-1024
train,shiyan/data3/images/train/0537.jpg,0537,0537,.jpg,848,848,RGB,321653,4f587728a862035ca2203caa6e9619a803f22ab52721866248d3946ae600df3d,True,ok,641-1024
train,shiyan/data3/images/train/0538.jpg,0538,0538,.jpg,847,847,RGB,302544,6bbd49063730bfef5dceccf7b98e0b755d1f0011f9c0065d7bf986b763d29b7c,True,ok,641-1024
train,shiyan/data3/images/train/0539.jpg,0539,0539,.jpg,878,878,RGB,279248,e6edd38e86960f353bce6c63ec560aa40a9d88c41ce59af23ec38068d79bb728,True,ok,641-1024
train,shiyan/data3/images/train/0540.jpg,0540,0540,.jpg,844,844,RGB,281209,64cd38c9e03645507d534ade1e4cc4dba70a318564e561cb5530cf702a6109e8,True,ok,641-1024
train,shiyan/data3/images/train/0541.jpg,0541,0541,.jpg,855,855,RGB,191221,7c1f35d63520670f088a626b24cb4d39ed056618a340b061bdec72f7eaee6f98,True,ok,641-1024
train,shiyan/data3/images/train/0542.jpg,0542,0542,.jpg,824,824,RGB,171958,4ae051fa713493e660b4d303883a1bf53375211bf3f44b5ebdae83d4901aa67b,True,ok,641-1024
train,shiyan/data3/images/train/0543.jpg,0543,0543,.jpg,881,881,RGB,177493,fd2acfc33bfcbc51abd23ef978522bbc9ac6065d411076f0fa36e401f73fcdf7,True,ok,641-1024
train,shiyan/data3/images/train/0544.jpg,0544,0544,.jpg,884,884,RGB,254366,bf8efdb6fcfe9f2a55e4a6fda980f2f96520be6683a6de8ada482d4c2cdbe5a2,True,ok,641-1024
train,shiyan/data3/images/train/0545.jpg,0545,0545,.jpg,898,898,RGB,122897,267fc7c41e1189dab737c9c697f5cd8cf77abee00a4c942cb273e2c43922aa86,True,ok,641-1024
train,shiyan/data3/images/train/0546.jpg,0546,0546,.jpg,876,876,RGB,158886,24f7e14930cbbc9a463a20bb6fb0107cb23c121f59e67c3f88de788172519b41,True,ok,641-1024
train,shiyan/data3/images/train/0547.jpg,0547,0547,.jpg,886,886,RGB,111244,b2fed0c8f34190e4c1d6b3ee3531edba279d1b2c435a5731fb93d9cbc372ca92,True,ok,641-1024
train,shiyan/data3/images/train/0548.jpg,0548,0548,.jpg,880,880,RGB,186864,c963d0c0a69ffbcf7749092b43c28cbafdad63dba2348aa751f742ee093118a6,True,ok,641-1024
train,shiyan/data3/images/train/0549.jpg,0549,0549,.jpg,868,868,RGB,214836,18e1565d9f7e6fb28a80253b65dd86e4f6dab4e9858cd1efb69ea3019c13eaa1,True,ok,641-1024
train,shiyan/data3/images/train/0550.jpg,0550,0550,.jpg,821,821,RGB,156284,48a12470225442dbce87b5c443db8bb6a6adc7fceed75eebe678073109cd6203,True,ok,641-1024
train,shiyan/data3/images/train/0551.jpg,0551,0551,.jpg,887,887,RGB,237821,5ca8c619ef02625e25953cdb5e351172c622572ee115dba2694cfab38fdd5292,True,ok,641-1024
train,shiyan/data3/images/train/0552.jpg,0552,0552,.jpg,881,881,RGB,268738,9a8cec69eea539dd03d5f0a938081fd451c5f16f88bc573ea48cc24f57d8a860,True,ok,641-1024
train,shiyan/data3/images/train/0553.jpg,0553,0553,.jpg,848,848,RGB,273014,3d82f264d5bb27ac624302590022c6476771e323660a85b7639d956645533352,True,ok,641-1024
train,shiyan/data3/images/train/0554.jpg,0554,0554,.jpg,884,884,RGB,297959,615b06ff69aa9d13e4df800b0c65f5e0068a5f5669ca7010f0ac51e568cb0a80,True,ok,641-1024
train,shiyan/data3/images/train/0555.jpg,0555,0555,.jpg,866,866,RGB,208149,6656675c62b66cc5d11ea7a7b8cdc2807b006e60b9d153f7a82ed399829cb281,True,ok,641-1024
train,shiyan/data3/images/train/0556.jpg,0556,0556,.jpg,891,891,RGB,274970,819075f576b19947ce230c4409c8e5a1115e72efa15a6aa1a2500b7e80a1f9a3,True,ok,641-1024
train,shiyan/data3/images/train/0557.jpg,0557,0557,.jpg,808,808,RGB,216128,646663f5e4e2a445678add806125638ebbbb7fefad558efe8c6a3962ab28f5c4,True,ok,641-1024
train,shiyan/data3/images/train/0558.jpg,0558,0558,.jpg,828,828,RGB,259200,af6a92bfa504ec736e827003e55aef1835199d78acf1e770f37349586d1fd6f5,True,ok,641-1024
train,shiyan/data3/images/train/0559.jpg,0559,0559,.jpg,848,848,RGB,203572,31c0d29800975e18181c3580de85f3338f9f3cdddcf6e63418aa96d8a25d1453,True,ok,641-1024
train,shiyan/data3/images/train/0560.jpg,0560,0560,.jpg,899,899,RGB,248024,1ae0a3cbe356d2d85a871e14baeacb2ca6ced18493575def62657f24a20a4d94,True,ok,641-1024
train,shiyan/data3/images/train/0561.jpg,0561,0561,.jpg,873,873,RGB,261112,5a7f5f1a9e614b671b86a6d1c0fdd351d83a04c301e62a75d6fdb5fae20168ba,True,ok,641-1024
train,shiyan/data3/images/train/0562.jpg,0562,0562,.jpg,900,900,RGB,288199,c21b4ec11496b2367e470e05ffb648ee4e17cb5387d06c3cb52d97e0f891dc2b,True,ok,641-1024
train,shiyan/data3/images/train/0563.jpg,0563,0563,.jpg,814,814,RGB,251206,0944b4d741355d14a3a5ce0d34ffb42f0ce98b76b2fabbf76905e371743e2a53,True,ok,641-1024
train,shiyan/data3/images/train/0564.jpg,0564,0564,.jpg,859,859,RGB,276711,7e9f6c72f3c0d3dfca67b96392313faac833dce27782ee0bc8543ddef054237b,True,ok,641-1024
train,shiyan/data3/images/train/0565.jpg,0565,0565,.jpg,853,853,RGB,223169,983fbade8f00644d59baf42c7fc4bd9f38f7e738beb5fd287c1bbb49892dbf8a,True,ok,641-1024
train,shiyan/data3/images/train/0566.jpg,0566,0566,.jpg,885,885,RGB,264915,54083841a775674176872a743f6827b09e68a56c5f9ffc8a03498208e94ed1d7,True,ok,641-1024
train,shiyan/data3/images/train/0567.jpg,0567,0567,.jpg,843,843,RGB,189590,3df6e4e1778ef8fcef2510fab0516b1d6e90f2ce8300bd14e0044876c8451ab8,True,ok,641-1024
train,shiyan/data3/images/train/0568.jpg,0568,0568,.jpg,844,844,RGB,245395,60548cd1c10473b611d7c6abb28fb9215f2ee821e010ce8ba069a06a901bef2e,True,ok,641-1024
train,shiyan/data3/images/train/0569.jpg,0569,0569,.jpg,844,844,RGB,209409,6c6628dfd620b553c0bb6bc01cdca899ceb998a1588e451ed9d4de838999fef9,True,ok,641-1024
train,shiyan/data3/images/train/0570.jpg,0570,0570,.jpg,810,810,RGB,220402,091015a7278fd8b673c6ed41d907453461334cc0e6feb57ce55a24b935e9d25c,True,ok,641-1024
train,shiyan/data3/images/train/0571.jpg,0571,0571,.jpg,864,864,RGB,216505,1ee2d28d10d6b70c87400d029a03199b02adfaad65f5d3cae1b1ad7c0a5a882a,True,ok,641-1024
train,shiyan/data3/images/train/0572.jpg,0572,0572,.jpg,884,884,RGB,220560,baa1bc24280a6020ce80aaf32b524665d812ea1241a30fb51ff56a193e9dccb4,True,ok,641-1024
train,shiyan/data3/images/train/0573.jpg,0573,0573,.jpg,846,846,RGB,231171,cbbbc4a405c900df53e8a64316f02cc44964969baf5c6d62ff2b3cd01b242ad0,True,ok,641-1024
train,shiyan/data3/images/train/0574.jpg,0574,0574,.jpg,809,809,RGB,190306,e9c9b9d844fd0c6c54d78a3036cfeac0f334df944dcf20bfb6c9c534285e2ea2,True,ok,641-1024
train,shiyan/data3/images/train/0575.jpg,0575,0575,.jpg,814,814,RGB,262948,2166224724ac3c14f16641a96bddedc70b64a206f83c52e82d1ba212203bf060,True,ok,641-1024
train,shiyan/data3/images/train/0576.jpg,0576,0576,.jpg,804,804,RGB,221421,6d41f19b270325dd30af114e8ca1594c4d11da3cf08f2e175f861bb5479e5d15,True,ok,641-1024
train,shiyan/data3/images/train/0577.jpg,0577,0577,.jpg,871,871,RGB,286594,9d4b36dbebfd6f46fbc8515941632517492d117176826a47eb71ab1f4c9bfb94,True,ok,641-1024
train,shiyan/data3/images/train/0578.jpg,0578,0578,.jpg,864,864,RGB,296284,2bcaef2eadc1f06f7cb50323d3c5f70c12a6fefb7583086f7e37c0633d7250c2,True,ok,641-1024
train,shiyan/data3/images/train/0579.jpg,0579,0579,.jpg,817,817,RGB,246535,f7754fbaf0afcf44f6c5e9237cda461e0b28099b8cc4992185e77abb5e1c06d9,True,ok,641-1024
train,shiyan/data3/images/train/0580.jpg,0580,0580,.jpg,878,878,RGB,273048,589af0cf52bf3d32fbb217323cbb48ce1b42d3fd76ce732f0c4c892a47a01286,True,ok,641-1024
train,shiyan/data3/images/train/0581.jpg,0581,0581,.jpg,859,859,RGB,227102,97249a6057147a7bb008dc9f9ebabcfd7ef42db3620c18b76d4c28b4833ccde7,True,ok,641-1024
train,shiyan/data3/images/train/0582.jpg,0582,0582,.jpg,835,835,RGB,222498,28e07ded74ef0092bfd68fd8a7b58319559b325ec325bf70d5597a3f6abb4059,True,ok,641-1024
train,shiyan/data3/images/train/0583.jpg,0583,0583,.jpg,893,893,RGB,257942,5ec6204664720bf808fd5fa20448dd41106702b11c3e8813e134ba4fdaac0480,True,ok,641-1024
train,shiyan/data3/images/train/0584.jpg,0584,0584,.jpg,1012,1012,RGB,298247,309cce370f23c00e15967c220e3d31a2c8278e0978859e7c3108110abc74e16f,True,ok,641-1024
train,shiyan/data3/images/train/0585.jpg,0585,0585,.jpg,824,824,RGB,145782,52285736f811022e2a6cc9e64a391fd6e7763c595ff2e58f5864401a61e18fe6,True,ok,641-1024
train,shiyan/data3/images/train/0586.jpg,0586,0586,.jpg,893,893,RGB,278593,3847be2e550a171838211c0ed9289afbac71c1ef3b93c7270624a8dfd62db5ac,True,ok,641-1024
train,shiyan/data3/images/train/0587.jpg,0587,0587,.jpg,853,853,RGB,217051,a4b5b74e2141ad1c2ab2afd00153ad3f0c85f6664a04151f80d1fae261c420b1,True,ok,641-1024
train,shiyan/data3/images/train/0588.jpg,0588,0588,.jpg,845,845,RGB,206938,a592b75ddd93987efdc0bad165016b7859deaa067aff2f7fed1ffceff24fb54d,True,ok,641-1024
train,shiyan/data3/images/train/0589.jpg,0589,0589,.jpg,855,855,RGB,136572,ae81e3f673ed42f9112ec5b98c72f0903d016aedfc73fb7dbbaf3ae2909ad170,True,ok,641-1024
train,shiyan/data3/images/train/0590.jpg,0590,0590,.jpg,884,884,RGB,250506,fb3180ccfbde0a1e19429e117a1f803b0dbb818b4e3061b55509c88edc8bf4f6,True,ok,641-1024
train,shiyan/data3/images/train/0591.jpg,0591,0591,.jpg,868,868,RGB,279962,72ce2a49f21d7d682151f5cebd9bef21771d0e24e7ac7d5a6a0a10a332f5af00,True,ok,641-1024
train,shiyan/data3/images/train/0592.jpg,0592,0592,.jpg,881,881,RGB,238115,ea06b665f9f522e5c7fbb19d1f03a929c970ab3fdfe530ec3d111995e8e5177e,True,ok,641-1024
train,shiyan/data3/images/train/0593.jpg,0593,0593,.jpg,831,831,RGB,195296,62025b2bebe93b346b1d4f3430c8326d7d810815ce0c40706cc2edf9e4f3a758,True,ok,641-1024
train,shiyan/data3/images/train/0594.jpg,0594,0594,.jpg,872,872,RGB,206347,948f80c0a6a7ecbd10e9154c3676fcca105f300bf07975bf46b4f495fb970a59,True,ok,641-1024
train,shiyan/data3/images/train/0595.jpg,0595,0595,.jpg,825,825,RGB,161774,da347d4caeda0cf5eb8e4264eefeca14aa0b95a0d5601af97bbc1fe92a72b3fb,True,ok,641-1024
train,shiyan/data3/images/train/0596.jpg,0596,0596,.jpg,853,853,RGB,242707,ad6261e84b644169eb7695b6c8977e3b542f71fef92eb6c75b3e8e38939c465b,True,ok,641-1024
train,shiyan/data3/images/train/0597.jpg,0597,0597,.jpg,866,866,RGB,207484,be7ad8941b327bf84d742e7159079d445bfb3a6c799f5dee28a964199e4bddc1,True,ok,641-1024
train,shiyan/data3/images/train/0598.jpg,0598,0598,.jpg,884,884,RGB,284075,6eefc71719d443daac9cd86c33df4cbc435d3cdf0e4f455a168dd0835c5d22d0,True,ok,641-1024
train,shiyan/data3/images/train/0599.jpg,0599,0599,.jpg,882,882,RGB,266149,8fc30362e2033cd07b6c79725acf4932d694aa2991dd4eb6cdc7c3bf484a99cd,True,ok,641-1024
train,shiyan/data3/images/train/0600.jpg,0600,0600,.jpg,806,806,RGB,197274,c46f18dc9002afac3057f87804f66ad2bac2e4f8dc78acad3cd949f9d2f93c98,True,ok,641-1024
train,shiyan/data3/images/train/0601.jpg,0601,0601,.jpg,868,868,RGB,256933,1b6bc946f0ac2aa5002392be2f2c13d13b26f275fe785951b4889e7ac4ce5564,True,ok,641-1024
train,shiyan/data3/images/train/0602.jpg,0602,0602,.jpg,873,873,RGB,48293,6280300c7e4c91ccd17aca2f9f9c6f26d0fcc648900c54a6de239a7393f4050a,True,ok,641-1024
train,shiyan/data3/images/train/0603.jpg,0603,0603,.jpg,881,881,RGB,46605,dcc26f747ed37d95d892fae21fb01bb1a8a69eef48fac64bbbe8a1d33ab6ddd8,True,ok,641-1024
train,shiyan/data3/images/train/0604.jpg,0604,0604,.jpg,827,827,RGB,207160,5281dd08359a6f599d88f60d7382b29f930bf4819ce486e05f142d4ad54af36e,True,ok,641-1024
train,shiyan/data3/images/train/0605.jpg,0605,0605,.jpg,881,881,RGB,237585,8289186f1fc2c356432134bf3034ce8fe62acf1e65622ed463df571a05d16a52,True,ok,641-1024
train,shiyan/data3/images/train/0606.jpg,0606,0606,.jpg,806,806,RGB,207407,1dc8d6e668f31cb14179cc85c0a84d4eb2d61414df24f7e428c34d6bbc70389d,True,ok,641-1024
train,shiyan/data3/images/train/0607.jpg,0607,0607,.jpg,880,880,RGB,277972,c83bb422f2acbe75e787098779d688a6feb2994f3538cdba9a4b3b2f10114b12,True,ok,641-1024
train,shiyan/data3/images/train/0608.jpg,0608,0608,.jpg,856,856,RGB,201654,983a8003c9fa32dd7cbdb7115010b1bbe5abb199771846c3cd49af87f994d9ad,True,ok,641-1024
train,shiyan/data3/images/train/0609.jpg,0609,0609,.jpg,803,803,RGB,199899,187b2e50b8223189688bf5b2f4fc7c06150dc229889ad7f3baaba2f3b9acac1f,True,ok,641-1024
train,shiyan/data3/images/train/0610.jpg,0610,0610,.jpg,802,802,RGB,219553,cb4fe8f3796f53a58c8a3f30ac643ca57d8ea1d0320465c086e9ef6e83d55e2a,True,ok,641-1024
train,shiyan/data3/images/train/0611.jpg,0611,0611,.jpg,886,886,RGB,244521,5d3b43f42a01965c2302d0ea8c9019c79fb9eb2088511d5a32e9fd52dda4965c,True,ok,641-1024
train,shiyan/data3/images/train/0612.jpg,0612,0612,.jpg,824,824,RGB,164832,c14f9b8852688c305573741d03f295a6615bcde8e8fdffeaf35674410836a5d8,True,ok,641-1024
train,shiyan/data3/images/train/0613.jpg,0613,0613,.jpg,860,860,RGB,122362,6598d1756fce33e8ee3f714b94eb62443fc0cdb21ed5e76131bb1708e6db9713,True,ok,641-1024
train,shiyan/data3/images/train/0614.jpg,0614,0614,.jpg,870,870,RGB,200642,e9b88da201cb1c38339ed7d73da451c8b04999c02aa9b96cace75379158e2446,True,ok,641-1024
train,shiyan/data3/images/train/0615.jpg,0615,0615,.jpg,810,810,RGB,189627,7db66d28f36425ad90fca1a8503a420f12440c1abbec9d4a767a12606305d1f2,True,ok,641-1024
train,shiyan/data3/images/train/0616.jpg,0616,0616,.jpg,848,848,RGB,252576,b36dbff7aa9bc5f87c3d1eeeea61734e800c323fe43154a03275b0bb099e67e9,True,ok,641-1024
train,shiyan/data3/images/train/0617.jpg,0617,0617,.jpg,825,825,RGB,160786,1ff5f0d478b4ee8e2a4129c1a5914d66c81704b3478e59c3664b1b720c35d2ec,True,ok,641-1024
train,shiyan/data3/images/train/0618.jpg,0618,0618,.jpg,859,859,RGB,158430,ac1fa874dd4ecb0e3370258045848693bc91430d4d56717ac6beaac6394294e8,True,ok,641-1024
train,shiyan/data3/images/train/0619.jpg,0619,0619,.jpg,810,810,RGB,239837,e7072eda5ef66cddea653901118f83418d4229646fd5829f36a7c4b05f10ebbd,True,ok,641-1024
train,shiyan/data3/images/train/0620.jpg,0620,0620,.jpg,863,863,RGB,292093,bcb5790c001ee6623c5f031be17fcebf2bcbbaa214f3b1226b12f70d78dd8b48,True,ok,641-1024
train,shiyan/data3/images/train/0621.jpg,0621,0621,.jpg,879,879,RGB,234127,c835adf47155ff578aec01e8d53f4b0c985e9e18c8717075007848ee2c174fbc,True,ok,641-1024
train,shiyan/data3/images/train/0622.jpg,0622,0622,.jpg,872,872,RGB,301061,068ce78ddee71e9ae6906ed0743f07765c91779e1ad0adff7ffe4d6455035e60,True,ok,641-1024
train,shiyan/data3/images/train/0623.jpg,0623,0623,.jpg,807,807,RGB,279242,6e83dab5390e1efe28fa722851c2bbe1329537f0ee98faf71356522aad2c7b72,True,ok,641-1024
train,shiyan/data3/images/train/0624.jpg,0624,0624,.jpg,845,845,RGB,208350,cac01633660841f59731e8e75876b689910383184625f60dfc40ab4f04244eb5,True,ok,641-1024
train,shiyan/data3/images/train/0625.jpg,0625,0625,.jpg,834,834,RGB,235729,22dd3ca635aeab4a977f99d45b26468aa0a17df08da4338ee40e1011f96a82c7,True,ok,641-1024
train,shiyan/data3/images/train/0626.jpg,0626,0626,.jpg,837,837,RGB,232717,cb8a0d4ee7ea11cd2837c6b70972d3aebf6cb953651185fbf2b23b65f1a96b47,True,ok,641-1024
train,shiyan/data3/images/train/0627.jpg,0627,0627,.jpg,879,879,RGB,230071,eb06e7abad236806f2ff8ea659b7f12484b594cfb06d4a9e944c7fd09b54a3fe,True,ok,641-1024
train,shiyan/data3/images/train/0628.jpg,0628,0628,.jpg,802,802,RGB,194062,216fddb54d786703fe2a60a63a68625a8a444d99f52a020b64659518d3854ffc,True,ok,641-1024
train,shiyan/data3/images/train/0629.jpg,0629,0629,.jpg,881,881,RGB,371388,766cd7108fb377fb420618b3ad5250109eab3fad94023fd52ea2ef501c88dd4f,True,ok,641-1024
train,shiyan/data3/images/train/0630.jpg,0630,0630,.jpg,861,861,RGB,259666,106b3aac6fec3d3f2a61c104c1c7468ae22c5cc77b476867eba8fbc09cb6228f,True,ok,641-1024
train,shiyan/data3/images/train/0631.jpg,0631,0631,.jpg,849,849,RGB,268187,ef16f1a55c06b3b8d96ae8393eb9db8b8bc85462ee1b6b5a60f1e273d0dd29ce,True,ok,641-1024
train,shiyan/data3/images/train/0632.jpg,0632,0632,.jpg,805,805,RGB,268725,f6835d1251f383600ee07bce83fa5ceda304794046806ba25dff36102e50cb25,True,ok,641-1024
train,shiyan/data3/images/train/0633.jpg,0633,0633,.jpg,878,878,RGB,298180,46e650c28263441e3a0091157fc0d907a7f82b3af2b669cc75e5fe55a17e67bd,True,ok,641-1024
train,shiyan/data3/images/train/0634.jpg,0634,0634,.jpg,821,821,RGB,82608,f6fad4b777058bffcef6f5e5aed3019c90d8aa37efd9a3ac1dd929241dc300cc,True,ok,641-1024
train,shiyan/data3/images/train/0635.jpg,0635,0635,.jpg,884,884,RGB,289267,db23e5b4da55f1b4a03c9246aa4a381c620448c112191bef0d3956ab122937fa,True,ok,641-1024
train,shiyan/data3/images/train/0636.jpg,0636,0636,.jpg,805,805,RGB,232531,c46e2859bf451a9da480f98d9110f86f1c43698fff9b8780f30d4457242b6015,True,ok,641-1024
train,shiyan/data3/images/train/0637.jpg,0637,0637,.jpg,838,838,RGB,195772,f7ae3095579739e02e994e1a63928eb4db5e6baf0a159c9ade4fb158df81a8f6,True,ok,641-1024
train,shiyan/data3/images/train/0638.jpg,0638,0638,.jpg,842,842,RGB,194067,9575a3c1f504c3e682f0c7f1a41dd1f00444ea687d9f39a2af2b0a17cc745ca1,True,ok,641-1024
train,shiyan/data3/images/train/0639.jpg,0639,0639,.jpg,829,829,RGB,143840,ed7d7c1d17e43c35528ff51f4da2cbf271d313a2897e4d4bc20eb5f93333ef22,True,ok,641-1024
train,shiyan/data3/images/train/0640.jpg,0640,0640,.jpg,893,893,RGB,228087,a4abfdebf025bb891a04369007ff789765bc843fc9ad117eef105358c6b038a6,True,ok,641-1024
train,shiyan/data3/images/train/0641.jpg,0641,0641,.jpg,837,837,RGB,151107,f195c811a06b90518f2dc9ae22871d034d3f219cd95d95d007fdfb48142887d6,True,ok,641-1024
train,shiyan/data3/images/train/0642.jpg,0642,0642,.jpg,808,808,RGB,107326,20d8a2b85fbdc29c282e76d6ff8b6f7375e47ebb70664e24884a02af23529ed5,True,ok,641-1024
train,shiyan/data3/images/train/0643.jpg,0643,0643,.jpg,874,874,RGB,258521,0f9c4e07f1fa2e4c2286ea61910844a7ca2035429dc4e1f4f3ac4bd1650d9ad0,True,ok,641-1024
train,shiyan/data3/images/train/0644.jpg,0644,0644,.jpg,836,836,RGB,299854,884d0edb01eedfb5ed3da230baf180a300c492147c887c23c081f72b7b5d62c7,True,ok,641-1024
train,shiyan/data3/images/train/0645.jpg,0645,0645,.jpg,858,858,RGB,350976,c0e7e273dbb999b6cf5bd59b59457f53940bf1ab6eff93d7b06f9ce57ff5d8bd,True,ok,641-1024
train,shiyan/data3/images/train/0646.jpg,0646,0646,.jpg,804,804,RGB,296079,9f6e81eca121f35a8d12b5d8e0139447524fd974da572bcdb4e1a2301160e3bd,True,ok,641-1024
train,shiyan/data3/images/train/0647.jpg,0647,0647,.jpg,873,873,RGB,349111,e30b34520c441be04cf019da65c4cd6b2791a3a5e6a4b68caff245b26aee6b0f,True,ok,641-1024
train,shiyan/data3/images/train/0648.jpg,0648,0648,.jpg,819,819,RGB,301598,363fc912bdee5ac98da2db8a6982b01dd0799fb6d7cbdf4d7a0aa63d7e729e34,True,ok,641-1024
train,shiyan/data3/images/train/0649.jpg,0649,0649,.jpg,851,851,RGB,330388,a4bdbcf42f85132760dba59b4b3da783b77428cfaba3ac1f4bb213598f2da453,True,ok,641-1024
train,shiyan/data3/images/train/0650.jpg,0650,0650,.jpg,895,895,RGB,429698,bd87e8b849ffcbf1b308fabb818ce85a8f39a073f8718677207f3ce6750aebd6,True,ok,641-1024
train,shiyan/data3/images/train/0651.jpg,0651,0651,.jpg,860,860,RGB,397811,8514c9af104e042c358549c4175e4e794b76db508f9c9434d77fe1db3d56d3c5,True,ok,641-1024
train,shiyan/data3/images/train/0652.jpg,0652,0652,.jpg,899,899,RGB,389710,a6767110d5a32ec3c7f22efe25369a6144007e1c3fbb149ed3f508bfa738b6e6,True,ok,641-1024
train,shiyan/data3/images/train/0653.jpg,0653,0653,.jpg,846,846,RGB,360591,61f082cd64e3ee5da077005121a9ac35cf5444595eaa87d0993aba7141820c3b,True,ok,641-1024
train,shiyan/data3/images/train/0654.jpg,0654,0654,.jpg,894,894,RGB,407913,dab52147a93ae093b0ad827ad171fa521291bf02af3cdee11ea3fe9155caea69,True,ok,641-1024
train,shiyan/data3/images/train/0655.jpg,0655,0655,.jpg,815,815,RGB,362639,e326c41deea35896589c95e2d0ed20095187d126f3929d365d2f7b027e77d68c,True,ok,641-1024
train,shiyan/data3/images/train/0656.jpg,0656,0656,.jpg,849,849,RGB,352240,5f28e8bdac13c8b4adba298d20fd41c6c99b76168c26476494687c295e47d7a5,True,ok,641-1024
train,shiyan/data3/images/train/0657.jpg,0657,0657,.jpg,817,817,RGB,218284,3ea831d5b5fd83d0b2810339c2df22d1263e5a124b28f0edf2b32a0d72ec872f,True,ok,641-1024
train,shiyan/data3/images/train/0658.jpg,0658,0658,.jpg,873,873,RGB,250560,d799a72ebde3a0e6a21a4f92199e58e898b2fa60932e1b406afb5b2b7b5e498a,True,ok,641-1024
train,shiyan/data3/images/train/0659.jpg,0659,0659,.jpg,825,825,RGB,222019,6056bbe2b48f475c00618fc851b6137ba9aa738d83d4a085a33e73cd47f790a6,True,ok,641-1024
train,shiyan/data3/images/train/0660.jpg,0660,0660,.jpg,876,876,RGB,239264,3574b382ee61279a9ee444bb65525642094470edbb5f1ed3672da552b555752a,True,ok,641-1024
train,shiyan/data3/images/train/0661.jpg,0661,0661,.jpg,850,850,RGB,204958,ce274ebd259ff5b50b63acb80009b0088cf3b57cf227017bce5555976cd2965c,True,ok,641-1024
train,shiyan/data3/images/train/0662.jpg,0662,0662,.jpg,881,881,RGB,249017,5d63a2b9c11e22ea6496c196836c32a563d397c0131bbdfca3c594e405d2ca3c,True,ok,641-1024
train,shiyan/data3/images/train/0663.jpg,0663,0663,.jpg,867,867,RGB,225179,8fcd52f01ae57bd56fcfe6a624db0b4fe1460182fac08d1812f91a6fea7c100e,True,ok,641-1024
train,shiyan/data3/images/train/0664.jpg,0664,0664,.jpg,886,886,RGB,231867,e557f16e94f9b202741b4c9ef93c5f565ba0e99f822eddf29583574d00f35a30,True,ok,641-1024
train,shiyan/data3/images/train/0665.jpg,0665,0665,.jpg,841,841,RGB,228465,a7ff3d2ae312589b3e016f89cd5629a08c8c40c1e6ad108f3cebf1bf86a46fa5,True,ok,641-1024
train,shiyan/data3/images/train/0666.jpg,0666,0666,.jpg,898,898,RGB,324535,ac0206cc41b667f37e9546078fd03d195f8c7caea3e1ff2dc4366acdac3d56d5,True,ok,641-1024
train,shiyan/data3/images/train/0667.jpg,0667,0667,.jpg,872,872,RGB,269453,e4a6bfb4ffe41e313ff3b58f80abe188b8efc0445fd57ecd2c0999ab3178930e,True,ok,641-1024
train,shiyan/data3/images/train/0668.jpg,0668,0668,.jpg,854,854,RGB,309588,7f633ab1ff0f43dee303e4e051a496d470a9184c012eccd75b7a64d11f180e98,True,ok,641-1024
train,shiyan/data3/images/train/0669.jpg,0669,0669,.jpg,892,892,RGB,204016,53279dbcb7317330ed5468161876423b150d9ef86b6ef78ae56ea242eff6d518,True,ok,641-1024
train,shiyan/data3/images/train/0670.jpg,0670,0670,.jpg,822,822,RGB,181004,eacbe6f7e4ed6fd2dabf057d5a182733df505d161d0d15c036351be560ee3b1f,True,ok,641-1024
train,shiyan/data3/images/train/0671.jpg,0671,0671,.jpg,894,894,RGB,146513,f23123052b79f6009e7ed71b730755ec52b1682710ad051172ece87fd3c91bec,True,ok,641-1024
train,shiyan/data3/images/train/0672.jpg,0672,0672,.jpg,891,891,RGB,191672,17f5a9ca8d0fdd3b0d5c9cd2fb5349f5f750930b02a1263dc34a1781b58722da,True,ok,641-1024
train,shiyan/data3/images/train/0673.jpg,0673,0673,.jpg,800,800,RGB,92598,847a0cead34adc4ae2988e694cc49d752e3dd4ccc983f79b8aaa372b83303691,True,ok,641-1024
train,shiyan/data3/images/train/0674.jpg,0674,0674,.jpg,873,873,RGB,176388,07b9b58b63a6dfee0bca9c2e5a6a6697265eae739dc2458e07e80b8a63b4d9ea,True,ok,641-1024
train,shiyan/data3/images/train/0675.jpg,0675,0675,.jpg,874,874,RGB,214343,e288c0d49c088cc71b6096de4089ffe114d45f069d19bd6c8127afea1b4f623e,True,ok,641-1024
train,shiyan/data3/images/train/0676.jpg,0676,0676,.jpg,833,833,RGB,169033,8422329b7295ee6f47f76dad47e1e628e132b307abefbd7d72b7ca283636c0f8,True,ok,641-1024
train,shiyan/data3/images/train/0677.jpg,0677,0677,.jpg,890,890,RGB,159039,6b58640797bc53206ffefd15cb3d833f946ba854b3473dee3c594fc86d797be0,True,ok,641-1024
train,shiyan/data3/images/train/0678.jpg,0678,0678,.jpg,891,891,RGB,140341,bc278ced3a60e775be63ae8ac085055e09e4e1d9b369361e9be30af2cbec709f,True,ok,641-1024
train,shiyan/data3/images/train/0679.jpg,0679,0679,.jpg,801,801,RGB,150823,654ae050fc14dc5e7f5d2c4729869764f3410b26316391c1bf585a92b8966484,True,ok,641-1024
train,shiyan/data3/images/train/0680.jpg,0680,0680,.jpg,879,879,RGB,201764,0eb2486cf0173e2a313b68b3fe5916191e28ce19af97f004261607fb193947ff,True,ok,641-1024
train,shiyan/data3/images/train/0681.jpg,0681,0681,.jpg,857,857,RGB,178348,5623e2da9040f4771e51c9c74d9b9651692687bc46651dde510930688443630d,True,ok,641-1024
train,shiyan/data3/images/train/0682.jpg,0682,0682,.jpg,882,882,RGB,200213,aa73c48219d0a7750a7b16fc0279bc37bc28393653628cfd8934732f96ac8faf,True,ok,641-1024
train,shiyan/data3/images/train/0683.jpg,0683,0683,.jpg,866,866,RGB,182174,f19fb5f79171d3937de8d36a0c7be8fa4bd14a3c6cab133593f18fd8a97d297a,True,ok,641-1024
train,shiyan/data3/images/train/0684.jpg,0684,0684,.jpg,872,872,RGB,201159,f404c342d3e4ebef63b07b5bdcd1f5d4da364331995476c83c10a4caf2b11a69,True,ok,641-1024
train,shiyan/data3/images/train/0685.jpg,0685,0685,.jpg,842,842,RGB,233921,b11d34925d8197e126c96d5f677f492ee74905c2a29e3dd047876f072ddd13b3,True,ok,641-1024
train,shiyan/data3/images/train/0686.jpg,0686,0686,.jpg,883,883,RGB,303005,a1d09101772097e6b3bd759ec19369416fec79ed9d4d984302e7cc2eb0f15c74,True,ok,641-1024
train,shiyan/data3/images/train/0687.jpg,0687,0687,.jpg,850,850,RGB,160625,c13d478473b224b62a38e736a1f5dae5a581529e7bc85f11f026fe2ab3d576a3,True,ok,641-1024
train,shiyan/data3/images/train/0688.jpg,0688,0688,.jpg,819,819,RGB,133323,d59bf086ea61710f813bc6297132dda9286665a5f9b31e3f64e34fb229fc202a,True,ok,641-1024
train,shiyan/data3/images/train/0689.jpg,0689,0689,.jpg,882,882,RGB,249173,d1a5a4069bb3ff4b3bddebf48a5d1a5b719f1598bc666bb220fc928b423e0370,True,ok,641-1024
train,shiyan/data3/images/train/0690.jpg,0690,0690,.jpg,856,856,RGB,189777,222bae17cb1d30c1f8c2b56cc50278429fdaf8f1ebc3938be968267ee9cf840c,True,ok,641-1024
train,shiyan/data3/images/train/0691.jpg,0691,0691,.jpg,804,804,RGB,92167,f8763e34ea3adb1a958e6a668629003e5f17d84f2d2453b87c6fcb20d4d9acc3,True,ok,641-1024
train,shiyan/data3/images/train/0692.jpg,0692,0692,.jpg,885,885,RGB,149390,d512979ee38d0629bfe77b9cbef36e560452528bbc615022a89929403f719f9d,True,ok,641-1024
train,shiyan/data3/images/train/0693.jpg,0693,0693,.jpg,873,873,RGB,173350,7c89d63a2866bbf5b5c16b40678dc1f174b12b645698d12fa19a1b2e5f5d9a91,True,ok,641-1024
train,shiyan/data3/images/train/0694.jpg,0694,0694,.jpg,872,872,RGB,127402,88de4cf336a80701f5146fc19d40ef1779703ba903bca677fe2e0383682ebf2a,True,ok,641-1024
train,shiyan/data3/images/train/0695.jpg,0695,0695,.jpg,882,882,RGB,148933,f6fc0ed1d8b103f8f12a3e77e2a06c5c00510d701b542cbaacbbaa0a43ef0cf1,True,ok,641-1024
train,shiyan/data3/images/train/0696.jpg,0696,0696,.jpg,811,811,RGB,154434,b380b7f40b3da9b546fd5e3ae673561e3cbcb3467990d3035d6d2611e5971c5b,True,ok,641-1024
train,shiyan/data3/images/train/0697.jpg,0697,0697,.jpg,854,854,RGB,129362,48b17d48bc18ac56930fbee9b9a1e2b4cf46ef7daf32bf3d34e27ad7628142df,True,ok,641-1024
train,shiyan/data3/images/train/0698.jpg,0698,0698,.jpg,861,861,RGB,147779,a0f03a938ccef02486cd47396da6488ad380ee61c0c3f967cca067f77b81f6b4,True,ok,641-1024
train,shiyan/data3/images/train/0699.jpg,0699,0699,.jpg,829,829,RGB,129128,738b3de28d76420143fe5f778116a51f549a06966ae662ba1e90c966281e7436,True,ok,641-1024
train,shiyan/data3/images/train/0700.jpg,0700,0700,.jpg,860,860,RGB,174216,49aa62d2637f6631eed99b21debb8ab5c96530cf6a6b48209650a7f698681879,True,ok,641-1024
train,shiyan/data3/images/train/0701.jpg,0701,0701,.jpg,838,838,RGB,167961,be734d475ebc03ea36e567ee70f163626acd2b7772e0c8ec6a5bbc9faa8ff63c,True,ok,641-1024
train,shiyan/data3/images/train/0702.jpg,0702,0702,.jpg,804,804,RGB,47811,c2be189650e08720a71283ba84f77149685ef6012243cdc3294878c8b740f429,True,ok,641-1024
train,shiyan/data3/images/train/0703.jpg,0703,0703,.jpg,800,800,RGB,95458,e387fc97bc20b703bf040012f51e9f236391452c219bf90591145758a2b6fe9d,True,ok,641-1024
train,shiyan/data3/images/train/0704.jpg,0704,0704,.jpg,812,812,RGB,163120,b568fadd9ef380666ee8f0dd88dd74380d3018670fffe4dba0c3e3859ec923df,True,ok,641-1024
train,shiyan/data3/images/train/0705.jpg,0705,0705,.jpg,821,821,RGB,218020,286a04289479baa35afb042a51e29b681b5ef7a38bac1b350825a09c58518c41,True,ok,641-1024
train,shiyan/data3/images/train/0706.jpg,0706,0706,.jpg,857,857,RGB,211101,4533cc338c7eabae39c8dc12aa09d23161ec5f696c0e25879f337a1606577fcb,True,ok,641-1024
train,shiyan/data3/images/train/0707.jpg,0707,0707,.jpg,1228,1228,RGB,518691,7dc8a6fb6cdc650d5aeee3c418cc106da99ff5342f2b675272a1da4ce07a08f0,True,ok,1025-1536
train,shiyan/data3/images/train/0708.jpg,0708,0708,.jpg,844,844,RGB,231408,7899083cb72c87d7266540b906bc40bf77c97f02c600f62cb64026e356a15461,True,ok,641-1024
train,shiyan/data3/images/train/0709.jpg,0709,0709,.jpg,839,839,RGB,237029,9940c9c66525fac04cc34ffb1a7914153480b36d0b453612c0a417af99d8bf7b,True,ok,641-1024
train,shiyan/data3/images/train/0710.jpg,0710,0710,.jpg,851,851,RGB,171865,1280712ca6f737460379c91f42e907abaff45ad1f7b0581da4ff72e8c51a5d39,True,ok,641-1024
train,shiyan/data3/images/train/0711.jpg,0711,0711,.jpg,855,855,RGB,225976,bbfa464b41660199ec9887184fd3f6953761c8bde58eca0ae5f3c25f73b21f55,True,ok,641-1024
train,shiyan/data3/images/train/0712.jpg,0712,0712,.jpg,863,863,RGB,319145,90f97fd4244469112ca1d842a17bc2568dceba743a31dfc7dade3ed63291644b,True,ok,641-1024
train,shiyan/data3/images/train/0713.jpg,0713,0713,.jpg,845,845,RGB,152363,f976d98f57dc7713c8c54edbbeff015410d938a39a2dc0368fe31738634cd99b,True,ok,641-1024
train,shiyan/data3/images/train/0714.jpg,0714,0714,.jpg,840,840,RGB,181786,0e11ee59063b1dfadd6367d3f4bb4ad473b50a47d37f8ce641efb3958b22c231,True,ok,641-1024
train,shiyan/data3/images/train/0715.jpg,0715,0715,.jpg,855,855,RGB,224654,cbee81077d69d475dbf8a5173eb919a38279534dd120547ff13ac6d9d63bff93,True,ok,641-1024
train,shiyan/data3/images/train/0716.jpg,0716,0716,.jpg,802,802,RGB,183162,aaed386f3068b930b10e5b0385d7c24d79e9142caaf9055a8329496be0de6a66,True,ok,641-1024
train,shiyan/data3/images/train/0717.jpg,0717,0717,.jpg,892,892,RGB,189765,989c1bfce71113fe2878227cb40d123e7b0c631edb80b3d0fa77b26991651d1c,True,ok,641-1024
train,shiyan/data3/images/train/0718.jpg,0718,0718,.jpg,843,843,RGB,246387,a7534a1c162955640d60fd664d2f1adb21b1c22ea8a984f4efd95435be8a7c63,True,ok,641-1024
train,shiyan/data3/images/train/0719.jpg,0719,0719,.jpg,892,892,RGB,177291,3adfd8d908a724f1143f8c9834d5a5262a32816537a055a0cca68ddf1805c67e,True,ok,641-1024
train,shiyan/data3/images/train/0720.jpg,0720,0720,.jpg,825,825,RGB,97647,9d1dbeeb316e4101ea30f5adc45e2c189a6419e8a469cd9f1ad787bcc51d369b,True,ok,641-1024
train,shiyan/data3/images/train/0721.jpg,0721,0721,.jpg,871,871,RGB,228280,003c2baeceef45f0fb4a9665b385619a5b9b1e9b312ee70dbbc51149001f38f3,True,ok,641-1024
train,shiyan/data3/images/train/0722.jpg,0722,0722,.jpg,876,876,RGB,82717,6cf683efe5584792d245bf220447838ca501ec9835bf87b0a4f5cf21699036ea,True,ok,641-1024
train,shiyan/data3/images/train/0723.jpg,0723,0723,.jpg,852,852,RGB,185349,77da3c3ce4fbc76d71d75bceab71df9fe9258f5820d34cfe5d69a31491c6af47,True,ok,641-1024
train,shiyan/data3/images/train/0724.jpg,0724,0724,.jpg,812,812,RGB,267797,dd3aa37ca984e57aa7856361271cad4511adaa55a0bb432ac22d6ac9a4f1ab61,True,ok,641-1024
train,shiyan/data3/images/train/0725.jpg,0725,0725,.jpg,837,837,RGB,265241,31d2a46b1aec6f087e6d900a1068f03cfee44cb3a068d2b3cd165aaa9d501f2a,True,ok,641-1024
train,shiyan/data3/images/train/0726.jpg,0726,0726,.jpg,887,887,RGB,365523,029aeb8f1f138e3768693696ad7c5c860673e4ede3412050583ea87886110f06,True,ok,641-1024
train,shiyan/data3/images/train/0727.jpg,0727,0727,.jpg,825,825,RGB,268485,b07c60029965d1c78d76c58349442f66d5a41b0a00d80e535d55d56194a0b2bc,True,ok,641-1024
train,shiyan/data3/images/train/0728.jpg,0728,0728,.jpg,801,801,RGB,270216,0c0716e8490967bc72244a796c99dfd6a733522bb9bb946814334d5c34710634,True,ok,641-1024
train,shiyan/data3/images/train/0729.jpg,0729,0729,.jpg,857,857,RGB,306001,c9aacfe7e3c77f731a55f923b48afffd8e5a70fe41debdf83d88590f6c741cfc,True,ok,641-1024
train,shiyan/data3/images/train/0730.jpg,0730,0730,.jpg,820,820,RGB,213982,a918a140d1fe6de46da242ed4cac92d0bb76e97502793f9e14d6cb8651355c89,True,ok,641-1024
train,shiyan/data3/images/train/0731.jpg,0731,0731,.jpg,841,841,RGB,152522,953355d1e8919a7caa3e21f3ca0653a5cd64ce3298ec70ced32d15b0f7d99c59,True,ok,641-1024
train,shiyan/data3/images/train/0732.jpg,0732,0732,.jpg,829,829,RGB,212492,46b6f742b813a266f2baa1a742f32065d078ad1633852ffc2158c346c8810767,True,ok,641-1024
train,shiyan/data3/images/train/0733.jpg,0733,0733,.jpg,857,857,RGB,171025,ead83795980706d99e3b274ad9dd2291426688b81c57880b3233a0369166c3de,True,ok,641-1024
train,shiyan/data3/images/train/0734.jpg,0734,0734,.jpg,808,808,RGB,128883,4ec326a1863174fd903a8b211a97e7b2431fed6bf553102a823d33be9f2f91de,True,ok,641-1024
train,shiyan/data3/images/train/0735.jpg,0735,0735,.jpg,874,874,RGB,205646,849453ba05e6f2ab6fe16b503522a008ab59b3f986b2f40909771340b1122366,True,ok,641-1024
train,shiyan/data3/images/train/0736.jpg,0736,0736,.jpg,834,834,RGB,145963,356a17793d1587b4b7a0428aa5d074d7aedfa5ac50ac08d915309736d86a8d65,True,ok,641-1024
train,shiyan/data3/images/train/0737.jpg,0737,0737,.jpg,887,887,RGB,170308,38e2a14a0354dd32b92084a72ff8a0f488ff19235f5dc207778d32dac640f7a2,True,ok,641-1024
train,shiyan/data3/images/train/0738.jpg,0738,0738,.jpg,822,822,RGB,67140,4ab9b68d4616c2ba7fc1364f0e163bfd188e80b0d7df9a726c264caab8d6cfe6,True,ok,641-1024
train,shiyan/data3/images/train/0739.jpg,0739,0739,.jpg,851,851,RGB,185976,8f7d701b2b4c9b287f921ccb86814428f12bb5c55e252f0c9024e086587c1fd8,True,ok,641-1024
train,shiyan/data3/images/train/0740.jpg,0740,0740,.jpg,834,834,RGB,252301,30610715e7fc4a4c5f74f02c4f2f614561f165facc4fdf38d85557cde2e439fe,True,ok,641-1024
train,shiyan/data3/images/train/0741.jpg,0741,0741,.jpg,898,898,RGB,214829,92f00cf23b22f61c0ce3c7fac5e1242e891b8276e0858dfebfab7406541e09e0,True,ok,641-1024
train,shiyan/data3/images/train/0742.jpg,0742,0742,.jpg,895,895,RGB,177906,a800dac5d0f579cf700b2ddde4757a17572b5b30f43de65525ca2287c03dde9d,True,ok,641-1024
train,shiyan/data3/images/train/0743.jpg,0743,0743,.jpg,895,895,RGB,195406,4de00d3d403225b53601dec3a60c8241fe97966eedac5a59a64d05e724f00c68,True,ok,641-1024
train,shiyan/data3/images/train/0744.jpg,0744,0744,.jpg,834,834,RGB,120622,07af95dc256cc40c17716c961e008134ef7195f1f326b5c4c513412486d36c1b,True,ok,641-1024
train,shiyan/data3/images/train/0745.jpg,0745,0745,.jpg,818,818,RGB,129494,37ce52e8e3d5de8f45d5de8ff2ef1e45d085471858d52c9f13fc91a15082fef4,True,ok,641-1024
train,shiyan/data3/images/train/0746.jpg,0746,0746,.jpg,892,892,RGB,173281,d83dd67415db5a57bc61c4c06b06afbe65192410e3cb25bb7695948f8bcd8728,True,ok,641-1024
train,shiyan/data3/images/train/0747.jpg,0747,0747,.jpg,892,892,RGB,173099,83fba87a01eaf5ada128b80668dfad23a09bdc5a149854d819a8f23c5471f1fb,True,ok,641-1024
train,shiyan/data3/images/train/0748.jpg,0748,0748,.jpg,853,853,RGB,91709,5f31540ad358594fc01949872f3049066753b283584d01845ed6ce3fb4aba333,True,ok,641-1024
train,shiyan/data3/images/train/0749.jpg,0749,0749,.jpg,840,840,RGB,45548,7adbab2b4570d1ceffe004ff53909bdf0c1c323592db4ef5539d1e1dde6e8be2,True,ok,641-1024
train,shiyan/data3/images/train/0750.jpg,0750,0750,.jpg,854,854,RGB,185228,25f90f85e11adcb9d9ba05764c7fa77ed3113d37c51bf21aed3cb12c43fedb03,True,ok,641-1024
train,shiyan/data3/images/train/0751.jpg,0751,0751,.jpg,864,864,RGB,202626,2aab3f952106ec9ab06f1b41461aa8805233dc8b1d1fe1c58e111137dae21bb4,True,ok,641-1024
train,shiyan/data3/images/train/0752.jpg,0752,0752,.jpg,850,850,RGB,135710,86bcaf0a8b50e7101e82c8db853786a8998253f31ec8d7b688f80235339b9e4c,True,ok,641-1024
train,shiyan/data3/images/train/0753.jpg,0753,0753,.jpg,897,897,RGB,196086,bc473dadd7787d0c1a5fb2f236221839651bf5635e9b3506d99c34b0aaeb55e8,True,ok,641-1024
train,shiyan/data3/images/train/0754.jpg,0754,0754,.jpg,866,866,RGB,184005,74cfafbdf974ab4126fe15e19c3015bf41bffa62b120f77d07d9c1f9f6c131a1,True,ok,641-1024
train,shiyan/data3/images/train/0755.jpg,0755,0755,.jpg,813,813,RGB,139677,092f02c17b578e0964bdb703a6a0a5b67030f5ee891e796f64cf8ce7c91d1295,True,ok,641-1024
train,shiyan/data3/images/train/0756.jpg,0756,0756,.jpg,888,888,RGB,208164,fe73bbe02f82c0dddea7c5ac35819216ab2a212ebac31dcf58cc0fd74ae46584,True,ok,641-1024
train,shiyan/data3/images/train/0757.jpg,0757,0757,.jpg,860,860,RGB,193893,2363911819f4a87c73fef95e8db756575a30dc5d30ba8e58c1bd924cdf03522b,True,ok,641-1024
train,shiyan/data3/images/train/0758.jpg,0758,0758,.jpg,867,867,RGB,188431,c3e9f202a315732c2183936b527be15e4af54652d857d8bcd22077aadc1c0e93,True,ok,641-1024
train,shiyan/data3/images/train/0759.jpg,0759,0759,.jpg,841,841,RGB,210498,ac815ee24774963057c8b2f9914547039d334cc63d537435fc8d6ae183c7435c,True,ok,641-1024
train,shiyan/data3/images/train/0760.jpg,0760,0760,.jpg,848,848,RGB,284404,96d9d7f9c09f1b9be528b1346447c65c3ee7093616ab612e49271227e445bab2,True,ok,641-1024
train,shiyan/data3/images/train/0761.jpg,0761,0761,.jpg,806,806,RGB,208755,031be04b4766e2916141173bbb009c759922370611d814dbda5cdc689d8a0f5c,True,ok,641-1024
train,shiyan/data3/images/train/0762.jpg,0762,0762,.jpg,830,830,RGB,239301,220e1e84acc99efb67fe3e3764117b516f5d40f52ddfeef5ce4165182823a352,True,ok,641-1024
train,shiyan/data3/images/train/0763.jpg,0763,0763,.jpg,829,829,RGB,371288,88fddd510c1f7882a5e8921f995d39f3c3a26b59f5612cf82ef7fde3a826a604,True,ok,641-1024
train,shiyan/data3/images/train/0764.jpg,0764,0764,.jpg,878,878,RGB,425588,52c5fa132ae641a248e763ac1d0a07b5a75e07a390a4e6f75d60e2e8b87b44dd,True,ok,641-1024
train,shiyan/data3/images/train/0765.jpg,0765,0765,.jpg,866,866,RGB,395349,597a182f2d1cfe2eba28265fad49e9ba7b1c34eed560afa642e972b9068d5f76,True,ok,641-1024
train,shiyan/data3/images/train/0766.jpg,0766,0766,.jpg,838,838,RGB,224310,7b02dfcbad30e986650e68ad9eed61cd6ed7d6084d1779a0b7f3cfefe5f36c35,True,ok,641-1024
train,shiyan/data3/images/train/0767.jpg,0767,0767,.jpg,859,859,RGB,264968,82bece9f9c1b4b25b62965a33d5a2075167a335e29ebdc246cf5c776ec3aa424,True,ok,641-1024
train,shiyan/data3/images/train/0768.jpg,0768,0768,.jpg,813,813,RGB,215870,c4bb712fc3104a2302f9a0915b8000e525a00978a06289701380c560c32c4133,True,ok,641-1024
train,shiyan/data3/images/train/0769.jpg,0769,0769,.jpg,850,850,RGB,111145,8625d9f0be1d6bb90df24feb40bf970c1aa0529c3ca74241790c2fe1e111e061,True,ok,641-1024
train,shiyan/data3/images/train/0770.jpg,0770,0770,.jpg,866,866,RGB,148542,a27e3876c81ca25d12bad00cdce98d48d996799d877eff75f2be0d5efd87cf93,True,ok,641-1024
train,shiyan/data3/images/train/0771.jpg,0771,0771,.jpg,866,866,RGB,208221,851b2a68609ceff11dba49312e85da1196a2c98c0a13652ae462010da66a7ca2,True,ok,641-1024
train,shiyan/data3/images/train/0772.jpg,0772,0772,.jpg,811,811,RGB,187154,5d3a1c3acaf868b06ba48662c5f475dbddd8c35d9ec12cc0d43c27223bdf93aa,True,ok,641-1024
train,shiyan/data3/images/train/0773.jpg,0773,0773,.jpg,875,875,RGB,209952,af9318b70b9e56dda9ce70e515ca6cd0ebfc7369d4b09b4b10712ed78fc4246b,True,ok,641-1024
train,shiyan/data3/images/train/0774.jpg,0774,0774,.jpg,805,805,RGB,155377,d212084ecc6adef6951355dc3d6469c51f93f2057c7b9109b797bd48009d2d96,True,ok,641-1024
train,shiyan/data3/images/train/0775.jpg,0775,0775,.jpg,897,897,RGB,239284,269ab1974f50eed9e6638d47d33ece209d2ff56a1c31bc61d080fa8a48914be1,True,ok,641-1024
train,shiyan/data3/images/train/0776.jpg,0776,0776,.jpg,875,875,RGB,236855,b6f38da0b12ee8a88f5cb5373970e7831f02e672094a2caf46469a131799cdc0,True,ok,641-1024
train,shiyan/data3/images/train/0777.jpg,0777,0777,.jpg,886,886,RGB,185745,da01e23cf5d2cd8e8cb02502ca02b949c52cdfa33260c22e9cda448e1ee64299,True,ok,641-1024
train,shiyan/data3/images/train/0778.jpg,0778,0778,.jpg,896,896,RGB,204198,83dbc1edf28477f040b4075daab550f9296086ca4c59a1b9142a74a9e0d9c05b,True,ok,641-1024
train,shiyan/data3/images/train/0779.jpg,0779,0779,.jpg,858,858,RGB,243362,0de1b6e0f61a8235538fbf2a1d9e23fd15d5c30f06ed505068350482d60fffc5,True,ok,641-1024
train,shiyan/data3/images/train/0780.jpg,0780,0780,.jpg,890,890,RGB,211668,b5e709f1df1ce0ef80e241332101a1dd2bd639bfe7d8c37915e7793ef041ce05,True,ok,641-1024
train,shiyan/data3/images/train/0781.jpg,0781,0781,.jpg,1001,1001,RGB,268126,3d1be1772b336c1de9c6f6a70f6f9fd20f65c3c2ec7953bfecc3555161186e0d,True,ok,641-1024
train,shiyan/data3/images/train/0782.jpg,0782,0782,.jpg,810,810,RGB,151040,d84504345f69a6bc95b5fbb88439183a03acea55c8d85fc3cdf780eb17473708,True,ok,641-1024
train,shiyan/data3/images/train/0783.jpg,0783,0783,.jpg,855,855,RGB,195995,74921cf68a8e0eceedf7c669839c62b700eb4332b49b97d976af9352ace066a2,True,ok,641-1024
train,shiyan/data3/images/train/0784.jpg,0784,0784,.jpg,811,811,RGB,206555,5c5bdde60cbee5ca1bd24847ec88a143d8e64f76f1ba0712e187ae2ffa9007f3,True,ok,641-1024
train,shiyan/data3/images/train/0785.jpg,0785,0785,.jpg,885,885,RGB,236763,431249d8181db4440b270a0726b4cb9084158d74d3993e276425f8df45fc63bf,True,ok,641-1024
train,shiyan/data3/images/train/0786.jpg,0786,0786,.jpg,805,805,RGB,188501,6c8c4151ba8476b5c4dfd17dbc1016f70892d0639a7c6e0421b7b9968930d0b8,True,ok,641-1024
train,shiyan/data3/images/train/0787.jpg,0787,0787,.jpg,805,805,RGB,174769,99a5ab5f826adc8780eafc5e8cd38c7b7adb53648aa5e24b3fcd904721c3333d,True,ok,641-1024
train,shiyan/data3/images/train/0788.jpg,0788,0788,.jpg,834,834,RGB,182417,af8dff190a0933d59a882f08dbb1fa061327afb633bc39830f8fb85bbbbb8265,True,ok,641-1024
train,shiyan/data3/images/train/0789.jpg,0789,0789,.jpg,812,812,RGB,194750,13b83ef5503797ed9e73dcc1b8351d27011bd00859d175188eac19a3dace34dc,True,ok,641-1024
train,shiyan/data3/images/train/0790.jpg,0790,0790,.jpg,883,883,RGB,205005,c5d3c8b79612b8ad8efa8b69827ad08d1f7427badae0c909b7628abea1322bfb,True,ok,641-1024
train,shiyan/data3/images/train/0791.jpg,0791,0791,.jpg,880,880,RGB,207617,db47480287c29ae0cc596aff69104d96dcc1c3b6aa265a601fd4ddcc63cb56d3,True,ok,641-1024
train,shiyan/data3/images/train/0792.jpg,0792,0792,.jpg,826,826,RGB,194478,f1016b9d2e1608a82225da55c1507d25d242b48f150ed68b8a3f3cc49f33ef16,True,ok,641-1024
train,shiyan/data3/images/train/0793.jpg,0793,0793,.jpg,879,879,RGB,226786,6255854011d1e2472c707296d50eb8b87d175ede5f052f8d07d26e917a55b8f5,True,ok,641-1024
train,shiyan/data3/images/train/0794.jpg,0794,0794,.jpg,872,872,RGB,206580,5ed737e55f1df435629a48ca23cc0c6432f33c54fcd0d16005126ae5205d41e4,True,ok,641-1024
train,shiyan/data3/images/train/0795.jpg,0795,0795,.jpg,806,806,RGB,182571,03d2dd91a5ff61e2b59475a855979cce2c4dba759fd4589ea38f68f9474f816f,True,ok,641-1024
train,shiyan/data3/images/train/0796.jpg,0796,0796,.jpg,868,868,RGB,208591,7da8e141fb9bcb1d014fb6e99caa63c8ea2f9a257cb43ce52d7da67baf35927a,True,ok,641-1024
train,shiyan/data3/images/train/0797.jpg,0797,0797,.jpg,871,871,RGB,204155,7ee69dd0e834f73037df566b7fce8349a02aec3f6ed5b213b05685fdbd3d36de,True,ok,641-1024
train,shiyan/data3/images/train/0798.jpg,0798,0798,.jpg,840,840,RGB,178534,2cabe788eb4bb1c495516681690397024c54db761771e2ba9625e39c2d63d21c,True,ok,641-1024
train,shiyan/data3/images/train/0799.jpg,0799,0799,.jpg,814,814,RGB,185274,729ff0b27c4cc6afc38f832f2ea325b346be170287ec5936e1f8494daca131dc,True,ok,641-1024
train,shiyan/data3/images/train/0800.jpg,0800,0800,.jpg,869,869,RGB,212053,5997f7ccc3d205428279f3cfcc1aa6ee3db3baff3fe8f6927475bbf9e51348cc,True,ok,641-1024
train,shiyan/data3/images/train/0801.jpg,0801,0801,.jpg,861,861,RGB,221351,e31a0e16b114fe83abe127a1ce8c9556d136d64c158d3ba06c0f500e8222f9e1,True,ok,641-1024
train,shiyan/data3/images/train/0802.jpg,0802,0802,.jpg,888,888,RGB,235564,38d6199dbc102d8561312bff500ec71602401515913acedcbcd7b53d0e636180,True,ok,641-1024
train,shiyan/data3/images/train/0803.jpg,0803,0803,.jpg,864,864,RGB,249230,9f1bf13c11fedb7d3d808b6987d01e737c7a240b63d2ae84ce6b61bae1f97cc2,True,ok,641-1024
train,shiyan/data3/images/train/0804.jpg,0804,0804,.jpg,830,830,RGB,157738,a2fc350113c75b3ab7d07b9cd3ef334b2faa4905fe11634e26d6e8ff55a9fb0c,True,ok,641-1024
train,shiyan/data3/images/train/0805.jpg,0805,0805,.jpg,868,868,RGB,152801,fd1f968ba91ef39d65fd7331118d3db429c709eae15efec18d7006ac8f21d8d9,True,ok,641-1024
train,shiyan/data3/images/train/0806.jpg,0806,0806,.jpg,896,896,RGB,280560,c46bc09e8a18ec8f9412656f5cd20a2772aae57210bcb91ae9c2a80190212b37,True,ok,641-1024
train,shiyan/data3/images/train/0807.jpg,0807,0807,.jpg,802,802,RGB,48171,01db3d6ab63ed3390156e755e3429766f887ac3940bd93d0c9be8bc51a24d5bd,True,ok,641-1024
train,shiyan/data3/images/train/0808.jpg,0808,0808,.jpg,887,887,RGB,237260,a0c19739cfac1675251a2e5a4265a5db49b4842100e527433df7bad56ae9e8a6,True,ok,641-1024
train,shiyan/data3/images/train/0809.jpg,0809,0809,.jpg,815,815,RGB,186634,37fd8027a602a6c8aca8d3defee4d85cab021553bd5b1e9cc5c3b4cf7da56be0,True,ok,641-1024
train,shiyan/data3/images/train/0810.jpg,0810,0810,.jpg,858,858,RGB,206540,99824f2f3bbd44d71e6345e7d74ef9f881cfc75a0642bd6353d9dc9eb33f7f8e,True,ok,641-1024
train,shiyan/data3/images/train/0811.jpg,0811,0811,.jpg,858,858,RGB,232280,a6bcbc5c4865efc2dc4dc4d78d1c108d6770ff51ead73675c8cea54bb0f16b08,True,ok,641-1024
train,shiyan/data3/images/train/0812.jpg,0812,0812,.jpg,803,803,RGB,225317,22292a9bc41f3323a44387b90dd121053e3a1accb33ae31f4a5048be1166b59e,True,ok,641-1024
train,shiyan/data3/images/train/0813.jpg,0813,0813,.jpg,831,831,RGB,198702,382ba0c8671bebeddd0ce0097cd6a7832f09a085136592c2dbfedb7debc098c1,True,ok,641-1024
train,shiyan/data3/images/train/0814.jpg,0814,0814,.jpg,892,892,RGB,294000,fd1f7dee058596c130f1051f025ebc77b682197682fbd5e1dad53e6a3095b204,True,ok,641-1024
train,shiyan/data3/images/train/0815.jpg,0815,0815,.jpg,815,815,RGB,160385,2790ed936ae30b5eec32aabcc9222c91a05d2ff30159927025a788a7c9deab5a,True,ok,641-1024
train,shiyan/data3/images/train/0816.jpg,0816,0816,.jpg,842,842,RGB,389963,bf5cc0362d60faf8f87780073cd0e4269b8c30564181aefcc6eb3afe3f7a1ca2,True,ok,641-1024
train,shiyan/data3/images/train/0817.jpg,0817,0817,.jpg,826,826,RGB,376536,9c66373dca93ead71499fe2d84a28c687caf63886efde7d05577239787e3f7dc,True,ok,641-1024
train,shiyan/data3/images/train/0818.jpg,0818,0818,.jpg,825,825,RGB,194595,f8415ac099d5e3ca49bc34c6248d3a9f1377a8d5d218b3519c36396b51a79fd6,True,ok,641-1024
train,shiyan/data3/images/train/0819.jpg,0819,0819,.jpg,831,831,RGB,177012,77f852f1ff28b84754b8876d0b94d16546a1edecea6ab605f748f29981b72547,True,ok,641-1024
train,shiyan/data3/images/train/0820.jpg,0820,0820,.jpg,878,878,RGB,92868,35b49cc5fec67ac4a9bc07dee7bd9f41706bec7509c6cfb3dd3ab18787b83bb2,True,ok,641-1024
train,shiyan/data3/images/train/0821.jpg,0821,0821,.jpg,813,813,RGB,156620,a0da5ea526fbb4c4cf7e270ffe1e689cb6a88db303b482070512e652cd097a0e,True,ok,641-1024
train,shiyan/data3/images/train/0822.jpg,0822,0822,.jpg,844,844,RGB,126712,9544263f025b0b9f4b414703b2a7259bba9f68177ac928a2ca4524e8fa95c636,True,ok,641-1024
train,shiyan/data3/images/train/0823.jpg,0823,0823,.jpg,853,853,RGB,181185,eb1524162eb8a6d6da42557323f14cccc3814401d5befc4cc0dedad1cf67a97b,True,ok,641-1024
train,shiyan/data3/images/train/0824.jpg,0824,0824,.jpg,893,893,RGB,191428,1bc8ad01d3bf89835765d49b9098ded8d7b2dad4493345c612fb15383c92663f,True,ok,641-1024
train,shiyan/data3/images/train/0825.jpg,0825,0825,.jpg,868,868,RGB,243027,696bf61ae8aa355a8ed6ac5ddf6d9de10b23ee6854b29e08a7ad1debcd69aa70,True,ok,641-1024
train,shiyan/data3/images/train/0826.jpg,0826,0826,.jpg,833,833,RGB,184681,2de52400a37cd52561f757bc64efcd24e57f0d4e25e5a1bffce1942bfce206c9,True,ok,641-1024
train,shiyan/data3/images/train/0827.jpg,0827,0827,.jpg,853,853,RGB,133594,8451cb7b877f8e417d856be357ea74e4d8ab220ec71dc9a98ce4a98e7992a4bc,True,ok,641-1024
train,shiyan/data3/images/train/0828.jpg,0828,0828,.jpg,873,873,RGB,243044,04442d84d6e936fc93bc15e689872ae3c967f158e7b4ce84b272aea1e3cde611,True,ok,641-1024
train,shiyan/data3/images/train/0829.jpg,0829,0829,.jpg,814,814,RGB,68302,b5e5ad9b2cf18a5592ce1102bb387a3e71fb0f8c6882d24550d88206b26af1a1,True,ok,641-1024
train,shiyan/data3/images/train/0830.jpg,0830,0830,.jpg,824,824,RGB,37864,d85a716aa4f71f2a85d7852c21dd738fffbad796d42a08b548a5ddb05c7352cd,True,ok,641-1024
train,shiyan/data3/images/train/0831.jpg,0831,0831,.jpg,830,830,RGB,108826,23d051aeb9b0571e077e716b93be1a9234b059fd5aa940cc9da24332ed7a8b8e,True,ok,641-1024
train,shiyan/data3/images/train/0832.jpg,0832,0832,.jpg,860,860,RGB,46681,94766a3741b8cf52986c26a0cb471d91eb6f31c1e0d62b45014071116fc03f54,True,ok,641-1024
train,shiyan/data3/images/train/0833.jpg,0833,0833,.jpg,894,894,RGB,170311,e68057e637307f61d09f01a0e80fed4e74e2380514b32ab6a2032dc5d09817c6,True,ok,641-1024
train,shiyan/data3/images/train/0834.jpg,0834,0834,.jpg,834,834,RGB,154261,2701e190bb8fcb04c8aebf650cbde4a6a3e6ad991486661bb50ee841ad609b99,True,ok,641-1024
train,shiyan/data3/images/train/0835.jpg,0835,0835,.jpg,827,827,RGB,108454,cf639dccffa257b37c9201ab2dd16b5a43e4f7c91b3af5d42670a9f8a7a9c3c5,True,ok,641-1024
train,shiyan/data3/images/train/0836.jpg,0836,0836,.jpg,810,810,RGB,203609,20a6a0ce75630b303025818260527e14e3fa650e21d6a9758392763a62a6e1f0,True,ok,641-1024
train,shiyan/data3/images/train/0837.jpg,0837,0837,.jpg,818,818,RGB,305389,4d64d9f470ca660c0920a1dc7ef618f19321ae19604a42a4ccdf2994ccbadce0,True,ok,641-1024
train,shiyan/data3/images/train/0838.jpg,0838,0838,.jpg,871,871,RGB,178319,92aac2768b5f076a14ecf44b1baa0f92dc995faeafc4c7463b3e0c862a5e4b56,True,ok,641-1024
train,shiyan/data3/images/train/0839.jpg,0839,0839,.jpg,847,847,RGB,239503,5addbc1fb56c75d24c72b82e82898c4eb45002bdbfab03be242f5bc3c8a3b789,True,ok,641-1024
train,shiyan/data3/images/train/0840.jpg,0840,0840,.jpg,810,810,RGB,384914,765d9fd37a2a3a8db755ee1931c31d07c917818fa028b3109dc2ffd6b5197a42,True,ok,641-1024
train,shiyan/data3/images/train/0841.jpg,0841,0841,.jpg,830,830,RGB,318428,c4d49015a819645359d71ef87f762b4c5b8c067683059fd96aea4811735e0e30,True,ok,641-1024
train,shiyan/data3/images/train/0842.jpg,0842,0842,.jpg,850,850,RGB,298253,302ad4d3cef226165eff82df1c56cbab1a684c586dcea7cc6882a3b396fc4f39,True,ok,641-1024
train,shiyan/data3/images/train/0843.jpg,0843,0843,.jpg,839,839,RGB,181159,b315f595d135fc927ce4e6111ea27f69f028cacf15d353d4bd73512c9bde2a53,True,ok,641-1024
train,shiyan/data3/images/train/0844.jpg,0844,0844,.jpg,848,848,RGB,201005,73da461c176f09f82dc4030475659c6b94100b86459b3ed03a3aee236c7862ab,True,ok,641-1024
train,shiyan/data3/images/train/0845.jpg,0845,0845,.jpg,819,819,RGB,183137,138296d5cb3a204c6e7bc2d2ec0324de1f270785bc6532cd2f3661961477de61,True,ok,641-1024
train,shiyan/data3/images/train/0846.jpg,0846,0846,.jpg,870,870,RGB,142040,e6641aabfb169c54bef85cbd9a3b4046ea5b939085c66d87065c6f4984d097db,True,ok,641-1024
train,shiyan/data3/images/train/0847.jpg,0847,0847,.jpg,823,823,RGB,214018,bd2dd18fa3e62ec9a5e17dd243d31abdbc2f62f98e247678ec91dc731a3b8977,True,ok,641-1024
train,shiyan/data3/images/train/0848.jpg,0848,0848,.jpg,819,819,RGB,137251,b168c99cd9396cd49217fd13afb73335278edc1ef115efa556acb0194874ed99,True,ok,641-1024
train,shiyan/data3/images/train/0849.jpg,0849,0849,.jpg,882,882,RGB,180388,1c90870c12e4a87717f204417c564b7342e614d8df26c66f7262b3d87836b75e,True,ok,641-1024
train,shiyan/data3/images/train/0850.jpg,0850,0850,.jpg,895,895,RGB,155561,30e21becfbdff56b194b965077cc787932d165e1fa7c6208bf7065a8091c14fe,True,ok,641-1024
train,shiyan/data3/images/train/0851.jpg,0851,0851,.jpg,892,892,RGB,19866,5c0f3d706366e6b50686e77b51c6863a541b5d1523b42a2d8785f775a4024b59,True,ok,641-1024
train,shiyan/data3/images/train/0852.jpg,0852,0852,.jpg,833,833,RGB,94717,cb616df85707c0d7cd04c614a93a627b577af92c1b825f87bd84ab36b529cfbd,True,ok,641-1024
train,shiyan/data3/images/train/0853.jpg,0853,0853,.jpg,851,851,RGB,87342,34cfed1b30d49391b13627f4a44cb2d1a47b39a0d50e5029dbfe34360db0e460,True,ok,641-1024
train,shiyan/data3/images/train/0854.jpg,0854,0854,.jpg,829,829,RGB,209150,c91702dfaaa345a5e2a38d3527b05b65416becbb2a46f3ad5d6b8bcf6e7c055e,True,ok,641-1024
train,shiyan/data3/images/train/0855.jpg,0855,0855,.jpg,839,839,RGB,177397,b56a856ece474590ea8fab4a12adff9704fd8a039a20cdc1b88bdb453e1496e4,True,ok,641-1024
train,shiyan/data3/images/train/0856.jpg,0856,0856,.jpg,815,815,RGB,166417,aa983355f94fc91ffcfe2f2e7560be89efc16c540ce7112bc7ffaa501116f198,True,ok,641-1024
train,shiyan/data3/images/train/0857.jpg,0857,0857,.jpg,860,860,RGB,106193,c28bbfc06f460dc57c259b84c7c6d7acc45e32eecf2b5af7924c30fec88bf605,True,ok,641-1024
train,shiyan/data3/images/train/0858.jpg,0858,0858,.jpg,880,880,RGB,248197,282bb7ce46ea6999bc4801ccc0377b81206481f15d8684053d46f300559c12a0,True,ok,641-1024
train,shiyan/data3/images/train/0859.jpg,0859,0859,.jpg,826,826,RGB,126530,4b58a56351bc75a5a812b2714887808926a957b1e0bfcaf34f454a8ba1beba3f,True,ok,641-1024
train,shiyan/data3/images/train/0860.jpg,0860,0860,.jpg,863,863,RGB,83709,ba1f5444591e58cc8539e5b4dc2d79034111e4317a41eb7092b9fa52203eb651,True,ok,641-1024
train,shiyan/data3/images/train/0861.jpg,0861,0861,.jpg,874,874,RGB,259852,2e046a0579fc311c63e6a0f6f40d050f6d2c1f8f35e6e1d75bd318b92317dda6,True,ok,641-1024
train,shiyan/data3/images/train/0862.jpg,0862,0862,.jpg,1127,1127,RGB,329911,ae307eafff050120bc6d0d34aaee59f8842117f164998af109147c5d4361b82c,True,ok,1025-1536
train,shiyan/data3/images/train/0863.jpg,0863,0863,.jpg,893,893,RGB,227194,174fc1823d06cd12a279708d955d983bc111d5951cc3f6c8806660f751e7b3c5,True,ok,641-1024
train,shiyan/data3/images/train/0864.jpg,0864,0864,.jpg,896,896,RGB,229029,a266a91976ca4e5d13c6948b4f566e08c7becc9dff5a6ba87c4904edbe6be896,True,ok,641-1024
train,shiyan/data3/images/train/0865.jpg,0865,0865,.jpg,899,899,RGB,205515,e6baa2acdc75e4fe69b951a0713531b4a9c732fa27d9c2aaf555b886e40aac6e,True,ok,641-1024
train,shiyan/data3/images/train/0866.jpg,0866,0866,.jpg,879,879,RGB,192075,6435807c650b45bc6cce351e1a12d1ef347732fe3a8964cce23499f942efd784,True,ok,641-1024
train,shiyan/data3/images/train/0867.jpg,0867,0867,.jpg,813,813,RGB,124771,fb7f859442cfeb97e8ffa6c84703ec5de0c89b5a8cec4658561990695fd50c3b,True,ok,641-1024
train,shiyan/data3/images/train/0868.jpg,0868,0868,.jpg,851,851,RGB,135665,a1d2d6092f92497528dbfba67fc937cd3f6c3c8802195fc71b318e1e9a396238,True,ok,641-1024
train,shiyan/data3/images/train/0869.jpg,0869,0869,.jpg,849,849,RGB,101760,e84e67c4736ef8f1c9d7223c5afa6f5e284cdfa97b6c63431b8d1a8094bf6676,True,ok,641-1024
train,shiyan/data3/images/train/0870.jpg,0870,0870,.jpg,846,846,RGB,112613,2d390c6f12cc97dcdcc5106761b780c5ec9314895c196001d3157740fc417abf,True,ok,641-1024
train,shiyan/data3/images/train/0871.jpg,0871,0871,.jpg,830,830,RGB,121353,8902042ae3a922fbdd6b036f64bb7af5c210570bbd80d47a128aa158fb757cf5,True,ok,641-1024
train,shiyan/data3/images/train/0872.jpg,0872,0872,.jpg,895,895,RGB,165113,cead554211ec0e7ba2e7b58106812a18c532d0264986fa43f52d5ed528098603,True,ok,641-1024
train,shiyan/data3/images/train/0873.jpg,0873,0873,.jpg,827,827,RGB,102731,946e1c4740154c2313b60a60c64e181c104e8a74d52d758c578f94594aa576c6,True,ok,641-1024
train,shiyan/data3/images/train/0874.jpg,0874,0874,.jpg,848,848,RGB,163572,2890a5226640bbfb549937bb2e65b69b81524f6926951b7e86bcafa33c7cb494,True,ok,641-1024
train,shiyan/data3/images/train/0875.jpg,0875,0875,.jpg,840,840,RGB,154858,830c5dd854653950fa788a98d05aa2c322109889f4c9a99f0251b12ab9d9958b,True,ok,641-1024
train,shiyan/data3/images/train/0876.jpg,0876,0876,.jpg,898,898,RGB,177378,e9ce705e4bab307fd516421799ef064b5573cde89a18ba37d58b396f6490e80e,True,ok,641-1024
train,shiyan/data3/images/train/0877.jpg,0877,0877,.jpg,825,825,RGB,225359,f34562b07ceb4d547944e27dff7ebf17340bd2a83da83d32b66c095232f38484,True,ok,641-1024
train,shiyan/data3/images/train/0878.jpg,0878,0878,.jpg,872,872,RGB,162052,46d04bbc3957aff40c5e4602d47b422789890bf81409c705d4872fd15eddd1c7,True,ok,641-1024
train,shiyan/data3/images/train/0879.jpg,0879,0879,.jpg,873,873,RGB,242525,1d2077b75f25c1274234a5e02f37f2a6c254541f7c1fa57b08cd25e933b52257,True,ok,641-1024
train,shiyan/data3/images/train/0880.jpg,0880,0880,.jpg,818,818,RGB,168213,f58dbbe38e0d055e4fd52b4a6e0f2e6e1dd3d3d53fa3049bbd5632a695bcb61f,True,ok,641-1024
train,shiyan/data3/images/train/0881.jpg,0881,0881,.jpg,872,872,RGB,143861,8ed779a014c9f871b258d53852dfcc0dd2ff070a66a5da3fce9b44c361d32c7b,True,ok,641-1024
train,shiyan/data3/images/train/0882.jpg,0882,0882,.jpg,845,845,RGB,225832,b7799eff683fca7613017955840ba9854385057d8c7276380129390905b2b854,True,ok,641-1024
train,shiyan/data3/images/train/0883.jpg,0883,0883,.jpg,880,880,RGB,159299,e210908571579015f272514553c9366ba6c02962ed179f06d171a8014eabf26a,True,ok,641-1024
train,shiyan/data3/images/train/0884.jpg,0884,0884,.jpg,866,866,RGB,266073,68a36036a03c3700da8efb6135b150587848b06993b19392b58ca099bedfeb15,True,ok,641-1024
train,shiyan/data3/images/train/0885.jpg,0885,0885,.jpg,883,883,RGB,211005,92e7b5dcbe320463b768d0a4cc73099618786b96527cbaa96b611687e1205ffd,True,ok,641-1024
train,shiyan/data3/images/train/0886.jpg,0886,0886,.jpg,881,881,RGB,346885,792d1573a4d02142a9d70d6d279ad67271c8d25fa61d23dba86a3d38adaebfef,True,ok,641-1024
train,shiyan/data3/images/train/0887.jpg,0887,0887,.jpg,820,820,RGB,362228,56939e449d6bd95b2a7fc2b129b03bcc4ab885e4b0788bf80d8d666363a2d588,True,ok,641-1024
train,shiyan/data3/images/train/0888.jpg,0888,0888,.jpg,882,882,RGB,394429,6db2f0416a6cdd8048a6f47f7af2b21886f059bbcb74d8406833224439e79995,True,ok,641-1024
train,shiyan/data3/images/train/0889.jpg,0889,0889,.jpg,818,818,RGB,349524,f275d1bdd40eef3fc55d16dc5e2e533d5cb93ab21563799770ce28b4184109eb,True,ok,641-1024
train,shiyan/data3/images/train/0890.jpg,0890,0890,.jpg,883,883,RGB,432705,d76f93bf169ba861d1bf54042467a3e6549ebb9f0c11cdfb51f7ffab67184cf5,True,ok,641-1024
train,shiyan/data3/images/train/0891.jpg,0891,0891,.jpg,834,834,RGB,376758,ffbd2171dfda3d3f0f8eedebb67f6494599090c66c50ebe70137a2541de67cb6,True,ok,641-1024
train,shiyan/data3/images/train/0892.jpg,0892,0892,.jpg,860,860,RGB,283814,644ef32f59562cc8b57f7c2111d1c54b0fd02d5758e36aa3a31acce04425bf5c,True,ok,641-1024
train,shiyan/data3/images/train/0893.jpg,0893,0893,.jpg,843,843,RGB,319905,eb046534c0f24dcc86f7cc8d593322e67201312ed55cd7b30767b1c5a77e1ca6,True,ok,641-1024
train,shiyan/data3/images/train/0894.jpg,0894,0894,.jpg,832,832,RGB,308888,3ed51f56ce4bf30a5cd382c901c401b8b2570e0217956347f6f7e403d096855d,True,ok,641-1024
train,shiyan/data3/images/train/0895.jpg,0895,0895,.jpg,847,847,RGB,276700,2fdbf47864ed2718d2fea4625f61ff4a720c7804474d911b351b2ee9c24521d2,True,ok,641-1024
train,shiyan/data3/images/train/0896.jpg,0896,0896,.jpg,835,835,RGB,323101,bdbba6b92c68580f79424227636b988b7138ba405e68de2960cadf34dc8133eb,True,ok,641-1024
train,shiyan/data3/images/train/0897.jpg,0897,0897,.jpg,854,854,RGB,359531,a606dda59b81c6182c727e0bead26d47ce4fa7be97fbf2bedf9a4f9e1c5e7057,True,ok,641-1024
train,shiyan/data3/images/train/0898.jpg,0898,0898,.jpg,844,844,RGB,307073,18103e32e5df7921f3fa16d4a59f12b0f4e5493578df466a954a853c689091ec,True,ok,641-1024
train,shiyan/data3/images/train/0899.jpg,0899,0899,.jpg,807,807,RGB,155617,2314c890d95717273e84600d4dcc3775c2f3c3870db3d2c5e89beaaeb60a23bd,True,ok,641-1024
train,shiyan/data3/images/train/0900.jpg,0900,0900,.jpg,819,819,RGB,93719,13fe939c00f7b54d2728fef8be536a05c4c4f2b237e643c9c693e9f15b2329ab,True,ok,641-1024
train,shiyan/data3/images/train/0901.jpg,0901,0901,.jpg,895,895,RGB,172182,25afabac2cd141d0f406e59fabb448ff52de687eecbaa186d9e715b3497ee0a4,True,ok,641-1024
train,shiyan/data3/images/train/0902.jpg,0902,0902,.jpg,814,814,RGB,382615,e1d130b71dd7179c340f572da203cdff6751a1be3fa2aee4f18cc8fbe34d1b52,True,ok,641-1024
train,shiyan/data3/images/train/0903.jpg,0903,0903,.jpg,878,878,RGB,240928,afc26f10f49b0b04bf54a000ae9c1d25b0aa01a27cbc952cc6589467aac7641c,True,ok,641-1024
train,shiyan/data3/images/train/0904.jpg,0904,0904,.jpg,875,875,RGB,177715,896d32dcbdb822acbf6f63886e6782c1d436524b52f60195ca2f92553f9fb9f6,True,ok,641-1024
train,shiyan/data3/images/train/0905.jpg,0905,0905,.jpg,812,812,RGB,30486,981e9923c1451a924cf6097782e69d048f176f211b6deabad86e9e3d5da9246c,True,ok,641-1024
train,shiyan/data3/images/train/0906.jpg,0906,0906,.jpg,825,825,RGB,92702,a58a1ea8abe2083c2d5e913a7d40e84e2a78cbe558d64211c45705bc41ae8ded,True,ok,641-1024
train,shiyan/data3/images/train/0907.jpg,0907,0907,.jpg,889,889,RGB,83496,5aa8e3929d25491e102c30e73549c0b274e106757a791dffaf3dd3f5b9ef6f90,True,ok,641-1024
train,shiyan/data3/images/train/0908.jpg,0908,0908,.jpg,828,828,RGB,125556,287ab3e50d875233783bc0264f80fd0b7c1ec5107f7bbc2b2e813dc2c625d15a,True,ok,641-1024
train,shiyan/data3/images/train/0909.jpg,0909,0909,.jpg,899,899,RGB,44488,9efdae1ae3084f215c0b18b15597102021875ed50b11503e24d5b9b6ac36cf8c,True,ok,641-1024
train,shiyan/data3/images/train/0910.jpg,0910,0910,.jpg,821,821,RGB,120647,e23e7754102ce5e46cba9b3272c5244582058c4315ccd9728b3e02e5903a97cf,True,ok,641-1024
train,shiyan/data3/images/train/0911.jpg,0911,0911,.jpg,822,822,RGB,130483,6a24f82c4a21bb5e89413d7d49bbf6ed0ff8d8abb7564e376c105af4c7a21702,True,ok,641-1024
train,shiyan/data3/images/train/0912.jpg,0912,0912,.jpg,826,826,RGB,159777,d9793815a846dc3f7339555ed5212d9328b0ca802a0f7f378e034beaecec143d,True,ok,641-1024
train,shiyan/data3/images/train/0913.jpg,0913,0913,.jpg,893,893,RGB,217825,7d72086f665828ef49ced79e96f57aa1a1795a3d84af5b66f584bec1aff76919,True,ok,641-1024
train,shiyan/data3/images/train/0914.jpg,0914,0914,.jpg,890,890,RGB,216957,113819922073ca327e5a33107ece9626a395997a4dbd6ef5306b9aa3824ac3ca,True,ok,641-1024
train,shiyan/data3/images/train/0915.jpg,0915,0915,.jpg,821,821,RGB,76352,a790a631cd3e44aac9c0779f8085f78b6abe51fb58d80b60d2cfcebe4e8fd533,True,ok,641-1024
train,shiyan/data3/images/train/0916.jpg,0916,0916,.jpg,893,893,RGB,141693,f83dbb4addd0187ea9d66fd2285bc8860689c544517c3984214f05ad72df53fb,True,ok,641-1024
train,shiyan/data3/images/train/0917.jpg,0917,0917,.jpg,832,832,RGB,143258,0d31d2e285b042d6c38ad1bdcfd31ef2761348140f8d608a2fd4fb5aba683878,True,ok,641-1024
train,shiyan/data3/images/train/0918.jpg,0918,0918,.jpg,878,878,RGB,129454,306622774b1adf396c8cc6a962a2bef2b3b039ab17638fd840ec317a09f2ac50,True,ok,641-1024
train,shiyan/data3/images/train/0919.jpg,0919,0919,.jpg,863,863,RGB,188387,f75494e81b46e43c660ed8665492c3362ee776b5698ce8330f5a95a95891fa2b,True,ok,641-1024
train,shiyan/data3/images/train/0920.jpg,0920,0920,.jpg,876,876,RGB,139885,d4dab61e1e81bdc33b41797aec2282b92f366070834ff150689a0f9d452b872c,True,ok,641-1024
train,shiyan/data3/images/train/0921.jpg,0921,0921,.jpg,896,896,RGB,131340,bb8d90043300e234f2910144b7fb31dea510263f6a1984f14a1c2e4ac957e63d,True,ok,641-1024
train,shiyan/data3/images/train/0922.jpg,0922,0922,.jpg,857,857,RGB,119945,e54acd3daf67e85ae0e688261dae4b1ac1f91b7b1b78de5e94ae52488a16fcb6,True,ok,641-1024
train,shiyan/data3/images/train/0923.jpg,0923,0923,.jpg,805,805,RGB,92163,e2d9f92267fe631c366aedf4d784937d3b2c907d6b46d08914fe87b87cbe2886,True,ok,641-1024
train,shiyan/data3/images/train/0924.jpg,0924,0924,.jpg,896,896,RGB,154031,bb2a95f0068f943a7eafa83bed2eaf90fd2afa25ff292c5f714ebabd89552457,True,ok,641-1024
train,shiyan/data3/images/train/0925.jpg,0925,0925,.jpg,828,828,RGB,133070,a62ba42f5041ebfb7260fcef4a5503ac60c08b232da050fcd3d28a3cef955ba3,True,ok,641-1024
train,shiyan/data3/images/train/0926.jpg,0926,0926,.jpg,852,852,RGB,105380,1b1c3052da7b522f4b69c6bd1f38ce368efb7deb070125115b82266374e5aa4e,True,ok,641-1024
train,shiyan/data3/images/train/0927.jpg,0927,0927,.jpg,857,857,RGB,152349,b6597369e3f0b64c2314e50c02bab90d58b8a680780ec29700e95169932b97fc,True,ok,641-1024
train,shiyan/data3/images/train/0928.jpg,0928,0928,.jpg,817,817,RGB,34853,de56dacd558e2a56e251fc19a769d5765504e87b2fecd66fb27c847e64031d98,True,ok,641-1024
train,shiyan/data3/images/train/0929.jpg,0929,0929,.jpg,814,814,RGB,29887,fd4005336528b5345187344fc3552a394806a85589fd56e31bf920a033f4cdda,True,ok,641-1024
train,shiyan/data3/images/train/0930.jpg,0930,0930,.jpg,887,887,RGB,27066,271706a52680b24612d430c2d4a88714d16a9503032ebae94747f30e502db450,True,ok,641-1024
train,shiyan/data3/images/train/0931.jpg,0931,0931,.jpg,879,879,RGB,21070,33fb2273518f90c2e7b25575e45c682d3e5c3dbda71363b9ed4215637a886b43,True,ok,641-1024
train,shiyan/data3/images/train/0932.jpg,0932,0932,.jpg,817,817,RGB,68306,75b78e152f22241d2cd55c3f2d9de0ab1c7a8dc4aa313730986ce699ed4cac3c,True,ok,641-1024
train,shiyan/data3/images/train/0933.jpg,0933,0933,.jpg,820,820,RGB,41669,2cdde8905f6ff00124ce79d6c112df1643913545a80424903c6f6392bc34dedd,True,ok,641-1024
train,shiyan/data3/images/train/0934.jpg,0934,0934,.jpg,818,818,RGB,34685,de7f8ffa431f93e208ff17af8208e3a16b49d609cc9a318a5e0c92ee01ed4d4f,True,ok,641-1024
train,shiyan/data3/images/train/0935.jpg,0935,0935,.jpg,897,897,RGB,35414,e01ebe516f464069a74aeb1172112439caec4abebf7d625ad865406aa1d0a38d,True,ok,641-1024
train,shiyan/data3/images/train/0936.jpg,0936,0936,.jpg,875,875,RGB,48170,436b08edee812a26ecd9d436c3507b31413bb00d5d701864c1e6b1d9933d0716,True,ok,641-1024
train,shiyan/data3/images/train/0937.jpg,0937,0937,.jpg,858,858,RGB,36791,a496264747dcbde24a7dbde38573c64e2a1de739684b958dcc19345e123f80e8,True,ok,641-1024
train,shiyan/data3/images/train/0938.jpg,0938,0938,.jpg,811,811,RGB,47799,349bdedf07d8115ded92af321c6aa3b8487ece1466545c6ccecad7840390e4e0,True,ok,641-1024
train,shiyan/data3/images/train/0939.jpg,0939,0939,.jpg,804,804,RGB,39497,8062eadb5933035e6b4907729e10a120b3ee474a8b8b8b12c60230c85a9a7b05,True,ok,641-1024
train,shiyan/data3/images/train/0940.jpg,0940,0940,.jpg,879,879,RGB,127336,a1d1ce5877d6776a00a5944a16b0d5006b9c3d65b20fb9e64315235f096913ff,True,ok,641-1024
train,shiyan/data3/images/train/0941.jpg,0941,0941,.jpg,843,843,RGB,51956,2391cf40b1bd9b5336e4ac0d51233bc0db946792a0efc23f8fdbf4fcb4d81612,True,ok,641-1024
train,shiyan/data3/images/train/0942.jpg,0942,0942,.jpg,896,896,RGB,54547,3e63e621438ad76dc720b80bde3e7ec475bc4657883e94e2a278a713da2960b7,True,ok,641-1024
train,shiyan/data3/images/train/0943.jpg,0943,0943,.jpg,801,801,RGB,46457,45adce4405ba9079ae3d7623e10fa0d97661615d9fbfc65379ec0b7817667db8,True,ok,641-1024
train,shiyan/data3/images/train/0944.jpg,0944,0944,.jpg,873,873,RGB,120200,2e11de7ca69675cb7c5084d06e24e180d42cc2343bf6ae9e87970b8a6a550b6b,True,ok,641-1024
train,shiyan/data3/images/train/0945.jpg,0945,0945,.jpg,880,880,RGB,103223,44d77744e9d68d134da0fbc0b7ba5e4997701b2e5547d6325e5a5e361699bb69,True,ok,641-1024
train,shiyan/data3/images/train/0946.jpg,0946,0946,.jpg,872,872,RGB,88628,9c6cec70dabb92b3ba130bde33272986a21915f0a4ad2451a0fbc4f93c607141,True,ok,641-1024
train,shiyan/data3/images/train/0947.jpg,0947,0947,.jpg,841,841,RGB,88137,684eb10edee893b9e58fd513bbeb1ec9f4a320491d99818989da59015f4b321a,True,ok,641-1024
train,shiyan/data3/images/train/0948.jpg,0948,0948,.jpg,834,834,RGB,132735,a69b84209578c5cd0e0350910bb8054a93705da81ff7401a29d325498632d91f,True,ok,641-1024
train,shiyan/data3/images/train/0949.jpg,0949,0949,.jpg,879,879,RGB,79089,afbe1833f51c3b679464d7322849138ab9deb9665fd36f8ba42ad60125f5190a,True,ok,641-1024
train,shiyan/data3/images/train/0950.jpg,0950,0950,.jpg,876,876,RGB,145130,81626daa2d49a85197e07bd3644bed1949419dce8e756822a1afc62c92fd1aaa,True,ok,641-1024
train,shiyan/data3/images/train/0951.jpg,0951,0951,.jpg,866,866,RGB,209995,4b6fb4293eb9c8bb6f4c9a8e8010437ec1213ab91ad5e1ece8afb04093efabad,True,ok,641-1024
train,shiyan/data3/images/train/0952.jpg,0952,0952,.jpg,895,895,RGB,101410,5cdd1ce838b6cae49bddbde8311ae0aa26f7d24c5bc27767f7c05697c2792172,True,ok,641-1024
train,shiyan/data3/images/train/0953.jpg,0953,0953,.jpg,845,845,RGB,83805,63e8a3f7264f37db82cf24035f9ba67bf09aaceb1010b3126f8e0c087a460125,True,ok,641-1024
train,shiyan/data3/images/train/0954.jpg,0954,0954,.jpg,813,813,RGB,167595,27a41c51117944fbb246f4c997abbc18c5aa8b2d154475745405bfaf151a1290,True,ok,641-1024
train,shiyan/data3/images/train/0955.jpg,0955,0955,.jpg,802,802,RGB,39759,7075d84a88afc8e3937f3e246bae06527e28c2041cd18470d1afdfa89e737309,True,ok,641-1024
train,shiyan/data3/images/train/0956.jpg,0956,0956,.jpg,897,897,RGB,59065,319997d7178c48612a0447fa708b363a2af43ac972820a638f331eaa37b22221,True,ok,641-1024
train,shiyan/data3/images/train/0957.jpg,0957,0957,.jpg,842,842,RGB,127162,add80eb8f3155d36fc9797610a7aa434128317c91ed3a193b30aeb6edc14a846,True,ok,641-1024
train,shiyan/data3/images/train/0958.jpg,0958,0958,.jpg,845,845,RGB,105377,8244e305d2f3a315368c6c2e1c7cb66236094ca36b7ccd1eaaf143dc891c3c43,True,ok,641-1024
train,shiyan/data3/images/train/0959.jpg,0959,0959,.jpg,898,898,RGB,61129,6186d91124d4706fca912fdfd01413d61d76e099cd42224e5239f40714b7034a,True,ok,641-1024
train,shiyan/data3/images/train/0960.jpg,0960,0960,.jpg,873,873,RGB,33389,e7d3312a0d81e4c99d35fdc54cd42d04c185e52835f2f48bcb04ac9ddbc53706,True,ok,641-1024
train,shiyan/data3/images/train/0961.jpg,0961,0961,.jpg,853,853,RGB,191144,4e8867cf5cff5fd2af4e5af9c46e836b01263cb9c93f8e0516df7c913ee30230,True,ok,641-1024
train,shiyan/data3/images/train/0962.jpg,0962,0962,.jpg,867,867,RGB,113493,d07f89741cb72799357014896b83dcd5306d90f4830419921b7cd19b67284a9f,True,ok,641-1024
train,shiyan/data3/images/train/0963.jpg,0963,0963,.jpg,833,833,RGB,90663,0ef8fe69a28dd06d8700a051bbad1d5d85006958211d65f7bb9baf4bbfeb0309,True,ok,641-1024
train,shiyan/data3/images/train/0964.jpg,0964,0964,.jpg,812,812,RGB,84298,4dd81d7f7ed1d908640adee922b792d221039bd69944f3191cb4687d6dfb7d42,True,ok,641-1024
train,shiyan/data3/images/train/0965.jpg,0965,0965,.jpg,837,837,RGB,99994,25e7f6f5b55923f7d96fbab3f84682a2e7bec6ccc76a331a612d3723fb7b3793,True,ok,641-1024
train,shiyan/data3/images/train/0966.jpg,0966,0966,.jpg,880,880,RGB,121415,7e76903bc4573fa63e59624d3123ccef71e506590525febf06edba7ae0a5b6f5,True,ok,641-1024
train,shiyan/data3/images/train/0967.jpg,0967,0967,.jpg,818,818,RGB,73288,4f9036d5aefcdc77642d4534c2e090923c21e4f0036db4940453543774f2f42b,True,ok,641-1024
train,shiyan/data3/images/train/0968.jpg,0968,0968,.jpg,834,834,RGB,50589,c28b3670c2a978e48aed490500cd6f3829c7830e080e44c8fa8d6871b60cc4ec,True,ok,641-1024
train,shiyan/data3/images/train/0969.jpg,0969,0969,.jpg,860,860,RGB,79854,e1f963f36cbbd27437af0051a728ee0d4af911122a0f446e7748c0838897df42,True,ok,641-1024
train,shiyan/data3/images/train/0970.jpg,0970,0970,.jpg,893,893,RGB,112796,c7703cdf26a2b7c374494c1a8ca347cad6a9bcf042a0165346c93a15baaaca0c,True,ok,641-1024
train,shiyan/data3/images/train/0971.jpg,0971,0971,.jpg,877,877,RGB,84678,92ab32cca6ab5192e1305bc7527570df03a51bfa072ca6486710d14d97fab64f,True,ok,641-1024
train,shiyan/data3/images/train/0972.jpg,0972,0972,.jpg,862,862,RGB,139927,9cfbeb35b13b887d840074936886be7601c0b733efd27084b401f66e88a1ba96,True,ok,641-1024
train,shiyan/data3/images/train/0973.jpg,0973,0973,.jpg,838,838,RGB,140962,ad89cb01cadb8f931c326aea394afc1f1b49809332e961e4ae6157af0fa4443a,True,ok,641-1024
train,shiyan/data3/images/train/0974.jpg,0974,0974,.jpg,886,886,RGB,101481,a63455b4e22a8a309b9580aad5cc545dc9f90d25868318b5d35c081fbb43f9de,True,ok,641-1024
train,shiyan/data3/images/train/0975.jpg,0975,0975,.jpg,868,868,RGB,201437,03a2691ae45bb4839fb3b26061e2cfc0ad2b6aa6318c8c32a6772223421d9761,True,ok,641-1024
train,shiyan/data3/images/train/0976.jpg,0976,0976,.jpg,851,851,RGB,57635,ece4099d998f11c655d3a7722b1f3444cb660789dc17a5aa56dbdfa540c9ac9c,True,ok,641-1024
train,shiyan/data3/images/train/0977.jpg,0977,0977,.jpg,877,877,RGB,134509,d4804c20099c758147e86343a854b9f36ec56551528c12ffb2362f489816e5e8,True,ok,641-1024
train,shiyan/data3/images/train/0978.jpg,0978,0978,.jpg,830,830,RGB,158365,9ed34e7520a7af57a116851e675c62f73262e9a63b4573d0bd0f24689cc0e50e,True,ok,641-1024
train,shiyan/data3/images/train/0979.jpg,0979,0979,.jpg,894,894,RGB,142055,69e8cf7533195937b86eddf6f88f8e54801fad011f878691865a65661d65e9ff,True,ok,641-1024
train,shiyan/data3/images/train/0980.jpg,0980,0980,.jpg,807,807,RGB,106624,ae11792d9fbd09099fdf16a38bc83f73d225d88e9f0991675e009a2f5da1407a,True,ok,641-1024
train,shiyan/data3/images/train/0981.jpg,0981,0981,.jpg,833,833,RGB,122293,9936f9a6ecf5d204900b39fefbf56e3666799ae27d4b43a73f9d3f3090a3942d,True,ok,641-1024
train,shiyan/data3/images/train/0982.jpg,0982,0982,.jpg,877,877,RGB,216758,be2af0534b1daff8690a4aa44862df2e9367b7e4a320a195dffdbf40d68f1ef1,True,ok,641-1024
train,shiyan/data3/images/train/0983.jpg,0983,0983,.jpg,875,875,RGB,167713,c524f1f1e9fa8b3940e1b7967a6dd74980896d148e9ac1321fe4e6703acedb6f,True,ok,641-1024
train,shiyan/data3/images/train/0984.jpg,0984,0984,.jpg,894,894,RGB,168972,ea56d08872b9fde9b42d6d01879f817d5a756bbc60e6df33247e23d7cce59bc7,True,ok,641-1024
train,shiyan/data3/images/train/0985.jpg,0985,0985,.jpg,856,856,RGB,131300,5950e69fb6092bb637c0be7e9d3aea4acd61ac7dbbb85d6613f1b30d36c9351a,True,ok,641-1024
train,shiyan/data3/images/train/0986.jpg,0986,0986,.jpg,841,841,RGB,109322,ca666e04605f9c8d24a7198230d14ecc169c805091c0fb7b831327d8164e4d5a,True,ok,641-1024
train,shiyan/data3/images/train/0987.jpg,0987,0987,.jpg,883,883,RGB,270931,5e98ddd9b02b4f76a766e873ef453a5f8b629f007498348e710d461240107ff9,True,ok,641-1024
train,shiyan/data3/images/train/0988.jpg,0988,0988,.jpg,893,893,RGB,275400,42cd21b38aaa9033b71cedfffaa42c7ba8c317ee8ac90d125c858d5da8ab4cc4,True,ok,641-1024
train,shiyan/data3/images/train/0989.jpg,0989,0989,.jpg,853,853,RGB,219218,3e9d7a15f5caaa9b2750e723cafe73024e9b64a65f2bb7278efdff3a855e3ac2,True,ok,641-1024
train,shiyan/data3/images/train/0990.jpg,0990,0990,.jpg,839,839,RGB,177372,841c86be36bed35951f8c19ae4c3547d685e100158f917032c047a6c4c56126f,True,ok,641-1024
train,shiyan/data3/images/train/0991.jpg,0991,0991,.jpg,834,834,RGB,219937,615506264e64d0e73d9e76a0582d296325fdb249cdfe05c91208ede3dea58058,True,ok,641-1024
train,shiyan/data3/images/train/0992.jpg,0992,0992,.jpg,838,838,RGB,187084,7693425e2d4a87c990ceda570d3478738d781f5dafd75b9da9fc34875d2fe906,True,ok,641-1024
train,shiyan/data3/images/train/0993.jpg,0993,0993,.jpg,851,851,RGB,163522,4836ca0fd228aa0439fe4f04a3431790bf88018730cdea129e677aac4c3eba9d,True,ok,641-1024
train,shiyan/data3/images/train/0994.jpg,0994,0994,.jpg,817,817,RGB,105977,9fe3aafa8a701b85a1af13b980ce62aa5179121bd4dec757a6a93892f3e00bd8,True,ok,641-1024
train,shiyan/data3/images/train/0995.jpg,0995,0995,.jpg,882,882,RGB,209397,f10c0c32aa3f3117a38f2ab2f9ae636fc226afe7e516a0b7c0b504d74c5652de,True,ok,641-1024
train,shiyan/data3/images/train/0996.jpg,0996,0996,.jpg,889,889,RGB,189005,d95da3fde06a5ff89ba9f96be113a30be720efc18ef06193132b381433aad0da,True,ok,641-1024
train,shiyan/data3/images/train/0997.jpg,0997,0997,.jpg,895,895,RGB,173560,e7fd33b44c5b7249db35171d5d088840063e20c4d1cfad228b409135c07ac395,True,ok,641-1024
train,shiyan/data3/images/train/0998.jpg,0998,0998,.jpg,824,824,RGB,136176,7366e7c2db0b88c03996c5b4586c0be9553b16d02d17ef213413eb7f14c7c913,True,ok,641-1024
train,shiyan/data3/images/train/0999.jpg,0999,0999,.jpg,883,883,RGB,119128,51ccf05bed49ce3262097450fe64868a3f11ce2b8c306df98929ea69a7c04e0d,True,ok,641-1024
train,shiyan/data3/images/train/1000.jpg,1000,1000,.jpg,840,840,RGB,213622,9a031140c56f6fb76e60fdf23d38e7316399d74326128e41fd8e3cead903ab36,True,ok,641-1024
train,shiyan/data3/images/train/1001.jpg,1001,1001,.jpg,829,829,RGB,96512,60d513bae4f837e78f8343a8aac07b1b2fc3355d7896c9fee4bc96ffc58813ef,True,ok,641-1024
train,shiyan/data3/images/train/1002.jpg,1002,1002,.jpg,845,845,RGB,103480,a4e3ad8a3a615899de1af5f1a45c72e3ffa49d7b398c620dc5def289565cdea6,True,ok,641-1024
train,shiyan/data3/images/train/1003.jpg,1003,1003,.jpg,852,852,RGB,260296,72fb8f7a54a78e907bf83520b9af30e55f03538e813253d8ac912e3a227e6b93,True,ok,641-1024
train,shiyan/data3/images/train/1004.jpg,1004,1004,.jpg,824,824,RGB,168679,2b3240ce530eec9eb3ec9a72c287c255b11fc73625157d0ec8c20b627cb85389,True,ok,641-1024
train,shiyan/data3/images/train/1005.jpg,1005,1005,.jpg,880,880,RGB,137148,5d1e4219653c17fbfaf996aecd3567b0d745668601d2ad8e4db11dd85dda1d0a,True,ok,641-1024
train,shiyan/data3/images/train/1006.jpg,1006,1006,.jpg,885,885,RGB,302281,ce10fef1684c4c8aaa7c6f3fe85f07bb1f4393ff059e61cb20b1c8a1437b6ec0,True,ok,641-1024
train,shiyan/data3/images/train/1007.jpg,1007,1007,.jpg,841,841,RGB,217566,945949138f8d1b91c94c24c9572915e55faee582b4532bbb51823811e39a5efd,True,ok,641-1024
train,shiyan/data3/images/train/1008.jpg,1008,1008,.jpg,818,818,RGB,233320,537e1b21e59bd65f066098223c6705dd0f583462235cbe943d19cdb11e695a6c,True,ok,641-1024
train,shiyan/data3/images/train/1009.jpg,1009,1009,.jpg,824,824,RGB,243234,9f078f83f14a6ddedfafb500fe02dfa13c3f2797833096eab73859ccd46c12eb,True,ok,641-1024
train,shiyan/data3/images/train/1010.jpg,1010,1010,.jpg,894,894,RGB,205789,ade27ede8490c8cd2df482f27a9e5009d8b4edee2204ea3fd8e4ee231b89fc43,True,ok,641-1024
train,shiyan/data3/images/train/1011.jpg,1011,1011,.jpg,848,848,RGB,172160,78bf015c78207921a3d26c30880988f3ff5af46efe0d6f02f4a6682bae448ff4,True,ok,641-1024
train,shiyan/data3/images/train/1012.jpg,1012,1012,.jpg,807,807,RGB,156438,428e72a8f5414e326730143882e664cc73275277b5ebf9e4b3c2cf6fc0f61c84,True,ok,641-1024
train,shiyan/data3/images/train/1013.jpg,1013,1013,.jpg,857,857,RGB,153167,74372b62481166ccd1cb9752e7a47c049f51c8c237306872a4073c748ae90d54,True,ok,641-1024
train,shiyan/data3/images/train/1014.jpg,1014,1014,.jpg,844,844,RGB,154309,3e832cb69c93634008c36f11edad7cb75028a58b31ed0133c2d1a81570a80276,True,ok,641-1024
train,shiyan/data3/images/train/1015.jpg,1015,1015,.jpg,819,819,RGB,147389,602c245bb64e377301e4c234468b4ac410f347f22c568e35e4a9f1b071bbf909,True,ok,641-1024
train,shiyan/data3/images/train/1016.jpg,1016,1016,.jpg,884,884,RGB,165381,cfabe710efdcb2d5d70e620a754fe8babb0d5bae9da99f2dc8cfc548feab1829,True,ok,641-1024
train,shiyan/data3/images/train/1017.jpg,1017,1017,.jpg,803,803,RGB,138654,5c9538cf72e8c85198a893ce67e7d3b09f931694c38a30db0895f0a1a63acff5,True,ok,641-1024
train,shiyan/data3/images/train/1018.jpg,1018,1018,.jpg,820,820,RGB,113947,c204c145a661af9cb62dfb5e5d193150bae751c37731be43cadba4676e9fb62e,True,ok,641-1024
train,shiyan/data3/images/train/1019.jpg,1019,1019,.jpg,842,842,RGB,131242,7ad0b4c6410a6ae41cf6aae633eee8643f2b6170295e54332019092ee7642b22,True,ok,641-1024
train,shiyan/data3/images/train/1020.jpg,1020,1020,.jpg,802,802,RGB,121566,b0b32d4c853e81318d83cc9862bed4b1ddd0f1f43f11e892497f9fb6545ebf8b,True,ok,641-1024
train,shiyan/data3/images/train/1021.jpg,1021,1021,.jpg,863,863,RGB,168499,a0d1bb723afd9d774084c7a5f49b03ed525a141704965be9f95865674966bea8,True,ok,641-1024
train,shiyan/data3/images/train/1022.jpg,1022,1022,.jpg,863,863,RGB,197979,feb63c5117ab2592a6d789ad7e5776897edfe819c3da5fb3f7e955a72bbc7f51,True,ok,641-1024
train,shiyan/data3/images/train/1023.jpg,1023,1023,.jpg,823,823,RGB,179687,5ad8450830c64ea71e1b02755b30026b6c9c45d1db5804fa941075fe98ba0085,True,ok,641-1024
train,shiyan/data3/images/train/1024.jpg,1024,1024,.jpg,812,812,RGB,176267,d7ec599128094376064a2a07fe72a3e3ad6965d69a74601763ff3e5c892e35fe,True,ok,641-1024
train,shiyan/data3/images/train/1025.jpg,1025,1025,.jpg,854,854,RGB,192241,3f2da70659659057e636310ce5eac975209b3b030a92cf2cf94b7c8f22f8e643,True,ok,641-1024
train,shiyan/data3/images/train/1026.jpg,1026,1026,.jpg,830,830,RGB,170585,39faa6c544fba974fc32daf49b1441a2604b3665c0f0a51dbae7699d51f34394,True,ok,641-1024
train,shiyan/data3/images/train/1027.jpg,1027,1027,.jpg,828,828,RGB,168869,424c7ff28ba08808eee5be55e3d1934b686c8e4e140a7ef1e773e83d6f6a7cc0,True,ok,641-1024
train,shiyan/data3/images/train/1028.jpg,1028,1028,.jpg,896,896,RGB,181991,9cf68f76081710c826b3deee9ea37750b903745cd5dd3304b574e160d220a432,True,ok,641-1024
train,shiyan/data3/images/train/1029.jpg,1029,1029,.jpg,860,860,RGB,196396,db736ee55d311006b3de628c4d67015ba2aa4d673bbf0d5db4adada5ba58fbb9,True,ok,641-1024
train,shiyan/data3/images/train/1030.jpg,1030,1030,.jpg,868,868,RGB,161896,02557bd1b3c7334148ce025b1dda5bb0d46d58291dd0f750ad5ea56617d5559c,True,ok,641-1024
train,shiyan/data3/images/train/1031.jpg,1031,1031,.jpg,880,880,RGB,196749,77631bb08dd9f59b07ef69450f40b6cd5793ee11730c4cfbc0d2a8c2e20202d7,True,ok,641-1024
train,shiyan/data3/images/train/1032.jpg,1032,1032,.jpg,843,843,RGB,177795,bbf753e9247e7c0b9168f2f2648ac6ba0db34526475e1fbaa3eea4b386adcf31,True,ok,641-1024
train,shiyan/data3/images/train/1033.jpg,1033,1033,.jpg,822,822,RGB,167440,3f98dc5e712640d5fdfc56c10b7b602904d940cede0fa8c940e769085ebd0e5a,True,ok,641-1024
train,shiyan/data3/images/train/1034.jpg,1034,1034,.jpg,893,893,RGB,157078,3e3280a3d3705083e34a83658c2d20475176f8294efdb6826bc12ffade1f218b,True,ok,641-1024
train,shiyan/data3/images/train/1035.jpg,1035,1035,.jpg,887,887,RGB,201340,2267a2f96a19cc6e9f8eebcdbafe1ba3572d035e6fc657009c4f6d7cdf4616d3,True,ok,641-1024
train,shiyan/data3/images/train/1036.jpg,1036,1036,.jpg,834,834,RGB,152826,2fc6d51a42540466637142c78d8f84f3584c854cae2907b6f12be9027044dd36,True,ok,641-1024
train,shiyan/data3/images/train/1037.jpg,1037,1037,.jpg,845,845,RGB,126049,3b5e5384ab6a42e214e08c1f9352cc6dfe65f2eaf19fd938119d51ee32888bc3,True,ok,641-1024
train,shiyan/data3/images/train/1038.jpg,1038,1038,.jpg,898,898,RGB,153958,2e102014f7be4b8aa87eedcacc4148ca1aa2d2c1781f3297d4febd116fde6d53,True,ok,641-1024
train,shiyan/data3/images/train/1039.jpg,1039,1039,.jpg,803,803,RGB,140228,c03c2485381fb3d5e494c3a156a0f6d9e2ca1e10c7153792ca2cb0b215ff2f2e,True,ok,641-1024
train,shiyan/data3/images/train/1040.jpg,1040,1040,.jpg,884,884,RGB,160404,5b60eebca29294e8cf00328e1b31f20069c62888e0a84e0bc574b7573878186c,True,ok,641-1024
train,shiyan/data3/images/train/1041.jpg,1041,1041,.jpg,812,812,RGB,121561,0c931412b685fb17241a69f1295e319eb728a8677a9f3cd2468dc4383f325e34,True,ok,641-1024
train,shiyan/data3/images/train/1042.jpg,1042,1042,.jpg,835,835,RGB,131945,4cc3c03a243cff9355680861c6a4eff440a4dea6ad4c8b6c307bdeec4f34e773,True,ok,641-1024
train,shiyan/data3/images/train/1043.jpg,1043,1043,.jpg,841,841,RGB,134140,ca404cc67212532078a4e00e284a96211443afdd757f2c44f208009b579779a0,True,ok,641-1024
train,shiyan/data3/images/train/1044.jpg,1044,1044,.jpg,856,856,RGB,136786,2c719e7eb9c698721bd57a93f906f1474c218e85061c9dd3a02e2ccc6f5bd69e,True,ok,641-1024
train,shiyan/data3/images/train/1045.jpg,1045,1045,.jpg,840,840,RGB,184338,d79b89a6790268484980866a8bb6d0b6d0880598c3d8b0698b9fdebd73aa7234,True,ok,641-1024
train,shiyan/data3/images/train/1046.jpg,1046,1046,.jpg,897,897,RGB,160068,a01f04ae1b54f48e0bdba30888a4d547fa598360faabc8f9a9fc64f99ff339d8,True,ok,641-1024
train,shiyan/data3/images/train/1047.jpg,1047,1047,.jpg,841,841,RGB,168126,7f567af806aedeff0a4a6d20cc72f92a1cb3a449b471dcb8d0e1c58554113311,True,ok,641-1024
train,shiyan/data3/images/train/1048.jpg,1048,1048,.jpg,868,868,RGB,158641,d9e190b2d7b6d8a2393cbfa88890f034690e417458d09320d83920efa2153044,True,ok,641-1024
train,shiyan/data3/images/train/1049.jpg,1049,1049,.jpg,894,894,RGB,137022,3dc1faf451e960c06d84306ab978d41ddc48a1ca34d7b3379bcb19a3fad05b1a,True,ok,641-1024
train,shiyan/data3/images/train/1050.jpg,1050,1050,.jpg,898,898,RGB,169733,9c30033e288660062ca432a7e40911713ab13c8f7b8ed411fb8692c0ce7535ad,True,ok,641-1024
train,shiyan/data3/images/train/1051.jpg,1051,1051,.jpg,809,809,RGB,144256,895db2c0a8c50923b2f11c4da407ad095c88e022b7b26c859d33062e01185e07,True,ok,641-1024
train,shiyan/data3/images/train/1052.jpg,1052,1052,.jpg,862,862,RGB,168164,4190d461e295844acdaaad2520618a4bee4e4e8eb708bc1071a2b30a5c152e10,True,ok,641-1024
train,shiyan/data3/images/train/1053.jpg,1053,1053,.jpg,879,879,RGB,150741,cf2a2b05d4e2eb7a79ac745d8852fca94a26350fb932f5729cb0c9ec6bdbd153,True,ok,641-1024
train,shiyan/data3/images/train/1054.jpg,1054,1054,.jpg,858,858,RGB,161026,f6807478acef6ba6a25635fbaf8ff0ef82674ba300d99b54bf112cbbf480ef73,True,ok,641-1024
train,shiyan/data3/images/train/1055.jpg,1055,1055,.jpg,867,867,RGB,140423,4c4f6bd04b71a043d658fbfcdcb3e3215cc098a6d4a514d0cc0cb5e81b68e88a,True,ok,641-1024
train,shiyan/data3/images/train/1056.jpg,1056,1056,.jpg,806,806,RGB,140905,7b3f5b89c47c86b4713a80d8ea879404a7c98ae8054cc1a5fb3b1af66341d65b,True,ok,641-1024
train,shiyan/data3/images/train/1057.jpg,1057,1057,.jpg,839,839,RGB,148697,c4ffa5dc5785fb32bb3e5ed9cf707035c17d4894756bf2077ef0e041777ab3ce,True,ok,641-1024
train,shiyan/data3/images/train/1058.jpg,1058,1058,.jpg,874,874,RGB,143082,a698ba43cc7b4314ddd8c00f7fea0a082be504a4f054bd8ffa6d4a34336832ea,True,ok,641-1024
train,shiyan/data3/images/train/1059.jpg,1059,1059,.jpg,841,841,RGB,142375,56bbb52f7e6b9a742954943ebd90bd5b725ae4db0294ea79620b9a6a499f3e91,True,ok,641-1024
train,shiyan/data3/images/train/1060.jpg,1060,1060,.jpg,890,890,RGB,171781,93b2a58d96cc982c915ad6b2e40fa9b52f854574fa40f429a720d2966ed5d152,True,ok,641-1024
train,shiyan/data3/images/train/1061.jpg,1061,1061,.jpg,861,861,RGB,114094,6e72b1199071877f61937bb45ee01415e992a3da109e2dfe0b516ba6306508f3,True,ok,641-1024
train,shiyan/data3/images/train/1062.jpg,1062,1062,.jpg,830,830,RGB,163487,6c147053f9df51c2553fb0a5be3e54aa39fe15e366fcaac3a34faa75ecf7c62d,True,ok,641-1024
train,shiyan/data3/images/train/1063.jpg,1063,1063,.jpg,885,885,RGB,137017,d26d0183d49903a942819d073c585ea34f4c422980db873904ddd8616d3d444f,True,ok,641-1024
train,shiyan/data3/images/train/1064.jpg,1064,1064,.jpg,852,852,RGB,139228,dc0158b36184dac9199f2cbc028c8e60bd700807603651587aa5bd4cb014829c,True,ok,641-1024
train,shiyan/data3/images/train/1065.jpg,1065,1065,.jpg,897,897,RGB,165749,6b13a016ce4b06a9f8ce4fa9ac07f6f8b5f0837892c314f162e055784fd2ca98,True,ok,641-1024
train,shiyan/data3/images/train/1066.jpg,1066,1066,.jpg,818,818,RGB,158585,87156f0b1149493120c8f04113e61145e97d2101da1aa5dc8e5d9f0ec59c2c97,True,ok,641-1024
train,shiyan/data3/images/train/1067.jpg,1067,1067,.jpg,804,804,RGB,165866,ddba74041355c8c4157f112c27d8805cb3327d3bc9dfbd9c23d41db63ebd67c7,True,ok,641-1024
train,shiyan/data3/images/train/1068.jpg,1068,1068,.jpg,864,864,RGB,182753,ccf47482bc1aea652ebc4cf1eec4e9f7705a628872d75d202e369b4bf9f2f759,True,ok,641-1024
train,shiyan/data3/images/train/1069.jpg,1069,1069,.jpg,810,810,RGB,157151,8832e295449831aebb67d7e1910669c9aaaad9d05369e6431e93c787287149ee,True,ok,641-1024
train,shiyan/data3/images/train/1070.jpg,1070,1070,.jpg,897,897,RGB,194165,27006daf278421ee5ce925cc0609d9ad0b898669a656f2449ba5d1066d2127df,True,ok,641-1024
train,shiyan/data3/images/train/1071.jpg,1071,1071,.jpg,897,897,RGB,216207,2322f7f9056bca2487698c7da8ee8bf67b24a7b87b479554ea48e078c666d20c,True,ok,641-1024
train,shiyan/data3/images/train/1072.jpg,1072,1072,.jpg,849,849,RGB,166905,4b3bf22c757cb11df4ae9a00cf51ca11e9e7446f9cc9906c5cf9597cd10e29d6,True,ok,641-1024
train,shiyan/data3/images/train/1073.jpg,1073,1073,.jpg,858,858,RGB,199746,6e8510b67266b2e4be48aaf47cc57c18a413915cc43c6c8d0322a7d26732b7fc,True,ok,641-1024
train,shiyan/data3/images/train/1074.jpg,1074,1074,.jpg,899,899,RGB,203153,f3a5574d09c0c64957cd50fccf4a2a27684f2eb83cc4b1e6309bf94eab602205,True,ok,641-1024
train,shiyan/data3/images/train/1075.jpg,1075,1075,.jpg,856,856,RGB,171477,7c0881a52075b9b22aba8f09bcff41386fd2271036d3ad7a8276e2bc118762ec,True,ok,641-1024
train,shiyan/data3/images/train/1076.jpg,1076,1076,.jpg,887,887,RGB,194426,18f28457907394c783342a64f5c79894cd8c8796769fc36b94997285bf96cea5,True,ok,641-1024
train,shiyan/data3/images/train/1077.jpg,1077,1077,.jpg,816,816,RGB,163296,0018c8d64d0a15b85ccdea2b442ae757567a86e1b69f2223f54948a395b84da4,True,ok,641-1024
train,shiyan/data3/images/train/1078.jpg,1078,1078,.jpg,821,821,RGB,164314,368adaa150021092be21412579740c4ad3dce955b7017a2c91e467dd6a0a716b,True,ok,641-1024
train,shiyan/data3/images/train/1079.jpg,1079,1079,.jpg,880,880,RGB,182053,9f6fd397d7f14831102626edfc98f737e91f596b1ce7647edf906ebade5ecc48,True,ok,641-1024
train,shiyan/data3/images/train/1080.jpg,1080,1080,.jpg,861,861,RGB,191954,c265de76331dd1685ddee4103239fbf0ecb0a8548bcbc079663a6f0420276050,True,ok,641-1024
train,shiyan/data3/images/train/1081.jpg,1081,1081,.jpg,823,823,RGB,182333,8f7e78912e1bdcc187f19e47de46edc51b24cfec65166e6a1606faee28042889,True,ok,641-1024
train,shiyan/data3/images/train/1082.jpg,1082,1082,.jpg,866,866,RGB,177033,2a5ccdbc83cd942dee6c9387c424119c1309bff4e537b9f2b57db3b32d362f5f,True,ok,641-1024
train,shiyan/data3/images/train/1083.jpg,1083,1083,.jpg,834,834,RGB,191352,efcfdfc579c4471573d314b9942b2a8c50bd0040c2b8c73fda76a199d926213d,True,ok,641-1024
train,shiyan/data3/images/train/1084.jpg,1084,1084,.jpg,801,801,RGB,176044,48ab18feb5070b2df45969a0036ff2d789f219fbaf49f12c3a89ba4cb6daf196,True,ok,641-1024
train,shiyan/data3/images/train/1085.jpg,1085,1085,.jpg,841,841,RGB,200505,dfdc4c23503b63ce331e0eb196f34f00e88c32f354f91879e707e1b67bea7372,True,ok,641-1024
train,shiyan/data3/images/train/1086.jpg,1086,1086,.jpg,807,807,RGB,166879,f72ba56b74c76c07999b6c2289b79d38cc92857d4f7f9a9939380e190423e24a,True,ok,641-1024
train,shiyan/data3/images/train/1087.jpg,1087,1087,.jpg,816,816,RGB,188538,8744661d12439988a7cbaa341d4fbb2d79f1ec3d95eafb667e16a83a1dc6aae0,True,ok,641-1024
train,shiyan/data3/images/train/1088.jpg,1088,1088,.jpg,813,813,RGB,181969,56ed3462d7b948d1eec069389546acc9b9bfc46b9e979f5fadc09d80d0c658be,True,ok,641-1024
train,shiyan/data3/images/train/1089.jpg,1089,1089,.jpg,864,864,RGB,181944,df8d39ef219a7a8f19a04ea4ef60582c82cfd9e281f525bc381cb9ce06f04945,True,ok,641-1024
train,shiyan/data3/images/train/1090.jpg,1090,1090,.jpg,828,828,RGB,192772,10214410f1f46789240a72aed380387f2ccabe8acbae877baf1ffe793a2fb9ba,True,ok,641-1024
train,shiyan/data3/images/train/1091.jpg,1091,1091,.jpg,894,894,RGB,216492,c71a26a899874dd99c6f583f4f71cb57b09a568c2e6c4c8eb7e2d7e9b287e84b,True,ok,641-1024
train,shiyan/data3/images/train/1092.jpg,1092,1092,.jpg,888,888,RGB,221489,01339cacb62e802006136abc062429dfecf3cd338fc5bfff5f911515d9753c36,True,ok,641-1024
train,shiyan/data3/images/train/1093.jpg,1093,1093,.jpg,842,842,RGB,149671,3f63e0382ea57623e21e8ef57b4e1b1c1d6c4d9223c53c12d65e48abc3fc8231,True,ok,641-1024
train,shiyan/data3/images/train/1094.jpg,1094,1094,.jpg,821,821,RGB,140914,a72d42b119c03dabcaeed07ee1aaa7beee561137d32d7c59e85d9fb0f3ad625e,True,ok,641-1024
train,shiyan/data3/images/train/1095.jpg,1095,1095,.jpg,889,889,RGB,163508,722c2c3be9b79fd9c743c32daf6dc920f0cb9ae12ca07a6a2c5dfb5f479d5c5a,True,ok,641-1024
train,shiyan/data3/images/train/1096.jpg,1096,1096,.jpg,826,826,RGB,123866,3ff9cf15684e0f8506a3acbe00175b3e6c317f94655929b2d2a888b5480a96c3,True,ok,641-1024
train,shiyan/data3/images/train/1097.jpg,1097,1097,.jpg,843,843,RGB,193242,634543d2c0a22e617c67441301a364f6b36fd57e899e93d22bf06089193df1d5,True,ok,641-1024
train,shiyan/data3/images/train/1098.jpg,1098,1098,.jpg,812,812,RGB,151867,55451e3d0099daf0f2d3a3852b949a05ef97a4de0522651ebc43ae4c4693c4e4,True,ok,641-1024
train,shiyan/data3/images/train/1099.jpg,1099,1099,.jpg,858,858,RGB,191798,dfa0c545f3d4b04fda282aedc7184efe336840ba8a82dca503f80938c6c36243,True,ok,641-1024
train,shiyan/data3/images/train/1100.jpg,1100,1100,.jpg,888,888,RGB,92982,d93bb4e63d5a96ef2dbbb67419d98f991c0b60e7b9ab1f2999954e846c1d6206,True,ok,641-1024
train,shiyan/data3/images/train/1101.jpg,1101,1101,.jpg,827,827,RGB,146829,f9d89e432402a24a406faba1934d830adcbca5b5441180eab89f850609ef26cc,True,ok,641-1024
train,shiyan/data3/images/train/1102.jpg,1102,1102,.jpg,856,856,RGB,203739,46e1843b61daccea9b75715f754d16e463afdc0b32ad14444eb28c4ddfca070e,True,ok,641-1024
train,shiyan/data3/images/train/1103.jpg,1103,1103,.jpg,881,881,RGB,272518,bbb86fc6d0a357054cef6586a4154821fcb562d63bd7e32bb9a25a12db977ad9,True,ok,641-1024
train,shiyan/data3/images/train/1104.jpg,1104,1104,.jpg,894,894,RGB,264556,6e5cd0d08ab552b501ab826acafa5207fa29ea25626d4e34e44e5ac4e93fc6e0,True,ok,641-1024
train,shiyan/data3/images/train/1105.jpg,1105,1105,.jpg,824,824,RGB,127461,3763ef49efda37a384ad324cce3f67932acd9500e3bb5f8c9756e37ee61667b2,True,ok,641-1024
train,shiyan/data3/images/train/1106.jpg,1106,1106,.jpg,898,898,RGB,144693,08184b8d335d90e9f94d0702c46da93c7bae05bfe755984ff427117e10864231,True,ok,641-1024
train,shiyan/data3/images/train/1107.jpg,1107,1107,.jpg,819,819,RGB,187275,959ba6cf04a645e81420bd49d2f593ed1ff0a27a5942058d8603fbfd581024dc,True,ok,641-1024
train,shiyan/data3/images/train/1108.jpg,1108,1108,.jpg,850,850,RGB,17350,a31a1ef42440e89821867527fa578eb61c1fbbaba57486cbbfba27cbf142e8ed,True,ok,641-1024
train,shiyan/data3/images/train/1109.jpg,1109,1109,.jpg,860,860,RGB,17029,8b6bf2a7cdbb5697d6f300f9c4c31a1e13fb4826a85379f7121249f998a48cd2,True,ok,641-1024
train,shiyan/data3/images/train/1110.jpg,1110,1110,.jpg,826,826,RGB,28743,f2283d39ec55d86a727a68922690fbbf7acfb7cea1d4f9dd20c5a7929afb93f3,True,ok,641-1024
train,shiyan/data3/images/train/1111.jpg,1111,1111,.jpg,807,807,RGB,25694,e2afd6598e61784a848bae404e619ebe2a1285b2faf0c5257692a4f794f6c5c4,True,ok,641-1024
train,shiyan/data3/images/train/1112.jpg,1112,1112,.jpg,867,867,RGB,17269,47efbeee27bde9c89e8235b17041f551ef80fe6c7fa021f5f8e604edd3e29bf8,True,ok,641-1024
train,shiyan/data3/images/train/1113.jpg,1113,1113,.jpg,891,891,RGB,41598,b6118020f9c5429e87800070d2dfcf4ee6a88b7c4123ea0c5f3a10eef4bab90c,True,ok,641-1024
train,shiyan/data3/images/train/1114.jpg,1114,1114,.jpg,833,833,RGB,171111,1058b41171f7097bc6a2d5cd4cc76505e8b990a5c708344940460babf601a82e,True,ok,641-1024
train,shiyan/data3/images/train/1115.jpg,1115,1115,.jpg,872,872,RGB,125228,b03eb9447a1ac281e98fea71f14de1a3ab026e9f13f6c3207e718faf204f2d4d,True,ok,641-1024
train,shiyan/data3/images/train/1116.jpg,1116,1116,.jpg,849,849,RGB,34374,7a0ba2fd0603ef9c49b20618ef7c458257e2c656bf4f7980bd2956f1e62b0ab5,True,ok,641-1024
train,shiyan/data3/images/train/1117.jpg,1117,1117,.jpg,879,879,RGB,44508,885623fed3e19e488aa802e2948c56be197f26ce239ea8e153681f244fa68aeb,True,ok,641-1024
train,shiyan/data3/images/train/1118.jpg,1118,1118,.jpg,826,826,RGB,92853,12d490fe0e3cae6d5caeb4fd191702316ad6aca7014db2dca2ccae575ad4a64a,True,ok,641-1024
train,shiyan/data3/images/train/1119.jpg,1119,1119,.jpg,877,877,RGB,79705,f49fbf09fb4eaad29044b62227f6dd32360385215cfa4d027606e26be7016e1f,True,ok,641-1024
train,shiyan/data3/images/train/1120.jpg,1120,1120,.jpg,846,846,RGB,57452,c8a5b8ec9f02e7aa9719a1448d1dd3837a0c63d7b37bff744a43755cd8f0add1,True,ok,641-1024
train,shiyan/data3/images/train/1121.jpg,1121,1121,.jpg,893,893,RGB,104164,b4fb384757fcc40fa2333e16254b86577868789b21ecdbdda26e67d9c3079437,True,ok,641-1024
train,shiyan/data3/images/train/1122.jpg,1122,1122,.jpg,880,880,RGB,107601,d15234724656f9641e9258bb50f4f6341682377398a2f1e6ed9b041fe850dde4,True,ok,641-1024
train,shiyan/data3/images/train/1123.jpg,1123,1123,.jpg,898,898,RGB,66420,e90422558c1faff2f609322662f6e3c3cc605d90481b47a6c9e1044806e4565c,True,ok,641-1024
train,shiyan/data3/images/train/1124.jpg,1124,1124,.jpg,802,802,RGB,41902,4cf5a79a86f517ce144069723eb703a6345d52a25438f0af2865448ee7ea1169,True,ok,641-1024
train,shiyan/data3/images/train/1125.jpg,1125,1125,.jpg,840,840,RGB,49432,bdf939bd54ab47a9b1d8b93313d52d2c1bda6f30570faad6bd2ca83303c2b0a7,True,ok,641-1024
train,shiyan/data3/images/train/1126.jpg,1126,1126,.jpg,847,847,RGB,57132,86be17bd398f2b51aa0a3271f4433a5232b874184114a53b41b51689312d015d,True,ok,641-1024
train,shiyan/data3/images/train/1127.jpg,1127,1127,.jpg,854,854,RGB,43462,f5c4d589feba3d691f145914fa7c9726cd043f3e3c5c9784d95e9930f9a226a2,True,ok,641-1024
train,shiyan/data3/images/train/1128.jpg,1128,1128,.jpg,806,806,RGB,57639,bb53173b99c22ca9498d00363b221f2dec96755c01e0d6699d941c33f2559ceb,True,ok,641-1024
train,shiyan/data3/images/train/1129.jpg,1129,1129,.jpg,836,836,RGB,101395,eea0bb9a927894d712a08eb7329fb86f181381aba68683e0f84820ee6935b9ee,True,ok,641-1024
train,shiyan/data3/images/train/1130.jpg,1130,1130,.jpg,888,888,RGB,118306,173fbd140f85678f691a96ab9951d921c806dd25b0fc72cc5270378726fba340,True,ok,641-1024
train,shiyan/data3/images/train/1131.jpg,1131,1131,.jpg,899,899,RGB,170920,7adfaa78e5adba2d91145631e1d3e9e462f42c289654e172841b5e7cc711a608,True,ok,641-1024
train,shiyan/data3/images/train/1132.jpg,1132,1132,.jpg,869,869,RGB,33368,94f24dabab9947b64916290300d30eca961e4593461c9b0d1feae803c55365d5,True,ok,641-1024
train,shiyan/data3/images/train/1133.jpg,1133,1133,.jpg,825,825,RGB,143128,e1e76bb7eac5ef6c82d0d70279c3e404a5cf67cde379ea05290aa29502575164,True,ok,641-1024
train,shiyan/data3/images/train/1134.jpg,1134,1134,.jpg,824,824,RGB,96659,382bc5993b2b7732a3e3150f0021327f48285243685f4c2df57e941b48e13da5,True,ok,641-1024
train,shiyan/data3/images/train/1135.jpg,1135,1135,.jpg,800,800,RGB,117876,1591bc969c1a5b8c0d5f0e69cb9dd23a548d0f220d1a5bd276467695d6da9acd,True,ok,641-1024
train,shiyan/data3/images/train/1136.jpg,1136,1136,.jpg,888,888,RGB,126210,20704dcbf670b64e23b2761bab8cd1bbacdbf143ff91541f31e7bed7d0c62b7d,True,ok,641-1024
train,shiyan/data3/images/train/1137.jpg,1137,1137,.jpg,874,874,RGB,118220,50bd8d9d55503fe295fd1aeddeaf4f1913703a5615a82ff0b6289eaf4a347818,True,ok,641-1024
train,shiyan/data3/images/train/1138.jpg,1138,1138,.jpg,813,813,RGB,78371,9d4e63ede0e70247bab45fdc8d69f3541ad68e43a694019ac7651aa8b60d01fc,True,ok,641-1024
train,shiyan/data3/images/train/1139.jpg,1139,1139,.jpg,886,886,RGB,138080,c46881d319b30b3ed8d2a04bd2e76eaf57dc053198ceab23d2666c11dff0bca9,True,ok,641-1024
train,shiyan/data3/images/train/1140.jpg,1140,1140,.jpg,896,896,RGB,83498,d7952b7d88cd10e6e70ccc8dcce5fad18ff8fa0f322a9013dd20a74051d1e6bb,True,ok,641-1024
train,shiyan/data3/images/train/1141.jpg,1141,1141,.jpg,824,824,RGB,54308,032f95ee930faafe9a632c3ae0701b62a9a66621ba667e89c2aa9433b563863d,True,ok,641-1024
train,shiyan/data3/images/train/1142.jpg,1142,1142,.jpg,815,815,RGB,88974,12b18875c240bbbb8bf93dc9107ff54024fb0a050e6f34dd1c1ab16663d10053,True,ok,641-1024
train,shiyan/data3/images/train/1143.jpg,1143,1143,.jpg,893,893,RGB,128610,942ed532ffca0974d0ab210ed43084b934cf39781c10cd05ded0144b92377666,True,ok,641-1024
train,shiyan/data3/images/train/1144.jpg,1144,1144,.jpg,856,856,RGB,127296,3f14d2120e2f019fcce88ac0338d61bc0f4a1b1f10aa448d23eaf8c54b89e2dd,True,ok,641-1024
train,shiyan/data3/images/train/1145.jpg,1145,1145,.jpg,846,846,RGB,161519,3521b3b5e6a6cb603f9b33c28fea225c56e5f62af18036259f7b169aed4e5a6f,True,ok,641-1024
train,shiyan/data3/images/train/1146.jpg,1146,1146,.jpg,868,868,RGB,177830,abdc5fee5544c972e17a070f7762286bb14ab06ca9fcfb083c6f88bde6264cfb,True,ok,641-1024
train,shiyan/data3/images/train/1147.jpg,1147,1147,.jpg,893,893,RGB,29326,da45c84ec76b4edd9cd2459e33bda074fd1a1b8fffc0379300d76f4fbe8df434,True,ok,641-1024
train,shiyan/data3/images/train/1148.jpg,1148,1148,.jpg,849,849,RGB,98193,9ef6def616b28c14a4ac8efb5956624b09f8a6cf70bd065270b49373423fa1ae,True,ok,641-1024
train,shiyan/data3/images/train/1149.jpg,1149,1149,.jpg,860,860,RGB,142425,4bbbbb18daac373b32f1c499557b2d3d06c0b0a5c475d093341aa8d5d6a11927,True,ok,641-1024
train,shiyan/data3/images/train/1150.jpg,1150,1150,.jpg,832,832,RGB,209208,3c8c4c815f3a13be9f6e282f6b19538e9bc983cb27bfa3261b96346aec31a7fb,True,ok,641-1024
train,shiyan/data3/images/train/1151.jpg,1151,1151,.jpg,839,839,RGB,216314,56b694a9b685ce3be90c84f2f66d3cf00b448d1e9bddc7e90325693614d339c1,True,ok,641-1024
train,shiyan/data3/images/train/1152.jpg,1152,1152,.jpg,874,874,RGB,59892,2fcb275329d1b2bb6d76262b553b4577d79f7a5edbedfa8e54b393e3602a23cb,True,ok,641-1024
train,shiyan/data3/images/train/1153.jpg,1153,1153,.jpg,820,820,RGB,68749,75ad5772cb7a237a8beefa3c1fc7e87cea1af71a4197290c2873ddb94a7871b1,True,ok,641-1024
train,shiyan/data3/images/train/1154.jpg,1154,1154,.jpg,841,841,RGB,90249,6c2031969b861d2ce1780506d076410037497fe33c5c16972822f25cc6ef419a,True,ok,641-1024
train,shiyan/data3/images/train/1155.jpg,1155,1155,.jpg,873,873,RGB,85512,c840c42921dfc731a962c8b978518be533b3d9966795a96aa897df478bc3434f,True,ok,641-1024
train,shiyan/data3/images/train/1156.jpg,1156,1156,.jpg,857,857,RGB,140389,9df5c0e626a93b05f4c284f252e581dd032f74e3fd6c7badad55c8f892e0223e,True,ok,641-1024
train,shiyan/data3/images/train/1157.jpg,1157,1157,.jpg,838,838,RGB,103303,b3354d12fbf68226138d846eeeb1373839fa64b93c4d63efc18b4a18800b91bc,True,ok,641-1024
train,shiyan/data3/images/train/1158.jpg,1158,1158,.jpg,857,857,RGB,47776,02aaa0e4119e7a365df4b978d2211969361a854707551f097b55ec6d7b9434a3,True,ok,641-1024
train,shiyan/data3/images/train/1159.jpg,1159,1159,.jpg,811,811,RGB,82392,138c21031bd9d1bc0196ba9691dd6005c2521f16e6165b8adf6635426e723571,True,ok,641-1024
train,shiyan/data3/images/train/1160.jpg,1160,1160,.jpg,816,816,RGB,93247,59c62cb0739992b8a125c1d1d8e1127599b5af79f51377a255b2b1741e081cb0,True,ok,641-1024
train,shiyan/data3/images/train/1161.jpg,1161,1161,.jpg,899,899,RGB,80079,ca96b730e197a728fa61fd114e25aaf8c02592bd59b09103dee470d98b50962c,True,ok,641-1024
train,shiyan/data3/images/train/1162.jpg,1162,1162,.jpg,893,893,RGB,32649,e1564535f4e560caf89c3d60304a22d019e22fcafb456a019fb51edebcbf7d15,True,ok,641-1024
train,shiyan/data3/images/train/1163.jpg,1163,1163,.jpg,848,848,RGB,59671,eb3d78d89af4331220ed0c56e041eda7d9315df0c643d1cd00d21b0cd6f5a4c7,True,ok,641-1024
train,shiyan/data3/images/train/1164.jpg,1164,1164,.jpg,849,849,RGB,21012,43071bd3ef3857c51242844a42b53b66d39986ed7cbeb50e57f3359744a88c01,True,ok,641-1024
train,shiyan/data3/images/train/1165.jpg,1165,1165,.jpg,829,829,RGB,58344,c1e15641fa5663ae936ab48efdb0683bc4f34f540545ae769c7d681227cf91d9,True,ok,641-1024
train,shiyan/data3/images/train/1166.jpg,1166,1166,.jpg,830,830,RGB,47852,2216937b7dc05f92eefb85a2681f67925808be49689663a94e818467f78d06f4,True,ok,641-1024
train,shiyan/data3/images/train/1167.jpg,1167,1167,.jpg,866,866,RGB,67297,c96747553453fea135073f78343ff04e0ffedbdd4c080bab02d0856a9c20443a,True,ok,641-1024
train,shiyan/data3/images/train/1168.jpg,1168,1168,.jpg,862,862,RGB,73514,d72e84410d6ac8161b76c5c2133f9e0e9f069ef8b958fdecca544bd9f82fe3ec,True,ok,641-1024
train,shiyan/data3/images/train/1169.jpg,1169,1169,.jpg,842,842,RGB,44987,013e96d7786c053fbab30b864cb9b21a83485e2ad00408ee2482eb631d5dcfde,True,ok,641-1024
train,shiyan/data3/images/train/1170.jpg,1170,1170,.jpg,867,867,RGB,199292,d843b44c9016b7e51ef1692914dd0f8683f91c1cbaa54e4f555dab0dffdf5f28,True,ok,641-1024
train,shiyan/data3/images/train/1171.jpg,1171,1171,.jpg,840,840,RGB,186187,18d2f82b4ccd8c58d2747c7b1634e992d54d1604b9bdc3e68598ae0bb9d30407,True,ok,641-1024
train,shiyan/data3/images/train/1172.jpg,1172,1172,.jpg,804,804,RGB,198541,69898b42b281e30f9d5c92834d5eebaff7b2725cd3faf9e199ac43de3b0e3205,True,ok,641-1024
train,shiyan/data3/images/train/1173.jpg,1173,1173,.jpg,884,884,RGB,162276,ad9c61f3388cba86634b9f8f4bd66b0eefd82757ffd53f4e31d4ecdf480a9eca,True,ok,641-1024
train,shiyan/data3/images/train/1174.jpg,1174,1174,.jpg,857,857,RGB,121279,9931ce954de3d6c8a0296ad175ac385b80fc9d694af163e5639a0107f4ccfd28,True,ok,641-1024
train,shiyan/data3/images/train/1175.jpg,1175,1175,.jpg,835,835,RGB,73075,9b5ab1c8925a2a20e5079db09eacb7d11ddf355778e2691b5a8983cb97cd917a,True,ok,641-1024
train,shiyan/data3/images/train/1176.jpg,1176,1176,.jpg,896,896,RGB,62509,9a640b58d5a158e7bc86a17b9efb8ac0b410a45f3df4ed57ac8e023eccb6884e,True,ok,641-1024
train,shiyan/data3/images/train/1177.jpg,1177,1177,.jpg,807,807,RGB,43855,ab90c28cfcf1321d77e3781ecae5ae9c35b5feb85c421649489cbc0fb9fb7e6c,True,ok,641-1024
train,shiyan/data3/images/train/1178.jpg,1178,1178,.jpg,836,836,RGB,53997,8809c7e452d69e3dad6f64e4a7786a66b1d7b629368661b5dc25816e699174ed,True,ok,641-1024
train,shiyan/data3/images/train/1179.jpg,1179,1179,.jpg,832,832,RGB,89197,ab4722a704d386635a26454b6f6859f3ac05aec88a3e987d27c304210317c092,True,ok,641-1024
train,shiyan/data3/images/train/1180.jpg,1180,1180,.jpg,821,821,RGB,133849,50a287ed050bc4eb6540dfc68471e40d6f7b87dc7f6ea57cf233a7273dbe04cb,True,ok,641-1024
train,shiyan/data3/images/train/1181.jpg,1181,1181,.jpg,811,811,RGB,50773,d1d9690073e74e7d2dfcd4d950eaea0f2f54160f9ac3ba8279f4a4f680117b4d,True,ok,641-1024
train,shiyan/data3/images/train/1182.jpg,1182,1182,.jpg,893,893,RGB,60911,0b2bc34478772b44445a97ace6659fdd212fae75e35f2b1670d7223c3b2e4f9e,True,ok,641-1024
train,shiyan/data3/images/train/1183.jpg,1183,1183,.jpg,813,813,RGB,54516,41f87b5c156f0522ebe7f4293413e41956bcf4ae9eee39f6238e6e963a0fcd4f,True,ok,641-1024
train,shiyan/data3/images/train/1184.jpg,1184,1184,.jpg,821,821,RGB,166020,9b0b78a5f958d4f2b9ab5b39cefcaa991ae24cc8667a1d55c56585c6a627d4b7,True,ok,641-1024
train,shiyan/data3/images/train/1185.jpg,1185,1185,.jpg,827,827,RGB,118585,6ac55ecf90b0e2431d8c323799040e8ce8e4e8a687aa68b36aa8fccf530fa189,True,ok,641-1024
train,shiyan/data3/images/train/1186.jpg,1186,1186,.jpg,882,882,RGB,152570,c11878009adc87b6c852b79e0c06bf9fb241ed8eb7cee556b711bf7190485da2,True,ok,641-1024
train,shiyan/data3/images/train/1187.jpg,1187,1187,.jpg,856,856,RGB,175778,48966d956e7f08a20d1292e7056c251b720d4416f3f53cb6f1d4f749548e10bd,True,ok,641-1024
train,shiyan/data3/images/train/1188.jpg,1188,1188,.jpg,807,807,RGB,171408,337f8b72fe60f76b9bec163b21f46c99b896a533b00db68e97765a2bb7d9e421,True,ok,641-1024
train,shiyan/data3/images/train/1189.jpg,1189,1189,.jpg,853,853,RGB,113223,b82360f0df61f43258fbbd9eb1a65603a202f2d9d2aabd7436237e335bda10cf,True,ok,641-1024
train,shiyan/data3/images/train/1190.jpg,1190,1190,.jpg,894,894,RGB,134365,c4f196e8999cc202d5a21500f82167a70137e1c3d136235281fadeff9de5aac5,True,ok,641-1024
train,shiyan/data3/images/train/1191.jpg,1191,1191,.jpg,842,842,RGB,88853,6620df3fd86f34878cb8c59bb776a7c97b08b4510d9250117345ab59168063a7,True,ok,641-1024
train,shiyan/data3/images/train/1192.jpg,1192,1192,.jpg,888,888,RGB,103721,76ef111de83371777184775c288b8f8a2ca631720f75124f6d6ed73b66435e29,True,ok,641-1024
train,shiyan/data3/images/train/1193.jpg,1193,1193,.jpg,866,866,RGB,66034,1016a4c67d6066367fea9b2d04926c0a7b8ba80c8161c0015eabdb6738ed64d1,True,ok,641-1024
train,shiyan/data3/images/train/1194.jpg,1194,1194,.jpg,835,835,RGB,37816,866769d1669062382ca521e7cb878d22d96bde98d1c96e322a664499544ac5d3,True,ok,641-1024
train,shiyan/data3/images/train/1195.jpg,1195,1195,.jpg,881,881,RGB,74313,b0d0e1940784eaff859ad5fd7c7a08d9b5fd9c77981db3a951cab9a303757323,True,ok,641-1024
train,shiyan/data3/images/train/1196.jpg,1196,1196,.jpg,800,800,RGB,115498,63d33e3e54d1d3a7b51bf224f096aef73e23a5a5512186121db9abaa22d0bd78,True,ok,641-1024
train,shiyan/data3/images/train/1197.jpg,1197,1197,.jpg,891,891,RGB,142702,9ae88e63e7dd957e89b3dbcd177173f2588604c4f178bc014508226f8eb6258b,True,ok,641-1024
train,shiyan/data3/images/train/1198.jpg,1198,1198,.jpg,834,834,RGB,96435,73b37efd0e98aab5aee5d0b691846da8dbf2a0e4fafeeddd896812459a12eeee,True,ok,641-1024
train,shiyan/data3/images/train/1199.jpg,1199,1199,.jpg,832,832,RGB,62699,2367681d341b23b51280f4dee141d6a9022d45e648e20837ae7d55b34ad48f01,True,ok,641-1024
train,shiyan/data3/images/train/1200.jpg,1200,1200,.jpg,833,833,RGB,95669,073fdaaa06ba0add02235999464851dc3abbc3265c6e119311bdf8b4907c0a34,True,ok,641-1024
train,shiyan/data3/images/train/1201.jpg,1201,1201,.jpg,813,813,RGB,184504,c2a65bd2ae30626a230c1468ac6f620be7a7db6b43e5667b846986529e2a347a,True,ok,641-1024
train,shiyan/data3/images/train/1202.jpg,1202,1202,.jpg,870,870,RGB,175163,5f3ab4fb77fabb6d27a76c55b5cd235e963e5ee6bab4cbaf6ae20e750ef1babc,True,ok,641-1024
train,shiyan/data3/images/train/1203.jpg,1203,1203,.jpg,813,813,RGB,99276,008df6197ee4343c62c55d50e725e1027e9c1ddbc31d5f56cfc547d2a7ccc88f,True,ok,641-1024
train,shiyan/data3/images/train/1204.jpg,1204,1204,.jpg,804,804,RGB,96174,d1447f82c3d32ef49f59352a2e4b49089166945dfcd935d211d2870161ccdb4d,True,ok,641-1024
train,shiyan/data3/images/train/1205.jpg,1205,1205,.jpg,854,854,RGB,169193,5194ba458bd52066106cebb9c7c58c7b73dfbd3ff0c59e5b8e2a767c8b72119f,True,ok,641-1024
train,shiyan/data3/images/train/1206.jpg,1206,1206,.jpg,826,826,RGB,162792,80f27672e97674cb4091b7c3ad0da20b876389e00a3365f5b01ad3971ad34ae7,True,ok,641-1024
train,shiyan/data3/images/train/1207.jpg,1207,1207,.jpg,862,862,RGB,60967,407d2d6441637b0734c0ebb32366178d344b66ae1bbddc7c911cdb86a4b0027a,True,ok,641-1024
train,shiyan/data3/images/train/1208.jpg,1208,1208,.jpg,800,800,RGB,70153,710ae207ab8b1a83487eb77ab03450f7ba244ea2996e62559e88c85ab43e291b,True,ok,641-1024
train,shiyan/data3/images/train/1209.jpg,1209,1209,.jpg,836,836,RGB,80892,87cd36c1ccaab8b7d72966c4b38377bf6a349bdbf68be04a34ba583bbc8a2c49,True,ok,641-1024
train,shiyan/data3/images/train/1210.jpg,1210,1210,.jpg,852,852,RGB,173096,faa20c7e207fbae41e3ee6619fc15aa2702aa94fb51fb9ccfb6130ca95b9c8f4,True,ok,641-1024
train,shiyan/data3/images/train/1211.jpg,1211,1211,.jpg,875,875,RGB,163377,e26787eb026ed7ebcd5b6aebe0d7b6f7fc2c98e143dc48c19a3f8889944cdcb8,True,ok,641-1024
train,shiyan/data3/images/train/1212.jpg,1212,1212,.jpg,858,858,RGB,44289,d86e9d91ea923ae30062dd66e04294175dbbb619dd945546ecce61cf900743a0,True,ok,641-1024
train,shiyan/data3/images/train/1213.jpg,1213,1213,.jpg,883,883,RGB,218642,e2846c7489c57403fd751a1e1676352872106047154f3fc9aa12480d7a140616,True,ok,641-1024
train,shiyan/data3/images/train/1214.jpg,1214,1214,.jpg,865,865,RGB,228848,f66c92fd8f185f9b306ef6699e64ed036f791ede9db6474b57d0a2401a44be33,True,ok,641-1024
train,shiyan/data3/images/train/1215.jpg,1215,1215,.jpg,899,899,RGB,125247,c4b42c342fb037f0418f7d7d583e14769b7c4b55526f4b9032e30fbf3d0eb6bf,True,ok,641-1024
train,shiyan/data3/images/train/1216.jpg,1216,1216,.jpg,810,810,RGB,135336,dda1b0437ba752041510f96e59ed140c90639893223b67f2734d0aa025ca55f7,True,ok,641-1024
train,shiyan/data3/images/train/1217.jpg,1217,1217,.jpg,1119,1119,RGB,314406,d79325a4c20373a40112950560d816bed393add97830d1ef206b0ca636e9f4ce,True,ok,1025-1536
train,shiyan/data3/images/train/1218.jpg,1218,1218,.jpg,872,872,RGB,179465,a645a92b45c051ab135789b0809cfb487aa93a12ce991977869dd1a7ade05760,True,ok,641-1024
train,shiyan/data3/images/train/1219.jpg,1219,1219,.jpg,824,824,RGB,170655,af047ecec62f2812736d91fb850bdf83e30cde62ea6b9dd3c1addfc07a1ed601,True,ok,641-1024
train,shiyan/data3/images/train/1220.jpg,1220,1220,.jpg,861,861,RGB,216547,31a9d1ab09029e8f76fc28c7a211b192d0e0421f6b133a6178a11414eef23adb,True,ok,641-1024
train,shiyan/data3/images/train/1221.jpg,1221,1221,.jpg,859,859,RGB,189115,d07beec100423b2f294843b19a41968a0b266e7f7770323536fc488603526538,True,ok,641-1024
train,shiyan/data3/images/train/1222.jpg,1222,1222,.jpg,805,805,RGB,132865,e9dfb906e43fc41bc43cb0fa10fe323bc30bacb79e307fe79b0e41d3f2151b1e,True,ok,641-1024
train,shiyan/data3/images/train/1223.jpg,1223,1223,.jpg,894,894,RGB,184294,e3b094fdf4aae4c226d4a314c286f74bc82ec71fc26c28c476d7c93216918ae1,True,ok,641-1024
train,shiyan/data3/images/train/1224.jpg,1224,1224,.jpg,1033,1033,RGB,270308,2fe778430f2812c8776ca8b888ffe877dfcc74f49778e8370245161bce1cb4e0,True,ok,1025-1536
train,shiyan/data3/images/train/1225.jpg,1225,1225,.jpg,821,821,RGB,161879,e0e2e0f4ab6644a68e9e50d5b557401bad9ab53a60b15df211ba8a0f920b6f32,True,ok,641-1024
train,shiyan/data3/images/train/1226.jpg,1226,1226,.jpg,838,838,RGB,187944,178512bfa2c9a3a2d2e9a3c80c199498df1f34fe3dc974a61eb693f38e3317ad,True,ok,641-1024
train,shiyan/data3/images/train/1227.jpg,1227,1227,.jpg,892,892,RGB,205145,b9d9111d47ec0680977ffee56a766f14b411b2e38e54f31ff529b8f6274e67f4,True,ok,641-1024
train,shiyan/data3/images/train/1228.jpg,1228,1228,.jpg,810,810,RGB,147038,597e4e699edf8d9f4811a27fedfb3f07c9eb585bf37a957b99def5b7183f7d42,True,ok,641-1024
train,shiyan/data3/images/train/1229.jpg,1229,1229,.jpg,871,871,RGB,164873,f3374c06d0b3319c0644d9704d9c1a0fcfc196a139d6541ef053bf01e624a6c9,True,ok,641-1024
train,shiyan/data3/images/train/1230.jpg,1230,1230,.jpg,839,839,RGB,155766,e47ecad49833b726cb79fa933f762f3d8cba5a3742093d88504067b51b3ae27b,True,ok,641-1024
train,shiyan/data3/images/train/1231.jpg,1231,1231,.jpg,898,898,RGB,195640,ddf884673ce88ecfe754b6e5a28836fc207c5029dc698edbbefcfe4f6f5b24b2,True,ok,641-1024
train,shiyan/data3/images/train/1232.jpg,1232,1232,.jpg,882,882,RGB,173497,aa61110b1dc910fd1a36015b687aefad0c4abbedc9a235f484dc4358d661a0b6,True,ok,641-1024
train,shiyan/data3/images/train/1233.jpg,1233,1233,.jpg,818,818,RGB,141664,d243e3e3d50f82cb070401abbcdb36f1abf7fbf55da2e18e50288f55e576b483,True,ok,641-1024
train,shiyan/data3/images/train/1234.jpg,1234,1234,.jpg,861,861,RGB,214404,bc802b2869e5c539b6d3468b65187a80fb4324660ae0f383bbaea6f397682c40,True,ok,641-1024
train,shiyan/data3/images/train/1235.jpg,1235,1235,.jpg,856,856,RGB,169553,5179f1b5a7177cb3f8442d2bdee317f814a12a2407bcf7dfe176d91d58dd8314,True,ok,641-1024
train,shiyan/data3/images/train/1236.jpg,1236,1236,.jpg,839,839,RGB,126732,b5fa405bee968405fff6f478e5f4aa895cca6d506e832dc63501bc7f5cc94530,True,ok,641-1024
train,shiyan/data3/images/train/1237.jpg,1237,1237,.jpg,848,848,RGB,179562,82dfaa217c826cab783e2e5ef1bd95749066139af65c99585dfa8f5c7827b755,True,ok,641-1024
train,shiyan/data3/images/train/1238.jpg,1238,1238,.jpg,831,831,RGB,157766,d6e915eb88efc9a7f3c56686bfcb830ffc9ae274fcfecf029507772d691e3722,True,ok,641-1024
train,shiyan/data3/images/train/1239.jpg,1239,1239,.jpg,825,825,RGB,242584,e8a7691cec56123f8c334454544e090a7c207b09236828b70abb694fa6831c90,True,ok,641-1024
train,shiyan/data3/images/train/1240.jpg,1240,1240,.jpg,899,899,RGB,190719,1f845c45526084e5c3dbd1c75a2f05aa3045f761ccb37fccb6131fb4a0e5b7dd,True,ok,641-1024
train,shiyan/data3/images/train/1241.jpg,1241,1241,.jpg,833,833,RGB,205903,e695546f3880d8442f91c46fc30635bcbdbcff45f6e301d64d80f26d174b9245,True,ok,641-1024
train,shiyan/data3/images/train/1242.jpg,1242,1242,.jpg,820,820,RGB,147165,bdc8d31f84bee9ff9150f047b57249497dce6187431cc2fcecf127694845c33c,True,ok,641-1024
train,shiyan/data3/images/train/1243.jpg,1243,1243,.jpg,806,806,RGB,168639,a32997388b65aa924184ee4075d03caaf3cb764e2711e538f581e6b2571d43c9,True,ok,641-1024
train,shiyan/data3/images/train/1244.jpg,1244,1244,.jpg,815,815,RGB,97148,33890d39e7d44e9bb2a7d06c6be58fe6b0dc0d90f7ce1b42810a3845a9325fa3,True,ok,641-1024
train,shiyan/data3/images/train/1245.jpg,1245,1245,.jpg,899,899,RGB,131705,d551d4f9b99b9dec35e9f97a51732c9070b74386ee7c178695289e22c42d988f,True,ok,641-1024
train,shiyan/data3/images/train/1246.jpg,1246,1246,.jpg,888,888,RGB,185123,f56bfd4d8e00278da47a8603ca2f45b8db51078d633406affb4018e2b77aab49,True,ok,641-1024
train,shiyan/data3/images/train/1247.jpg,1247,1247,.jpg,829,829,RGB,163271,9cb19556a2cee348f52e80ea6fbfdc4174c978b9df77b2799b847591bad183b0,True,ok,641-1024
train,shiyan/data3/images/train/1248.jpg,1248,1248,.jpg,897,897,RGB,251227,cbfe982dda1cdd3879125295fe69800a4cf88eb16f086a706f9e27382b5fd0e1,True,ok,641-1024
train,shiyan/data3/images/train/1249.jpg,1249,1249,.jpg,842,842,RGB,204718,d1a44f172973ed725355cf2ee884efcf7eed23062e7bc6189f007f7b22c6660f,True,ok,641-1024
train,shiyan/data3/images/train/1250.jpg,1250,1250,.jpg,807,807,RGB,122063,2a97765eee6c7305ebb4da76214e8e08e1f46998027fef5054cca2ecf616b205,True,ok,641-1024
train,shiyan/data3/images/train/1251.jpg,1251,1251,.jpg,850,850,RGB,106935,d5f551485745f442130479afd8dc1c70e96857665b3402941865c2dedd5d8731,True,ok,641-1024
train,shiyan/data3/images/train/1252.jpg,1252,1252,.jpg,822,822,RGB,170020,cdb8df327b53e971e77b39e0cc5a91238a466e9c5cac2f344bd8a38ed7d76085,True,ok,641-1024
train,shiyan/data3/images/train/1253.jpg,1253,1253,.jpg,831,831,RGB,49649,dc113f705f41178d4070b4abd2b9ddcbf0b58fa68710e505dec7d31cdac0ad78,True,ok,641-1024
train,shiyan/data3/images/train/1254.jpg,1254,1254,.jpg,852,852,RGB,15578,929f13f8510a700098a3a43274c66c540208aa6f971bb2288fea0612a68db2e1,True,ok,641-1024
train,shiyan/data3/images/train/1255.jpg,1255,1255,.jpg,822,822,RGB,53103,04ecea205083717c96423972526283260f9a0b2e960714746928076124656599,True,ok,641-1024
train,shiyan/data3/images/train/1256.jpg,1256,1256,.jpg,809,809,RGB,30137,f261a109352466a7756dae727249c23896f39b4111cabfe695121b51300ce603,True,ok,641-1024
train,shiyan/data3/images/train/1257.jpg,1257,1257,.jpg,880,880,RGB,34927,6e38e358c82bbd1296c38bbf590e88850b1f17139fb42eda57c482b3aa0e5a4b,True,ok,641-1024
train,shiyan/data3/images/train/1258.jpg,1258,1258,.jpg,847,847,RGB,38091,915051269967ac5138d1534628e27a5624907882797cd0ef349796a9b3f7f59a,True,ok,641-1024
train,shiyan/data3/images/train/1259.jpg,1259,1259,.jpg,860,860,RGB,35124,e47a3bf237620a7563b9e10c36c7f443fd5b0b3d8be11e7cf61e770fe333d83d,True,ok,641-1024
train,shiyan/data3/images/train/1260.jpg,1260,1260,.jpg,874,874,RGB,323907,a20a94bc4902a3ed7ee3ef79c8cb8e3fb70401104e52cf7941cf87623d4893e0,True,ok,641-1024
train,shiyan/data3/images/train/1261.jpg,1261,1261,.jpg,872,872,RGB,307607,cfbf2202977cfdd091250f623ae6f361cf7fd2ff8473c0b9da8b0f35d3182ef5,True,ok,641-1024
train,shiyan/data3/images/train/1262.jpg,1262,1262,.jpg,803,803,RGB,38515,fc2a644f94574d693016dbdffa7a40a5616e58d55d390dbf30208754b65ac860,True,ok,641-1024
train,shiyan/data3/images/train/1263.jpg,1263,1263,.jpg,863,863,RGB,110424,cb7ec9009df116511c315ee940734d739f75adb8f0e893e5173e559c8bd008b6,True,ok,641-1024
train,shiyan/data3/images/train/1264.jpg,1264,1264,.jpg,882,882,RGB,118212,29b9cd77958c2f5fe21ca3a4d62d89953ba3f131523f49f58de7a7bb07dc9d9c,True,ok,641-1024
train,shiyan/data3/images/train/1265.jpg,1265,1265,.jpg,881,881,RGB,109544,f4c572be2869cbecfa47db9192dbd54b56f6da44400eac7e929410a00e0b2971,True,ok,641-1024
train,shiyan/data3/images/train/1266.jpg,1266,1266,.jpg,835,835,RGB,33645,81927a4864c03fe92f55745eb50f9eae66d77286a753b889211e41a9dbf1855c,True,ok,641-1024
train,shiyan/data3/images/train/1267.jpg,1267,1267,.jpg,817,817,RGB,137891,d603d76ecc260deb7069174176870332a6c3a5624ea2b874bb3d9cdfc3044f14,True,ok,641-1024
train,shiyan/data3/images/train/1268.jpg,1268,1268,.jpg,856,856,RGB,45422,b6998cc6cd05947d1ec0c7d14fe65780b98ae73b8eab33b0f8e2d3283defde2c,True,ok,641-1024
train,shiyan/data3/images/train/1269.jpg,1269,1269,.jpg,838,838,RGB,29507,c8134490e8dcafb9733b8f803e04003454722a26a2ad41055704382d9b97fbc4,True,ok,641-1024
train,shiyan/data3/images/train/1270.jpg,1270,1270,.jpg,808,808,RGB,98364,c689d905316a82d2464a5bd89ec2d3b29309c91790e9d4108198f49fd0423038,True,ok,641-1024
train,shiyan/data3/images/train/1271.jpg,1271,1271,.jpg,832,832,RGB,28450,574406a198d02a08f9d1c455c5639aa54caeb36ff1125261d6c60b3d80d893ce,True,ok,641-1024
train,shiyan/data3/images/train/1272.jpg,1272,1272,.jpg,843,843,RGB,183182,debca238c0fdd8d4fe99ded3f7fc484b2e7ec92163ba3acb3798cbc00904d638,True,ok,641-1024
train,shiyan/data3/images/train/1273.jpg,1273,1273,.jpg,845,845,RGB,16926,49336e6f03588866832863ea7f6158ae5a93b1f15e19821f7716ef1e64561a1d,True,ok,641-1024
train,shiyan/data3/images/train/1274.jpg,1274,1274,.jpg,869,869,RGB,101636,b4d01659e0f2c41e06d1c3f3a36d27a12ae5852d6a007531a71f0675e09a7dbe,True,ok,641-1024
train,shiyan/data3/images/train/1275.jpg,1275,1275,.jpg,879,879,RGB,127304,0641b6f49b1059e236a3db459584a66ab151337fdc5751c87b210eee0dc0ced0,True,ok,641-1024
train,shiyan/data3/images/train/1276.jpg,1276,1276,.jpg,815,815,RGB,148424,2cf7cd883251f7a18c6800a565309f63c7756e9d479610a6665a7e68366e8741,True,ok,641-1024
train,shiyan/data3/images/train/1277.jpg,1277,1277,.jpg,863,863,RGB,274891,cea1acb7d0e6e5fb4550d6165754d85e7dfb7f66043f4a75be68264f36258b7c,True,ok,641-1024
train,shiyan/data3/images/train/1278.jpg,1278,1278,.jpg,841,841,RGB,179257,7c5a9d52a0e9bb39a4af13c19911d442cdff0bc6adb37e6a427b6092fae5c09f,True,ok,641-1024
train,shiyan/data3/images/train/1279.jpg,1279,1279,.jpg,818,818,RGB,219699,3d33042982102771801b94b385bc89f98450093866b0b53b29a142cf0d7cd4a8,True,ok,641-1024
train,shiyan/data3/images/train/1280.jpg,1280,1280,.jpg,823,823,RGB,76108,a53cb7b4f44cbe09b3eb8bd0da0ce33280675ef0febcc2a7ef96b8520fdb4eb0,True,ok,641-1024
train,shiyan/data3/images/train/1281.jpg,1281,1281,.jpg,845,845,RGB,118864,f2235239effdeb440e99f60debb96c59363993be8bdf0c4cb60cfd66ad9147ba,True,ok,641-1024
train,shiyan/data3/images/train/1282.jpg,1282,1282,.jpg,877,877,RGB,55614,2f48666c7f06ae4746b4e4808cac4fbb3798af4bbea21b2ea22e8a3cb09f8635,True,ok,641-1024
train,shiyan/data3/images/train/1283.jpg,1283,1283,.jpg,833,833,RGB,96136,f3b5678c39b38ce4eb6a464df3a2f730098bcae296a7939a509982a2a4deaa4a,True,ok,641-1024
train,shiyan/data3/images/train/1284.jpg,1284,1284,.jpg,866,866,RGB,172388,92b825b0fb92142abbe85eef436759a556c22d19541baa69bcbce847a6f8ea14,True,ok,641-1024
train,shiyan/data3/images/train/1285.jpg,1285,1285,.jpg,877,877,RGB,185126,87ecc679f6cc851d6aeb6569c74e08308fbe0c95b0eb125619c95c42c3d3955d,True,ok,641-1024
train,shiyan/data3/images/train/1286.jpg,1286,1286,.jpg,809,809,RGB,207527,0dde00e09eef6899bd9cfb661d0553dd784a95eb29c3b4d54f3029aee5605a87,True,ok,641-1024
train,shiyan/data3/images/train/1287.jpg,1287,1287,.jpg,801,801,RGB,202719,27d7b93b5e52737f1a977742f479a30c9df77ea8a3d3e1556aac135a162c73e2,True,ok,641-1024
train,shiyan/data3/images/train/1288.jpg,1288,1288,.jpg,832,832,RGB,227736,c316b47b73d4a8aad31ec055c0ec57c0c7a2d151f56c37cdcf0a0f78a7ebfaee,True,ok,641-1024
train,shiyan/data3/images/train/1289.jpg,1289,1289,.jpg,809,809,RGB,115864,8e732b9b13d4f23f9e041e71b1dcce955f39f435071f9e09df3e0675c741128a,True,ok,641-1024
train,shiyan/data3/images/train/1290.jpg,1290,1290,.jpg,900,900,RGB,129793,c3ceaeea9c38f62db81b776a813f480cfab047690e4e424009fc42bd97f51a2d,True,ok,641-1024
train,shiyan/data3/images/train/1291.jpg,1291,1291,.jpg,900,900,RGB,333531,b35324468f0782cb8f1bcd556f95e6178f90823c870eb206302d97e49fa0265f,True,ok,641-1024
train,shiyan/data3/images/train/1292.jpg,1292,1292,.jpg,900,900,RGB,240951,6f38670535d361492688bfe4e05e1a68b0d94f54facd9ac5bfdcbea5c85b39bd,True,ok,641-1024
train,shiyan/data3/images/train/1293.jpg,1293,1293,.jpg,900,900,RGB,233250,20b2d975757d922ec40c02efd5aeb5155bb998df7c4b249c43e0fd9a2119ee39,True,ok,641-1024
train,shiyan/data3/images/train/1294.jpg,1294,1294,.jpg,900,900,RGB,230491,bf19500e19a7c6eb4b47790c1d5a215eda64b7ec1678e5b764bbd5e32d03e5d8,True,ok,641-1024
train,shiyan/data3/images/train/1295.jpg,1295,1295,.jpg,900,900,RGB,380884,e31a890d12d2db9e837c1a90c6a1249247d9f8ba3955ac57c040ccda746c818d,True,ok,641-1024
train,shiyan/data3/images/train/1296.jpg,1296,1296,.jpg,900,900,RGB,374149,dad48d9080c6482cbfc3207fb0a49c911310bb3362426f01f038de635891de08,True,ok,641-1024
train,shiyan/data3/images/train/1297.jpg,1297,1297,.jpg,900,900,RGB,382299,da13056c650e33ebada1d37a76430f218a6f9c1d3abbb605d721aefba56c4497,True,ok,641-1024
train,shiyan/data3/images/train/1298.jpg,1298,1298,.jpg,900,900,RGB,254365,6cf2406663c25077c9a6f67a5a15b787c69852567e430534f1123d0591dfd4e5,True,ok,641-1024
train,shiyan/data3/images/train/1299.jpg,1299,1299,.jpg,900,900,RGB,236950,0b39f3d0c3bf3fb18b540a8e4b391413fdaffa1bc98b91f6e3a200291a8c97b8,True,ok,641-1024
train,shiyan/data3/images/train/1300.jpg,1300,1300,.jpg,900,900,RGB,350190,715432ab89736b887eabe55cae9c0df8727a1fe32542679028476e9101072d28,True,ok,641-1024
train,shiyan/data3/images/train/1301.jpg,1301,1301,.jpg,900,900,RGB,339534,1434e10128a06708ae6fc0afacc0a068136317407f8c95af4b107a90789e5903,True,ok,641-1024
train,shiyan/data3/images/train/1302.jpg,1302,1302,.jpg,900,900,RGB,199970,2f60625fc91f4e9d5a3452ab87c107dd153a592da1913085e091b96ced266bbf,True,ok,641-1024
train,shiyan/data3/images/train/1303.jpg,1303,1303,.jpg,900,900,RGB,237335,bff5ea9cabfe01ba1080fd3a216d034227f188ab4e1104b917196a6a96534cc3,True,ok,641-1024
train,shiyan/data3/images/train/1304.jpg,1304,1304,.jpg,900,900,RGB,250855,59468eb212d4b422b9a1f8b07f24601bdb7aaa7a6127a8619dc4ed36583cfa22,True,ok,641-1024
train,shiyan/data3/images/train/1305.jpg,1305,1305,.jpg,900,900,RGB,304474,ebda51d66664fa19c5c3cdbbce167d2c51d099261f4799162609e85979a3e3a2,True,ok,641-1024
train,shiyan/data3/images/train/1306.jpg,1306,1306,.jpg,900,900,RGB,320090,059801a6ef6252ec83d3fdac3706e740fb67a632245fa578ce16f76b52b7da95,True,ok,641-1024
train,shiyan/data3/images/train/1307.jpg,1307,1307,.jpg,900,900,RGB,247896,e188d39eca4f2eb3a5be25fc17686bff066afcf01aecc1b78f67b4d6c1239565,True,ok,641-1024
train,shiyan/data3/images/train/1308.jpg,1308,1308,.jpg,900,900,RGB,254568,9a8ffb1085c4ce6dc5063d9001d036e75f3edc6f8fb6216379d4d1a69a41f58e,True,ok,641-1024
train,shiyan/data3/images/train/1309.jpg,1309,1309,.jpg,900,900,RGB,401574,61c8ae4fd0f03f75e1a2a5ad3c6212faeda37cddf0c79920e47eafe85ccf528b,True,ok,641-1024
train,shiyan/data3/images/train/1310.jpg,1310,1310,.jpg,900,900,RGB,248965,db65c42462e12565486e8a0cc293bf7308dbfb209f9cfb4373d11818ff11c8e9,True,ok,641-1024
train,shiyan/data3/images/train/1311.jpg,1311,1311,.jpg,900,900,RGB,393944,c4ebb8800f428a25e0eef6b1305d6adbd27a2be7e064903495dbd4a166102b75,True,ok,641-1024
train,shiyan/data3/images/train/1312.jpg,1312,1312,.jpg,900,900,RGB,236305,d945865e91346aefd408fce45fec0aa5d26c586904095f435ccc57c914852184,True,ok,641-1024
train,shiyan/data3/images/train/1313.jpg,1313,1313,.jpg,900,900,RGB,369186,99545bcbd09e42dab7d77b69fef994855998f171bc7dcb5a216a34bf24eb2e34,True,ok,641-1024
train,shiyan/data3/images/train/1314.jpg,1314,1314,.jpg,900,900,RGB,384407,ba837152028d60bab63cb689bb1055a569060edcb2c5154461852e74e2d13468,True,ok,641-1024
train,shiyan/data3/images/train/1315.jpg,1315,1315,.jpg,900,900,RGB,175747,4a5ba0c8b8cf97c626663ee96a6fc852c59555041f85df5f0d6bf529e36d7192,True,ok,641-1024
train,shiyan/data3/images/train/1316.jpg,1316,1316,.jpg,900,900,RGB,196452,89be72ac32c2fe055c47569a4b0b9fb7f2154f55a0b03ec6deb7c417d45407be,True,ok,641-1024
train,shiyan/data3/images/train/1317.jpg,1317,1317,.jpg,900,900,RGB,287983,71429bfb5649c9bacc2e95d7c162ad2f01db0b6da31d71e66942b223416675d7,True,ok,641-1024
train,shiyan/data3/images/train/1318.jpg,1318,1318,.jpg,900,900,RGB,179205,0a2d54cc696ac0ef3965c5c1f2d12c85344055b3f2e20f5fe85139ef0c90fef2,True,ok,641-1024
train,shiyan/data3/images/train/1319.jpg,1319,1319,.jpg,900,900,RGB,189319,6a6d3baf50bb758afeb437adaf77810d5d216f9347835199106fdaff73cca075,True,ok,641-1024
train,shiyan/data3/images/train/1320.jpg,1320,1320,.jpg,900,900,RGB,362963,835101963830b5ffba7bf6a35dc64fd5b0ef50bf8bf565bb31a47a9fbbce9e4a,True,ok,641-1024
train,shiyan/data3/images/train/1321.jpg,1321,1321,.jpg,592,655,RGB,158982,4115a47f625397ca9dd8ed101a9b9d74366a193ded3adaf4eb8bdafd08583ad7,True,ok,641-1024
train,shiyan/data3/images/train/1322.jpg,1322,1322,.jpg,900,900,RGB,421887,67110242676d102956ac1d56ef0f9df7e46770dc9da53af6ecb0119c2ece4025,True,ok,641-1024
train,shiyan/data3/images/train/1323.jpg,1323,1323,.jpg,900,900,RGB,401877,3fa746d37cdbaa6a492bc3960d2fd71f4a35f3971f017bb6cfdcb2b76378fa39,True,ok,641-1024
train,shiyan/data3/images/train/1324.jpg,1324,1324,.jpg,900,900,RGB,248766,a6ba08423f0981de7db31ca36e53068dd217647c38618c9ec190916382550b70,True,ok,641-1024
train,shiyan/data3/images/train/1325.jpg,1325,1325,.jpg,900,900,RGB,261710,cde796ef3bf25490bb28806518c3d1178bd729927134de0f8546fdf33864f719,True,ok,641-1024
train,shiyan/data3/images/train/1326.jpg,1326,1326,.jpg,900,900,RGB,147832,aed7b94ed34c82c4f3362d05b27025fe63439830129807d6f2eae4c95807747f,True,ok,641-1024
train,shiyan/data3/images/train/1327.jpg,1327,1327,.jpg,900,900,RGB,147152,d86091c5670ef359a9408c7bf473f11074193ebcea5b8f7ef3405a2a665e93dd,True,ok,641-1024
train,shiyan/data3/images/train/1328.jpg,1328,1328,.jpg,900,900,RGB,155736,5267df7aebc9e80c7b0f74ad55068b58afd8516e52a9e966264a5930c68ec13a,True,ok,641-1024
train,shiyan/data3/images/train/1329.jpg,1329,1329,.jpg,900,900,RGB,160775,eb5a238f0815b67493245430fccef7a89f3d9d0c59371eae33ae8318f7731d28,True,ok,641-1024
train,shiyan/data3/images/train/1330.jpg,1330,1330,.jpg,900,900,RGB,296922,9c293618617334dd101ca5ec1f7e84098d97777817ecce00c952af24eaf2cd90,True,ok,641-1024
train,shiyan/data3/images/train/1331.jpg,1331,1331,.jpg,900,900,RGB,302229,42c5fce239c08fab801d7e16d4969cba68380132f9757629c092f4ad2c4c6717,True,ok,641-1024
train,shiyan/data3/images/train/1332.jpg,1332,1332,.jpg,900,900,RGB,258524,31f278ebfc2b81c02ff2ace91cb3c3f48b9882fece538119a8127212787a6081,True,ok,641-1024
train,shiyan/data3/images/train/1333.jpg,1333,1333,.jpg,900,900,RGB,269613,817a8ac711b5152b1149c54c65c5331981608458a3a3085c67dfb80d2ba18e36,True,ok,641-1024
train,shiyan/data3/images/train/1334.jpg,1334,1334,.jpg,900,900,RGB,292822,f6370ef7b0355fc9cf171e564bdeea335fa780e5b383766c4fc00a97c497b6e5,True,ok,641-1024
train,shiyan/data3/images/train/1335.jpg,1335,1335,.jpg,900,900,RGB,240114,75b120c4bc5e25bd93dc0e1819b81bf1f548f85fe1b66a7f33514f67b35c926a,True,ok,641-1024
train,shiyan/data3/images/train/1336.jpg,1336,1336,.jpg,900,900,RGB,345738,c86e661873d9e5bc83c84151576ec2e2d7f963aa0b111f2080ec6791a728030f,True,ok,641-1024
train,shiyan/data3/images/train/1337.jpg,1337,1337,.jpg,423,355,RGB,69174,42d196db42e6d1e34067e0be3551402ff5146a0d936d34d43169de562dc5d852,True,ok,<=640
train,shiyan/data3/images/train/1338.jpg,1338,1338,.jpg,900,900,RGB,158712,afd61b006d78fe53dcc3dd1c333e295e3b9aafeb18b415c539149da8c7d6d45d,True,ok,641-1024
train,shiyan/data3/images/train/1339.jpg,1339,1339,.jpg,900,900,RGB,148655,0bd20103fa8920eedf3ec31824e32fb87c926703ddae3d45c09a7e4e036dfbaf,True,ok,641-1024
train,shiyan/data3/images/train/1340.jpg,1340,1340,.jpg,900,900,RGB,320139,4a1bc72907dd05bea72251eb5dddd23e133f5eb86737fa08eac660eaa48c5585,True,ok,641-1024
train,shiyan/data3/images/train/1341.jpg,1341,1341,.jpg,900,900,RGB,186223,3aa342aa57a91aa571dc9738c69729453a766408bfbee6c03fde43cf414702b9,True,ok,641-1024
train,shiyan/data3/images/train/1342.jpg,1342,1342,.jpg,900,900,RGB,149286,d7966c88732a2847d903c0fa526fb1d2c2bf932358eb3b2df7dbdfe62cdad596,True,ok,641-1024
train,shiyan/data3/images/train/1343.jpg,1343,1343,.jpg,900,900,RGB,337668,4fec6456264cc460bacf4790ad19d91b42dffcbb1c9f87f622f9358194ee690c,True,ok,641-1024
train,shiyan/data3/images/train/1344.jpg,1344,1344,.jpg,900,900,RGB,283694,b109570a8140cdaa706208f3bfb241c2dc02802352ae4142b78a79081fe7a2c8,True,ok,641-1024
train,shiyan/data3/images/train/1345.jpg,1345,1345,.jpg,900,900,RGB,192588,a7f8a307cc59e9f01c06fc965a9cc493193d2a690e50f78555fefb510f452a47,True,ok,641-1024
train,shiyan/data3/images/train/1346.jpg,1346,1346,.jpg,900,900,RGB,209406,ca537eca452223ecfeba2d46aed29c47398e91d80172ad61f405ae2b9b0d27cf,True,ok,641-1024
train,shiyan/data3/images/train/1347.jpg,1347,1347,.jpg,900,900,RGB,344302,5a92d32378181632092bcd1d80c6887fff9be9961df1f3684f6dddb1a4d9e329,True,ok,641-1024
train,shiyan/data3/images/train/1348.jpg,1348,1348,.jpg,900,900,RGB,200890,f67a87f8c4ac1f1bf127f830ffb6be6a5fdd0e4ac101c45b215ff1f7800609a1,True,ok,641-1024
train,shiyan/data3/images/train/1349.jpg,1349,1349,.jpg,900,900,RGB,200405,58819e3096273f744dd2c1df0827b7b785a49c56e5905d4f64e7dc1c22b2a4ac,True,ok,641-1024
train,shiyan/data3/images/train/1350.jpg,1350,1350,.jpg,900,900,RGB,351294,fbc6801d259adb554572b4f378ed90ec33a39223ee2b7a68a000a1b6aea913a1,True,ok,641-1024
train,shiyan/data3/images/train/1351.jpg,1351,1351,.jpg,900,900,RGB,332872,97a0d93d6946fc5c7973cc3e95dfb9419c055c401b396c0b24831ff5105e5692,True,ok,641-1024
train,shiyan/data3/images/train/1352.jpg,1352,1352,.jpg,900,900,RGB,226248,e62613d264daf825f6740f28fc589edcf4e5d76f00bd839c39a6dcc8d8994d08,True,ok,641-1024
train,shiyan/data3/images/train/1353.jpg,1353,1353,.jpg,900,900,RGB,282653,7b8d444d7600739a475a8e5f3bce28241981174e9947004d8931bdde00d08b29,True,ok,641-1024
train,shiyan/data3/images/train/1354.jpg,1354,1354,.jpg,900,900,RGB,220916,10e7363309288fc8a99b09def61c022dbfca7f3f364541632a2cb7995446c76c,True,ok,641-1024
train,shiyan/data3/images/train/1355.jpg,1355,1355,.jpg,900,900,RGB,230882,4dd90cd82d33e25c48cabbac0b1884aef03990436fe5b81256a7e7a2e36bf458,True,ok,641-1024
train,shiyan/data3/images/train/1356.jpg,1356,1356,.jpg,900,900,RGB,394991,83762f343a1369e496747e847e6f30d8a0c2802698d7a4c928385f92b863d746,True,ok,641-1024
train,shiyan/data3/images/train/1357.jpg,1357,1357,.jpg,900,900,RGB,199654,76ddca2271e0af3bbae0211793b9615d6b5d88917e9a63d0bf4ca1bc153d5bb4,True,ok,641-1024
train,shiyan/data3/images/train/1358.jpg,1358,1358,.jpg,859,831,RGB,101863,057d8aafbc47761538c8bd8ce747749965a72bfecfebb470e8d6abf3f8cf5810,True,ok,641-1024
train,shiyan/data3/images/train/1359.jpg,1359,1359,.jpg,752,834,RGB,81550,2d15ce821550dffba437338de3a3a1fe45ba1ba6333629cd356e90b0743535b0,True,ok,641-1024
train,shiyan/data3/images/train/1360.jpg,1360,1360,.jpg,755,755,RGB,279631,1f95ebed978466ee753ab983c0ebee3893bcc04f5320aacbcb308815a280a635,True,ok,641-1024
train,shiyan/data3/images/train/1361.jpg,1361,1361,.jpg,800,800,RGB,356436,79e1cbb65990f9eb374eee2ce6a7581cd7a12292d1073ba8f10f66a0bb173c84,True,ok,641-1024
train,shiyan/data3/images/train/1362.jpg,1362,1362,.jpg,800,800,RGB,505803,2ac958c6407bc0805c8c8274f055481ac52fc53d9072d321c0fc186ed03c56ed,True,ok,641-1024
train,shiyan/data3/images/train/1363.jpg,1363,1363,.jpg,800,800,RGB,247820,57d61e422a513c4d0d9e5ccab405ce526afab4b53b0592831b65e597903fb7dc,True,ok,641-1024
train,shiyan/data3/images/train/1364.jpg,1364,1364,.jpg,800,800,RGB,369214,d7c65ccba559b914b01a94a3a1fb2d022b1ad709c30d6cbd0e2d706cc7895079,True,ok,641-1024
train,shiyan/data3/images/train/1365.jpg,1365,1365,.jpg,800,800,RGB,348387,83bddb0ed5c6f238f662d113e1260f21e10b7f854c961ace2e592c9ba6028a77,True,ok,641-1024
train,shiyan/data3/images/train/1366.jpg,1366,1366,.jpg,800,800,RGB,336395,0d6003d2705e9be5bc06f50cf9e845635e74a09ce84e36c30dae1146dfa7462c,True,ok,641-1024
train,shiyan/data3/images/train/1367.jpg,1367,1367,.jpg,800,800,RGB,383344,7985e877b42d0669e96ef79bcc49185af34507e5f4fb8e576459695a853a4af7,True,ok,641-1024
train,shiyan/data3/images/train/1368.jpg,1368,1368,.jpg,800,800,RGB,533765,1bfa4840aa9b6e29784e2c4da1c48fbe24e6b2f6808cb2877e2ba335e45b695c,True,ok,641-1024
train,shiyan/data3/images/train/1369.jpg,1369,1369,.jpg,800,800,RGB,593678,52251c40e22de95e5ed7e8fe0e47703b5cfe0cf8b5a9a9301fed49afd4425f2a,True,ok,641-1024
train,shiyan/data3/images/train/1370.jpg,1370,1370,.jpg,686,686,RGB,185527,27e49afd4f4720ceb5ca6a21d7fb865a48cb631ef745795f78b92321cbd26bca,True,ok,641-1024
train,shiyan/data3/images/train/1371.jpg,1371,1371,.jpg,800,800,RGB,274799,8b308dc71b2b161f9b2ab5bf31abf3c9b2aedfd9e14ef82b0d823c830e1cf92f,True,ok,641-1024
train,shiyan/data3/images/train/1372.jpg,1372,1372,.jpg,800,800,RGB,306916,c15da406f4645d0953215ee2d7e51847d4fc869a63997264969e52a26cf2c779,True,ok,641-1024
train,shiyan/data3/images/train/1373.jpg,1373,1373,.jpg,800,800,RGB,457419,ef83b491b11538b20f3ef323f46b92641d9047533ec701bf53def5e90babe4f0,True,ok,641-1024
train,shiyan/data3/images/train/1374.jpg,1374,1374,.jpg,800,800,RGB,268483,ccb39cd3400316cef2aff9a465d2f0e83de3a64af2d0718f63dae90f1b1733ff,True,ok,641-1024
train,shiyan/data3/images/train/1375.jpg,1375,1375,.jpg,800,800,RGB,362345,9e01bbe41ad4321e362f4300131aaac56785b2c31344c5a098fbf0ab154baade,True,ok,641-1024
train,shiyan/data3/images/train/1376.jpg,1376,1376,.jpg,800,800,RGB,406517,a732e71b3a4d9f03b7a1761ce6e851aec0af213a5afcf4a72523f3f4abbdccd1,True,ok,641-1024
train,shiyan/data3/images/train/1377.jpg,1377,1377,.jpg,800,800,RGB,275280,4e021021e84381b547c1dcc1932ed4e9e76c9bab982aea678ebc9e4ab71b5af6,True,ok,641-1024
train,shiyan/data3/images/train/1378.jpg,1378,1378,.jpg,800,800,RGB,275885,825219ba1c3ceaeef8cc07c5a5c17a807337d4f015bc2f2105bd9f3cf7da5aa5,True,ok,641-1024
train,shiyan/data3/images/train/1379.jpg,1379,1379,.jpg,800,800,RGB,397196,88f7672c0d06f2c7ec1bd6556250b500b32650318f70caf6b111b0f5af70ec58,True,ok,641-1024
train,shiyan/data3/images/train/1380.jpg,1380,1380,.jpg,779,741,RGB,61304,87a642251e31a77581fb389664b29c904c96ecac417452ebefe22d491e224893,True,ok,641-1024
train,shiyan/data3/images/train/1381.jpg,1381,1381,.jpg,800,800,RGB,297603,3f02bd600ffb96a45c7d9ea4b9fa2c5e63402706c06fa8a1cdf40d1d7db6bb6f,True,ok,641-1024
train,shiyan/data3/images/train/1382.jpg,1382,1382,.jpg,800,800,RGB,309574,45788b3e82a94d25a9cebd2434c687c2d66fd021c54e0642ad66b9d51fa799c0,True,ok,641-1024
train,shiyan/data3/images/train/1383.jpg,1383,1383,.jpg,800,800,RGB,530972,a2cebb3288b3279bc3a7951058d89c94420371eb6dd7e30ea951f29e4ec6bd5f,True,ok,641-1024
train,shiyan/data3/images/train/1384.jpg,1384,1384,.jpg,800,800,RGB,330556,946b83ca3d6526db503b94f612b9830b1a92b07749dc9f376766daad89946a1e,True,ok,641-1024
train,shiyan/data3/images/train/1385.jpg,1385,1385,.jpg,800,800,RGB,364773,a7e1597a53f40c79fb7cbfbef883a0fc45ba813b3a154159635be7ec5f181ec0,True,ok,641-1024
train,shiyan/data3/images/train/1386.jpg,1386,1386,.jpg,800,800,RGB,219939,7616d97791890d6afaee88eb21fa65690cf30995f0fe85c39a713da60b1c06ae,True,ok,641-1024
train,shiyan/data3/images/train/1387.jpg,1387,1387,.jpg,800,800,RGB,241431,2f218d2bc585944ce478b7f53bdd0818011d721c76a6391b5c69d2779fc7f87f,True,ok,641-1024
train,shiyan/data3/images/train/1388.jpg,1388,1388,.jpg,800,800,RGB,279111,cbc37c59dcf644362e306701a4f181c4827d85474b19d861046f75cbe12e33fa,True,ok,641-1024
train,shiyan/data3/images/train/1389.jpg,1389,1389,.jpg,800,800,RGB,291187,6cb3595ea9931c03512ca227b96a8b44d2461d999f8b0d8a736deee457b3bed8,True,ok,641-1024
train,shiyan/data3/images/train/1390.jpg,1390,1390,.jpg,800,800,RGB,398437,7a254dc6402928ec39ab59718fcc2105237d6cbae50e58eafe0da5c2daeacee1,True,ok,641-1024
train,shiyan/data3/images/train/1391.jpg,1391,1391,.jpg,751,751,RGB,147873,a8f9a1a3d4155e9ac9caccf70359846b7aa69f04a62af31da0904fcc66ddde24,True,ok,641-1024
train,shiyan/data3/images/train/1392.jpg,1392,1392,.jpg,800,800,RGB,268664,5df9db1d0ba2549c45dd11ee8639ad874deb6d28e6c2f0620fe3a5707fbd82e0,True,ok,641-1024
train,shiyan/data3/images/train/1393.jpg,1393,1393,.jpg,800,800,RGB,397688,e38737a943f25df65aea644871dccfd6a99d6cd22d3575ce0729b34822ab6774,True,ok,641-1024
train,shiyan/data3/images/train/1394.jpg,1394,1394,.jpg,800,800,RGB,260511,1c2a9e7bdc98d04115832ac94a6d76a91ed604f5a3ea32f54ebc7ad99920ef8c,True,ok,641-1024
train,shiyan/data3/images/train/1395.jpg,1395,1395,.jpg,800,800,RGB,351927,98de4e84891f0c2116437c59fba2fbad6e67e6c8a61f4b7ef544702caf9e67b7,True,ok,641-1024
train,shiyan/data3/images/train/1396.jpg,1396,1396,.jpg,800,800,RGB,317154,a69fe328dab765a513605a40dc36c39c9e1c6f05f2f122d1a6abbfa45b1014f5,True,ok,641-1024
train,shiyan/data3/images/train/1397.jpg,1397,1397,.jpg,800,800,RGB,431721,1e3d8db6737b7b362029af96546c21ffaaed7402048270d168ff6732e46a1ee4,True,ok,641-1024
train,shiyan/data3/images/train/1398.jpg,1398,1398,.jpg,800,800,RGB,409879,48548b440d0bcc65de90624094ba4aa6248fe2ec33b95820bff31e56bec131c0,True,ok,641-1024
train,shiyan/data3/images/train/1399.jpg,1399,1399,.jpg,800,800,RGB,343883,922def05b8ec5c21f4bf5d1ca83d7e4da7809f4502db712fd32ecc7369283ef9,True,ok,641-1024
train,shiyan/data3/images/train/1400.jpg,1400,1400,.jpg,800,800,RGB,409789,f94f0c2f83b5bbda8839dcef665f87e91143602e0a3e22c364b8e98b9d0bfeca,True,ok,641-1024
train,shiyan/data3/images/train/1401.jpg,1401,1401,.jpg,800,800,RGB,404863,108ac182733e5284bcb9764af248fcf5148cc3504cef0273cb9b972236923433,True,ok,641-1024
train,shiyan/data3/images/train/1402.jpg,1402,1402,.jpg,734,734,RGB,80353,0e3b1b8fcc963806e18921e9113977384f1c5e37fc105a9d7444202c59d83031,True,ok,641-1024
train,shiyan/data3/images/train/1403.jpg,1403,1403,.jpg,800,800,RGB,415148,0e2abf33b24d9ad62fec9c25d649e30888fe4829d4472f27cc653a2075bbd962,True,ok,641-1024
train,shiyan/data3/images/train/1404.jpg,1404,1404,.jpg,800,800,RGB,355845,8e7d06dc4b304f732666b3e5840b3449641edd032a235c2132644fdbce7a48b6,True,ok,641-1024
train,shiyan/data3/images/train/1405.jpg,1405,1405,.jpg,800,800,RGB,241661,f002d7c015e0f59fc76e9c9e69b042c248198687636af2a797144289870b46a4,True,ok,641-1024
train,shiyan/data3/images/train/1406.jpg,1406,1406,.jpg,800,800,RGB,347843,2b943677061836dec621ff3f4158b1a217e763711bb10b97295033127613b602,True,ok,641-1024
train,shiyan/data3/images/train/1407.jpg,1407,1407,.jpg,800,800,RGB,339969,55f9bd0d33f75782ad9322e1f7a5df6b7f3ec54510616e48a277550b69b0f37b,True,ok,641-1024
train,shiyan/data3/images/train/1408.jpg,1408,1408,.jpg,800,800,RGB,391649,56aa4f57e669ff590fad84202a2849002284493eb023b9712b747e6e420ca9e0,True,ok,641-1024
train,shiyan/data3/images/train/1409.jpg,1409,1409,.jpg,800,800,RGB,260836,4cc5fc6bdf3ea5c2865ce01138be8072a0b5e04b8102b2651d5fcad3ad7b8aad,True,ok,641-1024
train,shiyan/data3/images/train/1410.jpg,1410,1410,.jpg,800,800,RGB,288623,cf71acc52fa97bb5ff4a97a171ac0ec5322fe2c0a7c25bf1a7dce1dc7679a06a,True,ok,641-1024
train,shiyan/data3/images/train/1411.jpg,1411,1411,.jpg,800,800,RGB,361511,5f327b20b0e6767fe50388ac9cb21a9d5acd97b287be973e213f5af44285c3a5,True,ok,641-1024
train,shiyan/data3/images/train/1412.jpg,1412,1412,.jpg,800,800,RGB,258045,f0171c7cf97fa1f4104e60ed3f64ef07bd13f257ed377164e5068ceee31efba1,True,ok,641-1024
train,shiyan/data3/images/train/1413.jpg,1413,1413,.jpg,745,745,RGB,54719,20e09e85978e2d922ede0f62df3ff51c84a16b99225edcc0bfa12cf7f556588b,True,ok,641-1024
train,shiyan/data3/images/train/1414.jpg,1414,1414,.jpg,800,800,RGB,322650,6080ac9d5102ca9ff56fca249f67dc92605e94bb6c76ad89015b5c77f24bb976,True,ok,641-1024
train,shiyan/data3/images/train/1415.jpg,1415,1415,.jpg,800,800,RGB,437354,13b01cb1d21efbe669169764b28d6ca386d36c82533192148bce1ade6438da81,True,ok,641-1024
train,shiyan/data3/images/train/1416.jpg,1416,1416,.jpg,800,800,RGB,349418,ce23b84d2682055ec034f2d533efeefe4ce2b49b016edd8353eae0a027a63ae6,True,ok,641-1024
train,shiyan/data3/images/train/1417.jpg,1417,1417,.jpg,800,800,RGB,423322,62ae99d3c763882a8f0c45360901e9d2837a5364dc89f8dc960ee24b72c3ce3a,True,ok,641-1024
train,shiyan/data3/images/train/1418.jpg,1418,1418,.jpg,800,800,RGB,441936,d9922601b61962bf66efef8f4871c799ead6741fa875644a99445e247c1903d6,True,ok,641-1024
train,shiyan/data3/images/train/1419.jpg,1419,1419,.jpg,800,800,RGB,239879,bd3ed91c3ec9fa8369220e7b609f4e4019422264ab69081613f9a14ec19cfd59,True,ok,641-1024
train,shiyan/data3/images/train/1420.jpg,1420,1420,.jpg,800,800,RGB,224418,23ff020bdec23a43a89d069746a82c0c994256a79308dd103456a85be8b07d7a,True,ok,641-1024
train,shiyan/data3/images/train/1421.jpg,1421,1421,.jpg,800,800,RGB,355931,d4df943a6f8ec19b8dc3d2ec548a37e1d5bf9d65416b7ae29214a89716548bd9,True,ok,641-1024
train,shiyan/data3/images/train/1422.jpg,1422,1422,.jpg,791,735,RGB,90160,bd031543e41d3892ede9e1a847f7aaf7a686d6a34d3b213bfaac57a69412cf09,True,ok,641-1024
train,shiyan/data3/images/train/1423.jpg,1423,1423,.jpg,800,800,RGB,247044,44e751c9a4ebd8e0395b714252dfa8cedfd0d5312bd07febf9e34e75c4ac8cba,True,ok,641-1024
train,shiyan/data3/images/train/1424.jpg,1424,1424,.jpg,800,800,RGB,283540,d84c01969ab6cebfa7aad8d5f35534764c2f5866068d372d8cbabaf8f9df0d80,True,ok,641-1024
train,shiyan/data3/images/train/1425.jpg,1425,1425,.jpg,800,800,RGB,288183,96a00438aaa09b62fa000e347049a1dc0d59d65a82f9c8cf3739634995ad40a0,True,ok,641-1024
train,shiyan/data3/images/train/1426.jpg,1426,1426,.jpg,800,800,RGB,409594,d61bcea9cfb2a7b1e511b4a82c3e4fa43343a79d9ddc8b404fcb4fc85d468d16,True,ok,641-1024
train,shiyan/data3/images/train/1427.jpg,1427,1427,.jpg,800,800,RGB,240520,e3ecbaeb97188c242b2bc4dbe454e700dc1409e34f55c8c818db0512d3d7cb92,True,ok,641-1024
train,shiyan/data3/images/train/1428.jpg,1428,1428,.jpg,800,800,RGB,381405,aa1ce73f1fffb19ba92624cd20d545c975c7418199c5e0ff78cf697952b362d3,True,ok,641-1024
train,shiyan/data3/images/train/1429.jpg,1429,1429,.jpg,800,800,RGB,355800,e71185ec643449a00515057f13fca2d5b2fcd3754ed784fc97a6c236fae59226,True,ok,641-1024
train,shiyan/data3/images/train/1430.jpg,1430,1430,.jpg,800,800,RGB,219878,b55af7734ddbad1386c38b3bf369b3e0eabfd3088e63daed0d4ce6d96af4f0b2,True,ok,641-1024
train,shiyan/data3/images/train/1431.jpg,1431,1431,.jpg,737,737,RGB,88488,9baeba9f4762697433273554e7c5be4f8c55baf92f1b4a0c9489a8effd0d955b,True,ok,641-1024
train,shiyan/data3/images/train/1432.jpg,1432,1432,.jpg,800,800,RGB,147560,d255506c47c46953f90fca8f326ce59e435b0f6f41f95babb1e494f760896da3,True,ok,641-1024
train,shiyan/data3/images/train/1433.jpg,1433,1433,.jpg,800,800,RGB,229101,3803db80764c8767ac4235f75490d18bc8d30e8770897cb62fe0dc210aa14759,True,ok,641-1024
train,shiyan/data3/images/train/1434.jpg,1434,1434,.jpg,800,800,RGB,381954,7c91db028c46824b50ca5e67953dda2883eb6e513ebd6e91cae6e995ecfe2a9f,True,ok,641-1024
train,shiyan/data3/images/train/1435.jpg,1435,1435,.jpg,800,800,RGB,538320,feafb357818eedd30728b9e3c1a67f5c793dbcb7b54b7eb281669acd6f742c9c,True,ok,641-1024
train,shiyan/data3/images/train/1436.jpg,1436,1436,.jpg,800,800,RGB,486194,4fc38604bb94bac3cdf092e30e0dc5a95ac9d981cc22759bd1aaa07e25aa0206,True,ok,641-1024
train,shiyan/data3/images/train/1437.jpg,1437,1437,.jpg,800,800,RGB,309946,ceb82181bfc57e0264b7e59eff070660fc3666f214c4507dd9c8d961bfb7bbda,True,ok,641-1024
train,shiyan/data3/images/train/1438.jpg,1438,1438,.jpg,800,800,RGB,282757,bc3543e5c0ed33d2914ae9c195651e70df2a20c135e420695b28406f8b83f181,True,ok,641-1024
train,shiyan/data3/images/train/1439.jpg,1439,1439,.jpg,800,800,RGB,283429,00a9d13efeb8734e77173e5d5b0aa28b8d6ca328b1fc0ed1a9bb1fcf7ef35ff4,True,ok,641-1024
train,shiyan/data3/images/train/1440.jpg,1440,1440,.jpg,800,800,RGB,379663,68a0c274ae26f8f7dad736f92d81fcdeec45556c45e7a7a37be4af54ee572529,True,ok,641-1024
train,shiyan/data3/images/train/1441.jpg,1441,1441,.jpg,751,751,RGB,93196,4cda4ed7efba0c91a007aec5714be94f582f2beb775516caed9a24a504993e0d,True,ok,641-1024
train,shiyan/data3/images/train/1442.jpg,1442,1442,.jpg,800,800,RGB,430196,091aeff9f25975531adef860a07405a0392e255c6aa5ee85c790ef653a266a2a,True,ok,641-1024
train,shiyan/data3/images/train/1443.jpg,1443,1443,.jpg,800,800,RGB,284492,786b643eae0ef12a922ae15a50e22d784e0f4392c3fc2ee3d8571918e3131796,True,ok,641-1024
train,shiyan/data3/images/train/1444.jpg,1444,1444,.jpg,800,800,RGB,297480,d88ad61669341f660a44e75e3c5115c7fea24d9f745f64812de6ff9c258085f4,True,ok,641-1024
train,shiyan/data3/images/train/1445.jpg,1445,1445,.jpg,800,800,RGB,303544,983f1c8ad85eaff3e2dbc37ed31927ed344c0b81d1f3133a7ff3f9ddf3133f5a,True,ok,641-1024
train,shiyan/data3/images/train/1446.jpg,1446,1446,.jpg,800,800,RGB,281934,3b0c8405ae3279ece972dda9984e7c64b1df636db2b0b4215dec7407d6427ce1,True,ok,641-1024
train,shiyan/data3/images/train/1447.jpg,1447,1447,.jpg,800,800,RGB,436182,9121c0b6c336a8427af4da0cad7c9ad27262c711419da90d6e565e0746d24cde,True,ok,641-1024
train,shiyan/data3/images/train/1448.jpg,1448,1448,.jpg,800,800,RGB,277746,f63a865c383e72239f66d75caf92fe1bf5a2ae020a24b0cac61bec5bea28710c,True,ok,641-1024
train,shiyan/data3/images/train/1449.jpg,1449,1449,.jpg,800,800,RGB,270718,2de5961df9c4b1e348f35a05509d0b54e981b2a2060df4700c2d12b6d960ac26,True,ok,641-1024
train,shiyan/data3/images/train/1450.jpg,1450,1450,.jpg,800,800,RGB,365607,282ff43a7e50c3f86cf4bf49b30ac675e5b86ce4bb21a4363ff4a0d1f5c24746,True,ok,641-1024
train,shiyan/data3/images/train/1451.jpg,1451,1451,.jpg,749,749,RGB,78056,399be3fa7df96e9f34d533b930e0a81851a0819c6e4150447da61812c1b519fe,True,ok,641-1024
train,shiyan/data3/images/train/1452.jpg,1452,1452,.jpg,800,800,RGB,350143,278a00b2596d34d7bbd22884841f7a4cfbb04fd8072635b5d980fcd4bd30efe0,True,ok,641-1024
train,shiyan/data3/images/train/1453.jpg,1453,1453,.jpg,800,800,RGB,283672,72fc7f006d8f0ff413012e6b0dee998dcfc17c1d03d9ed3c543582574c69cd57,True,ok,641-1024
train,shiyan/data3/images/train/1454.jpg,1454,1454,.jpg,800,800,RGB,316238,9a65594a513acce428a0d61cb431f6903b0d6328cc64e64fdb3b9f50bf775be2,True,ok,641-1024
train,shiyan/data3/images/train/1455.jpg,1455,1455,.jpg,800,800,RGB,401918,606b59281add9960a5c91c56945271538a58554d2eb9497f2e5f074cc3752752,True,ok,641-1024
train,shiyan/data3/images/train/1456.jpg,1456,1456,.jpg,800,800,RGB,239830,164598caf1a43878d8ad93a0c81803854e483376cf63cb6b4495a6f593dbf7e2,True,ok,641-1024
train,shiyan/data3/images/train/1457.jpg,1457,1457,.jpg,800,800,RGB,297355,e5862bdc625d0d94769015c7f20678a8afecc6a7cd5cb2e690c75f3230f474c7,True,ok,641-1024
train,shiyan/data3/images/train/1458.jpg,1458,1458,.jpg,800,800,RGB,577094,3b424cfbdc62e4d99f290d36a6030184951346caa5ee07da5f154832663a5c3e,True,ok,641-1024
train,shiyan/data3/images/train/1459.jpg,1459,1459,.jpg,887,885,RGB,106641,39942e47cdf68808aabbf4fc1b4771610a08c4ac4d2df061d17a3ce355f87f76,True,ok,641-1024
train,shiyan/data3/images/train/1460.jpg,1460,1460,.jpg,790,790,RGB,81888,660303191538301f38029e21044e00e8631c9cabf266cb180620fddbb71a2566,True,ok,641-1024
train,shiyan/data3/images/train/1461.jpg,1461,1461,.jpg,800,800,RGB,375492,49834a20a275d6c813472ca965949e497004d5d910c2420a35939ba33a4886b5,True,ok,641-1024
train,shiyan/data3/images/train/1462.jpg,1462,1462,.jpg,800,800,RGB,381588,7dafe83cfe723191abe75701c4df80a68720dfae4e3cfdb56056127bef6b89dd,True,ok,641-1024
train,shiyan/data3/images/train/1463.jpg,1463,1463,.jpg,800,800,RGB,284840,aaa331ef35fb7bc0845627a2ae89606085a0b333fb979128d101688a48963462,True,ok,641-1024
train,shiyan/data3/images/train/1464.jpg,1464,1464,.jpg,800,800,RGB,348458,ef44914c958defb7008f2459a1e855efdc3f05a077294ce0170706085bb4d38e,True,ok,641-1024
train,shiyan/data3/images/train/1465.jpg,1465,1465,.jpg,800,800,RGB,360145,d081638fd8f61f313665063108e2b6dd41f7fc714c695bc4f3bde3e1aac00b08,True,ok,641-1024
train,shiyan/data3/images/train/1466.jpg,1466,1466,.jpg,800,800,RGB,364485,d163718cd251876d0a0e097f8ec99d034b18f0a6f307a644965fcb172c89020c,True,ok,641-1024
train,shiyan/data3/images/train/1467.jpg,1467,1467,.jpg,800,800,RGB,271008,929c1cebd5b4c3cfec29d0e316e10f0ebbf3ed41ffc449123a1e648b24f934d4,True,ok,641-1024
train,shiyan/data3/images/train/1468.jpg,1468,1468,.jpg,800,800,RGB,337518,03c7117b8285bc39e36c73b56cf9e5bc3d6b5304c139cb36f796cd57cb658b28,True,ok,641-1024
train,shiyan/data3/images/train/1469.jpg,1469,1469,.jpg,800,800,RGB,384347,114c61c48df9e1a8c667c8fff0fbf59383597e185253105a51630906f5f78b5b,True,ok,641-1024
train,shiyan/data3/images/train/1470.jpg,1470,1470,.jpg,800,800,RGB,347945,11fd623e47ee8c36a542bbb21b39b095f1939fe87bd57657086660ecf1579a02,True,ok,641-1024
train,shiyan/data3/images/train/1471.jpg,1471,1471,.jpg,800,800,RGB,383935,a8ba5346c89cf076713fe6c3f56d6781b3a424244df7ea0600e761f7f6250935,True,ok,641-1024
train,shiyan/data3/images/train/1472.jpg,1472,1472,.jpg,800,800,RGB,296342,eefb0e2ba70c5d3fd116fdefdef8a50e780ef94d36bfa6a7a58ce4bb43e23cd5,True,ok,641-1024
train,shiyan/data3/images/train/1473.jpg,1473,1473,.jpg,800,800,RGB,315372,7e7385a7eb042b4af8ececb0efd1923de274f4a89fb8fe1518036c021fc92e6a,True,ok,641-1024
train,shiyan/data3/images/train/1474.jpg,1474,1474,.jpg,800,800,RGB,290466,a6ee0d63f2deeefb98250fc5d87f85fac46f3d1c520fd254bbb807c34046eeeb,True,ok,641-1024
train,shiyan/data3/images/train/1475.jpg,1475,1475,.jpg,800,800,RGB,384158,240b49a26b3f51c3af6a002db42f712c9dbf28cc95e17f2465c2f2c6c74273f5,True,ok,641-1024
train,shiyan/data3/images/train/1476.jpg,1476,1476,.jpg,800,800,RGB,346231,f9e2272be838ea6a4c728a54e54dacfb63a745da0a77bc30cf4f6ee633de3079,True,ok,641-1024
train,shiyan/data3/images/train/1477.jpg,1477,1477,.jpg,750,750,RGB,47759,b86a2afc75c086529ef27eb116cedccafb6d29aa718311662288a8fa1c41cd11,True,ok,641-1024
train,shiyan/data3/images/train/1478.jpg,1478,1478,.jpg,800,800,RGB,362551,f3769e2ea104b1629f84a4aee8fdfd7692eed78673122a1aea1384a0b9d62927,True,ok,641-1024
train,shiyan/data3/images/train/1479.jpg,1479,1479,.jpg,800,800,RGB,205329,0abb3fa3107e9a0c4b27e44af1a7eeb71b4f2b64f3d185e3ee9c8a2141a6c2da,True,ok,641-1024
train,shiyan/data3/images/train/1480.jpg,1480,1480,.jpg,800,800,RGB,235618,3e4e6d217bb086fbd0d2de3349767364ff6223b14c8ae2d4f343e3dfe76b3626,True,ok,641-1024
train,shiyan/data3/images/train/1481.jpg,1481,1481,.jpg,800,800,RGB,401775,4fb531f26503e33ed63701d2b83ce2c2652ccbdbd0bb5c90d122a22e01c49a56,True,ok,641-1024
train,shiyan/data3/images/train/1482.jpg,1482,1482,.jpg,800,800,RGB,347548,f9f023ed2bc12ea2e3ec47de5c8fa7fc7fff8cf8ac9bd5166b4413f8b8120c70,True,ok,641-1024
train,shiyan/data3/images/train/1483.jpg,1483,1483,.jpg,800,800,RGB,254343,996d1762b6043c04d9215075fd0f1be68a405f9585f96269f73a4ce58a92a8b8,True,ok,641-1024
train,shiyan/data3/images/train/1484.jpg,1484,1484,.jpg,800,800,RGB,343770,d121304700a9ab180e87956b46c3601b42d617481adb40ad339656eb7e7e155b,True,ok,641-1024
train,shiyan/data3/images/train/1485.jpg,1485,1485,.jpg,800,800,RGB,332953,07181459fb41bdbb8f944b9734c2ece2678f0dd8fee16570f44e671fcb6c217b,True,ok,641-1024
train,shiyan/data3/images/train/1486.jpg,1486,1486,.jpg,800,800,RGB,283847,6d24be545d1e69b61bb10797426bc895cba3b5747f12f03199d69302bcdb066e,True,ok,641-1024
train,shiyan/data3/images/train/1487.jpg,1487,1487,.jpg,834,738,RGB,54727,994030c597b2bcd586db8d054cc6787d95c8f50995dde2c3eb853193034b727d,True,ok,641-1024
train,shiyan/data3/images/train/1488.jpg,1488,1488,.jpg,800,800,RGB,369854,eda99a88ab8b5878a392b4bb13f0a29d43c16023193955c770b35c9933c4fccf,True,ok,641-1024
train,shiyan/data3/images/train/1489.jpg,1489,1489,.jpg,800,800,RGB,335413,503836b97cc15e53bce6fc7a3a0dd4dddcd0fa7c9020b80d6cdeb8af5416d12a,True,ok,641-1024
train,shiyan/data3/images/train/1490.jpg,1490,1490,.jpg,800,800,RGB,234372,e7d7cd987e69e7cb73fe51f4a26fcd3fab1a0f8bb0189b08d67967c6a4de4d7a,True,ok,641-1024
train,shiyan/data3/images/train/1491.jpg,1491,1491,.jpg,800,800,RGB,272140,718652edba7d74edde13118299eda0e73259b2647fce1eba2d530663b61ee13f,True,ok,641-1024
train,shiyan/data3/images/train/1492.jpg,1492,1492,.jpg,800,800,RGB,459946,91a61418de9dca50550a580e0dda3ec2f1e25e24f53ace56c7491094b460cd37,True,ok,641-1024
train,shiyan/data3/images/train/1493.jpg,1493,1493,.jpg,800,800,RGB,283764,10b4f9dfecfd9b52abe8bf10f7c658eff33a1c682f6ef2f7818014a579872784,True,ok,641-1024
train,shiyan/data3/images/train/1494.jpg,1494,1494,.jpg,736,736,RGB,330626,907aa694afc9cc19502151221d5757a9f4f31e1b9e0c197069dbbf13e9dddfda,True,ok,641-1024
train,shiyan/data3/images/train/1495.jpg,1495,1495,.jpg,800,800,RGB,283992,ffea0674e4b2514e6411d73ce12b846f4430255bd935896967de9ebbef861eb9,True,ok,641-1024
train,shiyan/data3/images/train/1496.jpg,1496,1496,.jpg,800,800,RGB,305024,2e1cc0f2c3779b9b47febed5ba16682975cd13f93c755955d1fb987fbd65db7f,True,ok,641-1024
train,shiyan/data3/images/train/1497.jpg,1497,1497,.jpg,800,800,RGB,389538,13e4f0c4bad6eaa63841c0a04c40290d4c6dbd5f3f506ca9a46149616c137b3e,True,ok,641-1024
train,shiyan/data3/images/train/1498.jpg,1498,1498,.jpg,800,800,RGB,254927,7bb49dae1ddc27ba8b0405517fa6c06a4a743f96a4c271fbb8964e0e52ea3942,True,ok,641-1024
train,shiyan/data3/images/train/1499.jpg,1499,1499,.jpg,800,800,RGB,241315,7164502f780bc9c0b92ab6be0123ae40e0c77cb8d7296c618a8631ab406e3891,True,ok,641-1024
train,shiyan/data3/images/train/1500.jpg,1500,1500,.jpg,800,800,RGB,368407,b42e9b213b3ef666f1dcf5b42e15a335cda981b8fd20cd6f4e200e5d79fa55e2,True,ok,641-1024
train,shiyan/data3/images/train/1501.jpg,1501,1501,.jpg,800,800,RGB,407301,03b36586fe576a8f73bd76c7400931591897af4eb46607245300cdd524d1f638,True,ok,641-1024
train,shiyan/data3/images/train/1502.jpg,1502,1502,.jpg,800,800,RGB,322533,829d02656102d9f5b9581ac3ff5eedfd5627c88fb156c7e8a2c3285ea9e65bfa,True,ok,641-1024
train,shiyan/data3/images/train/1503.jpg,1503,1503,.jpg,800,800,RGB,318589,f7e5afc8380d9e6b67b9fc401ca2e622a9512cdb2382a407ee436cee94fd388c,True,ok,641-1024
train,shiyan/data3/images/train/1504.jpg,1504,1504,.jpg,800,800,RGB,274887,f07e591f7ba9f037eca8e9e9c79aca4d7e8fde2bf21eff0cf7188a3c1942a4f9,True,ok,641-1024
train,shiyan/data3/images/train/1505.jpg,1505,1505,.jpg,800,800,RGB,390360,c866e5288fa9b118757f308cb7fe17dd9df7eadb58f1ef34b5bf2cba82b3dcbb,True,ok,641-1024
train,shiyan/data3/images/train/1506.jpg,1506,1506,.jpg,800,800,RGB,477424,f2d9d6e563eb0049a15c25325dc6242c97670d9dd8a5c314212a0e011cad8e80,True,ok,641-1024
train,shiyan/data3/images/train/1507.jpg,1507,1507,.jpg,800,800,RGB,390767,c53568baaf2c6a5fc1afeab3ad50d7ffa3cb0085b73cdd9bc76a0a007fd952dc,True,ok,641-1024
train,shiyan/data3/images/train/1508.jpg,1508,1508,.jpg,800,800,RGB,311384,3b2c3fede9c74b414a0e9e4d0b3292401fad512adea9a5544a151a3dcb156a79,True,ok,641-1024
train,shiyan/data3/images/train/1509.jpg,1509,1509,.jpg,800,800,RGB,254432,8ac77aa69774fc8d0c2ca7f14bd2e6e3c2f2f4bb5e34b8d9bbd81524391f046f,True,ok,641-1024
train,shiyan/data3/images/train/1510.jpg,1510,1510,.jpg,800,800,RGB,353978,0a2239ed2063867b04caf67632f6910360a3ece5dbd39951dd20e957141dc83a,True,ok,641-1024
train,shiyan/data3/images/train/1511.jpg,1511,1511,.jpg,800,800,RGB,337137,1513a07efc1064fdff881d332877d623de67d710b2cce0edf082571c584e9b09,True,ok,641-1024
train,shiyan/data3/images/train/1512.jpg,1512,1512,.jpg,800,800,RGB,386999,e6b27863acdeb5e24453fd3df97c5e92b653bf0df2844d628e6a5b77883f00d9,True,ok,641-1024
train,shiyan/data3/images/train/1513.jpg,1513,1513,.jpg,800,800,RGB,585900,9e2479be994293560ce13be8196197cb4096d0ae4cdb98a43fd88ff3022d521d,True,ok,641-1024
train,shiyan/data3/images/train/1514.jpg,1514,1514,.jpg,800,800,RGB,302846,9b31dd185eb4347732ad0e1cf1a0ab7bee598895c407e06f419bfa6810629eba,True,ok,641-1024
train,shiyan/data3/images/train/1515.jpg,1515,1515,.jpg,800,800,RGB,291585,be123a6e3dd453d2e551879a26cb649793759a898f7312d3ac1d600301c24da7,True,ok,641-1024
train,shiyan/data3/images/train/1516.jpg,1516,1516,.jpg,800,800,RGB,256140,93e983ee347e7342d85c9265161592d1dcd0874cd4fc3265fe3be675e452a47c,True,ok,641-1024
train,shiyan/data3/images/train/1517.jpg,1517,1517,.jpg,800,800,RGB,370354,a0dd2e5e1d5373d116276912babd1727cd4ac0abd05a9786dd3f9ea38f372137,True,ok,641-1024
train,shiyan/data3/images/train/1518.jpg,1518,1518,.jpg,800,800,RGB,286222,fa3d7c613a32d5bd3858a0310ee19b63d167ae239d5de5a9358572457dbaee7f,True,ok,641-1024
train,shiyan/data3/images/train/1519.jpg,1519,1519,.jpg,747,747,RGB,46535,c0fb418031ec1400f7b2d710a75b0a616b23f4492f026782c8b7a9efd5e341d0,True,ok,641-1024
train,shiyan/data3/images/train/1520.jpg,1520,1520,.jpg,800,800,RGB,323877,d071e000811aa27d9812944bdcb8c4f192669f262e98150434e3e605e534ca5d,True,ok,641-1024
train,shiyan/data3/images/train/1521.jpg,1521,1521,.jpg,800,800,RGB,240528,cf1ec0826e133f5436dce309e639f6caa96fdd7155be8d95a0db356a3750f5a5,True,ok,641-1024
train,shiyan/data3/images/train/1522.jpg,1522,1522,.jpg,800,800,RGB,240941,895af0d4cbe83c07488a61ac5cf0d382bfddfc665f0d135b699b6d3542a4701d,True,ok,641-1024
train,shiyan/data3/images/train/1523.jpg,1523,1523,.jpg,800,800,RGB,352854,15227cb4f821983d1ac96272a3de6214064a8b07b070612158cce643dec9677c,True,ok,641-1024
train,shiyan/data3/images/train/1524.jpg,1524,1524,.jpg,800,800,RGB,271249,11c863bbfa83b60081f2c6ccba195c98194ae50ff26a931bd0024ea44049a027,True,ok,641-1024
train,shiyan/data3/images/train/1525.jpg,1525,1525,.jpg,800,800,RGB,362816,5c9492a1f856d58a5be56f0a5608b4739b7e2d8119e7b0f1f59e4b9169f19e12,True,ok,641-1024
train,shiyan/data3/images/train/1526.jpg,1526,1526,.jpg,800,800,RGB,210519,1b604a2c51150cfd6ef7e6da03d32ea7cf207a98475df342daac4b15ba9a8974,True,ok,641-1024
train,shiyan/data3/images/train/1527.jpg,1527,1527,.jpg,800,800,RGB,425443,903b5d18e2edc30d8c00274ea16facae560c257f6f4799c9aab98135c3a9f44e,True,ok,641-1024
train,shiyan/data3/images/train/1528.jpg,1528,1528,.jpg,733,733,RGB,80524,00ba2e9f69af44b646e0c8015ffce0f578c98cd5faa79ce1908bc2383b0319e7,True,ok,641-1024
train,shiyan/data3/images/train/1529.jpg,1529,1529,.jpg,800,800,RGB,319631,831fda4f7457134c0350e4cbfd246610f248442f792f97747d58b83d9ab89869,True,ok,641-1024
train,shiyan/data3/images/train/1530.jpg,1530,1530,.jpg,800,800,RGB,397115,2860f97afcde33b6064fb2a997c0f70460465d14e96922e912c3ef6a1aa2adec,True,ok,641-1024
train,shiyan/data3/images/train/1531.jpg,1531,1531,.jpg,800,800,RGB,353116,396b21f068c2598ae0259897b82ca2f40aa5a79ca5c846f7bbce60428548a572,True,ok,641-1024
train,shiyan/data3/images/train/1532.jpg,1532,1532,.jpg,800,800,RGB,429432,de9000e291560554cbc2d449d124b28c5d7f27d6ab3b02c715170a0011671fda,True,ok,641-1024
train,shiyan/data3/images/train/1533.jpg,1533,1533,.jpg,800,800,RGB,420560,c45e53478d97c1b47728a2e146f7fd640ae2d45b0cd87f8b25c8b13633e88982,True,ok,641-1024
train,shiyan/data3/images/train/1534.jpg,1534,1534,.jpg,800,800,RGB,388649,0f43e42dfe527867316b5d43f03b1f235c7fd8841512d1e0e0f6b27475207727,True,ok,641-1024
train,shiyan/data3/images/train/1535.jpg,1535,1535,.jpg,800,800,RGB,393682,7cc8ccf36f2c87a5288cc1a9d26731905af97c859f96bb2660f6037b7c080560,True,ok,641-1024
train,shiyan/data3/images/train/1536.jpg,1536,1536,.jpg,800,800,RGB,236609,1c719973c24327a78878671d1a8d52be9a0ab5abe15e4ae54486a08287e3d213,True,ok,641-1024
train,shiyan/data3/images/train/1537.jpg,1537,1537,.jpg,800,800,RGB,288817,0abb76b67726a414eded63c6835ec22f5d338de49cad7b4b800f8d94f3220e55,True,ok,641-1024
train,shiyan/data3/images/train/1538.jpg,1538,1538,.jpg,761,761,RGB,88200,9f230b8a4a9bf61de6c5a8bba96356c4ad68c3af14e2cc93b98eae70d185df1f,True,ok,641-1024
train,shiyan/data3/images/train/1539.jpg,1539,1539,.jpg,800,800,RGB,427334,68793e27afc417f05a44d203f4fa3e579d30b58c40e549042038316e5a7ffefb,True,ok,641-1024
train,shiyan/data3/images/train/1540.jpg,1540,1540,.jpg,800,800,RGB,317360,9e372e442fc653c9e6107d3770b03dcdfdde22a4e2e75455e3abbaf13326944b,True,ok,641-1024
train,shiyan/data3/images/train/1541.jpg,1541,1541,.jpg,800,800,RGB,364100,a31206087c51a43c74321f687a33dca42f9083866abc9992c44775436edc7956,True,ok,641-1024
train,shiyan/data3/images/train/1542.jpg,1542,1542,.jpg,800,800,RGB,384977,7da381a24f540ed0869c73543efb5a3be2f09c008975282f7817fc65623df9f2,True,ok,641-1024
train,shiyan/data3/images/train/1543.jpg,1543,1543,.jpg,800,800,RGB,427557,a492951fc41c3202e7cc9a06ab833bc633d633c5a09fa0b75d44bac92cac7909,True,ok,641-1024
train,shiyan/data3/images/train/1544.jpg,1544,1544,.jpg,800,800,RGB,404724,a853084782a7248d6cb6cb817c3b9b51f63a910a6ddb2aa2504daaeaf89025e8,True,ok,641-1024
train,shiyan/data3/images/train/1545.jpg,1545,1545,.jpg,800,800,RGB,219129,4f66950e450177ea079fe82c03f872845f6e6ac27a700a7fc0d8d84c69fe4fe0,True,ok,641-1024
train,shiyan/data3/images/train/1546.jpg,1546,1546,.jpg,875,755,RGB,109152,98d9ce932da683f9652aa3e92feaed6aebd94d91a24146e0411a9bc095a30124,True,ok,641-1024
train,shiyan/data3/images/train/1547.jpg,1547,1547,.jpg,760,760,RGB,84742,3bf3a1ead376c1f455eb0d61c5a8f3065c1c1b16bd54d122a790d215a0b4671d,True,ok,641-1024
train,shiyan/data3/images/train/1548.jpg,1548,1548,.jpg,800,800,RGB,252090,f85a2544a0ed7552d3a69ae4eb12927f13f680aaf222efc5749218e29d8f7c3c,True,ok,641-1024
train,shiyan/data3/images/train/1549.jpg,1549,1549,.jpg,800,800,RGB,385054,1ddd43e2619a89f026ad2c69105ecdf0fcb417fb4cc2c347158212a53603e233,True,ok,641-1024
train,shiyan/data3/images/train/1550.jpg,1550,1550,.jpg,800,800,RGB,402524,de8011278fcaba3f982e7e42e893236f338f88a62c0d755345fe4851ac25972d,True,ok,641-1024
train,shiyan/data3/images/train/1551.jpg,1551,1551,.jpg,800,800,RGB,366352,72e3d3c4e294fec4636fc012e86b8eb047525b81e9a8ae9e73e04efffd74002c,True,ok,641-1024
train,shiyan/data3/images/train/1552.jpg,1552,1552,.jpg,800,800,RGB,432806,cf1ebef726cfe75f7ce1fa1bb392a1e770a0f5ea3035b7269fc0aa3355c3c407,True,ok,641-1024
train,shiyan/data3/images/train/1553.jpg,1553,1553,.jpg,800,800,RGB,366546,b9f4a616e9602bf0fa5434ca3768ad0f2f115a98d8ed4758eee255e7553d6d03,True,ok,641-1024
train,shiyan/data3/images/train/1554.jpg,1554,1554,.jpg,735,735,RGB,32702,2625aa0c7211cd2cd0183e1ebd0dacbb813d1960ec856b6a5a90d70cfa26f49b,True,ok,641-1024
train,shiyan/data3/images/train/1555.jpg,1555,1555,.jpg,800,800,RGB,422689,ff6e91671cc6469ad914512525eb86c21285439c0c69fe1a1d639924dfd3cfb6,True,ok,641-1024
train,shiyan/data3/images/train/1556.jpg,1556,1556,.jpg,800,800,RGB,427404,f7a9e3fa35ed4b844b512d0af030c56b04eb880a6186114a312aa5f7432aeed3,True,ok,641-1024
train,shiyan/data3/images/train/1557.jpg,1557,1557,.jpg,800,800,RGB,393965,fba51b08fdfd9c92ed20f1e6f7b475a03002e4d5e7a9f06b2a8abd215359bc37,True,ok,641-1024
train,shiyan/data3/images/train/1558.jpg,1558,1558,.jpg,800,800,RGB,352074,13e4f8ec76f26db6b2b1f40a2a632ea0b1bf1014f681d55ea7eb414a34d4727b,True,ok,641-1024
train,shiyan/data3/images/train/1559.jpg,1559,1559,.jpg,800,800,RGB,267870,ac911d7688c67cc30a77cf2b73485c1a3527a41703f16b616d2fbf34d74d94bb,True,ok,641-1024
train,shiyan/data3/images/train/1560.jpg,1560,1560,.jpg,800,800,RGB,306679,8786fba56a5406c6a50660fb59039dd1a8c9b16ffdc5953d99b8ff33e7fa3c71,True,ok,641-1024
train,shiyan/data3/images/train/1561.jpg,1561,1561,.jpg,800,800,RGB,373654,5c8b0a371a8717dc7d1eba229ee3d66bca436b9cc163ce135e6552e39d6d3768,True,ok,641-1024
train,shiyan/data3/images/train/1562.jpg,1562,1562,.jpg,800,800,RGB,302585,d73a6259c855c09411645d8970ac2c7daa27c291e48fde5567b216c6c8cc7012,True,ok,641-1024
train,shiyan/data3/images/train/1563.jpg,1563,1563,.jpg,800,800,RGB,277997,2e0cfa0537961d0fc9eee8a54cbac48ece2a11cdff6281c9ea253d05c57a3b85,True,ok,641-1024
train,shiyan/data3/images/train/1564.jpg,1564,1564,.jpg,750,750,RGB,83901,2092c0a396ea72bd7f6e8445640d545b8b807e22e2ff3123d601ea70f7dec8c0,True,ok,641-1024
train,shiyan/data3/images/train/1565.jpg,1565,1565,.jpg,800,800,RGB,234858,9ecbfdee117cc347f023b5472463873776037291d9a269fee3f756958b34d20b,True,ok,641-1024
train,shiyan/data3/images/train/1566.jpg,1566,1566,.jpg,800,800,RGB,195860,84479ada2e644d55b0ab3d96c505d2a27b982a3cf6fdfc3861b889cbfd1dc47e,True,ok,641-1024
train,shiyan/data3/images/train/1567.jpg,1567,1567,.jpg,800,800,RGB,337433,e3e2611948db25afa82ed10cd508128f59b805b943bd3d3329770dd805ea1a9b,True,ok,641-1024
train,shiyan/data3/images/train/1568.jpg,1568,1568,.jpg,800,800,RGB,212426,3686817701419c82bd5395034d72045c6dc0f4c0c3bb35dc67edcf9d578bb22e,True,ok,641-1024
train,shiyan/data3/images/train/1569.jpg,1569,1569,.jpg,800,800,RGB,319514,002635addc91d7952592ce925f45cef24c994d34ea0121b7589e76a88eaf562b,True,ok,641-1024
train,shiyan/data3/images/train/1570.jpg,1570,1570,.jpg,800,800,RGB,388838,e2a8f160305e9a8449976e8fd38738b77c94a3ab9f1b8f4f2841327d879760f8,True,ok,641-1024
train,shiyan/data3/images/train/1571.jpg,1571,1571,.jpg,800,800,RGB,413357,539bebbe8ddd7a63e95784d62379300ea001f92f21de2f68198a66b1791252df,True,ok,641-1024
train,shiyan/data3/images/train/1572.jpg,1572,1572,.jpg,800,800,RGB,336764,223f397c5d9d0fd465e362404ca8cc60c04aba708383a16079e487f4bb660d97,True,ok,641-1024
train,shiyan/data3/images/train/1573.jpg,1573,1573,.jpg,800,800,RGB,415370,2637b52b541cef5117a9b4b578afb3370dc0ed9fcca6b7f7b22ba117702d903c,True,ok,641-1024
train,shiyan/data3/images/train/1574.jpg,1574,1574,.jpg,800,800,RGB,272524,245ee9d70c7e3cb53fdec7c3926b984b98d9a53308d1555b1d7cee89a9ce2a1a,True,ok,641-1024
train,shiyan/data3/images/train/1575.jpg,1575,1575,.jpg,800,800,RGB,295914,53642927c68aaa8335c2f736cfd8cb5d7298c0d12f30ce29f71cea2d582fb74a,True,ok,641-1024
train,shiyan/data3/images/train/1576.jpg,1576,1576,.jpg,800,800,RGB,360472,5ba01094d05e0ccca053d355b3e214de133a6d2d3dd0fbd9ad00e9ca126a7898,True,ok,641-1024
train,shiyan/data3/images/train/1577.jpg,1577,1577,.jpg,800,800,RGB,345829,b717e3c41a02eef517b9fa97dcfe82dfabb300fe9bdc9e277cfa2fb10aa9afcd,True,ok,641-1024
train,shiyan/data3/images/train/1578.jpg,1578,1578,.jpg,800,800,RGB,307994,67ffa417ce837eb64a0dd8f93919734518e1a60cda975bf89224428cc1b48ef7,True,ok,641-1024
train,shiyan/data3/images/train/1579.jpg,1579,1579,.jpg,800,800,RGB,298558,dd5000737d10fc80fe4ce8b0253b945877fc21e28d4e9f5fe6fd91eff49444ca,True,ok,641-1024
train,shiyan/data3/images/train/1580.jpg,1580,1580,.jpg,800,800,RGB,430540,e8f3b482f61c568f5bd393499de3ad776dee8cd33cfd62820fb8147a555efafd,True,ok,641-1024
train,shiyan/data3/images/train/1581.jpg,1581,1581,.jpg,800,800,RGB,279435,a9541e374d31780b2c79c11b957d952a5fbb2a65f3c0a3f6d14da543d113288b,True,ok,641-1024
train,shiyan/data3/images/train/1582.jpg,1582,1582,.jpg,738,738,RGB,75519,e17b7c8f97abd775325d035e11f8470576ba13362daadfb2b83de9bf4dbb0b10,True,ok,641-1024
train,shiyan/data3/images/train/1583.jpg,1583,1583,.jpg,800,800,RGB,549490,3472ff20be6521830f94eb44d0aa308d2b77d8ca7877d6bab40aba0dc5e70990,True,ok,641-1024
train,shiyan/data3/images/train/1584.jpg,1584,1584,.jpg,800,800,RGB,251821,0337c1f400be8948c4fae5571a5554f3432e21401c4d677a2db08fc174e30151,True,ok,641-1024
train,shiyan/data3/images/train/1585.jpg,1585,1585,.jpg,800,800,RGB,246662,f68d794601d180a289f5b1da95b82283cda210225493a4ebee97827e9a3e113f,True,ok,641-1024
train,shiyan/data3/images/train/1586.jpg,1586,1586,.jpg,800,800,RGB,345495,15679eca5fb2035c9d7fa4e2a65f50ea4f35fac39afe62979f28fb2755d833ad,True,ok,641-1024
train,shiyan/data3/images/train/1587.jpg,1587,1587,.jpg,800,800,RGB,316429,c111f9c3469d827163d3e65322fa42725c1488e26110048c983dea6e59735ddc,True,ok,641-1024
train,shiyan/data3/images/train/1588.jpg,1588,1588,.jpg,800,800,RGB,424951,67f902acae12229faea53b969c9ccafe737465b17d348750bd17aeea94b89328,True,ok,641-1024
train,shiyan/data3/images/train/1589.jpg,1589,1589,.jpg,800,800,RGB,232964,23930a719dc2d9b23de7d3906ce4f1a743480e9971b55c753ba29b1b71219d26,True,ok,641-1024
train,shiyan/data3/images/train/1590.jpg,1590,1590,.jpg,800,800,RGB,285187,d83e26b516297977fa0ede72c3dabf4520cb207d91c48118eff4ab19cba18230,True,ok,641-1024
train,shiyan/data3/images/train/1591.jpg,1591,1591,.jpg,800,800,RGB,247413,4de8df2cd5c62c667216ca33f5f6161bfffffdd76a4c726f7bcdb132faef82b6,True,ok,641-1024
train,shiyan/data3/images/train/1592.jpg,1592,1592,.jpg,800,800,RGB,242400,8cdb8f0b81214f6f3389ebd12cd3e9075135a83d927269ef6e5767b3097f1e01,True,ok,641-1024
train,shiyan/data3/images/train/1593.jpg,1593,1593,.jpg,800,800,RGB,401695,4a53e61a2fa1cc3bf74eac0fca73aff0292ecb6c02bb5c522a34bece9ae5ada1,True,ok,641-1024
train,shiyan/data3/images/train/1594.jpg,1594,1594,.jpg,800,800,RGB,332232,2837f828eec9efac0a8bf0b93a8a4d85cf2ece3cab37afcf16adedc8349567c2,True,ok,641-1024
train,shiyan/data3/images/train/1595.jpg,1595,1595,.jpg,800,800,RGB,301442,415be97651749bdef0e330a6944326f0f59bc11586f57d1ff4b0c15050c368d6,True,ok,641-1024
train,shiyan/data3/images/train/1596.jpg,1596,1596,.jpg,800,800,RGB,244695,7e5e7c1e8be50ac9df941bade82486236216580eb7ccf39aade4a1fed0bd4cb6,True,ok,641-1024
train,shiyan/data3/images/train/1597.jpg,1597,1597,.jpg,800,800,RGB,448873,ca74eba5662cb6fd93554b22c844e6786e61ede996117f24bde2602e71d8d93b,True,ok,641-1024
train,shiyan/data3/images/train/1598.jpg,1598,1598,.jpg,800,800,RGB,334552,af0dde690728bb50194dca7cbd35d330722cfafaad07c6e7bb4d7f42ddb1cdfe,True,ok,641-1024
train,shiyan/data3/images/train/1599.jpg,1599,1599,.jpg,739,739,RGB,258555,0bc3c2d205554f774ca45330a2943d12a941b1d339ed055950721844b3ad3c17,True,ok,641-1024
train,shiyan/data3/images/train/1600.jpg,1600,1600,.jpg,800,800,RGB,411824,f1b314495cd585a9d6e90ac85bb2b7bc097dac827943e3d06677584d705f4a1a,True,ok,641-1024
train,shiyan/data3/images/train/1601.jpg,1601,1601,.jpg,800,800,RGB,349292,7ee4e5bc3b1e862549c05dccc2e32bb6fca8c93e328ca098a15b57cf56099e9b,True,ok,641-1024
train,shiyan/data3/images/train/1602.jpg,1602,1602,.jpg,800,800,RGB,327178,eae0dff71afcf2f02bcf514409316fded2377f28f671455413d38ebfdaf89d54,True,ok,641-1024
train,shiyan/data3/images/train/1603.jpg,1603,1603,.jpg,800,800,RGB,441900,2530446e50a8a8c1d3d0a1b6e838bcc8998094745aa3a9dbcea77218aa9eed1a,True,ok,641-1024
train,shiyan/data3/images/train/1604.jpg,1604,1604,.jpg,800,800,RGB,345624,bd591587b0992ae205dd4e1308bc43b5f39a8b7236d0a421cf31afa7e9ffd14e,True,ok,641-1024
train,shiyan/data3/images/train/1605.jpg,1605,1605,.jpg,800,800,RGB,419585,36f409404b021f40f72b38b45d50441dace6ce0dfd3b380b9e0ffd55c4ffb67e,True,ok,641-1024
train,shiyan/data3/images/train/1606.jpg,1606,1606,.jpg,800,800,RGB,375446,39d3bee9f0292420c3bf81c7fa2dd4e2ec99ce7fd67ffa59bbf9825c1969d856,True,ok,641-1024
train,shiyan/data3/images/train/1607.jpg,1607,1607,.jpg,800,800,RGB,426558,1656da0950267dd322af1ce56fa15c9178bf06ce2c84ba075142554844a50d2d,True,ok,641-1024
train,shiyan/data3/images/train/1608.jpg,1608,1608,.jpg,800,800,RGB,237126,2b165867d22d0e7741af55949cead40f9b873c853895e9abdff260cb7f844784,True,ok,641-1024
train,shiyan/data3/images/train/1609.jpg,1609,1609,.jpg,753,753,RGB,190745,a4c1e6314d9cc4af04bb3fd35e1b20fed48c315294177d52a4e68a6cae91c850,True,ok,641-1024
train,shiyan/data3/images/train/1610.jpg,1610,1610,.jpg,800,800,RGB,407346,5c9e4d641cfbd7eb4f454b0bdd6af80e809283e9da18ea332ae9a0787ffeee73,True,ok,641-1024
train,shiyan/data3/images/train/1611.jpg,1611,1611,.jpg,800,800,RGB,275495,e9bed70fec36ba503c6bd443aa6619c29833a806e9d3e96765b32dd22c4dcd53,True,ok,641-1024
train,shiyan/data3/images/train/1612.jpg,1612,1612,.jpg,800,800,RGB,368427,bcd71806888964db8c48935ea5d59c3046b4ac95bc5ef73016c6f95f1a9e5c66,True,ok,641-1024
train,shiyan/data3/images/train/1613.jpg,1613,1613,.jpg,800,800,RGB,310618,6431f45dd1f8598ba8b420bbb1765c92e35ffd081f33afe0fc217333453d93a7,True,ok,641-1024
train,shiyan/data3/images/train/1614.jpg,1614,1614,.jpg,800,800,RGB,404640,97a5dc28df3cfcecbe4d551dadfcfb733cc6bdb14ac6b0798258d0525907158d,True,ok,641-1024
train,shiyan/data3/images/train/1615.jpg,1615,1615,.jpg,800,800,RGB,419866,26e542e092059317ad3dc67f128998d0d6c71520ccd4f94bc7399598f7051428,True,ok,641-1024
train,shiyan/data3/images/train/1616.jpg,1616,1616,.jpg,735,735,RGB,98659,b861ca9378fb6969857c16a1f140ae4eeae9aa1620278e1fd9e63fcd51fdd430,True,ok,641-1024
train,shiyan/data3/images/train/1617.jpg,1617,1617,.jpg,800,800,RGB,361331,2d399226ffc00f77e43ced71c609207c47515e85bcde55ee24e06cfe11e35123,True,ok,641-1024
train,shiyan/data3/images/train/1618.jpg,1618,1618,.jpg,800,800,RGB,383031,7eadfc07cf084b6f37920a04efd0a5eb88469c35edec40301ad5b4f44dfae834,True,ok,641-1024
train,shiyan/data3/images/train/1619.jpg,1619,1619,.jpg,800,800,RGB,237313,1eba5bc096227c37a62fd333c0c1a117827bf2b5d7ca4ad9754175885dc98e7c,True,ok,641-1024
train,shiyan/data3/images/train/1620.jpg,1620,1620,.jpg,800,800,RGB,311533,e393f62208d372583c550b29e05553803dcafa2ccb9ec6212860b400b58c7712,True,ok,641-1024
train,shiyan/data3/images/train/1621.jpg,1621,1621,.jpg,800,800,RGB,334052,70676d85db1caf02c63269735fa6b3e36e2c5f1dae6f8bc8a620689aeb599535,True,ok,641-1024
train,shiyan/data3/images/train/1622.jpg,1622,1622,.jpg,800,800,RGB,351342,101411582df4f0d8a862414db87b7d9125f6a52ff0654716a9e9ac9dca7c3959,True,ok,641-1024
train,shiyan/data3/images/train/1623.jpg,1623,1623,.jpg,800,800,RGB,271864,8990c546902f87d6eb7d0943c6cbfe2fc6cf3da7d5a0231bb818ce0a1721d6d3,True,ok,641-1024
train,shiyan/data3/images/train/1624.jpg,1624,1624,.jpg,800,800,RGB,327658,5185b1f84e0ab3c33b0f5480f448fe8a1df21f612e9a69bc20be2d6dcc8b554c,True,ok,641-1024
train,shiyan/data3/images/train/1625.jpg,1625,1625,.jpg,800,800,RGB,403998,6769053a593c4b8433a6023523c4aa0a910cce376f36b6635e47bbd5d885b00a,True,ok,641-1024
train,shiyan/data3/images/train/1626.jpg,1626,1626,.jpg,800,800,RGB,430236,f8ad0c23f4f1d1e3ec97f93b9864166fdd7a65273c48c06e073f039baab07b8f,True,ok,641-1024
train,shiyan/data3/images/train/1627.jpg,1627,1627,.jpg,800,800,RGB,358442,802d6be9eafa6e31e8594dc9983d4880ea7560fe42e085cd803c13f519341787,True,ok,641-1024
train,shiyan/data3/images/train/1628.jpg,1628,1628,.jpg,800,800,RGB,314048,2501347429ddaf8fc13c9d5db79d33dd9bf45e6532ca3ae48fbbc66b6d115668,True,ok,641-1024
train,shiyan/data3/images/train/1629.jpg,1629,1629,.jpg,800,800,RGB,367154,480a8fc0dc03b85f89073c72cf681969f4c1e8a3012962b118dd0b9e92aee8b0,True,ok,641-1024
train,shiyan/data3/images/train/1630.jpg,1630,1630,.jpg,800,800,RGB,462155,06866638003582f505ec5cb9e4fb963b4604bfa000723f6ac648a3ae3c598ea6,True,ok,641-1024
train,shiyan/data3/images/train/1631.jpg,1631,1631,.jpg,735,735,RGB,83659,65465162b9ec0978179c8c5d3a7c06545f45a4147140b0fd4d581bf9d45aba5d,True,ok,641-1024
train,shiyan/data3/images/train/1632.jpg,1632,1632,.jpg,800,800,RGB,350820,4986d3046ce2a3509e4acf34371a9f059f1699fcd1a87364fba91fa800c573e9,True,ok,641-1024
train,shiyan/data3/images/train/1633.jpg,1633,1633,.jpg,800,800,RGB,386677,82ce0bb051ee743d2927b532adb0c3ca31de8d3b6756f79e06d4e8fabb9dd5c4,True,ok,641-1024
train,shiyan/data3/images/train/1634.jpg,1634,1634,.jpg,800,800,RGB,363050,e61c69b9e5cb764827b5741aa021b9d9b4a130456dd74e726ee2674edf176fd7,True,ok,641-1024
train,shiyan/data3/images/train/1635.jpg,1635,1635,.jpg,800,800,RGB,251667,e2f4d53bbab34e968e24ceab17466d5258f262eb81ad3730f81652408810603a,True,ok,641-1024
train,shiyan/data3/images/train/1636.jpg,1636,1636,.jpg,800,800,RGB,338462,2da74fffb1e8b7e23454ad1eceece183a15ec88a833b759cb452f5a60486f4f3,True,ok,641-1024
train,shiyan/data3/images/train/1637.jpg,1637,1637,.jpg,800,800,RGB,451077,329ef5a045fd4afbe30e53d82b17353e224d087b4e833bd1875aabe8ff6035af,True,ok,641-1024
train,shiyan/data3/images/train/1638.jpg,1638,1638,.jpg,800,800,RGB,269447,60445aad57259b749ce5d387d2208a95d124c8cdb99352e2e0d05a2a43f24d40,True,ok,641-1024
train,shiyan/data3/images/train/1639.jpg,1639,1639,.jpg,800,800,RGB,441062,6b74fd53127fef07514733c6c52afe2ffc98ebeff4c64794b1972f75fa6112ba,True,ok,641-1024
train,shiyan/data3/images/train/1640.jpg,1640,1640,.jpg,800,800,RGB,447194,9bb6cc8f093ac4f5681708cce0108cbb185b0156812dd7b84dbfd14fa7d7033f,True,ok,641-1024
train,shiyan/data3/images/train/1641.jpg,1641,1641,.jpg,800,800,RGB,399292,73b400e99f269eedefc88299cc15b91909e692782eb86f94bd7c7971dfe8af7e,True,ok,641-1024
train,shiyan/data3/images/train/1642.jpg,1642,1642,.jpg,800,800,RGB,294268,04d8b8c8183ca04930f0f87e489be34af96276bff0006bffb722570b8a98d2ba,True,ok,641-1024
train,shiyan/data3/images/train/1643.jpg,1643,1643,.jpg,800,800,RGB,324494,2beaf4fa570b9693bda3d469bbf965c387945ab057806c136afe2182eac10559,True,ok,641-1024
train,shiyan/data3/images/train/1644.jpg,1644,1644,.jpg,800,800,RGB,254677,b33cb3ca75cb11b20725c84430b0eb1a36146998d0afe0a351fd1d363351960e,True,ok,641-1024
train,shiyan/data3/images/train/1645.jpg,1645,1645,.jpg,800,800,RGB,266580,1b25805ec93780e7e5b1f311ceb55b6f00561eddd39c404e5bc14ddb57f4220a,True,ok,641-1024
train,shiyan/data3/images/train/1646.jpg,1646,1646,.jpg,800,800,RGB,409541,398b2235ea37cf047b6291b89cf9715ddb61e2ffa96c2b9d84973528e39fefb8,True,ok,641-1024
train,shiyan/data3/images/train/1647.jpg,1647,1647,.jpg,795,795,RGB,63887,0bf021bb2cee13261fd19072fc5b7d07cf8dbf43475b096017b01980bb49706e,True,ok,641-1024
train,shiyan/data3/images/train/1648.jpg,1648,1648,.jpg,800,800,RGB,325505,45eac0d779fbafce729e53fa66fb448caf39778b199a42fedc72f7814fc1b609,True,ok,641-1024
train,shiyan/data3/images/train/1649.jpg,1649,1649,.jpg,800,800,RGB,334084,3a3f3e24d9c08872d4bb1715d023789c887dc5e35a231fa82002899fc9cad45c,True,ok,641-1024
train,shiyan/data3/images/train/1650.jpg,1650,1650,.jpg,800,800,RGB,279920,f3fd7416eafacb75ec91a38488bb95abdcf20e3e7d5c15f905d170efa153a8bc,True,ok,641-1024
train,shiyan/data3/images/train/1651.jpg,1651,1651,.jpg,800,800,RGB,297396,cc329c7f81b9d569711fb035cc8ba97ed0a84828c9044d6c2e3715696b49111b,True,ok,641-1024
train,shiyan/data3/images/train/1652.jpg,1652,1652,.jpg,800,800,RGB,193935,06e315298d8184815980e725c2210dbd414c92aefba2bce541e630d5513c528e,True,ok,641-1024
train,shiyan/data3/images/train/1653.jpg,1653,1653,.jpg,800,800,RGB,305042,6789bb75a256ac05b278540083b69b95c0ea64ee1d58237d33c403f1465f4908,True,ok,641-1024
train,shiyan/data3/images/train/1654.jpg,1654,1654,.jpg,800,800,RGB,266081,30c5c195c2790922e6f7515006961861d4d2e6b9c784783f34dc027f4e22677b,True,ok,641-1024
train,shiyan/data3/images/train/1655.jpg,1655,1655,.jpg,800,800,RGB,336729,f5f60c2a49e80e044ffbd4183d339f6b8d52d73d6d1840cfa3806c7f66b7f2fb,True,ok,641-1024
train,shiyan/data3/images/train/1656.jpg,1656,1656,.jpg,800,800,RGB,377924,abaeba84a18a840851176ff7b32871e3347e26dbe86c3f59851a4524083ce873,True,ok,641-1024
train,shiyan/data3/images/train/1657.jpg,1657,1657,.jpg,800,800,RGB,376315,a35f790606952e2d06712b4a3ca5318695c64343811084102ab01557c2cc2119,True,ok,641-1024
train,shiyan/data3/images/train/1658.jpg,1658,1658,.jpg,800,800,RGB,310933,199123b95f1b9bf6e207654a0f8bb9393ab1a7b83871ea3bf4f648234b8349ae,True,ok,641-1024
train,shiyan/data3/images/train/1659.jpg,1659,1659,.jpg,800,800,RGB,379005,80b483fd62205bb5ff3d33eb7558e15ceeaf7bb4e1309419a524339fbd3a749c,True,ok,641-1024
train,shiyan/data3/images/train/1660.jpg,1660,1660,.jpg,800,800,RGB,424330,369c7bee1a643fd192252bb4ea7ad21e6cc6216bfb4c74dc935b49eb1dd02d7e,True,ok,641-1024
train,shiyan/data3/images/train/1661.jpg,1661,1661,.jpg,800,800,RGB,292115,61ca7677fb641986da584d237d7b0983419678481fb3491b487336eda7449d71,True,ok,641-1024
train,shiyan/data3/images/train/1662.jpg,1662,1662,.jpg,800,800,RGB,347188,8e54956522eb9fe34f0b78d17ebc8c8fc904336980257158db7b6f25a4af4d89,True,ok,641-1024
train,shiyan/data3/images/train/1663.jpg,1663,1663,.jpg,800,800,RGB,282405,6141012998173d97bc956802d1e3be1d5a5f2219fc62c24e0b3dabf36bff8955,True,ok,641-1024
train,shiyan/data3/images/train/1664.jpg,1664,1664,.jpg,800,800,RGB,225697,0586ea2b0948ba7f2af1dc80f0f7ffca4ae7ab96d9fc9e86b36c12b74572997e,True,ok,641-1024
train,shiyan/data3/images/train/1665.jpg,1665,1665,.jpg,745,745,RGB,44764,baf284f576d226f2bb7dc56e1be1b7a58bbf53d0055564bd32e1f8c44da91799,True,ok,641-1024
train,shiyan/data3/images/train/1666.jpg,1666,1666,.jpg,800,800,RGB,290570,a853c5b84ae30e4be844248e2ca171edf2d6faadaf041900a508c553785bfde2,True,ok,641-1024
train,shiyan/data3/images/train/1667.jpg,1667,1667,.jpg,800,800,RGB,243654,87ba9e5bea5336f671ef9603b322547074ab8e8944a4a1705eb03a2b4b1751e7,True,ok,641-1024
train,shiyan/data3/images/train/1668.jpg,1668,1668,.jpg,800,800,RGB,275558,f0defe33b4ddc89b35823dcee983e80f1ce5844f278adc81e074df449e93649d,True,ok,641-1024
train,shiyan/data3/images/train/1669.jpg,1669,1669,.jpg,800,800,RGB,269154,be80a39092ac903a98bd94b69807901da59c3e7966db9bba71d28450eba72942,True,ok,641-1024
train,shiyan/data3/images/train/1670.jpg,1670,1670,.jpg,800,800,RGB,344226,52005befe027067135037988af1f039f4335147f5943b48dcd0afeef6b314b16,True,ok,641-1024
train,shiyan/data3/images/train/1671.jpg,1671,1671,.jpg,800,800,RGB,271746,6e63a5be883608e68f64193bc2ce4e07c57d9d600be60c0d1909d8f0aa8124ff,True,ok,641-1024
train,shiyan/data3/images/train/1672.jpg,1672,1672,.jpg,800,800,RGB,244458,88a2579b2337bcd647824546cdf454163a9bcbc116b15e1ccfb962634a6640e6,True,ok,641-1024
train,shiyan/data3/images/train/1673.jpg,1673,1673,.jpg,800,800,RGB,386151,95ee844e723f7e373a4985b993e0094220773708c4ef3a4c0df9736d7214d5ba,True,ok,641-1024
train,shiyan/data3/images/train/1674.jpg,1674,1674,.jpg,750,750,RGB,54331,95aaaf606dab7f042ba3a61a63ae65679b0d20de223fc381ef0143efff9087b1,True,ok,641-1024
train,shiyan/data3/images/train/1675.jpg,1675,1675,.jpg,800,800,RGB,431138,1c48665608cae5b82ed54bdc44ef1c108e52860103b15b04cc869f5e5e9a1226,True,ok,641-1024
train,shiyan/data3/images/train/1676.jpg,1676,1676,.jpg,800,800,RGB,232032,e63a85c551fe53a2134106e044d722151f5e203fe55114971c0ffd9af3261f30,True,ok,641-1024
train,shiyan/data3/images/train/1677.jpg,1677,1677,.jpg,800,800,RGB,309133,0e0226fbbcbe93b9438bfae6ddb0bab5d7e63adb05dc2ae8bf0f95cab513e4b9,True,ok,641-1024
train,shiyan/data3/images/train/1678.jpg,1678,1678,.jpg,800,800,RGB,337222,6e89869f66eff793544c3cb886172fd73261a7ae69e6fe16487747135209c9c0,True,ok,641-1024
train,shiyan/data3/images/train/1679.jpg,1679,1679,.jpg,800,800,RGB,382486,fc5e38235d5e7b6b2d07b71bc3e6e5fea73826c94287f9d041ded3ff026d024b,True,ok,641-1024
train,shiyan/data3/images/train/1680.jpg,1680,1680,.jpg,800,800,RGB,226539,aeab5bc9358775d48025de7950f350b2f07c373239a62c6c027e9f66777396ee,True,ok,641-1024
train,shiyan/data3/images/train/1681.jpg,1681,1681,.jpg,800,800,RGB,465675,b4f2e41c923b8681e27b2b42798776f4eba9ca61ccac4e0d9e084ced56dde0b8,True,ok,641-1024
train,shiyan/data3/images/train/1682.jpg,1682,1682,.jpg,800,800,RGB,418977,af2a0b50500f6391eb36e24fe543d2149b308583c9ed25285f4e14eef41fecf1,True,ok,641-1024
train,shiyan/data3/images/train/1683.jpg,1683,1683,.jpg,800,800,RGB,318017,b5e4836521420b790e666aec1b47075332182de09707a755534fc3b750f1f66d,True,ok,641-1024
train,shiyan/data3/images/train/1684.jpg,1684,1684,.jpg,800,800,RGB,381426,72bfde362a499d7b61034effa0037364f1f46247d97731421541c438dbbb85da,True,ok,641-1024
train,shiyan/data3/images/train/1685.jpg,1685,1685,.jpg,800,800,RGB,381858,57e865d3ec63c146ca9e0fbae143d130181dca523280d28499b6ad31a7f6e807,True,ok,641-1024
train,shiyan/data3/images/train/1686.jpg,1686,1686,.jpg,800,800,RGB,368312,64e435d966ec8b2e9149ae53242633455af4c7f6858c2617da41eb557e2d4b95,True,ok,641-1024
train,shiyan/data3/images/train/1687.jpg,1687,1687,.jpg,800,800,RGB,427941,248f4450a93111e00083948be003a89bbd5faeaebf39c80262c1f955fae2c67a,True,ok,641-1024
train,shiyan/data3/images/train/1688.jpg,1688,1688,.jpg,800,800,RGB,171623,3f123e52d5f6ccb4b3c91fc060f10cbb0248c6f3e2fc4b9f03a8a4c8c6db30d2,True,ok,641-1024
train,shiyan/data3/images/train/1689.jpg,1689,1689,.jpg,800,800,RGB,366530,82f528f5da2ea2e22a26a21b7dc9a3731563e20815b4f8c3a8d53020cbe4f38b,True,ok,641-1024
train,shiyan/data3/images/train/1690.jpg,1690,1690,.jpg,800,800,RGB,319994,9521290ac6aa4fd133a4212211f602dda99ea7064adf97927dea5cd1ca07da91,True,ok,641-1024
train,shiyan/data3/images/train/1691.jpg,1691,1691,.jpg,800,800,RGB,358511,d6a66600980aa979cd25acc9ed103dafe4ac63b7f00d4135fd96de70043b2176,True,ok,641-1024
train,shiyan/data3/images/train/1692.jpg,1692,1692,.jpg,800,800,RGB,391732,fc84e449c21eebc6124d9569a8964dc23f0726b9ebb610113909cd98aa18bb34,True,ok,641-1024
train,shiyan/data3/images/train/1693.jpg,1693,1693,.jpg,800,800,RGB,311187,520f5e3b3d7c21c1ab617d3de98b00377b27c4b14d9ef7609d5322aa32a554dc,True,ok,641-1024
train,shiyan/data3/images/train/1694.jpg,1694,1694,.jpg,763,763,RGB,67512,334c871ab81e91418d8f062f7c04c6e1bfea3301bd3b0dcf31ba481d2cf83b60,True,ok,641-1024
train,shiyan/data3/images/train/1695.jpg,1695,1695,.jpg,800,800,RGB,419813,858e30d545c97c90c30d7ab2f7bac0b0126e98196f8bf621a396d544af3a046c,True,ok,641-1024
train,shiyan/data3/images/train/1696.jpg,1696,1696,.jpg,800,800,RGB,389076,cf6b72f0ac2c844b46d3aecbe66d7b2d0c58b87d98ed6120e1c3cb85bcd9d5d9,True,ok,641-1024
train,shiyan/data3/images/train/1697.jpg,1697,1697,.jpg,800,800,RGB,347117,f5e6fe4ecc4bf8db814ada93469d987640788d3b28451eb3f0ddf94126f7144f,True,ok,641-1024
train,shiyan/data3/images/train/1698.jpg,1698,1698,.jpg,800,800,RGB,284441,256cb437048f343609263304616c7488c09233d374c9ee20f84397fe64bc2acf,True,ok,641-1024
train,shiyan/data3/images/train/1699.jpg,1699,1699,.jpg,800,800,RGB,308874,70c25eaa07396cf48a6ab6340f2cbc577c54722a4a96173ca8b3458b01c1fae8,True,ok,641-1024
train,shiyan/data3/images/train/1700.jpg,1700,1700,.jpg,800,800,RGB,336565,c0ccd51027af5ed255a2f8eab4ba47137f89f6821e4501f6d40fd0b27e38db97,True,ok,641-1024
train,shiyan/data3/images/train/1701.jpg,1701,1701,.jpg,800,800,RGB,381653,f3b07d9a928bf4252d7c483a7e3b67c9c8044acfa59515ee23d94e5edc015044,True,ok,641-1024
train,shiyan/data3/images/train/1702.jpg,1702,1702,.jpg,800,800,RGB,310627,6ab6c3f0acee4212dd850271bebd61de5a7e2b985ae6aca23b63d151cf326f1e,True,ok,641-1024
train,shiyan/data3/images/train/1703.jpg,1703,1703,.jpg,800,800,RGB,289526,7d7fe709136103fab9f7a93bf5f09493b1bceb34b061cbd1594c4d3b0b1278e5,True,ok,641-1024
train,shiyan/data3/images/train/1704.jpg,1704,1704,.jpg,800,800,RGB,402095,a97e551686f038c1ce95d8cfb2d4fde765923c95986283329072e604e2b55676,True,ok,641-1024
train,shiyan/data3/images/train/1705.jpg,1705,1705,.jpg,800,800,RGB,239905,151a10404efa393d914f674426e95f4af1514b9a3519b090a8cb3d287b9bc86b,True,ok,641-1024
train,shiyan/data3/images/train/1706.jpg,1706,1706,.jpg,800,800,RGB,360704,e0193f4eb5e8335b60dd6f821a5492a36700c173a8a79b28c2c6684709429089,True,ok,641-1024
train,shiyan/data3/images/train/1707.jpg,1707,1707,.jpg,800,800,RGB,453885,88be84462ac6c56fdef3f762b2f6e132a758088d6ec4684f448a1b0ceccec3a6,True,ok,641-1024
train,shiyan/data3/images/train/1708.jpg,1708,1708,.jpg,800,800,RGB,351271,65ac0710baca0a532760c0a396b9a76488d2db25712e43ee6e374cba48ff626f,True,ok,641-1024
train,shiyan/data3/images/train/1709.jpg,1709,1709,.jpg,800,800,RGB,336916,711cc06bb736f694b6fba429fbae6eac47794e5c0963dae2968481ed09151d42,True,ok,641-1024
train,shiyan/data3/images/train/1710.jpg,1710,1710,.jpg,800,800,RGB,401807,a6a98f995dfce6ec896494d361cf26f452e1f1ac7f3d0c652b996723b2f3a5e2,True,ok,641-1024
train,shiyan/data3/images/train/1711.jpg,1711,1711,.jpg,800,800,RGB,288176,17642d14a0c0a250552eb0e9ebf10b0cf1b1432fac2c087e02cda84c40593adb,True,ok,641-1024
train,shiyan/data3/images/train/1712.jpg,1712,1712,.jpg,800,800,RGB,281567,ae163355bb64cb393becbddc2235529c13295ffba3fb12e26a29f62640979474,True,ok,641-1024
train,shiyan/data3/images/train/1713.jpg,1713,1713,.jpg,800,800,RGB,402701,4891264d141bab1167c9ae5fa6160e5a905cf1ec3057c07ebdd58e2443f8fd0d,True,ok,641-1024
train,shiyan/data3/images/train/1714.jpg,1714,1714,.jpg,800,800,RGB,403238,24ce488120cb34ce52e5b41593bc7f659ed32c1a57b6c06c2999fd93a0822776,True,ok,641-1024
train,shiyan/data3/images/train/1715.jpg,1715,1715,.jpg,800,800,RGB,502476,aea70b244f073a18d5ca8dea54c792c12852966287a1ae351a093d60c82dcf8e,True,ok,641-1024
train,shiyan/data3/images/train/1716.jpg,1716,1716,.jpg,800,800,RGB,101554,76595341566b84c80c7eb501252e3069f58c63917314a31ea57bae9e3e75adc5,True,ok,641-1024
train,shiyan/data3/images/train/1717.jpg,1717,1717,.jpg,800,800,RGB,340823,27c1dd93cd475e48c93d40a02f946bb0873e62fd0f5926636d67334cb81038bf,True,ok,641-1024
train,shiyan/data3/images/train/1718.jpg,1718,1718,.jpg,800,800,RGB,252170,449b5fb7ce946cde533fca1d172e5c6f20f910f5247b851af8934ab45bc0bce8,True,ok,641-1024
train,shiyan/data3/images/train/1719.jpg,1719,1719,.jpg,800,800,RGB,315435,7e1d012f5d48e59964f5a1ae63fbb416af504c987a3e152f2219b74f792140b6,True,ok,641-1024
train,shiyan/data3/images/train/1720.jpg,1720,1720,.jpg,800,800,RGB,305796,b8e79b56b33ecc63c4ecaf43997e2f23538d961702d3c219360c4fb5bf7a1f91,True,ok,641-1024
train,shiyan/data3/images/train/1721.jpg,1721,1721,.jpg,845,897,RGB,94661,4fcfb442010bde1c12d5f2c2a4f401ed885192ef56acee2d641113dfc2b9c02c,True,ok,641-1024
train,shiyan/data3/images/train/1722.jpg,1722,1722,.jpg,796,796,RGB,60337,a674ec5746a36f92ae45b45d424c58b28311fb6da70089639b10a1d11f5965fd,True,ok,641-1024
train,shiyan/data3/images/train/1723.jpg,1723,1723,.jpg,800,800,RGB,231866,990c80bf0d6f617e0d19a2cf8afc488d88d915452ae856f663e5c092bea6e448,True,ok,641-1024
train,shiyan/data3/images/train/1724.jpg,1724,1724,.jpg,800,800,RGB,310764,eb1e0fb62d6ab5e69057a0427934068e276fdb853622a151698aaee1713c91ab,True,ok,641-1024
train,shiyan/data3/images/train/1725.jpg,1725,1725,.jpg,800,800,RGB,374294,cae69f932f2f591ff91446bea85f91abc40e8f083708fee5b4815069fbfe0b4c,True,ok,641-1024
train,shiyan/data3/images/train/1726.jpg,1726,1726,.jpg,800,800,RGB,311274,96b8644a88547d88257d720d524d031b3769f35a7a1b647df3869cfc9a448e21,True,ok,641-1024
train,shiyan/data3/images/train/1727.jpg,1727,1727,.jpg,800,800,RGB,194147,69399b5cd37b2117a529bacf284c294019c3826000c57e7be780c30ea3677f5f,True,ok,641-1024
train,shiyan/data3/images/train/1728.jpg,1728,1728,.jpg,800,800,RGB,215178,94ef772c3945e0cc3ccad1ea11bd517edfa74ab3b08d4eb9d16f3a8ee4c3e01a,True,ok,641-1024
train,shiyan/data3/images/train/1729.jpg,1729,1729,.jpg,800,800,RGB,97492,762230571431438c03d5db805310a42558feddf7bae9b9f9586024a71a63c6b6,True,ok,641-1024
train,shiyan/data3/images/train/1730.jpg,1730,1730,.jpg,800,800,RGB,269772,8b1c1dd401fcded0e6441f773df20e721cabe9a1ef48df42252f9fcb6bbca1dc,True,ok,641-1024
train,shiyan/data3/images/train/1731.jpg,1731,1731,.jpg,790,790,RGB,55634,9d93eb29f18650c01f2c8be8bd7f990583ed057d816589c4f2e8e939455f6afb,True,ok,641-1024
train,shiyan/data3/images/train/1732.jpg,1732,1732,.jpg,800,800,RGB,448893,93292170ba822c747578067db26a9dabab1bdbb01125f57c48a20ab03c137b7c,True,ok,641-1024
train,shiyan/data3/images/train/1733.jpg,1733,1733,.jpg,800,800,RGB,387918,8260379006c8fc542254bd7177460ab18f01a50ddf18661e178f3f4b713c4938,True,ok,641-1024
train,shiyan/data3/images/train/1734.jpg,1734,1734,.jpg,800,800,RGB,322988,5bb8e8ddf95035ce9509721503e74614005f484c64f2f4ab2a93f52a477a02f3,True,ok,641-1024
train,shiyan/data3/images/train/1735.jpg,1735,1735,.jpg,800,800,RGB,356668,2342ade9703a7ba3bf16dfe4ddf0e47f479341971f8644fcd1b4d46d6138da9e,True,ok,641-1024
train,shiyan/data3/images/train/1736.jpg,1736,1736,.jpg,800,800,RGB,197808,484b3447368d0feaaaa32b1852648cbe0865799e2ff050073d08549a71cacf95,True,ok,641-1024
train,shiyan/data3/images/train/1737.jpg,1737,1737,.jpg,800,800,RGB,373607,818f6f5cc21d2c8da64b4db2875c96c5c2cc808f53da89922cf722773889ca12,True,ok,641-1024
train,shiyan/data3/images/train/1738.jpg,1738,1738,.jpg,800,800,RGB,293174,e4bc6c72d761c3083f7faf2dbae04900fe5cfdc2178701e4592ffe9d2fc137bb,True,ok,641-1024
train,shiyan/data3/images/train/1739.jpg,1739,1739,.jpg,800,800,RGB,332826,75fc4a8136e025ee9646c1e71cab194220140d2a910d634d1c3701d7117eccae,True,ok,641-1024
train,shiyan/data3/images/train/1740.jpg,1740,1740,.jpg,800,800,RGB,300698,7088d3d0eb7a193d1517a8082f0cd8faedba8e17e1e7ad577f490eb5750727b1,True,ok,641-1024
train,shiyan/data3/images/train/1741.jpg,1741,1741,.jpg,745,745,RGB,40761,7132e0cab624905a5e706a4166967b500039f48877d99f31de3173b59bdc97ff,True,ok,641-1024
train,shiyan/data3/images/train/1742.jpg,1742,1742,.jpg,800,800,RGB,214641,447d673c056fc159e5c15bf7e175700adceb2b9a6703f23d4f445fe42fab8409,True,ok,641-1024
train,shiyan/data3/images/train/1743.jpg,1743,1743,.jpg,800,800,RGB,577669,d26e7cb4d5856042f179490c9152ab0b12122ead68f2a531f6af82903384e343,True,ok,641-1024
train,shiyan/data3/images/train/1744.jpg,1744,1744,.jpg,800,800,RGB,227057,e9fbb4758656c544db4a339612b2ea88df5c723e6d7c8b35f1d1eb61c3fa7912,True,ok,641-1024
train,shiyan/data3/images/train/1745.jpg,1745,1745,.jpg,800,800,RGB,427330,b9e9d4b3b746bb8a555ce3d9376af5d15819bf68805cbdc9e52e8f90a32142ef,True,ok,641-1024
train,shiyan/data3/images/train/1746.jpg,1746,1746,.jpg,800,800,RGB,290568,2e527f6e8585a0dc2632850f8df00da36c8da7d654b94ea63e69044dec881f19,True,ok,641-1024
train,shiyan/data3/images/train/1747.jpg,1747,1747,.jpg,800,800,RGB,338943,a08d9662ae33f478ea36cfeb6e744090b290d2625716c755f4a0a5055359e6ce,True,ok,641-1024
train,shiyan/data3/images/train/1748.jpg,1748,1748,.jpg,800,800,RGB,249238,7606b9272bdf7c9f2d484dfdf538b379f7114cb2fca92b675f850937baa21953,True,ok,641-1024
train,shiyan/data3/images/train/1749.jpg,1749,1749,.jpg,800,800,RGB,336945,d5a038d270ef653f5618bddbedbc2a6b50a0f2f2cc9fe1ec220c82be0cd6ec13,True,ok,641-1024
train,shiyan/data3/images/train/1750.jpg,1750,1750,.jpg,800,800,RGB,282734,1239d01a518d19af8761c3e7fd17003372cf698096109a4ed0fb3707eff67f25,True,ok,641-1024
train,shiyan/data3/images/train/1751.jpg,1751,1751,.jpg,800,800,RGB,283008,c5394e41d70b4750d46a62673d7ae0ed4f9b4191aad3f48ed4b958412c2b6e9a,True,ok,641-1024
train,shiyan/data3/images/train/1752.jpg,1752,1752,.jpg,747,746,RGB,72043,da742f51682c99626c5e79135f53135527f49e9ed9d6d85655bd9bfb58764f81,True,ok,641-1024
train,shiyan/data3/images/train/1753.jpg,1753,1753,.jpg,800,800,RGB,343043,9cbb38067a6ece234c6d4763e54b7271d4a07c96fd0ce4f0e51061fa116965f6,True,ok,641-1024
train,shiyan/data3/images/train/1754.jpg,1754,1754,.jpg,800,800,RGB,213340,17f60d65cc55f92edd43c90fce61ed1c94201db36d9786f18d956a8c3c5d2875,True,ok,641-1024
train,shiyan/data3/images/train/1755.jpg,1755,1755,.jpg,800,800,RGB,324163,54ee90873624c9daf5a4a81e0b366d797d1cef5f52489b0576e08673c8f3b3fe,True,ok,641-1024
train,shiyan/data3/images/train/1756.jpg,1756,1756,.jpg,800,800,RGB,398009,310cbcc332cc251d627d9ac8bd7e99124fe56ed96b0145ce8692872442fd01ae,True,ok,641-1024
train,shiyan/data3/images/train/1757.jpg,1757,1757,.jpg,800,800,RGB,382552,d314e12dfecd223846d5933afc4d98a4daef94055d12c14b56bae146fb24073a,True,ok,641-1024
train,shiyan/data3/images/train/1758.jpg,1758,1758,.jpg,800,800,RGB,267664,6e4963a414d82fcf490fb4745ef2798243989dc07613ea288997352928114665,True,ok,641-1024
train,shiyan/data3/images/train/1759.jpg,1759,1759,.jpg,800,800,RGB,427113,6b290ee2ecaa187da6e4e844b5b8a801ad28948f317265d722f86220a39894ea,True,ok,641-1024
train,shiyan/data3/images/train/1760.jpg,1760,1760,.jpg,800,800,RGB,406514,70ca9c8cd7885202703a708e263099aad8ee42f828e0588c76f9b67c31b9e082,True,ok,641-1024
train,shiyan/data3/images/train/1761.jpg,1761,1761,.jpg,800,800,RGB,336343,45448e862f96474ac2940c6cc2a6911812c861e0c9f2a11fd77c990bd625e2a2,True,ok,641-1024
train,shiyan/data3/images/train/1762.jpg,1762,1762,.jpg,748,748,RGB,25532,ea08a39d3083388cdf796cc92564a951bb9a158f8550d8f8ef637605b70652ac,True,ok,641-1024
train,shiyan/data3/images/train/1763.jpg,1763,1763,.jpg,800,800,RGB,309363,6f61cc0b636c90e83520bbfb09737f18f91acf191f028908910a3039653a1776,True,ok,641-1024
train,shiyan/data3/images/train/1764.jpg,1764,1764,.jpg,800,800,RGB,332997,9bc807e0ce56911dcb8e33f78695b9028a11e88f85fe93ffb292928085dd9053,True,ok,641-1024
train,shiyan/data3/images/train/1765.jpg,1765,1765,.jpg,800,800,RGB,230886,7842ba78c3f174df99e4df38ea3d6151e7c33300774520b1c06433a99d11cb36,True,ok,641-1024
train,shiyan/data3/images/train/1766.jpg,1766,1766,.jpg,800,800,RGB,301338,7a209e3b96a76fd9b864ad0fa8c99ab24f5a9ced280d28b86580fe302050677f,True,ok,641-1024
train,shiyan/data3/images/train/1767.jpg,1767,1767,.jpg,800,800,RGB,344809,bfc4c8d450bbdd815935f5a6524c8583c95253539960e5009797b9046447474b,True,ok,641-1024
train,shiyan/data3/images/train/1768.jpg,1768,1768,.jpg,800,800,RGB,238260,c7bfac6d1d40f03ace4af56d334e1b3bf3cdc9566668acd38bbdee4cb523d249,True,ok,641-1024
train,shiyan/data3/images/train/1769.jpg,1769,1769,.jpg,800,800,RGB,305859,7c90d06d5f94024776cf8152e74ce6e5c04e8e11cfc094c19d6476256ebdffcd,True,ok,641-1024
train,shiyan/data3/images/train/1770.jpg,1770,1770,.jpg,800,800,RGB,422909,05b8789382468c576d0573f5b5d0aa0a21567088fbd7ab44fafbdc8f9f1e0906,True,ok,641-1024
train,shiyan/data3/images/train/1771.jpg,1771,1771,.jpg,800,800,RGB,406998,907b232b0272a082af544c89230a68ce0386f7d3a6cf7a884586d3f187cd0775,True,ok,641-1024
train,shiyan/data3/images/train/1772.jpg,1772,1772,.jpg,800,800,RGB,332182,a3cd5020b5f919f5645b53f3847bdd073eca5ccfba0f9462ce1c9ddc597f14bb,True,ok,641-1024
train,shiyan/data3/images/train/1773.jpg,1773,1773,.jpg,800,800,RGB,237060,0972778c2196d472e026252f44884cd81ed64619c70019463c67fd0774eb38e0,True,ok,641-1024
train,shiyan/data3/images/train/1774.jpg,1774,1774,.jpg,800,800,RGB,372564,543992213a22f991ceea15f9ff8838d581855818df5b61ec2a69b3c2ad406c7b,True,ok,641-1024
train,shiyan/data3/images/train/1775.jpg,1775,1775,.jpg,800,800,RGB,312755,61c982e0827176e11cc1dd7d14208d34ceaf774ea82f3c3a85a4c566aefad1fa,True,ok,641-1024
train,shiyan/data3/images/train/1776.jpg,1776,1776,.jpg,800,800,RGB,181421,ae8b33aa463171e4a4f82506bb1493fffab0728ec1b7daf9131dd5413c054044,True,ok,641-1024
train,shiyan/data3/images/train/1777.jpg,1777,1777,.jpg,800,800,RGB,399257,503f20b31ab62b40fba8bf32792050e2ee8d7c117a869f6566ddc3d0510b1575,True,ok,641-1024
train,shiyan/data3/images/train/1778.jpg,1778,1778,.jpg,800,800,RGB,332360,aad7a76b4cba21c02375134b460d3e7ffb5d373e8b91dae71d759b0542858134,True,ok,641-1024
train,shiyan/data3/images/train/1779.jpg,1779,1779,.jpg,800,800,RGB,212859,628eda4b3e6454eb1af7e9fda688cd614ce7f68ccc9f45016fcbfc67e56fbc57,True,ok,641-1024
train,shiyan/data3/images/train/1780.jpg,1780,1780,.jpg,800,800,RGB,232872,40262f84967fa51f35d99c35b6a00b342eff2a34443303194548d8cf278bc7cb,True,ok,641-1024
train,shiyan/data3/images/train/1781.jpg,1781,1781,.jpg,800,800,RGB,268962,48de60d885c72e6ad219d5757221cfe814174cae47ab65e5e62ff9d44c24b553,True,ok,641-1024
train,shiyan/data3/images/train/1782.jpg,1782,1782,.jpg,800,800,RGB,407688,a54538ca5cc1caac258a698f4458450913556f950f7f65a6c568e296baaa3dd0,True,ok,641-1024
train,shiyan/data3/images/train/1783.jpg,1783,1783,.jpg,800,800,RGB,407179,1adf5d009528c44b376cb983d6cc1b2e9134dca6ac74685d4b3ecf2655429d4d,True,ok,641-1024
train,shiyan/data3/images/train/1784.jpg,1784,1784,.jpg,800,800,RGB,278500,93b8fbd806a15b3750e6722334dc65fa759ba2ff303ffa458f282bd286ca3179,True,ok,641-1024
train,shiyan/data3/images/train/1785.jpg,1785,1785,.jpg,800,800,RGB,348554,d57d6a049c29e1af23f447dcedcc338574fb95f7b2764adaeea7a55793b6397e,True,ok,641-1024
train,shiyan/data3/images/train/1786.jpg,1786,1786,.jpg,800,800,RGB,398125,a5b8c68aabd472ce99f2fbc67d51c7a7412e485079c2774e441f8cf44b32a6f1,True,ok,641-1024
train,shiyan/data3/images/train/1787.jpg,1787,1787,.jpg,800,800,RGB,426838,f8aba697e54c9af3b7f152913fec09086c9b6c5512b26ccd905aa3d0683ceebe,True,ok,641-1024
train,shiyan/data3/images/train/1788.jpg,1788,1788,.jpg,800,800,RGB,266676,aeac28e976fe3c93c781419345701dfddbe9f781c8bcc00f4feff74accff2ca9,True,ok,641-1024
train,shiyan/data3/images/train/1789.jpg,1789,1789,.jpg,800,800,RGB,320812,e2b71c9ed9cbffcfc39c58b84765da5e5d92fc89a949c928d811e583a78e954b,True,ok,641-1024
train,shiyan/data3/images/train/1790.jpg,1790,1790,.jpg,800,800,RGB,321398,a4b3314125205a1c4afbc14fd7f327434da3fe2afd47ad3cd11041f359c468dc,True,ok,641-1024
train,shiyan/data3/images/train/1791.jpg,1791,1791,.jpg,800,800,RGB,407311,6ce15f80d6a262f0e8a816ef3590e79b085f8f30d0837c2ed625179f3bfa5697,True,ok,641-1024
train,shiyan/data3/images/train/1792.jpg,1792,1792,.jpg,797,797,RGB,54905,84d41eba2dd75d5f6764ede95a5e9d2aa42e466c1e2e36ad15688ecdc47e22ea,True,ok,641-1024
train,shiyan/data3/images/train/1793.jpg,1793,1793,.jpg,800,800,RGB,186163,6cbf2b68a5a29b81dcc3e8c9886ecfb5b8384953ff2e5e73259182c8881307b3,True,ok,641-1024
train,shiyan/data3/images/train/1794.jpg,1794,1794,.jpg,800,800,RGB,559251,f7568c195dc36fbd51cdad573f9c4fc113e9e8ca4031e599318a35c5a84ddc5c,True,ok,641-1024
train,shiyan/data3/images/train/1795.jpg,1795,1795,.jpg,800,800,RGB,378966,73b7386b0e1381d0e6b14fd7e563929e60aac52b3d3d2f0a528255d817041536,True,ok,641-1024
train,shiyan/data3/images/train/1796.jpg,1796,1796,.jpg,800,800,RGB,272079,27353fc82e4c968fb1b0452af048d29d752e5288bfddbc7457e874f5e1393692,True,ok,641-1024
train,shiyan/data3/images/train/1797.jpg,1797,1797,.jpg,800,800,RGB,434880,7e16986f26241bfb3ed1634e71a2228dd9f6c766d963b4fb93e3e6d233479d9a,True,ok,641-1024
train,shiyan/data3/images/train/1798.jpg,1798,1798,.jpg,800,800,RGB,383274,acc5f39d9ad31998145bcdad3944d5d305046d90c8a5e09f40aecb8a93dc4053,True,ok,641-1024
train,shiyan/data3/images/train/1799.jpg,1799,1799,.jpg,800,800,RGB,280080,8a582056b8fc2d27f629710ae683e476276de77c4eed1f9650bdd3abeaaf9e32,True,ok,641-1024
train,shiyan/data3/images/train/1800.jpg,1800,1800,.jpg,800,800,RGB,360768,7220b710eed0ea8d46d95b975ea9f1534a25ca5cb91ea0b9aae4367d1835dae6,True,ok,641-1024
train,shiyan/data3/images/train/1801.jpg,1801,1801,.jpg,794,794,RGB,59272,32c38da7390fa43e4946953f5355c3505fe89fc22d69bbf66685d068affa61fc,True,ok,641-1024
train,shiyan/data3/images/train/1802.jpg,1802,1802,.jpg,800,800,RGB,390497,e42a47e7198445cfcab4113216e077b26586941b0d9e4c5d44fa33992eced40d,True,ok,641-1024
train,shiyan/data3/images/train/1803.jpg,1803,1803,.jpg,800,800,RGB,206611,ac1143193a2af1eb8849e3df7c7e296443f48d746dc889ae14bd05187e9b5c73,True,ok,641-1024
train,shiyan/data3/images/train/1804.jpg,1804,1804,.jpg,800,800,RGB,287416,c4458466920ca9dfbbb365707b5fd0bc130234829083870f4f9bfc80d62488fc,True,ok,641-1024
train,shiyan/data3/images/train/1805.jpg,1805,1805,.jpg,800,800,RGB,442973,c9a4e306800692d9615abf561fc6fc9ae9875cc96bce49cbf3439bb98bbfafb0,True,ok,641-1024
train,shiyan/data3/images/train/1806.jpg,1806,1806,.jpg,800,800,RGB,222303,1ca78281611a5c5b0d7ccfeefea1e6ae505cc2418dbe5273fa584ed803f765cf,True,ok,641-1024
train,shiyan/data3/images/train/1807.jpg,1807,1807,.jpg,800,800,RGB,244261,ef3ba5d69291258a6e5a10f448e5832532260f0a6a4f62ce81708a692414c89a,True,ok,641-1024
train,shiyan/data3/images/train/1808.jpg,1808,1808,.jpg,800,800,RGB,337767,9263852d1a009167765264914f05bceade49c64ba697225dd6fb929e01a02bc5,True,ok,641-1024
train,shiyan/data3/images/train/1809.jpg,1809,1809,.jpg,816,851,RGB,102786,d91a30327dac59dd059e76bf734315ef9dc141a31a62e4ce02ff43e4d8249c0e,True,ok,641-1024
train,shiyan/data3/images/train/1810.jpg,1810,1810,.jpg,744,744,RGB,45625,00a29040de47a3711e50906d931c60aec33fabb769472b42a916649ce316cb96,True,ok,641-1024
train,shiyan/data3/images/train/1811.jpg,1811,1811,.jpg,800,800,RGB,318236,4f946275c8627fb36d295fa858f77c859c666438640534f768770f548e6cba1e,True,ok,641-1024
train,shiyan/data3/images/train/1812.jpg,1812,1812,.jpg,800,800,RGB,314541,34a3f2c10cb7169c8e888c8872dfe14b5b76ce125e0b55662e73db9590e066e4,True,ok,641-1024
train,shiyan/data3/images/train/1813.jpg,1813,1813,.jpg,800,800,RGB,295553,32e3be4133af4d158801f1e24a50f7619e67333c947eae64606b31c227345f25,True,ok,641-1024
train,shiyan/data3/images/train/1814.jpg,1814,1814,.jpg,800,800,RGB,278006,63644dcb90436954210f50434de778da51fccbc3d7e28e69344f237025b3fdfd,True,ok,641-1024
train,shiyan/data3/images/train/1815.jpg,1815,1815,.jpg,800,800,RGB,265200,17612adc9327e39cb7856b3c100e1469781d1d910742790fe45d917039e4d521,True,ok,641-1024
train,shiyan/data3/images/train/1816.jpg,1816,1816,.jpg,800,800,RGB,277628,b31a1ce043f270c6be93275bc830d044a4a416c33c0c1b15d89b385538c988c7,True,ok,641-1024
train,shiyan/data3/images/train/1817.jpg,1817,1817,.jpg,800,800,RGB,255041,fd92ae85474e0590d244a2829bda5323914a6c9dabaac0a59f28803c4f4c0b32,True,ok,641-1024
train,shiyan/data3/images/train/1818.jpg,1818,1818,.jpg,800,800,RGB,293085,cdb184620c4ffea460733e4cffae355e6db9a9c51cf11471ce3012ee0dea19ff,True,ok,641-1024
train,shiyan/data3/images/train/1819.jpg,1819,1819,.jpg,800,800,RGB,400590,b258df0b2b807e50bf9d6026fb6bb79823dec10426f890d97302008bac481643,True,ok,641-1024
train,shiyan/data3/images/train/1820.jpg,1820,1820,.jpg,800,800,RGB,401386,f5533f0413f087c516bbd50c0e833e0e6e904e07461275b13248c74a10f9e5d3,True,ok,641-1024
train,shiyan/data3/images/train/1821.jpg,1821,1821,.jpg,800,800,RGB,542024,09c1bdffc7a310c4b0bf7d8b855abd2941aa18cd6e2843d326988fb57c75bf6f,True,ok,641-1024
train,shiyan/data3/images/train/1822.jpg,1822,1822,.jpg,800,800,RGB,252358,ca94b44f8653616d6f20521c0e57c4dc0ec55dceb393b7b6cda2120a07774dcd,True,ok,641-1024
train,shiyan/data3/images/train/1823.jpg,1823,1823,.jpg,800,800,RGB,332487,54f5ef5bd457a0a74a80198a673dce9d185ded101bf16e9c44f72380fbe22b41,True,ok,641-1024
train,shiyan/data3/images/train/1824.jpg,1824,1824,.jpg,800,800,RGB,386771,bf9879b606cff26965af04b65a25780f544cf822c90e4b11e1072a7274fb7060,True,ok,641-1024
train,shiyan/data3/images/train/1825.jpg,1825,1825,.jpg,800,800,RGB,427454,7c6b4054aa3cd2968bc88bed47a75536f586ca709a2136dee8299e369931a59a,True,ok,641-1024
train,shiyan/data3/images/train/1826.jpg,1826,1826,.jpg,800,800,RGB,258338,191cd016de7ba713bc917ba4259aec5356e73691bf5d9e902b3a5da8def62c06,True,ok,641-1024
train,shiyan/data3/images/train/1827.jpg,1827,1827,.jpg,800,800,RGB,343757,f710ab6dfeaf7696ace20eb3a98ebb2605848634ba39b3fc6bc0c741cfa43ad9,True,ok,641-1024
train,shiyan/data3/images/train/1828.jpg,1828,1828,.jpg,800,800,RGB,381640,af404de7b25d571a45f347f3c09b8b3b084c7bb5e5ada328760de44abcb63905,True,ok,641-1024
train,shiyan/data3/images/train/1829.jpg,1829,1829,.jpg,800,800,RGB,354785,06e88aebd29bb09e163033da76d5b10d34cfdbb414ccf7fbab37e943d9619303,True,ok,641-1024
train,shiyan/data3/images/train/1830.jpg,1830,1830,.jpg,800,800,RGB,301776,1aeadb1bbaf387b368b09eb7c6eda4b0586f86a044cf2020218bd64f456ef1c2,True,ok,641-1024
train,shiyan/data3/images/train/1831.jpg,1831,1831,.jpg,800,800,RGB,270443,034031b5c28276e175d204ec7570e1a6951a4b03f76ce2de89394804c3740cf7,True,ok,641-1024
train,shiyan/data3/images/train/1832.jpg,1832,1832,.jpg,800,800,RGB,385790,c98f2e46db2bbf06b8ba71d36655b73ce100c86e2f976a867d6be9c9fdfb2439,True,ok,641-1024
train,shiyan/data3/images/train/1833.jpg,1833,1833,.jpg,800,800,RGB,487409,8f6b40073ae25cb27eb2c2435204faa476079f23b615a8f85424e8f78849a04e,True,ok,641-1024
train,shiyan/data3/images/train/1834.jpg,1834,1834,.jpg,800,800,RGB,323879,16783d9ea4834705b1743c9c1953b995b9705e19c09dd598ec8a47657e39c1e2,True,ok,641-1024
train,shiyan/data3/images/train/1835.jpg,1835,1835,.jpg,800,800,RGB,199802,8a7ac23dca84ea34d88193a0f3646d03b532bcfd90c8d0a15ef9c396907da2db,True,ok,641-1024
train,shiyan/data3/images/train/1836.jpg,1836,1836,.jpg,750,750,RGB,55237,83ae21ef4105730e55b3f781adf784eb6c4c72a7f97787cfbc5705dbcdd55e9a,True,ok,641-1024
train,shiyan/data3/images/train/1837.jpg,1837,1837,.jpg,800,800,RGB,406360,61e6f71165028ab615e7e02049eec12d50ae03399659de82cf5094950e8136db,True,ok,641-1024
train,shiyan/data3/images/train/1838.jpg,1838,1838,.jpg,800,800,RGB,439653,667be9aa7b225b1adb0fc30fbe7fb009a86ff9b54d7af745ade4dadd8f6e5ad6,True,ok,641-1024
train,shiyan/data3/images/train/1839.jpg,1839,1839,.jpg,800,800,RGB,377612,b34e4bbd146ef2f7c044eb83406307bb86c5319f8c7506f590831f74625b2df9,True,ok,641-1024
train,shiyan/data3/images/train/1840.jpg,1840,1840,.jpg,800,800,RGB,295763,86296d4dbdd9a5c0284809c1652ea1f4f1512658927cbee1a65cd08d389bf0a5,True,ok,641-1024
train,shiyan/data3/images/train/1841.jpg,1841,1841,.jpg,800,800,RGB,390353,8f0f8e4e767de88aaf6238e1da291294ff5439bb2aa1dbded621d3c58c71e2ab,True,ok,641-1024
train,shiyan/data3/images/train/1842.jpg,1842,1842,.jpg,800,800,RGB,411816,dd316461c1758444eb79b8f7e430f8dac4c0c2b75747cf3fa637ac7caf3a30d9,True,ok,641-1024
train,shiyan/data3/images/train/1843.jpg,1843,1843,.jpg,800,800,RGB,281416,9efd2e10613bb540f9a0219fc29583bf036784e37a2d3cf9562cff1aefb4907d,True,ok,641-1024
train,shiyan/data3/images/train/1844.jpg,1844,1844,.jpg,800,800,RGB,427250,9b7db5ee170fe017d141ba1024668d0e4ae56355ad4e0def2493e21694e7ce14,True,ok,641-1024
train,shiyan/data3/images/train/1845.jpg,1845,1845,.jpg,732,732,RGB,34412,71a2d283aba204642821824ed5043c0d07016fe4071b2437a6f56782ac492087,True,ok,641-1024
train,shiyan/data3/images/train/1846.jpg,1846,1846,.jpg,800,800,RGB,430477,76a54ada8dc17274fe9c0361358b3a98dfd046ef9e9818245d9f006bc00173b0,True,ok,641-1024
train,shiyan/data3/images/train/1847.jpg,1847,1847,.jpg,800,800,RGB,414128,6c72449401a01c92907f202b65960d4ad11ab26648bc777b07dcbda5810d09a3,True,ok,641-1024
train,shiyan/data3/images/train/1848.jpg,1848,1848,.jpg,800,800,RGB,399664,7b0c3e973cb7926c832b6a55e2a677aceb01a1ceeb4e61c867e8bb145017bcc1,True,ok,641-1024
train,shiyan/data3/images/train/1849.jpg,1849,1849,.jpg,800,800,RGB,332000,3b981633981edf3f452f11bcfbeff44e629ed8bf479062bcc7e429c239892e50,True,ok,641-1024
train,shiyan/data3/images/train/1850.jpg,1850,1850,.jpg,800,800,RGB,439288,5020b7673cef676462388c23d7fbd095b98ec43a6e47e3fa1a0b95f7ea0b3792,True,ok,641-1024
train,shiyan/data3/images/train/1851.jpg,1851,1851,.jpg,800,800,RGB,388359,1f90af494468de831317ed0dd6b236de3a3e5913fc9627d33bb479051e9657ae,True,ok,641-1024
train,shiyan/data3/images/train/1852.jpg,1852,1852,.jpg,800,800,RGB,329062,1299beb0f8df567e02e49c037d62429cc3bbecf5d61ac17a082595f60de06162,True,ok,641-1024
train,shiyan/data3/images/train/1853.jpg,1853,1853,.jpg,800,800,RGB,317772,492c3bd2c0ca8e3c3c96f0efbdd52ad72b60c9d2eb592b3c38525e9be2551c08,True,ok,641-1024
train,shiyan/data3/images/train/1854.jpg,1854,1854,.jpg,800,800,RGB,239715,0ccaafeaa6477ee4912ce3df5dc236b99ab5ee76e2fe2f829b9c37dfe3802140,True,ok,641-1024
train,shiyan/data3/images/train/1855.jpg,1855,1855,.jpg,800,800,RGB,360376,6a790591a7b839c7fd772b7eaae7aefa411585aa0ee773d8cd60b685aab95fc8,True,ok,641-1024
train,shiyan/data3/images/train/1856.jpg,1856,1856,.jpg,800,800,RGB,321156,4e4acd7d4b4f415550b8a5d40c7dcde7be7a0f8fba150cdcceef93a2faf5e30f,True,ok,641-1024
train,shiyan/data3/images/train/1857.jpg,1857,1857,.jpg,800,800,RGB,362410,a5251c58e9f017ea01116392177853abe53c9de46f907923cb682c8c641a686f,True,ok,641-1024
train,shiyan/data3/images/train/1858.jpg,1858,1858,.jpg,800,800,RGB,382489,9b3840db3f9b65015255519317e2c4dfe2ecf447b90ee6f94c8e51344794c447,True,ok,641-1024
train,shiyan/data3/images/train/1859.jpg,1859,1859,.jpg,800,800,RGB,395337,301dde1599252910afecb52efd91e0c1581119651c2bac8516c4f94f89630f64,True,ok,641-1024
train,shiyan/data3/images/train/1860.jpg,1860,1860,.jpg,800,800,RGB,221857,3b5a19af9abf2ce4e1a1e819b48f7120160aa373c80f9e2c2bceefe97920de21,True,ok,641-1024
train,shiyan/data3/images/train/1861.jpg,1861,1861,.jpg,750,750,RGB,45953,5a5bdff316de264222e4f294fbc4f978366fe0f7f0f48de4f157c3f603d0c7e4,True,ok,641-1024
train,shiyan/data3/images/train/1862.jpg,1862,1862,.jpg,800,800,RGB,418764,283c63eb5ca1c4c071d7d89b63cbd198924b62e2b83d75138e84e24b9c0ceaee,True,ok,641-1024
train,shiyan/data3/images/train/1863.jpg,1863,1863,.jpg,800,800,RGB,274019,63fc3df16a56724b6aea93645948710247f2073a70a6d354a6fb51da2fd365ca,True,ok,641-1024
train,shiyan/data3/images/train/1864.jpg,1864,1864,.jpg,800,800,RGB,281378,53e7c93bf6d1872d0a8e83a37f17e5b0bedc0747cfd46f200fa6a6caf1b32977,True,ok,641-1024
train,shiyan/data3/images/train/1865.jpg,1865,1865,.jpg,800,800,RGB,408988,ff175c4842b5005c261394cd5a5c4abe830a8a4ff13d1d8ab129e7595e0de408,True,ok,641-1024
train,shiyan/data3/images/train/1866.jpg,1866,1866,.jpg,800,800,RGB,420406,6eb5ed7de5a2f1d351264151889e343e8ca50d0bf9dd1c731451550480b5401f,True,ok,641-1024
train,shiyan/data3/images/train/1867.jpg,1867,1867,.jpg,800,800,RGB,340534,c0105cd9ec758db0fdcaac633d9fe7fc9a09e967de078c33fbbcaa791bc2180b,True,ok,641-1024
train,shiyan/data3/images/train/1868.jpg,1868,1868,.jpg,800,800,RGB,259024,dbdd9debbc837fc5d13cf1b946964e7f79038bd790bdfe57e8834b25ec515141,True,ok,641-1024
train,shiyan/data3/images/train/1869.jpg,1869,1869,.jpg,800,800,RGB,375433,606067063ea1b393dcf9b92746f484bf763a4d6204050d1e55fadf8970738b72,True,ok,641-1024
train,shiyan/data3/images/train/1870.jpg,1870,1870,.jpg,800,800,RGB,193609,09470f3bd5501d1dcc43baf8c30f779987b9d08f589fa93810ce7b897c94833d,True,ok,641-1024
train,shiyan/data3/images/train/1871.jpg,1871,1871,.jpg,800,800,RGB,335420,cd3605fba86decd5896b1b2490aca799be4a6e23f7302b3d8041e3ae2e7cc547,True,ok,641-1024
train,shiyan/data3/images/train/1872.jpg,1872,1872,.jpg,800,800,RGB,581821,73daf295701aaf55d144c39c199a36ee0a3fee74bbd7a6ace509dee17f7b8092,True,ok,641-1024
train,shiyan/data3/images/train/1873.jpg,1873,1873,.jpg,800,800,RGB,333412,3bcd091d8dc8fc9fe2a01bc287b94ea2953b85ee8308033424ef4244a57438ae,True,ok,641-1024
train,shiyan/data3/images/train/1874.jpg,1874,1874,.jpg,800,800,RGB,259235,596caaf1a989ccfa781e7b17d2ee77c8671b74e398e926d42d6bc71dd290d9d8,True,ok,641-1024
train,shiyan/data3/images/train/1875.jpg,1875,1875,.jpg,800,800,RGB,209075,facd2262890a9005afd6cff4563ff1c6c5fbb50000edc410ac37027e44b828b5,True,ok,641-1024
train,shiyan/data3/images/train/1876.jpg,1876,1876,.jpg,800,800,RGB,353861,fdfecb990c510f7b64b35d59d6a40c5760f556ad51843306f1485d830fff0180,True,ok,641-1024
train,shiyan/data3/images/train/1877.jpg,1877,1877,.jpg,800,800,RGB,275817,ec20c8ed4e66f518b775d4b53952eac01cc5890389ea8d084429fb940ba4f7de,True,ok,641-1024
train,shiyan/data3/images/train/1878.jpg,1878,1878,.jpg,800,800,RGB,369114,9dcba0a8020acca94cfe82c0cd743ce1bf9212f682ac3dbd3c6358800a0e4f83,True,ok,641-1024
train,shiyan/data3/images/train/1879.jpg,1879,1879,.jpg,800,800,RGB,275127,7ad248bb897b01a80226fb5ea6de0bf712d993228879f97218a4b048308456ee,True,ok,641-1024
train,shiyan/data3/images/train/1880.jpg,1880,1880,.jpg,800,800,RGB,252403,8bfee551d4fb12379a397dd30ebd2350afc8edec6303789f244c6adedb90155b,True,ok,641-1024
train,shiyan/data3/images/train/1881.jpg,1881,1881,.jpg,800,800,RGB,239258,05c03780a9613d470c7399d5fdd2bda0c82983d2b2130a5e1e446dee2661af43,True,ok,641-1024
train,shiyan/data3/images/train/1882.jpg,1882,1882,.jpg,800,800,RGB,335818,085bdd3f9ce6d2f8c41332d62727b6d260ba9b039cf2ff9e9b4c61b4592b7917,True,ok,641-1024
train,shiyan/data3/images/train/1883.jpg,1883,1883,.jpg,800,800,RGB,397009,ca2713e8f52c1d74df1834e97712cdde391b446731a59ba53571acfeba9dec8c,True,ok,641-1024
train,shiyan/data3/images/train/1884.jpg,1884,1884,.jpg,800,800,RGB,365493,62877daa5332b2dd548c35f626830d7b21e26dc92ad7b79541e8c67ed3b7e59c,True,ok,641-1024
train,shiyan/data3/images/train/1885.jpg,1885,1885,.jpg,800,800,RGB,398920,4d14f66e5e5c64a811a21389a998358ced555fc2c1b80540cdfa411272c06f47,True,ok,641-1024
train,shiyan/data3/images/train/1886.jpg,1886,1886,.jpg,800,800,RGB,366863,f5ee252a8880d504c46aed915458a44639e0fd401c71cb879e1466f5eaa2f567,True,ok,641-1024
train,shiyan/data3/images/train/1887.jpg,1887,1887,.jpg,800,800,RGB,233908,765773db0290936cdec2bb358aa9c107c7d57856cd344d50dab85ef29ee62c1c,True,ok,641-1024
train,shiyan/data3/images/train/1888.jpg,1888,1888,.jpg,800,800,RGB,522953,eb6b0769d51bd9f37de52ce238d359947cf3ae91e89c14d02b9add632374a9e0,True,ok,641-1024
train,shiyan/data3/images/train/1889.jpg,1889,1889,.jpg,800,800,RGB,380749,b4c2c6b6882c8691c939c2319acad1dba93cc8f3f6c3521b9171b0e5bbe5c1e1,True,ok,641-1024
train,shiyan/data3/images/train/1890.jpg,1890,1890,.jpg,800,800,RGB,329390,bde3038d3e1c814865362a7cb132e134def1395c90bf5c4ff910a2086c8c605d,True,ok,641-1024
train,shiyan/data3/images/train/1891.jpg,1891,1891,.jpg,800,800,RGB,315803,26a7553dd550213f27cb47f306a840b334ae6b30b6a6c77c6658a6fb396fb280,True,ok,641-1024
train,shiyan/data3/images/train/1892.jpg,1892,1892,.jpg,886,870,RGB,119094,8bbb421a9ef1b1e5735e4c6af7365d64e09f23c5f5178ce7348f8265c8a286ae,True,ok,641-1024
train,shiyan/data3/images/train/1893.jpg,1893,1893,.jpg,749,750,RGB,59169,5ffa9ed85638553617fb6a4c352d788e5e3dcbed2e76721d06d09114da265a97,True,ok,641-1024
train,shiyan/data3/images/train/1894.jpg,1894,1894,.jpg,800,800,RGB,298318,426f8ada4de61022f609bff3c6f78c07fe571ce8d44bb7e4c51ede1859abd986,True,ok,641-1024
train,shiyan/data3/images/train/1895.jpg,1895,1895,.jpg,800,800,RGB,219945,f94445f78924dd59e8f5d9eb09b3e0ddce34ec00c45713fd9bd6dd45cc211c59,True,ok,641-1024
train,shiyan/data3/images/train/1896.jpg,1896,1896,.jpg,800,800,RGB,289479,0f217ef7b2c9b6856a4b653148b474270d12e69f64305dde82651994562794a4,True,ok,641-1024
train,shiyan/data3/images/train/1897.jpg,1897,1897,.jpg,800,800,RGB,198141,c94d3cefd391bf3d5fecac94de8e61e3439414fff2184305884a2ff9c58fc62a,True,ok,641-1024
train,shiyan/data3/images/train/1898.jpg,1898,1898,.jpg,800,800,RGB,399487,d8d9611819b144aeaaeef8697e252b6f7bfae31c3e0b7c635c20fcefc7a7c2ff,True,ok,641-1024
train,shiyan/data3/images/train/1899.jpg,1899,1899,.jpg,800,800,RGB,235984,a3a209d5f129ead1fdfcf68395dcb265224af4b4bdffd24b9954bfdc7ab43774,True,ok,641-1024
train,shiyan/data3/images/train/1900.jpg,1900,1900,.jpg,800,800,RGB,258465,bd6bc92e009d2b784f7457e45360a1e07e4df82a98233a8b04712d004121c628,True,ok,641-1024
train,shiyan/data3/images/train/1901.jpg,1901,1901,.jpg,800,800,RGB,278636,55ec571972b82a010f2fe9d36a933d97223c1c404a488b0b6ab2be575d7982c2,True,ok,641-1024
train,shiyan/data3/images/train/1902.jpg,1902,1902,.jpg,751,751,RGB,45118,c736abf2cee55f7903211fb776b23364556f7e1d81de13152e8cabae799b2cdc,True,ok,641-1024
train,shiyan/data3/images/train/1903.jpg,1903,1903,.jpg,800,800,RGB,337876,e1a50340cd10c27552d146195b9f3935318e29edbdfd43011f739a5ad914bde9,True,ok,641-1024
train,shiyan/data3/images/train/1904.jpg,1904,1904,.jpg,800,800,RGB,399748,5cae153582142a2610bd475deda45f829fd9c471cfcb736fe9064c922e04b991,True,ok,641-1024
train,shiyan/data3/images/train/1905.jpg,1905,1905,.jpg,800,800,RGB,400006,dbd33f64eb7e1f109312e8c004cb873a2a108a008891500e1a02645b1be9fd99,True,ok,641-1024
train,shiyan/data3/images/train/1906.jpg,1906,1906,.jpg,800,800,RGB,237705,cd7c22e0d88eb5302fe2e5649e764c8ffa36be2610a95e032837cd9372d66a74,True,ok,641-1024
train,shiyan/data3/images/train/1907.jpg,1907,1907,.jpg,800,800,RGB,222989,ac5ebd3e57fe4efbe71dd4bb832faf678979e371109bce513302d89af5e88d43,True,ok,641-1024
train,shiyan/data3/images/train/1908.jpg,1908,1908,.jpg,800,800,RGB,322698,65b3a092535f9dade59e7de3bee47bbb98cfa925346cc5e9b690d53f9fe5d051,True,ok,641-1024
train,shiyan/data3/images/train/1909.jpg,1909,1909,.jpg,800,800,RGB,397423,f99d3e083ad863c3b0a5e6f0555709efd8a0b7098da0dcdf6a281fb84e37d4b2,True,ok,641-1024
train,shiyan/data3/images/train/1910.jpg,1910,1910,.jpg,800,800,RGB,407001,0abac0b7352317c46ff0049f1d49657d4d03bc8ab7009a6667cad26c9b2f6b1a,True,ok,641-1024
train,shiyan/data3/images/train/1911.jpg,1911,1911,.jpg,800,800,RGB,370149,6948d691b368c3035d94a251aa0a2dca191337ad908d2710fc7cae38d95d595b,True,ok,641-1024
train,shiyan/data3/images/train/1912.jpg,1912,1912,.jpg,800,800,RGB,256205,a153b82186f280e368edfd327b8c0cf48518051b7bce91fb26975f777c56d831,True,ok,641-1024
train,shiyan/data3/images/train/1913.jpg,1913,1913,.jpg,800,800,RGB,250513,bc33c2647c84aa7295ac979127f1ba5a4bc057dda3cc81121fbfe9f8503496af,True,ok,641-1024
train,shiyan/data3/images/train/1914.jpg,1914,1914,.jpg,800,800,RGB,258617,b395c5bb9ce0b78d3ac07f15b8f626dc6a904eda49441053c1d2b5e60d7a3567,True,ok,641-1024
train,shiyan/data3/images/train/1915.jpg,1915,1915,.jpg,800,800,RGB,334892,67d6342ec5f81b02f623b75dbcc2c68d2108e405488eb525cc8eefe0d65603e9,True,ok,641-1024
train,shiyan/data3/images/train/1916.jpg,1916,1916,.jpg,800,800,RGB,213725,4303fe4c81d5e1d2cfdba44b9183c4d6bc975faee5a07351643e2a17de4f999e,True,ok,641-1024
train,shiyan/data3/images/train/1917.jpg,1917,1917,.jpg,800,800,RGB,449061,f99fc51c654079b425ce602b70fd94dc577424f3874319ab630a509d6c0d14ae,True,ok,641-1024
train,shiyan/data3/images/train/1918.jpg,1918,1918,.jpg,800,800,RGB,435575,6e2a82444babbe949ce83d930f902e0164c392ad08959c8b5cea67179575a6f4,True,ok,641-1024
train,shiyan/data3/images/train/1919.jpg,1919,1919,.jpg,800,800,RGB,376832,a0ff344a60ca18acb51e4523926d083ce0e47f0fbdd7d2d857458560fbce856d,True,ok,641-1024
train,shiyan/data3/images/train/1920.jpg,1920,1920,.jpg,800,800,RGB,344212,a5def8c440da7522fd45e6a38378699d12b971409ab2280b26d9d62cbc2596ab,True,ok,641-1024
train,shiyan/data3/images/train/1921.jpg,1921,1921,.jpg,800,800,RGB,312763,ddcffbfc785587ac17d276437e86df5aec64e314097ebf85587cd8d237df06e1,True,ok,641-1024
train,shiyan/data3/images/train/1922.jpg,1922,1922,.jpg,800,800,RGB,418836,ee7895967c5d6e2d6b69090445a657d08ab72cf03e51bd20619ebec69010e664,True,ok,641-1024
train,shiyan/data3/images/train/1923.jpg,1923,1923,.jpg,800,800,RGB,367687,8ae60fc757189a2ccf5ee33a86381116f3f1dc3d8679e344e07271cf9181836f,True,ok,641-1024
train,shiyan/data3/images/train/1924.jpg,1924,1924,.jpg,800,800,RGB,341184,5d19972625c25fc46a63db75d4b94c4ee8d2fd20df1bf67c5c5d070fb05dac52,True,ok,641-1024
train,shiyan/data3/images/train/1925.jpg,1925,1925,.jpg,800,800,RGB,242316,83edd4a69ea2e557debba948c967a81d97296c7fac845786bd0160c932f67ebd,True,ok,641-1024
train,shiyan/data3/images/train/1926.jpg,1926,1926,.jpg,800,800,RGB,295561,7f75049200658306478012ef154bcf2a41d20e277af98c0cfb7295e8abff6589,True,ok,641-1024
train,shiyan/data3/images/train/1927.jpg,1927,1927,.jpg,800,800,RGB,220148,f2ac74a5f4947ba94226ac981a3cc84330156ebded846e899ef03c2f79eee36d,True,ok,641-1024
train,shiyan/data3/images/train/1928.jpg,1928,1928,.jpg,800,800,RGB,336989,a704971a69465c2e77d92e8ca65fc0c848563a8e9d7c186b76ae7a1dcdc52d34,True,ok,641-1024
train,shiyan/data3/images/train/1929.jpg,1929,1929,.jpg,800,800,RGB,286408,499f0b7070ec38f80fe06427fcc3490dc237d211d78770f0a9ef196a0db7a51e,True,ok,641-1024
train,shiyan/data3/images/train/1930.jpg,1930,1930,.jpg,800,800,RGB,355751,4dc242977c8431de142351ce37a47fca8234bb75d6389951818c943b16009de6,True,ok,641-1024
train,shiyan/data3/images/train/1931.jpg,1931,1931,.jpg,800,800,RGB,351065,42e1737636a3dcf5f2763e4d9797bcc24f47146a2c807dd710a9c084d7b09cbb,True,ok,641-1024
train,shiyan/data3/images/train/1932.jpg,1932,1932,.jpg,800,800,RGB,437002,7685b3821c153f9061f35e891c8463be9541012ad44ed699d8e46fe7cca58253,True,ok,641-1024
train,shiyan/data3/images/train/1933.jpg,1933,1933,.jpg,800,800,RGB,423772,e73d53da6054ff0c1f4917acc613d1c5dcfdac1fa5573e4f6406f4867fef1074,True,ok,641-1024
train,shiyan/data3/images/train/1934.jpg,1934,1934,.jpg,800,800,RGB,223053,cd19f54692115dd8eefaf77c8be03a661883ad6c397beea69de324916dbcdde5,True,ok,641-1024
train,shiyan/data3/images/train/1935.jpg,1935,1935,.jpg,800,800,RGB,325713,fdb4d5aaff9b92eb8e0dd1a2ceb01f94de5465a70d89e77ec0493fdff1c918b7,True,ok,641-1024
train,shiyan/data3/images/train/1936.jpg,1936,1936,.jpg,800,800,RGB,274851,d3e4563ea063a55ae3a82fc6aec02f7f08bc4e1ee0ee6b75439380ff66ce1c78,True,ok,641-1024
train,shiyan/data3/images/train/1937.jpg,1937,1937,.jpg,800,800,RGB,327228,72e95fdb2a50a8284a91625ff184e1c39f4fe8a6c8dd051e396ea47d85f800be,True,ok,641-1024
train,shiyan/data3/images/train/1938.jpg,1938,1938,.jpg,733,733,RGB,55142,4872cb4103cff23c6edafde2905a94f49b769d97d02b3e294485e3cb26270fc3,True,ok,641-1024
train,shiyan/data3/images/train/1939.jpg,1939,1939,.jpg,800,800,RGB,384172,ca3eebc2634cf7f933f845bb5e1c17cfb2144607ae00193d4ae250b0beba6e53,True,ok,641-1024
train,shiyan/data3/images/train/1940.jpg,1940,1940,.jpg,800,800,RGB,363119,2f35823d05edb542b68ad0880a5057869a334b3cb479eed3b0f74497417005f3,True,ok,641-1024
train,shiyan/data3/images/train/1941.jpg,1941,1941,.jpg,800,800,RGB,381532,276f2f3331bcc0aac24980c62270f29be58113bfbeae817a89ae136a2ea35521,True,ok,641-1024
train,shiyan/data3/images/train/1942.jpg,1942,1942,.jpg,800,800,RGB,313158,9421ec0f9be353ffc2a738987d6d36d39e63c9fc0f7f9be7176652dbe0b540cf,True,ok,641-1024
train,shiyan/data3/images/train/1943.jpg,1943,1943,.jpg,800,800,RGB,374901,fd73c3f3b7a649f8beb8a44b907bb34d773cf9a3ed267b073874ac6940057802,True,ok,641-1024
train,shiyan/data3/images/train/1944.jpg,1944,1944,.jpg,800,800,RGB,287271,451d986e914f9d59caa99a4da725ef8bb62bda6c4fbaecf926a2c1bf9ef879ac,True,ok,641-1024
train,shiyan/data3/images/train/1945.jpg,1945,1945,.jpg,800,800,RGB,238909,0c5845510fe437d08a406a15d8a7d512d4a09cf013de451d7b9910db83c289fb,True,ok,641-1024
train,shiyan/data3/images/train/1946.jpg,1946,1946,.jpg,800,800,RGB,369490,cd428e2cd27843700fb866415b960329e1b284f6249d20fb1ff1c31164198804,True,ok,641-1024
train,shiyan/data3/images/train/1947.jpg,1947,1947,.jpg,800,800,RGB,337683,7564e8875d8aae02a96239ac924e3d583aac4e526c72a4267aa4a84b3bee8dfc,True,ok,641-1024
train,shiyan/data3/images/train/1948.jpg,1948,1948,.jpg,800,800,RGB,385139,8beebe0ae81f8d532d7a2dcdd2c3ec1bc600ea4bb85e8c9b505cf3165c7e74eb,True,ok,641-1024
train,shiyan/data3/images/train/1949.jpg,1949,1949,.jpg,800,800,RGB,275871,73e00e84f6b35fb0732cdcce3e3f54b873b6572b948339fb43d7dc5af0c5b55f,True,ok,641-1024
train,shiyan/data3/images/train/1950.jpg,1950,1950,.jpg,800,800,RGB,309934,b23e3d8770bed0953f0b4fb76998981171703194085f56713d24f297e4b2020e,True,ok,641-1024
train,shiyan/data3/images/train/1951.jpg,1951,1951,.jpg,800,800,RGB,356513,8766085d99bc15ad96076b7bb0481406184bd8cd4ad3381dfb8778eaa2329a7d,True,ok,641-1024
train,shiyan/data3/images/train/1952.jpg,1952,1952,.jpg,800,800,RGB,448939,cf96a11299f8ce2c523fae5d6b036f4733389da16db247ea729a2c8c6c1f1e30,True,ok,641-1024
train,shiyan/data3/images/train/1953.jpg,1953,1953,.jpg,800,800,RGB,373750,1e31a45c6e81bde0f30c2210460c84bdd929ef2916e4fd3b6f082eb0bf9b7624,True,ok,641-1024
train,shiyan/data3/images/train/1954.jpg,1954,1954,.jpg,800,800,RGB,280346,7c870e12d4fda9176cee4e074d7f68d9254373a058092cde308da4f4bd448ae7,True,ok,641-1024
train,shiyan/data3/images/train/1955.jpg,1955,1955,.jpg,800,800,RGB,204016,17f71bab3fc9f6abda0d6bcd27b008d3ac3a07e3cc3d43e0c48bc9b86a55dd3a,True,ok,641-1024
train,shiyan/data3/images/train/1956.jpg,1956,1956,.jpg,800,800,RGB,274547,ef37655e1ff8e0574ef5f037a79a8304ea1c965f746fe0e13a22b9ea33098b51,True,ok,641-1024
train,shiyan/data3/images/train/1957.jpg,1957,1957,.jpg,800,800,RGB,370417,23df0c1da31719ee2c2c669f20e283a93390eb5265e3ffc094dcf39ea81cc82a,True,ok,641-1024
train,shiyan/data3/images/train/1958.jpg,1958,1958,.jpg,800,800,RGB,288075,df29efd8d9b18a57f8ae3cbece2cfd9829239012f382e76a19317fe99ec49c43,True,ok,641-1024
train,shiyan/data3/images/train/1959.jpg,1959,1959,.jpg,800,800,RGB,264757,178737fefc0d8389e69e5a130ddf83a3e1ecab35401c3acd3ffcf3b95e6c2f57,True,ok,641-1024
train,shiyan/data3/images/train/1960.jpg,1960,1960,.jpg,800,800,RGB,341458,00e56be3cb2b154929cda45905c61f087e90ca7fdbd532e0745047b00b38552e,True,ok,641-1024
train,shiyan/data3/images/train/1961.jpg,1961,1961,.jpg,800,800,RGB,276439,fec889648e32d4c9d1df295a06573201f11bae250aa25602d9fb483060379d5d,True,ok,641-1024
train,shiyan/data3/images/train/1962.jpg,1962,1962,.jpg,800,800,RGB,234130,ecba00c4b22dda751f890fda8afc40a2e9d5225dab53d0ad8616f4de1da2080c,True,ok,641-1024
train,shiyan/data3/images/train/1963.jpg,1963,1963,.jpg,800,800,RGB,367589,71bafc2f19a267ed9751c9f4c199346cc213eef800d4abb13116080b5726b317,True,ok,641-1024
train,shiyan/data3/images/train/1964.jpg,1964,1964,.jpg,800,800,RGB,380155,7b1b1803e5d5af92cd3216a317e1ebb09e7e0eb739f939b9c719074bc0f38393,True,ok,641-1024
train,shiyan/data3/images/train/1965.jpg,1965,1965,.jpg,735,735,RGB,39227,4d40241b5023c44b4c4c2816df337dd58e53f6e2a28ce0aea7e20a1dac27bf39,True,ok,641-1024
train,shiyan/data3/images/train/1966.jpg,1966,1966,.jpg,800,800,RGB,348033,16f659fa46d68b402c3af43bc72267f08e66cd760eafd64531ca9a4fe78bd6bb,True,ok,641-1024
train,shiyan/data3/images/train/1967.jpg,1967,1967,.jpg,800,800,RGB,300287,521c923f0347dfb9dc1863aee4c5036be2573cfe10d23d45a76add05bbe4ff66,True,ok,641-1024
train,shiyan/data3/images/train/1968.jpg,1968,1968,.jpg,800,800,RGB,221503,db7bedb28c3c66ff9c4ebcb17bbd3115b93569475928fc234110d86257eb26b7,True,ok,641-1024
train,shiyan/data3/images/train/1969.jpg,1969,1969,.jpg,800,800,RGB,378954,0ebc5ea047cc3ec3dbcf6a2ffb42f3757d9af01edfb54fb939e2fbe2832083d0,True,ok,641-1024
train,shiyan/data3/images/train/1970.jpg,1970,1970,.jpg,800,800,RGB,368147,c244548fbed20aa979e8f555a7496b321c4bf29c7bb3437bb71800fba6963f03,True,ok,641-1024
train,shiyan/data3/images/train/1971.jpg,1971,1971,.jpg,800,800,RGB,387834,a9ef41ad1fbfe23713d6fd49c6d8cc41d13d35ef5d5866c74d8478c460eea90c,True,ok,641-1024
train,shiyan/data3/images/train/1972.jpg,1972,1972,.jpg,800,800,RGB,313593,60cab17a5abedd9d36e694ce6f7a512e658908f269514bda615d03a572354169,True,ok,641-1024
train,shiyan/data3/images/train/1973.jpg,1973,1973,.jpg,800,800,RGB,457122,276ecaac767d28e6e82431e030cdd7ded94958b710af869ca5d95540d136b9df,True,ok,641-1024
train,shiyan/data3/images/train/1974.jpg,1974,1974,.jpg,800,800,RGB,353587,469d4b107c02c553a8d843f2a002b4ad865ee9c93543231cab50eb5652621eb4,True,ok,641-1024
train,shiyan/data3/images/train/1975.jpg,1975,1975,.jpg,800,800,RGB,383732,9cdacabb612fe9131757ed764aa34d693c8c6c84d368152162ea0ba46efae15c,True,ok,641-1024
train,shiyan/data3/images/train/1976.jpg,1976,1976,.jpg,800,800,RGB,355685,b33b881d7ef72294725c0e160328e4e8ed5c65e1d24b93c8f056d2f42e741130,True,ok,641-1024
train,shiyan/data3/images/train/1977.jpg,1977,1977,.jpg,800,800,RGB,255063,e3cdb3ff9871f5b0d117cadc846afcc06dfb5dcdd8528e78424540fa9555046b,True,ok,641-1024
train,shiyan/data3/images/train/1978.jpg,1978,1978,.jpg,800,800,RGB,175305,266e7b7fb01c4d80385a49fef5356b4c8db20271699521b657d1c5054203d2c0,True,ok,641-1024
train,shiyan/data3/images/train/1979.jpg,1979,1979,.jpg,800,800,RGB,421968,8a0104ee2a456f903f49602b7f191e479128a5f13272b19784ebff6416451d04,True,ok,641-1024
train,shiyan/data3/images/train/1980.jpg,1980,1980,.jpg,800,800,RGB,377793,9b688ad921d580004ededccc1e1ec4b73b805561e3a3c5fcb32fed30b732a539,True,ok,641-1024
train,shiyan/data3/images/train/1981.jpg,1981,1981,.jpg,800,800,RGB,338293,38e4c6587cf34eb74c6848d89ccb2823d689b38e3acf51f741577004570d41d0,True,ok,641-1024
train,shiyan/data3/images/train/1982.jpg,1982,1982,.jpg,855,872,RGB,111648,ed59f0aecd27bad723229c4484d724189ffbc6dc839e88cc74f8a55d1709c310,True,ok,641-1024
train,shiyan/data3/images/train/1983.jpg,1983,1983,.jpg,800,800,RGB,42456,2ee2c6da6c474a5bc4f71388a1aacb582fa59a8de28d35f6f22a4325dc8984c8,True,ok,641-1024
train,shiyan/data3/images/train/1984.jpg,1984,1984,.jpg,800,800,RGB,459487,a185848c8c622433630486d3f6cb8120c9346af2ea64cda2a60e7f9bf6f4c9b5,True,ok,641-1024
train,shiyan/data3/images/train/1985.jpg,1985,1985,.jpg,800,800,RGB,342403,327bc52b144f0b7a5d3a3547a0ee22cbcd1c0873f7a3998818dbd221a4c4677c,True,ok,641-1024
train,shiyan/data3/images/train/1986.jpg,1986,1986,.jpg,800,800,RGB,321928,ea98d749a8af5d690f64cb7a18c8c3f4e192711d97619bb5219bb4ec1cdde9c0,True,ok,641-1024
train,shiyan/data3/images/train/1987.jpg,1987,1987,.jpg,800,800,RGB,293717,0b680a8f69cd41afa931d8e45e76303f3b4eb33ef2a0cbddd43b39b95eb0037e,True,ok,641-1024
train,shiyan/data3/images/train/1988.jpg,1988,1988,.jpg,800,800,RGB,311939,369153ac92753a38b131df8883aa53ecd78e72cc31f3794d22887976333d0c3e,True,ok,641-1024
train,shiyan/data3/images/train/1989.jpg,1989,1989,.jpg,800,800,RGB,383446,36c2716e4f97100792ac75f8568fe084f3126d98b85e2022c3f5aa8b23645c37,True,ok,641-1024
train,shiyan/data3/images/train/1990.jpg,1990,1990,.jpg,800,800,RGB,373281,a7757e64ab58575442a1dafce51817a6743698910f8b8567ca29d51bf077c343,True,ok,641-1024
train,shiyan/data3/images/train/1991.jpg,1991,1991,.jpg,800,800,RGB,352804,3a8fa15a203f9c87ef8426cec32b372ba7f37a6103aa700b631b2990fb67a657,True,ok,641-1024
train,shiyan/data3/images/train/1992.jpg,1992,1992,.jpg,750,750,RGB,36862,919a79a76fc36fd744e1e82e5417d6e2b2797c8e060df60d23c026189e2ea492,True,ok,641-1024
train,shiyan/data3/images/train/1993.jpg,1993,1993,.jpg,800,800,RGB,329432,d46a4c789b90cc868b6cf37fa94be2fd5ea01d0224914d00b48de93d8b581dcf,True,ok,641-1024
train,shiyan/data3/images/train/1994.jpg,1994,1994,.jpg,800,800,RGB,276670,44ce0e91705cd44410d740b7bbaa9c85645abad619f46952b892a3a8ecf6a91d,True,ok,641-1024
train,shiyan/data3/images/train/1995.jpg,1995,1995,.jpg,800,800,RGB,378724,ce21f79fce7e1a63102e5534ae5cdd2cf47b369f894d1f281d24e67cf1059a32,True,ok,641-1024
train,shiyan/data3/images/train/1996.jpg,1996,1996,.jpg,800,800,RGB,293969,99a404ed88142f55b09e0cf9eda354d59db7af8643b73861781c660deb5d99b0,True,ok,641-1024
train,shiyan/data3/images/train/1997.jpg,1997,1997,.jpg,800,800,RGB,257695,7a5180186504e7c0deef44bf58a30ae4c1a4caa52665b4ab22e04646818901c9,True,ok,641-1024
train,shiyan/data3/images/train/1998.jpg,1998,1998,.jpg,800,800,RGB,296543,df654dd5475028d160e7b2a95c338ee8a448cf76182326f183e2f73b00bee215,True,ok,641-1024
train,shiyan/data3/images/train/1999.jpg,1999,1999,.jpg,800,800,RGB,249980,bfab7271e83d46f1961ec996a1d11a5463d0dfca3392ccbafa05e81d79a0ac29,True,ok,641-1024
train,shiyan/data3/images/train/2000.jpg,2000,2000,.jpg,800,800,RGB,406307,cf2b49d5a473bea32d09bcfe9f1931e3d587f963eb332aa6152c636780eec916,True,ok,641-1024
train,shiyan/data3/images/train/2001.jpg,2001,2001,.jpg,800,800,RGB,403935,62b070767bbcb2665aea8b957ce363d63b3a5c9cf5e5d413786aa1b4dadc2e0e,True,ok,641-1024
train,shiyan/data3/images/train/2002.jpg,2002,2002,.jpg,800,800,RGB,292084,f51c11b9000d9d2aaed0626a9d0a8f0cb10ab61299369d290609cb22c39688ee,True,ok,641-1024
train,shiyan/data3/images/train/2003.jpg,2003,2003,.jpg,800,800,RGB,286248,ca647b8738f0f12b19a8eb697a055b034a91b2b3158491dfe1f49db094e729da,True,ok,641-1024
train,shiyan/data3/images/train/2004.jpg,2004,2004,.jpg,800,800,RGB,179619,c65d776750aa43923147ebd06482d454bcb0ddd820c39238d93ef22325286b4f,True,ok,641-1024
train,shiyan/data3/images/train/2005.jpg,2005,2005,.jpg,800,800,RGB,283113,7e7b94c7e2d540f25ce9bcfbd1ad1266ea701235432b8a1a9da821ce869f4016,True,ok,641-1024
train,shiyan/data3/images/train/2006.jpg,2006,2006,.jpg,800,800,RGB,252182,12076c232407476477319ea1854545e804f6e9939ce33b1be50a0fb3480560b6,True,ok,641-1024
train,shiyan/data3/images/train/2007.jpg,2007,2007,.jpg,800,800,RGB,308443,dfc63ccc23e9959ba0362f5faedef7bcdd71a9e6e605b8c5e3c3263d4a7396fe,True,ok,641-1024
train,shiyan/data3/images/train/2008.jpg,2008,2008,.jpg,800,800,RGB,353693,f5d6cba1d175cfb98a8bc01d964ea6f117307341b7658d820e201f91b527dd3a,True,ok,641-1024
train,shiyan/data3/images/train/2009.jpg,2009,2009,.jpg,800,800,RGB,180673,9189be98a0639dc9cd921f8af3033acad42e981d1ebf4daab5ddddf47b667def,True,ok,641-1024
train,shiyan/data3/images/train/2010.jpg,2010,2010,.jpg,800,800,RGB,282114,3054d6be1cb0759094deada719a6abfd1bc56b6a96eac4e7ac622145aa2fabd8,True,ok,641-1024
train,shiyan/data3/images/train/2011.jpg,2011,2011,.jpg,800,800,RGB,317784,dafa31d8f397bb8660f97ccb7df3358135a9a73bccbeec4f29cad8cee7ddae1d,True,ok,641-1024
train,shiyan/data3/images/train/2012.jpg,2012,2012,.jpg,800,800,RGB,421603,6a97689dc2a79e96ed6f834f1b39f8a482bf1204b43bdc2d6acbce079d9c4cf4,True,ok,641-1024
train,shiyan/data3/images/train/2013.jpg,2013,2013,.jpg,800,800,RGB,419089,23821ab79de0bfc0ee9bc0f57e4e7d0a57d6a6bbd8c2045c75c7f5e7f18aecbe,True,ok,641-1024
train,shiyan/data3/images/train/2014.jpg,2014,2014,.jpg,800,800,RGB,409358,2b4b9edb60cb25fd8c89f8bb36b448f28439ab38936c6c8839aa54a30e15ca45,True,ok,641-1024
train,shiyan/data3/images/train/2015.jpg,2015,2015,.jpg,800,800,RGB,257895,644ca00d1e8c63585aa803d1ed589d08ec9d5999db7f038db7e70a36b17b3ef5,True,ok,641-1024
train,shiyan/data3/images/train/2016.jpg,2016,2016,.jpg,800,800,RGB,535480,b765358cb923669cdc8be7a55757068fca0ea03929ff0cc15dfbb75499b8d982,True,ok,641-1024
train,shiyan/data3/images/train/2017.jpg,2017,2017,.jpg,800,800,RGB,321300,c2ed62de2463ea5bda100042e5763c8dc4f2ba5425cb6535db01fe147a0cbf17,True,ok,641-1024
train,shiyan/data3/images/train/2018.jpg,2018,2018,.jpg,800,800,RGB,338232,d7df1971b56795065b70abb4e83da5aaa3425f245b7ce6a3b8411fdd51a12af5,True,ok,641-1024
train,shiyan/data3/images/train/2019.jpg,2019,2019,.jpg,800,800,RGB,335249,7f0920caa85526163b7b7b4307e1a8e452e080719d70bc6a2fa24f3c74bec0dd,True,ok,641-1024
train,shiyan/data3/images/train/2020.jpg,2020,2020,.jpg,800,800,RGB,341996,15706ec6416845e0d5a26533b80cd21344c8b25d532d1f46e95dd6731e11d378,True,ok,641-1024
train,shiyan/data3/images/train/2021.jpg,2021,2021,.jpg,800,800,RGB,290840,b3f6cc18f9307a5cc2eeebe901f8606d3909707fef8cedffce05da529b1678f3,True,ok,641-1024
train,shiyan/data3/images/train/2022.jpg,2022,2022,.jpg,800,800,RGB,298364,5fc6cc1051d2c8ea9b3c4cf5c13b6afccfda258dfb1e5af66068e6b8120102ce,True,ok,641-1024
train,shiyan/data3/images/train/2023.jpg,2023,2023,.jpg,800,800,RGB,274030,dfa94ba6e50f8e19470555d5649ca09a333e68a8c42aed521838e692adafc8c4,True,ok,641-1024
train,shiyan/data3/images/train/2024.jpg,2024,2024,.jpg,800,800,RGB,287014,965270aee890ca18b07f264179f9c08005b379581f6ed4be376f3d97679f3642,True,ok,641-1024
train,shiyan/data3/images/train/2025.jpg,2025,2025,.jpg,800,800,RGB,292121,632c31cacc38ae9a337ce5b28321b0711017cb657594add86fc756044b718221,True,ok,641-1024
train,shiyan/data3/images/train/2026.jpg,2026,2026,.jpg,800,800,RGB,228919,b00db5b0a5da1d3aabfcfa248b92d7a7f5eecc90ed3bee640a82c074f0ac4659,True,ok,641-1024
train,shiyan/data3/images/train/2027.jpg,2027,2027,.jpg,800,800,RGB,393539,79e0c6f0bad9bef3e971f29948ea12fad7be14fa7141d684aef98e9193dba019,True,ok,641-1024
train,shiyan/data3/images/train/2028.jpg,2028,2028,.jpg,800,800,RGB,572668,e027717ea189f93cf4d246b65d181f5e5366ee99c5ccf01c579b3ef2d175fca3,True,ok,641-1024
train,shiyan/data3/images/train/2029.jpg,2029,2029,.jpg,800,800,RGB,307594,b9cd4c0ad8a8ed399f08847670f32ea2c93cdabf0491832cd6407077f30cf5bf,True,ok,641-1024
train,shiyan/data3/images/train/2030.jpg,2030,2030,.jpg,800,800,RGB,388526,e3e9245806d1d5d32b7a98ca9eedeabc0a216e21f1e9227282695373b5091c6e,True,ok,641-1024
train,shiyan/data3/images/train/2031.jpg,2031,2031,.jpg,800,800,RGB,249505,13a3b37bdba32e3a1395984eb351f19f2a543fa5113318cbf24b5774aa706531,True,ok,641-1024
train,shiyan/data3/images/train/2032.jpg,2032,2032,.jpg,800,800,RGB,356791,f57a34595836627361ff9f9ca444f5d2b00e973864dc1d4255a6ea78000f4534,True,ok,641-1024
train,shiyan/data3/images/train/2033.jpg,2033,2033,.jpg,800,800,RGB,429241,0271b4396b78d5ae02c60b4f5e27af81c60096d5165eee1715762ccbf0975062,True,ok,641-1024
train,shiyan/data3/images/train/2034.jpg,2034,2034,.jpg,800,800,RGB,269909,cddd9b423835c3612b37b6bb1f1a1ba33723b12a868df58d8f3c3cd435248ede,True,ok,641-1024
train,shiyan/data3/images/train/2035.jpg,2035,2035,.jpg,800,800,RGB,369647,f2508893da08880aad077ef9459c0d95cb5ccbaec18e64fb2ac8bf4ce6cbbc71,True,ok,641-1024
train,shiyan/data3/images/train/2036.jpg,2036,2036,.jpg,800,800,RGB,369161,a24182f4b4753ee06ba20e44554029f4d7c4d5b776e5cbceac217de765cd7d2b,True,ok,641-1024
train,shiyan/data3/images/train/2037.jpg,2037,2037,.jpg,800,800,RGB,250544,33217495d57b3409269ae23c85c278b235b8effbf6ca1072f647a33837ff9c7c,True,ok,641-1024
train,shiyan/data3/images/train/2038.jpg,2038,2038,.jpg,800,800,RGB,274434,1664be6d8a74e43ab124635c2c36219fb0a59d34b3dc6e756963fd493f193dcd,True,ok,641-1024
train,shiyan/data3/images/train/2039.jpg,2039,2039,.jpg,800,800,RGB,316219,af0efe3835a8802039375fbad5a1502d91ad1759341f54cd86b0679cf23ccbbd,True,ok,641-1024
train,shiyan/data3/images/train/2040.jpg,2040,2040,.jpg,800,800,RGB,280813,27b71f2ab220e98f3194b7d29c87bee6f347b8dcebf3dbb16d22d45cb42928e7,True,ok,641-1024
train,shiyan/data3/images/train/2041.jpg,2041,2041,.jpg,800,800,RGB,365330,990be3ed970f5ca9b830e1f389d6922531b93c4a72162eb56006f3b1a30160c3,True,ok,641-1024
train,shiyan/data3/images/train/2042.jpg,2042,2042,.jpg,800,800,RGB,323059,bb0f26ef3cf88811b9f560691169f6fce280c1dfb604740397134913dc4b2430,True,ok,641-1024
train,shiyan/data3/images/train/2043.jpg,2043,2043,.jpg,800,800,RGB,408515,58f2f555221699f6b906747e1cb943a3925c9a04a2ba126ffc5bb746ae764d14,True,ok,641-1024
train,shiyan/data3/images/train/2044.jpg,2044,2044,.jpg,800,800,RGB,440668,4c55f46db0d871841ab4ce9e5292946a852021fbd9be679726027aef0e410a1a,True,ok,641-1024
train,shiyan/data3/images/train/2045.jpg,2045,2045,.jpg,800,800,RGB,340155,33bd18a0f016996cc004812e1a0adc48b5a8e8c680ed0157d0c5311873984a83,True,ok,641-1024
train,shiyan/data3/images/train/2046.jpg,2046,2046,.jpg,800,800,RGB,354004,332b1b5b887c15a461f66bffe83b3f73773d34eac2ca5df9eecfdb3f2dd337ce,True,ok,641-1024
train,shiyan/data3/images/train/2047.jpg,2047,2047,.jpg,800,800,RGB,414498,6d554c7198e64f640046585d909af76ded54bdf26ff0c64dcea1ad387a57bec2,True,ok,641-1024
train,shiyan/data3/images/train/2048.jpg,2048,2048,.jpg,800,800,RGB,215885,c908c99ce5665d5840f450e1a24dc8c716883dae61d84765165246f93811ca35,True,ok,641-1024
train,shiyan/data3/images/train/2049.jpg,2049,2049,.jpg,800,800,RGB,395775,17abfbde7b36df34dca0f48271c3145e884187c55671d4e36222973318c2f0e9,True,ok,641-1024
train,shiyan/data3/images/train/2050.jpg,2050,2050,.jpg,750,750,RGB,65694,c4e62300e1d8c56a8041055b10328584cb91f5b307f20c83603bc055f090572c,True,ok,641-1024
train,shiyan/data3/images/train/2051.jpg,2051,2051,.jpg,800,800,RGB,286721,48eabc5a9f4f1a8b1e0c196b37d0384936ad325794b61dfb6b4fcaaa6de94f07,True,ok,641-1024
train,shiyan/data3/images/train/2052.jpg,2052,2052,.jpg,800,800,RGB,429179,53b700d0776b6e2f01593ed3b1420679c9295e3882321f2ea6ed67ac0df7cfb5,True,ok,641-1024
train,shiyan/data3/images/train/2053.jpg,2053,2053,.jpg,800,800,RGB,445687,a6a2cbb5aae22643c33391a3cbcbae0f70970ba3a7cf0d49d7db1fb59e7cb4fa,True,ok,641-1024
train,shiyan/data3/images/train/2054.jpg,2054,2054,.jpg,800,800,RGB,378295,f0146ad568a8d25dfed5522c147637245fc047777a6286506ff69dd2b53d7d0c,True,ok,641-1024
train,shiyan/data3/images/train/2055.jpg,2055,2055,.jpg,800,800,RGB,315279,ef3a24b22118a30458f230293d4306f02089b36a8a7ce77d9ecdfd05bc766e32,True,ok,641-1024
train,shiyan/data3/images/train/2056.jpg,2056,2056,.jpg,800,800,RGB,450422,618d39ae694515ceff14a2daa675b3d5fd35eff49537f5bd1bdf92ad10b613ed,True,ok,641-1024
train,shiyan/data3/images/train/2057.jpg,2057,2057,.jpg,800,800,RGB,396694,048c2801dd60b333f02efc5d7ca9d8b6c76a2f9af71ae6cf803f7a54af77bf6a,True,ok,641-1024
train,shiyan/data3/images/train/2058.jpg,2058,2058,.jpg,800,800,RGB,412467,cf5307356d00025770ee700360796b77d002332b0d328bd1d75a069222620756,True,ok,641-1024
train,shiyan/data3/images/train/2059.jpg,2059,2059,.jpg,800,800,RGB,336619,6c2615061b74b5f8fcb28bd266bce7c6f51f32d42a2eb3166c76783686ecc07d,True,ok,641-1024
train,shiyan/data3/images/train/2060.jpg,2060,2060,.jpg,732,732,RGB,23420,d5b00ea97c366506a0e938f1418d412e52d6b718a850982053515510888ca672,True,ok,641-1024
train,shiyan/data3/images/train/2061.jpg,2061,2061,.jpg,800,800,RGB,436169,2f18864627edf88f0e2e343a8c8019e5c1c661a43d17c16b83d8ea3996f9bd04,True,ok,641-1024
train,shiyan/data3/images/train/2062.jpg,2062,2062,.jpg,800,800,RGB,355878,1824c1f22c2f9120b987b3457e3d4b66fca85c462d2b9f43837173a51b2b8fa3,True,ok,641-1024
train,shiyan/data3/images/train/2063.jpg,2063,2063,.jpg,800,800,RGB,406722,e3d702ffc89b2f17d74446d8bd7d14b757babc5af4884ce4222f668175b09375,True,ok,641-1024
train,shiyan/data3/images/train/2064.jpg,2064,2064,.jpg,800,800,RGB,328433,953dd1c485b8274ae812149db78c7b214f1cfff2b48c8e9fa63ec2f4412fb75c,True,ok,641-1024
train,shiyan/data3/images/train/2065.jpg,2065,2065,.jpg,800,800,RGB,352933,4e1b9f2116627cbfbf09116498077908235df2a9193754813aba617fcd1143bb,True,ok,641-1024
train,shiyan/data3/images/train/2066.jpg,2066,2066,.jpg,800,800,RGB,390794,c3d613dbbff95fe147f7e11c0ef91431a9ad3fb4dffa4619a612494c4dc8572a,True,ok,641-1024
train,shiyan/data3/images/train/2067.jpg,2067,2067,.jpg,800,800,RGB,438105,e0825beb4703d199df329e2ddd81010b8ac3f862bc5daaa7317fd5a42381dd29,True,ok,641-1024
train,shiyan/data3/images/train/2068.jpg,2068,2068,.jpg,800,800,RGB,376002,86fe2b6b94546fde48e9d942e7caf8f39d6d96bf38d46e2c9f2dcf27b20602f8,True,ok,641-1024
train,shiyan/data3/images/train/2069.jpg,2069,2069,.jpg,800,800,RGB,372540,d5633025a8f65e99eb015b86527c07884467529df850ff7647cfd52b2ff6f29b,True,ok,641-1024
train,shiyan/data3/images/train/2070.jpg,2070,2070,.jpg,800,800,RGB,354673,56038a69d7d375150521e722281944572d4b62bdee7e0f8694ad6336a0c90fac,True,ok,641-1024
train,shiyan/data3/images/train/2071.jpg,2071,2071,.jpg,800,800,RGB,489494,1a513dd090a1c17b743b94e5a46e5f8954d8bc7302d973aa14df40d4ecb1f3e1,True,ok,641-1024
train,shiyan/data3/images/train/2072.jpg,2072,2072,.jpg,800,800,RGB,304507,21443b9270711ba271023a8d59e68e95ae63fc7a94d2d97d8b755bdfbe6b34a5,True,ok,641-1024
train,shiyan/data3/images/train/2073.jpg,2073,2073,.jpg,800,800,RGB,355592,be793f8c2b2be970bf7c2d47a4f9ff3957be5edbc2f86627c43a5625f9a53f03,True,ok,641-1024
train,shiyan/data3/images/train/2074.jpg,2074,2074,.jpg,800,800,RGB,541321,1fc74ee8216ac6656136e5e8c3a10f900f8c8bfb18b96c7e2ef4815dbb79b847,True,ok,641-1024
train,shiyan/data3/images/train/2075.jpg,2075,2075,.jpg,800,800,RGB,419959,e8a7a8447d3b2a8f53e6436459d3d7eece2546e7010893c8a274c840bff8ca09,True,ok,641-1024
train,shiyan/data3/images/train/2076.jpg,2076,2076,.jpg,800,800,RGB,261629,279e66b4cdf627247a094544731dbbd693418fba4928fa70bb81185e9b74f053,True,ok,641-1024
train,shiyan/data3/images/train/2077.jpg,2077,2077,.jpg,800,800,RGB,432395,c2846385db6e9247d7f7c6b55902ec1fe83266d4a8df2cdf7a71709a5fe7051a,True,ok,641-1024
train,shiyan/data3/images/train/2078.jpg,2078,2078,.jpg,922,857,RGB,121266,d407eb6eba5eed0c8707685698284d334501eadacda4fb9c11b1b6e3259d63e6,True,ok,641-1024
train,shiyan/data3/images/train/2079.jpg,2079,2079,.jpg,780,737,RGB,56358,1e08c379c9b35222d33ced76e256935efac10152e110cf084caef462638a5bca,True,ok,641-1024
train,shiyan/data3/images/train/2080.jpg,2080,2080,.jpg,800,800,RGB,292102,17cdb514984d416fd578694a9039a0fbe82e7e735c9acf49de8f0c221bec6c94,True,ok,641-1024
train,shiyan/data3/images/train/2081.jpg,2081,2081,.jpg,800,800,RGB,353341,5931a3dd82d2c279c3b062ce1070109761a06442fa8e7c89a4dd39d76b1650b4,True,ok,641-1024
train,shiyan/data3/images/train/2082.jpg,2082,2082,.jpg,800,800,RGB,333866,92608a8d708530982d01561e6f961942bda2c01569d4e50a7bf87b21b1e94c90,True,ok,641-1024
train,shiyan/data3/images/train/2083.jpg,2083,2083,.jpg,800,800,RGB,335320,ee76de57762301a961cbc9966590a6a63770853dcc5a431f5ca61da70d595012,True,ok,641-1024
train,shiyan/data3/images/train/2084.jpg,2084,2084,.jpg,800,800,RGB,271113,b02e1241d39103717c81eda7d4c8a61eea3efc48295f98e6698de8bee34a8908,True,ok,641-1024
train,shiyan/data3/images/train/2085.jpg,2085,2085,.jpg,800,800,RGB,323804,c601e6c3cfe9b33b1eb8608b1f336335aee71cf199e0a127c39eb9057f94a242,True,ok,641-1024
train,shiyan/data3/images/train/2086.jpg,2086,2086,.jpg,800,800,RGB,364887,09c463444d16bb503caa148733850e50a70d050b19238955fda0ea37313f087a,True,ok,641-1024
train,shiyan/data3/images/train/2087.jpg,2087,2087,.jpg,800,800,RGB,325126,5cfc942efeec7009c4f585a76295532b09edcac30dd347e9eef32123e88b0b25,True,ok,641-1024
train,shiyan/data3/images/train/2088.jpg,2088,2088,.jpg,800,800,RGB,419586,657c88f712087b4c790f7752c5d7ad6f32885d9004db8009e3c49e25c915312d,True,ok,641-1024
train,shiyan/data3/images/train/2089.jpg,2089,2089,.jpg,800,800,RGB,219008,93f03d523ea1f567fb72da7b7d42188e640e0587bced9fdb2e67c69508bd18c0,True,ok,641-1024
train,shiyan/data3/images/train/2090.jpg,2090,2090,.jpg,800,800,RGB,383327,3c626db66d47258dad08763db59936d9a45906c2df30683f46288fc23ccec517,True,ok,641-1024
train,shiyan/data3/images/train/2091.jpg,2091,2091,.jpg,800,800,RGB,271558,73528c34f5bf535be3eb79173f9f54a16f15144e8ef21237b48233b3691fecce,True,ok,641-1024
train,shiyan/data3/images/train/2092.jpg,2092,2092,.jpg,800,800,RGB,253232,4aab17c57f4a41eec806306931475bac0bd67b876be9d6a81cb85cb6e2cd290c,True,ok,641-1024
train,shiyan/data3/images/train/2093.jpg,2093,2093,.jpg,800,800,RGB,525686,f42112d9bc2a9800c8905892d349c1965f0a309bb22ecc759b3afb4536407504,True,ok,641-1024
train,shiyan/data3/images/train/2094.jpg,2094,2094,.jpg,800,800,RGB,434532,6f4fd7ef7e2eeb13e03134c8d1597781fca997164eea4c57a365cff5833bc4e5,True,ok,641-1024
train,shiyan/data3/images/train/2095.jpg,2095,2095,.jpg,800,800,RGB,338594,30ceb5b320608b67b76ad9d4d0a4d5f937be30bac6f8996fb6d79cf08293e159,True,ok,641-1024
train,shiyan/data3/images/train/2096.jpg,2096,2096,.jpg,800,800,RGB,355916,18f7f2ef6451c1b564d5dc51525d63715e2d879d8b717beb705bcd42f51fe3c1,True,ok,641-1024
train,shiyan/data3/images/train/2097.jpg,2097,2097,.jpg,800,800,RGB,292270,c5ca31a5c598302b5e3114268294483840956b95d3832c8e7979f9a72036c6f2,True,ok,641-1024
train,shiyan/data3/images/train/2098.jpg,2098,2098,.jpg,800,800,RGB,417495,e080c1d2effd75c7c1cdbea9ac9a176d12958f328bcc874b35b44bceb6062e99,True,ok,641-1024
train,shiyan/data3/images/train/2099.jpg,2099,2099,.jpg,800,800,RGB,393574,a4c97ec4e5686f2ddf0be6ae1185e5f86e4832ebcefe9fb891913f0b740a6bc5,True,ok,641-1024
train,shiyan/data3/images/train/2100.jpg,2100,2100,.jpg,736,736,RGB,41153,03d08e54abb8328d51d62c8715454a2c485c4527304c8138ac0a0c95ba43e092,True,ok,641-1024
train,shiyan/data3/images/train/2101.jpg,2101,2101,.jpg,800,800,RGB,406775,ad91de5c41845e1d813d08791356495a39208e9b44a3ab04628aaea26b279765,True,ok,641-1024
train,shiyan/data3/images/train/2102.jpg,2102,2102,.jpg,800,800,RGB,266262,91c6408d121109d2f5c0cdea274c03b9e3ccb0b61fd9ba4cf490f9121033dd66,True,ok,641-1024
train,shiyan/data3/images/train/2103.jpg,2103,2103,.jpg,800,800,RGB,254505,e1ac57cab30fe46198dc06979ec23b27cc7b6f347d5bd6dbd3b534d1cd8f645e,True,ok,641-1024
train,shiyan/data3/images/train/2104.jpg,2104,2104,.jpg,800,800,RGB,313685,d28b4bddb49facfe43666505a9d7f29b384f6c20779bfd27302f5e2d4a1376df,True,ok,641-1024
train,shiyan/data3/images/train/2105.jpg,2105,2105,.jpg,800,800,RGB,254391,37970817efe6f93e94f5c451a02a87fccaa99f27467bd09d5cc4f3fd4a516289,True,ok,641-1024
train,shiyan/data3/images/train/2106.jpg,2106,2106,.jpg,800,800,RGB,234663,9eded68702215248190eff4e16d40d577a2d53bb59fc243f324b39952756ab67,True,ok,641-1024
train,shiyan/data3/images/train/2107.jpg,2107,2107,.jpg,800,800,RGB,432199,af7571e9619a5e85dcf240f27d1e0dd2aa2f58608d98f6b2377950c63fd342f4,True,ok,641-1024
train,shiyan/data3/images/train/2108.jpg,2108,2108,.jpg,800,800,RGB,261834,a15935d701bd72bd9eb98f5ba3d709223de1bb83260932087f05467be7ab6506,True,ok,641-1024
train,shiyan/data3/images/train/2109.jpg,2109,2109,.jpg,800,800,RGB,336328,7c67bffd354fd97c60daa1cae3546d2dcc0d85e2205a59af3e5eacac5914da5d,True,ok,641-1024
train,shiyan/data3/images/train/2110.jpg,2110,2110,.jpg,800,800,RGB,385291,9429abf5e27b95ea90e64262cd367db36555945c076993c20fda516a5a208e8e,True,ok,641-1024
train,shiyan/data3/images/train/2111.jpg,2111,2111,.jpg,800,800,RGB,436194,e79cb6f06913dd9f167a8abf72a111ee03b6646eb5fefcddb588b34998610ddb,True,ok,641-1024
train,shiyan/data3/images/train/2112.jpg,2112,2112,.jpg,800,800,RGB,260121,7eca4c2895213d0ab29f03a0d299e37f98789aad60fbcb7aee43a10cbdf68b6f,True,ok,641-1024
train,shiyan/data3/images/train/2113.jpg,2113,2113,.jpg,800,800,RGB,293233,d9308eb2b957fc7b645e6984a388f5476b1429b152eea2d2ecd3129b97a32a9e,True,ok,641-1024
train,shiyan/data3/images/train/2114.jpg,2114,2114,.jpg,800,800,RGB,415178,0200c68da2e62448e8502ead1bad7dc5dcfc98eac3e897c440548f37f4adbb8d,True,ok,641-1024
train,shiyan/data3/images/train/2115.jpg,2115,2115,.jpg,800,800,RGB,364394,5df8499edabe9aac1fea05bab7b66abc6fa458a49beaa4a30311b303c500fed5,True,ok,641-1024
train,shiyan/data3/images/train/2116.jpg,2116,2116,.jpg,800,800,RGB,450833,d07a86d8baa22fc02449fcc6351b62073f00b325b4f3a1e1d953bb4e20e6440a,True,ok,641-1024
train,shiyan/data3/images/train/2117.jpg,2117,2117,.jpg,800,800,RGB,370283,89488a1aaac21effd174d4f68581ba3b1a4092c0225eb87d9118764e64bdd37c,True,ok,641-1024
train,shiyan/data3/images/train/2118.jpg,2118,2118,.jpg,751,751,RGB,60567,e81f6593177f1f4c45ecfbed8810fba7930dcd05fe8658aab944370a1d03d983,True,ok,641-1024
train,shiyan/data3/images/train/2119.jpg,2119,2119,.jpg,800,800,RGB,352894,6646749c7b5979c28c31bff5b9bd99e089351357bf01cc60c8e35bc4252b4e65,True,ok,641-1024
train,shiyan/data3/images/train/2120.jpg,2120,2120,.jpg,800,800,RGB,373670,a5bae0b77d8dce8a4cb8d9bbb8556fecc61550f88ce77969420e769b1bf354db,True,ok,641-1024
train,shiyan/data3/images/train/2121.jpg,2121,2121,.jpg,800,800,RGB,371936,b0fc67c7bf807f7784914ef3c05bce9eb23f1536e9502550c46d4eb5e9c2bd2d,True,ok,641-1024
train,shiyan/data3/images/train/2122.jpg,2122,2122,.jpg,800,800,RGB,389396,91609633ab26721cbe3ee617dc4f954408fb2c1cce29cff743aedd3ddd254d5a,True,ok,641-1024
train,shiyan/data3/images/train/2123.jpg,2123,2123,.jpg,800,800,RGB,421136,ba42f883c186df860f1a8376cbbad3feadea418a6fb02ac498b871d624f45f6f,True,ok,641-1024
train,shiyan/data3/images/train/2124.jpg,2124,2124,.jpg,800,800,RGB,386946,f319bbdd170c9b2a13736b702525c070d47dadf911cb5bdfba93b2ee9a1b0de1,True,ok,641-1024
train,shiyan/data3/images/train/2125.jpg,2125,2125,.jpg,800,800,RGB,340457,b3dfa8f00d4d2ddf92117d036e42ef307b77717f9e15ed10bdbac642f56ad8d2,True,ok,641-1024
train,shiyan/data3/images/train/2126.jpg,2126,2126,.jpg,800,800,RGB,366443,3011f76c6ccf8081541788b2d387e20d026b3b334fe275ed78f69dbff11a4c3e,True,ok,641-1024
train,shiyan/data3/images/train/2127.jpg,2127,2127,.jpg,800,800,RGB,502802,6751c36694319766bb87bd115a06916edb85e4b869529b9ada9667667cb81d73,True,ok,641-1024
train,shiyan/data3/images/train/2128.jpg,2128,2128,.jpg,800,800,RGB,454995,f1795991121c8dbdf6bff370a497f7aef7e27331e25a20268e72c63ddd86ff02,True,ok,641-1024
train,shiyan/data3/images/train/2129.jpg,2129,2129,.jpg,748,748,RGB,51155,4433137515e21c677a91a69df5b84ee3ec1bc60336adfcbfad53d4073f1e8953,True,ok,641-1024
train,shiyan/data3/images/train/2130.jpg,2130,2130,.jpg,800,800,RGB,290022,d5b2064eca4b1a137c46aebcbd64efa6a1ab06f5489c407d1b612fb6f98a5287,True,ok,641-1024
train,shiyan/data3/images/train/2131.jpg,2131,2131,.jpg,800,800,RGB,248609,d4b04e5a957f1acbc3524621ae6c73fcd9fc587d7ea0a6c349dfaae4f9f1f5e9,True,ok,641-1024
train,shiyan/data3/images/train/2132.jpg,2132,2132,.jpg,800,800,RGB,228981,663b75983515325fb287fb602d0fd11bafabf86541604b621fde544cbd8cf666,True,ok,641-1024
train,shiyan/data3/images/train/2133.jpg,2133,2133,.jpg,800,800,RGB,383286,50c81e32ef8ca5e7cfbf817e93aebb142c24ef315304f909112630a44a83fb1f,True,ok,641-1024
train,shiyan/data3/images/train/2134.jpg,2134,2134,.jpg,800,800,RGB,301323,ad5b762f536f3de37f1862e9988f77fc73a372bbdbfd5abc4c8b18d288c6a45e,True,ok,641-1024
train,shiyan/data3/images/train/2135.jpg,2135,2135,.jpg,800,800,RGB,278976,e88c257874f14972449ab1ba63cd665a8c7d18974273ab22c0a53f23efba9ca7,True,ok,641-1024
train,shiyan/data3/images/train/2136.jpg,2136,2136,.jpg,800,800,RGB,314964,213b0b01d8f9f62696a4b9455ddb829f0d3b5c13028af68d1e3d8797471dad2a,True,ok,641-1024
train,shiyan/data3/images/train/2137.jpg,2137,2137,.jpg,800,800,RGB,240726,069f2678d8c76ce33d1b367df506c236bf9e1a974795aeacefa1441de18c95f0,True,ok,641-1024
train,shiyan/data3/images/train/2138.jpg,2138,2138,.jpg,800,800,RGB,288308,be85513a62f2991fa33dc30baedc308292ec59c76bfc99ebbd8c8b97bb06dbc8,True,ok,641-1024
train,shiyan/data3/images/train/2139.jpg,2139,2139,.jpg,800,800,RGB,221733,941a776a60fac86ed537ada2bc5f66787fc60048f9eb06a89b483dbb2064f681,True,ok,641-1024
train,shiyan/data3/images/train/2140.jpg,2140,2140,.jpg,751,751,RGB,70065,3c5a7996dd64d6125b63aef4db2809c19087c37ecef392e2e74a05c84cfe4b3c,True,ok,641-1024
train,shiyan/data3/images/train/2141.jpg,2141,2141,.jpg,800,800,RGB,247134,a133230c9a20ae0c749a75d484f2e198e0b5284acc37bacad19d6ea4f9384a10,True,ok,641-1024
train,shiyan/data3/images/train/2142.jpg,2142,2142,.jpg,800,800,RGB,282003,7339da37128e74334f4b7f4eaf601d8cf907431b8bda2d61cbd7462ae3db1dcd,True,ok,641-1024
train,shiyan/data3/images/train/2143.jpg,2143,2143,.jpg,800,800,RGB,328812,177b958f8bf34b8669dd224c5fe48e7a8dd101b3c0cf20906b5eb0165a9c812f,True,ok,641-1024
train,shiyan/data3/images/train/2144.jpg,2144,2144,.jpg,800,800,RGB,418199,2d28be9b6c7b756197c64e23537ed5c93ca945ec7f364241622c6848cae8731f,True,ok,641-1024
train,shiyan/data3/images/train/2145.jpg,2145,2145,.jpg,800,800,RGB,249752,6f58c8db817e420e13cc4a2bbb99759258b109a91ac37d469c9d92ebfa34d748,True,ok,641-1024
train,shiyan/data3/images/train/2146.jpg,2146,2146,.jpg,800,800,RGB,240438,abe6240c762fa2f452249c01c747c6f38f65f7bdfd3dd7f691749f3d1d9a99d6,True,ok,641-1024
train,shiyan/data3/images/train/2147.jpg,2147,2147,.jpg,800,800,RGB,329109,51d08dddd34b7bc862be3294b050cba039260e1f8128a97d897e2daf67c5729b,True,ok,641-1024
train,shiyan/data3/images/train/2148.jpg,2148,2148,.jpg,800,800,RGB,319063,c917fd0c0562b5f4163c52344fb2973cbbf11033cca5e4d1cb5c5fb4ca5cab24,True,ok,641-1024
train,shiyan/data3/images/train/2149.jpg,2149,2149,.jpg,800,800,RGB,270900,d3e18e24152c25d5f36911fb9b4c113fec0342675e184e42ce472970265f5bf2,True,ok,641-1024
train,shiyan/data3/images/train/2150.jpg,2150,2150,.jpg,800,800,RGB,216048,0487d89f92a2edc5baf749ca2ac11193a15363fbbf46f118403037d59ee84a3b,True,ok,641-1024
train,shiyan/data3/images/train/2151.jpg,2151,2151,.jpg,800,800,RGB,437080,ab58e37d29028423df0f6a7990c36244acc6850d5e074c0ddab47abf406cb59f,True,ok,641-1024
train,shiyan/data3/images/train/2152.jpg,2152,2152,.jpg,800,800,RGB,381298,c1ef9bd5c7f55ea20e7a6611207ae2a59f24e334d029e2e32c5e30b26a0e2829,True,ok,641-1024
train,shiyan/data3/images/train/2153.jpg,2153,2153,.jpg,800,800,RGB,414382,56ddeb6cec9f5af6356cd9f27c49be1fafcf72c7ec1bc1a1898a60fad868f9a5,True,ok,641-1024
train,shiyan/data3/images/train/2154.jpg,2154,2154,.jpg,751,751,RGB,47102,4c29d000dbe9c72da02cf52a5994428638afd646d94431531dcd3de3e854d6f7,True,ok,641-1024
train,shiyan/data3/images/train/2155.jpg,2155,2155,.jpg,800,800,RGB,419714,b829acaed4a0a7239013c549fc25a9126ba941356f4d6762d8780eb20fe13b04,True,ok,641-1024
train,shiyan/data3/images/train/2156.jpg,2156,2156,.jpg,800,800,RGB,447304,cbc05cbe53c9566ad1847b572544c538173c601984e6d57f5c0eda750596f81e,True,ok,641-1024
train,shiyan/data3/images/train/2157.jpg,2157,2157,.jpg,800,800,RGB,331753,468edbaf8d6b5afb9fe2601f8416a1b8ff0f2faf3e4aa5e49faacd8d9f47676d,True,ok,641-1024
train,shiyan/data3/images/train/2158.jpg,2158,2158,.jpg,800,800,RGB,281544,3d23b2ac1577cee9e9f6ed817bda6df02baa985aa16cfad45680cb855c4766ce,True,ok,641-1024
train,shiyan/data3/images/train/2159.jpg,2159,2159,.jpg,800,800,RGB,295891,4114461974d3d83b3f314631f3a4aebabdd2c8e40601f532fc611691d45c609d,True,ok,641-1024
train,shiyan/data3/images/train/2160.jpg,2160,2160,.jpg,800,800,RGB,277603,da20d93ad5fe249cece6acb1eb622a9e88ff5203943a4ee3123591b8c10d50a7,True,ok,641-1024
train,shiyan/data3/images/train/2161.jpg,2161,2161,.jpg,800,800,RGB,290642,cfc4ec5b2fff929e22bb232607673431443426308237a66a176ff22f12c9b914,True,ok,641-1024
train,shiyan/data3/images/train/2162.jpg,2162,2162,.jpg,800,800,RGB,326621,7f5ea692d2515567b162210ed8360acd6f0659504a774a3a1ad651423afc355c,True,ok,641-1024
train,shiyan/data3/images/train/2163.jpg,2163,2163,.jpg,800,800,RGB,377346,8220cd02e08fa7cd809784e6d341ce2606b68c913880b7e3e52a6704e57d674e,True,ok,641-1024
train,shiyan/data3/images/train/2164.jpg,2164,2164,.jpg,800,800,RGB,469461,d8154685d8a55f3cef231e3c599abb688bab1bb0d609912f6a8afa0c4a8cf066,True,ok,641-1024
train,shiyan/data3/images/train/2165.jpg,2165,2165,.jpg,800,800,RGB,304892,a50f5c0a30ed48d3ec0d6036009959c8f08b8d1fd3306b190dc04e88ec26ef20,True,ok,641-1024
train,shiyan/data3/images/train/2166.jpg,2166,2166,.jpg,800,800,RGB,296350,aa280a280966868cc694bf25adbce16b1613906db00707aa5e899b6c0783d3ff,True,ok,641-1024
train,shiyan/data3/images/train/2167.jpg,2167,2167,.jpg,800,800,RGB,228092,fe6f5ce65c0768fc99694f39b6fc78054a4232ed02904c487045798587be62cd,True,ok,641-1024
train,shiyan/data3/images/train/2168.jpg,2168,2168,.jpg,800,800,RGB,266743,6b6e635a1d60c382de75d56e886f2680bafaff79693b20a11fc774a76598c339,True,ok,641-1024
train,shiyan/data3/images/train/2169.jpg,2169,2169,.jpg,800,800,RGB,249044,a4318a6167108c0d4de76c2d0abae1b4a269fe491c28c779202b409c97a64372,True,ok,641-1024
train,shiyan/data3/images/train/2170.jpg,2170,2170,.jpg,800,800,RGB,397989,c5c1f85605c88957e5a3a32f82ed6de96d4c5c82ad5d18dd1e130909b88c38f9,True,ok,641-1024
train,shiyan/data3/images/train/2171.jpg,2171,2171,.jpg,890,884,RGB,126689,8995bb74d592505b3f972ac7994e496f03a60515b801926915ac943b214e53a6,True,ok,641-1024
train,shiyan/data3/images/train/2172.jpg,2172,2172,.jpg,800,800,RGB,330108,c16236150dca850ffb37acef19390afa6c064c546fbe16c13669019d83f43014,True,ok,641-1024
train,shiyan/data3/images/train/2173.jpg,2173,2173,.jpg,800,800,RGB,338186,a33828e794ed6c22552e9c115f106de0bbbdf0e81a6e589fe4aacf09b4783a2e,True,ok,641-1024
train,shiyan/data3/images/train/2174.jpg,2174,2174,.jpg,800,800,RGB,258781,1acab97b941dc216c7a5a967b0213414ea120f9de16340aca9f5ab2ff7d63c21,True,ok,641-1024
train,shiyan/data3/images/train/2175.jpg,2175,2175,.jpg,800,800,RGB,310578,f1c8db868d25047baceb6a8c97e5c6a7df82c7ea457e43963225574722ea247c,True,ok,641-1024
train,shiyan/data3/images/train/2176.jpg,2176,2176,.jpg,800,800,RGB,287370,cb3ffdb6ffeebc0a34fbed32745210c39f1697e2d9d7fa5aebb6d10e76ea0848,True,ok,641-1024
train,shiyan/data3/images/train/2177.jpg,2177,2177,.jpg,800,800,RGB,309414,490bd7929a65db8f180cbb2df4193abe9154149489d791a905ccfdedcf0a4516,True,ok,641-1024
train,shiyan/data3/images/train/2178.jpg,2178,2178,.jpg,800,800,RGB,324492,ec9e30c3985badc64ae7e2895e913b06402203602c8fac119d3d993f546d1616,True,ok,641-1024
train,shiyan/data3/images/train/2179.jpg,2179,2179,.jpg,800,800,RGB,378567,6b6b748e66233e42fefbdf04c2e282b42012c7b3e328acda4e50018e4759c7f3,True,ok,641-1024
train,shiyan/data3/images/train/2180.jpg,2180,2180,.jpg,800,800,RGB,374807,f11ed4c8a48931bb59989da6c808d4e8845d2e7de34e8ae81d6ce131e058e7ed,True,ok,641-1024
train,shiyan/data3/images/train/2181.jpg,2181,2181,.jpg,800,800,RGB,295277,4a499011b70097f1bc70753e778214afae1164820ffd9383376f2c4be880c3fd,True,ok,641-1024
train,shiyan/data3/images/train/2182.jpg,2182,2182,.jpg,800,800,RGB,359876,ccd5fb0ccb4b43039c641c8815cc32990e68d3320c56f01c5799381015e07681,True,ok,641-1024
train,shiyan/data3/images/train/2183.jpg,2183,2183,.jpg,800,800,RGB,396943,fb1a1d8ad96fbd22737c438ca0cef99e57931cdb7266841ac92abd958d02e7b6,True,ok,641-1024
train,shiyan/data3/images/train/2184.jpg,2184,2184,.jpg,800,800,RGB,255010,76c8136bf22dec74a1d7b85df39f9f0ecf15e14657f2353bda61fce3df74c561,True,ok,641-1024
train,shiyan/data3/images/train/2185.jpg,2185,2185,.jpg,800,800,RGB,340246,86a93d9b6761b6c3a75dce9ffa6c018feb02371e13012e3a6c4a77bfc8069705,True,ok,641-1024
train,shiyan/data3/images/train/2186.jpg,2186,2186,.jpg,800,800,RGB,414088,347abf6c963ed3b5737d9c8f2424c7793714f098515207e0598631b02e7010bb,True,ok,641-1024
train,shiyan/data3/images/train/2187.jpg,2187,2187,.jpg,800,800,RGB,298545,25184d101faadd7443b1508302cbf4983ec155225415e9cde351812e8a386bb4,True,ok,641-1024
train,shiyan/data3/images/train/2188.jpg,2188,2188,.jpg,800,800,RGB,254101,5bd618f97fe9957209b6a11080b035c597918237f0cedd9568fd40edd2da0bdb,True,ok,641-1024
train,shiyan/data3/images/train/2189.jpg,2189,2189,.jpg,590,580,RGB,35711,b8157bc7458762424dcb66637cc5ee83ae2aa5849f616d00c703463c573c6cca,True,ok,<=640
train,shiyan/data3/images/train/2190.jpg,2190,2190,.jpg,800,800,RGB,237560,e137cc3b3b8bd7df122b1ddad6995836c66c13054bd3115f02d8592115f1eae7,True,ok,641-1024
train,shiyan/data3/images/train/2191.jpg,2191,2191,.jpg,800,800,RGB,192726,8f96bfba187add86a3c4bd416340a95f8ea5341974e8172ce5ed2a3115eba3a5,True,ok,641-1024
train,shiyan/data3/images/train/2192.jpg,2192,2192,.jpg,800,800,RGB,273718,9f683a495b76dbac84bfcdd73fa1c0bc43ed001ffe1bd90ec121362459144a58,True,ok,641-1024
train,shiyan/data3/images/train/2193.jpg,2193,2193,.jpg,800,800,RGB,369162,9a3e6be7012985d191c39cb06d4909a6e1b9ee88d627cead663cfe2520980ed3,True,ok,641-1024
train,shiyan/data3/images/train/2194.jpg,2194,2194,.jpg,800,800,RGB,321394,d1529ddb82a8c38f3db6f43a1e36461707aabd0997b6c7d259cb281248c021f2,True,ok,641-1024
train,shiyan/data3/images/train/2195.jpg,2195,2195,.jpg,800,800,RGB,420789,db433f57a0397bb9bcdee05d626bca6bf24518d31306e6ab320b33b2fe03cd8a,True,ok,641-1024
train,shiyan/data3/images/train/2196.jpg,2196,2196,.jpg,800,800,RGB,463047,f7cdcf3aaec3dde338308b7a660313ccbb4441b51cabc6d02c86ef1f84e98921,True,ok,641-1024
train,shiyan/data3/images/train/2197.jpg,2197,2197,.jpg,800,800,RGB,311956,1f73d642ba653cf6b5a647b4edfecdfd3e183325f93b3e455040069c7cdee8f9,True,ok,641-1024
train,shiyan/data3/images/train/2198.jpg,2198,2198,.jpg,800,800,RGB,300783,457ab460225b0fd9b2d13fe7cd649660f6d4d5dd44a9708df8153e1cff86720f,True,ok,641-1024
train,shiyan/data3/images/train/2199.jpg,2199,2199,.jpg,800,800,RGB,498654,c2a1475bab17f66cee7f432041cd97227394b88e2c5c2c196427fd365badd8db,True,ok,641-1024
train,shiyan/data3/images/train/2200.jpg,2200,2200,.jpg,800,800,RGB,361315,82fd515a78afcfcbbf5440c6ae5aae586c353fd5e7bd2b224dc6c0e47a67e385,True,ok,641-1024
train,shiyan/data3/images/train/2201.jpg,2201,2201,.jpg,800,800,RGB,330979,c63afd4522d3dec8fafe53babcfa3a853be4db915ab26b3fc57c54e7424817fe,True,ok,641-1024
train,shiyan/data3/images/train/2202.jpg,2202,2202,.jpg,800,800,RGB,365514,6390d25e0ca4608c2027f3f29588fd7a19db7f8a367193774528f86fe0b793cf,True,ok,641-1024
train,shiyan/data3/images/train/2203.jpg,2203,2203,.jpg,800,800,RGB,300512,7d31bd54d4038802798fb442b6a8837aeff85c840f96f0cca4d44604ccfeaf49,True,ok,641-1024
train,shiyan/data3/images/train/2204.jpg,2204,2204,.jpg,800,800,RGB,381266,5ea1c60acdaa1ebcbeaf1ed6d9a395468beedb5e0bf76371769ce975ce749446,True,ok,641-1024
train,shiyan/data3/images/train/2205.jpg,2205,2205,.jpg,800,800,RGB,251089,480a624e6c96ec1c59499deeb4e1096418b20cce17b49e5107de6d88ccf4e4f7,True,ok,641-1024
train,shiyan/data3/images/train/2206.jpg,2206,2206,.jpg,736,736,RGB,85424,4487a0f2e65afa1065daf947d49f47cc7b4ba00bd6c1c4f2dc69b1b920612d63,True,ok,641-1024
train,shiyan/data3/images/train/2207.jpg,2207,2207,.jpg,800,800,RGB,223123,40e08b26666a37839dda9f41c14ca3c6b300c2df411807e3e0fb66a10a99d8d4,True,ok,641-1024
train,shiyan/data3/images/train/2208.jpg,2208,2208,.jpg,800,800,RGB,577691,bf598429115c8fd4722b446492dc527a8c3aa07dbea3b246ff607e9baffed8f7,True,ok,641-1024
train,shiyan/data3/images/train/2209.jpg,2209,2209,.jpg,800,800,RGB,260681,f50a286d433d9e7b9126147b6b2a55701caf43a82b197bd39dddc09af3a1dc84,True,ok,641-1024
train,shiyan/data3/images/train/2210.jpg,2210,2210,.jpg,800,800,RGB,428521,7fd2a6603a17ec9626b94ab3d13748b20652b8188d4cadfb85c56ee49b0d479e,True,ok,641-1024
train,shiyan/data3/images/train/2211.jpg,2211,2211,.jpg,800,800,RGB,428447,18b8e82fe9e3ee0bda9e06a70ed4810a76aea40eb564d775462157670b87086d,True,ok,641-1024
train,shiyan/data3/images/train/2212.jpg,2212,2212,.jpg,800,800,RGB,380771,9322b592ac40cc5a6298d1c7799f6fb2f36b4e42d491e9b4e166a7a853f4b439,True,ok,641-1024
train,shiyan/data3/images/train/2213.jpg,2213,2213,.jpg,800,800,RGB,245096,2525c6e7d28234553bf956e5b41dc95bcd9625e148385ea0868a3d23f4d30c7d,True,ok,641-1024
train,shiyan/data3/images/train/2214.jpg,2214,2214,.jpg,800,800,RGB,257052,79f055a1f960ecd84a833e79bc71fa738b4c8a9ccf812b03b780f89e8dddb613,True,ok,641-1024
train,shiyan/data3/images/train/2215.jpg,2215,2215,.jpg,800,800,RGB,234080,0ec7838e7ccafb2884fb1a74ca77b224bcedd6ac70a4676a141682e335ea00c2,True,ok,641-1024
train,shiyan/data3/images/train/2216.jpg,2216,2216,.jpg,731,731,RGB,109999,ff707e78b016c73853871fd4ede1b1f8e0bcc69fbc85960c8ce72524915c8f6c,True,ok,641-1024
train,shiyan/data3/images/train/2217.jpg,2217,2217,.jpg,800,800,RGB,421802,c10ff7015eba6c63508d3c4e8f2b0a9cfb0221642c0ea1fb944a357ffaa9d777,True,ok,641-1024
train,shiyan/data3/images/train/2218.jpg,2218,2218,.jpg,800,800,RGB,228531,d6c658f4fc50237076ee7e99cde9dce05590ed116a008ea17d1af41d1bc22717,True,ok,641-1024
train,shiyan/data3/images/train/2219.jpg,2219,2219,.jpg,800,800,RGB,296104,b3234b7cc9b06419880798449450c0741899d891777dfbe219334b7bc61dae3b,True,ok,641-1024
train,shiyan/data3/images/train/2220.jpg,2220,2220,.jpg,800,800,RGB,390086,c453d0908c58a63aee31ac2bd3d26331471687693f19d6d50e9d98766c22906e,True,ok,641-1024
train,shiyan/data3/images/train/2221.jpg,2221,2221,.jpg,800,800,RGB,266181,b541bbfafe7f23726b33beb04d2f2d72c400cd9b05b1fa9f48807dad52103992,True,ok,641-1024
train,shiyan/data3/images/train/2222.jpg,2222,2222,.jpg,800,800,RGB,359139,af8bf10aede354a5d939ac42448ec79c8ab7c0630fcc82af17eabbfdbf465d93,True,ok,641-1024
train,shiyan/data3/images/train/2223.jpg,2223,2223,.jpg,800,800,RGB,354240,2bd86d8c41b4787af083b895686c0a206e5b232f91b81378525f3ac56e3fd7c5,True,ok,641-1024
train,shiyan/data3/images/train/2224.jpg,2224,2224,.jpg,800,800,RGB,397217,4fdf70ad5882a1d440313d7146047b523635afe12b7f110bb189af56bcc4bddb,True,ok,641-1024
train,shiyan/data3/images/train/2225.jpg,2225,2225,.jpg,800,800,RGB,256523,3a6d80bd7c0dbf3bd10b874c9d61180ea2216a33fb5a2851449123c5c30a793d,True,ok,641-1024
train,shiyan/data3/images/train/2226.jpg,2226,2226,.jpg,746,746,RGB,69694,bdf9dc0113033896a7c1bdc0d4aadde6d28b4320f7d7c81beca6e218cf77721b,True,ok,641-1024
train,shiyan/data3/images/train/2227.jpg,2227,2227,.jpg,800,800,RGB,285781,339496a7c28af8f54483489a89b07f4e8499ffe70e214cf4d088966ef1ce2f98,True,ok,641-1024
train,shiyan/data3/images/train/2228.jpg,2228,2228,.jpg,800,800,RGB,325729,89c1e7866db78aeb04fbf0e02f2cbc9bf1278085ab4ad9609726a1866f884636,True,ok,641-1024
train,shiyan/data3/images/train/2229.jpg,2229,2229,.jpg,800,800,RGB,325637,46b22980326ea00352768230aeaef37386e2a3144383106e0b1ab419f196443d,True,ok,641-1024
train,shiyan/data3/images/train/2230.jpg,2230,2230,.jpg,800,800,RGB,457331,ef67fcab196ab3218334a2981d165b492eb2a6012bbc9fa7ee6e8dda177cad3b,True,ok,641-1024
train,shiyan/data3/images/train/2231.jpg,2231,2231,.jpg,800,800,RGB,414052,414230a06375c3e2cd75eb0e4308243de0dbcc6d8682242e1ad6dc64fe23f521,True,ok,641-1024
train,shiyan/data3/images/train/2232.jpg,2232,2232,.jpg,800,800,RGB,347798,6d77c2be04a0a0a3bdd8f9537d5fd45c0122db769cca5fe09e84848a436c6e93,True,ok,641-1024
train,shiyan/data3/images/train/2233.jpg,2233,2233,.jpg,800,800,RGB,360667,721ca52ba77b926683e55c96ae16f4d8aa8fcccb227bd55589e2e0ecd5a978be,True,ok,641-1024
train,shiyan/data3/images/train/2234.jpg,2234,2234,.jpg,800,800,RGB,339059,782b19f1de9ab91f5036fb602453ab614d190317cf75c14ef0942d36e9a2e87b,True,ok,641-1024
train,shiyan/data3/images/train/2235.jpg,2235,2235,.jpg,800,800,RGB,385723,f0c9e2c6fe877f572f5ea6d4102906cda7d90ac626e1651b08af44d66885c548,True,ok,641-1024
train,shiyan/data3/images/train/2236.jpg,2236,2236,.jpg,751,751,RGB,74661,bde6d4bc23f825936df0daa3c421d6c5a57c23ea151c2369b6748d6ab1c57fba,True,ok,641-1024
train,shiyan/data3/images/train/2237.jpg,2237,2237,.jpg,800,800,RGB,405566,baf093c8cb31b6e935d71453b31b0149aedcd4fa314b75f98ad320c86774396f,True,ok,641-1024
train,shiyan/data3/images/train/2238.jpg,2238,2238,.jpg,800,800,RGB,364030,085a74120e98ae6f3a9d79ab6f3e3fb14f83ae4e5bddcce130637224e2679643,True,ok,641-1024
train,shiyan/data3/images/train/2239.jpg,2239,2239,.jpg,800,800,RGB,354512,cc496543ecf0f4fbe1fa408d8795f35e2edf3c8ed4fcb2e1c3cadaeafcb66d56,True,ok,641-1024
train,shiyan/data3/images/train/2240.jpg,2240,2240,.jpg,800,800,RGB,393932,14e65948af55d5192dae19c44dc1583976b7f0a12c8111fa34adf537ff4c0faa,True,ok,641-1024
train,shiyan/data3/images/train/2241.jpg,2241,2241,.jpg,800,800,RGB,307416,d42920b383cf4f545f55bdecfd71ebdc7c59ff0739de44b5da59ea8e0162779a,True,ok,641-1024
train,shiyan/data3/images/train/2242.jpg,2242,2242,.jpg,800,800,RGB,366957,8c8621f2350c3accbb6ed3dcf21ffc16cc4cc0dc3fd15676a7c605f218d97637,True,ok,641-1024
train,shiyan/data3/images/train/2243.jpg,2243,2243,.jpg,800,800,RGB,313650,77efa943fd474dfaab279cac9a27336547543e7ca5957bb9688ba7aebf11ebf4,True,ok,641-1024
train,shiyan/data3/images/train/2244.jpg,2244,2244,.jpg,800,800,RGB,383276,76e04eedc6e74d0b8260148dd40a28d79b36c8d5a11e756ed30c2c0487ae2ec2,True,ok,641-1024
train,shiyan/data3/images/train/2245.jpg,2245,2245,.jpg,800,800,RGB,553422,b567a9245511e8fceb1ceb63ad1e4493564a28c550f67d2ea0e5c7411febd8c8,True,ok,641-1024
train,shiyan/data3/images/train/2246.jpg,2246,2246,.jpg,734,734,RGB,35969,f964ee7d1a33b81b88d78d666d86378ad9424bd45efdbac1bf04111c2d0e65d9,True,ok,641-1024
train,shiyan/data3/images/train/2247.jpg,2247,2247,.jpg,800,800,RGB,282722,dfffafc080370b4483f0d74e4372ba867c01f16e8faea36ccc285160bfd2eb05,True,ok,641-1024
train,shiyan/data3/images/train/2248.jpg,2248,2248,.jpg,800,800,RGB,410572,f0467b6633931eaa776db6b102b8db1ae1926df9373e2e31f223a744c56dc859,True,ok,641-1024
train,shiyan/data3/images/train/2249.jpg,2249,2249,.jpg,800,800,RGB,359378,f82ab1686fb0e0cb1e7c63a56bdbd3e7024e1ba1a3f24c4b14752e20216aaf89,True,ok,641-1024
train,shiyan/data3/images/train/2250.jpg,2250,2250,.jpg,800,800,RGB,312947,c5a196fa885d4f9a953074a636a95e887ef3a787d17be51b3a856f98c39ac4a7,True,ok,641-1024
train,shiyan/data3/images/train/2251.jpg,2251,2251,.jpg,800,800,RGB,408015,e87e3fc94e8473504393056617198fb78842d96ed268f931066de8d35a422435,True,ok,641-1024
train,shiyan/data3/images/train/2252.jpg,2252,2252,.jpg,800,800,RGB,345766,a23d49bd370e689fb623c68466f831a26eb15c39936e6456c27718e9742527ba,True,ok,641-1024
train,shiyan/data3/images/train/2253.jpg,2253,2253,.jpg,800,800,RGB,347052,f902c165b690964640a1bb09fdadc0eb8f1427df61831bf3f52b60c7c9ffdc2e,True,ok,641-1024
train,shiyan/data3/images/train/2254.jpg,2254,2254,.jpg,800,800,RGB,277873,ed9fe81cb6314ef11584f44dfab1818f3b717892812e3f7a2c5384d89775a48a,True,ok,641-1024
train,shiyan/data3/images/train/2255.jpg,2255,2255,.jpg,736,736,RGB,44269,bd939bff349c5442f572c2b49ea27be7904545006320a36c790f984c7340ed10,True,ok,641-1024
train,shiyan/data3/images/train/2256.jpg,2256,2256,.jpg,800,800,RGB,409722,5c5e11471be5aa24d645a9850545c52d190344290e3795046f49a4c92327e513,True,ok,641-1024
train,shiyan/data3/images/train/2257.jpg,2257,2257,.jpg,800,800,RGB,324132,d51979cc56fd868ac2d8fa7013d147bb70888a50ccfb47a8f36fc2fbf4f0ca6c,True,ok,641-1024
train,shiyan/data3/images/train/2258.jpg,2258,2258,.jpg,800,800,RGB,396471,9435e0c5a2756b68cc96b2e53260ee24f8737c31eed866cb871d255c4a482553,True,ok,641-1024
train,shiyan/data3/images/train/2259.jpg,2259,2259,.jpg,800,800,RGB,263600,3bc7a02d78b32ce77b92e05fff098cad143b00083d23fd9116901dd91b19aba1,True,ok,641-1024
train,shiyan/data3/images/train/2260.jpg,2260,2260,.jpg,800,800,RGB,331255,09caed9bb2b5f08f0430dc0cc327a1bde76f3963db3028e0fa30a95dfecd7112,True,ok,641-1024
train,shiyan/data3/images/train/2261.jpg,2261,2261,.jpg,800,800,RGB,360593,897d80a779253a1c510d8ca69775f6e28a1a2fee59b8ca0f73a873e5d03e8f71,True,ok,641-1024
train,shiyan/data3/images/train/2262.jpg,2262,2262,.jpg,800,800,RGB,252074,0d2de8256cc7582094f64085af2ae44be82a7da325f8b918af3ef246c79af88d,True,ok,641-1024
train,shiyan/data3/images/train/2263.jpg,2263,2263,.jpg,800,800,RGB,365924,365f62e48a7ea884be3e0dc9c5a27cb7621434c7e49cacdf66abac48f430089d,True,ok,641-1024
train,shiyan/data3/images/train/2264.jpg,2264,2264,.jpg,800,800,RGB,502904,5f8a8ca64329af7e55750a56444d805ec02b7f75b474b678274d58d990ce2280,True,ok,641-1024
train,shiyan/data3/images/train/2265.jpg,2265,2265,.jpg,800,800,RGB,323669,7f15437e137eea3cd07be615ae9651ef3bc1176de68576c109d174a3aacd2672,True,ok,641-1024
train,shiyan/data3/images/train/2266.jpg,2266,2266,.jpg,767,871,RGB,95420,53578bd4e6b9d70916fcbce3af0035f97a4b0a3a2b92bb74d73106a0c4a15b57,True,ok,641-1024
train,shiyan/data3/images/train/2267.jpg,2267,2267,.jpg,853,891,RGB,125384,fbf45119787ac826d3a1ff71cd3696d60f8c0191fa7252f10dab567268a327ce,True,ok,641-1024
train,shiyan/data3/images/train/2268.jpg,2268,2268,.jpg,734,734,RGB,61387,ffabf2253d24665586ddf6de90a867c403ea95b172818ba2cfc0752ccfa9515d,True,ok,641-1024
train,shiyan/data3/images/train/2269.jpg,2269,2269,.jpg,800,800,RGB,248989,8743e159060e6633feb952eb251f54961c04331f0430da84133d0111ae899419,True,ok,641-1024
train,shiyan/data3/images/train/2270.jpg,2270,2270,.jpg,800,800,RGB,386632,ba258e0b77287b7aabe4ad2c1558432e2a69c6f9ebe0644bceb7611b0db3daec,True,ok,641-1024
train,shiyan/data3/images/train/2271.jpg,2271,2271,.jpg,800,800,RGB,365445,4322d020d6a17b8dac8072bcd435ee9cd63854beeb93a9dc5ef9abddb7c87264,True,ok,641-1024
train,shiyan/data3/images/train/2272.jpg,2272,2272,.jpg,800,800,RGB,274843,f8bbfa1b8e33efda59f942a1be61356fe3c84912e662abdbeee21dafe196cbbf,True,ok,641-1024
train,shiyan/data3/images/train/2273.jpg,2273,2273,.jpg,800,800,RGB,179533,f4ad915893e7369c1b4e4800e7088667942b77c3f06ed216f8738884a25a5b3d,True,ok,641-1024
train,shiyan/data3/images/train/2274.jpg,2274,2274,.jpg,800,800,RGB,427688,7790ebfbe2ce9693c029567222438aa7f81992efb46857283289d47874569ea2,True,ok,641-1024
train,shiyan/data3/images/train/2275.jpg,2275,2275,.jpg,800,800,RGB,353965,8e9f6a301a748f86645dbfc20f03c62f3357ee0321ffb243c950d91af02d4dd3,True,ok,641-1024
train,shiyan/data3/images/train/2276.jpg,2276,2276,.jpg,800,800,RGB,346125,61ea9714deedcf0ea904c89fcd68737774d9deb91f24342a58ae1b26d8972a83,True,ok,641-1024
train,shiyan/data3/images/train/2277.jpg,2277,2277,.jpg,800,800,RGB,324560,8c2c5f80d4fbb37eed336fbf78c096aa071300ebb024c2c3b6776776dfdd01f5,True,ok,641-1024
train,shiyan/data3/images/train/2278.jpg,2278,2278,.jpg,800,800,RGB,300280,2fc5de7b9d089f401d05bf5f86d9fd04a7789bfb020720c5852591d742cb9af6,True,ok,641-1024
train,shiyan/data3/images/train/2279.jpg,2279,2279,.jpg,800,800,RGB,356716,ce4883796899d94a7fda00e890010edd1d82baab37842f85bffcc0019cc410f7,True,ok,641-1024
train,shiyan/data3/images/train/2280.jpg,2280,2280,.jpg,800,800,RGB,341855,23986a0db2b8125b2c85cf48b2ef20d81aaff11809c1e9383cded9b0b98d8bae,True,ok,641-1024
train,shiyan/data3/images/train/2281.jpg,2281,2281,.jpg,800,800,RGB,369237,a7c3f8d02725203f11507c062c22e09a03d946065626a05b81f20140809e950d,True,ok,641-1024
train,shiyan/data3/images/train/2282.jpg,2282,2282,.jpg,800,800,RGB,386922,7dedb5a46fe8fef2c132059259ba9f03a029494ecc99dd9d140fe1d4230c3551,True,ok,641-1024
train,shiyan/data3/images/train/2283.jpg,2283,2283,.jpg,800,800,RGB,288464,d861c13c6f57f8c37b4db168e229ae29c18c8769e92f80a5962b328f1b5bf751,True,ok,641-1024
train,shiyan/data3/images/train/2284.jpg,2284,2284,.jpg,800,800,RGB,253230,d6e8d98e00fe2a61cf8c540d5c9bd3eea4cf3b88c41555976f062d8dbc1ccdd0,True,ok,641-1024
train,shiyan/data3/images/train/2285.jpg,2285,2285,.jpg,800,800,RGB,324393,3e4b41cf0d35a40760f66c43f373a96f1f408f5b14447b0ecba28167ca242626,True,ok,641-1024
train,shiyan/data3/images/train/2286.jpg,2286,2286,.jpg,800,800,RGB,324112,35c1b50df94ae48388dca185b9a3753d5621dc331a7014fa2cf1dc8a1bbb4b32,True,ok,641-1024
train,shiyan/data3/images/train/2287.jpg,2287,2287,.jpg,800,800,RGB,361640,51d9569baf8d55eceb499fdb5c4735c5777cffa03271b7d1593cc5ec57c3f105,True,ok,641-1024
train,shiyan/data3/images/train/2288.jpg,2288,2288,.jpg,800,800,RGB,298678,e18ecbd818763054146f7ab9157cdeb00dc73fc2522d8264f3baaead4af830df,True,ok,641-1024
train,shiyan/data3/images/train/2289.jpg,2289,2289,.jpg,800,800,RGB,393356,b440d35878fbe2989ec2a0df3f952caaec2dfee33f3f95b9be0ccd0b28e7eeca,True,ok,641-1024
train,shiyan/data3/images/train/2290.jpg,2290,2290,.jpg,800,800,RGB,462376,18be3d93122a54d219cbf7e5a1c16a94993e929041b926fb8f5ea10a3c29da33,True,ok,641-1024
train,shiyan/data3/images/train/2291.jpg,2291,2291,.jpg,800,800,RGB,393156,da305a4be13f4a840b0129accae4f4b10ca21eab5955aa85eb4196451124d47f,True,ok,641-1024
train,shiyan/data3/images/train/2292.jpg,2292,2292,.jpg,800,800,RGB,372961,9ce172c1d92df7dfd4ffa17e4eb6a950cec0aa62b5610c951d2077e92ab19486,True,ok,641-1024
train,shiyan/data3/images/train/2293.jpg,2293,2293,.jpg,800,800,RGB,315411,c963201ef4438b414e9f7439a192e3246da0483fbd0c3bd84ce9122a97c82598,True,ok,641-1024
train,shiyan/data3/images/train/2294.jpg,2294,2294,.jpg,800,800,RGB,453650,c7b992d9776d67aaeaad8cba8870d2a3848672c4737a17a66a3f3f27a897f928,True,ok,641-1024
train,shiyan/data3/images/train/2295.jpg,2295,2295,.jpg,800,800,RGB,392985,076b9a690ad3b207058f32782e1b2799f005a9868af16ce4b8af6e1c77f60b01,True,ok,641-1024
train,shiyan/data3/images/train/2296.jpg,2296,2296,.jpg,800,800,RGB,266680,a1f8b3b9196ef7b651a8aac06427faed174c5bbdafae628b85323a38c36ecddc,True,ok,641-1024
train,shiyan/data3/images/train/2297.jpg,2297,2297,.jpg,800,800,RGB,395088,9a062b144b132f09a429eae0b769a97c193cc3580e560cc1695c4502b86bb699,True,ok,641-1024
train,shiyan/data3/images/train/2298.jpg,2298,2298,.jpg,800,800,RGB,386845,a5f9b8ae3eea1a9c50f39841b414a4bbc8b2f83997f4c0d73f1e26f0e6a56380,True,ok,641-1024
train,shiyan/data3/images/train/2299.jpg,2299,2299,.jpg,800,800,RGB,363635,ca4ffe4320f3bbbed1efd03f6e9b293275f9ec76b00982e1b5c8c0ffd6fa3b9f,True,ok,641-1024
train,shiyan/data3/images/train/2300.jpg,2300,2300,.jpg,800,800,RGB,265075,480da58f37e49b4e642cd7aee18ad0d073f6a723ef3dc85fe05f400e82f7e66e,True,ok,641-1024
train,shiyan/data3/images/train/2301.jpg,2301,2301,.jpg,800,800,RGB,352896,38a693b43b94f720857f4b7f6921b3e72b7fe55a9ff18a0e743d748c82a262ba,True,ok,641-1024
train,shiyan/data3/images/train/2302.jpg,2302,2302,.jpg,800,800,RGB,206809,182740cc4e6a02e59f8f8c4a5e458e2bc6f1cf117fae3df723d5dbb9a0d5156f,True,ok,641-1024
train,shiyan/data3/images/train/2303.jpg,2303,2303,.jpg,800,800,RGB,194156,556d7ada52789493d2e5e16405837f515f0c094d1c487d2ca8a88ceb2b15cf5f,True,ok,641-1024
train,shiyan/data3/images/train/2304.jpg,2304,2304,.jpg,800,800,RGB,237891,e6a680772bebfc637ed4e27c56b4fc256dea36da022d5dfbfbabe0bb8ffce004,True,ok,641-1024
train,shiyan/data3/images/train/2305.jpg,2305,2305,.jpg,800,800,RGB,346677,2266cbb544ee71553001da39abeb502ee7730bb812436cd37953e9d12bc5a6f1,True,ok,641-1024
train,shiyan/data3/images/train/2306.jpg,2306,2306,.jpg,626,563,RGB,53719,0d3ca12811819aad39c875b486ef75250fb19bd48fc59b42980fedded3326596,True,ok,<=640
train,shiyan/data3/images/train/2307.jpg,2307,2307,.jpg,800,800,RGB,434676,3b1187de638feb2e93397def3b57c9609963db30957e4dcfe07d62c33ec4c2d0,True,ok,641-1024
train,shiyan/data3/images/train/2308.jpg,2308,2308,.jpg,800,800,RGB,276391,902c5809b7af4d77ce7b48d1d3bf52b10d6f840a911f6874df0c75598093726d,True,ok,641-1024
train,shiyan/data3/images/train/2309.jpg,2309,2309,.jpg,800,800,RGB,227461,8786422732054b8f20aea3d94a404c3587684fdb34088341ca98ea04a67f96d5,True,ok,641-1024
train,shiyan/data3/images/train/2310.jpg,2310,2310,.jpg,800,800,RGB,307357,b60932583742cd4d6498430895788a2532a780d2f244933a91c9533378891e83,True,ok,641-1024
train,shiyan/data3/images/train/2311.jpg,2311,2311,.jpg,800,800,RGB,197486,64dc2fe800d90e651146a65ac935ce3f21a1ddd6b999e594bea6f806ebd28c8e,True,ok,641-1024
train,shiyan/data3/images/train/2312.jpg,2312,2312,.jpg,800,800,RGB,328238,05ec223f30aafdc78194b9d0b1e0b4edcb0775fb40e7dc6ad7f4b65998480069,True,ok,641-1024
train,shiyan/data3/images/train/2313.jpg,2313,2313,.jpg,800,800,RGB,264220,79ed1d839a7e05aff3314032744f73fe32bbd5bcaaf97bf07f415827e0773572,True,ok,641-1024
train,shiyan/data3/images/train/2314.jpg,2314,2314,.jpg,736,736,RGB,63940,ccdb1d5aea5430b6a37d3e89540a0e1dd49c2966da13bab65e154d2970cf53fe,True,ok,641-1024
train,shiyan/data3/images/train/2315.jpg,2315,2315,.jpg,800,800,RGB,362294,7456f0a4906234384565a43060081ac1abfe5635d509f330e2bccf38b87eba28,True,ok,641-1024
train,shiyan/data3/images/train/2316.jpg,2316,2316,.jpg,800,800,RGB,289850,2d0dc24a7ad7494884b5e35aa516ecf5194b03d11fec9f86dfa6d1c10e359ca4,True,ok,641-1024
train,shiyan/data3/images/train/2317.jpg,2317,2317,.jpg,800,800,RGB,344151,73b36be94f43ba84c21ab4d054906e519b12f4a223a20fd97bd059b223fe87af,True,ok,641-1024
train,shiyan/data3/images/train/2318.jpg,2318,2318,.jpg,800,800,RGB,354773,60c24bb0ed672d48161450e72e104d5e24f7cf97ba6f6898bc27ffcbc65746e1,True,ok,641-1024
train,shiyan/data3/images/train/2319.jpg,2319,2319,.jpg,800,800,RGB,280361,d15373d580fed55be8d820ca2e5489f3477e244a40fd279b41323b023aa74e6e,True,ok,641-1024
train,shiyan/data3/images/train/2320.jpg,2320,2320,.jpg,800,800,RGB,338918,7fa0b865ddc3d46e86c3681a302f9a03263f781fdb0d77e62f96e14fbce5ca99,True,ok,641-1024
train,shiyan/data3/images/train/2321.jpg,2321,2321,.jpg,800,800,RGB,339959,28b2f1faa60989c7c0b9f30ab764cfc4f9f63ab5febb1cfefe37f07b8abdab47,True,ok,641-1024
train,shiyan/data3/images/train/2322.jpg,2322,2322,.jpg,734,734,RGB,69757,ed045f2f49f4c266c7ee01e5311b1aa2980ca2167b2cbcb4c1eef536b972570c,True,ok,641-1024
train,shiyan/data3/images/train/2323.jpg,2323,2323,.jpg,800,800,RGB,457452,2aad517d58de066c55496cbcc486bcef3a0a56bfb6a122504a67b0f0626e5c62,True,ok,641-1024
train,shiyan/data3/images/train/2324.jpg,2324,2324,.jpg,800,800,RGB,291434,2bee5f52a03230c5f7388cd27526d4222eed90f7840193d449c3c5ca3ae4500e,True,ok,641-1024
train,shiyan/data3/images/train/2325.jpg,2325,2325,.jpg,800,800,RGB,292219,a27f57b29fb8cadff5744423d1779a3086c9ede3a3e9191535f4ac0e00085948,True,ok,641-1024
train,shiyan/data3/images/train/2326.jpg,2326,2326,.jpg,800,800,RGB,324902,963dc92d115c745676b9f816d600861c7dfcae3f973bc2d50af429e16e523358,True,ok,641-1024
train,shiyan/data3/images/train/2327.jpg,2327,2327,.jpg,800,800,RGB,411013,85926c49d7d29e2a154b1b675b34a80384df35bd3285245764edf4493df057a7,True,ok,641-1024
train,shiyan/data3/images/train/2328.jpg,2328,2328,.jpg,800,800,RGB,233062,72d84b6eb69face76db896053312132b9e80c0e4079f4b4aae2f49a691d395a1,True,ok,641-1024
train,shiyan/data3/images/train/2329.jpg,2329,2329,.jpg,800,800,RGB,366963,7abc2fa461eef9fb6fade6c81b7e4611de33e37984d7ea99edf829570eeed8ab,True,ok,641-1024
train,shiyan/data3/images/train/2330.jpg,2330,2330,.jpg,800,800,RGB,295946,b2a2dd891a1802941ffa5e1fb200e912242eaef397e3acb6d36338df70f11743,True,ok,641-1024
train,shiyan/data3/images/train/2331.jpg,2331,2331,.jpg,800,800,RGB,284249,5ec7b013bd6660c6269c0c0c21201ee2bddbb3bf7eeda9536f6e26909d13d72c,True,ok,641-1024
train,shiyan/data3/images/train/2332.jpg,2332,2332,.jpg,800,800,RGB,325466,740931d3704a7c0897b4e191ad599f7495ed88bff21abafa8ba773d87cac7e6d,True,ok,641-1024
train,shiyan/data3/images/train/2333.jpg,2333,2333,.jpg,800,800,RGB,411395,63493421e14d8c0fd223bd99d298ea6c67c796e0bb6dc44d6553f4ff55bc8937,True,ok,641-1024
train,shiyan/data3/images/train/2334.jpg,2334,2334,.jpg,800,800,RGB,464228,b8fd1010ef88b18f5fa9c8080c69b817d467ff6a148261c4f1d2f9e2747778e5,True,ok,641-1024
train,shiyan/data3/images/train/2335.jpg,2335,2335,.jpg,800,800,RGB,379280,fd56f807fab70646592ef8dca092520e869f2c3d188d0318319f962959cde022,True,ok,641-1024
train,shiyan/data3/images/train/2336.jpg,2336,2336,.jpg,800,800,RGB,298804,a477bf5523d3ab437e628fa0c34cd66cb7d63a99d627da496734645fdb2e5280,True,ok,641-1024
train,shiyan/data3/images/train/2337.jpg,2337,2337,.jpg,800,800,RGB,284853,e077adf4c8f0a197e487143b3ad39c4161a93e0cd5de0fd5c9d84a3b103ae26f,True,ok,641-1024
train,shiyan/data3/images/train/2338.jpg,2338,2338,.jpg,800,800,RGB,373980,48497df3930ecec5ae7440d80e10454ddfd1a1e03a358ce95c179b4a607b39dc,True,ok,641-1024
train,shiyan/data3/images/train/2339.jpg,2339,2339,.jpg,800,800,RGB,249333,b32dce97beae723ee0a11198abdbec4506a2a20ef52016deb518db038357cfd7,True,ok,641-1024
train,shiyan/data3/images/train/2340.jpg,2340,2340,.jpg,800,800,RGB,369886,38df36da6a2f29e28a2f09b03f6135f2145bc4b20ed1643d26b5fb84b10a638a,True,ok,641-1024
train,shiyan/data3/images/train/2341.jpg,2341,2341,.jpg,800,800,RGB,203421,5dfd126c25f035775b0ea74e32eba8ab3172904bb1811047236bdc43a011e158,True,ok,641-1024
train,shiyan/data3/images/train/2342.jpg,2342,2342,.jpg,800,800,RGB,275979,0ffef4180513e586310fffdac36b10c220670aac588a7226782caac1f1ee37c8,True,ok,641-1024
train,shiyan/data3/images/train/2343.jpg,2343,2343,.jpg,800,800,RGB,366834,1feeefcb2be551425d210c95cd81b0909c834ec15ce16d75e03b207a290962e1,True,ok,641-1024
train,shiyan/data3/images/train/2344.jpg,2344,2344,.jpg,800,800,RGB,309141,da9849dd427776b919d9ae32dee864a111962fff390f9bb8a513da6e420c20d6,True,ok,641-1024
train,shiyan/data3/images/train/2345.jpg,2345,2345,.jpg,800,800,RGB,331708,e984d685d8539f852c7f03bc5c3e28ea64683271d601a820c56d8cfe0838d81a,True,ok,641-1024
train,shiyan/data3/images/train/2346.jpg,2346,2346,.jpg,743,743,RGB,31008,32c6e668e20bdd60e51a815fee6d89ed94ac429f6470eaee818fe4b5a861a314,True,ok,641-1024
train,shiyan/data3/images/train/2347.jpg,2347,2347,.jpg,800,800,RGB,304738,3f86178dd20b5172b81070a489caa04cdaa63b0479a1041ba7a6f0bc6c3a30a6,True,ok,641-1024
train,shiyan/data3/images/train/2348.jpg,2348,2348,.jpg,800,800,RGB,403228,153fd102ef55e0af49400f54efba00db3f121f17c96784d15a43c0f9c569e8b8,True,ok,641-1024
train,shiyan/data3/images/train/2349.jpg,2349,2349,.jpg,800,800,RGB,334326,d2adbfa343682a3ed4b2bf143e1ec6aba146d39913d31320d63452b098a0ec64,True,ok,641-1024
train,shiyan/data3/images/train/2350.jpg,2350,2350,.jpg,800,800,RGB,316987,e7d3cba6873b2a9e6f0e46dfb0a768a40e4ab98f89b828432e8641a7cfc95e60,True,ok,641-1024
train,shiyan/data3/images/train/2351.jpg,2351,2351,.jpg,800,800,RGB,317323,2f40761896b4246352ea5c339fde957ab9fe5d50cd6eace1f2b2a09358781904,True,ok,641-1024
train,shiyan/data3/images/train/2352.jpg,2352,2352,.jpg,800,800,RGB,323485,b9e46ee6cd550b2adaf5392be286e3690971654c25d8fe9aafe6339dbf01e780,True,ok,641-1024
train,shiyan/data3/images/train/2353.jpg,2353,2353,.jpg,800,800,RGB,246148,879c19dcf4468e016b50e29eaca40d0874473e8b7858ed4ccf7d712e26bed1d5,True,ok,641-1024
train,shiyan/data3/images/train/2354.jpg,2354,2354,.jpg,800,800,RGB,301889,2627de5209cc8c34583e5a98f8fdfb5a7732be58aa4df3d95db8181d031c6199,True,ok,641-1024
train,shiyan/data3/images/train/2355.jpg,2355,2355,.jpg,800,800,RGB,382298,0b98694e421861696118051221a3255c7db4fa074c5ebd6132d25e13c41c3aaa,True,ok,641-1024
train,shiyan/data3/images/train/2356.jpg,2356,2356,.jpg,833,888,RGB,123192,17c883bb82b5ede2a7d04bf9a7cf0930f91d44a839554288a033955372a5bb50,True,ok,641-1024
train,shiyan/data3/images/train/2357.jpg,2357,2357,.jpg,752,752,RGB,110385,4fd5820b9ac5e2a6be6ff28380de72b2939cd768bcd97112f343d37959726a6c,True,ok,641-1024
train,shiyan/data3/images/train/2358.jpg,2358,2358,.jpg,800,800,RGB,449042,cfb271c64a3377739fa791bbb112fdf8c403f0b382886cae7606398e7464ab17,True,ok,641-1024
train,shiyan/data3/images/train/2359.jpg,2359,2359,.jpg,800,800,RGB,307163,4a4f6a00e69fde305b97417059a99f818dd514de6e3dfa06bbd159e9eee6ade2,True,ok,641-1024
train,shiyan/data3/images/train/2360.jpg,2360,2360,.jpg,800,800,RGB,196737,92b55bb09942d760cf4b5cb88dd601b22a8fa64cb7a921da7dd9386a14ef30c0,True,ok,641-1024
train,shiyan/data3/images/train/2361.jpg,2361,2361,.jpg,800,800,RGB,352832,0f94e2032d2873cf3be4d98152b54c5be4df58db5ee897cf2b6beb6d309667ba,True,ok,641-1024
train,shiyan/data3/images/train/2362.jpg,2362,2362,.jpg,800,800,RGB,323070,baa902bfe47b36ea57ebd243defada0c8c23f6d3a5299ed2cf5607c3303a4b53,True,ok,641-1024
train,shiyan/data3/images/train/2363.jpg,2363,2363,.jpg,800,800,RGB,362470,64164bcdf26f8f4a7ed9fa1560b15b7be466a22fd6927a97e804b4d6ec38cd23,True,ok,641-1024
train,shiyan/data3/images/train/2364.jpg,2364,2364,.jpg,800,800,RGB,314747,2a093b5f4ad24826e814b5f3db84f8ab21379aea962cda7909017a91e089f3cd,True,ok,641-1024
train,shiyan/data3/images/train/2365.jpg,2365,2365,.jpg,800,800,RGB,294892,73ff773c27d5f7a2371613692007d9f1613224021eec21128065452012ff3cd3,True,ok,641-1024
train,shiyan/data3/images/train/2366.jpg,2366,2366,.jpg,820,800,RGB,106938,cab06c9cc103e800fec9a145806ff2a58067c86afb4af71b610d1386a5e61d09,True,ok,641-1024
train,shiyan/data3/images/train/2367.jpg,2367,2367,.jpg,800,800,RGB,401021,f21ea7c4ffa45513da857c274c200bf0a6fd3ce1fb818f7da2de322968fc4cc0,True,ok,641-1024
train,shiyan/data3/images/train/2368.jpg,2368,2368,.jpg,800,800,RGB,434925,758bf5097782ebd91f1ce7b7d059f8fa4ae51bad5adc499c117b7f049718e35e,True,ok,641-1024
train,shiyan/data3/images/train/2369.jpg,2369,2369,.jpg,800,800,RGB,238516,ca5e3eb9edbcfaa7407696da8d9fe94407bdeda28bd1ec884c0688ec4acfa517,True,ok,641-1024
train,shiyan/data3/images/train/2370.jpg,2370,2370,.jpg,800,800,RGB,370857,cf60172ba721b8e2d919741751db27994e6fff0e7ac9bc0999bf2cb19fd94666,True,ok,641-1024
train,shiyan/data3/images/train/2371.jpg,2371,2371,.jpg,800,800,RGB,217167,c69421c44474a8ea0ef693f3e4d40912c0fefc04c3bf0dae1599cc20d92e4551,True,ok,641-1024
train,shiyan/data3/images/train/2372.jpg,2372,2372,.jpg,800,800,RGB,233711,49e14eeb918cb8589c2a7bf617e576184f083abaee2e0c40dceb1d2cc79ae886,True,ok,641-1024
train,shiyan/data3/images/train/2373.jpg,2373,2373,.jpg,800,800,RGB,237415,7eabeedb71e121cba5cdb2d228858ede163d01966350d7ba43b2d1aad814a699,True,ok,641-1024
train,shiyan/data3/images/train/2374.jpg,2374,2374,.jpg,752,752,RGB,80898,e9ffbadc19cf30418222a2e9fb3abc076fd61d6e22d4a1342d970acb767c004a,True,ok,641-1024
train,shiyan/data3/images/train/2375.jpg,2375,2375,.jpg,800,800,RGB,551975,6a9fa3766d4c6cf45a8464ed914a93f27b61b1625822cfa773e25f429514d92f,True,ok,641-1024
train,shiyan/data3/images/train/2376.jpg,2376,2376,.jpg,800,800,RGB,281822,f7a17262e81cee85ccc914aa0f27ad2a16d3e5f1ebaf991c87d204a69860c0b2,True,ok,641-1024
train,shiyan/data3/images/train/2377.jpg,2377,2377,.jpg,800,800,RGB,368543,d6075455c1b6b16ee3c2aff38272cf9469147244aac8e2411361dc1b42fabcb0,True,ok,641-1024
train,shiyan/data3/images/train/2378.jpg,2378,2378,.jpg,800,800,RGB,368113,7e731a061c90f23debb0179195fc9abf885c7292cf35d297234fa9cf106a3e5c,True,ok,641-1024
train,shiyan/data3/images/train/2379.jpg,2379,2379,.jpg,800,800,RGB,212766,c4df39c2eb2ea89f0d68f996731aeb6831425099de735177889f64ca690258bf,True,ok,641-1024
train,shiyan/data3/images/train/2380.jpg,2380,2380,.jpg,800,800,RGB,204837,631cefe104ae96d93d69838576b4190bafd1b89fb3a9967b759deffb3f8d5a0c,True,ok,641-1024
train,shiyan/data3/images/train/2381.jpg,2381,2381,.jpg,800,800,RGB,322371,5743b0958b60064c236e493a7cc98fb290c6474d562b1db828b9ae0f141ac99c,True,ok,641-1024
train,shiyan/data3/images/train/2382.jpg,2382,2382,.jpg,800,800,RGB,300809,5d90e6bd64b415613be25f39c0903bf191a97d6e015d319a538af8d90f04eefc,True,ok,641-1024
train,shiyan/data3/images/train/2383.jpg,2383,2383,.jpg,800,800,RGB,483389,122535e8c6609cf132acd60b46dbb1a0fa4a7a3c53cd18f51c551164420b5d1b,True,ok,641-1024
train,shiyan/data3/images/train/2384.jpg,2384,2384,.jpg,733,733,RGB,69062,c9a8151fae7ef275d3df3cc34f612368268092eded4b7f61445ffd107fe72f21,True,ok,641-1024
train,shiyan/data3/images/train/2385.jpg,2385,2385,.jpg,800,800,RGB,409440,ff59d254a0ca15618889074eb6f83ae8512f502f14b10e76b5b84f39b80d3259,True,ok,641-1024
train,shiyan/data3/images/train/2386.jpg,2386,2386,.jpg,800,800,RGB,442191,130f1155c5a0ee0892db32d1d9ddcc1944a49777391d7762793b4a4816996da1,True,ok,641-1024
train,shiyan/data3/images/train/2387.jpg,2387,2387,.jpg,800,800,RGB,418274,38c2e5c7b3e5e476b17560bcb1e0f137c95674d8838aecf0d56ca24b7f8a726e,True,ok,641-1024
train,shiyan/data3/images/train/2388.jpg,2388,2388,.jpg,800,800,RGB,237461,8eabfab9f68cfe043f315fd6ef0874ee2649751664507dc42214cea1a7370894,True,ok,641-1024
train,shiyan/data3/images/train/2389.jpg,2389,2389,.jpg,800,800,RGB,386680,c9a4b1805576ef6895a89016952f82e1748c4cf9ae68b87f1d9a7ce1702414bc,True,ok,641-1024
train,shiyan/data3/images/train/2390.jpg,2390,2390,.jpg,800,800,RGB,357347,74b7fb2e93c64846e36554da1427dfce3ed44855f125a90f107e39ac564c0c6a,True,ok,641-1024
train,shiyan/data3/images/train/2391.jpg,2391,2391,.jpg,800,800,RGB,323097,75c310d3a986594240f6c5bee80ae1aa6dc1b33e291f495b340c4a2fa9137bd5,True,ok,641-1024
train,shiyan/data3/images/train/2392.jpg,2392,2392,.jpg,800,800,RGB,341179,f3d29a1a4b9a011554753a8d9f74226855e4602a33545f9d3450c1de75979612,True,ok,641-1024
train,shiyan/data3/images/train/2393.jpg,2393,2393,.jpg,800,800,RGB,231409,d4b3bf4d9147ed47956c5de3ebc9eddfb3ddbb20690a6d61683b1da595d757ce,True,ok,641-1024
train,shiyan/data3/images/train/2394.jpg,2394,2394,.jpg,800,800,RGB,405315,f513bd7f70d7e2f8f8a75130ceec029c1613b138ae71dc3810da95858d15220b,True,ok,641-1024
train,shiyan/data3/images/train/2395.jpg,2395,2395,.jpg,800,800,RGB,332347,7c41ea6cecc9ee69f94e381e7c28492b1b46f64e06d2aae65dd55c54b9631376,True,ok,641-1024
train,shiyan/data3/images/train/2396.jpg,2396,2396,.jpg,800,800,RGB,405279,1dbdb7ccf4e9b46d2f8c554e707cefcee1526b77de7a8b9130faef024da80ae5,True,ok,641-1024
train,shiyan/data3/images/train/2397.jpg,2397,2397,.jpg,800,800,RGB,413769,27a54fb9c3896d2ebac795f7e4e4c1cb9b7a82b4f654e323e9ed2cf29e79de82,True,ok,641-1024
train,shiyan/data3/images/train/2398.jpg,2398,2398,.jpg,800,800,RGB,367625,5a7530f0f8f6749251e3a741dbf5c1a96c3ac5a30dfc8f8e02ae70429c45638d,True,ok,641-1024
train,shiyan/data3/images/train/2399.jpg,2399,2399,.jpg,800,800,RGB,71212,2a3c01fc1a409a502ab0ec8f7b8bc07add143de2d18c04ee35e140c282dc2be1,True,ok,641-1024
train,shiyan/data3/images/train/2400.jpg,2400,2400,.jpg,800,800,RGB,244992,5da9a61af69fad169222ff17be09a57b6a0d1fefb065aaf42742aae9ff242ccc,True,ok,641-1024
train,shiyan/data3/images/train/2401.jpg,2401,2401,.jpg,800,800,RGB,387232,7a0e25dd15f878884513b2bb95bf7e4d0b3b0c7f5eb6d82e26c963ad03d98710,True,ok,641-1024
train,shiyan/data3/images/train/2402.jpg,2402,2402,.jpg,800,800,RGB,426851,5fa04bf7d4c1a1d7a42a45b588ab14e5a2b432c320ff10e53ca13aa4e6d1e8b4,True,ok,641-1024
train,shiyan/data3/images/train/2403.jpg,2403,2403,.jpg,800,800,RGB,282323,ddd8d30188fca6d4a79d25f26f13e17b00e2ae9a597c70a37aa448de62310e87,True,ok,641-1024
train,shiyan/data3/images/train/2404.jpg,2404,2404,.jpg,800,800,RGB,405704,45967a9d36bfe404c9b3e5eb1bb7d91d44fa26021c1a75b93b42d1f437e722b1,True,ok,641-1024
train,shiyan/data3/images/train/2405.jpg,2405,2405,.jpg,800,800,RGB,245449,05a972cad5dd6585e8d3226d8c7340217a75c944da9b27c4ea0335bd640e4f34,True,ok,641-1024
train,shiyan/data3/images/train/2406.jpg,2406,2406,.jpg,800,800,RGB,309224,12941626e9890116895d3f9db57fd87149f998df7a8414a0ecbdc32380fc609a,True,ok,641-1024
train,shiyan/data3/images/train/2407.jpg,2407,2407,.jpg,800,800,RGB,338875,2bff11ca9baccc507f8175e462ac68ba327b47528d35d756f3dcc03b6b9c380c,True,ok,641-1024
train,shiyan/data3/images/train/2408.jpg,2408,2408,.jpg,747,747,RGB,72793,3c24703f71418caa25040896715d46111d137566c2d3ae2b6b7ef4e3fa0359cd,True,ok,641-1024
train,shiyan/data3/images/train/2409.jpg,2409,2409,.jpg,800,800,RGB,333328,a99fa138b73741062a46cd2aa811de2f162eb7bd409aba177e6e34b689a4ea7c,True,ok,641-1024
train,shiyan/data3/images/train/2410.jpg,2410,2410,.jpg,800,800,RGB,211391,0b982e64241d0bd8b83127bec423b73ae14f33175608e5f6f57522b66098f7a2,True,ok,641-1024
train,shiyan/data3/images/train/2411.jpg,2411,2411,.jpg,800,800,RGB,257797,16e64462df554e13feba58c09b8d87e0a12dbb16a4d018fbb129aa0d9ced34f4,True,ok,641-1024
train,shiyan/data3/images/train/2412.jpg,2412,2412,.jpg,800,800,RGB,314666,6a4cfeddb20cf619040b2e08d084ab366a5b5c532dbbc8ee5f7bc874423c04bf,True,ok,641-1024
train,shiyan/data3/images/train/2413.jpg,2413,2413,.jpg,800,800,RGB,368959,091f8b3f7c0fd10c0596c460e35d89de94f2ba07a4f3e1da6e1cc09f6a38120d,True,ok,641-1024
train,shiyan/data3/images/train/2414.jpg,2414,2414,.jpg,800,800,RGB,362396,152926935c95f154558fd6ce9b96ac79ddf5f6433b54cf5456eb157387cbd7fc,True,ok,641-1024
train,shiyan/data3/images/train/2415.jpg,2415,2415,.jpg,800,800,RGB,275800,95bf28863c874b5c5281895b9136ac493aadf06fb3d67eb75916eea8c51cce52,True,ok,641-1024
train,shiyan/data3/images/train/2416.jpg,2416,2416,.jpg,774,744,RGB,37810,4e167419627d94cb964167f3ad91adcf25b43f7ac7a9b3a735c453f1ab87388b,True,ok,641-1024
train,shiyan/data3/images/train/2417.jpg,2417,2417,.jpg,800,800,RGB,396102,6ab3f864b9cd3d42d113b1dbd2acf76c5155ffd8bd746e47d6abd1bb724cb458,True,ok,641-1024
train,shiyan/data3/images/train/2418.jpg,2418,2418,.jpg,800,800,RGB,180186,1d3729652119f0967ce21e9ed938460873f9a03f177d451f568bf3ebec61f1d8,True,ok,641-1024
train,shiyan/data3/images/train/2419.jpg,2419,2419,.jpg,800,800,RGB,307719,584aa8b011a2b4e3db1d3cb65204502fa3e0f567c1d6bd8baac4c6716ef767eb,True,ok,641-1024
train,shiyan/data3/images/train/2420.jpg,2420,2420,.jpg,800,800,RGB,377867,4bdda718cc4a39b15891647789542f189a5233b6431102536bc91d2a7be6cc71,True,ok,641-1024
train,shiyan/data3/images/train/2421.jpg,2421,2421,.jpg,800,800,RGB,195929,771eac05a05f7d0410b8f1fdc7e43ce0f20df3b107b697b2b3c3016231877364,True,ok,641-1024
train,shiyan/data3/images/train/2422.jpg,2422,2422,.jpg,800,800,RGB,404096,41369539b08ebb9f1973eef3fa2b04abfe6af80944ba84872b5b6087e0d27f03,True,ok,641-1024
train,shiyan/data3/images/train/2423.jpg,2423,2423,.jpg,800,800,RGB,352219,ce9e5e7798fbaa53876cd6b30b8c447040d2843a473ab326e84cff6eb7e38338,True,ok,641-1024
train,shiyan/data3/images/train/2424.jpg,2424,2424,.jpg,750,750,RGB,58676,8e255e6f9661e07257701a1f893637447f582da118baf83d812472cf29702326,True,ok,641-1024
train,shiyan/data3/images/train/2425.jpg,2425,2425,.jpg,800,800,RGB,313954,a526e3ff9081b7c3abf20cd69f1212c7cae8dfc18e50595482791774a28b5815,True,ok,641-1024
train,shiyan/data3/images/train/2426.jpg,2426,2426,.jpg,800,800,RGB,433060,72a302d60a6796a47e69bd36497ea559a33244fde59a69434ab40662f1067109,True,ok,641-1024
train,shiyan/data3/images/train/2427.jpg,2427,2427,.jpg,800,800,RGB,378244,916eec1768127bf027efd25caecf3dd79e4d173861c8abf1f36785306f0a9f70,True,ok,641-1024
train,shiyan/data3/images/train/2428.jpg,2428,2428,.jpg,800,800,RGB,334344,1bc569947b6b594cf20c2a2a55b9d472b1562864421e922e92249a250d3dfd3d,True,ok,641-1024
train,shiyan/data3/images/train/2429.jpg,2429,2429,.jpg,800,800,RGB,389341,831468d3e146968709cf6c4bcf5c9b1e1a798f7db48707730ac0874271c96b6b,True,ok,641-1024
train,shiyan/data3/images/train/2430.jpg,2430,2430,.jpg,800,800,RGB,285858,8dc877bfd4fef1d6029a0bf179bf9a1ea464baab525ae857bbfb4479f77f565f,True,ok,641-1024
train,shiyan/data3/images/train/2431.jpg,2431,2431,.jpg,800,800,RGB,354098,ea631627c856d26aa20025a07e0fb76a73715db95161ff40871334935f927aed,True,ok,641-1024
train,shiyan/data3/images/train/2432.jpg,2432,2432,.jpg,800,800,RGB,428209,752f0f7d81a00978532e3203971fdc9827ed992c9acc127311457cc3b92a04fa,True,ok,641-1024
train,shiyan/data3/images/train/2433.jpg,2433,2433,.jpg,800,800,RGB,249756,a4491ca0db2e33f8138b229ff9000d26268653c203a28bfcf2daefaaa95868da,True,ok,641-1024
train,shiyan/data3/images/train/2434.jpg,2434,2434,.jpg,800,800,RGB,358847,031aa1c606479cb61815393b43fe815d6fcc7d2cb3d7ec23731fd41415747bc5,True,ok,641-1024
train,shiyan/data3/images/train/2435.jpg,2435,2435,.jpg,800,800,RGB,283942,fe170eb095ff3ea190e3284f16a84e1806dd8bf3ede8026ddadfce21e625c044,True,ok,641-1024
train,shiyan/data3/images/train/2436.jpg,2436,2436,.jpg,800,800,RGB,396990,ac565c0a6003e675e2f2d1e9bf327464b7da443520cb2b704c09087f4747a44f,True,ok,641-1024
train,shiyan/data3/images/train/2437.jpg,2437,2437,.jpg,800,800,RGB,307877,16173cefadbedb702d2e78b9643389b512734d147934b32eeb892231f372d4e8,True,ok,641-1024
train,shiyan/data3/images/train/2438.jpg,2438,2438,.jpg,800,800,RGB,390496,3360303b8ebcbc990f47714194fce48042103821c38a0c77fc08918df9140206,True,ok,641-1024
train,shiyan/data3/images/train/2439.jpg,2439,2439,.jpg,800,800,RGB,98647,294f24d66dc92f0617d7464c510c933591714f441f6995fa72c284e4b21c341b,True,ok,641-1024
train,shiyan/data3/images/train/2440.jpg,2440,2440,.jpg,800,800,RGB,195141,e02db978158e3397f86106d73e8a8d8e979d72bcf42a66b44f1208b9834ee5ec,True,ok,641-1024
train,shiyan/data3/images/train/2441.jpg,2441,2441,.jpg,800,800,RGB,364916,8bea3b6a40fbbaec78f0a2a293e383b9e88d66ac420427b6d60003ecbac96eee,True,ok,641-1024
train,shiyan/data3/images/train/2442.jpg,2442,2442,.jpg,856,902,RGB,112311,a84a6e37ed7fb1ed2504c70d54ef0b14244810d7246a1d3e71ef3325bf923f6b,True,ok,641-1024
train,shiyan/data3/images/train/2443.jpg,2443,2443,.jpg,732,732,RGB,58106,c2425a2522890dae82eea9529474d8a0cb45c9eb7fc300dfebe71cb07de22d0b,True,ok,641-1024
train,shiyan/data3/images/train/2444.jpg,2444,2444,.jpg,800,800,RGB,347635,cbb5bdd1d2e7986f05774b9ad9b86e73d6de33deb125b6308c6f1608ecf8006a,True,ok,641-1024
train,shiyan/data3/images/train/2445.jpg,2445,2445,.jpg,800,800,RGB,270619,076b9f1ba0db228fbc617be0bc93bff644386071c0cd2294b0f95d7dd86657f8,True,ok,641-1024
train,shiyan/data3/images/train/2446.jpg,2446,2446,.jpg,800,800,RGB,375917,b49617f00ba38d51cfecb00c8975a0d1986565f9b33277c970ca92f4e682bbd2,True,ok,641-1024
train,shiyan/data3/images/train/2447.jpg,2447,2447,.jpg,800,800,RGB,371994,670831e9b84e3424e0b5bf6a5967fdeac1ab6e52e279e522ed249395c02fa923,True,ok,641-1024
train,shiyan/data3/images/train/2448.jpg,2448,2448,.jpg,800,800,RGB,324379,a40414d2485db82b5bfaae5567aea1ebf1ad3c51f740e415e5cdaeddc48bab91,True,ok,641-1024
train,shiyan/data3/images/train/2449.jpg,2449,2449,.jpg,800,800,RGB,384399,add8886af0494cfb42bbb75c554d213ce4f0d9e844836cd9e238d99dd9a0c4af,True,ok,641-1024
train,shiyan/data3/images/train/2450.jpg,2450,2450,.jpg,800,800,RGB,313779,786ff6ab19e905eed55a46f45e682336a1c3770fc4511d4f7635ffb7bc6ab933,True,ok,641-1024
train,shiyan/data3/images/train/2451.jpg,2451,2451,.jpg,727,727,RGB,45814,751b9d929b3cb26000bec94282afc7611a0a34d9b8a671a3157caca4ca5d32f8,True,ok,641-1024
train,shiyan/data3/images/train/2452.jpg,2452,2452,.jpg,800,800,RGB,504830,3506b93bade5aa65f8a80e2519b94bf5d5c4f7b632d4bdda6a20fa883857e487,True,ok,641-1024
train,shiyan/data3/images/train/2453.jpg,2453,2453,.jpg,800,800,RGB,282622,50022d3da6596228560eec4f20efe5bec163e03c81083c437af9de3a25bdd73f,True,ok,641-1024
train,shiyan/data3/images/train/2454.jpg,2454,2454,.jpg,800,800,RGB,386155,eb8481fd5182461f8816312889ce1ad276a894158d763ded1ce3ca859c3308fc,True,ok,641-1024
train,shiyan/data3/images/train/2455.jpg,2455,2455,.jpg,800,800,RGB,259339,1875965d4f4d4f03f5f065001aac760cdb99a660a0a4ccab8be1c8eb7c6041ce,True,ok,641-1024
train,shiyan/data3/images/train/2456.jpg,2456,2456,.jpg,800,800,RGB,362086,caf631e41491cc9922489ef7cda5f7982b4428ad3ff89e01611eb3dc3ba0cd40,True,ok,641-1024
train,shiyan/data3/images/train/2457.jpg,2457,2457,.jpg,800,800,RGB,268025,535725ab1082f51c1e35b7627fdcc50a01bfda11b3eb159bc896484d8df97ad8,True,ok,641-1024
train,shiyan/data3/images/train/2458.jpg,2458,2458,.jpg,800,800,RGB,354038,72a88ec3030c062f2eabd222dbc184642dc73664295e16d1be64aaee503525b2,True,ok,641-1024
train,shiyan/data3/images/train/2459.jpg,2459,2459,.jpg,800,800,RGB,458833,0d0cea23966c078640adaabb7e526617b0404eb33358f7af108fd745ce310832,True,ok,641-1024
train,shiyan/data3/images/train/2460.jpg,2460,2460,.jpg,800,800,RGB,391446,93486d886c9aeb0b744f7edce91d8098fa110793612084f38a34f3bb3005da6b,True,ok,641-1024
train,shiyan/data3/images/train/2461.jpg,2461,2461,.jpg,810,801,RGB,93492,93134aa639acb4cf66516a9aa710823f7d21e0bd6b262a1b6e3c10c61cf46e34,True,ok,641-1024
train,shiyan/data3/images/train/2462.jpg,2462,2462,.jpg,800,800,RGB,422128,7b5a3acda3ce0faff0c1f03904792cf5e50f15a2b981366db347fba39c922778,True,ok,641-1024
train,shiyan/data3/images/train/2463.jpg,2463,2463,.jpg,800,800,RGB,267209,b6f8fcc0eff0e002f3d94b143c6f5cac5d9ff5a1e6435c1823748108372108c4,True,ok,641-1024
train,shiyan/data3/images/train/2464.jpg,2464,2464,.jpg,800,800,RGB,240529,9ef7e5e52fbe7c87fe487381733202760b5547d99b93eceaa615d4640e7cab0f,True,ok,641-1024
train,shiyan/data3/images/train/2465.jpg,2465,2465,.jpg,800,800,RGB,349404,c177a9e74c3f0b9df14e965536d3c8357c9042c2e930ebb8bc0bcca1348aba3b,True,ok,641-1024
train,shiyan/data3/images/train/2466.jpg,2466,2466,.jpg,800,800,RGB,366095,73334e8615aabff2ea42b409f3f69f3575415d6fcc728d57d00302335d93e663,True,ok,641-1024
train,shiyan/data3/images/train/2467.jpg,2467,2467,.jpg,800,800,RGB,299011,209c5be2c5848cc08fd0c3b4e7ba25eb9513430e3716e574d4d7c320927b6351,True,ok,641-1024
train,shiyan/data3/images/train/2468.jpg,2468,2468,.jpg,800,800,RGB,242273,3bf365b7e40f46b24809ab4639f8dbd1140e51225e989595c27a6db7523f095e,True,ok,641-1024
train,shiyan/data3/images/train/2469.jpg,2469,2469,.jpg,748,748,RGB,54465,817e8b37d5f07d4f3d273d52e892ba2c421f20575d9bf4ad836f23a34f3e26fc,True,ok,641-1024
train,shiyan/data3/images/train/2470.jpg,2470,2470,.jpg,800,800,RGB,408526,3919346eedbd7823d8b59e392fe9e23f307a80c92fe0b3ea2dc81dbb8aa26e96,True,ok,641-1024
train,shiyan/data3/images/train/2471.jpg,2471,2471,.jpg,800,800,RGB,315229,b30d482e2f90b491783b70f8b0afb100908b23f2ae904f9f6e9f4547a0592059,True,ok,641-1024
train,shiyan/data3/images/train/2472.jpg,2472,2472,.jpg,800,800,RGB,400119,3560e1742f979f04813172edab4c0f7a07a0f5fbc8c4dc984af71c3402844495,True,ok,641-1024
train,shiyan/data3/images/train/2473.jpg,2473,2473,.jpg,800,800,RGB,361670,fa6ef594fa6c0bee605529cc66ff47829e589166251e3b14a21f8bc132aa5511,True,ok,641-1024
train,shiyan/data3/images/train/2474.jpg,2474,2474,.jpg,800,800,RGB,308085,391a0fb0cb4fd9c12645ec3d9cb1266bf4b39933b3c3971d2cfadc8205b86c11,True,ok,641-1024
train,shiyan/data3/images/train/2475.jpg,2475,2475,.jpg,800,800,RGB,286295,cd3c3a0cb41775fe6f71c3d1eb27ecbf2f0c43683c9dc31c35bf7bd852108297,True,ok,641-1024
train,shiyan/data3/images/train/2476.jpg,2476,2476,.jpg,800,800,RGB,427453,555bec39dc2976b0acdea847cb84e433f56ac837f40136ccbc786a43e630f562,True,ok,641-1024
train,shiyan/data3/images/train/2477.jpg,2477,2477,.jpg,800,800,RGB,256592,e054b92550799816c6133de69ce147cb935ce2c568ea2e7a6a110158d7c2f89a,True,ok,641-1024
train,shiyan/data3/images/train/2478.jpg,2478,2478,.jpg,800,800,RGB,467715,18a5289a6fe5cbca273addc010b5cc0825d9dd73b089b755c25d71b40de9374b,True,ok,641-1024
train,shiyan/data3/images/train/2479.jpg,2479,2479,.jpg,800,800,RGB,253351,74d372a9104b0a578f29786ddeef01aba428e34961833ade0adb7482a5497e1b,True,ok,641-1024
train,shiyan/data3/images/train/2480.jpg,2480,2480,.jpg,800,800,RGB,416518,332d15880e8b07863084a83c2e4ca55d687d8a54a8747507bca6ed58cf429658,True,ok,641-1024
train,shiyan/data3/images/train/2481.jpg,2481,2481,.jpg,800,800,RGB,270924,8f7e1eb8240de6eb8b4e107615791e9e404a392538da04e2b43d63972ccc380a,True,ok,641-1024
train,shiyan/data3/images/train/2482.jpg,2482,2482,.jpg,800,800,RGB,221929,d7d74d74618de7ac980985b620f98647d821e2ea1d7db20d8185950a3e7877e9,True,ok,641-1024
train,shiyan/data3/images/train/2483.jpg,2483,2483,.jpg,800,800,RGB,368752,acf4dddbe6da3f5887db4ef7147ad248a899619a2af1d1bc7eac97205907991f,True,ok,641-1024
train,shiyan/data3/images/train/2484.jpg,2484,2484,.jpg,825,799,RGB,67382,5b7ba886a6656ae689ff39f3b7bf763bd400d1524bd3eb3a6c20a7909441c82e,True,ok,641-1024
train,shiyan/data3/images/train/2485.jpg,2485,2485,.jpg,800,800,RGB,278614,fce6a685ad676bc3a10a37e1add28ccec33159762255741177ea964464b8ee86,True,ok,641-1024
train,shiyan/data3/images/train/2486.jpg,2486,2486,.jpg,800,800,RGB,317235,d96f9b45a843fcc26c0b3b73c0d4ef7aa7ed6e27b623d2d5360a5b58d6b532be,True,ok,641-1024
train,shiyan/data3/images/train/2487.jpg,2487,2487,.jpg,800,800,RGB,451249,30aaebed72cb3ae70b3c90f57d4cbddf4a92c7793e972d7a7b9ca990ade1dc22,True,ok,641-1024
train,shiyan/data3/images/train/2488.jpg,2488,2488,.jpg,800,800,RGB,294747,b8f63c95a5faeef7b7c876a742e2ea6aea9e585e794583f2251332f297fcfc50,True,ok,641-1024
train,shiyan/data3/images/train/2489.jpg,2489,2489,.jpg,800,800,RGB,352426,1b7311180bb4e7bbd58ba6ac30d84f20958d1ca4166591ed125028b67472adc3,True,ok,641-1024
train,shiyan/data3/images/train/2490.jpg,2490,2490,.jpg,800,800,RGB,253009,9ad4519aff2182197c8ddaaf9f3696a0982d81bed597cc4434ae278e6628dcb9,True,ok,641-1024
train,shiyan/data3/images/train/2491.jpg,2491,2491,.jpg,800,800,RGB,412656,4e2e76e50342979f939bbcb8e31e259ada3ea2073e3a9acade99c33e1e58a172,True,ok,641-1024
train,shiyan/data3/images/train/2492.jpg,2492,2492,.jpg,800,800,RGB,383178,a6cf294a58b09025411ab9a4f1f0217d64d6c7a6c7c421396493bc4e61569f79,True,ok,641-1024
train,shiyan/data3/images/train/2493.jpg,2493,2493,.jpg,873,806,RGB,106523,307a556642f7e5bed729630cb2750ad17750fd2373f7e478faa2629901b147b7,True,ok,641-1024
train,shiyan/data3/images/train/2494.jpg,2494,2494,.jpg,800,800,RGB,238588,4bee044ab78a89642c2a4a4cf8b60ea71e23aa94c789a3b2d580933c1f688d7d,True,ok,641-1024
train,shiyan/data3/images/train/2495.jpg,2495,2495,.jpg,800,800,RGB,253300,1c45cd68918d3c10f6f34b11242859088a80422ada111b45cda933372a041656,True,ok,641-1024
train,shiyan/data3/images/train/2496.jpg,2496,2496,.jpg,800,800,RGB,245130,0edf5fb7c40506b1267d7c4d6d25f492d9e57d4b353959978b78bb3ded5dd886,True,ok,641-1024
train,shiyan/data3/images/train/2497.jpg,2497,2497,.jpg,800,800,RGB,356870,210e75ce2caf3be4f800989357863d4546e84506a1d7bb53ff900e8912ec3b68,True,ok,641-1024
train,shiyan/data3/images/train/2498.jpg,2498,2498,.jpg,800,800,RGB,220636,547898a2f3ccaaa609467b191d797663ed3780d5e4b2fa60646dc0b62312d32b,True,ok,641-1024
train,shiyan/data3/images/train/2499.jpg,2499,2499,.jpg,800,800,RGB,302216,257a5eb78b76ded7f545f9d5a0ee341ff1195add0f6f28036b51676ca21f4631,True,ok,641-1024
train,shiyan/data3/images/train/2500.jpg,2500,2500,.jpg,800,800,RGB,392727,821e4c791f8ebe0fd5dfa4248e34b3e578631f15c65b9efddb044b7fe07ceff0,True,ok,641-1024
train,shiyan/data3/images/train/2501.jpg,2501,2501,.jpg,800,800,RGB,411237,f233df1c36f025e0a812c115814021f436ea8636c5fd90c4b1122bbf8426b142,True,ok,641-1024
train,shiyan/data3/images/train/2502.jpg,2502,2502,.jpg,800,800,RGB,505354,22eb43601c3f340c2742834f75fc3b36f2233754e927d40436512bf3e3ec088c,True,ok,641-1024
train,shiyan/data3/images/train/2503.jpg,2503,2503,.jpg,800,800,RGB,305566,99c609c7bde7b1a482beb86ed5c0965ec900c530a3d8ccb20d53ffc719ba8f91,True,ok,641-1024
train,shiyan/data3/images/train/2504.jpg,2504,2504,.jpg,800,800,RGB,263248,387d1017bea988680e197948976b113458cd7f783a4205ecebff9e2a68e9f614,True,ok,641-1024
train,shiyan/data3/images/train/2505.jpg,2505,2505,.jpg,800,800,RGB,332924,d2443978e2d4640758cac3847e05021693fbfb6a6fc77d04545427c34e8d9c92,True,ok,641-1024
train,shiyan/data3/images/train/2506.jpg,2506,2506,.jpg,800,800,RGB,402449,d66dfcf4a59ffb2d3cf5dd2541d0ad05324173a3fb72134fb6679a1b759547c9,True,ok,641-1024
train,shiyan/data3/images/train/2507.jpg,2507,2507,.jpg,800,800,RGB,336779,07a288fe7d54d757c5e46c629703331ea28aae8d241acab6193c66e0f0633a4b,True,ok,641-1024
train,shiyan/data3/images/train/2508.jpg,2508,2508,.jpg,800,800,RGB,298367,e9fb317fc01e5ec2a0bfc144295b78735deae16724d1225fe6977fc49f9bcfff,True,ok,641-1024
train,shiyan/data3/images/train/2509.jpg,2509,2509,.jpg,800,800,RGB,348616,bb128497171df21e8a2d7082a2ee7e4867d6da09b40ea8f8637fc77e39adf897,True,ok,641-1024
train,shiyan/data3/images/train/2510.jpg,2510,2510,.jpg,800,800,RGB,500340,1513d626d8c280f26f66141cc7fa2fb6528eb9f8bd0cf592b8433235fc3f0333,True,ok,641-1024
train,shiyan/data3/images/train/2511.jpg,2511,2511,.jpg,800,800,RGB,260298,c78ee09957684ef67854b20748e3ea0300347da45a8cecbe1a41761c5e4cc58d,True,ok,641-1024
train,shiyan/data3/images/train/2512.jpg,2512,2512,.jpg,800,800,RGB,289651,807f49fdd73b12f60e5500cf09cb1f0e26ab8af35b0bd1622e02f3a210d6e48d,True,ok,641-1024
train,shiyan/data3/images/train/2513.jpg,2513,2513,.jpg,800,800,RGB,286893,5aa40c7e697f7142adc463eea8c0ad9dfb992b74835919eabadacdf4110ac537,True,ok,641-1024
train,shiyan/data3/images/train/2514.jpg,2514,2514,.jpg,800,800,RGB,317913,eea83777a1f760ae94dc93421cff37b44c1b2eee7a31d697ab889bd863b7fa85,True,ok,641-1024
train,shiyan/data3/images/train/2515.jpg,2515,2515,.jpg,800,800,RGB,432662,a7d1d6a486f4180eb0c888e47378552d623ea531bfb2c6a3d6a6b07120905d58,True,ok,641-1024
train,shiyan/data3/images/train/2516.jpg,2516,2516,.jpg,800,800,RGB,280169,084c1ce03a80b837b231e2d750aec97060bc427fb9abc2705de8abc584fc1cd0,True,ok,641-1024
train,shiyan/data3/images/train/2517.jpg,2517,2517,.jpg,800,800,RGB,257283,1c32b61a1c4ead27364a76e3324ab2f463746c3f7ed1802bf6a213808eac5262,True,ok,641-1024
train,shiyan/data3/images/train/2518.jpg,2518,2518,.jpg,838,833,RGB,66030,e9643c9b284cfe7c56e47db9f4638d1f501a8b9c68dcff4c822db3bdcbc86665,True,ok,641-1024
train,shiyan/data3/images/train/2519.jpg,2519,2519,.jpg,800,800,RGB,313334,9d0010d320d819aba5357c3f1fa240d08f7c5b4c6ba538294b2def777976ff2f,True,ok,641-1024
train,shiyan/data3/images/train/2520.jpg,2520,2520,.jpg,800,800,RGB,449566,79c38f56520b5ff97f719ed58ef89d0f9f20741c78ef67ae1dc6ea08f960508a,True,ok,641-1024
train,shiyan/data3/images/train/2521.jpg,2521,2521,.jpg,800,800,RGB,416852,94daf7f3341a04ef42b919cedae315d69f9f2b37a3bd623270e70b6792551630,True,ok,641-1024
train,shiyan/data3/images/train/2522.jpg,2522,2522,.jpg,800,800,RGB,403022,ba4d2a29b979290b3768cca3e068c7fbb3ce0ec72be6afcb9a3bacad65f5c826,True,ok,641-1024
train,shiyan/data3/images/train/2523.jpg,2523,2523,.jpg,800,800,RGB,223433,e12c0e2973f716bd7d3c8cde211b9c41c797631adba8f95b630dfdc15f3d56cd,True,ok,641-1024
train,shiyan/data3/images/train/2524.jpg,2524,2524,.jpg,800,800,RGB,394887,3d9f685c3c01687755e32cd2104df3fb56b85cf15cc602afcf9d8aecdd560c19,True,ok,641-1024
train,shiyan/data3/images/train/2525.jpg,2525,2525,.jpg,824,824,RGB,71073,8099d97be2ed01199ba058205b77740ac96627842074b8dd3821c16e8046c36f,True,ok,641-1024
train,shiyan/data3/images/train/2526.jpg,2526,2526,.jpg,800,800,RGB,296480,70a991a40f7c1e1b6bee3cd7127b0221e2eccf37713b3a1c780d0060e59d21b6,True,ok,641-1024
train,shiyan/data3/images/train/2527.jpg,2527,2527,.jpg,800,800,RGB,321954,c0d1000bfea02063e17a04f2ee08dcd01d403b533a11e301ba1fe0e6ba8c11bf,True,ok,641-1024
train,shiyan/data3/images/train/2528.jpg,2528,2528,.jpg,800,800,RGB,237596,a9b3628195aad9dfd74a5bd10ca7288468e9970c45d067df245d944a9bf75d6e,True,ok,641-1024
train,shiyan/data3/images/train/2529.jpg,2529,2529,.jpg,800,800,RGB,387501,54d23ca1225daa3c50bc6118b4dd41db23e72d15b3349ef35f27a1b1773e7dbf,True,ok,641-1024
train,shiyan/data3/images/train/2530.jpg,2530,2530,.jpg,800,800,RGB,326833,ed6524561d4be3086bcbcdfc269ebb2125189e94e6aec2d25ebab6a99451a4ca,True,ok,641-1024
train,shiyan/data3/images/train/2531.jpg,2531,2531,.jpg,800,800,RGB,426659,23cbfc2d7e35d7a12a47ea977229894e3a90bf4569b716b29347a6c76b0ea7e1,True,ok,641-1024
train,shiyan/data3/images/train/2532.jpg,2532,2532,.jpg,800,800,RGB,386978,de446d35fb95f01afe8c4443a49b365ab7d4192e26eeea45e9465cad10a14239,True,ok,641-1024
train,shiyan/data3/images/train/2533.jpg,2533,2533,.jpg,800,800,RGB,363107,d666af4794b634c0a66a88387f9a9e47eda41b58123bb4992de20d8e031b80e5,True,ok,641-1024
train,shiyan/data3/images/train/2534.jpg,2534,2534,.jpg,800,800,RGB,420220,894bafb4cd884558f971bc3502c62e5ac37f1e673307659296997dfc96f3e5ec,True,ok,641-1024
train,shiyan/data3/images/train/2535.jpg,2535,2535,.jpg,800,800,RGB,375774,3513d7e99717b56bf36e1ccd64061e99d1be1d3d3099df779fa6633fdbd87158,True,ok,641-1024
train,shiyan/data3/images/train/2536.jpg,2536,2536,.jpg,800,800,RGB,408107,b3deb8b158ef0926879f1c88467a79d493f528ce457b106102d73879efff897c,True,ok,641-1024
train,shiyan/data3/images/train/2537.jpg,2537,2537,.jpg,800,800,RGB,441335,1804550252f25f721ed36ff5a1c532ed991610f11c47ccfaee3b37d0be16c353,True,ok,641-1024
train,shiyan/data3/images/train/2538.jpg,2538,2538,.jpg,800,800,RGB,403047,455593f9ec93fbd4c15b8218311ebcb576ad7994d36a3d9c4d81447d48163e82,True,ok,641-1024
train,shiyan/data3/images/train/2539.jpg,2539,2539,.jpg,800,800,RGB,357368,628a7767d0e34f0b4b5814f6bb34cd56bdca9a86b3fe20b1bc009f47b68deb86,True,ok,641-1024
train,shiyan/data3/images/train/2540.jpg,2540,2540,.jpg,800,800,RGB,427178,c5f5bd09f4966a60d753c43ea5efa627a8b949cd7ea894ab5ad9cc4eb422d3cc,True,ok,641-1024
train,shiyan/data3/images/train/2541.jpg,2541,2541,.jpg,800,800,RGB,308053,a4b8e975b2b31d93de7cbff95ee24b8888e77bafe3de337885c80f88081d3ee5,True,ok,641-1024
train,shiyan/data3/images/train/2542.jpg,2542,2542,.jpg,800,800,RGB,291105,ba8b7c7e6273478bba4962eb72d43eea2662dc52d55ccc909a174a6a1efc7037,True,ok,641-1024
train,shiyan/data3/images/train/2543.jpg,2543,2543,.jpg,800,800,RGB,408235,504891ec5708b00aa44de6177ac15ece7091b9505264851ba318fb1d86b52e6d,True,ok,641-1024
train,shiyan/data3/images/train/2544.jpg,2544,2544,.jpg,800,800,RGB,280968,b428632e6a026a399ecf1e223cb72a7f647fdc22699e0e555e207fda9c3619d6,True,ok,641-1024
train,shiyan/data3/images/train/2545.jpg,2545,2545,.jpg,800,800,RGB,370389,d5b6bfe3fc361b126ff06dfe657f89ddcf49b0a8992a2d50dce3710bdc47b929,True,ok,641-1024
train,shiyan/data3/images/train/2546.jpg,2546,2546,.jpg,826,876,RGB,115509,f9859081263f234f09dee975d392df45f71f19aff204b43406b2dffa2470a880,True,ok,641-1024
train,shiyan/data3/images/train/2547.jpg,2547,2547,.jpg,800,800,RGB,376503,e45cf752c54d71ba972c204a9832055109173eb7fc4a80afc522004570e2e099,True,ok,641-1024
train,shiyan/data3/images/train/2548.jpg,2548,2548,.jpg,800,800,RGB,402011,a134abf14f3be16af2818b335f921e0048b5b62cd35cc554213a1ddac18941f9,True,ok,641-1024
train,shiyan/data3/images/train/2549.jpg,2549,2549,.jpg,800,800,RGB,255005,615b04bbe11f6a9d4f06ef925c7bce404586d05775eb484aafc8f5fa09e1a0ea,True,ok,641-1024
train,shiyan/data3/images/train/2550.jpg,2550,2550,.jpg,800,800,RGB,368679,1988e2e4264f3fba02dd02abf964e0133ef0b305e6f3db1b555917be9acf6002,True,ok,641-1024
train,shiyan/data3/images/train/2551.jpg,2551,2551,.jpg,800,800,RGB,423946,2060dff414238c5599498ed23ec90f8c89301d5d059c4a371a770893979ed468,True,ok,641-1024
train,shiyan/data3/images/train/2552.jpg,2552,2552,.jpg,800,800,RGB,242022,be3682af8c2dbb5648d79212b60c9f29deabe63ffededa699c4ce7f9387ac288,True,ok,641-1024
train,shiyan/data3/images/train/2553.jpg,2553,2553,.jpg,800,800,RGB,319374,a93b28be4ae441a986ac95d0b2d628afc49a86eb9edfb4ad46722ca6fbd10847,True,ok,641-1024
train,shiyan/data3/images/train/2554.jpg,2554,2554,.jpg,800,800,RGB,308152,2fbb1958d9fe4523e20d9a5bb4949ca24f6338cf348bc4533d3abc1838f07d6f,True,ok,641-1024
train,shiyan/data3/images/train/2555.jpg,2555,2555,.jpg,857,814,RGB,108743,63a9883006180f1165073617db2f741ef45afcb4a2cbce05bb42d2e869284e8c,True,ok,641-1024
train,shiyan/data3/images/train/2556.jpg,2556,2556,.jpg,800,800,RGB,357690,52cf74f2069eeed905d1f0ac52666af6dde2a50f4f57df13b6f38b73b8d3d953,True,ok,641-1024
train,shiyan/data3/images/train/2557.jpg,2557,2557,.jpg,800,800,RGB,260281,e1fe46c7603b46ecf54e0909ff07c568ff729f19cc7a4c4343ff020a41236b1c,True,ok,641-1024
train,shiyan/data3/images/train/2558.jpg,2558,2558,.jpg,800,800,RGB,370696,810fcabb97c299643c09c2b2ffe4ab49dd05b076ffafad056d2ce11007d2131c,True,ok,641-1024
train,shiyan/data3/images/train/2559.jpg,2559,2559,.jpg,800,800,RGB,432235,c06a8464962049a7f5191f9aeeef6eae4b34f56eaff2216bd8550489cc5aee42,True,ok,641-1024
train,shiyan/data3/images/train/2560.jpg,2560,2560,.jpg,800,800,RGB,365567,e5ae087bc48792868553a5b6ffc073e5ad375fe51ce0b3366a83877ac5823318,True,ok,641-1024
train,shiyan/data3/images/train/2561.jpg,2561,2561,.jpg,800,800,RGB,387641,e5792b71d4a4d75ff3765a3f67a4e1b0316dc18e63f06dad62ee7147f80e5ef4,True,ok,641-1024
train,shiyan/data3/images/train/2562.jpg,2562,2562,.jpg,800,800,RGB,573715,eb60677b22f9e7ffbf08e5fbbe8ef3914dfb15b7cf949ed0ccda632b0cd00a9b,True,ok,641-1024
train,shiyan/data3/images/train/2563.jpg,2563,2563,.jpg,800,800,RGB,427339,ba25ef45c8a7fdaf0e55553cf4d5b47498f9731f3a0deaeddd24bc5a23e53964,True,ok,641-1024
train,shiyan/data3/images/train/2564.jpg,2564,2564,.jpg,800,800,RGB,389066,a968b84c9b91c7d269401ac5a8763257741eccde55085001515e76fa6feb953a,True,ok,641-1024
train,shiyan/data3/images/train/2565.jpg,2565,2565,.jpg,800,800,RGB,329321,9d38980a6c8220931b4d96e5cbdedc2dab32599e6fb247d7f32379dfecd72391,True,ok,641-1024
train,shiyan/data3/images/train/2566.jpg,2566,2566,.jpg,800,800,RGB,271216,4b9260ea36f5d7c4de5386f1306310478de0538cbec7231f49a3aa81f827f7e6,True,ok,641-1024
train,shiyan/data3/images/train/2567.jpg,2567,2567,.jpg,800,800,RGB,388482,2dd6182d25e74f68cfd2c26ad834ccb44394cfffa516d9a73735107abef411f9,True,ok,641-1024
train,shiyan/data3/images/train/2568.jpg,2568,2568,.jpg,800,800,RGB,345010,71eb1b9e2570c0a004bf31bd6383526a58c4898846859437fd711338102a2386,True,ok,641-1024
train,shiyan/data3/images/train/2569.jpg,2569,2569,.jpg,879,830,RGB,84315,fa844d459ac37aac01e06090bfce5b906a3a9a18fc75561d32f64ead1833fdef,True,ok,641-1024
train,shiyan/data3/images/train/2570.jpg,2570,2570,.jpg,800,800,RGB,152645,7b88a75ee6c8e619323a3510d635acf5a71db32a85804ae83e92a57f9e91d445,True,ok,641-1024
train,shiyan/data3/images/train/2571.jpg,2571,2571,.jpg,800,800,RGB,460982,a6dd84005378bd6d2bf88e99b5033e87ca74248f77edd32c42df5974820a59aa,True,ok,641-1024
train,shiyan/data3/images/train/2572.jpg,2572,2572,.jpg,800,800,RGB,268640,4f6c3c7918eb661a3b090d66d2f41a796a6b01b7036eda6d0374e894def530b0,True,ok,641-1024
train,shiyan/data3/images/train/2573.jpg,2573,2573,.jpg,800,800,RGB,449428,7aef80b28b2b2f1b694253b5d14949e3ef941b292eff4269385dd1f817ec480e,True,ok,641-1024
train,shiyan/data3/images/train/2574.jpg,2574,2574,.jpg,831,764,RGB,83558,dab6773f4daee168633cb951611ee3b3c7928adfb3fdf9128af75c9c55506494,True,ok,641-1024
train,shiyan/data3/images/train/2575.jpg,2575,2575,.jpg,800,800,RGB,318188,4c292421f3aea95bce1d7e15191a136bbe50124fe005cc82affe52c502e1a84b,True,ok,641-1024
train,shiyan/data3/images/train/2576.jpg,2576,2576,.jpg,800,800,RGB,262021,dcea612105e7b3c4dada912d5302b9b17ad36d83696fa90c2b65e292647d2c54,True,ok,641-1024
train,shiyan/data3/images/train/2577.jpg,2577,2577,.jpg,800,800,RGB,331376,3fb5fe59ac0ede2b03daa1b8c9745752d005ea05d8c9dda019d1c4d9c5bc3f8f,True,ok,641-1024
train,shiyan/data3/images/train/2578.jpg,2578,2578,.jpg,800,800,RGB,357632,5633a122764608b6c49049da0e27830b825a0a40e5d8feeff1185121f989e67d,True,ok,641-1024
train,shiyan/data3/images/train/2579.jpg,2579,2579,.jpg,800,800,RGB,379735,1d49d6fe20f7e9b6aa8abd3a806b08476b055e3ba2a3864fc4c402a336f16b3e,True,ok,641-1024
train,shiyan/data3/images/train/2580.jpg,2580,2580,.jpg,800,800,RGB,355583,ef57f44cae46d5589b9efebf57dc04449f47b5819764ca6c3bc676c6adb7d122,True,ok,641-1024
train,shiyan/data3/images/train/2581.jpg,2581,2581,.jpg,800,800,RGB,316135,728d4617be23d5922c495268f0b542df053e17fa9db1834eee509f8347d5f324,True,ok,641-1024
train,shiyan/data3/images/train/2582.jpg,2582,2582,.jpg,800,800,RGB,271287,5f87bab105b3bb394032990740672879b21700888c6894cad2a563f925f8937b,True,ok,641-1024
train,shiyan/data3/images/train/2583.jpg,2583,2583,.jpg,800,800,RGB,422033,adcca285d914401c52409652461da271c73cb2c3d88a06c7b409a6f4905e805e,True,ok,641-1024
train,shiyan/data3/images/train/2584.jpg,2584,2584,.jpg,800,800,RGB,338869,934c5a1dbcf8a7107fa9d5fa6e33cbf4ea417502d68e35f2ba34d9e021f174e9,True,ok,641-1024
train,shiyan/data3/images/train/2585.jpg,2585,2585,.jpg,800,800,RGB,309039,e90ced99486d74c7aca7f185853ecd0bfd104b793083b958844ea16063bc9dab,True,ok,641-1024
train,shiyan/data3/images/train/2586.jpg,2586,2586,.jpg,800,800,RGB,396534,377e6431c3851d156535c798d250ba22fb9b779310d1cb56bba335bb7a162d26,True,ok,641-1024
train,shiyan/data3/images/train/2587.jpg,2587,2587,.jpg,800,800,RGB,232863,78a8dee8e67451bca2abb586270e9b8caf4fd1ef9b76a5b2300a1b67871f7012,True,ok,641-1024
train,shiyan/data3/images/train/2588.jpg,2588,2588,.jpg,800,800,RGB,273405,f80fd89e38412cd1ef560a9b26c05441cbf5bc5e88b9aabfa1f2074cc5d74312,True,ok,641-1024
train,shiyan/data3/images/train/2589.jpg,2589,2589,.jpg,844,859,RGB,89926,68cdf22d61a9c802588c824207ccd736a3cf0ecb275a5d338ee0555d697aaace,True,ok,641-1024
train,shiyan/data3/images/train/2590.jpg,2590,2590,.jpg,800,800,RGB,232597,5bc1e7b7fe067d0692f776d1f2b18d98edc6dc03986fb457c5a58568202c4f4e,True,ok,641-1024
train,shiyan/data3/images/train/2591.jpg,2591,2591,.jpg,800,800,RGB,388634,609da2a73de54fb3e4c5e921cd0cab8d48d451407d58e3ec5570b9c1e3111984,True,ok,641-1024
train,shiyan/data3/images/train/2592.jpg,2592,2592,.jpg,800,800,RGB,351843,8b32cd5608382fd642749463233a527b42938bd52109631f30593ce9a3875e07,True,ok,641-1024
train,shiyan/data3/images/train/2593.jpg,2593,2593,.jpg,800,800,RGB,386567,75ad25751546c3005453be8e407f24d17e9f59ae62da5e9cb99f8bfde9e064e6,True,ok,641-1024
train,shiyan/data3/images/train/2594.jpg,2594,2594,.jpg,800,800,RGB,392716,86ffeb34e6100a728a7782ad345094d8628d5417bd0dfefe8ea1b321d5a793ac,True,ok,641-1024
train,shiyan/data3/images/train/2595.jpg,2595,2595,.jpg,800,800,RGB,221034,8207ecc34aeb2219fdd828496ed1528a47bcfa7b643becd6526d8341208629c5,True,ok,641-1024
train,shiyan/data3/images/train/2596.jpg,2596,2596,.jpg,800,800,RGB,319713,36b63e25ec352136455d8f351f067137ab127ffcf2819b98fea0a2593f2db270,True,ok,641-1024
train,shiyan/data3/images/train/2597.jpg,2597,2597,.jpg,800,989,RGB,97062,e3ba56259551322bbd7a952515050b8eec49744d4c3ee86ee2eb52aa533f0a8d,True,ok,641-1024
train,shiyan/data3/images/train/2598.jpg,2598,2598,.jpg,800,800,RGB,494178,6bb5884564bdad93031815bb1c46ae17a673767386d9fb7baf671c33cb4d22ef,True,ok,641-1024
train,shiyan/data3/images/train/2599.jpg,2599,2599,.jpg,800,800,RGB,407982,547a23a36557a1c939ef1228d9bd238d14306095d2029fcbc57fff4dc0dd1c58,True,ok,641-1024
train,shiyan/data3/images/train/2600.jpg,2600,2600,.jpg,800,800,RGB,280670,2983f3f58ee6dc2e24759dadae380ae6ef859b70fc3d4871520e89a0f15ca17a,True,ok,641-1024
train,shiyan/data3/images/train/2601.jpg,2601,2601,.jpg,800,800,RGB,381529,8de3c3d27b4251f51bdd390fcd2f14996d73628b10e2dc82c1df62d50b11ac67,True,ok,641-1024
train,shiyan/data3/images/train/2602.jpg,2602,2602,.jpg,800,800,RGB,310564,4b5032303c027df071c949cb2f38d031e2a3e32abc7a765018fc0d73d16be9e8,True,ok,641-1024
train,shiyan/data3/images/train/2603.jpg,2603,2603,.jpg,800,800,RGB,279455,dfc08da032ce0393b79cb54d67f20a9904e9f90fda3624bb65b0f967629a1938,True,ok,641-1024
train,shiyan/data3/images/train/2604.jpg,2604,2604,.jpg,800,800,RGB,289619,8c7156906920b8ab903bb58d4c06ecbd6f8a1f66015ad42ea751d8deaf4beeeb,True,ok,641-1024
train,shiyan/data3/images/train/2605.jpg,2605,2605,.jpg,800,800,RGB,227717,38b30c9b77afadd05f7cf6575c23344fc164f77d78f39cd007f8864886bca0ed,True,ok,641-1024
train,shiyan/data3/images/train/2606.jpg,2606,2606,.jpg,800,800,RGB,320516,aa2f9b1e870ceaba5d5ebd0f7454a33aefdc01617019a8870c450325ccfdaefc,True,ok,641-1024
train,shiyan/data3/images/train/2607.jpg,2607,2607,.jpg,800,800,RGB,280079,26bf6ec6535e65c5404689083e55f2cd9d69bee5024dbfb4b50bf3d6bab4f3c7,True,ok,641-1024
train,shiyan/data3/images/train/2608.jpg,2608,2608,.jpg,894,902,RGB,128400,7f1526bad387d70636f8f9a8aaf2dc450d74a4ee630af6836972876d331c88c5,True,ok,641-1024
train,shiyan/data3/images/train/2609.jpg,2609,2609,.jpg,848,907,RGB,66265,5a39379ef693ebc8e0f95d3c19dd8ed95a74c3bb14db09aeb63774c35ae930c1,True,ok,641-1024
train,shiyan/data3/images/train/2610.jpg,2610,2610,.jpg,800,800,RGB,366570,06579c9d3210ee34f2ff80f7f672c9116f0c1bcb1d8b70dad1e12f31e5dd7ffa,True,ok,641-1024
train,shiyan/data3/images/train/2611.jpg,2611,2611,.jpg,800,800,RGB,245142,ac305467d5e595b2de7f1a05e2a633ee74b9db1ce38bfeab9900668609bdbbfc,True,ok,641-1024
train,shiyan/data3/images/train/2612.jpg,2612,2612,.jpg,800,800,RGB,420972,32f9a87dfed69d4901ff7e0bae7f4eec54c41ee2c1f51c306b8ffc00cc4a19d7,True,ok,641-1024
train,shiyan/data3/images/train/2613.jpg,2613,2613,.jpg,800,800,RGB,290839,729086a10b634f1ec8a86d798117c9038e884323ad009c50a4b7035498cfbc82,True,ok,641-1024
train,shiyan/data3/images/train/2614.jpg,2614,2614,.jpg,800,800,RGB,186105,b891c9c2b96e3afa90719c67a369f928cc5159f7f1e33b76788a2349a60b6539,True,ok,641-1024
train,shiyan/data3/images/train/2615.jpg,2615,2615,.jpg,800,800,RGB,370327,688f11c638d05569bdb4b787d520ebe640e780ed7902c97b8ccfe5c936219f5a,True,ok,641-1024
train,shiyan/data3/images/train/2616.jpg,2616,2616,.jpg,800,800,RGB,335194,da225931cfdc8fd1b9be528e018dbc03016a1b80185ffc8c095942034ca36350,True,ok,641-1024
train,shiyan/data3/images/train/2617.jpg,2617,2617,.jpg,800,800,RGB,356308,cafa9e0434d4c7a579c80bcd88a54b26edabcf757fae80480217ec7fc1daf9d8,True,ok,641-1024
train,shiyan/data3/images/train/2618.jpg,2618,2618,.jpg,800,800,RGB,273402,0d0c01eaef41049df1d08d3e7ca27e39da803c1a89367d5e9cd82cc424fb23b3,True,ok,641-1024
train,shiyan/data3/images/train/2619.jpg,2619,2619,.jpg,800,800,RGB,345287,aa1146e04f50483d70e92f3659342be536f9a220c5a978b7f6de3e78b3486795,True,ok,641-1024
train,shiyan/data3/images/train/2620.jpg,2620,2620,.jpg,800,800,RGB,417119,63f3ff0c07cfd639044076275f1891dfaed07686eaa6e99ee31c74d6bfa376a5,True,ok,641-1024
train,shiyan/data3/images/train/2621.jpg,2621,2621,.jpg,800,800,RGB,333980,b9ffc3d6ef42c53ab17ecfd01d17810ead97a2638065ff8b39ef874b97226d9c,True,ok,641-1024
train,shiyan/data3/images/train/2622.jpg,2622,2622,.jpg,800,800,RGB,423749,ae43755d011d8ea0a53186bc63d6296eb5813bf49415d29d560014133d84d8be,True,ok,641-1024
train,shiyan/data3/images/train/2623.jpg,2623,2623,.jpg,800,800,RGB,439213,a0568fd0b5bf6ea1cb97eeb161194e6494d3ec6a437f4dc5320bf7b12be29c27,True,ok,641-1024
train,shiyan/data3/images/train/2624.jpg,2624,2624,.jpg,800,800,RGB,317059,da6402ab25c45703e86d62fbf7b0062b8b814784e4e7da4a6b7c0dc0d7e64783,True,ok,641-1024
train,shiyan/data3/images/train/2625.jpg,2625,2625,.jpg,800,800,RGB,423719,eb5ff8b8c5cee409298b09bfae463d0cd223a44ef9c15233d137e688e2708951,True,ok,641-1024
train,shiyan/data3/images/train/2626.jpg,2626,2626,.jpg,800,800,RGB,323144,372c513341875471d2127c6f35da4f3fa29679268209f2bc046ec18db65b062a,True,ok,641-1024
train,shiyan/data3/images/train/2627.jpg,2627,2627,.jpg,772,847,RGB,56368,50d57499f97fb6fa29886643524483235bd04b226eedcf49d73e886b8ec07505,True,ok,641-1024
train,shiyan/data3/images/train/2628.jpg,2628,2628,.jpg,800,800,RGB,268038,2d2b0ad6c3674c8158f92459582179301fb3d2771dfef2afd30661c63f4e6e66,True,ok,641-1024
train,shiyan/data3/images/train/2629.jpg,2629,2629,.jpg,800,800,RGB,362062,9fb685ad1f5592d8f05bd7c0cdabf0a84afd116ca90984d02052027161426683,True,ok,641-1024
train,shiyan/data3/images/train/2630.jpg,2630,2630,.jpg,800,800,RGB,275396,3131297f9870d5ac152e0e245858b379e3aba958452d9f9b3fd85a5b860c6a9e,True,ok,641-1024
train,shiyan/data3/images/train/2631.jpg,2631,2631,.jpg,800,800,RGB,420426,8564ef1b40524e5859304e89833feac939a75ea064890654dc33bef72f6af06e,True,ok,641-1024
train,shiyan/data3/images/train/2632.jpg,2632,2632,.jpg,800,800,RGB,402573,0765d19e6c8d26d41fffb67b82f91e4d220ea213e618e189142c716efa9605bf,True,ok,641-1024
train,shiyan/data3/images/train/2633.jpg,2633,2633,.jpg,871,827,RGB,122232,7c09ad7c7e8c2192aa8a5616dce45c8a1e65247b29a1343b51ceaa384c8c754b,True,ok,641-1024
train,shiyan/data3/images/train/2634.jpg,2634,2634,.jpg,800,800,RGB,404922,49fb26821a2d10b51322b87de1b03adb98e7d91a7914403011e98cd79933d764,True,ok,641-1024
train,shiyan/data3/images/train/2635.jpg,2635,2635,.jpg,800,800,RGB,290735,724ac04506199ef5dfa1936c184080b72c9de024852d0c90c26c75f8e63c862a,True,ok,641-1024
train,shiyan/data3/images/train/2636.jpg,2636,2636,.jpg,800,800,RGB,277120,3800392a21458f58a53cea823effabaf17e65ecca2f525aee16802eec10ba968,True,ok,641-1024
train,shiyan/data3/images/train/2637.jpg,2637,2637,.jpg,800,800,RGB,316128,d8da7890b24af2d1af4bf069dcbd30550e56cdde24f4a8f5f746769b1a32ffa5,True,ok,641-1024
train,shiyan/data3/images/train/2638.jpg,2638,2638,.jpg,800,800,RGB,245908,7d72daf7a735c812593ed3b2e9eac37631bc2fd366419a4242743a9e6e63d74a,True,ok,641-1024
train,shiyan/data3/images/train/2639.jpg,2639,2639,.jpg,800,800,RGB,516984,196548981d44229f3c624f3a3ff3ea7be8eb0a2e91dd10c97564d6a28ad76e55,True,ok,641-1024
train,shiyan/data3/images/train/2640.jpg,2640,2640,.jpg,800,800,RGB,363583,2ae859e1bf9b72a04f6e46bb9c20748876816329a51757858be7bb16e28ff95d,True,ok,641-1024
train,shiyan/data3/images/train/2641.jpg,2641,2641,.jpg,800,800,RGB,328820,3197301a2125c64e4de61f372e141bf39cff807daf0084e46bc901ebc2a1a9aa,True,ok,641-1024
train,shiyan/data3/images/train/2642.jpg,2642,2642,.jpg,800,800,RGB,300797,fdd4a55b0a6f966b2b4e05f22a69015c2dff2c0ef31034412dffca6b2a6ebe91,True,ok,641-1024
train,shiyan/data3/images/train/2643.jpg,2643,2643,.jpg,768,727,RGB,93184,1a361b4e97c58d5c776c64f3c8834cc3915f4de977aca2d00d2bae5514e5bc71,True,ok,641-1024
train,shiyan/data3/images/train/2644.jpg,2644,2644,.jpg,800,800,RGB,436266,c6ede6587d1ce755bff91cf8f756e134f83437e1800172f85189749523acf847,True,ok,641-1024
train,shiyan/data3/images/train/2645.jpg,2645,2645,.jpg,800,800,RGB,381637,f569ffdcf4a2842664ed067a8b0074a23c859033637be03b2ee46542a9af22a7,True,ok,641-1024
train,shiyan/data3/images/train/2646.jpg,2646,2646,.jpg,800,800,RGB,365615,9c1b81b068a869ca5639667d2799bbd19bf2e3990c7d070465c24112a3f0bf6f,True,ok,641-1024
train,shiyan/data3/images/train/2647.jpg,2647,2647,.jpg,800,800,RGB,361590,f59b26571384efca4e4545f12a5376636a487f73d48e0eca7468a02a2e424d4b,True,ok,641-1024
train,shiyan/data3/images/train/2648.jpg,2648,2648,.jpg,800,800,RGB,242249,547fd112029d5d20f5ce65d7a3cebfc6683079e0aafa6499a37a9fdc73696452,True,ok,641-1024
train,shiyan/data3/images/train/2649.jpg,2649,2649,.jpg,800,800,RGB,404279,704917442c50f0a6172b9d9f8a49c681cb9454d3c260fc0ee670f520b4f5e65b,True,ok,641-1024
train,shiyan/data3/images/train/2650.jpg,2650,2650,.jpg,800,800,RGB,435329,00d1ecabe8e4e121fe385f01f1e5aeecf635e96fbca9a31dd6de4f749cf5a9f7,True,ok,641-1024
train,shiyan/data3/images/train/2651.jpg,2651,2651,.jpg,800,800,RGB,294347,8688b59002e2edebd6dc27be7945d8f8a4a6b4008a315261840602935d2fb7b2,True,ok,641-1024
train,shiyan/data3/images/train/2652.jpg,2652,2652,.jpg,871,858,RGB,121413,5447b2a8542787b765b67b1cc80d51079069144f34bd8ae10076433640ba7245,True,ok,641-1024
train,shiyan/data3/images/train/2653.jpg,2653,2653,.jpg,800,800,RGB,324940,de0131149bd0ddc5147b178af1db9404854d3c532827bfabe385c45ae6d49f8b,True,ok,641-1024
train,shiyan/data3/images/train/2654.jpg,2654,2654,.jpg,800,800,RGB,396892,15d3e7be5e9a22b7660d7d06f7796d71c1c9b5f8739eab942e333b44b949f47a,True,ok,641-1024
train,shiyan/data3/images/train/2655.jpg,2655,2655,.jpg,800,800,RGB,457551,be67289ba5ee55e8d2d11ed76ee854cccb4a2161b4f992edebc7cd6479229952,True,ok,641-1024
train,shiyan/data3/images/train/2656.jpg,2656,2656,.jpg,800,800,RGB,258898,26f7e85e229aad51c96ea73e8876ed4ea64a0bf1d607c5b45afc01c1416d1433,True,ok,641-1024
train,shiyan/data3/images/train/2657.jpg,2657,2657,.jpg,800,800,RGB,259935,8dc479a330c313ca0eadd90233af245efab8184a963594f2c8884e88639a4f2e,True,ok,641-1024
train,shiyan/data3/images/train/2658.jpg,2658,2658,.jpg,800,800,RGB,310660,aeed6e8abf6440dfd9fbb33d3607711aa7307f84b5eb024294a90d430daee82b,True,ok,641-1024
train,shiyan/data3/images/train/2659.jpg,2659,2659,.jpg,800,800,RGB,458889,9992eef54070debaca0059ceac6a8a33ff1a196e99cb61588faf8adf0b5b8b2b,True,ok,641-1024
train,shiyan/data3/images/train/2660.jpg,2660,2660,.jpg,800,800,RGB,331420,e6b72d63c0720dfe43169075ecc0a4938b2f784218cfb705187cd4896803865e,True,ok,641-1024
train,shiyan/data3/images/train/2661.jpg,2661,2661,.jpg,800,800,RGB,307436,d2bf5b088b05234c4cd8868b33a5ff112088a11eecf50ea5ffbfdb08b8c7e617,True,ok,641-1024
train,shiyan/data3/images/train/2662.jpg,2662,2662,.jpg,800,800,RGB,358864,f24476807d5a88bd1e2f3ab6552f0b02d22d033c80b6efa7e940dce2ff61934b,True,ok,641-1024
train,shiyan/data3/images/train/2663.jpg,2663,2663,.jpg,800,800,RGB,351689,31ea7fe96016da3bef05b039b2e6da99e5037d195c4c6af4d630fc84c95cd9f7,True,ok,641-1024
train,shiyan/data3/images/train/2664.jpg,2664,2664,.jpg,800,800,RGB,369295,e67eb66d3a17ad1246001d6d3282872124dc39b7253c6ed5dff56d19da5423bf,True,ok,641-1024
train,shiyan/data3/images/train/2665.jpg,2665,2665,.jpg,800,800,RGB,409967,3f84eacf857095c5bd5fef6a067a890110d45f2fc266d89044fb10a1910aabba,True,ok,641-1024
train,shiyan/data3/images/train/2666.jpg,2666,2666,.jpg,800,800,RGB,214052,c5a23bec235b786938f5b1b7fa1974e33a03f48febff0f8c61dd5617b93198a7,True,ok,641-1024
train,shiyan/data3/images/train/2667.jpg,2667,2667,.jpg,800,800,RGB,267689,ba53fc3f116046517b92f7b826779d19b8815715fcab804479e3b82fe1d853fe,True,ok,641-1024
train,shiyan/data3/images/train/2668.jpg,2668,2668,.jpg,800,800,RGB,325223,67b2522d1b0bc96e13a7b154a2e76f962e54c6ced9163dc07b7aa21e486d5098,True,ok,641-1024
train,shiyan/data3/images/train/2669.jpg,2669,2669,.jpg,800,800,RGB,308335,6d0bd76d97ccf5788f8908277356a30fd7728167c1186e1a531b666ef80e7c43,True,ok,641-1024
train,shiyan/data3/images/train/2670.jpg,2670,2670,.jpg,814,754,RGB,87408,30228664ba785c6a93a12300606dd97bcc660455f96ce9d18231ef82946c39ea,True,ok,641-1024
train,shiyan/data3/images/train/2671.jpg,2671,2671,.jpg,800,800,RGB,403361,99ba78e21e9e747548120e4f1e8cbdfd00c8ed0585ee437181d18b2a99274a3d,True,ok,641-1024
train,shiyan/data3/images/train/2672.jpg,2672,2672,.jpg,800,800,RGB,446094,9ca79f527a481ae2cd808cff998077f3f4a5242b3217a404c64ead65f02fa1b4,True,ok,641-1024
train,shiyan/data3/images/train/2673.jpg,2673,2673,.jpg,800,800,RGB,272262,4a0a682bc59f36b5a92625a34f706d12dd27880820616b87efea4a226bc90dd8,True,ok,641-1024
train,shiyan/data3/images/train/2674.jpg,2674,2674,.jpg,800,800,RGB,366201,b5885bf559b9ef94e213f1339e8da2ba35f0a144405cff2ffe5f688c01fb48cf,True,ok,641-1024
train,shiyan/data3/images/train/2675.jpg,2675,2675,.jpg,800,800,RGB,307961,7e26634563ab2855782974a83804e14e7e764b1c26c04f08b3a7a35089917bb4,True,ok,641-1024
train,shiyan/data3/images/train/2676.jpg,2676,2676,.jpg,800,800,RGB,296971,31a3f16cdfc7c4c3e78066a0ed38a4b9404c726ae414bda034327e74f2407c8b,True,ok,641-1024
train,shiyan/data3/images/train/2677.jpg,2677,2677,.jpg,800,800,RGB,235888,c3abe4e83f21ef63e1415ad5a7e1e9052df67fcd49609ebec70c1cfb3e90726d,True,ok,641-1024
train,shiyan/data3/images/train/2678.jpg,2678,2678,.jpg,800,800,RGB,307053,02bcc306beb64be3be5a807a9d10d2353f5101c86b7a6bffb2423bd57e16cd7f,True,ok,641-1024
train,shiyan/data3/images/train/2679.jpg,2679,2679,.jpg,800,800,RGB,259603,d7a1354a929b0314b575992e3b0d4a3a0340da640036f8c15f8d50eaa41fc9f3,True,ok,641-1024
train,shiyan/data3/images/train/2680.jpg,2680,2680,.jpg,860,877,RGB,96747,f2a05949debbf01e1496fea01fa7d8b4aaaa4765cf8531cf6d386326dd4c3e3d,True,ok,641-1024
train,shiyan/data3/images/train/2681.jpg,2681,2681,.jpg,800,800,RGB,331449,0b24f6f34068b1ed27321da0e7b82b658cc6c3e0927dd88eabd4c9075d6b2956,True,ok,641-1024
train,shiyan/data3/images/train/2682.jpg,2682,2682,.jpg,800,800,RGB,227934,192cc861cceb1395f1e580fa51ee8f0c02e1fcd03c467bdc828647cdcdf7d19f,True,ok,641-1024
train,shiyan/data3/images/train/2683.jpg,2683,2683,.jpg,800,800,RGB,372644,8a0c69017fb2a91c11ad554fed126e94efee8fe291f4863431783d72dabeb534,True,ok,641-1024
train,shiyan/data3/images/train/2684.jpg,2684,2684,.jpg,800,800,RGB,296011,017b8e156b5b12b78643dc26127852dacba1a162ef12b5e09ad94747ae3dd896,True,ok,641-1024
train,shiyan/data3/images/train/2685.jpg,2685,2685,.jpg,800,800,RGB,353562,360a0bae90523d5c6598bb1c9e21a830bf9abb4f279aa45a591f87c26d074a72,True,ok,641-1024
train,shiyan/data3/images/train/2686.jpg,2686,2686,.jpg,800,800,RGB,233939,257b724eeff0de804c8bf886072c8a7bf5a7e7e15ee11a04604130f0fdca2eca,True,ok,641-1024
train,shiyan/data3/images/train/2687.jpg,2687,2687,.jpg,800,800,RGB,367900,04541e0af8dfaca25c277ebe9d8ab33825ed96a1c067ed5814e1d819186118b6,True,ok,641-1024
train,shiyan/data3/images/train/2688.jpg,2688,2688,.jpg,800,800,RGB,328560,67384e57decdb1dd887cdb309deccd57a78938460d56af03d4e640a12f57184d,True,ok,641-1024
train,shiyan/data3/images/train/2689.jpg,2689,2689,.jpg,800,800,RGB,324131,a7640df492d835dddca0ef7612d8a68d02775056ffe4a88c5c82574f9467f53a,True,ok,641-1024
train,shiyan/data3/images/train/2690.jpg,2690,2690,.jpg,800,800,RGB,246415,79251dbfd420c023cfd6bfc0a626ec6ac86d94fa4dadf185c11b26e50a72f58c,True,ok,641-1024
train,shiyan/data3/images/train/2691.jpg,2691,2691,.jpg,837,802,RGB,105434,7aed8957766e4f7d45c710b73bb0f16a7490d92fce352c61068ae0fb05fefb81,True,ok,641-1024
train,shiyan/data3/images/train/2692.jpg,2692,2692,.jpg,800,800,RGB,464996,e3dbf024a814bdfd4cc21bd1875eb9a48e8aaaeda22a3b093a9f66e102e307d4,True,ok,641-1024
train,shiyan/data3/images/train/2693.jpg,2693,2693,.jpg,800,800,RGB,338852,37be542d6aec5105e83b70686794f4dfb6bfc34da77571c47c5861fb272bdff9,True,ok,641-1024
train,shiyan/data3/images/train/2694.jpg,2694,2694,.jpg,800,800,RGB,279821,afa272481f8d9e3722bb4becc12239f4128fbc18837180bd973ea21830fe0d48,True,ok,641-1024
train,shiyan/data3/images/train/2695.jpg,2695,2695,.jpg,800,800,RGB,357674,112c341900bed8ad50776320a681a4b3ae6c9787067c2322bb438c48a8ec30dd,True,ok,641-1024
train,shiyan/data3/images/train/2696.jpg,2696,2696,.jpg,800,800,RGB,354980,708b633698de65e2b4ff7fdcb06dc2f55fc15ac029e685d19ea4eede96b0d11e,True,ok,641-1024
train,shiyan/data3/images/train/2697.jpg,2697,2697,.jpg,800,800,RGB,243830,9b04582e6e149963a143cb64e40b0941245ee26fc0b4d64bd76b079eda0c58b0,True,ok,641-1024
train,shiyan/data3/images/train/2698.jpg,2698,2698,.jpg,800,800,RGB,320734,b2d8420ab7e4b2400ddfccc86babec3b565c461c59e7791f2f8e28171e3dfe0a,True,ok,641-1024
train,shiyan/data3/images/train/2699.jpg,2699,2699,.jpg,800,800,RGB,428520,d51bce95167d5a06136d27befb7e7b80093f8b5b3b1ddc0f9829a81c609cdc2a,True,ok,641-1024
train,shiyan/data3/images/train/2700.jpg,2700,2700,.jpg,800,800,RGB,373183,8a755f632c852189ac52f298bf2ac6370be9d1512cb8db50748be467d857c3dc,True,ok,641-1024
train,shiyan/data3/images/train/2701.jpg,2701,2701,.jpg,823,946,RGB,89466,faf23d847ebe7dfa8cf258384f0a4c3f95e6cd26d169e886393316ca5cdedb2e,True,ok,641-1024
train,shiyan/data3/images/train/2702.jpg,2702,2702,.jpg,841,791,RGB,102905,a75d2fc6ad5d2664435da9fe1b4723ecf7d6d216006346228881fa9b2fce1d0b,True,ok,641-1024
train,shiyan/data3/images/train/2703.jpg,2703,2703,.jpg,800,800,RGB,381816,c436d080220791baebaf5307ab65768e991add320f798e7c102358c64ff8f51f,True,ok,641-1024
train,shiyan/data3/images/train/2704.jpg,2704,2704,.jpg,800,800,RGB,485709,90ebce839a354cdb4380618030f30b7303a840a06f51a17a34806d8124b22f1c,True,ok,641-1024
train,shiyan/data3/images/train/2705.jpg,2705,2705,.jpg,800,800,RGB,311698,b998f901fbed93cbec1119fe3c89ff78bf1197f6d76969023cd56658b726fe77,True,ok,641-1024
train,shiyan/data3/images/train/2706.jpg,2706,2706,.jpg,800,800,RGB,190358,292fcddeb109a9591a8714ec72df9cdea5083f791c7979c2b92a646444b53414,True,ok,641-1024
train,shiyan/data3/images/train/2707.jpg,2707,2707,.jpg,800,800,RGB,415382,f25bd9891868e8c7c28ce5c994e856d233c482c26ae170d4df04884e2d6999d8,True,ok,641-1024
train,shiyan/data3/images/train/2708.jpg,2708,2708,.jpg,800,800,RGB,289057,bafbcd1e42388559f7e5df3edc936bad1ca043d8925dbbfdce10237feeb79429,True,ok,641-1024
train,shiyan/data3/images/train/2709.jpg,2709,2709,.jpg,800,800,RGB,283457,2ea8db6e31cebadc43ecf019744d0643ba43ff794dfb804a47d187dd1395ded5,True,ok,641-1024
train,shiyan/data3/images/train/2710.jpg,2710,2710,.jpg,800,800,RGB,272303,6a0e5c5194184e9bc634543815a62ed408949d2e86b55a8a2f5779c7cd135e6d,True,ok,641-1024
train,shiyan/data3/images/train/2711.jpg,2711,2711,.jpg,841,817,RGB,99366,140596387057138e270731f442916477a4d90ca9dfa4fbeaacfba08a45df9650,True,ok,641-1024
train,shiyan/data3/images/train/2712.jpg,2712,2712,.jpg,800,800,RGB,244311,3a23235ecb914f35fefad2e4283a428b7ed9672fa0655a979b55a803329f1772,True,ok,641-1024
train,shiyan/data3/images/train/2713.jpg,2713,2713,.jpg,800,800,RGB,279230,8e918c8b049a13b669839c2a7b15006107109f637d96efb64e3690e07ecbe120,True,ok,641-1024
train,shiyan/data3/images/train/2714.jpg,2714,2714,.jpg,800,800,RGB,507016,1295fc4492bcf13b79111914ae334199875c951a40055777f9b86a45ce5a6a0d,True,ok,641-1024
train,shiyan/data3/images/train/2715.jpg,2715,2715,.jpg,800,800,RGB,413623,a6e3332b7e5c7a07617ae792a5d5e465156fd94d373ba60b66cd12d10b642ff7,True,ok,641-1024
train,shiyan/data3/images/train/2716.jpg,2716,2716,.jpg,800,800,RGB,307168,f8c3a92ed42272dcde636f80b17ff7457c89593f51b415d327cd6e6bccfad394,True,ok,641-1024
train,shiyan/data3/images/train/2717.jpg,2717,2717,.jpg,800,800,RGB,309558,59685754901bc8817f82d245efcf8495ca7528432ebcdb8d0ad14de2f4f88167,True,ok,641-1024
train,shiyan/data3/images/train/2718.jpg,2718,2718,.jpg,800,800,RGB,245366,f4c7b4d8bda56708cd6454429866e793dc0843111be87a1df4727c4ba2d8c0a8,True,ok,641-1024
train,shiyan/data3/images/train/2719.jpg,2719,2719,.jpg,800,800,RGB,229974,f70f5a78abc5f0f55b19a7f2b521567c25005251e2e40059bd38aec79080c40b,True,ok,641-1024
train,shiyan/data3/images/train/2720.jpg,2720,2720,.jpg,800,800,RGB,434373,919e3b6c5ed4fbcbc052fc46347378cc7e1125a7f59c7ce9366320b51c5e27d9,True,ok,641-1024
train,shiyan/data3/images/train/2721.jpg,2721,2721,.jpg,930,812,RGB,116455,7f616ce5d89fe08835384252d0def1968d8f5908be7d833ea6d606c0388c511c,True,ok,641-1024
train,shiyan/data3/images/train/2722.jpg,2722,2722,.jpg,800,800,RGB,291448,4da69fd7061e7565f04535592423a76bd896e936c09ae1194cfe02a116706bb8,True,ok,641-1024
train,shiyan/data3/images/train/2723.jpg,2723,2723,.jpg,800,800,RGB,370818,a6ef145c079bac71f3eac82c66b600aecc4fd462179ff35e9a1b012aa0d90d33,True,ok,641-1024
train,shiyan/data3/images/train/2724.jpg,2724,2724,.jpg,800,800,RGB,314445,067ead89ade12d16060d6244c7636485438976be46bdb1e93cea6e4d57b338a5,True,ok,641-1024
train,shiyan/data3/images/train/2725.jpg,2725,2725,.jpg,800,800,RGB,344023,04247d95d6bf8f46e74d8c5ae7b79b68fbf863cf62a88ea6027a2fd61e6170fe,True,ok,641-1024
train,shiyan/data3/images/train/2726.jpg,2726,2726,.jpg,800,800,RGB,314045,756d227a09caebc23470be56d081f4db68faf704a4fa98036f7ba64be3b967e7,True,ok,641-1024
train,shiyan/data3/images/train/2727.jpg,2727,2727,.jpg,800,800,RGB,325861,974e72b4bc7565b74df1aa23461c3fe90e45039e474f8449c15426a220284788,True,ok,641-1024
train,shiyan/data3/images/train/2728.jpg,2728,2728,.jpg,800,800,RGB,353670,77777a4d4f6cf9b954109c93795dcb430dc51dbec95e75d46071ca9270014f9c,True,ok,641-1024
train,shiyan/data3/images/train/2729.jpg,2729,2729,.jpg,800,800,RGB,265154,d71072906ccacb1262c0505565502e9b0fc90ed68eae78eb9aa7da33ebad93e6,True,ok,641-1024
train,shiyan/data3/images/train/2730.jpg,2730,2730,.jpg,800,800,RGB,371296,b56593e588540af0184abc2f4e173af43ca561a12c4839b5fe877f2bb0fb051b,True,ok,641-1024
train,shiyan/data3/images/train/2731.jpg,2731,2731,.jpg,837,817,RGB,90151,ce3851d3ca8285a1479cb54786979cbcd574581ab46d8533c45f4e418267ff81,True,ok,641-1024
train,shiyan/data3/images/train/2732.jpg,2732,2732,.jpg,800,800,RGB,253287,068920732369ed96403ed831d60522a231510afe617868533e263df0698bc1cc,True,ok,641-1024
train,shiyan/data3/images/train/2733.jpg,2733,2733,.jpg,800,800,RGB,417667,5b4562f21653085032bc3205975210248d6194eee428ae3e1d581c6482de2f72,True,ok,641-1024
train,shiyan/data3/images/train/2734.jpg,2734,2734,.jpg,800,800,RGB,384179,2d6907a92ad2ca2bd20c50839e39401d4f76303bb1f3e958e61e73fa989d9a1d,True,ok,641-1024
train,shiyan/data3/images/train/2735.jpg,2735,2735,.jpg,800,800,RGB,273640,50f525986826f3e3e47689832459727c43046acbb04c189ebdef2700d054d505,True,ok,641-1024
train,shiyan/data3/images/train/2736.jpg,2736,2736,.jpg,800,800,RGB,379164,7bd44ae5965e4238d4f0eb19759c0e1329a1fdf913efb80b30d8ce536a4da064,True,ok,641-1024
train,shiyan/data3/images/train/2737.jpg,2737,2737,.jpg,800,800,RGB,302312,8c0379ef6123ecb58aa693ff97bb056532f7c54fff0b4aec82e9dbe9775a62ea,True,ok,641-1024
train,shiyan/data3/images/train/2738.jpg,2738,2738,.jpg,800,800,RGB,395666,ab029d223adbf531e43169fcd7ba67ed501c0d6d0a5f3992731dca8ac09b383e,True,ok,641-1024
train,shiyan/data3/images/train/2739.jpg,2739,2739,.jpg,800,800,RGB,272730,2578d51b20982dc13806734ed13c6b630e513fb846ba3bad88f6e5322fcb511e,True,ok,641-1024
train,shiyan/data3/images/train/2740.jpg,2740,2740,.jpg,800,800,RGB,375111,4c66c95b384332daf98a55cc877a7451e34bae5dac3aec32ba2a2be16e4fb215,True,ok,641-1024
train,shiyan/data3/images/train/2741.jpg,2741,2741,.jpg,800,800,RGB,279560,eee3da8b1c3d550ae6a3fce328ae879fff130eb6d38e39890c64490ddc24c7e8,True,ok,641-1024
train,shiyan/data3/images/train/2742.jpg,2742,2742,.jpg,800,800,RGB,277483,b4091ae25df8c4091d13ab316b33e55dcb90962c9aa9e9ba626683ca879773e6,True,ok,641-1024
train,shiyan/data3/images/train/2743.jpg,2743,2743,.jpg,800,800,RGB,419162,8471cb864f3d5ceba371ce430166e9d52e12e72cb99c0821295b1f69786bf51f,True,ok,641-1024
train,shiyan/data3/images/train/2744.jpg,2744,2744,.jpg,800,800,RGB,288170,4f88b8b0e7a8325117971113d99fa20f752dc0aefe4b039ba4eb717d480ead5b,True,ok,641-1024
train,shiyan/data3/images/train/2745.jpg,2745,2745,.jpg,800,800,RGB,342338,9314692a5b470a96cc4aeb1e48a0d23046bdb9bdb71b73353a645942c2866bdf,True,ok,641-1024
train,shiyan/data3/images/train/2746.jpg,2746,2746,.jpg,800,800,RGB,224131,7a333fce6a63b8cb16d171946ba74cf2143d72dda77b80c579c22bad044d8744,True,ok,641-1024
train,shiyan/data3/images/train/2747.jpg,2747,2747,.jpg,800,800,RGB,289275,c1ffbbc507dda85f4a382fe2652769241b4c1e87b349ffeadbe1ece347a29f28,True,ok,641-1024
train,shiyan/data3/images/train/2748.jpg,2748,2748,.jpg,838,822,RGB,104054,6552672c05904e8f33ab5f1cf28293bfc08111c9d380addf69ccd168fc42bb38,True,ok,641-1024
train,shiyan/data3/images/train/2749.jpg,2749,2749,.jpg,800,800,RGB,390319,4da3c5a91605d3419e2fa1fa01ac311619f32f3ea674a53f0386b125e211a0eb,True,ok,641-1024
train,shiyan/data3/images/train/2750.jpg,2750,2750,.jpg,800,800,RGB,282926,27586583c370d01a71e028ebb3f156a4bcb435207354f8835195a19aa5ff5b1d,True,ok,641-1024
train,shiyan/data3/images/train/2751.jpg,2751,2751,.jpg,800,800,RGB,543973,9f1974927f9912642afcad64e4f7c251dc6f40fada79fad2b222e6fad3988f6b,True,ok,641-1024
train,shiyan/data3/images/train/2752.jpg,2752,2752,.jpg,800,800,RGB,214928,1d7756261a39c92a264ebcf6bb6c4ba88dd8e20e900c7a4d65acd1c070ec1347,True,ok,641-1024
train,shiyan/data3/images/train/2753.jpg,2753,2753,.jpg,800,800,RGB,380311,fc843ca6637b9b59a6003963d05a950aaa18045745bb1adef821fb7548d60363,True,ok,641-1024
train,shiyan/data3/images/train/2754.jpg,2754,2754,.jpg,800,800,RGB,382108,9fb3bb5695042fe3eae0e64f159d914ad877d8e002739c9a5f66a76bee249e46,True,ok,641-1024
train,shiyan/data3/images/train/2755.jpg,2755,2755,.jpg,800,800,RGB,456191,17e34604715703cf4ea32ab81079c6b20bf66debda5c38e69b571ee744b70536,True,ok,641-1024
train,shiyan/data3/images/train/2756.jpg,2756,2756,.jpg,800,800,RGB,249276,c9012e97ee9d7053fe2ab7a63e0366e820ca1eb35aaea25ada8fc77da8076ad8,True,ok,641-1024
train,shiyan/data3/images/train/2757.jpg,2757,2757,.jpg,800,800,RGB,388256,36a9898e92d5df79ba8a35d12e4f35356f378e489237444d5e76e40b1b231432,True,ok,641-1024
train,shiyan/data3/images/train/2758.jpg,2758,2758,.jpg,800,800,RGB,254767,7c10dcce8958cdd2a080547e88804f79c6cd6bcacfe8aa83d96f7148211fa006,True,ok,641-1024
train,shiyan/data3/images/train/2759.jpg,2759,2759,.jpg,800,800,RGB,165302,d982ea76f5817fe9ad1d65e93344f27f5fa632a0b900492471c3796ff24feb3f,True,ok,641-1024
train,shiyan/data3/images/train/2760.jpg,2760,2760,.jpg,800,800,RGB,230890,3f1d60aa6861b632601dbac918e06e74b7f686b67ad48c07c031c55ff64fa02d,True,ok,641-1024
train,shiyan/data3/images/train/2761.jpg,2761,2761,.jpg,800,800,RGB,187019,2b681a93c15db8262388423a3148a14d7c872a02030dd1ce18c6096a81b439ea,True,ok,641-1024
train,shiyan/data3/images/train/2762.jpg,2762,2762,.jpg,800,800,RGB,242437,e7981bb1e490e9b89321021ad9be6b7dd0dc6d3a8cc51cfa05a99a7f2c7064fd,True,ok,641-1024
train,shiyan/data3/images/train/2763.jpg,2763,2763,.jpg,800,800,RGB,231293,b639724c7da351d8f229920fd6cf51e658ed7c6c0187259d07cc29d747dda06e,True,ok,641-1024
train,shiyan/data3/images/train/2764.jpg,2764,2764,.jpg,800,800,RGB,511334,3fe86dbcd64c7397b099ee5279b4e7a552034f8e711573aa641b281d08553360,True,ok,641-1024
train,shiyan/data3/images/train/2765.jpg,2765,2765,.jpg,800,800,RGB,332351,06b2015521ecf5f3fee84dfa896d39b9bb1924fe9a1cbf285119f3bb8a9b104a,True,ok,641-1024
train,shiyan/data3/images/train/2766.jpg,2766,2766,.jpg,800,800,RGB,426823,4601566a98948ee658b5cc0c8d95087d24f5939c268e758f0aba5e7124f903cc,True,ok,641-1024
train,shiyan/data3/images/train/2767.jpg,2767,2767,.jpg,800,800,RGB,364964,6d97e2ea71784ffbfd8f32ffa65ca72f7fa2057a329712f6d4f37d93ff61c60d,True,ok,641-1024
train,shiyan/data3/images/train/2768.jpg,2768,2768,.jpg,800,800,RGB,353745,868269f9164b29329c888c3f7b7ba3e946b56db56679c34467e100d3cf13598e,True,ok,641-1024
train,shiyan/data3/images/train/2769.jpg,2769,2769,.jpg,800,800,RGB,347001,473cadd3710ef65aa572f8fbb6ffc27513bf39f065bf67f1d26928b09f66a85f,True,ok,641-1024
train,shiyan/data3/images/train/2770.jpg,2770,2770,.jpg,800,800,RGB,261288,add0c3a81a5460fb6cfb2a4c434d655bd8c20df10aa6af94ef34782afb2b0d2e,True,ok,641-1024
train,shiyan/data3/images/train/2771.jpg,2771,2771,.jpg,800,800,RGB,367514,ee3f3894caba1e928a6d9eedc870f8826da78a7ebcc623d3715f6f6e39444b56,True,ok,641-1024
train,shiyan/data3/images/train/2772.jpg,2772,2772,.jpg,800,800,RGB,353460,1325d778329c92ff4a59ec37618d96078d3c5527c83535d218f4e740e7bfac47,True,ok,641-1024
train,shiyan/data3/images/train/2773.jpg,2773,2773,.jpg,800,800,RGB,343880,58cff6f11af01ce75b911834bff8366b5e5a58798db3201a1017fea3a857abd0,True,ok,641-1024
train,shiyan/data3/images/train/2774.jpg,2774,2774,.jpg,800,800,RGB,410126,cc67be4cca2b41f61b098bdf5f7aee6d268b206e974b1861219e5c270cdd654a,True,ok,641-1024
train,shiyan/data3/images/train/2775.jpg,2775,2775,.jpg,800,800,RGB,278977,86525d07571dd6750c252f9e176cb9caed7a656b89826e66cf9f5b326fa791a4,True,ok,641-1024
train,shiyan/data3/images/train/2776.jpg,2776,2776,.jpg,800,800,RGB,359804,adef93517bfc368f238b8f6a887efaeacdb3380d8b41f6845f72382b1636c196,True,ok,641-1024
train,shiyan/data3/images/train/2777.jpg,2777,2777,.jpg,844,767,RGB,44673,64d993c35f3de83a283956c5a315baf4d25ed60b03343e7726965264ed701b8e,True,ok,641-1024
train,shiyan/data3/images/train/2778.jpg,2778,2778,.jpg,800,800,RGB,279137,b035417a0134a21fc9de32cd6a800998990ff2c07a59713eb4e883a320fb7b79,True,ok,641-1024
train,shiyan/data3/images/train/2779.jpg,2779,2779,.jpg,800,800,RGB,255011,eab00c8dafa75420d007bd2ce3b655a22832cb49cfd303326124d9b01913eb49,True,ok,641-1024
train,shiyan/data3/images/train/2780.jpg,2780,2780,.jpg,800,800,RGB,369014,f52be5cf3570d665c41d29c9765dcbf8774459d8f92d84714821fa9fa77fd4a1,True,ok,641-1024
train,shiyan/data3/images/train/2781.jpg,2781,2781,.jpg,800,800,RGB,328102,629f382b46be92a1590ce5287892edc02b3f03d30ef245a2ddc00e2c2684684c,True,ok,641-1024
train,shiyan/data3/images/train/2782.jpg,2782,2782,.jpg,800,800,RGB,379077,b02bc52c02fa461b6bc43db16fe1bf2e49bb67892a04bcd4ac53dde8343dff20,True,ok,641-1024
train,shiyan/data3/images/train/2783.jpg,2783,2783,.jpg,800,800,RGB,332607,7b9426cbfd0f1a9126673acaeb56f169cb5b9e48ec115075203ecd1334016273,True,ok,641-1024
train,shiyan/data3/images/train/2784.jpg,2784,2784,.jpg,800,800,RGB,360691,8437470cc4ddece06af11d1c3f092828260ed8b4fa0ff0130b0713018b5ba752,True,ok,641-1024
train,shiyan/data3/images/train/2785.jpg,2785,2785,.jpg,800,800,RGB,294998,22f4118b3360317206d2800b0d0e68667891e23893685b8639007a11291e8f16,True,ok,641-1024
train,shiyan/data3/images/train/2786.jpg,2786,2786,.jpg,873,813,RGB,83765,30d0067f2cb3e2da85a5fa0ac0121e15887411c68fd745dab26e65a864bced80,True,ok,641-1024
train,shiyan/data3/images/train/2787.jpg,2787,2787,.jpg,800,800,RGB,208792,190f45f38a6975e59091095d2509bcd89dd1de99500269ea42356dae271287b5,True,ok,641-1024
train,shiyan/data3/images/train/2788.jpg,2788,2788,.jpg,800,800,RGB,255598,53fee5f694727edaabb1149a0bbc0ad360bbee764a0b016821c098aaab53c478,True,ok,641-1024
train,shiyan/data3/images/train/2789.jpg,2789,2789,.jpg,800,800,RGB,335298,32ac609fce3a534ec11bc0a6a4074fcf5f479c0cdd5224e990ba24928ebdef7e,True,ok,641-1024
train,shiyan/data3/images/train/2790.jpg,2790,2790,.jpg,800,800,RGB,284983,e446f57d0676781baf33ca100310b27b598d81c5a13b46077e191e90f376a222,True,ok,641-1024
train,shiyan/data3/images/train/2791.jpg,2791,2791,.jpg,800,800,RGB,193289,54661abc1805265ef00c9c82351ce17261350823e25263e118e505faf520901e,True,ok,641-1024
train,shiyan/data3/images/train/2792.jpg,2792,2792,.jpg,800,800,RGB,377714,720a2cbb4351ffbe3662dcd31960721245f1a97c50c54c67f107111b20bba365,True,ok,641-1024
train,shiyan/data3/images/train/2793.jpg,2793,2793,.jpg,800,800,RGB,372506,808bd25212be28038833296512e52714eec1f9f168eaef992e5a05300cb848a9,True,ok,641-1024
train,shiyan/data3/images/train/2794.jpg,2794,2794,.jpg,800,800,RGB,284638,d5ef8e0d67952eb9cedcf58f25d7356b469c4941a0c72eb2f15a1dea73c40fb0,True,ok,641-1024
train,shiyan/data3/images/train/2795.jpg,2795,2795,.jpg,800,800,RGB,453400,506903db217e5455d32b7adefc3e6ed0f4eb190a24f9eadde3edb02654ed1321,True,ok,641-1024
train,shiyan/data3/images/train/2796.jpg,2796,2796,.jpg,792,906,RGB,117742,b759ebae4cd2f54ffa808105c522db0b86ff963db97369fbb3b1e5ff805d9944,True,ok,641-1024
train,shiyan/data3/images/train/2797.jpg,2797,2797,.jpg,889,811,RGB,86611,6e3d5b1a811414eba6a03c8a636a926d752e34ba60f42f38baa09163910547c0,True,ok,641-1024
train,shiyan/data3/images/train/2798.jpg,2798,2798,.jpg,800,800,RGB,396238,b9b4e7c23ea9d6d97febee4075d2cbbfa12231db8c0f86daddb9c09fc2a5eef1,True,ok,641-1024
train,shiyan/data3/images/train/2799.jpg,2799,2799,.jpg,800,800,RGB,375973,50df8e481bea0da32de612c965277eda9f8cc84386918e507e8d08454b2a0294,True,ok,641-1024
train,shiyan/data3/images/train/2800.jpg,2800,2800,.jpg,800,800,RGB,388101,db5d8297b6be839a71a2852bb8399abc9ea21d04436d957697634d458f0b4ab0,True,ok,641-1024
train,shiyan/data3/images/train/2801.jpg,2801,2801,.jpg,800,800,RGB,308257,ef6c42b18763a3122442291b8e1bb7d7a6c18e9205e9645a6f04009a254e95d8,True,ok,641-1024
train,shiyan/data3/images/train/2802.jpg,2802,2802,.jpg,800,800,RGB,359688,0e421aea8aa558970db3131ff86268c9a59b0965fd1106f948575029dc054767,True,ok,641-1024
train,shiyan/data3/images/train/2803.jpg,2803,2803,.jpg,800,800,RGB,370679,18824e0b7d11b95da4ed94f43b6ac765cad3ebc65a22155b9ed41cbb2fae506a,True,ok,641-1024
train,shiyan/data3/images/train/2804.jpg,2804,2804,.jpg,800,800,RGB,315790,2645770178159a738e6e29fefcab7af366971aad33fe230f6f75c9743c63a95f,True,ok,641-1024
train,shiyan/data3/images/train/2805.jpg,2805,2805,.jpg,800,800,RGB,243802,a6e0a91bd667039ece716f9e6c7c3e218c1014142755a789c6158421a70d9b17,True,ok,641-1024
train,shiyan/data3/images/train/2806.jpg,2806,2806,.jpg,933,889,RGB,97683,3ddfd19205012317432375019c6f23bec2e26a5b376cbd0132de198578e3f761,True,ok,641-1024
train,shiyan/data3/images/train/2807.jpg,2807,2807,.jpg,800,800,RGB,290469,08f580eee5b5859075e3f2967119c20766515d84a1e74e3537cb95fa7a4854d8,True,ok,641-1024
train,shiyan/data3/images/train/2808.jpg,2808,2808,.jpg,800,800,RGB,379970,d144aa5f12d1e36785be0ce86a66f9c570b61d1d999434a46725d5b0e3e55b4d,True,ok,641-1024
train,shiyan/data3/images/train/2809.jpg,2809,2809,.jpg,800,800,RGB,347431,f48adc2d8207a03efc3cbb9167a46d9785964be1423bd0762fb6fab6d2d3e546,True,ok,641-1024
train,shiyan/data3/images/train/2810.jpg,2810,2810,.jpg,800,800,RGB,241301,5d9719df46d9d7be1b20ba756eee1664faed3a5ec2ec7ed9aff6ed0b73e6e34f,True,ok,641-1024
train,shiyan/data3/images/train/2811.jpg,2811,2811,.jpg,800,800,RGB,390913,c85ac1e9f773450078b3a19def16cd5b954b41a650f08796a5e5a4b616e11595,True,ok,641-1024
train,shiyan/data3/images/train/2812.jpg,2812,2812,.jpg,800,800,RGB,266181,7c844e14c4c902ada68feea19f1fbab3e8d24daee6b168100147238bed690f66,True,ok,641-1024
train,shiyan/data3/images/train/2813.jpg,2813,2813,.jpg,800,800,RGB,276652,193223d22b302a35458a6e93f0117f021a90a98807174692cd0ae5816f732dc0,True,ok,641-1024
train,shiyan/data3/images/train/2814.jpg,2814,2814,.jpg,800,800,RGB,407864,5369cf2a82ffa1721df10961307c641418fe3ac3dbf85ff63ef3fb7422965e4a,True,ok,641-1024
train,shiyan/data3/images/train/2815.jpg,2815,2815,.jpg,800,800,RGB,440711,0f4a73b93d3b0816f78ad3771abaa589e84a4928526d8a9db2a6c4263ae61b2e,True,ok,641-1024
train,shiyan/data3/images/train/2816.jpg,2816,2816,.jpg,800,800,RGB,414018,a035bfe0835b2bb9416a40cf3ef4ffecc1add01ee3d6687e4944a8a67c79c4d4,True,ok,641-1024
train,shiyan/data3/images/train/2817.jpg,2817,2817,.jpg,800,800,RGB,241383,d7c6d79faffe3a74f0f2bc6ecb9767953954534cef1ab9c96a37080061590841,True,ok,641-1024
train,shiyan/data3/images/train/2818.jpg,2818,2818,.jpg,800,800,RGB,402236,71a04248785de0acdeb27815aa3c57d82543fca657cbc4c2911784f2d30619fd,True,ok,641-1024
train,shiyan/data3/images/train/2819.jpg,2819,2819,.jpg,846,895,RGB,82992,ae7dbac13ece84ef023d1f575d84ccb0e83c85e86d7ef7237dd72bdf7b38d2e0,True,ok,641-1024
train,shiyan/data3/images/train/2820.jpg,2820,2820,.jpg,800,800,RGB,441395,3ff5dc9a736f21734f64cfa18b54819b0fc15223ad5a6526dfe3f04162cf3e15,True,ok,641-1024
train,shiyan/data3/images/train/2821.jpg,2821,2821,.jpg,800,800,RGB,411907,06522afe8fe16f8d0e685813e422e08bd9871c221bf3f9261c0917de01a7f6c9,True,ok,641-1024
train,shiyan/data3/images/train/2822.jpg,2822,2822,.jpg,800,800,RGB,366873,966f7b52f85f94357ff7786b1e2606e6423581fd6ff01b7f076081c20e49ee87,True,ok,641-1024
train,shiyan/data3/images/train/2823.jpg,2823,2823,.jpg,800,800,RGB,314859,876d8baa708e66e6cd49fe5f699446dd1381f91d1c1174bfe42d4fb255fecc32,True,ok,641-1024
train,shiyan/data3/images/train/2824.jpg,2824,2824,.jpg,800,800,RGB,356690,025235d829b3497c8c21a69fe99ce562481cc570e2f3b6acbd25f14fdf5e51ee,True,ok,641-1024
train,shiyan/data3/images/train/2825.jpg,2825,2825,.jpg,800,800,RGB,322841,ac564961c745d440db09c29f7ae16e84827fae5770135754f5f9d92b4f23c763,True,ok,641-1024
train,shiyan/data3/images/train/2826.jpg,2826,2826,.jpg,800,800,RGB,388513,21a01856c98a9bbc01a0548472ac2abf0f1c0390bad496e785379650e65d42cb,True,ok,641-1024
train,shiyan/data3/images/train/2827.jpg,2827,2827,.jpg,800,800,RGB,223115,cbcdeebe551faf3e195718c28cde83e29a249885973e3fbb097b4c07d52c11a5,True,ok,641-1024
train,shiyan/data3/images/train/2828.jpg,2828,2828,.jpg,800,800,RGB,249991,5c3d9c059ef4bedc2595bb28885ee11c81c39d3814095e579af8e9c70c03af9a,True,ok,641-1024
train,shiyan/data3/images/train/2829.jpg,2829,2829,.jpg,800,800,RGB,368577,7df8ecbc53f4fc7e3be93be468e8ad332c9779cab4ed6378b64f7a82d10b6ee3,True,ok,641-1024
train,shiyan/data3/images/train/2830.jpg,2830,2830,.jpg,800,800,RGB,328997,b5851324718483cfbee89d381515c94f225c01f6e49f98a5509ef7ef0447d5ff,True,ok,641-1024
train,shiyan/data3/images/train/2831.jpg,2831,2831,.jpg,800,800,RGB,186772,06941905d779e45bdb1c77adb8b63a2a4afa1e83e1a8443763093e02a11baf7f,True,ok,641-1024
train,shiyan/data3/images/train/2832.jpg,2832,2832,.jpg,800,800,RGB,367036,f5ff746bb9ad7ce6fbfeeff4e11a4b7a43b6dba5e28a0ebe9ea2b4ede3973b45,True,ok,641-1024
train,shiyan/data3/images/train/2833.jpg,2833,2833,.jpg,800,800,RGB,217920,d3211e62f9bfbe63ac450f1ab181f08e7c23d54384185e90f239565d59d465f5,True,ok,641-1024
train,shiyan/data3/images/train/2834.jpg,2834,2834,.jpg,800,800,RGB,369792,13f4a46028590c37516975f468ab6ec90d3b187ca8d7202992b2cb1be49e76c4,True,ok,641-1024
train,shiyan/data3/images/train/2835.jpg,2835,2835,.jpg,865,844,RGB,86486,870a247cb26a300505c59fe2a8ab84ec2ea493681045b3a66206c7fe141b89c1,True,ok,641-1024
train,shiyan/data3/images/train/2836.jpg,2836,2836,.jpg,800,800,RGB,350856,b1472826035be62a795ed62da636df5ffe81623b0ede513eb9197f8aa706856e,True,ok,641-1024
train,shiyan/data3/images/train/2837.jpg,2837,2837,.jpg,800,800,RGB,363221,4b1dd3182b88b99b2a6ea7e3a7d58f045576691cd71e5899113346d4c6542352,True,ok,641-1024
train,shiyan/data3/images/train/2838.jpg,2838,2838,.jpg,800,800,RGB,367771,689d752ee51889f5d9a9ad1242b55b269e6a022d376f16e9338a36f6f8259205,True,ok,641-1024
train,shiyan/data3/images/train/2839.jpg,2839,2839,.jpg,800,800,RGB,365763,55631cbfb28c8311c9642d172ec6a118396246668a83074c42698dacd7387cec,True,ok,641-1024
train,shiyan/data3/images/train/2840.jpg,2840,2840,.jpg,800,800,RGB,239265,6bba55caa78826829c72cdfb181aff2c886c60da31627624e93d6ca8c01cc44a,True,ok,641-1024
train,shiyan/data3/images/train/2841.jpg,2841,2841,.jpg,800,800,RGB,291191,339f6592b95598b77631e8dec3e4f0ffdd1974b222cec48bd863e1643f8352d3,True,ok,641-1024
train,shiyan/data3/images/train/2842.jpg,2842,2842,.jpg,800,800,RGB,275441,9d48ce95f4802a2f3044cdbc08e9ea49d7dd7974adcc17d0ccb1d3ef3c4b1232,True,ok,641-1024
train,shiyan/data3/images/train/2843.jpg,2843,2843,.jpg,800,800,RGB,360146,ff4fac5699689e0834623b2cb1bcaa752033b5f473d84a5f15d97b42314eafb2,True,ok,641-1024
train,shiyan/data3/images/train/2844.jpg,2844,2844,.jpg,800,800,RGB,179483,abb4754aa9c32404e52d5837981437090f5edc660076145b57056e67bf5c0caa,True,ok,641-1024
train,shiyan/data3/images/train/2845.jpg,2845,2845,.jpg,800,800,RGB,379046,ef6aaa1ea4cb5a806ffd11537a15f70ec801ff9e6120653b89976fc3b56448a4,True,ok,641-1024
train,shiyan/data3/images/train/2846.jpg,2846,2846,.jpg,800,800,RGB,577987,5ced04182ca04fd06d4ae6206c6bd0fdf00752e263fab97e0b544691c92d8a7e,True,ok,641-1024
train,shiyan/data3/images/train/2847.jpg,2847,2847,.jpg,800,800,RGB,389367,0c3cc739ee45c70eba662c368b90165a0609e918fd554bc237498b3cc53eac91,True,ok,641-1024
train,shiyan/data3/images/train/2848.jpg,2848,2848,.jpg,879,898,RGB,89231,345ac6936a82ecaed214865745e942376e1fc68599ce8f4684df79eabd524575,True,ok,641-1024
train,shiyan/data3/images/train/2849.jpg,2849,2849,.jpg,800,800,RGB,226149,ce2ee34dadcf38ec24732465c54234bbd2c854c968fa188cf531e9a217dca796,True,ok,641-1024
train,shiyan/data3/images/train/2850.jpg,2850,2850,.jpg,800,800,RGB,384701,9f5cda2dd5a2a7b06f3be7b170e31222fe79ea4abecea0bd1fb065493d7694e2,True,ok,641-1024
train,shiyan/data3/images/train/2851.jpg,2851,2851,.jpg,800,800,RGB,344824,8eefab1bcaf241c7f2fe367f01e5a9a03f111ccd7074765e3d3d8029f437db93,True,ok,641-1024
train,shiyan/data3/images/train/2852.jpg,2852,2852,.jpg,800,800,RGB,374319,bfd56ec1a351afd25938f2848303e9039e7c20a112d32d41eae7485e31fbba17,True,ok,641-1024
train,shiyan/data3/images/train/2853.jpg,2853,2853,.jpg,800,800,RGB,253404,ae498fde619e382409760b8ff69a6bb5174e2f75567470001afc4d491a1c6042,True,ok,641-1024
train,shiyan/data3/images/train/2854.jpg,2854,2854,.jpg,800,800,RGB,310276,668b229cf8d53c055d714772f44dabc256ec4e060225340b7abf9d8c82438573,True,ok,641-1024
train,shiyan/data3/images/train/2855.jpg,2855,2855,.jpg,800,800,RGB,290011,10cab044198e41b32017754dcee01b1f201b381c4ea4b4c3a084db805c6cf2da,True,ok,641-1024
train,shiyan/data3/images/train/2856.jpg,2856,2856,.jpg,800,800,RGB,481592,1f4733f5e8a9252b4c5a9b52b6d6c549a4ab5b51b3c73ba77e040001674a7a85,True,ok,641-1024
train,shiyan/data3/images/train/2857.jpg,2857,2857,.jpg,800,800,RGB,342933,7d1e329d6957809384b947a9467c2a45abe6c1b6ff9b3062b8a40c2a8e63d8a3,True,ok,641-1024
train,shiyan/data3/images/train/2858.jpg,2858,2858,.jpg,837,774,RGB,107354,277f69cc4e6791c0b172e5c9c1570ff0c710699038220cb4c177473ad3cbbf26,True,ok,641-1024
train,shiyan/data3/images/train/2859.jpg,2859,2859,.jpg,800,800,RGB,385344,9bf213f0f4ed72badf3e87193f7a0223305485cdaa00f27cf4472d9556de0ca4,True,ok,641-1024
train,shiyan/data3/images/train/2860.jpg,2860,2860,.jpg,800,800,RGB,257635,4879b501f187b6ca5c4c686d62302699b47f96c0ff38e854b5be577c859142d5,True,ok,641-1024
train,shiyan/data3/images/train/2861.jpg,2861,2861,.jpg,800,800,RGB,293965,083eaaaa578922af84bf647bad1744f26da6502f8ef9da14ae6e400b3d0e3ae0,True,ok,641-1024
train,shiyan/data3/images/train/2862.jpg,2862,2862,.jpg,800,800,RGB,373016,bb7b2b877229a1cbbc86ba6709750030f201d6ebd8a7ba0b5423444e5eb55dbd,True,ok,641-1024
train,shiyan/data3/images/train/2863.jpg,2863,2863,.jpg,800,800,RGB,293443,e407c98b99a7d4ebe250897195ab257e2d9a8a66d1cf423cdd68760436d15181,True,ok,641-1024
train,shiyan/data3/images/train/2864.jpg,2864,2864,.jpg,800,800,RGB,279975,54636c972f546575c4b82e2f90fcbfe3e55f2e691adba1ae7198546e0408aae2,True,ok,641-1024
train,shiyan/data3/images/train/2865.jpg,2865,2865,.jpg,800,800,RGB,446924,5146d35fd2035205b58c12eaea12dba2cb10c9d2afb907370302369011d35f42,True,ok,641-1024
train,shiyan/data3/images/train/2866.jpg,2866,2866,.jpg,800,800,RGB,405763,b8c4c9e97b54f3ccef8a66b38bfefd6196b752932d4cc2c72bc5798221bf45bf,True,ok,641-1024
train,shiyan/data3/images/train/2867.jpg,2867,2867,.jpg,823,815,RGB,52481,28fe2532ef6fcb039bbeaa7b614235cd180c60404aa97805b4e0665d62b78046,True,ok,641-1024
train,shiyan/data3/images/train/2868.jpg,2868,2868,.jpg,800,800,RGB,402628,c1e2c6c6e31f7b2ea030dd7f356060cf6a8a61517263a9bbf551f0d32e89b9d7,True,ok,641-1024
train,shiyan/data3/images/train/2869.jpg,2869,2869,.jpg,800,800,RGB,265716,f83174f406498a88f83cfc72220ce6601e1821b5a3988c86809d62684c335689,True,ok,641-1024
train,shiyan/data3/images/train/2870.jpg,2870,2870,.jpg,800,800,RGB,279902,d51cc31e4dddfd7bfdf0cd23c2433cf8d3cb705cd7f355abc089046c7cf6c0bd,True,ok,641-1024
train,shiyan/data3/images/train/2871.jpg,2871,2871,.jpg,800,800,RGB,231075,750ccdac50566bd503b63475197138169144be064a352bd54c55786220e171d3,True,ok,641-1024
train,shiyan/data3/images/train/2872.jpg,2872,2872,.jpg,800,800,RGB,281245,88655858e3c801212ef43aff10ee5919c3bdc5eb9ade7d23a1f4a1c273b38829,True,ok,641-1024
train,shiyan/data3/images/train/2873.jpg,2873,2873,.jpg,800,800,RGB,297645,235f07792d49db3773255569bef12c4bd4527f0a25bd926e4acc459cede53ee7,True,ok,641-1024
train,shiyan/data3/images/train/2874.jpg,2874,2874,.jpg,800,800,RGB,310614,a39ecaa12e459fa7ac738a122529415d5458267e58192af097645663f20e58cf,True,ok,641-1024
train,shiyan/data3/images/train/2875.jpg,2875,2875,.jpg,800,800,RGB,231040,c6024ba7803c4379b6bbe6dd1bd2ccba7674a72b0e9cc84477776d3b219fb399,True,ok,641-1024
train,shiyan/data3/images/train/2876.jpg,2876,2876,.jpg,800,800,RGB,262922,83746d5f4a9e95c1ea341182131ee37cc47e6a0987ff61bdd7038e29dd2d0291,True,ok,641-1024
train,shiyan/data3/images/train/2877.jpg,2877,2877,.jpg,800,800,RGB,254055,71dcb571b3d6342e416513f45d917c241f67ee51ab5ec9162f3109fd9401dd7d,True,ok,641-1024
train,shiyan/data3/images/train/2878.jpg,2878,2878,.jpg,850,900,RGB,105697,8c581b61e3d1a9efe0f1b44efe7721dd6557c934365b9d5b230b428421ba22f7,True,ok,641-1024
train,shiyan/data3/images/train/2879.jpg,2879,2879,.jpg,807,886,RGB,115149,6f9808ab8910643cf3f6d642c5f562ac1b4c531b4d4eecddf7a73707351cb559,True,ok,641-1024
train,shiyan/data3/images/train/2880.jpg,2880,2880,.jpg,800,800,RGB,371570,3cac881fb4567d1c040559410aac543fd734081fc42b65d45c08ad13af7e4c7c,True,ok,641-1024
train,shiyan/data3/images/train/2881.jpg,2881,2881,.jpg,800,800,RGB,295913,484005f29479535bdc2728e88df5d561f6072b1a07bc0b880dc80e4707fdae7a,True,ok,641-1024
train,shiyan/data3/images/train/2882.jpg,2882,2882,.jpg,800,800,RGB,314206,55aa582b2f4d9a2c60509d2eaece0f37dfe46273cdf679209fbef21c55eb00c8,True,ok,641-1024
train,shiyan/data3/images/train/2883.jpg,2883,2883,.jpg,800,800,RGB,236913,5b55df82461f79d2c05d44ef0a149c38657bba22e6947b4a12521dbf7b8d8482,True,ok,641-1024
train,shiyan/data3/images/train/2884.jpg,2884,2884,.jpg,800,800,RGB,506250,ad1580b236308374e7be19bf015849c177a8fcb6e7096ee74c4a70000c0c65b2,True,ok,641-1024
train,shiyan/data3/images/train/2885.jpg,2885,2885,.jpg,800,800,RGB,319078,9e26989196a878e5d6fc8d3279cf3f32f79bd7b42bb7faec2b71544ee41ada52,True,ok,641-1024
train,shiyan/data3/images/train/2886.jpg,2886,2886,.jpg,800,800,RGB,238294,a570101d055bc5e2f8f5a669fd0cf38c729271e206af4eab3614ef7ee0338b5b,True,ok,641-1024
train,shiyan/data3/images/train/2887.jpg,2887,2887,.jpg,844,849,RGB,94234,4dd1f32e317c55b410f3b22bf8d9cbc6f2c36310e93f2eff2d20ec43360b36d0,True,ok,641-1024
train,shiyan/data3/images/train/2888.jpg,2888,2888,.jpg,800,800,RGB,316597,646700607e2f155789b458b712adddcfb397c7ee8fce01e181fa503f21fad889,True,ok,641-1024
train,shiyan/data3/images/train/2889.jpg,2889,2889,.jpg,800,800,RGB,257418,b97a1b35c160d6f5681a92e935141cf7d5883dd3ebe1350bf113b3cff520f10a,True,ok,641-1024
train,shiyan/data3/images/train/2890.jpg,2890,2890,.jpg,800,800,RGB,225556,b2bcda60a38d746ed90e1d38cd499e150574ed71c072b9f4e4fd78bc8d82b5b6,True,ok,641-1024
train,shiyan/data3/images/train/2891.jpg,2891,2891,.jpg,800,800,RGB,445949,ab216bd70c49230c6f5a492103636cacb61118c2c1c7f4a44a39e480c90cbc83,True,ok,641-1024
train,shiyan/data3/images/train/2892.jpg,2892,2892,.jpg,800,800,RGB,309501,44ec7a1de3ce4173288b0e6b10cb2c63dd5e78b9cea25d7dabc6a8ae8529b8e6,True,ok,641-1024
train,shiyan/data3/images/train/2893.jpg,2893,2893,.jpg,800,800,RGB,320333,3d29d4bac642915b53a785331f29f55c06e982f8d1082f1353ac723ccbc19fbb,True,ok,641-1024
train,shiyan/data3/images/train/2894.jpg,2894,2894,.jpg,800,800,RGB,253723,9b7931ab01505e6ff356d07520f97cc5462eb71f8227bfcc115a557685a1fef9,True,ok,641-1024
train,shiyan/data3/images/train/2895.jpg,2895,2895,.jpg,800,800,RGB,244933,f8422f42523b348f8092f001c615659130a84d0326aad887cb92fc1e598293b3,True,ok,641-1024
train,shiyan/data3/images/train/2896.jpg,2896,2896,.jpg,800,800,RGB,333744,e515a2cd620403f1e1ffc0f073bb3a25116a770833923d734bbbab9eaa43c5f0,True,ok,641-1024
train,shiyan/data3/images/train/2897.jpg,2897,2897,.jpg,800,800,RGB,428493,0628e704b5797fbe2cfaed421a003868a5bee9e0407830a6237e4a25f9daa65b,True,ok,641-1024
train,shiyan/data3/images/train/2898.jpg,2898,2898,.jpg,800,800,RGB,353032,1e0cb9ca8142ba2a7e0f34236c52a986ad72fab54aa7da30fb47dd2beaccc18a,True,ok,641-1024
train,shiyan/data3/images/train/2899.jpg,2899,2899,.jpg,800,800,RGB,381994,dd7ad8c8c5d5573098b5b9b6d00556e6d29b55ac7b6a5357450259becb9cf941,True,ok,641-1024
train,shiyan/data3/images/train/2900.jpg,2900,2900,.jpg,800,800,RGB,219553,4854fb84a5208809d0dcebe2e2510e011c6e66aebdf7b08a9bde8772c36e71d2,True,ok,641-1024
train,shiyan/data3/images/train/2901.jpg,2901,2901,.jpg,832,840,RGB,89492,475f3f0bd2aae5b3659d5ebf5f89542cedf487be59f996db13ab27d8ba7ffc9f,True,ok,641-1024
train,shiyan/data3/images/train/2902.jpg,2902,2902,.jpg,800,800,RGB,445780,1186547d9dfbc71b4254a9d754434e64c6513e9374722b95f88f81c2bbc8a762,True,ok,641-1024
train,shiyan/data3/images/train/2903.jpg,2903,2903,.jpg,800,800,RGB,376130,d7ab661231135e099cde7ccdfaa6025a62fa0c77f606ce8f4be90a12bd1deb80,True,ok,641-1024
train,shiyan/data3/images/train/2904.jpg,2904,2904,.jpg,800,800,RGB,329159,74d9fa260ad412025b3e9098de92db8cc2643fa25105db965fb99e1dc50a759c,True,ok,641-1024
train,shiyan/data3/images/train/2905.jpg,2905,2905,.jpg,800,800,RGB,388913,c4db7bed119791d16fffa3351bc7b545a56b95083bb056f4cf947570427c8260,True,ok,641-1024
train,shiyan/data3/images/train/2906.jpg,2906,2906,.jpg,800,800,RGB,338050,b034ba50c077d2c443e48cb28a98fc71291a7402963fa53c2d730dfafb8f2657,True,ok,641-1024
train,shiyan/data3/images/train/2907.jpg,2907,2907,.jpg,800,800,RGB,239190,7d9a134302560a4ce6890be33109bd958de2827fe556d9ec313a2363e462ade0,True,ok,641-1024
train,shiyan/data3/images/train/2908.jpg,2908,2908,.jpg,800,800,RGB,369480,468bbf19cc053754508784a9aa499514bf15ec01e99559c096748fb4a868de8a,True,ok,641-1024
train,shiyan/data3/images/train/2909.jpg,2909,2909,.jpg,800,800,RGB,409769,763fbbc2d547de637e1c2e8edf37bd32824f5e8702984a165708b0c228066334,True,ok,641-1024
train,shiyan/data3/images/train/2910.jpg,2910,2910,.jpg,800,800,RGB,353231,ae794d4c8680604a5fbfcdb3f327fd1dfcc21eafb26951c1ef83361c23477737,True,ok,641-1024
train,shiyan/data3/images/train/2911.jpg,2911,2911,.jpg,864,824,RGB,105544,537d79f058b0854bb923a30b7f2a462f8a2fc7b885d034e416d83c974deba8eb,True,ok,641-1024
train,shiyan/data3/images/train/2912.jpg,2912,2912,.jpg,800,800,RGB,260808,120c8715161aa9caefd89f3ae464382aa0e73cd721ae0b45276610943662407f,True,ok,641-1024
train,shiyan/data3/images/train/2913.jpg,2913,2913,.jpg,800,800,RGB,368313,58eeadaa645d54b54c8a29f8918de7f5c7cf148b4784d9ebba4d95f444a2c0de,True,ok,641-1024
train,shiyan/data3/images/train/2914.jpg,2914,2914,.jpg,800,800,RGB,430998,1a3647d324d32dc369f60cbecc37adf1bb33e2f33a6d47f35ae6f64f1880e252,True,ok,641-1024
train,shiyan/data3/images/train/2915.jpg,2915,2915,.jpg,800,800,RGB,405989,19fb93a82bacb4aeb41cb1f08c44aa89a0ae9a07f58d8c40eddca3bd8d5935bf,True,ok,641-1024
train,shiyan/data3/images/train/2916.jpg,2916,2916,.jpg,800,800,RGB,423598,aa4443740290043f750849103ff436a710db88c8761a808d0e383c3181673461,True,ok,641-1024
train,shiyan/data3/images/train/2917.jpg,2917,2917,.jpg,800,800,RGB,381097,bfbd6ccfd33408b2ee0ce923c9f3f6137a19c6ecafb01269f9e8c1499e912a92,True,ok,641-1024
train,shiyan/data3/images/train/2918.jpg,2918,2918,.jpg,800,800,RGB,548624,712dd72bb89aaddc4f81574a6958f45b53d74b02c4563366e533eac9c5acc12b,True,ok,641-1024
train,shiyan/data3/images/train/2919.jpg,2919,2919,.jpg,800,800,RGB,197515,3713a58cd516d092b13ed8fa54c859c6afc9bc1ae1aae21fae7ab36f7fb2e46a,True,ok,641-1024
train,shiyan/data3/images/train/2920.jpg,2920,2920,.jpg,811,837,RGB,99490,9288599519be483d48058e2e1a025b020f9ee1f46e954c555cd6c3ba0e881304,True,ok,641-1024
train,shiyan/data3/images/train/2921.jpg,2921,2921,.jpg,800,800,RGB,416510,2551ffcaa6005abc3caedae1298b78c411a1f27cf147635335dc2870425c6d1b,True,ok,641-1024
train,shiyan/data3/images/train/2922.jpg,2922,2922,.jpg,800,800,RGB,350800,6a80ed3c1b399b415a1dcad76a12205540562d724fd32b5a93a190c8c804e8fc,True,ok,641-1024
train,shiyan/data3/images/train/2923.jpg,2923,2923,.jpg,800,800,RGB,323340,0700003184001f8db532f9dbb45276817b0290caac7f153668a862eca1de785a,True,ok,641-1024
train,shiyan/data3/images/train/2924.jpg,2924,2924,.jpg,800,800,RGB,340672,4450e539b556adac3681b04b0e7535921de0d52521c2b31250d97e44d7041248,True,ok,641-1024
train,shiyan/data3/images/train/2925.jpg,2925,2925,.jpg,800,800,RGB,386971,d4f99fa7dedf67db10e1d906bb6227f7c69a89cb4834ff62a459e3c7e871b66b,True,ok,641-1024
train,shiyan/data3/images/train/2926.jpg,2926,2926,.jpg,800,800,RGB,318597,1e01c030ca000e6223372020d62c36cb561eff8c1fac80f56d4108d21047996c,True,ok,641-1024
train,shiyan/data3/images/train/2927.jpg,2927,2927,.jpg,800,800,RGB,404691,52d980d44e24201401f72cc169645ad597ce3e364cb7cffe304dedb0cb8e36bd,True,ok,641-1024
train,shiyan/data3/images/train/2928.jpg,2928,2928,.jpg,800,800,RGB,381325,04c955fe27af3be8cba56a84e25f82f5d1aaa690c66669cecb87ebda3ac5ecf1,True,ok,641-1024
train,shiyan/data3/images/train/2929.jpg,2929,2929,.jpg,800,800,RGB,407375,a19c49d5c0f7fbd37963cb3aa8c8f3fe99f45250be2033107edaf5d87b02866b,True,ok,641-1024
train,shiyan/data3/images/train/2930.jpg,2930,2930,.jpg,837,893,RGB,104160,1e63ac08ce562fe75155850df1205460dd60aee30dc10a02d23c815d507d8d78,True,ok,641-1024
train,shiyan/data3/images/train/2931.jpg,2931,2931,.jpg,800,800,RGB,318429,da0f0cd13a297f8c851709aae481b56f745986cab7a51a29d8fa39c09be76955,True,ok,641-1024
train,shiyan/data3/images/train/2932.jpg,2932,2932,.jpg,800,800,RGB,261085,1e806b114099c8231b08cc4263494c7a12af26e5e3c8db36b45b590f86c57fc3,True,ok,641-1024
train,shiyan/data3/images/train/2933.jpg,2933,2933,.jpg,800,800,RGB,365486,88802b4554aafcb2e34ffaa69027fb40a2f68a3566834994387d312c8cf253ea,True,ok,641-1024
train,shiyan/data3/images/train/2934.jpg,2934,2934,.jpg,800,800,RGB,223539,64f1b2e0b8596188743a136063a59ec68499cae79419935c5599e71dc669f076,True,ok,641-1024
train,shiyan/data3/images/train/2935.jpg,2935,2935,.jpg,800,800,RGB,403486,d62751cbc9a0b4b7ca47e6655a3cc2d7a1c302f28422b30ea00491042300d5ad,True,ok,641-1024
train,shiyan/data3/images/train/2936.jpg,2936,2936,.jpg,800,800,RGB,348655,b4e5637c9f06308f7595720ec006b307f518a58f1742e7e3d7c7ae1edbd6186a,True,ok,641-1024
train,shiyan/data3/images/train/2937.jpg,2937,2937,.jpg,800,800,RGB,380230,55045c371134eb7df28096aade9181ce905f1988f9129cf5ca3ea6a01f405cfa,True,ok,641-1024
train,shiyan/data3/images/train/2938.jpg,2938,2938,.jpg,800,800,RGB,345943,a858a35ade8f993b6b6ed8e328e0a6d8b729674be85de9dd882a7dac0645cdef,True,ok,641-1024
train,shiyan/data3/images/train/2939.jpg,2939,2939,.jpg,800,800,RGB,213352,a502f94569770a503f6c88b25c57c38900a92632a90d18063d9251df2f11194c,True,ok,641-1024
train,shiyan/data3/images/train/2940.jpg,2940,2940,.jpg,859,894,RGB,98693,2c3e9d070d85bc76bc0e494efdf3c28e02ae0cbe8e67f51d9047fd708bc593cc,True,ok,641-1024
train,shiyan/data3/images/train/2941.jpg,2941,2941,.jpg,800,800,RGB,345191,afb0a566aa8799471d820205bf7e3479fab03827ebe5168d6d27b51e64dd1544,True,ok,641-1024
train,shiyan/data3/images/train/2942.jpg,2942,2942,.jpg,800,800,RGB,416447,06e42ab2fbd3692a267b89588666845cb01aa3c71deb4a31cd8ecec211009cc9,True,ok,641-1024
train,shiyan/data3/images/train/2943.jpg,2943,2943,.jpg,800,800,RGB,266778,cf41d8614e6aa006f515395be9026015332a78bec49b92f14b556d1d7da84dc5,True,ok,641-1024
train,shiyan/data3/images/train/2944.jpg,2944,2944,.jpg,800,800,RGB,310373,664f1ed4a3cee96d6faec552b8630e890820dc72745a7d5878766c28b63602f0,True,ok,641-1024
train,shiyan/data3/images/train/2945.jpg,2945,2945,.jpg,800,800,RGB,219853,e2afabe186ccd7c5858c3abdff8d181a38aa3b428ca923521ddcca2eea77db68,True,ok,641-1024
train,shiyan/data3/images/train/2946.jpg,2946,2946,.jpg,800,800,RGB,352886,e7793dba50b9b3b44c8dbb7a7ece88d3ea872eff309a7d31c6b9fdd0f4dd3fc4,True,ok,641-1024
train,shiyan/data3/images/train/2947.jpg,2947,2947,.jpg,800,800,RGB,413163,41bd0ca93e8597853eb3189404b8f3695473aa698b1c67cd4e5089440f9a8fa4,True,ok,641-1024
train,shiyan/data3/images/train/2948.jpg,2948,2948,.jpg,800,800,RGB,353802,fbd6ec025cf4d40def5028fd70a89f2bbdc0f291cccaf27bfb20fcc524f37c49,True,ok,641-1024
train,shiyan/data3/images/train/2949.jpg,2949,2949,.jpg,800,800,RGB,416377,7b617f399258655d140ad0493fbc014933ca6206de729d721e74a52987bcde59,True,ok,641-1024
train,shiyan/data3/images/train/2950.jpg,2950,2950,.jpg,800,800,RGB,376381,3356b85d268219fe80e3d8c9d277624fec556c84338f45d2bcb14a935e26d196,True,ok,641-1024
train,shiyan/data3/images/train/2951.jpg,2951,2951,.jpg,800,800,RGB,325229,e0faf7cd7134b313ed4b3c5e3eef4eacb44d7ce7784e4bc60aca8b42a7fc60e7,True,ok,641-1024
train,shiyan/data3/images/train/2952.jpg,2952,2952,.jpg,800,800,RGB,449143,a2c13d10520f478dfba041e8d84fbd15658ca51b468d9f63b3275f4cb13f5dd9,True,ok,641-1024
train,shiyan/data3/images/train/2953.jpg,2953,2953,.jpg,800,800,RGB,447211,1c3734ee34d71742ba49e706a0e405357a57b6ccdaa74a42f0a45396577b7acb,True,ok,641-1024
train,shiyan/data3/images/train/2954.jpg,2954,2954,.jpg,800,800,RGB,439647,3c6f80d51a23f25a738ea2f21180139cfde37634ca3a7dacf8aa79b0254219d0,True,ok,641-1024
train,shiyan/data3/images/train/2955.jpg,2955,2955,.jpg,800,800,RGB,381147,79488de15734716f945c0cda6d287fc025b987082e38bd6639ea94a603b2caef,True,ok,641-1024
train,shiyan/data3/images/train/2956.jpg,2956,2956,.jpg,800,800,RGB,280646,3a9ddb4afc07a79dd557e4a32aca0b237049c35b26dbe6173ee7648082fd49a5,True,ok,641-1024
train,shiyan/data3/images/train/2957.jpg,2957,2957,.jpg,800,800,RGB,329169,d965b99d56fe75e75c8abe370a65cade281b661dcfbce3967276623ce60f6377,True,ok,641-1024
train,shiyan/data3/images/train/2958.jpg,2958,2958,.jpg,800,800,RGB,351679,be7065c5b0a0ec3f062f69d697df876631cf973f5f14d48e74a3eee5eae1103e,True,ok,641-1024
train,shiyan/data3/images/train/2959.jpg,2959,2959,.jpg,828,819,RGB,100764,dba6d8f82473bc28d5846ab3090cc275848b7336eb37eb5c15cdfe1467c53154,True,ok,641-1024
train,shiyan/data3/images/train/2960.jpg,2960,2960,.jpg,800,800,RGB,332798,0b2d6f7a350a8e939eee9b89bf0c5c59eda42869083eec37e57bd2d5d8586df3,True,ok,641-1024
train,shiyan/data3/images/train/2961.jpg,2961,2961,.jpg,800,800,RGB,271754,620af9db5711e252aa38988010868777be5a37cbcd6230e6c0ce4f216c2344ea,True,ok,641-1024
train,shiyan/data3/images/train/2962.jpg,2962,2962,.jpg,800,800,RGB,381159,f26459180ea5a0e6c5276bfabae785eead86e1058f10c2ef37e9f968c1e2a0ec,True,ok,641-1024
train,shiyan/data3/images/train/2963.jpg,2963,2963,.jpg,800,800,RGB,451041,9b532d5683b7108d2ff0910dc116f0fc4cafe055b6c5d2ce789d4acfc7f691a2,True,ok,641-1024
train,shiyan/data3/images/train/2964.jpg,2964,2964,.jpg,800,800,RGB,384680,3f79fc282f3e1d4525e6ac5fd8f40a23a0846015d411da85cc17f9dcbde9e44b,True,ok,641-1024
train,shiyan/data3/images/train/2965.jpg,2965,2965,.jpg,800,800,RGB,356203,e973b0d412888b6fbb830170ea9a5449e4f8232dadc767ff382545e0ce991ee5,True,ok,641-1024
train,shiyan/data3/images/train/2966.jpg,2966,2966,.jpg,800,800,RGB,331800,99d5edf52e9262d1a8d83985f7fcb2dd4f0c9fb19c3b0193516205bc291c9ad0,True,ok,641-1024
train,shiyan/data3/images/train/2967.jpg,2967,2967,.jpg,800,800,RGB,301740,4a80f2aebac360b44df172116c64067334bd4a85df4efadeb24bad45f9bf2eb4,True,ok,641-1024
train,shiyan/data3/images/train/2968.jpg,2968,2968,.jpg,800,800,RGB,323600,4f09884780c2012a74455f51ed6de1c6c34205d29ca4f4316787387387238db3,True,ok,641-1024
train,shiyan/data3/images/train/2969.jpg,2969,2969,.jpg,876,884,RGB,92540,83cfb5faba43339b75e28f161953cc51d0e838e85cfd156fa3f3a62638caedfe,True,ok,641-1024
train,shiyan/data3/images/train/2970.jpg,2970,2970,.jpg,826,864,RGB,81217,6330bea2a1861eba0cb5d0592658ccce632d71f05abe522b6f316177e23e287e,True,ok,641-1024
train,shiyan/data3/images/train/2971.jpg,2971,2971,.jpg,800,800,RGB,459022,49dac1e0c3ff657ea398a45aff98d73146f81a31c8e080dfba1db698ca6c123a,True,ok,641-1024
train,shiyan/data3/images/train/2972.jpg,2972,2972,.jpg,800,800,RGB,323558,2efd5cd87ebcfded034c90b4a0a3c77b901e828e2ff6273a3b501354fbd9cb72,True,ok,641-1024
train,shiyan/data3/images/train/2973.jpg,2973,2973,.jpg,800,800,RGB,492422,11e0ed07217b52269425659cf5647c3d4697f22c627377760c5ad6f9072b4333,True,ok,641-1024
train,shiyan/data3/images/train/2974.jpg,2974,2974,.jpg,800,800,RGB,340401,b740cde76131038cbb4e2bfbb508d62f3396f62600d8f1221ddba164c90825fe,True,ok,641-1024
train,shiyan/data3/images/train/2975.jpg,2975,2975,.jpg,800,800,RGB,351745,233f32e5b61907ed9bb7c51dba356fde26cd23237d2cce64b7fc045f322de85c,True,ok,641-1024
train,shiyan/data3/images/train/2976.jpg,2976,2976,.jpg,800,800,RGB,270280,9dee9d7ee8972034fb11cba29ea237c589ba8960076ef29ea63afed05d6a7135,True,ok,641-1024
train,shiyan/data3/images/train/2977.jpg,2977,2977,.jpg,800,800,RGB,334573,13b112ded26f3ffd47cc0879a90bb5702d7d36f72893ac7324088aca16c4a00a,True,ok,641-1024
train,shiyan/data3/images/train/2978.jpg,2978,2978,.jpg,800,800,RGB,223935,689c8a0eadc865c6b4728555604a3cf996cf2e1e7b6359925b6ece6867f9ac33,True,ok,641-1024
train,shiyan/data3/images/train/2979.jpg,2979,2979,.jpg,800,800,RGB,398438,157bb5ec32a9baf5f160e4f650cd0a0b25a712aeafe64e8213967aa6ecdd0b9c,True,ok,641-1024
train,shiyan/data3/images/train/2980.jpg,2980,2980,.jpg,850,826,RGB,105983,c5148999bf81d689531bc599aefced9b6ff41634ca4e1ff3456c0a964d6b70ac,True,ok,641-1024
train,shiyan/data3/images/train/2981.jpg,2981,2981,.jpg,800,800,RGB,383918,1e14dcdf02ba46392b57337ffddfdf85ba9ff8fad9cf720df0c342392a28a976,True,ok,641-1024
train,shiyan/data3/images/train/2982.jpg,2982,2982,.jpg,800,800,RGB,289535,8b6c04034099c440049ed24a7bd1d30b2f21a0e1384a5bc0d1583f7d99543d6c,True,ok,641-1024
train,shiyan/data3/images/train/2983.jpg,2983,2983,.jpg,800,800,RGB,355143,37d7065b0717522458e68ad3b05101b42ca916b6d26c95d6cad0682b46926928,True,ok,641-1024
train,shiyan/data3/images/train/2984.jpg,2984,2984,.jpg,800,800,RGB,251174,7c6c523f0d65e4200fbce5e238fe8bd33c73cc60c522be1c3230c193f22382d8,True,ok,641-1024
train,shiyan/data3/images/train/2985.jpg,2985,2985,.jpg,800,800,RGB,305716,1d4e62686204bfdad30e180fb40c2866036e86832550178bc6559b0d52914a77,True,ok,641-1024
train,shiyan/data3/images/train/2986.jpg,2986,2986,.jpg,800,800,RGB,443160,4233085237f11280a97bc7d55d6f8b128019b38e0839460a4677fde85c8f735d,True,ok,641-1024
train,shiyan/data3/images/train/2987.jpg,2987,2987,.jpg,800,800,RGB,260598,9ddc2d99a07ecc3b8daaeac33a76e5f0854c333c44ba7f95a911623536daf58b,True,ok,641-1024
train,shiyan/data3/images/train/2988.jpg,2988,2988,.jpg,800,800,RGB,364227,0a00b4efe8a12a89604fc6fcdf62c771ca062c9f779ae54b372f228b9da6d4a7,True,ok,641-1024
train,shiyan/data3/images/train/2989.jpg,2989,2989,.jpg,800,800,RGB,322111,a36b01ee589cbc612c9465e4c0595fa57445f0229f32f0976e7600d1940548bc,True,ok,641-1024
train,shiyan/data3/images/train/2990.jpg,2990,2990,.jpg,800,800,RGB,351378,ac973afa2b054f43b93f9540091cd5140f59106b91b652af3b5f2f588083612f,True,ok,641-1024
train,shiyan/data3/images/train/2991.jpg,2991,2991,.jpg,800,800,RGB,357586,13374663110116a27f575b46f5b5f4577dba486fad6e0ede112d0ad60fb4e4dd,True,ok,641-1024
train,shiyan/data3/images/train/2992.jpg,2992,2992,.jpg,800,800,RGB,522046,34ae523945b94b16f622685ecd138047db843b0019d44e228594be8805efe193,True,ok,641-1024
train,shiyan/data3/images/train/2993.jpg,2993,2993,.jpg,800,800,RGB,270956,0a9f7b71a5ce7483063d69c4072994b548058ddc653420f158ae2b0149461491,True,ok,641-1024
train,shiyan/data3/images/train/2994.jpg,2994,2994,.jpg,800,800,RGB,378052,30524c613527aacd9b55d16dd497dda468a1ba2fe864faf0f9f3145f78fe93fe,True,ok,641-1024
train,shiyan/data3/images/train/2995.jpg,2995,2995,.jpg,800,800,RGB,352643,113b542852f452752164d8a59be86597101fb34bc68fa2130c6f19d00379ae29,True,ok,641-1024
train,shiyan/data3/images/train/2996.jpg,2996,2996,.jpg,800,800,RGB,245170,0111051927a494d8e3d6031953c0f79dd98d42afb5b789947c79660819b52de6,True,ok,641-1024
train,shiyan/data3/images/train/2997.jpg,2997,2997,.jpg,800,800,RGB,424862,26f5cbf45cc99e35c8702b87e45e2cf4f4a097db0b548879b34000f66f822d8e,True,ok,641-1024
train,shiyan/data3/images/train/2998.jpg,2998,2998,.jpg,800,800,RGB,387477,4c3f0a0c72997cec6ce7d6179ec14e5aecd933af33352cc2b06952ed3bfe6c7f,True,ok,641-1024
train,shiyan/data3/images/train/2999.jpg,2999,2999,.jpg,800,800,RGB,429801,168f88a11120cabcfa13611e493bb97077f4ed50c6eca5354bbda871244a3f00,True,ok,641-1024
train,shiyan/data3/images/train/3000.jpg,3000,3000,.jpg,857,836,RGB,89022,ab54973129b65c9c539226399627475ff2e27804e7401fff794002d619405842,True,ok,641-1024
train,shiyan/data3/images/train/3001.jpg,3001,3001,.jpg,800,800,RGB,329980,70d1a53d67f6ccae7f367081e2771edbfc11d44a7a368e537b15dc352c63eff1,True,ok,641-1024
train,shiyan/data3/images/train/3002.jpg,3002,3002,.jpg,800,800,RGB,228758,bdc31d8b0842cf1b8f87f6409b135bfd859612c29bd06551c412df5a3da8bf51,True,ok,641-1024
train,shiyan/data3/images/train/3003.jpg,3003,3003,.jpg,800,800,RGB,327193,d8cedd548c52b00d4b29d4a1dab6eca999972cbeba52c0064496cf4cec59df09,True,ok,641-1024
train,shiyan/data3/images/train/3004.jpg,3004,3004,.jpg,800,800,RGB,387588,04879627df0770cc2af8343bf98d7379fa582febc7493115a8b05a175d8ad2cb,True,ok,641-1024
train,shiyan/data3/images/train/3005.jpg,3005,3005,.jpg,800,800,RGB,331774,2e3ff20e51620e991c959be5628df603a440e31f1190ebca4390fa767a0b4c64,True,ok,641-1024
train,shiyan/data3/images/train/3006.jpg,3006,3006,.jpg,800,900,RGB,99388,d88414afdfc945c24d1dcf9064487373dd1d20832b61ead5050ff52808b4f570,True,ok,641-1024
train,shiyan/data3/images/train/3007.jpg,3007,3007,.jpg,800,800,RGB,352604,4688194ae6ca7ba84daacdbb82ac4b6cee3ae4638773ced5d877fa434944a70c,True,ok,641-1024
train,shiyan/data3/images/train/3008.jpg,3008,3008,.jpg,800,800,RGB,211488,1b4130a466655464d058fd64700826981b1d35f78dd202c47569f2ab7ff41ffe,True,ok,641-1024
train,shiyan/data3/images/train/3009.jpg,3009,3009,.jpg,800,800,RGB,233536,a4134358150cd0a68872963b95e7a373d1f93104a410d9d67bf8f4016788ea2d,True,ok,641-1024
train,shiyan/data3/images/train/3010.jpg,3010,3010,.jpg,800,800,RGB,345152,cf76452e94b8d5eadcafba3170d5c9c2ca892a3889f1be1c053c1004fef1b92a,True,ok,641-1024
train,shiyan/data3/images/train/3011.jpg,3011,3011,.jpg,800,800,RGB,264104,c7b0284d93bb85abe39b3ac0a24cf5957c7b38624d99e7ba276673147568d50f,True,ok,641-1024
train,shiyan/data3/images/train/3012.jpg,3012,3012,.jpg,800,800,RGB,246886,b6f55510c90979c728969e162089fc439fe20fa90d549f4debb99893944240ed,True,ok,641-1024
train,shiyan/data3/images/train/3013.jpg,3013,3013,.jpg,800,800,RGB,357409,aa843d2b3ac867b0b50bf2f054184b6215f373b58ea61c87b500a08ec56065bd,True,ok,641-1024
train,shiyan/data3/images/train/3014.jpg,3014,3014,.jpg,800,800,RGB,362190,fec52f32dc3c20130bf3dd2e9fb6ecb699b2a465bf8c37d4a80ad9c16ae171a0,True,ok,641-1024
train,shiyan/data3/images/train/3015.jpg,3015,3015,.jpg,800,800,RGB,346293,9eecb4d45dc383b453ab9d5ada3ceabd6eeabbefc02de4ad060ad0b97359b56d,True,ok,641-1024
train,shiyan/data3/images/train/3016.jpg,3016,3016,.jpg,800,800,RGB,276362,0eb4a85e5d7e8e0926403a7f4281c63429c5f5f02128dc08d2b9836058f0f6f1,True,ok,641-1024
train,shiyan/data3/images/train/3017.jpg,3017,3017,.jpg,800,800,RGB,196630,2b966280345101beeb8e956fad6aadb1ec04108155801df1166b2989ed87af44,True,ok,641-1024
train,shiyan/data3/images/train/3018.jpg,3018,3018,.jpg,800,800,RGB,388081,a8750cdad17852ac4d3fe2631a1e75161a2a4a1e588c762cf26644ccd7a43f29,True,ok,641-1024
train,shiyan/data3/images/train/3019.jpg,3019,3019,.jpg,800,800,RGB,241895,91c80412d6c75459da67c0f57b7b3523f40c619c72e2917d36e26cad10549ebf,True,ok,641-1024
train,shiyan/data3/images/train/3020.jpg,3020,3020,.jpg,800,800,RGB,258421,cca11fbf5b274d923c1f78e84078738a85aacb3eb5e85090ca41f2f12a6dcf83,True,ok,641-1024
train,shiyan/data3/images/train/3021.jpg,3021,3021,.jpg,800,800,RGB,265965,19e93e707a1e0fd6227d8d9ce4406725dd1db5d095c8adcbd4297e4280687a31,True,ok,641-1024
train,shiyan/data3/images/train/3022.jpg,3022,3022,.jpg,998,678,RGB,115548,4e4e88305175f43cfed36eea919ea0f6f1a1f1fc7dc0bbf1d71bf5c3304a5b65,True,ok,641-1024
train,shiyan/data3/images/train/3023.jpg,3023,3023,.jpg,800,800,RGB,288772,51d079c545f8f8e383499c3a8fb5df492ee6d3fa6215f1ae04386dcd58c0a8ef,True,ok,641-1024
train,shiyan/data3/images/train/3024.jpg,3024,3024,.jpg,800,800,RGB,370472,899f6528c741d4b824de14f081db233ad6ec391226c740b4992b5c2e1cbf663b,True,ok,641-1024
train,shiyan/data3/images/train/3025.jpg,3025,3025,.jpg,800,800,RGB,274415,c4d46138ae21d417aff99879fd8f5270b64ca2804c5c7c8acf78840137f2a7b5,True,ok,641-1024
train,shiyan/data3/images/train/3026.jpg,3026,3026,.jpg,800,800,RGB,396586,dafe1ebc33f6e10faa63bbf1d154e04d8486827140162a2daf96dad1afa75281,True,ok,641-1024
train,shiyan/data3/images/train/3027.jpg,3027,3027,.jpg,800,800,RGB,334501,55c1fb0bac8ad46968cef19a36503131caa81a83eea330f594c385988192e0eb,True,ok,641-1024
train,shiyan/data3/images/train/3028.jpg,3028,3028,.jpg,800,800,RGB,303530,6dd7aa7fab1e6a58d6090ddb32f75583b1359ad6ef4a407394133cd42f6b25c8,True,ok,641-1024
train,shiyan/data3/images/train/3029.jpg,3029,3029,.jpg,800,800,RGB,434088,8c2c6aa7127439455abd18558ad3b4cbf61821532391cd6af157ad92097fbfea,True,ok,641-1024
train,shiyan/data3/images/train/3030.jpg,3030,3030,.jpg,800,800,RGB,378113,c654bbe526dfb76f2c9055ab69de6d0c6757fec31a7505e9625e3d6cfd5fe1ee,True,ok,641-1024
train,shiyan/data3/images/train/3031.jpg,3031,3031,.jpg,800,800,RGB,161933,41a11b02fe5cb5779399cdfb02b551b31db28f1157bb39707a9375903aaca7b8,True,ok,641-1024
train,shiyan/data3/images/train/3032.jpg,3032,3032,.jpg,800,800,RGB,318056,daba3e6e10c0edfe1f0bf55906141f422decdc8b08154dd978941ecabd9f147b,True,ok,641-1024
train,shiyan/data3/images/train/3033.jpg,3033,3033,.jpg,800,800,RGB,302727,269abdc75a6d4043d9f12b763b539ad1830f035ae62923c13b8c324d83eb3935,True,ok,641-1024
train,shiyan/data3/images/train/3034.jpg,3034,3034,.jpg,800,800,RGB,283641,91f7a00826b30edcc759dfaa822d6dd224ffbf6a1ad75ad485cac23540c977ac,True,ok,641-1024
train,shiyan/data3/images/train/3035.jpg,3035,3035,.jpg,800,800,RGB,334556,c4c8448d90bb101e18c0edc8bea2dc9627ef65f757d40aaad2abcf1bb59d50c3,True,ok,641-1024
train,shiyan/data3/images/train/3036.jpg,3036,3036,.jpg,800,800,RGB,334012,b39cb181a620267d4fcd65524c6dd9024f0aaee2d50a446db66f7414f6078bfe,True,ok,641-1024
train,shiyan/data3/images/train/3037.jpg,3037,3037,.jpg,800,800,RGB,353620,df56d32a4e4828d1abbc6ba1fb8d822da58987a725d9c2e14f00b02b988fc59a,True,ok,641-1024
train,shiyan/data3/images/train/3038.jpg,3038,3038,.jpg,838,802,RGB,109230,d3e7d09510b21f284c84bc4969099fd2110dd6e5a14bfb57c26395fad6b2a2d5,True,ok,641-1024
train,shiyan/data3/images/train/3039.jpg,3039,3039,.jpg,800,800,RGB,351679,db7fafc361764e00eeaa717696a6f31ff4dab32e8de247f621e4ee8eed89928f,True,ok,641-1024
train,shiyan/data3/images/train/3040.jpg,3040,3040,.jpg,800,800,RGB,303344,9f93ea80e4083eef9d21e09c55bcca4079f7721d65472582e1879ba5401b9060,True,ok,641-1024
train,shiyan/data3/images/train/3041.jpg,3041,3041,.jpg,800,800,RGB,354307,f91fa56e6f565066a4d2ab1107712556691713ec33a2f54cdf4e47aaff80dbbc,True,ok,641-1024
train,shiyan/data3/images/train/3042.jpg,3042,3042,.jpg,800,800,RGB,298862,ccad92ed2ffcde883ff66f557540aee6beabb34172d31ff51dd3ab0f6f866f95,True,ok,641-1024
train,shiyan/data3/images/train/3043.jpg,3043,3043,.jpg,800,800,RGB,465375,a09d964cdf87fad82a52ee933790e6ad346a0da24b2d6d7cd4e1822beccdb6cd,True,ok,641-1024
train,shiyan/data3/images/train/3044.jpg,3044,3044,.jpg,800,800,RGB,358661,e051c6cedbfc0625be373f3058bdfb6f127f75d8d2f89a778729d11e992656e6,True,ok,641-1024
train,shiyan/data3/images/train/3045.jpg,3045,3045,.jpg,800,800,RGB,388373,4d44be2e8d86a034b174a4eb5c5dd8aee7bd37fa7bbd71d29a0bc363335c8deb,True,ok,641-1024
train,shiyan/data3/images/train/3046.jpg,3046,3046,.jpg,800,800,RGB,250196,24a2a377a565bc4aad463540924149e2fa3d8951d496d667c8aba2a7ba3f64a3,True,ok,641-1024
train,shiyan/data3/images/train/3047.jpg,3047,3047,.jpg,800,800,RGB,364267,ae757237b516fd6d9eb18ba97e713cb9b8ffed9d0a3ee20a8a8321356ff1c9ef,True,ok,641-1024
train,shiyan/data3/images/train/3048.jpg,3048,3048,.jpg,800,800,RGB,262716,cf33d7b5d991c160283f39c6083778f18e724d8254add508e8d101e5eb5e39b2,True,ok,641-1024
train,shiyan/data3/images/train/3049.jpg,3049,3049,.jpg,812,826,RGB,107840,1ee12eca76f1c2a3c136c4e5c3ff2a930c73ab34718b547446d916cc780a9192,True,ok,641-1024
train,shiyan/data3/images/train/3050.jpg,3050,3050,.jpg,800,800,RGB,316946,c6880dc47273dac17db0e2662235eb44914235b8429ee6cdbe54e48126645b86,True,ok,641-1024
train,shiyan/data3/images/train/3051.jpg,3051,3051,.jpg,800,800,RGB,250662,a1235472c0c0e3de6815dae34a5d3c388cbf1feea4c73087eed7f89d3fb35bf7,True,ok,641-1024
train,shiyan/data3/images/train/3052.jpg,3052,3052,.jpg,800,800,RGB,379669,bb0e6d02e972a48c4ad067ec82a9223e2f219cc46c93d1335b64ddce1e78ccc6,True,ok,641-1024
train,shiyan/data3/images/train/3053.jpg,3053,3053,.jpg,800,800,RGB,305926,b39f5e7ecacc3a48b21a2fa4fabcd740a694f59c437261ac7167124980930e6e,True,ok,641-1024
train,shiyan/data3/images/train/3054.jpg,3054,3054,.jpg,800,800,RGB,423780,6b7c05f0f6a742e00c266f596f52459b6dcc02d5e67e5b634620237d6686c2e2,True,ok,641-1024
train,shiyan/data3/images/train/3055.jpg,3055,3055,.jpg,800,800,RGB,432212,f38cab4e28ecf62dda408fbdcbf28f402ddf1cc20d6f87ab1aae9c605861d46f,True,ok,641-1024
train,shiyan/data3/images/train/3056.jpg,3056,3056,.jpg,800,800,RGB,390167,b1fb4f52e2ccb831f4b85f8f45dfae1001d95a6b4eb10eab3ba08477a53eb26f,True,ok,641-1024
train,shiyan/data3/images/train/3057.jpg,3057,3057,.jpg,800,800,RGB,412641,8c48c57f60b7f740bc7ca570b76cfe5c5bbdb2711e41f8e26d74fc650239a387,True,ok,641-1024
train,shiyan/data3/images/train/3058.jpg,3058,3058,.jpg,800,800,RGB,187150,1ccbd6652901c5d0ee6a4ab50ccf1a0df73d28a17d0d51f0d9ddd4ae70f46710,True,ok,641-1024
train,shiyan/data3/images/train/3059.jpg,3059,3059,.jpg,800,800,RGB,299732,bcea6bbdb2743ca1503802ef473d9ddad93c6b6442188b0e18baeb18f375701b,True,ok,641-1024
train,shiyan/data3/images/train/3060.jpg,3060,3060,.jpg,800,800,RGB,372104,a54f230175c5ce4a3e9df9980c0c1ddd02c260efdbaa31fd4eb836bd7661ea2d,True,ok,641-1024
train,shiyan/data3/images/train/3061.jpg,3061,3061,.jpg,800,800,RGB,315637,560abb0dac51a9347fcc23288bd9838d5ad4bca0f8e1ffb8918c245f04bbc8a7,True,ok,641-1024
train,shiyan/data3/images/train/3062.jpg,3062,3062,.jpg,910,818,RGB,92351,06609cf8e1d97c46cc31b42a79d464c92f5d71a7ce4e3eabd41bc229c98d18ae,True,ok,641-1024
train,shiyan/data3/images/train/3063.jpg,3063,3063,.jpg,800,800,RGB,335138,bb8f7265ed34a34a25041e8eedf3f7d25489a11e71b2590bb04b928b283b2208,True,ok,641-1024
train,shiyan/data3/images/train/3064.jpg,3064,3064,.jpg,800,800,RGB,404466,baf9bed04c0eb86eae4ad52f62a68210a3e4304b969bde75bbc024b352fa9511,True,ok,641-1024
train,shiyan/data3/images/train/3065.jpg,3065,3065,.jpg,800,800,RGB,317239,b9837466da6cce285ce3ff6c499995ff48b151e47b21450fd291f05041266722,True,ok,641-1024
train,shiyan/data3/images/train/3066.jpg,3066,3066,.jpg,800,800,RGB,246604,342315e16ec6356aea9df05ac88b30607e3014382dfe7ebdc2af378036ebc961,True,ok,641-1024
train,shiyan/data3/images/train/3067.jpg,3067,3067,.jpg,800,800,RGB,337208,8fe0084ea7815a89b6e9c595ed0b01b73abca6ffefcff5c686b7774b5971bdfb,True,ok,641-1024
train,shiyan/data3/images/train/3068.jpg,3068,3068,.jpg,800,800,RGB,371480,964268783459fe855bd9268f67773fcef425e03672ae04948d6cd7dd29662f72,True,ok,641-1024
train,shiyan/data3/images/train/3069.jpg,3069,3069,.jpg,800,800,RGB,231518,cf360dd54cd555da2c758bd19c1aa8075d363044fb1fdb35b6510868db882ca7,True,ok,641-1024
train,shiyan/data3/images/train/3070.jpg,3070,3070,.jpg,800,800,RGB,231275,bbf593e10e1679cf9c82d7f9d699b97c966f27c39802163a8e9d2a046b829a88,True,ok,641-1024
train,shiyan/data3/images/train/3071.jpg,3071,3071,.jpg,842,887,RGB,136815,38a77da1d26acf588e686c1c3bf8095ef8d75df2806057abd4439da13fd6cf87,True,ok,641-1024
train,shiyan/data3/images/train/3072.jpg,3072,3072,.jpg,800,800,RGB,410101,2c9f66a4f5e015deb5a1bfd8cd16d46b777f117d83ffbb6ce9ed22216166542d,True,ok,641-1024
train,shiyan/data3/images/train/3073.jpg,3073,3073,.jpg,800,800,RGB,359729,bcacd24e937614742363ea0c03a1b4853d880ec18b8cc70c9d7963aa7a6b7652,True,ok,641-1024
train,shiyan/data3/images/train/3074.jpg,3074,3074,.jpg,800,800,RGB,364993,648ff5ad64141565845f07177371acec6b0419b49d25717389cabe82222d2b8b,True,ok,641-1024
train,shiyan/data3/images/train/3075.jpg,3075,3075,.jpg,800,800,RGB,417258,c4d335206db1dacbd090a079e8df8bdb7202251820ad0080db9f8f1d12322e8b,True,ok,641-1024
train,shiyan/data3/images/train/3076.jpg,3076,3076,.jpg,800,800,RGB,239739,a391857b18fe6e913249def2c2bcae1ce9f1f3e30c7e76b421492afb46f943f1,True,ok,641-1024
train,shiyan/data3/images/train/3077.jpg,3077,3077,.jpg,800,800,RGB,343108,5e6a36810f33427e7534795b9d7c2befa7ce83e18bddae4aa11738d7480b2153,True,ok,641-1024
train,shiyan/data3/images/train/3078.jpg,3078,3078,.jpg,800,800,RGB,369993,b4a3bb461ef8595e5f8fc10fefdb049a3640c748a1375e0d44d43557a2a84b85,True,ok,641-1024
train,shiyan/data3/images/train/3079.jpg,3079,3079,.jpg,800,800,RGB,387859,2ce0a137534678917001e1c9a8aae9f1329c6092ab0d88a8ba1c33aaab6800ef,True,ok,641-1024
train,shiyan/data3/images/train/3080.jpg,3080,3080,.jpg,884,823,RGB,70196,6751f295f6722924ddd6bf851ad23945700bb75d048e4194c6fcc35fe9d760cc,True,ok,641-1024
train,shiyan/data3/images/train/3081.jpg,3081,3081,.jpg,800,800,RGB,316147,63d650cd229b290c7a52d84ee948b604ec9aaaec9e69624046bdb86cf383fe95,True,ok,641-1024
train,shiyan/data3/images/train/3082.jpg,3082,3082,.jpg,800,800,RGB,354155,2379b8eb9fb5fcc740af429821eca1f73f256d18386887af4aecfd5ff4ba77c6,True,ok,641-1024
train,shiyan/data3/images/train/3083.jpg,3083,3083,.jpg,800,800,RGB,367335,6a16c62aeece354b55f27676fb15cb19380099c58c578be805479df76faa75d6,True,ok,641-1024
train,shiyan/data3/images/train/3084.jpg,3084,3084,.jpg,800,800,RGB,380541,54b0493dc797d91878161656837972dc029d739f9a1f3f0ad58e27ffa70d87e7,True,ok,641-1024
train,shiyan/data3/images/train/3085.jpg,3085,3085,.jpg,800,800,RGB,397274,f7251c21be5ca141c9c0153b81cde45a07ee2034280dbae46a3b90be09dac497,True,ok,641-1024
train,shiyan/data3/images/train/3086.jpg,3086,3086,.jpg,800,800,RGB,252878,0b9b189377204d22507dd8bcb47aa27caa4363c69da30d32b9a0877ff7aea4d6,True,ok,641-1024
train,shiyan/data3/images/train/3087.jpg,3087,3087,.jpg,800,800,RGB,365753,f79bc6340764b54e906831cc897290024e8b88e4ea8fd4f9f4a9639ecd2ede2f,True,ok,641-1024
train,shiyan/data3/images/train/3088.jpg,3088,3088,.jpg,800,800,RGB,252300,cf3731953d3c617a3bde2a6f3625d89a29b40821e5d0793e2aa97d5d1fddb8f7,True,ok,641-1024
train,shiyan/data3/images/train/3089.jpg,3089,3089,.jpg,800,800,RGB,309768,12d6e2ea159bb2d4e6e06dc4ba3cf3c74b26c8564539fa3e918220eda4009e4e,True,ok,641-1024
train,shiyan/data3/images/train/3090.jpg,3090,3090,.jpg,800,800,RGB,281542,fe1352f5a9d6c40f0ad57d8fbcffec86f351930ccefaf9a0b7842a47f9d3e8bd,True,ok,641-1024
train,shiyan/data3/images/train/3091.jpg,3091,3091,.jpg,800,800,RGB,309996,d3c6c426473a3f25425ed61b0588a280a6d992014c0d9636409a1cb8551e35dc,True,ok,641-1024
train,shiyan/data3/images/train/3092.jpg,3092,3092,.jpg,800,800,RGB,459710,135b922f1aad959af6650b9f97966e3465fef155490ae1e60aa9a18eada8ff6c,True,ok,641-1024
train,shiyan/data3/images/train/3093.jpg,3093,3093,.jpg,800,800,RGB,277661,f60785330f659c441b9c2b8c9c11bf2abe2ac749194630715b145ccc388a97ab,True,ok,641-1024
train,shiyan/data3/images/train/3094.jpg,3094,3094,.jpg,800,800,RGB,316766,c3ff1811cba54662d6c03908fc575e874e51ca2a15efe5e725375ccdb6492b13,True,ok,641-1024
train,shiyan/data3/images/train/3095.jpg,3095,3095,.jpg,800,800,RGB,270703,6ecd8986268febfbc307b4bf3aff64f7d0ba70fcad40a9057c0900327edd2453,True,ok,641-1024
train,shiyan/data3/images/train/3096.jpg,3096,3096,.jpg,887,853,RGB,80870,562bdf0cdfc8627009706db35e2d11dc859afd6960febc006ea9a7170bb1f0b1,True,ok,641-1024
train,shiyan/data3/images/train/3097.jpg,3097,3097,.jpg,800,800,RGB,403516,615b91ed206d704451b1d405ae89cf3eb2950a23a7c0c1d51608a622aa7ed9c7,True,ok,641-1024
train,shiyan/data3/images/train/3098.jpg,3098,3098,.jpg,800,800,RGB,311468,740083973a80c7194b981ee60e886ec8268afcbd6395fe27ab2b3277d965bb4f,True,ok,641-1024
train,shiyan/data3/images/train/3099.jpg,3099,3099,.jpg,800,800,RGB,320846,85fed778bdee41b2a896565cdbf63c1a37affd582e67379073b1022854a54b87,True,ok,641-1024
train,shiyan/data3/images/train/3100.jpg,3100,3100,.jpg,800,800,RGB,345234,6de89bd28d37fa926abe5782c78ee851e372bd5698bdc1542b18be00cae1f50e,True,ok,641-1024
train,shiyan/data3/images/train/3101.jpg,3101,3101,.jpg,800,800,RGB,383588,b5f04352f3474089fc98cdde2d5c1ab5b5eda2745f8aae3c549b594a38e16a33,True,ok,641-1024
train,shiyan/data3/images/train/3102.jpg,3102,3102,.jpg,800,800,RGB,387782,fcc475cf6d1782b137face2a9eba3ec3478d4d4956dd25176a4bdc86a8080986,True,ok,641-1024
train,shiyan/data3/images/train/3103.jpg,3103,3103,.jpg,800,800,RGB,315657,faba47bb2ef32a81448f2864e9d8bac8275d1bc3167c76ac90033a46c8ace231,True,ok,641-1024
train,shiyan/data3/images/train/3104.jpg,3104,3104,.jpg,800,800,RGB,253530,f37455609e33e954c40259a7398fbadf866bd2fb62fe0ebae4443f4988476610,True,ok,641-1024
train,shiyan/data3/images/train/3105.jpg,3105,3105,.jpg,800,800,RGB,256600,71daf01f18f724066f9e8cb2435ccdd58ad07e4e37eb68a361ab3899d7a997c7,True,ok,641-1024
train,shiyan/data3/images/train/3106.jpg,3106,3106,.jpg,880,787,RGB,83831,e66d8b3ec4261ee509ad8c0e9139ce8e356c548a95d3f81d54a28c5b434ef1f9,True,ok,641-1024
train,shiyan/data3/images/train/3107.jpg,3107,3107,.jpg,800,800,RGB,284839,1682babff97ccb63b57dd1927dfac88ac3c8a39ffd02b85fb056e44ca4b7a26f,True,ok,641-1024
train,shiyan/data3/images/train/3108.jpg,3108,3108,.jpg,800,800,RGB,321511,c499332558c20e5329a008f81b7f816526386ab263338bfa6629800c11f7248e,True,ok,641-1024
train,shiyan/data3/images/train/3109.jpg,3109,3109,.jpg,800,800,RGB,235032,3b684543ec4d8aa494663526dd77cecd9dfd6d35480e4cb937ed729ae2a8ec39,True,ok,641-1024
train,shiyan/data3/images/train/3110.jpg,3110,3110,.jpg,800,800,RGB,399397,8d8600f5a88405822ce64004ed42c0f46ee4caa4f78d928ff7d20d2839089fe9,True,ok,641-1024
train,shiyan/data3/images/train/3111.jpg,3111,3111,.jpg,800,800,RGB,308207,ef420509a7ebcd489c2428675daf68c010438462bd8ed6eba9531091449a1a83,True,ok,641-1024
train,shiyan/data3/images/train/3112.jpg,3112,3112,.jpg,800,800,RGB,291649,52d7daa9d01ebca0170d49f5c698e58ddd1b1fd21e29bd87fbe7a42616128450,True,ok,641-1024
train,shiyan/data3/images/train/3113.jpg,3113,3113,.jpg,800,800,RGB,332415,41c408847f507bfc18842601f46e062f8d5b21bc7288970bd3dc365f958c4214,True,ok,641-1024
train,shiyan/data3/images/train/3114.jpg,3114,3114,.jpg,800,800,RGB,416276,92676c43f8e6673220cb5f2d793ba657bbb891d15e572fcb21432fdd4cd96283,True,ok,641-1024
train,shiyan/data3/images/train/3115.jpg,3115,3115,.jpg,840,836,RGB,84541,715d81e155f416ccfe89c4a3f245364adcfa9e58e5d3f92025fc07b207f292f6,True,ok,641-1024
train,shiyan/data3/images/train/3116.jpg,3116,3116,.jpg,800,800,RGB,281268,b48e67a7b98cca2b34eb55d9113d1b633e1ddb50c2e22eaf47eb21b2ed6ac0b6,True,ok,641-1024
train,shiyan/data3/images/train/3117.jpg,3117,3117,.jpg,800,800,RGB,315180,a643273ce0c6beb81e4cfd5b0b43e22421f387ef152ccdf63df13776b3baffca,True,ok,641-1024
train,shiyan/data3/images/train/3118.jpg,3118,3118,.jpg,800,800,RGB,213368,f168a21ad75d46178cb4f6ec510992c8183e1f0251fba4fe968567020816e002,True,ok,641-1024
train,shiyan/data3/images/train/3119.jpg,3119,3119,.jpg,800,800,RGB,346510,a71d3733df776d34080a6d4a9acf2f4346979b762cebbd1f6591c4855af4c31a,True,ok,641-1024
train,shiyan/data3/images/train/3120.jpg,3120,3120,.jpg,800,800,RGB,269467,64fb81f0665c8276472de86f1f73991c30163a26a7e98990fb41a64623538a2d,True,ok,641-1024
train,shiyan/data3/images/train/3121.jpg,3121,3121,.jpg,800,800,RGB,302467,007c2048d07e09a66cf75c4642a6e13c7ebb6e2e44dbee16fb2a847caacfa591,True,ok,641-1024
train,shiyan/data3/images/train/3122.jpg,3122,3122,.jpg,800,800,RGB,246869,f6fd28b1714e39811b2790ec48c2f6815029c0cd540c615382c6cb6a64bc419a,True,ok,641-1024
train,shiyan/data3/images/train/3123.jpg,3123,3123,.jpg,800,800,RGB,382907,590f93b2ec0310d457a29f215bb21284d5f01ffd07b838cc6f5dd4d2199a032b,True,ok,641-1024
train,shiyan/data3/images/train/3124.jpg,3124,3124,.jpg,800,800,RGB,451974,8a230cae084ffc215caf1146812d3a4cc7e806101afe35249ea4e7cb8205f10b,True,ok,641-1024
train,shiyan/data3/images/train/3125.jpg,3125,3125,.jpg,868,802,RGB,45118,78743801de314624ca527c98942f64add6f0f8ff504fad9babeb95f70edf9dd0,True,ok,641-1024
train,shiyan/data3/images/train/3126.jpg,3126,3126,.jpg,800,800,RGB,342502,0ebdd75d44ef024c71ece510d27ecaed57ed197fd156c8d01457b4669d448f4e,True,ok,641-1024
train,shiyan/data3/images/train/3127.jpg,3127,3127,.jpg,800,800,RGB,590503,3c867f6a11b3e82b0c8659dad7b5306a1a489a8ecef173f604cd88569ea5bd60,True,ok,641-1024
train,shiyan/data3/images/train/3128.jpg,3128,3128,.jpg,800,800,RGB,314757,d073a3a31571fb219e8853da6b0cca17fb7dc5a5d18c2737b28d46ad93279733,True,ok,641-1024
train,shiyan/data3/images/train/3129.jpg,3129,3129,.jpg,800,800,RGB,268264,7edfea7af15a5767d3d755d223069fc4cbc0db28f4d76040f606d491c8f16114,True,ok,641-1024
train,shiyan/data3/images/train/3130.jpg,3130,3130,.jpg,800,800,RGB,266358,65e01d2e9a2a74aa1422b4ddfea479da2dfcce22bd8d06700cba59ce0524a217,True,ok,641-1024
train,shiyan/data3/images/train/3131.jpg,3131,3131,.jpg,800,800,RGB,272243,d1139a2186482c2b459135237acb2dab7d8cb1a84f4bda293620bcf5f1fd4883,True,ok,641-1024
train,shiyan/data3/images/train/3132.jpg,3132,3132,.jpg,800,800,RGB,416001,7045a3b0af19e5d6f2b06e3500efb5ed82413773933082cff129fa0e428b1bc1,True,ok,641-1024
train,shiyan/data3/images/train/3133.jpg,3133,3133,.jpg,800,800,RGB,394380,964f17fae8848d0b7eb30faa0ed4def95951f5276d698f99a4515476d24d90ce,True,ok,641-1024
train,shiyan/data3/images/train/3134.jpg,3134,3134,.jpg,800,800,RGB,352008,717fc46a40acdd8e50e2bc4bd564d9ac686de8909b11917333c2f922f8e7ec4d,True,ok,641-1024
train,shiyan/data3/images/train/3135.jpg,3135,3135,.jpg,853,776,RGB,34388,72f11e194559dad9c58192cf976ac41b48ab04a18f6156ef03399aca5b7401a0,True,ok,641-1024
train,shiyan/data3/images/train/3136.jpg,3136,3136,.jpg,800,800,RGB,370977,1dda75960e2eaf0886bcd01323368fb515c005e8f663ab34042b38083ae5a5f7,True,ok,641-1024
train,shiyan/data3/images/train/3137.jpg,3137,3137,.jpg,800,800,RGB,379888,2067b847cd0339a57609385a79a00c9086dd79ea39a93035e061e93d070502e8,True,ok,641-1024
train,shiyan/data3/images/train/3138.jpg,3138,3138,.jpg,800,800,RGB,292611,9de3d3fb83ac0c400af6d4b9d34231f4dbe1eec662514735b22b65cdb7f09c53,True,ok,641-1024
train,shiyan/data3/images/train/3139.jpg,3139,3139,.jpg,800,800,RGB,400917,8e2ea0090c054dec210c5a5a9ed9fb04fd50fa46961ccab4fb64e980dabe989a,True,ok,641-1024
train,shiyan/data3/images/train/3140.jpg,3140,3140,.jpg,800,800,RGB,380947,8f8110f6ea94ebeeafbd48dc30edca6eed06dbb2c0920a0d7284f6dd4b9f5fc7,True,ok,641-1024
train,shiyan/data3/images/train/3141.jpg,3141,3141,.jpg,800,800,RGB,447798,2fb4c6bd7a7e074ba74c15de7960e9fec484c76ad96f9f3e7130f6d6ce35f927,True,ok,641-1024
train,shiyan/data3/images/train/3142.jpg,3142,3142,.jpg,800,800,RGB,350850,7d569cd38d881bab74528d484d364cf4f2d46fcb22631ff0a005821c17dafed4,True,ok,641-1024
train,shiyan/data3/images/train/3143.jpg,3143,3143,.jpg,800,800,RGB,490516,b5b3b1c940ae2e335454988a305dfeb86f4ebb3352c2aba0fc71df3aed3ff6ea,True,ok,641-1024
train,shiyan/data3/images/train/3144.jpg,3144,3144,.jpg,800,800,RGB,313761,12bacfe10583a10b95be0e674fb4330cab78004561b8cb47df27d658dd65ec9a,True,ok,641-1024
train,shiyan/data3/images/train/3145.jpg,3145,3145,.jpg,918,789,RGB,130756,024ff03491c835d001c0c1b2a2a1e9e1087f3564a4f4e518286df173aa39d1b5,True,ok,641-1024
train,shiyan/data3/images/train/3146.jpg,3146,3146,.jpg,919,890,RGB,95884,c9b8ca01b9192b06f3a10067ae377a331d51bd72b039426e60a7a9c049376915,True,ok,641-1024
train,shiyan/data3/images/train/3147.jpg,3147,3147,.jpg,800,800,RGB,234340,f6cbd8dd3dfd6c2fb1d3de62f13efeb124556eefc7c34e1b01be8b23481cb9c2,True,ok,641-1024
train,shiyan/data3/images/train/3148.jpg,3148,3148,.jpg,800,800,RGB,118950,b0f8c3bbab3c2fa79737626d7ec57b19e1f815e1b97bfad1070dc1dace863f2a,True,ok,641-1024
train,shiyan/data3/images/train/3149.jpg,3149,3149,.jpg,800,800,RGB,249952,58c1fbd767b339fda7a0a44bd0c0a077009a1443dbb9d8bdce3b1322322d660f,True,ok,641-1024
train,shiyan/data3/images/train/3150.jpg,3150,3150,.jpg,800,800,RGB,305538,68f8c065a53c14c409a7fefdd62a9073e8d5509b4abb0efb8e967199c2c729cd,True,ok,641-1024
train,shiyan/data3/images/train/3151.jpg,3151,3151,.jpg,800,800,RGB,278194,87f5c1ca3f255445a059a16eaae2be1d4e146d921400ac48dc1514c4484e9f8c,True,ok,641-1024
train,shiyan/data3/images/train/3152.jpg,3152,3152,.jpg,800,800,RGB,410118,1616d953ab729c068b3f13d02f01c231c91f23bebd59b8605336c4c70e368403,True,ok,641-1024
train,shiyan/data3/images/train/3153.jpg,3153,3153,.jpg,800,800,RGB,483228,d61cc18232e9eee03a92623e7ac04b8e9475fc8c0207218c4ca87aa073d03dee,True,ok,641-1024
train,shiyan/data3/images/train/3154.jpg,3154,3154,.jpg,800,800,RGB,401793,b5db9ffc06e0aede44d154f9aa0860bb18361b5fb2d03025fe96e4e701aef161,True,ok,641-1024
train,shiyan/data3/images/train/3155.jpg,3155,3155,.jpg,821,816,RGB,40757,7165510a19f617a4dcea513c95fd7d006d1bfb878fe972d28121a843235dfe30,True,ok,641-1024
train,shiyan/data3/images/train/3156.jpg,3156,3156,.jpg,800,800,RGB,439388,4069e4bb96d9afae86bd635e1c1141342fcbcba863dc90ac64c242052066120e,True,ok,641-1024
train,shiyan/data3/images/train/3157.jpg,3157,3157,.jpg,800,800,RGB,276162,f6a4a8748858aba9692a06e3a2c92a919cc9aecdb0bd9a45e92e526489122274,True,ok,641-1024
train,shiyan/data3/images/train/3158.jpg,3158,3158,.jpg,800,800,RGB,394039,8c2581d35ba7ba7edb43acd4541fdf0d4c4a5ccb29992cc943224b05d07474ff,True,ok,641-1024
train,shiyan/data3/images/train/3159.jpg,3159,3159,.jpg,800,800,RGB,226433,0b9ef6b4a7600ae62252e592e8252faa7c60beed9f21f89b5ac75d408550c551,True,ok,641-1024
train,shiyan/data3/images/train/3160.jpg,3160,3160,.jpg,800,800,RGB,257315,62a234061deb35438f1ac632ae2b37950794ed333bc884a47305b3ef7c2f4341,True,ok,641-1024
train,shiyan/data3/images/train/3161.jpg,3161,3161,.jpg,800,800,RGB,384416,dd378127a28fdec21b5c6265ac6a83639c55ec651d59c79a68908caf77db84b6,True,ok,641-1024
train,shiyan/data3/images/train/3162.jpg,3162,3162,.jpg,800,800,RGB,348245,8ecd991c9eab3bd7c68a4e4156cab00b85e9f33a093489908cc50e2415bfe441,True,ok,641-1024
train,shiyan/data3/images/train/3163.jpg,3163,3163,.jpg,800,800,RGB,304691,306682f13901cc2d37c9992fa9f7813fbd7578f290e7ce86bd8a39c3d2bede6c,True,ok,641-1024
train,shiyan/data3/images/train/3164.jpg,3164,3164,.jpg,800,800,RGB,381008,b77f47aa52996577db42a403b52a92a689499ad7222441ea6688b33899088e40,True,ok,641-1024
train,shiyan/data3/images/train/3165.jpg,3165,3165,.jpg,1050,740,RGB,79618,7bddd9241886c0866e7d7d52d038f2074a1cdcc38e776d8367c7068aec643fce,True,ok,1025-1536
train,shiyan/data3/images/train/3166.jpg,3166,3166,.jpg,800,800,RGB,349939,6be13616326eb409579e38ed2d62791a951e20c49e1450d4fad54315906990c8,True,ok,641-1024
train,shiyan/data3/images/train/3167.jpg,3167,3167,.jpg,800,800,RGB,449006,5b2a4b4ac97ba5d2b6f376e42acc760e38743e06e365be02b3eeead85389353b,True,ok,641-1024
train,shiyan/data3/images/train/3168.jpg,3168,3168,.jpg,800,800,RGB,268558,03aee5aa5d66be89728b3e038848b902ac308b4f63b7d460816a6a7e5e228a36,True,ok,641-1024
train,shiyan/data3/images/train/3169.jpg,3169,3169,.jpg,800,800,RGB,439032,eaf76c3b0382222cf82c1f6786b0c6dc898f85de55d7f4a390239dbfc0c8fd29,True,ok,641-1024
train,shiyan/data3/images/train/3170.jpg,3170,3170,.jpg,800,800,RGB,312871,e9d685cd1849ac9773bb1a4670b2f1061a88a8352b408675ec78b0a2f91d3dcf,True,ok,641-1024
train,shiyan/data3/images/train/3171.jpg,3171,3171,.jpg,800,800,RGB,450297,c785c0d8a1ad2439c86bbf6b86a66786843c81819eff8279fde0a73d9ddc907b,True,ok,641-1024
train,shiyan/data3/images/train/3172.jpg,3172,3172,.jpg,800,800,RGB,345493,cc1e9f7172fc36ffecfba129b96f1238d316b496fbbc45373064039a68b88311,True,ok,641-1024
train,shiyan/data3/images/train/3173.jpg,3173,3173,.jpg,811,807,RGB,48340,5af3f4a8d360b936d538cabd9531e6d6ed22fd1161b2f40347a69ecda09852fc,True,ok,641-1024
train,shiyan/data3/images/train/3174.jpg,3174,3174,.jpg,800,800,RGB,344222,5f2e5988eda307cd8cf26dac172224da8fb140a7d0af39f9e602d7f9936a8c2b,True,ok,641-1024
train,shiyan/data3/images/train/3175.jpg,3175,3175,.jpg,800,800,RGB,351823,2524ba7e929a3934ed921c5988427d386a355a1166d6a07bad9eabf82a03c26d,True,ok,641-1024
train,shiyan/data3/images/train/3176.jpg,3176,3176,.jpg,800,800,RGB,229862,8ed9c91ae3030fe876720da421b7306f9e0d7e113829e7a947df78821b39683d,True,ok,641-1024
train,shiyan/data3/images/train/3177.jpg,3177,3177,.jpg,800,800,RGB,305154,de96a9475569d329eee862815e71453caf24c94809677278fd6d5e70d2690938,True,ok,641-1024
train,shiyan/data3/images/train/3178.jpg,3178,3178,.jpg,800,800,RGB,145737,5ed78b49ba77b243cce25a12fa953b5d5a540efbd6172aadb81694e2e985e08d,True,ok,641-1024
train,shiyan/data3/images/train/3179.jpg,3179,3179,.jpg,800,800,RGB,368309,c3d4086202820cf441e83cb7b2db2ed83df7888f573e41b7af53ea48b68cf7df,True,ok,641-1024
train,shiyan/data3/images/train/3180.jpg,3180,3180,.jpg,800,800,RGB,380777,731a5d9553d041dc777a5bdf471573264782eaeaced067701018a6abddef0997,True,ok,641-1024
train,shiyan/data3/images/train/3181.jpg,3181,3181,.jpg,800,800,RGB,434295,3cb407f76a78ec97c7ece82093f54c84878ca4639995334bd2c8ad9c722526b6,True,ok,641-1024
train,shiyan/data3/images/train/3182.jpg,3182,3182,.jpg,882,820,RGB,53520,e5890753486ec7266a3b9eca5478d9e7b6ab38e9f8e0ec167eb2cc596265d2bc,True,ok,641-1024
train,shiyan/data3/images/train/3183.jpg,3183,3183,.jpg,800,800,RGB,392222,c2373549b67146f25c094f78d2fdc51ec4eb82c220d6dfa11b144d42723cefac,True,ok,641-1024
train,shiyan/data3/images/train/3184.jpg,3184,3184,.jpg,800,800,RGB,379523,86b4cc9ca56a27fd43ae1d65d11a0cf734b5201208673ea0fcff0646f3205176,True,ok,641-1024
train,shiyan/data3/images/train/3185.jpg,3185,3185,.jpg,800,800,RGB,381898,451054409ce57fa1ab9f8e0a0c5c905ad4bd630e01eb1e92cc9f5c8aba6cdd47,True,ok,641-1024
train,shiyan/data3/images/train/3186.jpg,3186,3186,.jpg,800,800,RGB,341908,fea2fda8dc45fbd738823bdd3ce8339089ebd8616391b6a6ac4c4a7473a07a1b,True,ok,641-1024
train,shiyan/data3/images/train/3187.jpg,3187,3187,.jpg,800,800,RGB,352293,9a0bd72520ae9137bd163145d9e608a96b156b8c8d645b256089adb4793cecc6,True,ok,641-1024
train,shiyan/data3/images/train/3188.jpg,3188,3188,.jpg,800,800,RGB,240197,7267c7ce87e96668a14094f84cd93bc71412afb86139e6978ea738e27ffbf31f,True,ok,641-1024
train,shiyan/data3/images/train/3189.jpg,3189,3189,.jpg,800,800,RGB,408621,f2bdddf0198322d9a68831a054e08c5ce11574b46d9d7d76c1e3dc682224be35,True,ok,641-1024
train,shiyan/data3/images/train/3190.jpg,3190,3190,.jpg,908,825,RGB,63049,859d5a4dd6416eb3664f1ed3132e9d07ea4262fbcc59b0c130b96513b0b957dc,True,ok,641-1024
train,shiyan/data3/images/train/3191.jpg,3191,3191,.jpg,800,800,RGB,410329,127c4a13aa460e55b823cd04892523819d6f046967c2919bcc129608f7fb023b,True,ok,641-1024
train,shiyan/data3/images/train/3192.jpg,3192,3192,.jpg,800,800,RGB,216751,f46e188a60d95391fbd8a2a96c61a9a28c18964da06cf991714badc3e3433ca2,True,ok,641-1024
train,shiyan/data3/images/train/3193.jpg,3193,3193,.jpg,800,800,RGB,404678,4404b3aa88458e22389b1c45f25ad26e4ffaa64904e410d2811555b29c5b84b0,True,ok,641-1024
train,shiyan/data3/images/train/3194.jpg,3194,3194,.jpg,800,800,RGB,396691,e01d17d37562001d0389eaebbb3bf14fdc58d33e3a01e4a813dbb6b3cf937674,True,ok,641-1024
train,shiyan/data3/images/train/3195.jpg,3195,3195,.jpg,800,800,RGB,418838,7eb0874378f12269e8cbb159439526130d237af8a1aab10b5d49bcb2f603df8d,True,ok,641-1024
train,shiyan/data3/images/train/3196.jpg,3196,3196,.jpg,800,800,RGB,284998,5fc440c28359b7803ea18d012ea918d6074d8c0748374027bfd6c3b873fcfdd7,True,ok,641-1024
train,shiyan/data3/images/train/3197.jpg,3197,3197,.jpg,800,800,RGB,384624,557726a616f77771c3d65cdbf1601572b10dec54631ba4c64648a12683585d0a,True,ok,641-1024
train,shiyan/data3/images/train/3198.jpg,3198,3198,.jpg,800,800,RGB,302183,3659bbff87eb74ed87d4d4e6c3657f4de8515afd874be738f18b8613ba30aab1,True,ok,641-1024
train,shiyan/data3/images/train/3199.jpg,3199,3199,.jpg,856,811,RGB,70128,9530aa57d56c813bf9449f08cf8a6966aef39def0eaf6644d8e63965ed7f9148,True,ok,641-1024
train,shiyan/data3/images/train/3200.jpg,3200,3200,.jpg,800,800,RGB,319237,16c8d946793e921b30429955b8e010d6f562987c362da8a1dfd0a6260448d103,True,ok,641-1024
train,shiyan/data3/images/train/3201.jpg,3201,3201,.jpg,800,800,RGB,238882,b6866e71957b1c340c73ca21cda4574f96a9067ccb3beea920d94d0077998fc5,True,ok,641-1024
train,shiyan/data3/images/train/3202.jpg,3202,3202,.jpg,800,800,RGB,286802,925d2ffb89e278f07023f8b353b1e3c1be50117cd2aa18c494e0e20815e26803,True,ok,641-1024
train,shiyan/data3/images/train/3203.jpg,3203,3203,.jpg,800,800,RGB,223534,51e6ebf3d05c5e2c8ebf157cd2ce999ad9fc567e5a058c9056daa97a48d9beb3,True,ok,641-1024
train,shiyan/data3/images/train/3204.jpg,3204,3204,.jpg,800,800,RGB,388869,8750cbe434e59134c98d203934fbb14b506b366827a671067f75183a9822fa75,True,ok,641-1024
train,shiyan/data3/images/train/3205.jpg,3205,3205,.jpg,800,800,RGB,289489,38f9896a6052c212dd5d111299efcc58bb56cc7d54cf11bee3b8ef61bfa13e67,True,ok,641-1024
train,shiyan/data3/images/train/3206.jpg,3206,3206,.jpg,800,800,RGB,389636,b6a6bf5c5075268561e3d4373af1a67130c5e58637ac6d5435ec456bc3b3ec42,True,ok,641-1024
train,shiyan/data3/images/train/3207.jpg,3207,3207,.jpg,800,800,RGB,381820,1d9c56f40d8f3a35b88663b9704982206a6282342188e6ce63c81deb77cdd46e,True,ok,641-1024
train,shiyan/data3/images/train/3208.jpg,3208,3208,.jpg,800,800,RGB,321314,d135dc5ad3396ed951091f347b6bcf65c15bb445bf9006e571ab29306bb15b53,True,ok,641-1024
train,shiyan/data3/images/train/3209.jpg,3209,3209,.jpg,858,762,RGB,104078,e7b0aa4e2867884275058084cbdeb4c0e99f6f1366414e47663c33879d675e85,True,ok,641-1024
train,shiyan/data3/images/train/3210.jpg,3210,3210,.jpg,800,800,RGB,427714,b5dfc1e4cd20f9df5bc60f41282941e02845bec9890f3e961b22c010373697c5,True,ok,641-1024
train,shiyan/data3/images/train/3211.jpg,3211,3211,.jpg,800,800,RGB,365221,5739e4d71bd86acff8c2a84d91c3b85c9ac9727eff695d43b299625652995842,True,ok,641-1024
train,shiyan/data3/images/train/3212.jpg,3212,3212,.jpg,800,800,RGB,453463,fd02d73f3389d979584236b0bda5a352d41d2c29f9f9ec53595b09cc79fffd49,True,ok,641-1024
train,shiyan/data3/images/train/3213.jpg,3213,3213,.jpg,800,800,RGB,341726,dc01c67130833f2236f607901975bc2a1b6411fac89e7243ab05ad718d106d3b,True,ok,641-1024
train,shiyan/data3/images/train/3214.jpg,3214,3214,.jpg,800,800,RGB,439667,8e23a0410815818ee2a4aaf29f8c813eab7893506fdabe87ac937e681c6c7db6,True,ok,641-1024
train,shiyan/data3/images/train/3215.jpg,3215,3215,.jpg,800,800,RGB,293525,9a01d3f89232ef4fc32aac873ae9765b071257322edc6e09a0d02ee05fcb9541,True,ok,641-1024
train,shiyan/data3/images/train/3216.jpg,3216,3216,.jpg,800,800,RGB,389172,5fd1bb141b5b7755ec16d9923794b2c1d4773f67de0c79fcf32d55e551e75d88,True,ok,641-1024
train,shiyan/data3/images/train/3217.jpg,3217,3217,.jpg,800,800,RGB,377191,610f0901152c07acd3e9450eb5866bde2c291279931d1d5d06f6ea3de9ff3fda,True,ok,641-1024
train,shiyan/data3/images/train/3218.jpg,3218,3218,.jpg,800,800,RGB,376204,665a0156f9ba13ef426ffcdc71afb443f474bb4bee46eebdb9124e717a23bab5,True,ok,641-1024
train,shiyan/data3/images/train/3219.jpg,3219,3219,.jpg,800,800,RGB,347535,6650331a485ca0152e80b95729e6d9071bde7e06d8ce5f538f5d76c617f7bcfe,True,ok,641-1024
train,shiyan/data3/images/train/3220.jpg,3220,3220,.jpg,800,800,RGB,377009,698df01cde308c671fc1edd996850634c7af1ac20ec9c998ffc94c1111057b83,True,ok,641-1024
train,shiyan/data3/images/train/3221.jpg,3221,3221,.jpg,800,800,RGB,250320,d3049d44597e5885b1c8e577ac1d86536c5fdca28965c3387c005cca00e21a22,True,ok,641-1024
train,shiyan/data3/images/train/3222.jpg,3222,3222,.jpg,800,800,RGB,227177,ce552fa5c702800a7b212a5f9d2a6f2503efca5423ed3b43e8ef4baa22f8c85c,True,ok,641-1024
train,shiyan/data3/images/train/3223.jpg,3223,3223,.jpg,800,800,RGB,234025,04a576b28807e131f350ab811fdee6e97efd6ce20ea903edc14cef9ee8dd8f48,True,ok,641-1024
train,shiyan/data3/images/train/3224.jpg,3224,3224,.jpg,800,800,RGB,568334,81fa4276532df38ad1c89d3c7de4eef7c2966d3b70908a9973e7c7eb8c93f808,True,ok,641-1024
train,shiyan/data3/images/train/3225.jpg,3225,3225,.jpg,800,800,RGB,259897,3078a1cdac604ee29ba6c956493657d3d044666626deb992a3c152aa6eba2d40,True,ok,641-1024
train,shiyan/data3/images/train/3226.jpg,3226,3226,.jpg,800,800,RGB,353602,0d71378ccf1fb56c52eef856be3cd6a043cbd0c44783bec481f54c0575ca625e,True,ok,641-1024
train,shiyan/data3/images/train/3227.jpg,3227,3227,.jpg,800,800,RGB,364425,28a8f8a5cd69da6323bcdaa312b88ba6b87d25159b20745525456ad131425af2,True,ok,641-1024
train,shiyan/data3/images/train/3228.jpg,3228,3228,.jpg,800,800,RGB,216643,2347f71353207e81a1d4515930d97b15c2e96f26456b5501e90f04e4d040a0fe,True,ok,641-1024
train,shiyan/data3/images/train/3229.jpg,3229,3229,.jpg,800,800,RGB,217675,8ec5e0823bd1c713104e1c5ccc9a0a70d12f1f34885faac734f8a08b21d6c8a0,True,ok,641-1024
train,shiyan/data3/images/train/3230.jpg,3230,3230,.jpg,800,800,RGB,374927,1edcd8f5091a5b58e85e1edc094df4ed330956d7adf49fe18b7fdfbd38362778,True,ok,641-1024
train,shiyan/data3/images/train/3231.jpg,3231,3231,.jpg,800,800,RGB,380684,d5c6ca457b3aaa99225363ee7a8833619324789c7d06e00c0bd55025736b8200,True,ok,641-1024
train,shiyan/data3/images/train/3232.jpg,3232,3232,.jpg,800,800,RGB,331363,17e27763d4833a140d64444c8a2e60289e269df8f0ca65b2d040cedbb0eefbd7,True,ok,641-1024
train,shiyan/data3/images/train/3233.jpg,3233,3233,.jpg,800,800,RGB,291258,39c3e5090ff256d39ea243a2f94731c4b211963aec7b37263d238d8ab191a082,True,ok,641-1024
train,shiyan/data3/images/train/3234.jpg,3234,3234,.jpg,800,800,RGB,275956,770a0e9c482f261325455e96a59fe9e5d1177df03bd3c69b21b94b392445bd72,True,ok,641-1024
train,shiyan/data3/images/train/3235.jpg,3235,3235,.jpg,800,800,RGB,295922,b7877680fe5dbc633652c93688cdc1ccec3396100cf33221fe0b32fea4eeec37,True,ok,641-1024
train,shiyan/data3/images/train/3236.jpg,3236,3236,.jpg,800,800,RGB,224229,72b33be7fd2470edcc4d06bdc4eb93e2d1ee609414b99a1fcf82af4ad5460d13,True,ok,641-1024
train,shiyan/data3/images/train/3237.jpg,3237,3237,.jpg,800,800,RGB,248841,839af10a8480746950825e5b0c0b208f3816b39aa5cc7358d7d438720998d70e,True,ok,641-1024
train,shiyan/data3/images/train/3238.jpg,3238,3238,.jpg,901,923,RGB,103034,eb5a318953ab8b404b7cc7869df74e0525cdbe1fca6b50a7f9d85532d810536a,True,ok,641-1024
train,shiyan/data3/images/train/3239.jpg,3239,3239,.jpg,806,803,RGB,93178,b028b52c02f132095222ceec4ff9eaaf47fb92116d0973c794410c1e980e0e10,True,ok,641-1024
train,shiyan/data3/images/train/3240.jpg,3240,3240,.jpg,800,800,RGB,309866,4d449fcb8be1301b3c8d7d27027384ee6f745d48d91b238dd4c3f4162efdd316,True,ok,641-1024
train,shiyan/data3/images/train/3241.jpg,3241,3241,.jpg,800,800,RGB,263076,8d94d6010c14189f764e3abc8ab4b22f74c738ffa85b80a6a2560a8191b40bb2,True,ok,641-1024
train,shiyan/data3/images/train/3242.jpg,3242,3242,.jpg,800,800,RGB,402825,dc6e438d912f38f965ab2428f410b9256153b5c2e4ad8b5c3a4f033251ae4b45,True,ok,641-1024
train,shiyan/data3/images/train/3243.jpg,3243,3243,.jpg,800,800,RGB,382045,6577a0d14d4511f25bfddad24196fc20687e3d27e56e3b387e4282d20340f893,True,ok,641-1024
train,shiyan/data3/images/train/3244.jpg,3244,3244,.jpg,800,800,RGB,214469,184821d3d160fe897e6f8d2ffbc53c7bf58a5197165e2fa557c68e209c378704,True,ok,641-1024
train,shiyan/data3/images/train/3245.jpg,3245,3245,.jpg,802,812,RGB,100139,4348b1e3124d3d43bd7cfc5c163cd7fa3bcf277f867581becf90e2488a35a153,True,ok,641-1024
train,shiyan/data3/images/train/3246.jpg,3246,3246,.jpg,800,800,RGB,473679,3625889b2e39691602a2e201064e8d0aab1cd1f301845afc0ca68e32f2abf962,True,ok,641-1024
train,shiyan/data3/images/train/3247.jpg,3247,3247,.jpg,800,800,RGB,355130,7ba825f47d273e9148351de67c0aacb3145dc8985212d3f52a27d39de388addc,True,ok,641-1024
train,shiyan/data3/images/train/3248.jpg,3248,3248,.jpg,800,800,RGB,247852,8bef936c464f65213f11c84a93ba7585e31d0f8582b9550d0b066838a2cea944,True,ok,641-1024
train,shiyan/data3/images/train/3249.jpg,3249,3249,.jpg,800,800,RGB,236524,983920845ab806c8412fdb90c274b51599e23d8af4131b4d9c970f0ebdaff169,True,ok,641-1024
train,shiyan/data3/images/train/3250.jpg,3250,3250,.jpg,800,800,RGB,333263,9a425d6c579a25472d8225d6fa9c5fd4186fc978bbdf54de02b8dc5a87e1f861,True,ok,641-1024
train,shiyan/data3/images/train/3251.jpg,3251,3251,.jpg,800,800,RGB,333339,896af5a10f26afbaddcfbc77695e2f8e31e2603448747eb5312ee6917165e58a,True,ok,641-1024
train,shiyan/data3/images/train/3252.jpg,3252,3252,.jpg,800,800,RGB,238324,8e835979dc1f5c1f3c979d6ea606ee000bc7a1946517f14abc8b6e20448d7d4f,True,ok,641-1024
train,shiyan/data3/images/train/3253.jpg,3253,3253,.jpg,822,806,RGB,104127,a89b06c766bda7ca34b7ff4a3b9cbe977eef1988bad6633e6a193c80e7ac67b6,True,ok,641-1024
train,shiyan/data3/images/train/3254.jpg,3254,3254,.jpg,800,800,RGB,289508,b4af333fb292c63919347982da068bdc6f02ed571b7026139aeb418db2a44125,True,ok,641-1024
train,shiyan/data3/images/train/3255.jpg,3255,3255,.jpg,800,800,RGB,253634,97af1865f00b8d13f9f7b8bebf9b371e6e9853e8081a123cae141c25460c011b,True,ok,641-1024
train,shiyan/data3/images/train/3256.jpg,3256,3256,.jpg,800,800,RGB,359790,457a41ab2e80f48e06ccbafad44ced0793fc5de893d1c47d89275db291e3220a,True,ok,641-1024
train,shiyan/data3/images/train/3257.jpg,3257,3257,.jpg,800,800,RGB,359910,90465884636801e3d8f055f9c7789736980f8512153e98e0bc19443bd85a388f,True,ok,641-1024
train,shiyan/data3/images/train/3258.jpg,3258,3258,.jpg,800,800,RGB,259110,977b30651377315eb18ff29dd584ee6d069ec3fe65b65404ac2542bc91e03f9a,True,ok,641-1024
train,shiyan/data3/images/train/3259.jpg,3259,3259,.jpg,800,800,RGB,239416,f89998851a761faa792d1c612fdf8d5735cbb2e36bfca97044508ecb639da08d,True,ok,641-1024
train,shiyan/data3/images/train/3260.jpg,3260,3260,.jpg,800,800,RGB,431586,b10537f8b571d4ed0fead615911a9c6655d968788a44de0affa9d98b48310414,True,ok,641-1024
train,shiyan/data3/images/train/3261.jpg,3261,3261,.jpg,800,800,RGB,408176,215768fcc42bb022e14c6d86fb5fad8a383f96ccc717dcb5317c5a50639def0f,True,ok,641-1024
train,shiyan/data3/images/train/3262.jpg,3262,3262,.jpg,861,804,RGB,78793,a13ee74e4b0f60621d069774934deafbb4c8c4ec40c35834888aaef3b92c4124,True,ok,641-1024
train,shiyan/data3/images/train/3263.jpg,3263,3263,.jpg,800,800,RGB,476547,be0361d0bb62691e68e8b28e2509e53258c7b9f24dee41d76d030b0b881a522f,True,ok,641-1024
train,shiyan/data3/images/train/3264.jpg,3264,3264,.jpg,800,800,RGB,279261,375e523926ce26e35c215da0bea521af86d7bff6f9455b88c2a4bb0d157ee772,True,ok,641-1024
train,shiyan/data3/images/train/3265.jpg,3265,3265,.jpg,800,800,RGB,466952,413d228d98676ef4ed1e218e2516996ce7fb527ea088c583765d27ef067f7582,True,ok,641-1024
train,shiyan/data3/images/train/3266.jpg,3266,3266,.jpg,800,800,RGB,403846,cd34705b1c1ee38fdd533739c6831719ee3db2bea51f0f1998bf0856ff366b9b,True,ok,641-1024
train,shiyan/data3/images/train/3267.jpg,3267,3267,.jpg,800,800,RGB,260667,a2c6534ec76d829ae9bdff59a88818d55e31b3a4075a3ff1492e3e16d43848ac,True,ok,641-1024
train,shiyan/data3/images/train/3268.jpg,3268,3268,.jpg,800,800,RGB,273876,4a2b8069ea842cf3401bf69996d2f033f800168d25dba0ca172875552472da1a,True,ok,641-1024
train,shiyan/data3/images/train/3269.jpg,3269,3269,.jpg,800,800,RGB,296121,db48425803b38150f21ab6a739b7ed7c868fa9125f0412639cd02c1b5b43c8ce,True,ok,641-1024
train,shiyan/data3/images/train/3270.jpg,3270,3270,.jpg,848,849,RGB,118104,344b3c59345bd48770fb8e114f622ba6ab410c39c0c3db5c26182343e91e194c,True,ok,641-1024
train,shiyan/data3/images/train/3271.jpg,3271,3271,.jpg,800,800,RGB,298084,aa94eea2356e26e5f1b8b8a7a4f93bdc57fa89a2fb4f99952bd396240d16d7b0,True,ok,641-1024
train,shiyan/data3/images/train/3272.jpg,3272,3272,.jpg,800,800,RGB,274659,2499130161cfd1bdeed1f3ee144a82b7fce27374fffda45fe5f9153679c1a20d,True,ok,641-1024
train,shiyan/data3/images/train/3273.jpg,3273,3273,.jpg,800,800,RGB,294986,0d4a96730b870941f49a2f3c5a1404e6b4ea259f79387856e1e58c6e4a96a233,True,ok,641-1024
train,shiyan/data3/images/train/3274.jpg,3274,3274,.jpg,800,800,RGB,328218,9adb87c761de4e67da630eefc924a3d403a61442a1295d7c0285a6106bdc9a2a,True,ok,641-1024
train,shiyan/data3/images/train/3275.jpg,3275,3275,.jpg,800,800,RGB,455966,1ff92ed57b712edfa0432549e82e96febdf2e3a0c0f46ea66caf226f70e60124,True,ok,641-1024
train,shiyan/data3/images/train/3276.jpg,3276,3276,.jpg,800,800,RGB,275220,b5c5a35c27f484378f9497b0b24d3c19d9751d3629bec4532e13b90a42a3959e,True,ok,641-1024
train,shiyan/data3/images/train/3277.jpg,3277,3277,.jpg,800,800,RGB,303880,aa2eb0a62ab1defc5f551cf87d7e38ff1bc498ee1c1b95db0eb7621454baffc4,True,ok,641-1024
train,shiyan/data3/images/train/3278.jpg,3278,3278,.jpg,824,823,RGB,107770,1ac034141c7313debea9beae94cf1f3fb169148ac31bf9b64a04fe29809f41d2,True,ok,641-1024
train,shiyan/data3/images/train/3279.jpg,3279,3279,.jpg,800,800,RGB,261278,417ca612de56e61bb0c4b951aa835c0690c31ede9aacd50bd1d357b3ccb6bc30,True,ok,641-1024
train,shiyan/data3/images/train/3280.jpg,3280,3280,.jpg,800,800,RGB,256743,7ad0292350723543d4ebf9ea4659ec9e547d536316ecfabd40ad4d3896dce869,True,ok,641-1024
train,shiyan/data3/images/train/3281.jpg,3281,3281,.jpg,800,800,RGB,370593,2bebd68b18572b84b5a62ba5edcf2ac6d7089134280e568a282754e6278e6286,True,ok,641-1024
train,shiyan/data3/images/train/3282.jpg,3282,3282,.jpg,800,800,RGB,395339,61ee0533a96bd5a421fac2a1768405ae5fcbe30355224d50c3aff58748fe931f,True,ok,641-1024
train,shiyan/data3/images/train/3283.jpg,3283,3283,.jpg,800,800,RGB,236006,2fbc6c9b8243b0071e73b90d9b51245bdba2fa22d2b415685c696e4a2d59b5df,True,ok,641-1024
train,shiyan/data3/images/train/3284.jpg,3284,3284,.jpg,800,800,RGB,235342,bd7d4531c40ae31c07acee52b270371eaff2ea8421ce8029f204c4d19355d217,True,ok,641-1024
train,shiyan/data3/images/train/3285.jpg,3285,3285,.jpg,800,800,RGB,405449,a44012eb4a40b0d59e9162393549164d276fb70ec7909f151b295837113f91c1,True,ok,641-1024
train,shiyan/data3/images/train/3286.jpg,3286,3286,.jpg,800,800,RGB,362880,e5ce348ef0ebef982bfa0c93b25d98ebfafef52a827a930b0c7d028273a46696,True,ok,641-1024
train,shiyan/data3/images/train/3287.jpg,3287,3287,.jpg,800,800,RGB,384882,5278f1e3125f3147daab11d40b7ed194c0d5d6bea51c1dfb5687868e0120415a,True,ok,641-1024
train,shiyan/data3/images/train/3288.jpg,3288,3288,.jpg,800,800,RGB,293202,91b3a3d7d6c327ce85918e7d3e01b5ed8a809b7a4f78b9cedff142617c850c38,True,ok,641-1024
train,shiyan/data3/images/train/3289.jpg,3289,3289,.jpg,889,802,RGB,63501,39b8f3060f0c449779cced5209a731aaad5d36eaf12be29f80b304cd029d3049,True,ok,641-1024
train,shiyan/data3/images/train/3290.jpg,3290,3290,.jpg,800,800,RGB,493612,9b5eb8580b16f8158ce9cfe90b88ef9e24333706eab0a8edb56693f6fbc433ab,True,ok,641-1024
train,shiyan/data3/images/train/3291.jpg,3291,3291,.jpg,800,800,RGB,455701,f8c307e508bd61db0028820c797e0fc1750163aef3fb1d3da10e140f72c10e18,True,ok,641-1024
train,shiyan/data3/images/train/3292.jpg,3292,3292,.jpg,800,800,RGB,308070,5a4b58bd949d95d7ba683529bcfcc4b9e2ac931625519f60f265b079969689d8,True,ok,641-1024
train,shiyan/data3/images/train/3293.jpg,3293,3293,.jpg,800,800,RGB,306841,db24cffc8eb12368748cf74dc985b10359ecb011a91bcee3ea2208d42846a9ee,True,ok,641-1024
train,shiyan/data3/images/train/3294.jpg,3294,3294,.jpg,800,800,RGB,344599,e7cd56f48a7c11de089c25661a2ee12bf8420fac125559fe82507cff94f8b80e,True,ok,641-1024
train,shiyan/data3/images/train/3295.jpg,3295,3295,.jpg,800,800,RGB,401295,f544a7bcbec202c571ba0d4a6d78cac66fad3b319e86bf6bc43e1c9a58e1f8d8,True,ok,641-1024
train,shiyan/data3/images/train/3296.jpg,3296,3296,.jpg,800,800,RGB,411428,5bef63cd93bc875a73da4978bf26df27a1bef3e9bc675aff974d97303fdc4c42,True,ok,641-1024
train,shiyan/data3/images/train/3297.jpg,3297,3297,.jpg,800,800,RGB,375532,f4a4f83bc5e549a1ee4a1caaa894ce83e9c428cecbd94eaf84f0e78d49199750,True,ok,641-1024
train,shiyan/data3/images/train/3298.jpg,3298,3298,.jpg,800,800,RGB,425781,bcb7577a349515754ca2719758cbad93f7836d1d29f645a0cc44b50e5937d766,True,ok,641-1024
train,shiyan/data3/images/train/3299.jpg,3299,3299,.jpg,954,769,RGB,63576,d17c4185451dd6a448c3c33566a1f815a9c5ff25904fd50bdbcc241a38bc9b5d,True,ok,641-1024
train,shiyan/data3/images/train/3300.jpg,3300,3300,.jpg,800,800,RGB,321154,39eb4698ba98e5565002e2f6249c492ecc358578ea6d23b0e740ec716ac78eb7,True,ok,641-1024
train,shiyan/data3/images/train/3301.jpg,3301,3301,.jpg,800,800,RGB,264315,8eb22fb20218c1c9f5da3ef8e63497f23660ad1a8ed8db95b2c14176873b8cd3,True,ok,641-1024
train,shiyan/data3/images/train/3302.jpg,3302,3302,.jpg,800,800,RGB,326802,d19b1b86d0b9d03985a6c30b8f4333f1e546e50e79e41cc6eb665675bb5b6075,True,ok,641-1024
train,shiyan/data3/images/train/3303.jpg,3303,3303,.jpg,800,800,RGB,321113,af7da3ca992d0083646a147bffb4282776bbbc1f686fb203a51f87ef1bbe878a,True,ok,641-1024
train,shiyan/data3/images/train/3304.jpg,3304,3304,.jpg,800,800,RGB,298933,ff33584e06d28a8f96ee841d969b3670df81ceed1215596d096cb9a32e82f479,True,ok,641-1024
train,shiyan/data3/images/train/3305.jpg,3305,3305,.jpg,800,800,RGB,558325,3df5dcc3c22dcc373b6dd8a98fc32755d4f33b1dbf83b2a34913cf21fd7e3421,True,ok,641-1024
train,shiyan/data3/images/train/3306.jpg,3306,3306,.jpg,800,800,RGB,247334,004831f215d414070659b4de3f27608f18fc31ce851fc0be520fe244fa383f22,True,ok,641-1024
train,shiyan/data3/images/train/3307.jpg,3307,3307,.jpg,800,800,RGB,400431,dc40966d64b80faebca5beb30ef0dd6a69fe260c441793093a0ff6b6023c6e2f,True,ok,641-1024
train,shiyan/data3/images/train/3308.jpg,3308,3308,.jpg,800,800,RGB,206926,822a19e65a35e8a34a5d1bda4e0a7016b6ea729eb8dc86cef3dbb79ccaef46bc,True,ok,641-1024
train,shiyan/data3/images/train/3309.jpg,3309,3309,.jpg,800,800,RGB,422337,e2e3d73dc1577d27cc3ef658ff6e0c83a56b0cde673ff8fc10a407d93b9210c0,True,ok,641-1024
train,shiyan/data3/images/train/3310.jpg,3310,3310,.jpg,800,800,RGB,291004,581390fa5ddd8a5d70e6c31ccdc31613a5b29fc169dd2c28868c50c4da2d6cbd,True,ok,641-1024
train,shiyan/data3/images/train/3311.jpg,3311,3311,.jpg,800,800,RGB,388077,67d761f920de4f65ada6448256279a167522db9eb8f1e61165450f5cdde48398,True,ok,641-1024
train,shiyan/data3/images/train/3312.jpg,3312,3312,.jpg,800,800,RGB,353847,e0214839b7b9adedda045a1352b14c88bd80d3abc6e71093259ec0c5c80e84cb,True,ok,641-1024
train,shiyan/data3/images/train/3313.jpg,3313,3313,.jpg,800,800,RGB,341696,427c2ea5103350284182872ae54f453ce1ec55a760becea24bd68099ebb0cdeb,True,ok,641-1024
train,shiyan/data3/images/train/3314.jpg,3314,3314,.jpg,800,800,RGB,287567,4c8b023265b4bb02e9a926d9380272ec0aab5829bf5e94f973b595462bad2922,True,ok,641-1024
train,shiyan/data3/images/train/3315.jpg,3315,3315,.jpg,800,800,RGB,375937,6205f6b4089a044ffbfd0e32b27090cf528a499b1cb87c486b891b30c1363c4d,True,ok,641-1024
train,shiyan/data3/images/train/3316.jpg,3316,3316,.jpg,800,800,RGB,329038,b818a1d304bc6e7c86d47942a0ed1e60d68887c4cf14a2f88d47e533ed4ed5d0,True,ok,641-1024
train,shiyan/data3/images/train/3317.jpg,3317,3317,.jpg,800,800,RGB,274124,fb4e6f08b62db9e11a7cb62d83a588974b8234720d1cba5d48ca6c9054523daf,True,ok,641-1024
train,shiyan/data3/images/train/3318.jpg,3318,3318,.jpg,800,800,RGB,407400,55ea234eb7f43cf51011ca3b296082e4822888ac4be035e1cd3bcb9b021fd937,True,ok,641-1024
train,shiyan/data3/images/train/3319.jpg,3319,3319,.jpg,800,800,RGB,368478,a6cac79a76b4451c36a6749aba65f78f590a8dd64d76e6d764629de5f7ed40e8,True,ok,641-1024
train,shiyan/data3/images/train/3320.jpg,3320,3320,.jpg,800,800,RGB,314499,97706e2dad0a9017efe8e788f33587200be60992f5d0cdb94433153af0aac2f1,True,ok,641-1024
train,shiyan/data3/images/train/3321.jpg,3321,3321,.jpg,800,800,RGB,201093,49d7b6acc8845dd3ef91884f56946e9fd802f096e51e208c84344d03b218d9c0,True,ok,641-1024
train,shiyan/data3/images/train/3322.jpg,3322,3322,.jpg,800,800,RGB,227793,e20d9f04030bed671bd94cf3c62107b909fbd75304427c0bd9a99cc0d71eb9b1,True,ok,641-1024
train,shiyan/data3/images/train/3323.jpg,3323,3323,.jpg,800,800,RGB,411914,8761c1c30244d6c8676cee0ca7bede59512a82a7fa4b9b617913affb5eb12016,True,ok,641-1024
train,shiyan/data3/images/train/3324.jpg,3324,3324,.jpg,800,800,RGB,398404,3d56d9d51fd18c259e3a0a0fcc2775d0d812a67a2444340e926464730ddb6aca,True,ok,641-1024
train,shiyan/data3/images/train/3325.jpg,3325,3325,.jpg,800,800,RGB,279345,394a2aae2019a5f02aba0ec8f1c6cfdde9a725c4f4e2bd0ceb8581be8f8a43a5,True,ok,641-1024
train,shiyan/data3/images/train/3326.jpg,3326,3326,.jpg,800,800,RGB,344097,239ffa9b10fba24bdc1a0e36b68a61b069d5ae3b13876975a80cd7a45953fd98,True,ok,641-1024
train,shiyan/data3/images/train/3327.jpg,3327,3327,.jpg,881,844,RGB,96227,287e3e6b1264f64f95994bc37270b454de3c8232255dd26c4c1fb6fd75724d46,True,ok,641-1024
train,shiyan/data3/images/train/3328.jpg,3328,3328,.jpg,800,800,RGB,417141,c55515a50dbeae7800dd79a20deb66b7ae911ba1b961068c4ef3e4a85a4d6e88,True,ok,641-1024
train,shiyan/data3/images/train/3329.jpg,3329,3329,.jpg,800,800,RGB,423769,9b96f2135b0ab60208c8415b1e25d5522e7141c2466a0a3a633fac9b4742c2d3,True,ok,641-1024
train,shiyan/data3/images/train/3330.jpg,3330,3330,.jpg,800,800,RGB,231278,f528a50283ff3ae339f6edca9560a99412a5a8bdddcf156656c460533717e7c0,True,ok,641-1024
train,shiyan/data3/images/train/3331.jpg,3331,3331,.jpg,800,800,RGB,249576,b93e1cfb5e30aea95c22bfecf7069f10c4fcfb2947c4aea69ba2d5ce0c145909,True,ok,641-1024
train,shiyan/data3/images/train/3332.jpg,3332,3332,.jpg,800,800,RGB,416671,2804847f16839e7422643036c621bb970e5dd672d2723161da7954286514a75c,True,ok,641-1024
train,shiyan/data3/images/train/3333.jpg,3333,3333,.jpg,800,800,RGB,251177,7b8cbef5c48ba89a7d6a38f19bbda3ce43be3ea7243ce930e3ec80b7a0c92b50,True,ok,641-1024
train,shiyan/data3/images/train/3334.jpg,3334,3334,.jpg,800,800,RGB,356659,1b4a7daada4e6b1f8be053289f1f83ebd1db1069fe369645a0cfa799716bb352,True,ok,641-1024
train,shiyan/data3/images/train/3335.jpg,3335,3335,.jpg,800,800,RGB,380308,6e378b612a4933c609c00ce1338141b3ef6bf87d07db504d6894be39028c2190,True,ok,641-1024
train,shiyan/data3/images/train/3336.jpg,3336,3336,.jpg,800,800,RGB,374111,2c6d7959dd52d003c9cc6be7e699dedfab76ff19d8c3db293a9559613c3e4b14,True,ok,641-1024
train,shiyan/data3/images/train/3337.jpg,3337,3337,.jpg,848,718,RGBA,1113599,3b615b681036a640b8c51c16357c763e10c9d0f17f453f1185f139f05aa323ac,True,ok,641-1024
train,shiyan/data3/images/train/3338.jpg,3338,3338,.jpg,800,800,RGB,272552,4be523af1c785478fbd0755ea4d5cf27ead5532bf9b2ecceebafa0395aa11ca1,True,ok,641-1024
train,shiyan/data3/images/train/3339.jpg,3339,3339,.jpg,800,800,RGB,205756,7331cc3f00a9f4c79507090fc82cd4eef744ade2f7913c56e365be7949125e24,True,ok,641-1024
train,shiyan/data3/images/train/3340.jpg,3340,3340,.jpg,800,800,RGB,369174,b620a01fba605d39f0976e7fe4b909b1fff85a2fae7419287314dc7ea3859ab6,True,ok,641-1024
train,shiyan/data3/images/train/3341.jpg,3341,3341,.jpg,800,800,RGB,204396,c8de882d59deb4d72313dda378003307dcc1a80d29da44ada40426534b85637a,True,ok,641-1024
train,shiyan/data3/images/train/3342.jpg,3342,3342,.jpg,800,800,RGB,473235,3f7ea219eb08b56639599bf8ff8a7c99e507c2d93d2185c5aa46a41cdb1bcf1c,True,ok,641-1024
train,shiyan/data3/images/train/3343.jpg,3343,3343,.jpg,800,800,RGB,333608,2c9643526b462f4f477f50efa85bd133b02ff14686521f9c1dfb879818a6c20f,True,ok,641-1024
train,shiyan/data3/images/train/3344.jpg,3344,3344,.jpg,800,800,RGB,363508,55156d4642fdcafd72a8f3a8844599c8ded7d23fc99d304664c8e9f54f592b65,True,ok,641-1024
train,shiyan/data3/images/train/3345.jpg,3345,3345,.jpg,800,800,RGB,428053,08b229004e5cebb9e7c8ca68d124b4ba5dd47bdb7514542f8a2da9f5849a32de,True,ok,641-1024
train,shiyan/data3/images/train/3346.jpg,3346,3346,.jpg,800,800,RGB,297757,c4cef4a25f093257d366a438da9e50351aa26808ac8f3b12a3c4dff99653032e,True,ok,641-1024
train,shiyan/data3/images/train/3347.jpg,3347,3347,.jpg,800,800,RGB,289178,27f7a638d81f46b1beacf7ec354ee98c8ed5929a0e9ae0cb0a80c7a2da677951,True,ok,641-1024
train,shiyan/data3/images/train/3348.jpg,3348,3348,.jpg,800,800,RGB,417655,62a3ef383e7e9a7f5553715a9f2c5666b92153f459e1b0062e51e96f80ac8432,True,ok,641-1024
train,shiyan/data3/images/train/3349.jpg,3349,3349,.jpg,800,800,RGB,288012,c713f50676728fa6d2ad4e1945bb0c6534bb1bbbcdbf304d925ddd53444dc8bb,True,ok,641-1024
train,shiyan/data3/images/train/3350.jpg,3350,3350,.jpg,800,800,RGB,232426,ef98dc29b1b476507f12ae1b6d8ef856c242c0fd9ca279790bd4f6a683ac4a7d,True,ok,641-1024
train,shiyan/data3/images/train/3351.jpg,3351,3351,.jpg,800,800,RGB,399754,1b4c0f474dcdb76f9e35b6558ad8b839b31f3c2e7002055ac48e3eeb9be27542,True,ok,641-1024
train,shiyan/data3/images/train/3352.jpg,3352,3352,.jpg,800,800,RGB,378007,82af65ee101ed07c07fa0b5d3073432952fec3afb93cdbf544f21416604a747b,True,ok,641-1024
train,shiyan/data3/images/train/3353.jpg,3353,3353,.jpg,800,800,RGB,374602,3aa7c513420291b2936b7cb6cc339f2bc80c04848db4ad1b3c3e6b2c0e13e6f9,True,ok,641-1024
train,shiyan/data3/images/train/3354.jpg,3354,3354,.jpg,800,800,RGB,363156,de0e263efbe8fac1c7f1d07ac87feed1b169edec1661a23cdf5774b18d983d4e,True,ok,641-1024
train,shiyan/data3/images/train/3355.jpg,3355,3355,.jpg,774,751,RGBA,682272,f4bf6b6c4b3cb5cffac05891d05691201a2d5f8e87be20df65f6f6e6cfd4592a,True,ok,641-1024
train,shiyan/data3/images/train/3356.jpg,3356,3356,.jpg,800,800,RGB,203394,c3734c7e4e09616c7a350a787886154d6b15873b620e1a3f71a46eaf9fefb819,True,ok,641-1024
train,shiyan/data3/images/train/3357.jpg,3357,3357,.jpg,800,800,RGB,291336,6e7c1fd5e261062fbb23bea541c9a5d84b46cc8820dfb68988cbc261b28df55f,True,ok,641-1024
train,shiyan/data3/images/train/3358.jpg,3358,3358,.jpg,800,800,RGB,236985,625d4496ab194d4a02de7116740da29dfe52daa23eefd1d86c4678685760ea51,True,ok,641-1024
train,shiyan/data3/images/train/3359.jpg,3359,3359,.jpg,800,800,RGB,387967,6cc9438783c05e2b0ebee4e8c1ff01252f46065de59d56caf51b4150fe536ad5,True,ok,641-1024
train,shiyan/data3/images/train/3360.jpg,3360,3360,.jpg,800,800,RGB,271288,90eeea69e03cb2282f5e92d0fdc4c6885059012c13153c75f009fbc02ae0b0bf,True,ok,641-1024
train,shiyan/data3/images/train/3361.jpg,3361,3361,.jpg,800,800,RGB,250245,dc364f4e250416d5d791679f6762815c29ca762797502ae992dc101c4d6714b6,True,ok,641-1024
train,shiyan/data3/images/train/3362.jpg,3362,3362,.jpg,800,800,RGB,323125,acdc0ae34efb281e35abfc7da4330b015e2cc32125cb0c8ce4fce39c133ef2d0,True,ok,641-1024
train,shiyan/data3/images/train/3363.jpg,3363,3363,.jpg,800,800,RGB,248743,a127f13f6ffe91c543c9f67a565fcd1dc7e8bb5d036b12ea0a436dac58194ac7,True,ok,641-1024
train,shiyan/data3/images/train/3364.jpg,3364,3364,.jpg,800,800,RGB,390146,a5c9421573b50d63693c2ae9ed616d35a3a3c5d13843b312ba8d379f1d6cffb4,True,ok,641-1024
train,shiyan/data3/images/train/3365.jpg,3365,3365,.jpg,800,800,RGB,399671,37fad0dc7186031c01f822e06c9db4ef83e467cb30ebb19b5e2b5a9d7a7d8d05,True,ok,641-1024
train,shiyan/data3/images/train/3366.jpg,3366,3366,.jpg,800,800,RGB,324501,b78b2f2c125566384f6b41f914186925ed72d8467ba77b888aa11835e8b2504b,True,ok,641-1024
train,shiyan/data3/images/train/3367.jpg,3367,3367,.jpg,800,800,RGB,306111,a54abd3ce0ef71ebefbcd0e0656fe8d77ef2a7346fdc578a57d71da4d96512dd,True,ok,641-1024
train,shiyan/data3/images/train/3368.jpg,3368,3368,.jpg,800,800,RGB,406866,2e80b0bc72dd2dee1cee78627608a9981643a9028f923cd8675fef05e1ed6d02,True,ok,641-1024
train,shiyan/data3/images/train/3369.jpg,3369,3369,.jpg,800,800,RGB,374824,0bebbacf19e373f923162bf381feb5ea3c2c01af607170a420300f77d710c269,True,ok,641-1024
train,shiyan/data3/images/train/3370.jpg,3370,3370,.jpg,800,800,RGB,351734,b98f459ee1307a10d056d04ad41ba99dddd5820b9ad018ea0b39f76faad28889,True,ok,641-1024
train,shiyan/data3/images/train/3371.jpg,3371,3371,.jpg,800,800,RGB,376151,aacfd80a2f84910586bc1a8ffd0210e86c72360bd88571d69e3f64dd1174b3e2,True,ok,641-1024
train,shiyan/data3/images/train/3372.jpg,3372,3372,.jpg,721,689,RGBA,923327,7e1e325f5fdd32c184582c5b23c1ef1375b53565025ed8352de15ce50b5df9a8,True,ok,641-1024
train,shiyan/data3/images/train/3373.jpg,3373,3373,.jpg,800,800,RGB,318497,262aa3051092e0945892c6442bc2640751ab259f151b046ba04ef0b134a043f0,True,ok,641-1024
train,shiyan/data3/images/train/3374.jpg,3374,3374,.jpg,800,800,RGB,363435,9d5f567a8ce68e6059f1c02e2909263561c22414030136c3062d7143eabcee20,True,ok,641-1024
train,shiyan/data3/images/train/3375.jpg,3375,3375,.jpg,800,800,RGB,340053,53c25111f944c6f5a714d54ad398cdc4167ecbed9de0d639d651c131a049bfd4,True,ok,641-1024
train,shiyan/data3/images/train/3376.jpg,3376,3376,.jpg,800,800,RGB,363182,af27aa300d8533892c3baf1d9afc9754510947a313b8355ae5c63b8fc87e176f,True,ok,641-1024
train,shiyan/data3/images/train/3377.jpg,3377,3377,.jpg,800,800,RGB,225729,61212cad74c4e347f331111615a6678fd6a3ce1c74a299e18d92c5fdfd11414a,True,ok,641-1024
train,shiyan/data3/images/train/3378.jpg,3378,3378,.jpg,800,800,RGB,218608,9b9406f6366eafc49503c28918548a87e288d807607f4cc429c18d17718d4be2,True,ok,641-1024
train,shiyan/data3/images/train/3379.jpg,3379,3379,.jpg,800,800,RGB,407292,0f55380315e898585073c3ace8bbd152bed39af879dfed1cfc4c11e4237cc807,True,ok,641-1024
train,shiyan/data3/images/train/3380.jpg,3380,3380,.jpg,800,800,RGB,228978,fbb05c891f2a3f06bcffc0c5abfc0934a39a108c60acb75508f84baaec44ad2f,True,ok,641-1024
train,shiyan/data3/images/train/3381.jpg,3381,3381,.jpg,800,800,RGB,295265,2efb7d146ee717ee187e0936d86283513bf05ddf7a77ed855492edcadfe815ae,True,ok,641-1024
train,shiyan/data3/images/train/3382.jpg,3382,3382,.jpg,841,706,RGBA,1150930,79af66c410a903890a4de5498809adc7579d5dd12e28a095fa057fecd772629d,True,ok,641-1024
train,shiyan/data3/images/train/3383.jpg,3383,3383,.jpg,800,800,RGB,388938,f88020d3af2bb5cdc038ef0cc609fc2ac21be45173bd447c87ad51e93a11d69f,True,ok,641-1024
train,shiyan/data3/images/train/3384.jpg,3384,3384,.jpg,800,800,RGB,345315,e491498c833d08acde6e8cd977710eb52f4ee34c2b11e807032c47445191f448,True,ok,641-1024
train,shiyan/data3/images/train/3385.jpg,3385,3385,.jpg,800,800,RGB,327797,a3b066929fbf9d9a9d5a22eea79db9274222217b0d952281e746d9663b797e19,True,ok,641-1024
train,shiyan/data3/images/train/3386.jpg,3386,3386,.jpg,800,800,RGB,457866,e366fce51e8f3387627ea67cd2a9233eeaa86974971de3dd76d8a51ec67e01c0,True,ok,641-1024
train,shiyan/data3/images/train/3387.jpg,3387,3387,.jpg,800,800,RGB,267154,5142eb68c922c23ca8b17e1b89dbf7f0808f4a438fc995d599a45d03f69839f0,True,ok,641-1024
train,shiyan/data3/images/train/3388.jpg,3388,3388,.jpg,800,800,RGB,409254,f4e5475503cc0f5f0c3b481ade9673cf1041fbb635ad9181364c52cadf7e010d,True,ok,641-1024
train,shiyan/data3/images/train/3389.jpg,3389,3389,.jpg,859,721,RGBA,1061288,9eebedec22eba9a97ef4e14fe47b70b4a4bb242178bc1e25ab3b704fec10c1e9,True,ok,641-1024
train,shiyan/data3/images/train/3390.jpg,3390,3390,.jpg,800,800,RGB,219350,992c1b56d5cc4a613c31095cbe8406aae5e655a3414e092ae05f9b37b587fb06,True,ok,641-1024
train,shiyan/data3/images/train/3391.jpg,3391,3391,.jpg,800,800,RGB,297838,312f4a901a7a4b66865af6663b46b683b32436acc63361aaad3a071e113c21d1,True,ok,641-1024
train,shiyan/data3/images/train/3392.jpg,3392,3392,.jpg,800,800,RGB,258210,38ab435ed71b293f035ecfc5ba17604f955ae690d37d3af5f8fc5396dc05ff42,True,ok,641-1024
train,shiyan/data3/images/train/3393.jpg,3393,3393,.jpg,800,800,RGB,401721,bc6ec7131f16f72220194f59a7c85d45d3050467c601994b1de8b585739619c2,True,ok,641-1024
train,shiyan/data3/images/train/3394.jpg,3394,3394,.jpg,800,800,RGB,338597,bd19c6f18c69600fef4fa116d90b4fa1a0ae6a59afb9b3b6bae0dd24ff8f060c,True,ok,641-1024
train,shiyan/data3/images/train/3395.jpg,3395,3395,.jpg,800,800,RGB,277187,4856c7a939ab2c31e981d87e31687cc1642c11fd5b2a7aa18acfc55774b82cb7,True,ok,641-1024
train,shiyan/data3/images/train/3396.jpg,3396,3396,.jpg,800,800,RGB,452605,41742149eaff56f58ae224c1c06ae3e5cd00836c01b379170d15b7c750d6e96a,True,ok,641-1024
train,shiyan/data3/images/train/3397.jpg,3397,3397,.jpg,800,800,RGB,394599,74ebb8e518d45c154521f6ccc436525db5bce8fa4085a4fb311e097a7e0dd736,True,ok,641-1024
train,shiyan/data3/images/train/3398.jpg,3398,3398,.jpg,800,800,RGB,352926,e8a2e2311f7b3ff324918377ac900a11b3c4f1c068ab8f0b22e2cba429829749,True,ok,641-1024
train,shiyan/data3/images/train/3399.jpg,3399,3399,.jpg,753,712,RGBA,958393,4740e0baa0d383fabd71743fc059e56bba82e7582ac4f8d074bbafafdca25985,True,ok,641-1024
train,shiyan/data3/images/train/3400.jpg,3400,3400,.jpg,800,800,RGB,433439,723952c47361446d6f4ac6c1b35c9cae11bd8a186deed4260c1ac0bbda15fbc2,True,ok,641-1024
train,shiyan/data3/images/train/3401.jpg,3401,3401,.jpg,800,800,RGB,229804,e6a67a5a6fdf3d2510dcfda6578fcddb3f552081cb4dce0ae7f429b0a3a1570c,True,ok,641-1024
train,shiyan/data3/images/train/3402.jpg,3402,3402,.jpg,800,800,RGB,327890,514a3a338e7bd38b9126c27b19bbfb064774a192be9e025fc9cc9430563d2f65,True,ok,641-1024
train,shiyan/data3/images/train/3403.jpg,3403,3403,.jpg,800,800,RGB,434136,da76e13f306e8b10720e11c8f3f82e8aad16a875c6df8a09cd9ff52b008d7074,True,ok,641-1024
train,shiyan/data3/images/train/3404.jpg,3404,3404,.jpg,800,800,RGB,438913,a7b1c54b88de2bf3f635657342790dbb6376a44461f10f4887d04b72a09bd097,True,ok,641-1024
train,shiyan/data3/images/train/3405.jpg,3405,3405,.jpg,800,800,RGB,354854,e72e5ae8aeeece967ecbdfa1ac14b2be3ddbc2e8f171a4c8b590f94f33296b2a,True,ok,641-1024
train,shiyan/data3/images/train/3406.jpg,3406,3406,.jpg,800,800,RGB,243232,3646328a1d27abfc7f0ec779d5cc1a6c6886151276b0a3de405e3137588ba659,True,ok,641-1024
train,shiyan/data3/images/train/3407.jpg,3407,3407,.jpg,800,800,RGB,411429,ceee12a2aef3fe6d2f2264872499ed77ebaea38bf8288a4ac84dd0878b6ccc3a,True,ok,641-1024
train,shiyan/data3/images/train/3408.jpg,3408,3408,.jpg,800,800,RGB,417130,0ee8cf15eda7633c968a6bbdaa5c8ac34a111c2fa977568b57f4f0f865bd1345,True,ok,641-1024
train,shiyan/data3/images/train/3409.jpg,3409,3409,.jpg,800,800,RGB,361196,1a312d57e195a4d925ec33ccaf33e730270bc1c1bccad1729dcb155a66a7ca48,True,ok,641-1024
train,shiyan/data3/images/train/3410.jpg,3410,3410,.jpg,873,784,RGBA,1162056,0242c87f4b0f57c86562c9b04018dde78da9c22d25f59a1632162f67c5726f0a,True,ok,641-1024
train,shiyan/data3/images/train/3411.jpg,3411,3411,.jpg,800,800,RGB,394857,ecea173f55a3dda5de7810d9e9efa765580b849ddb3d11d628cde3128a1419d5,True,ok,641-1024
train,shiyan/data3/images/train/3412.jpg,3412,3412,.jpg,800,800,RGB,335995,d8b29c82fb69767f7aff4b36a1f42e084d0707d7849dc2c61172ea8d96adb6fa,True,ok,641-1024
train,shiyan/data3/images/train/3413.jpg,3413,3413,.jpg,800,800,RGB,229194,28533ad6c5029f463fe1fa0855b2e1bdc5073756ed35d2cc823b07fd4fe9edb0,True,ok,641-1024
train,shiyan/data3/images/train/3414.jpg,3414,3414,.jpg,800,800,RGB,414297,94dd57929c7758bf655caf6becc470fcd1a7f309cc2c61cc02ac6eddd8cd6287,True,ok,641-1024
train,shiyan/data3/images/train/3415.jpg,3415,3415,.jpg,800,800,RGB,276583,e7bbfbf1734b6f68b05affc1192d1c23f42f207d0e8b5c0fc819591e6b40a437,True,ok,641-1024
train,shiyan/data3/images/train/3416.jpg,3416,3416,.jpg,800,800,RGB,379042,d19603331f9c2ff589195c9432e5a24e148f228b1ce56c5683ce70463e9b5190,True,ok,641-1024
train,shiyan/data3/images/train/3417.jpg,3417,3417,.jpg,800,800,RGB,349208,1989bbaf311782be89fcb09c069d709a42c87df02fca29b936507ca18408f29f,True,ok,641-1024
train,shiyan/data3/images/train/3418.jpg,3418,3418,.jpg,800,800,RGB,399593,058f4c7700e2a6cc23c6d41367e195c88f2ef1912b0e1fd337d2e50e8b93750b,True,ok,641-1024
train,shiyan/data3/images/train/3419.jpg,3419,3419,.jpg,800,800,RGB,284893,f33eb5f96e366fbb643b3e67d33008138473f2ac0b465118b6cea73bfb899e40,True,ok,641-1024
train,shiyan/data3/images/train/3420.jpg,3420,3420,.jpg,819,869,RGB,91563,cee32b4d2224f608ba32f5105fbcde12c317669f165aaf29714c2a322d131216,True,ok,641-1024
train,shiyan/data3/images/train/3421.jpg,3421,3421,.jpg,800,800,RGB,373415,509234a58854498d472ea94306bd3bf7f2c643597045e1916e7bfb19c9ae94b1,True,ok,641-1024
train,shiyan/data3/images/train/3422.jpg,3422,3422,.jpg,800,800,RGB,410783,acb48c0e97715f420e50f49ecb41ea38d3b5dc603050229186af590e797d1412,True,ok,641-1024
train,shiyan/data3/images/train/3423.jpg,3423,3423,.jpg,800,800,RGB,393748,b8ade5ae6bf313e8d80c9ccde0233838fd2bb073fff79ceb6ecab01c0130536c,True,ok,641-1024
train,shiyan/data3/images/train/3424.jpg,3424,3424,.jpg,800,800,RGB,348071,ae15e010980697bf26f05234d31155f92b4a6d0f2a1b67485bc2e6f316e11181,True,ok,641-1024
train,shiyan/data3/images/train/3425.jpg,3425,3425,.jpg,800,800,RGB,326396,3af7010516347061dcd6693c8ff22ac6778bb95fa0abceb9a9f051382daf3c7b,True,ok,641-1024
train,shiyan/data3/images/train/3426.jpg,3426,3426,.jpg,800,800,RGB,409267,a1681d458579eee237d350428c562fa3a24cd7a62e85a307d93f685762e61a2c,True,ok,641-1024
train,shiyan/data3/images/train/3427.jpg,3427,3427,.jpg,800,800,RGB,371313,24756fbb40f43aab1b643ae5dee42b18fd787f72f237371f8ca38ab66e172cd0,True,ok,641-1024
train,shiyan/data3/images/train/3428.jpg,3428,3428,.jpg,800,800,RGB,287157,337bf6956e4f2174740a8956b3cbd90e5c2be25d37c10145db2c5234bcf23781,True,ok,641-1024
train,shiyan/data3/images/train/3429.jpg,3429,3429,.jpg,800,800,RGB,289555,95c5fdcdb8d22b0e1f1c5c01a0e7f5a4e0ac7229dfa04a0276b9359d73d06807,True,ok,641-1024
train,shiyan/data3/images/train/3430.jpg,3430,3430,.jpg,800,800,RGB,342334,b971f96ad05f76656456ecedff62c5370b63988bb545f1e1ce38b1c684547a07,True,ok,641-1024
train,shiyan/data3/images/train/3431.jpg,3431,3431,.jpg,800,800,RGB,267243,7a69ab51207f121605aa15bc3527c37bf2336aba48a8ac9fbed471aae1e85522,True,ok,641-1024
train,shiyan/data3/images/train/3432.jpg,3432,3432,.jpg,800,800,RGB,323734,953a68ddc0a84fd5784fb8c42b4e20bf6b3b9544f9389b1bf3f1c43eef947116,True,ok,641-1024
train,shiyan/data3/images/train/3433.jpg,3433,3433,.jpg,800,800,RGB,201087,a51e8bcc087a909cecb6861cb55c342597d39e5bd009df12750370130b14e7ac,True,ok,641-1024
train,shiyan/data3/images/train/3434.jpg,3434,3434,.jpg,800,800,RGB,282232,541247f36a46cb2284a7048e0c9af72b6ffb41897cc6d54f0df2b2f05a1030d3,True,ok,641-1024
train,shiyan/data3/images/train/3435.jpg,3435,3435,.jpg,800,800,RGB,298913,47e3200b574fc127e13becca91d71a5b54f5135fde807f404b2bc5299965181d,True,ok,641-1024
train,shiyan/data3/images/train/3436.jpg,3436,3436,.jpg,800,800,RGB,342952,727597abe075a299e7004d68711dc85624316562e9ef49b6c65c7c773549ceda,True,ok,641-1024
train,shiyan/data3/images/train/3437.jpg,3437,3437,.jpg,800,800,RGB,405637,698709500b7b19d69c667fed8b64adb34a3d14ed941b628187216243915d6ab8,True,ok,641-1024
train,shiyan/data3/images/train/3438.jpg,3438,3438,.jpg,800,800,RGB,381019,5b07c81c5509224f8dfed3ed19e7c5e6114d80c11b5846a2be0d562aeb12b112,True,ok,641-1024
train,shiyan/data3/images/train/3439.jpg,3439,3439,.jpg,800,800,RGB,268342,f6f85d3412801e884dd7328e4444cd7b11d304a001bc7c1d7bd4587bdf8fae9b,True,ok,641-1024
train,shiyan/data3/images/train/3440.jpg,3440,3440,.jpg,800,800,RGB,409905,7c73fe13fddf3f490fbf3500fbd0d334ca53d78fb4a5abdd572745854bf3ec02,True,ok,641-1024
train,shiyan/data3/images/train/3441.jpg,3441,3441,.jpg,800,800,RGB,357521,dcc633fd5ec8be7881ae875b02741139aa6f181311061a1b4f144cd91dcd50a0,True,ok,641-1024
train,shiyan/data3/images/train/3442.jpg,3442,3442,.jpg,800,800,RGB,246044,12927a5cd12a37607579433f0e3b3e153f0e088a038b867beaf95ee93efbe904,True,ok,641-1024
train,shiyan/data3/images/train/3443.jpg,3443,3443,.jpg,853,742,RGBA,887533,ca8569241ab86af32a11eadb3141a646366485412de126bb07f135526d73fca2,True,ok,641-1024
train,shiyan/data3/images/train/3444.jpg,3444,3444,.jpg,800,800,RGB,296096,99745ab4e7b782b91b0ea2c3e8c305e049fbd51836744f886cd7ec2b4c3fa95a,True,ok,641-1024
train,shiyan/data3/images/train/3445.jpg,3445,3445,.jpg,800,800,RGB,368590,685663ff10ab4d90152f142099e501c9b1e58754ef268f32fbebe3630955be2f,True,ok,641-1024
train,shiyan/data3/images/train/3446.jpg,3446,3446,.jpg,800,800,RGB,386177,e58ba2cd5070dff24935c0e5b842c9e75067f8f48d84b07ce88a26e3f6314fa3,True,ok,641-1024
train,shiyan/data3/images/train/3447.jpg,3447,3447,.jpg,800,800,RGB,436747,7becaed4f4a050479999f8b83900e73dc4c8addb68d189cd6b2e8f81b052ba05,True,ok,641-1024
train,shiyan/data3/images/train/3448.jpg,3448,3448,.jpg,800,800,RGB,393063,0d4076d4a225b8e085e5f5ca06b6d0f259f336ed7f0fcae90d1e20a37612f248,True,ok,641-1024
train,shiyan/data3/images/train/3449.jpg,3449,3449,.jpg,800,800,RGB,353827,18650d5d63ec1ee68abca4f59c435c42a1c81d222e6ac3253705eca08bc7e840,True,ok,641-1024
train,shiyan/data3/images/train/3450.jpg,3450,3450,.jpg,800,800,RGB,296052,c6ef22b9f621a4888b07472a5a171c6047f43c0a5bd2240fcb1b749368fb09b8,True,ok,641-1024
train,shiyan/data3/images/train/3451.jpg,3451,3451,.jpg,800,800,RGB,335470,fbb65cd50029ce0f465b6e42fa165d0870688a411e56d1d667161760b2b02896,True,ok,641-1024
train,shiyan/data3/images/train/3452.jpg,3452,3452,.jpg,800,800,RGB,342785,24628ee6453e7599890deb526cf8c8ebc98e10b39e2ddfbec8c49965bbea82d9,True,ok,641-1024
train,shiyan/data3/images/train/3453.jpg,3453,3453,.jpg,800,800,RGB,294871,4c89b7e9d4a4f55878f96b66f6b6b5902cb7c3c9a349eed39e49118ebe0b6009,True,ok,641-1024
train,shiyan/data3/images/train/3454.jpg,3454,3454,.jpg,800,800,RGB,329451,f454fc33108eba3ad4bd730c8e094a2733727f906ed03e42d84d831e3cb64aef,True,ok,641-1024
train,shiyan/data3/images/train/3455.jpg,3455,3455,.jpg,800,800,RGB,310568,67f9e466ae365268eb0971b497c42ff4e8cf6907761eaa1c9d6a5805c4928482,True,ok,641-1024
train,shiyan/data3/images/train/3456.jpg,3456,3456,.jpg,800,800,RGB,311379,d2fc4c1d4d020139a1bbd7e91d3629e091687670b897c0fc60d1e53d89407927,True,ok,641-1024
train,shiyan/data3/images/train/3457.jpg,3457,3457,.jpg,800,800,RGB,215907,7e31010451ecd51fa42a9d38ed02cc047ff839542f4a7af096c3e07d197b7820,True,ok,641-1024
train,shiyan/data3/images/train/3458.jpg,3458,3458,.jpg,800,800,RGB,338988,f3f16d78112923135c4aa6e760d3eeffe6d0edb0546573e8301d5d171fed013c,True,ok,641-1024
train,shiyan/data3/images/train/3459.jpg,3459,3459,.jpg,800,800,RGB,235347,721df0c2c10378301e35cd8fdcc4d129ee805dd6cfa20b08031879c155b625b7,True,ok,641-1024
train,shiyan/data3/images/train/3460.jpg,3460,3460,.jpg,800,800,RGB,220264,31c6fd89a10e189d81c8f1f41a6ede04b7ddd52bb0f60fc3cde7b64cc04c63a4,True,ok,641-1024
train,shiyan/data3/images/train/3461.jpg,3461,3461,.jpg,800,800,RGB,314092,c45351fceeb772900efa76a921a0da9fd18e5166494196ed96c2032184e5cd16,True,ok,641-1024
train,shiyan/data3/images/train/3462.jpg,3462,3462,.jpg,800,800,RGB,344214,c4338163646652984840bcf5278c3b71a5c4503b6aa772e55fde996a33877bd6,True,ok,641-1024
train,shiyan/data3/images/train/3463.jpg,3463,3463,.jpg,800,800,RGB,247649,849120c5bb83f160195e0833b29b416444b2ed1a0b93f855a4880ebb58394273,True,ok,641-1024
train,shiyan/data3/images/train/3464.jpg,3464,3464,.jpg,800,800,RGB,380167,647a59fb890b5e0cc78cc3d367ea43bfb823da7fc803059d5440351d152c0082,True,ok,641-1024
train,shiyan/data3/images/train/3465.jpg,3465,3465,.jpg,800,800,RGB,330744,cd1817d43414f3663c26a25af54161988c0017077e392097de75ec6706678d22,True,ok,641-1024
train,shiyan/data3/images/train/3466.jpg,3466,3466,.jpg,800,800,RGB,469962,526e55f6dc74b82ebee59c617f60a02f6e33072cb02c77cdd21856f89fef3220,True,ok,641-1024
train,shiyan/data3/images/train/3467.jpg,3467,3467,.jpg,800,800,RGB,256387,2963c5983bc704e2523d2a6ad4bb39cb4feaa499254424e4e12077cf161dd8c3,True,ok,641-1024
train,shiyan/data3/images/train/3468.jpg,3468,3468,.jpg,912,750,RGBA,1081087,4961799b9781f3253d4a3417134b2a69d20110dffb2605be302fff6cc80215be,True,ok,641-1024
train,shiyan/data3/images/train/3469.jpg,3469,3469,.jpg,800,800,RGB,445784,b155f79f4bd290645d564848df173dd772f5ecb4b1b4b3ad487dad7dfadd5538,True,ok,641-1024
train,shiyan/data3/images/train/3470.jpg,3470,3470,.jpg,800,800,RGB,442955,f63d35436ea70d3ed57341f45903270c1c4b36545b4df199869f64756c807030,True,ok,641-1024
train,shiyan/data3/images/train/3471.jpg,3471,3471,.jpg,800,800,RGB,379157,9fd4e2f127116a22faa51d167b0a10f7136b30c464f828bc7a3b51ead0e89566,True,ok,641-1024
train,shiyan/data3/images/train/3472.jpg,3472,3472,.jpg,745,687,RGBA,795464,c2a4eb437a92749958f42c8cebc00386a1b1167abbc6e74cf2f78c09ce7a59e1,True,ok,641-1024
train,shiyan/data3/images/train/3473.jpg,3473,3473,.jpg,800,800,RGB,320804,e09aec9d3ec497519a0ed8e8a4751102035af00116674363e7b49d31326bcc6f,True,ok,641-1024
train,shiyan/data3/images/train/3474.jpg,3474,3474,.jpg,800,800,RGB,316124,a514d310b4428fae0e893b9408c47b5a500333737e612aace0941c4bb2163ab6,True,ok,641-1024
train,shiyan/data3/images/train/3475.jpg,3475,3475,.jpg,800,800,RGB,223175,d9351d5837ddde6c30f80fd5f86a3000065e3a4af74e2327b792f5de4fae61b9,True,ok,641-1024
train,shiyan/data3/images/train/3476.jpg,3476,3476,.jpg,800,800,RGB,310727,64b82df2cab2264dda75993413e49d480ccdb9a0f5812b71497f842e28aa07ca,True,ok,641-1024
train,shiyan/data3/images/train/3477.jpg,3477,3477,.jpg,800,800,RGB,455998,e5da2006215b268606424198d0d2cbd77c7f1f2542f75794c8484734c050ae7e,True,ok,641-1024
train,shiyan/data3/images/train/3478.jpg,3478,3478,.jpg,800,800,RGB,312730,9e2a38041d1e625c1910ed9292152e220a0321cc408ad615fdbc0e8774840c0a,True,ok,641-1024
train,shiyan/data3/images/train/3479.jpg,3479,3479,.jpg,764,744,RGBA,780680,11c48bbeddf448997eb8f07706be0955dcc5fb4ca8dba2e6cc37db79e83d11c3,True,ok,641-1024
train,shiyan/data3/images/train/3480.jpg,3480,3480,.jpg,800,800,RGB,279322,7c4698c516e0cbdb231995967f8aa1c71884d4cff40107b3d2e4426c2ed8d844,True,ok,641-1024
train,shiyan/data3/images/train/3481.jpg,3481,3481,.jpg,800,800,RGB,422003,a5ca421cc20ab13d1ce44e651ed10b9759c39bfa1263dcfcb1816a45c522786c,True,ok,641-1024
train,shiyan/data3/images/train/3482.jpg,3482,3482,.jpg,800,800,RGB,291753,d86464c9fca139c6c388d652ddadd311c23a975f6834163d9e46d8400b270c0b,True,ok,641-1024
train,shiyan/data3/images/train/3483.jpg,3483,3483,.jpg,800,800,RGB,259626,0208d1da5056064e9dbae27a0a878619410b3cf00aee50e2ba5ba5031a30bae3,True,ok,641-1024
train,shiyan/data3/images/train/3484.jpg,3484,3484,.jpg,800,800,RGB,324692,0ce6564bfaec934ebdde37137b40ad502fa2be69a60a879ca578f045ac64b3f3,True,ok,641-1024
train,shiyan/data3/images/train/3485.jpg,3485,3485,.jpg,800,800,RGB,323719,401a2575ec6fa0ff22b1d855f4226cf66ca169de22d016a1ff696668933c2a33,True,ok,641-1024
train,shiyan/data3/images/train/3486.jpg,3486,3486,.jpg,800,800,RGB,255605,8f940eefbd361942a617cc7d83a3bec96684517946b2010696040cb309bffff7,True,ok,641-1024
train,shiyan/data3/images/train/3487.jpg,3487,3487,.jpg,720,698,RGBA,640298,3927f306cfd2bdca70de9d480b6c30ecb509e784d8f5543f5d1bdcd64a69a980,True,ok,641-1024
train,shiyan/data3/images/train/3488.jpg,3488,3488,.jpg,800,800,RGB,261023,c918f754b2f3f94467ff3d61dc0d39a6a387b5a17e961d4f2d40b542245e1c08,True,ok,641-1024
train,shiyan/data3/images/train/3489.jpg,3489,3489,.jpg,800,800,RGB,371971,14beecd7efb7cf9a2cefdc054d0bd437ccca2af370902b3343bfa51d6056e85c,True,ok,641-1024
train,shiyan/data3/images/train/3490.jpg,3490,3490,.jpg,800,800,RGB,231238,2dd46e03061f0602457ca44dc1a221756b241933261913b152eb0d541dbcb37b,True,ok,641-1024
train,shiyan/data3/images/train/3491.jpg,3491,3491,.jpg,800,800,RGB,304910,69edb55b8520ec914ba4fc791c6f8d5e2fb1d1c6d9acd78ba5bb02e74e1f928b,True,ok,641-1024
train,shiyan/data3/images/train/3492.jpg,3492,3492,.jpg,800,800,RGB,249578,1ab97555aaab18505b5fe0f9b2bea7ff7511a47b61945e8f3cf451335cd0d6e6,True,ok,641-1024
train,shiyan/data3/images/train/3493.jpg,3493,3493,.jpg,800,800,RGB,349252,9057a2a64735c42239e6843257e28c14d6c3e821d4e8575795b3df2cf5e71d17,True,ok,641-1024
train,shiyan/data3/images/train/3494.jpg,3494,3494,.jpg,800,800,RGB,294394,8bc58530c1c6a0b2d678b9231d4bfb7c9bf4d50b46caf2b5ac55893e1a640b92,True,ok,641-1024
train,shiyan/data3/images/train/3495.jpg,3495,3495,.jpg,800,800,RGB,315903,b460813426934e4e63de8b4a20fa9542bc7fc7b393dafc9aff7fbd5240de9f0e,True,ok,641-1024
train,shiyan/data3/images/train/3496.jpg,3496,3496,.jpg,791,727,RGBA,731826,77d22b40c6c65466c86ae7cca8a8e98378eb3c2a29ffc19b319ae874c49df134,True,ok,641-1024
train,shiyan/data3/images/train/3497.jpg,3497,3497,.jpg,800,800,RGB,427081,7bcaacf1fadc6bc0be0209384455761066563b5945823ca0f8c321b2355faf61,True,ok,641-1024
train,shiyan/data3/images/train/3498.jpg,3498,3498,.jpg,800,800,RGB,329292,e66f699db76742e4d4089d16699124948b83f3f9acccd4aba7af906f4938ef3c,True,ok,641-1024
train,shiyan/data3/images/train/3499.jpg,3499,3499,.jpg,800,800,RGB,261291,533e0e44c9451bf0a3959c4b415b13b035b1ef64ade2c982f701093d4e334c67,True,ok,641-1024
train,shiyan/data3/images/train/3500.jpg,3500,3500,.jpg,800,800,RGB,231943,0350242ad9eb8dcdc01553ac25701df81541e67835aa88fd4495b8beb669ac19,True,ok,641-1024
train,shiyan/data3/images/train/3501.jpg,3501,3501,.jpg,800,800,RGB,472845,e9cbb3ca8d8b87326794293604b85ebc6bd6a1eaeca0d4c272779bdb8ca64fce,True,ok,641-1024
train,shiyan/data3/images/train/3502.jpg,3502,3502,.jpg,800,800,RGB,360357,c3056c8aa0a2bb6e7fbd9534d3e3dac1ec871912a07c13fb178eeea8be3f0abe,True,ok,641-1024
train,shiyan/data3/images/train/3503.jpg,3503,3503,.jpg,800,800,RGB,337195,f5b55c927200e5b2a153f4fbc672a86639263d36e5866e156f3144b0bcbd60b4,True,ok,641-1024
train,shiyan/data3/images/train/3504.jpg,3504,3504,.jpg,800,800,RGB,367516,ca884b733d9f9fd96dfea636b695da078d731d7cf63baa8bb8ceddd8ec036e54,True,ok,641-1024
train,shiyan/data3/images/train/3505.jpg,3505,3505,.jpg,800,800,RGB,185814,d97e6770184514937d785ea5a9c90446a5891189eb1c703b74fe8e1f4169cf19,True,ok,641-1024
train,shiyan/data3/images/train/3506.jpg,3506,3506,.jpg,789,705,RGBA,976200,3b1e0ec0cd4ac9fe5a64d6d601456322339f87ab1b0fda64a3b3422f59db82c8,True,ok,641-1024
train,shiyan/data3/images/train/3507.jpg,3507,3507,.jpg,800,800,RGB,245937,6415a04f718c4026ebd5f5c7b48a433826505ef30887d6176429f4093bb7fa29,True,ok,641-1024
train,shiyan/data3/images/train/3508.jpg,3508,3508,.jpg,800,800,RGB,288958,055b708ede931e873313b4ae77776a09749938ab43888741905871b9f5d6a62c,True,ok,641-1024
train,shiyan/data3/images/train/3509.jpg,3509,3509,.jpg,800,800,RGB,328194,5e931ab9ec55dd4c93f11392ed16c167ffb8d990bcede7a6d3461d3091b04a6e,True,ok,641-1024
train,shiyan/data3/images/train/3510.jpg,3510,3510,.jpg,800,800,RGB,312007,4142f29b9afb9e8c2f9dc684361f860b819541845d09fbc6da203d0676551646,True,ok,641-1024
train,shiyan/data3/images/train/3511.jpg,3511,3511,.jpg,800,800,RGB,398100,3f4fe3af2f7c49f2608d2f520374f7b02e40101929a29e2645b9706c8d5086f6,True,ok,641-1024
train,shiyan/data3/images/train/3512.jpg,3512,3512,.jpg,800,800,RGB,203101,2e290f6f947f9a3a5d349a62e97c2d192d73344707b270199e5e5b5ebd414e84,True,ok,641-1024
train,shiyan/data3/images/train/3513.jpg,3513,3513,.jpg,811,696,RGBA,678655,16e4b2b27e423be13a2ca91c1b362a51618ca55ca9e88a1cb373adc7a5b3862a,True,ok,641-1024
train,shiyan/data3/images/train/3514.jpg,3514,3514,.jpg,800,800,RGB,520837,8350e701c182109504f88102ba275416f636d65ece549445d78957fe5b0eb63d,True,ok,641-1024
train,shiyan/data3/images/train/3515.jpg,3515,3515,.jpg,800,800,RGB,371883,10d35ef364f3d94503fa5c10d911c01811a1c852242585bb7312b68675f517f9,True,ok,641-1024
train,shiyan/data3/images/train/3516.jpg,3516,3516,.jpg,800,800,RGB,215340,37d418c0783f00c920cf13c5abaf151a25c3efacb98f6b64e51ea982ca3249d2,True,ok,641-1024
train,shiyan/data3/images/train/3517.jpg,3517,3517,.jpg,800,800,RGB,378621,8d9086bc4d8a091f935a0b4bd98bf93a1a09be3a823172afbb192de3bb4d2015,True,ok,641-1024
train,shiyan/data3/images/train/3518.jpg,3518,3518,.jpg,800,800,RGB,379659,aa6d8d7ea7256658ad71a2dcbbe4b0c81dde70f794f61ae99e723a71cdf57d03,True,ok,641-1024
train,shiyan/data3/images/train/3519.jpg,3519,3519,.jpg,800,800,RGB,380340,d4a976ec598beba4087553ab73ca19a73e3abb05ae31d1dbc10636581d843496,True,ok,641-1024
train,shiyan/data3/images/train/3520.jpg,3520,3520,.jpg,800,800,RGB,217976,c5753c425e81f26b541f2fd87b6cfa35be31a822ba39e052e0c4b15cee043286,True,ok,641-1024
train,shiyan/data3/images/train/3521.jpg,3521,3521,.jpg,800,800,RGB,322221,b1bddb2e3b694d4c21e447a1b4950f4e50e4960cb889ed4abca491a07baf0f22,True,ok,641-1024
train,shiyan/data3/images/train/3522.jpg,3522,3522,.jpg,843,763,RGBA,1152776,13ce9b469680131a0c207fb8c28a98f2f7801b18f3a72daa7bb1234aeea353a3,True,ok,641-1024
train,shiyan/data3/images/train/3523.jpg,3523,3523,.jpg,800,800,RGB,290461,7ab84c17400ca059a2fc4f3594d87a2990fd3241e5e1a5c9874fb97f7544b723,True,ok,641-1024
train,shiyan/data3/images/train/3524.jpg,3524,3524,.jpg,800,800,RGB,339323,02d225ff78531eb95e379ea7f12423e0b496e782424795bb16c790c7c641f5d2,True,ok,641-1024
train,shiyan/data3/images/train/3525.jpg,3525,3525,.jpg,800,800,RGB,399054,6568f260bbf7c9d7505dd73c8c79a8448849bb14a76f4deb98b418fa3b8addb6,True,ok,641-1024
train,shiyan/data3/images/train/3526.jpg,3526,3526,.jpg,800,800,RGB,305149,453d428a25236f4c75fbeace27ab6b05b25c30d081f8bf893bc11a4ee6cb350d,True,ok,641-1024
train,shiyan/data3/images/train/3527.jpg,3527,3527,.jpg,800,800,RGB,298834,49b80fa4e200f2030dd68838e8090677f5a2bbc5f0b3868e057b35b2f69b7c1d,True,ok,641-1024
train,shiyan/data3/images/train/3528.jpg,3528,3528,.jpg,800,800,RGB,299492,d35d3c58f5d97c83210ae0e93a04134b994c2ffb4350c25d8bdff4deb77cd0ac,True,ok,641-1024
train,shiyan/data3/images/train/3529.jpg,3529,3529,.jpg,800,800,RGB,302969,8b4f488c6640dbf4b9793da37490e908241c90b755f2470758b6536513347dce,True,ok,641-1024
train,shiyan/data3/images/train/3530.jpg,3530,3530,.jpg,800,800,RGB,197652,a94aa7bdbd431dd6f46a713b0714f04d98e2372b2066293afada32d5f6f9e8de,True,ok,641-1024
train,shiyan/data3/images/train/3531.jpg,3531,3531,.jpg,800,800,RGB,287916,4a0950cad454b1219c46f90bdb68411f9bc3168eec51bca22e5ddad8113b1014,True,ok,641-1024
train,shiyan/data3/images/train/3532.jpg,3532,3532,.jpg,800,800,RGB,410372,0d9460d43c4226baf0f935dc0f18b1c01a3796eca655b7b61bc9fc27f1033257,True,ok,641-1024
train,shiyan/data3/images/train/3533.jpg,3533,3533,.jpg,800,800,RGB,293515,ce8506ba8330acb5f9666affb64e555116ef288a82bbb610bf94690f5f76df8a,True,ok,641-1024
train,shiyan/data3/images/train/3534.jpg,3534,3534,.jpg,800,800,RGB,335670,5d12ba5fe065de20c89480552cee0a5e1428166278d9b97fd01f7a5d117cdc92,True,ok,641-1024
train,shiyan/data3/images/train/3535.jpg,3535,3535,.jpg,800,800,RGB,390251,28b9ad10447767aae8283cbdd46db61f3a2a64adb8ac1695c4dbb458eec60cf8,True,ok,641-1024
train,shiyan/data3/images/train/3536.jpg,3536,3536,.jpg,800,800,RGB,236721,479df254fe10604727ceb7f5ab67177abfc0942cf337210b30ad9c1a62db572e,True,ok,641-1024
train,shiyan/data3/images/train/3537.jpg,3537,3537,.jpg,800,800,RGB,433917,7ff3c41bf1cb724ecb7cb395bf07ad8685ca25dff8296004954853e94526e720,True,ok,641-1024
train,shiyan/data3/images/train/3538.jpg,3538,3538,.jpg,800,800,RGB,300202,18453aa84e2f078acd3cbdf5247959152fa057f0bcdc433db80a4784f5392910,True,ok,641-1024
train,shiyan/data3/images/train/3539.jpg,3539,3539,.jpg,728,637,RGBA,954406,a94d9b46411bef0b95e780ba485547b4c7cb38c9bfd4454b6ccc67e09522a305,True,ok,641-1024
train,shiyan/data3/images/train/3540.jpg,3540,3540,.jpg,800,800,RGB,202614,c22263741535fcffe0aeec60ee0676bbea6355c603735436c33123dc74b5f78c,True,ok,641-1024
train,shiyan/data3/images/train/3541.jpg,3541,3541,.jpg,800,800,RGB,377922,fd0cc6b07f9ebe16da7c66172d503dd2e170bff028aab098ca63afd6b55041bd,True,ok,641-1024
train,shiyan/data3/images/train/3542.jpg,3542,3542,.jpg,800,800,RGB,293148,5af546a460d239cb522bdaf0fd2c367ecfb80c29bc877dd6fe0c5f55fa1e9f80,True,ok,641-1024
train,shiyan/data3/images/train/3543.jpg,3543,3543,.jpg,800,800,RGB,396123,534e9433aac66c58de8695c408dfcb0cbd2108b521009fecc4a2adb38fe797e8,True,ok,641-1024
train,shiyan/data3/images/train/3544.jpg,3544,3544,.jpg,800,800,RGB,292010,89c691d04538ba43efc132544ad7444cc6fe14f66f7bead20672338f3be5f4bb,True,ok,641-1024
train,shiyan/data3/images/train/3545.jpg,3545,3545,.jpg,800,800,RGB,385622,79d64763f161c5335501e8c2f3cdcb19a6752633f4163834d0c1b0638345b646,True,ok,641-1024
train,shiyan/data3/images/train/3546.jpg,3546,3546,.jpg,800,800,RGB,329448,fe77cfeaa615ea09d77bf67bb3adcc4ca149cf8e3388865f53831857f5f98aa6,True,ok,641-1024
train,shiyan/data3/images/train/3547.jpg,3547,3547,.jpg,800,800,RGB,205373,edfa885b38ed81e2e14bde9de43e7c4a62ad243b39379c488e9c09bd59ddde76,True,ok,641-1024
train,shiyan/data3/images/train/3548.jpg,3548,3548,.jpg,800,800,RGB,292461,2df4d001c4925bde15a972693fdad23ffdb9edc6de816f4ae32508b2c9854098,True,ok,641-1024
train,shiyan/data3/images/train/3549.jpg,3549,3549,.jpg,800,800,RGB,433973,f66f738088e9fbc5b96a2a8c80824c8d214caeffe762234ce3c4f20d24dbd454,True,ok,641-1024
train,shiyan/data3/images/train/3550.jpg,3550,3550,.jpg,725,711,RGBA,986035,d11b15dc93ac6f6b141f51572f0c7b75e10a4b2a6c2fc07e3c3e0dda58b7421f,True,ok,641-1024
train,shiyan/data3/images/train/3551.jpg,3551,3551,.jpg,800,800,RGB,425989,55fc0af6c3e58ef028bcb9a0420ec6c07842cb341277b62e7c4858d20d91e471,True,ok,641-1024
train,shiyan/data3/images/train/3552.jpg,3552,3552,.jpg,800,800,RGB,373575,258c44ee594acd5c1d724fc8c04f21a053524c086ac322773656d1d42806351c,True,ok,641-1024
train,shiyan/data3/images/train/3553.jpg,3553,3553,.jpg,800,800,RGB,248337,c9836a8743f783945590b1782cc584b0da1c86914ba77c0c0a0d380431b9c9e3,True,ok,641-1024
train,shiyan/data3/images/train/3554.jpg,3554,3554,.jpg,800,800,RGB,482187,fd4b16d687373e62f7b8e3dbe520cdf203d094192d8bdc6ac03da78d961cfbb2,True,ok,641-1024
train,shiyan/data3/images/train/3555.jpg,3555,3555,.jpg,800,800,RGB,395976,3c57a1b30894cb1aff3e3129af366a463e4f8551c78f323c75c56055bab0f9c7,True,ok,641-1024
train,shiyan/data3/images/train/3556.jpg,3556,3556,.jpg,800,800,RGB,447280,196fadd8deb68f78e36526232d540914831dc880374c6a04a12c4c601dcc376a,True,ok,641-1024
train,shiyan/data3/images/train/3557.jpg,3557,3557,.jpg,800,800,RGB,418589,2d3a9e22e959b843aad58c905bbbe275621f97d4fbae60ad99daf920c56c78d6,True,ok,641-1024
train,shiyan/data3/images/train/3558.jpg,3558,3558,.jpg,748,690,RGBA,783489,952cc93d927bca3147b43ac24c8ebc63452e2eca32ea5f2bff8ccace747d44ba,True,ok,641-1024
train,shiyan/data3/images/train/3559.jpg,3559,3559,.jpg,800,800,RGB,381921,967d65108cc1ca7e7668a7b9133c4e3515b004e3d3677de712408d06ddd12fbf,True,ok,641-1024
train,shiyan/data3/images/train/3560.jpg,3560,3560,.jpg,800,800,RGB,347741,89d39064794ac27f79e9fd673e62ec41fb74dfa7e084d1b0454b285d8bf55ef4,True,ok,641-1024
train,shiyan/data3/images/train/3561.jpg,3561,3561,.jpg,800,800,RGB,336226,31b070af6267f554ca320dda2e7343a335ee84f4a272dd1fcd9d3f76e6f1ba21,True,ok,641-1024
train,shiyan/data3/images/train/3562.jpg,3562,3562,.jpg,800,800,RGB,469373,cf610b8285ea51ca47b0539e8c2e767005c1f2b23e7478d144618b0e9553c9b5,True,ok,641-1024
train,shiyan/data3/images/train/3563.jpg,3563,3563,.jpg,800,800,RGB,316030,b6bc0ad0ca2d780352325b1880627d51371b7b111d7e2b0ba16b6c95ec20cb5d,True,ok,641-1024
train,shiyan/data3/images/train/3564.jpg,3564,3564,.jpg,800,800,RGB,391871,0f3044fce5a7df428636376c3a16296f1288b53753887d66864621324a385f9b,True,ok,641-1024
train,shiyan/data3/images/train/3565.jpg,3565,3565,.jpg,800,800,RGB,344124,e21d0ede774f19ac7efe40814b08f3d26d10b60c46667400f583d330fe28bb81,True,ok,641-1024
train,shiyan/data3/images/train/3566.jpg,3566,3566,.jpg,800,800,RGB,328667,8942323f11691216f85caa537f650192ae4df26c5239d1e3398d8a79d9ca2755,True,ok,641-1024
train,shiyan/data3/images/train/3567.jpg,3567,3567,.jpg,856,735,RGBA,1000116,2fc2ff4bfd5dc269cbcad5312428ad5dd37255ed06df9cd89e9bbacff00c654e,True,ok,641-1024
train,shiyan/data3/images/train/3568.jpg,3568,3568,.jpg,800,800,RGB,222837,e5ae6685a9c05e6de07566709e8835171c0b1459d7978445906a54c0c451686c,True,ok,641-1024
train,shiyan/data3/images/train/3569.jpg,3569,3569,.jpg,800,800,RGB,361072,55167fd4b3c434cba13a46b282391618ce5d0eb16296262e443ab67cdd0bf24b,True,ok,641-1024
train,shiyan/data3/images/train/3570.jpg,3570,3570,.jpg,800,800,RGB,293940,80c460c36c14797ff5ff6ca084339c9364b401c2a9c4f4ea61e490d1e7326889,True,ok,641-1024
train,shiyan/data3/images/train/3571.jpg,3571,3571,.jpg,800,800,RGB,378761,8f3e18683c3de2bc22c821827449ca4277572125ea3c3d5fc65d1616cf77c15f,True,ok,641-1024
train,shiyan/data3/images/train/3572.jpg,3572,3572,.jpg,800,800,RGB,400026,00392504c3c425e7a6f2f70e00ddb7eb8ef7c008457092d9f4f3b11a51415cb6,True,ok,641-1024
train,shiyan/data3/images/train/3573.jpg,3573,3573,.jpg,800,800,RGB,374522,e5ac9fb8335d2772a84cd4ee700f3b6fca02530a027b6ce989b4951eecd65f05,True,ok,641-1024
train,shiyan/data3/images/train/3574.jpg,3574,3574,.jpg,800,800,RGB,299486,a626d587a7cfb7235899fe76c17782c1fa2c27cb9dd04518e007c586e89f0646,True,ok,641-1024
train,shiyan/data3/images/train/3575.jpg,3575,3575,.jpg,800,800,RGB,376055,c7e48e9664e83b83589359342b311a769f196b33474815e8712cddebd2c653a0,True,ok,641-1024
train,shiyan/data3/images/train/3576.jpg,3576,3576,.jpg,800,800,RGB,300949,79db4563b569adde47e238fb7c0690242de4b0cbb6362662e2ef161a27d425e8,True,ok,641-1024
train,shiyan/data3/images/train/3577.jpg,3577,3577,.jpg,800,800,RGB,284206,2f537b8a7a2e639401d4161c2346eb1838c0e704c4f27d3d79760f8d66409f45,True,ok,641-1024
train,shiyan/data3/images/train/3578.jpg,3578,3578,.jpg,743,708,RGBA,925089,04b8c9fce968d40c28523f351935eb0b14b5181b0efc515cb8e7005e43b3cf91,True,ok,641-1024
train,shiyan/data3/images/train/3579.jpg,3579,3579,.jpg,800,800,RGB,355297,b1592b860d50f1e8de1b64cb114e92cbd4b71668558d0499fe155e1471280f01,True,ok,641-1024
train,shiyan/data3/images/train/3580.jpg,3580,3580,.jpg,800,800,RGB,274713,461c29bebd13632220ae08d434e79dc210a2496dbae0866fb03becf5c70f3503,True,ok,641-1024
train,shiyan/data3/images/train/3581.jpg,3581,3581,.jpg,800,800,RGB,272802,e3c89d6fae44c01d522d2eb68f99b4054a011ebd285bc668221a06f696f99842,True,ok,641-1024
train,shiyan/data3/images/train/3582.jpg,3582,3582,.jpg,800,800,RGB,342228,39be2b85ff2bd727106727b44d4f3cdb405200e31556c99fc6bcc088e1f92f67,True,ok,641-1024
train,shiyan/data3/images/train/3583.jpg,3583,3583,.jpg,800,800,RGB,255533,ce4682b98e27bfbc2edad46715121bbc3200b797ba15604ed2754073000012b2,True,ok,641-1024
train,shiyan/data3/images/train/3584.jpg,3584,3584,.jpg,800,800,RGB,381553,e768dec9bbea8f7d4960df3157b7290e055f688b916770cb72148bd05fbd49c2,True,ok,641-1024
train,shiyan/data3/images/train/3585.jpg,3585,3585,.jpg,800,800,RGB,332727,c01400008dfc0b560c610babda298ff5c3e0f3ec360ca5eae275ae966779e5e1,True,ok,641-1024
train,shiyan/data3/images/train/3586.jpg,3586,3586,.jpg,800,800,RGB,422766,6bb8f46eb5aa3f0d56ca1faee75d7ae6c8474c8b9224eed8961d2b9dbc75d543,True,ok,641-1024
train,shiyan/data3/images/train/3587.jpg,3587,3587,.jpg,810,720,RGBA,1060305,312ff08836164b98e16cc86597a6a11921343252dd66e298d39db9c732c93002,True,ok,641-1024
train,shiyan/data3/images/train/3588.jpg,3588,3588,.jpg,800,800,RGB,281841,0b7f88316e6ae792f6f48962a41b66fc3f5cc2e8ea55a38a1bc9e2adb4c71c3b,True,ok,641-1024
train,shiyan/data3/images/train/3589.jpg,3589,3589,.jpg,800,800,RGB,379443,dbb88e6c7b2d80505d0528c2b6d4cd06a4a43a11e522a8949c72e7ad0527c414,True,ok,641-1024
train,shiyan/data3/images/train/3590.jpg,3590,3590,.jpg,800,800,RGB,285425,7a04fbc2e8282e29102bf5bf4e6cf849d87254c79aee2c6e376c0d03eb3e37f3,True,ok,641-1024
train,shiyan/data3/images/train/3591.jpg,3591,3591,.jpg,800,800,RGB,413952,1b6be6e7c6a9c5edcedada7bc900f1ddb1f01cb207df92471c123a0bc4f53db8,True,ok,641-1024
train,shiyan/data3/images/train/3592.jpg,3592,3592,.jpg,800,800,RGB,384462,3d961909d0cf16de8a14e6c97f3bfa0e3d3c51a3597ee8c5f92c99c8c6651fb2,True,ok,641-1024
train,shiyan/data3/images/train/3593.jpg,3593,3593,.jpg,962,676,RGBA,1211306,22655cddeecc753d13e7209e1f9e6879553e91630f17b8344861a86dbc73a9c9,True,ok,641-1024
train,shiyan/data3/images/train/3594.jpg,3594,3594,.jpg,800,800,RGB,335965,e4951239c6c12331b5dc6eb63167a294e27d7bf714ca1b8fd47ac60683acd7e1,True,ok,641-1024
train,shiyan/data3/images/train/3595.jpg,3595,3595,.jpg,800,800,RGB,261992,2756b2741d9ce28a13d82610289f5d613556a48850e48b0cb70670bbb0ea16c4,True,ok,641-1024
train,shiyan/data3/images/train/3596.jpg,3596,3596,.jpg,800,800,RGB,435072,cc88bcee092c4de00719f515fad9db39a9aee25d65d44231eb8ce7dc78e0d252,True,ok,641-1024
train,shiyan/data3/images/train/3597.jpg,3597,3597,.jpg,800,800,RGB,355485,11a3b85a4658e78f5c00caff4599ea42d8e37de6dcd1f38de2c46d9562520a23,True,ok,641-1024
train,shiyan/data3/images/train/3598.jpg,3598,3598,.jpg,800,800,RGB,382888,8a7219c82cfbd861aeb33069982534a974c5c3917e4f6046946d3124b6766929,True,ok,641-1024
train,shiyan/data3/images/train/3599.jpg,3599,3599,.jpg,800,800,RGB,163331,aa7679b1d167e82e68df0880e35c026001d6e4a82ea8296db78241f425dca7b2,True,ok,641-1024
train,shiyan/data3/images/train/3600.jpg,3600,3600,.jpg,800,800,RGB,235811,916c1af5ecb56d763717cb313e2f88bc6612c0ec26afb2738e2a0233476a649a,True,ok,641-1024
train,shiyan/data3/images/train/3601.jpg,3601,3601,.jpg,800,800,RGB,403442,ca6268e165676b8ca6f5b008ca9dcda8243c58ada219d364dbc2e3226737f15a,True,ok,641-1024
train,shiyan/data3/images/train/3602.jpg,3602,3602,.jpg,800,800,RGB,264079,af5a0f54e53cf366cf27469f5ca5d74ac18966552e8f0262778883ec80bc68ef,True,ok,641-1024
train,shiyan/data3/images/train/3603.jpg,3603,3603,.jpg,756,724,RGBA,1021977,f6600cbda657028c39bb1ebedd6b878c3236907061a5061c1a147dc0151be158,True,ok,641-1024
train,shiyan/data3/images/train/3604.jpg,3604,3604,.jpg,800,800,RGB,408322,55f18a949e4d40637ba87496fe8496d9da1b16eae5102631aa3373db7b669cb2,True,ok,641-1024
train,shiyan/data3/images/train/3605.jpg,3605,3605,.jpg,800,800,RGB,362930,175e6651a7a10e4cce3ce3b64b7b3ed076597f77c685f55e34378e9bd7c4453d,True,ok,641-1024
train,shiyan/data3/images/train/3606.jpg,3606,3606,.jpg,800,800,RGB,252663,919d7b00bd41a1de8274d4d317432148321dbc0443e9922d73628dd0d93403da,True,ok,641-1024
train,shiyan/data3/images/train/3607.jpg,3607,3607,.jpg,800,800,RGB,349389,3cb2d3724125c315c55965f24e0dc7067082e8b9e84cacdbf73cbb1c183ec8b3,True,ok,641-1024
train,shiyan/data3/images/train/3608.jpg,3608,3608,.jpg,800,800,RGB,283086,dc6e402b83f9da15bc2bcaa8ba32d2107c1aa35bcaf12b70b071b8f5c1239559,True,ok,641-1024
train,shiyan/data3/images/train/3609.jpg,3609,3609,.jpg,800,800,RGB,398903,083825d8d77f3b66100f887f6563894460ec293aa9ebed88e5ca691192ce3a2e,True,ok,641-1024
train,shiyan/data3/images/train/3610.jpg,3610,3610,.jpg,800,800,RGB,305050,1609a8ca7146eaf7b374fd07e9ffbeec0d9e254f500c4e4b2a2c0ca47fc9c67c,True,ok,641-1024
train,shiyan/data3/images/train/3611.jpg,3611,3611,.jpg,749,661,RGBA,922610,3d77ef6c0cd01e9762fe8fc8c934f432a970ef4c79c90c5d0b5c66bb47e4058f,True,ok,641-1024
train,shiyan/data3/images/train/3612.jpg,3612,3612,.jpg,800,800,RGB,375133,e05ee7d4e949003b46c3abda7486f06143c9b4ba4e5cc4e15cf90f0c3eb03a95,True,ok,641-1024
train,shiyan/data3/images/train/3613.jpg,3613,3613,.jpg,800,800,RGB,313118,8e1436131556d99fd047309193b82d26982f4318ad1eb401b30a02c8ae2c5b53,True,ok,641-1024
train,shiyan/data3/images/train/3614.jpg,3614,3614,.jpg,800,800,RGB,272233,7df1d051c433af2e1b647689255820bdae34f1f5e24f8d3a8e0d58890f681c34,True,ok,641-1024
train,shiyan/data3/images/train/3615.jpg,3615,3615,.jpg,800,800,RGB,352919,e6a41b88e2c2ec22fd964145877212300bd41b0755cfc9f349a70a7810b3b1ae,True,ok,641-1024
train,shiyan/data3/images/train/3616.jpg,3616,3616,.jpg,800,800,RGB,297420,23fba57f9cdb77f521cc2f74326cdb72fa1da9fd52966f1aa33656968c1eb793,True,ok,641-1024
train,shiyan/data3/images/train/3617.jpg,3617,3617,.jpg,800,800,RGB,241335,c70454769a1ae16bc42f9f13ea04e820383322e28c4f66e5e0f9328ddf222819,True,ok,641-1024
train,shiyan/data3/images/train/3618.jpg,3618,3618,.jpg,800,800,RGB,351796,bb81204f93bb09ceeb4d921c935314a65f79f0d74dbfc8972a02a5c6d8d71211,True,ok,641-1024
train,shiyan/data3/images/train/3619.jpg,3619,3619,.jpg,800,800,RGB,249619,87e12f106b11c2a74d9ecf5fe88ab75025af348e2d051afe76dc26319e30d148,True,ok,641-1024
train,shiyan/data3/images/train/3620.jpg,3620,3620,.jpg,800,800,RGB,210639,2d449733f29326e2be18f9df2363bf5675e4431cdb105ca83148c0b6f8521287,True,ok,641-1024
train,shiyan/data3/images/train/3621.jpg,3621,3621,.jpg,734,690,RGBA,750662,0494b22b0c8fe3ed4e6eee70a5be47b3778e8add78413661f08d0ee2fd623972,True,ok,641-1024
train,shiyan/data3/images/train/3622.jpg,3622,3622,.jpg,800,800,RGB,300236,119e053f3d76e1a0d4f5e2e408a01b9c7f80fb1ed8d5944bca1cb1cc3c6453c2,True,ok,641-1024
train,shiyan/data3/images/train/3623.jpg,3623,3623,.jpg,800,800,RGB,303064,48fd68514a158fdb8ef786acd836d1224b355a32387858cdfc067a9ba959bbd6,True,ok,641-1024
train,shiyan/data3/images/train/3624.jpg,3624,3624,.jpg,800,800,RGB,375275,42566c4284504f0c4588e0b15d2fe588783b7a95fedd458c7245518a1312d59b,True,ok,641-1024
train,shiyan/data3/images/train/3625.jpg,3625,3625,.jpg,800,800,RGB,369351,7db3083398f618060dfd3e1a03e6a31ae63558caf1e79b4e89e811f6d3b4f493,True,ok,641-1024
train,shiyan/data3/images/train/3626.jpg,3626,3626,.jpg,800,800,RGB,241497,b22a4808fdd20c4ee9f3f3d56b1641340628644c1a69de2e2700045d93ec2ed9,True,ok,641-1024
train,shiyan/data3/images/train/3627.jpg,3627,3627,.jpg,800,800,RGB,464630,6ef183357a6c2a3117e01013c689dba2f93c9108ede5c66f33d7d01387c158ae,True,ok,641-1024
train,shiyan/data3/images/train/3628.jpg,3628,3628,.jpg,800,800,RGB,451889,d7e7d438366b95d48509545704b9730941c76c03652aeb67ff2b4db4a8f757ed,True,ok,641-1024
train,shiyan/data3/images/train/3629.jpg,3629,3629,.jpg,800,800,RGB,350132,d762276414c91e1283c96ee57b542a5ffd20c6bb1814e391549fdfdbf7fad1a9,True,ok,641-1024
train,shiyan/data3/images/train/3630.jpg,3630,3630,.jpg,800,800,RGB,222144,14100be1566d7e57a62c7ca2405b29591c2201424c87801a3d1331dd707dc8a0,True,ok,641-1024
train,shiyan/data3/images/train/3631.jpg,3631,3631,.jpg,800,800,RGB,272831,2162f4e8e54c7b1136a8bd25588953a4e506b00600a171920a0b40a4f4ed3398,True,ok,641-1024
train,shiyan/data3/images/train/3632.jpg,3632,3632,.jpg,800,800,RGB,235370,b0588bd4fc24e977cb336de2d351bf8a013845ea64f722addf7fb173510a0034,True,ok,641-1024
train,shiyan/data3/images/train/3633.jpg,3633,3633,.jpg,800,800,RGB,356440,5552fc1f077407850fbd99f05db21b35f0c363035cdc8b443f8280fd11a92d8b,True,ok,641-1024
train,shiyan/data3/images/train/3634.jpg,3634,3634,.jpg,800,800,RGB,366926,236cdae422ba9317fa8d1812dce32d94d659ae5a3b17c68026bc1192b261fdab,True,ok,641-1024
train,shiyan/data3/images/train/3635.jpg,3635,3635,.jpg,800,800,RGB,334087,05f2f1d21510ee69737c643f5f3c547f1599abe5ceafebd6440e594c63356a44,True,ok,641-1024
train,shiyan/data3/images/train/3636.jpg,3636,3636,.jpg,800,800,RGB,374759,830acaa98d857c2870a3eebb0848ed216ce059e9d8c13819e613edc0e7d0f3e0,True,ok,641-1024
train,shiyan/data3/images/train/3637.jpg,3637,3637,.jpg,800,800,RGB,214275,a37dd97d5af7b75b875b8f259cbf5df37bb7c27e0aa8099be0dfdeed29bc1021,True,ok,641-1024
train,shiyan/data3/images/train/3638.jpg,3638,3638,.jpg,800,800,RGB,320210,aeec5a29edde1c802f98851eecc3e214fc87aa76ccd6394b3b6d9780101fa856,True,ok,641-1024
train,shiyan/data3/images/train/3639.jpg,3639,3639,.jpg,758,661,RGBA,927859,4e38352543bef7cb8851503e7b7981aefd0c72b1e34354219cd7f5a0b41ca744,True,ok,641-1024
train,shiyan/data3/images/train/3640.jpg,3640,3640,.jpg,800,800,RGB,315780,cbcd83a162c7fff20ebf1122bbabd6511f6fb8047945e16eb9da73bfdd24d9aa,True,ok,641-1024
train,shiyan/data3/images/train/3641.jpg,3641,3641,.jpg,800,800,RGB,278251,09edf3c69e2c827fb501ada4bc33507161769154add7d75173d25ca398894931,True,ok,641-1024
train,shiyan/data3/images/train/3642.jpg,3642,3642,.jpg,800,800,RGB,401219,8512c925a8943e3a5c8db47166d553d0e7ff10eef6cdad205362871dc5d8cc98,True,ok,641-1024
train,shiyan/data3/images/train/3643.jpg,3643,3643,.jpg,800,800,RGB,382728,3de65facda181110bb0e53a3243540fd464590bc0bb214b3cf4c7d321619add7,True,ok,641-1024
train,shiyan/data3/images/train/3644.jpg,3644,3644,.jpg,800,800,RGB,260327,3b036c1f9a8148933cee39dac7f389952d1098a6d85e1675433525ad5fb9dfb5,True,ok,641-1024
train,shiyan/data3/images/train/3645.jpg,3645,3645,.jpg,800,800,RGB,376342,faeeef4f84a2398e1b26c2a64a0c982fdcff8e4561fd261cdedfdb202daeba9c,True,ok,641-1024
train,shiyan/data3/images/train/3646.jpg,3646,3646,.jpg,800,800,RGB,304838,f283c741c3e8c69296fd6d4db5c280c6cbf38da5add06b592ba927a80d29a129,True,ok,641-1024
train,shiyan/data3/images/train/3647.jpg,3647,3647,.jpg,800,800,RGB,265656,6f74fd02ba8e83af6cc50243ff6d27b010452fa5b823cbc8ca590674f1402986,True,ok,641-1024
train,shiyan/data3/images/train/3648.jpg,3648,3648,.jpg,749,687,RGBA,967388,0c99da378e77dbdf7ede176195bea10cc0c7f4c48924c80a3478ef734c431b24,True,ok,641-1024
train,shiyan/data3/images/train/3649.jpg,3649,3649,.jpg,800,800,RGB,361515,8b567e7bda6839ce81fa95166e6171d1db27be19a9bafad63539cb30acf92a67,True,ok,641-1024
train,shiyan/data3/images/train/3650.jpg,3650,3650,.jpg,800,800,RGB,228061,698355c40c5cd21050c333cdf2de1399775a658b7479609db020d3a140eae439,True,ok,641-1024
train,shiyan/data3/images/train/3651.jpg,3651,3651,.jpg,800,800,RGB,370250,469da5aa3780179207eb875184e7309dca3de18db6e7f8781c4f88a2ec07bac4,True,ok,641-1024
train,shiyan/data3/images/train/3652.jpg,3652,3652,.jpg,800,800,RGB,356832,becdf78862b65accdbdaecf7d93d59dd37631b58bd20e1c18db976f6acc0a377,True,ok,641-1024
train,shiyan/data3/images/train/3653.jpg,3653,3653,.jpg,800,800,RGB,363239,bc7a56bf70c0dfa31c2c46925ac794da31664c4267bb29b527808e1faeb458b6,True,ok,641-1024
train,shiyan/data3/images/train/3654.jpg,3654,3654,.jpg,800,800,RGB,326438,c97b1d333c0c4855b0c7abc8d0ae5fc0f3a5fa8f8fa520e8a61b99e4b5683705,True,ok,641-1024
train,shiyan/data3/images/train/3655.jpg,3655,3655,.jpg,800,800,RGB,200998,e37190e25b8b3f8a9df61af5825411302f826f1dc48bdc58de1763c604c5729c,True,ok,641-1024
train,shiyan/data3/images/train/3656.jpg,3656,3656,.jpg,800,800,RGB,395171,34bd5529f0fc5248bf92e6cd7a6fc511c2d1d7a6b58035d2c00d45e17802a059,True,ok,641-1024
train,shiyan/data3/images/train/3657.jpg,3657,3657,.jpg,800,800,RGB,354070,5b1a4ea85202b1daec9ba229bdd7d1e64a727ca57f4b97066550c35f8575831d,True,ok,641-1024
train,shiyan/data3/images/train/3658.jpg,3658,3658,.jpg,738,673,RGBA,417301,a96be7a7d964c3a2031aa22bd24e9366c09242f24114db356fcad719eef09dcf,True,ok,641-1024
train,shiyan/data3/images/train/3659.jpg,3659,3659,.jpg,800,800,RGB,213608,c675820f50ab86ded6519565bca66cbc1098a48a73d78fe9770f5fa16b29deb1,True,ok,641-1024
train,shiyan/data3/images/train/3660.jpg,3660,3660,.jpg,800,800,RGB,236472,e11c8c5a23a6927b1718101e1b2a5afa7661c59c1c26959d4b5f472fed4fd139,True,ok,641-1024
train,shiyan/data3/images/train/3661.jpg,3661,3661,.jpg,800,800,RGB,342243,6f03d9f3a551f51867fa70461276afc406367636fa3358bcc4df73d9b8d62bdd,True,ok,641-1024
train,shiyan/data3/images/train/3662.jpg,3662,3662,.jpg,800,800,RGB,404534,2dc30d014c3cdf407260922d0a0c9963d1949a38c337ef81b6c2a0f58f51c1dd,True,ok,641-1024
train,shiyan/data3/images/train/3663.jpg,3663,3663,.jpg,800,800,RGB,623005,ba640159e40871527916941a1c17a0ab14712a28554f5517ffad31fe065d8b71,True,ok,641-1024
train,shiyan/data3/images/train/3664.jpg,3664,3664,.jpg,800,800,RGB,310317,0e346292484e8ee6208af813401f81e9be45d70d5d041bc83f142c90a1f60eb7,True,ok,641-1024
train,shiyan/data3/images/train/3665.jpg,3665,3665,.jpg,800,800,RGB,342863,6b03f218cf686f04c3d5d4d2b305171ea5572d28a5cca375b10170bab7e68f1e,True,ok,641-1024
train,shiyan/data3/images/train/3666.jpg,3666,3666,.jpg,800,800,RGB,398683,a13a32a1e22d8dbe95c2c492c8718cebde866e59bc238ff8a3b7d7ebd4298cac,True,ok,641-1024
train,shiyan/data3/images/train/3667.jpg,3667,3667,.jpg,800,800,RGB,407430,93dec2c835f23568a2a0fcbb90b1f24870b7d04cea26554444b4748f194622d8,True,ok,641-1024
train,shiyan/data3/images/train/3668.jpg,3668,3668,.jpg,800,800,RGB,420506,9bb446fa9353f9cb9c86e82c291d804cd7f857bdf2d20829b5890bf73d27e052,True,ok,641-1024
train,shiyan/data3/images/train/3669.jpg,3669,3669,.jpg,800,800,RGB,203573,5cd462959d79f898651d042947a705118d4f2e2e892e158d0eab5750f6d0166e,True,ok,641-1024
train,shiyan/data3/images/train/3670.jpg,3670,3670,.jpg,800,800,RGB,240353,d27c4f1fa6217ebf936bf89bdc8ffd07b656f2eb0591b9767f1d15846ebed268,True,ok,641-1024
train,shiyan/data3/images/train/3671.jpg,3671,3671,.jpg,800,800,RGB,337434,823ba005e01a565d1805c79e4c4caf62be291150c3afb00e34406d2702046198,True,ok,641-1024
train,shiyan/data3/images/train/3672.jpg,3672,3672,.jpg,800,800,RGB,359118,8325be114d770e3346ecdf110b577c4375d6300c723c6630ac3aa26880d7b0ba,True,ok,641-1024
train,shiyan/data3/images/train/3673.jpg,3673,3673,.jpg,800,800,RGB,327937,c2b5d3b113ab09e1736c462d6e62f5616c7c96390de23bf79739e5700f3c8a63,True,ok,641-1024
train,shiyan/data3/images/train/3674.jpg,3674,3674,.jpg,800,800,RGB,295275,a4824a7edd65e1fab7df317990e5e454fa67c78e236fde7fce76fd0f63787e14,True,ok,641-1024
train,shiyan/data3/images/train/3675.jpg,3675,3675,.jpg,800,800,RGB,457156,0ab8ad00515e06edc50f61052727adf719c7a9eeae56bb20881905088f980d5c,True,ok,641-1024
train,shiyan/data3/images/train/3676.jpg,3676,3676,.jpg,800,800,RGB,346233,d3846807dffa10ad4a70ffd2bdfa4b5837ab3dcd047e8645e5dbb077eac6521d,True,ok,641-1024
train,shiyan/data3/images/train/3677.jpg,3677,3677,.jpg,800,800,RGB,293068,7f989fe6699ae344752601d0011b5075cb6a52a9f54d0f9c93e7e653a7f1c729,True,ok,641-1024
train,shiyan/data3/images/train/3678.jpg,3678,3678,.jpg,800,800,RGB,314918,9cb7a3f65f422d03a75bacc81c930dfbc0398b645177467559c6f059330e025a,True,ok,641-1024
train,shiyan/data3/images/train/3679.jpg,3679,3679,.jpg,800,800,RGB,346263,acc1b6b7527aad61cf7e26850e15940c2f4dc593e41e5853ba891bfc2f41f28b,True,ok,641-1024
train,shiyan/data3/images/train/3680.jpg,3680,3680,.jpg,800,800,RGB,322520,952da5ce63b14d9b531779abbd113e64cf44916f45663fd21174b7ff0895f1b8,True,ok,641-1024
train,shiyan/data3/images/train/3681.jpg,3681,3681,.jpg,800,800,RGB,202908,c2ed172f7da6fe3496862d19c6b3b182d656e55e47a6faf433cb8c561130b913,True,ok,641-1024
train,shiyan/data3/images/train/3682.jpg,3682,3682,.jpg,800,800,RGB,390390,42073203f9d245c2cede674230648d9709aa12deba77eb1ff0410be0761b709d,True,ok,641-1024
train,shiyan/data3/images/train/3683.jpg,3683,3683,.jpg,800,800,RGB,229403,54fb210567c3c8012669c099dfbb711b01becc4ee96f35d90d44d883a3823855,True,ok,641-1024
train,shiyan/data3/images/train/3684.jpg,3684,3684,.jpg,800,800,RGB,251068,aa48d1d52de657af4a9287bb1019fee89b0965fbccff2d4c91a3311ba0a1db6e,True,ok,641-1024
train,shiyan/data3/images/train/3685.jpg,3685,3685,.jpg,800,800,RGB,337701,ba60393cfbf4c1c7002e30dd2df1edd7ae8a1593d812ca9ce0d97fc69b259c65,True,ok,641-1024
train,shiyan/data3/images/train/3686.jpg,3686,3686,.jpg,800,800,RGB,243001,9a8c5672b8fd669ea2a2ecdfe41e6a31f0738712ca7f0ef383e146d441d83dc5,True,ok,641-1024
train,shiyan/data3/images/train/3687.jpg,3687,3687,.jpg,866,748,RGBA,764338,ced6fc0db6dc5ccf7625ab4e1447e04fae2b34c3742d1fa76d1e42d8b7d20db0,True,ok,641-1024
train,shiyan/data3/images/train/3688.jpg,3688,3688,.jpg,800,800,RGB,398049,7290ad3cf7ff58eb991c01925d2557f736afa382d6eb6420a065d42f031fe07c,True,ok,641-1024
train,shiyan/data3/images/train/3689.jpg,3689,3689,.jpg,800,800,RGB,207529,cd91dbeca89c06e33062db5433f786be014bcdb99787ff46ab0ad1d19d9f6688,True,ok,641-1024
train,shiyan/data3/images/train/3690.jpg,3690,3690,.jpg,800,800,RGB,394491,dd19d18173e2299686eead8f5bbd77e52b4ef1891ba3ca5d3bb92694cb02460b,True,ok,641-1024
train,shiyan/data3/images/train/3691.jpg,3691,3691,.jpg,800,800,RGB,347513,37e5b9455b9708759c49c87db8a21dd87a91cb4bdbe518be461aa34ca9b6e837,True,ok,641-1024
train,shiyan/data3/images/train/3692.jpg,3692,3692,.jpg,800,800,RGB,407324,bab6495e742d2d739769bdf102b5d7040eb695505516d6be2375745476d754dd,True,ok,641-1024
train,shiyan/data3/images/train/3693.jpg,3693,3693,.jpg,800,800,RGB,458086,3fc23efec77180d2881bdac6dec612b81fff3ccf44a46eea4f9cf78f05f20f3f,True,ok,641-1024
train,shiyan/data3/images/train/3694.jpg,3694,3694,.jpg,800,800,RGB,312606,9912b89caab495cc80776fa32da51014263fef92c40544afc263948c67d019c1,True,ok,641-1024
train,shiyan/data3/images/train/3695.jpg,3695,3695,.jpg,800,800,RGB,435533,686e2e71655337264a7d1434cdc6e775e265fa2436137d63db8e42e09eebdcf0,True,ok,641-1024
train,shiyan/data3/images/train/3696.jpg,3696,3696,.jpg,800,800,RGB,422114,ddca3a90e4f3af5ce018fa95a6df3900f987d41550a2533caca8595f6121a635,True,ok,641-1024
train,shiyan/data3/images/train/3697.jpg,3697,3697,.jpg,800,800,RGB,307511,a5e5ec870e9db6be1a7bd9927314c5e468f04b52346959897f61b3187e173682,True,ok,641-1024
train,shiyan/data3/images/train/3698.jpg,3698,3698,.jpg,800,800,RGB,314625,ce860b7871a64d5b3a9cb45a3368a7a445f21079850e6261acdb6fbef65938ba,True,ok,641-1024
train,shiyan/data3/images/train/3699.jpg,3699,3699,.jpg,800,800,RGB,347932,4379de2c502e023eace542bf086c50eb2c7f3d4210953ffa8e45aa9b589cea71,True,ok,641-1024
train,shiyan/data3/images/train/3700.jpg,3700,3700,.jpg,800,800,RGB,255264,878b6a2ec3da1d6ad6895bc994e1e376060ecd6bf979a721e26cbebe67a4308f,True,ok,641-1024
train,shiyan/data3/images/train/3701.jpg,3701,3701,.jpg,800,800,RGB,380512,d547017992171a59e2d4677704ddcdeec7a9028cecdf089567ba3d9710716d0b,True,ok,641-1024
train,shiyan/data3/images/train/3702.jpg,3702,3702,.jpg,800,800,RGB,363134,814ef66e76ff8d7ddceb32bc1b8bdeb5414aee706d18940410cff609a3bb0f24,True,ok,641-1024
train,shiyan/data3/images/train/3703.jpg,3703,3703,.jpg,786,685,RGBA,723459,2b4f75a6aae447e576db2a9fa4d042e56a75063acca8407112ff01dfd9e1f7f7,True,ok,641-1024
train,shiyan/data3/images/train/3704.jpg,3704,3704,.jpg,800,800,RGB,258574,3be3ac506df31e96c6fc1ec0db7734f1afc3d54eb88f84df92f1f1607c0dc160,True,ok,641-1024
train,shiyan/data3/images/train/3705.jpg,3705,3705,.jpg,800,800,RGB,311223,b97318fd9ff6905ad059dd6e77188dcb505adceacc538a950a99b79f2163294b,True,ok,641-1024
train,shiyan/data3/images/train/3706.jpg,3706,3706,.jpg,800,800,RGB,350884,b3dc1d7a889c148ef88fd2d0d10f18d68f82d4ddcd2f2d7c3b53142c8d4b8f84,True,ok,641-1024
train,shiyan/data3/images/train/3707.jpg,3707,3707,.jpg,800,800,RGB,232506,97ed76e963c4b9cf62ec7d16d6e60df857fe54111c16dac03971e5336febcf0b,True,ok,641-1024
train,shiyan/data3/images/train/3708.jpg,3708,3708,.jpg,800,800,RGB,286309,4ec2cb5be336c5623c42cd95a39d05f18290b3a8eb58259abbf7280e9998d5b3,True,ok,641-1024
train,shiyan/data3/images/train/3709.jpg,3709,3709,.jpg,800,800,RGB,324245,9938a709e6f9f4ee598d3041d9d71f07a94449e005309828690f587c7322909e,True,ok,641-1024
train,shiyan/data3/images/train/3710.jpg,3710,3710,.jpg,800,800,RGB,289392,f65d20740e2db4301347e048a2b9b85092b5ee53244c0dce16365ec06e208c6b,True,ok,641-1024
train,shiyan/data3/images/train/3711.jpg,3711,3711,.jpg,800,800,RGB,435149,9d389c7db7aeda68cffb97ea475787ba41cd6709e2fdaf0ebbdb0e62befdd466,True,ok,641-1024
train,shiyan/data3/images/train/3712.jpg,3712,3712,.jpg,800,800,RGB,438809,f776fa6b0477c7f965b4b478c696496e3be7e3a08d73be3866d27150ad891810,True,ok,641-1024
train,shiyan/data3/images/train/3713.jpg,3713,3713,.jpg,800,800,RGB,344424,e174cfb6648e6f5871c3c8233567b3f089ede2ca30563bbc3469fc42fe3b222e,True,ok,641-1024
train,shiyan/data3/images/train/3714.jpg,3714,3714,.jpg,800,800,RGB,320853,3d436a5d05ed773effcc3921a04220a674878089d62cd18fdfc7be045f19aa3f,True,ok,641-1024
train,shiyan/data3/images/train/3715.jpg,3715,3715,.jpg,800,800,RGB,443706,a62066354b4db59fd5021dca4833a4f0133a44aba1173ba27c069a3e52b1d7de,True,ok,641-1024
train,shiyan/data3/images/train/3716.jpg,3716,3716,.jpg,800,800,RGB,225199,afd88abfc7597af31c5a65386c0f0f7d16aac6cf14475f9657998c2500d2d2c4,True,ok,641-1024
train,shiyan/data3/images/train/3717.jpg,3717,3717,.jpg,800,800,RGB,440930,97e4eb055573dbe9e4ed9d15965396dfbc77af0a527efed79c0371fe2473594f,True,ok,641-1024
train,shiyan/data3/images/train/3718.jpg,3718,3718,.jpg,800,800,RGB,259885,e5808edab21bbcfc7ecdfddae5ba39ed37e8ede3f002278ae226f7353bb87dad,True,ok,641-1024
train,shiyan/data3/images/train/3719.jpg,3719,3719,.jpg,800,800,RGB,378816,922f474ccfac5b073a8676a3ceee0d6729def1ad59d70a77fe737b6242b0035c,True,ok,641-1024
train,shiyan/data3/images/train/3720.jpg,3720,3720,.jpg,800,800,RGB,274987,12c5a0bc4524736ec54c3ec45abf82a51d036d85123e9f35ea5472229f4b3ec5,True,ok,641-1024
train,shiyan/data3/images/train/3721.jpg,3721,3721,.jpg,800,800,RGB,285781,61f7f2cef27707017562554a0a72eb157a798973f33a1dff0e937d29da3190b5,True,ok,641-1024
train,shiyan/data3/images/train/3722.jpg,3722,3722,.jpg,800,800,RGB,430987,d2feeca45375d16824e7707805dc12cb2aaf7595c40d27f356f4b3e6c4036506,True,ok,641-1024
train,shiyan/data3/images/train/3723.jpg,3723,3723,.jpg,800,800,RGB,422825,af1f5dcff4a5f690f459f6193e2bccd00b24a91f974c8c47424ff866c10653e8,True,ok,641-1024
train,shiyan/data3/images/train/3724.jpg,3724,3724,.jpg,800,800,RGB,238005,898c110668c91112b2a54916e2f7f6931ff1fa371185fedadf45ce50688ea909,True,ok,641-1024
train,shiyan/data3/images/train/3725.jpg,3725,3725,.jpg,800,800,RGB,388858,3ae22cbd55739b5666e5c68a37427f23867cc7e3f2afa253674d6aaabf0a0681,True,ok,641-1024
train,shiyan/data3/images/train/3726.jpg,3726,3726,.jpg,800,800,RGB,410666,d4072e733b96a4fe3b7ffd1da11f814290e284ad9ea25fbd23e583ba643f62fd,True,ok,641-1024
train,shiyan/data3/images/train/3727.jpg,3727,3727,.jpg,800,800,RGB,351967,aae21490a3917ea4054e543a7a1f15a148c946114d0b29adbf1e11ab14bdb4ff,True,ok,641-1024
train,shiyan/data3/images/train/3728.jpg,3728,3728,.jpg,800,800,RGB,548368,1f530eed4d2d77eca53f7ce7ce666a294fbd8b264901a9b1e85acedad98e3bb1,True,ok,641-1024
train,shiyan/data3/images/train/3729.jpg,3729,3729,.jpg,800,800,RGB,190759,2abd670262958852d222d865e00fe60f7fbc1446803e40bfecf0e4f735da361f,True,ok,641-1024
train,shiyan/data3/images/train/3730.jpg,3730,3730,.jpg,800,800,RGB,404836,30eb3d392bf54038e8237ff240cd25ef84b02c41d07ef460c40b4c0eb27cecd4,True,ok,641-1024
train,shiyan/data3/images/train/3731.jpg,3731,3731,.jpg,800,800,RGB,229747,28047fbddd115885319cd627262b9a060534571290fce43a3e2f009865cd2513,True,ok,641-1024
train,shiyan/data3/images/train/3732.jpg,3732,3732,.jpg,800,800,RGB,391415,5c15b3321340a6aabec2efe70e5e1ecc1652a38d188dd27a2da3a6e2f4c0987a,True,ok,641-1024
train,shiyan/data3/images/train/3733.jpg,3733,3733,.jpg,800,800,RGB,311691,aea6f31d2bdc9b5a7b31af51fcc6e6586e91915ff522d08d8d14d8cc974143bb,True,ok,641-1024
train,shiyan/data3/images/train/3734.jpg,3734,3734,.jpg,800,800,RGB,346430,2b0dcba84f9ea72dd151b263bc422fa66e62ff50ea278a546a1e00fd46b17706,True,ok,641-1024
train,shiyan/data3/images/train/3735.jpg,3735,3735,.jpg,800,800,RGB,385631,64cc943fe679c88f9791c6c715bf63a732a8581c483fc6b56770ea06485b05aa,True,ok,641-1024
train,shiyan/data3/images/train/3736.jpg,3736,3736,.jpg,800,800,RGB,396531,4f3b9686c0e7f01b2724292eb1637309a43172975f395263fe81aa4361631959,True,ok,641-1024
train,shiyan/data3/images/train/3737.jpg,3737,3737,.jpg,800,800,RGB,365241,2d90212195962a94d10890b481b074bd794e57c7c75c4f9b70005929560f90b3,True,ok,641-1024
train,shiyan/data3/images/train/3738.jpg,3738,3738,.jpg,800,800,RGB,250222,05e41594e71803ccf7d80912ce20d88aa9724ab668a290c693e9041519dfca11,True,ok,641-1024
train,shiyan/data3/images/train/3739.jpg,3739,3739,.jpg,800,800,RGB,359550,c0a9b4eafb8a1495bd09b23cddde22a7927bb5e338e20a285b91e20a08e38254,True,ok,641-1024
train,shiyan/data3/images/train/3740.jpg,3740,3740,.jpg,800,800,RGB,393273,528c18d1c3550cf5fb520dba0354e337ac7c6beaeae5ff897f7579e30aeba9e4,True,ok,641-1024
train,shiyan/data3/images/train/3741.jpg,3741,3741,.jpg,800,800,RGB,352188,d57e68072fbfa124718649eb2020496d5c7748931f98aa84b8d85c3fd485afc0,True,ok,641-1024
train,shiyan/data3/images/train/3742.jpg,3742,3742,.jpg,800,800,RGB,168438,776597775e9f59a134174fe515e9072ee37367d1cae5643bf10b6baccdcc817a,True,ok,641-1024
train,shiyan/data3/images/train/3743.jpg,3743,3743,.jpg,800,800,RGB,201267,3246348343186f213726578e73eebbb59d803ceffdf9ce24500b9612bd4922cb,True,ok,641-1024
train,shiyan/data3/images/train/3744.jpg,3744,3744,.jpg,800,800,RGB,463606,cb511a1548b1ab71a004f575301f5740474ef711198de5dabd8724778430d1c3,True,ok,641-1024
train,shiyan/data3/images/train/3745.jpg,3745,3745,.jpg,800,800,RGB,186341,c92088d381b642bf84414ad2c8dc131cc3dc4ccaf76db44d99fee0f581e8982e,True,ok,641-1024
train,shiyan/data3/images/train/3746.jpg,3746,3746,.jpg,800,800,RGB,355028,9cfdd95847079efc798bd32e62bd85de934bf98a18cfb629b56e89afa6bc0415,True,ok,641-1024
train,shiyan/data3/images/train/3747.jpg,3747,3747,.jpg,800,800,RGB,336718,497aa1c69da6e5ab3cd3bf12e8410f7a3d66a201af9f7b0e7866c2851f70912f,True,ok,641-1024
train,shiyan/data3/images/train/3748.jpg,3748,3748,.jpg,800,800,RGB,265209,02f1a5b0d19b11a91aac2b51c31e5d38eeb2019430f479711ce4b64820e78374,True,ok,641-1024
train,shiyan/data3/images/train/3749.jpg,3749,3749,.jpg,800,800,RGB,285798,54f1f8362309f7be5d6bf965e3770b1fcbde42ac77cada929ab73cefab47a773,True,ok,641-1024
train,shiyan/data3/images/train/3750.jpg,3750,3750,.jpg,800,800,RGB,314754,e385446469a51c2a1bab42118764ffc3a25d2684d3a7c36af8bad02cdfb8902f,True,ok,641-1024
train,shiyan/data3/images/train/3751.jpg,3751,3751,.jpg,800,800,RGB,237670,31d03113e77667c48f66c07492fb87ee6c377b46ec391b45b4e07c60bd5d12fa,True,ok,641-1024
train,shiyan/data3/images/train/3752.jpg,3752,3752,.jpg,800,800,RGB,222815,e486d5befa6ad1a9ccf34d947bfccdb4ea864ee2d21b66c5a6dea6851841c9a9,True,ok,641-1024
train,shiyan/data3/images/train/3753.jpg,3753,3753,.jpg,800,800,RGB,288264,e7b2de112ff3e6c10a5d5bdd79c185b6c889caa3f965c5105c353b78202cacd7,True,ok,641-1024
train,shiyan/data3/images/train/3754.jpg,3754,3754,.jpg,799,750,RGBA,761774,92eb7e89e7f6fa09378824e233e2cc409112045932bac22b2677160159aa6c2f,True,ok,641-1024
train,shiyan/data3/images/train/3755.jpg,3755,3755,.jpg,800,800,RGB,428365,b1b84374adffea814297b6950c7fe3fdc4344fd8157a2215aa97decab78ae3db,True,ok,641-1024
train,shiyan/data3/images/train/3756.jpg,3756,3756,.jpg,800,800,RGB,339812,25f5276c815f3f18459bdd61f7867004276140e91670fd4c64cff414de6087a1,True,ok,641-1024
train,shiyan/data3/images/train/3757.jpg,3757,3757,.jpg,800,800,RGB,272243,2011bc6f2f084b33b6ad6687f95097885117702d7e5d144fc1eec0960d6aa233,True,ok,641-1024
train,shiyan/data3/images/train/3758.jpg,3758,3758,.jpg,800,800,RGB,210751,9cc961b2602c8661c29a38f38c9d1c3dc929ef7c2eda84030cde8771f65dc1fa,True,ok,641-1024
train,shiyan/data3/images/train/3759.jpg,3759,3759,.jpg,800,800,RGB,302056,248eb75f0562db12ac0e1fe0284cb2d743029241db5351f1345a18d4627a628a,True,ok,641-1024
train,shiyan/data3/images/train/3760.jpg,3760,3760,.jpg,800,800,RGB,413813,1262281d629337eb554a71cc89e004d59de2b54d0b72f86b51bdb60981871d50,True,ok,641-1024
train,shiyan/data3/images/train/3761.jpg,3761,3761,.jpg,800,800,RGB,471376,94292fdd49116369f2caa078a62024faa7c4fea8b0d95c50e2bebd9d150511c7,True,ok,641-1024
train,shiyan/data3/images/train/3762.jpg,3762,3762,.jpg,800,800,RGB,370223,c30a16a710baf5faa45875c6410fb43ca980b4ce13da4e1e64ae69c310ad4b57,True,ok,641-1024
train,shiyan/data3/images/train/3763.jpg,3763,3763,.jpg,800,800,RGB,310574,3d5facf06f82c9ab8ef9565623293c2f03ba529f60b870ee8fee03817be95cc6,True,ok,641-1024
train,shiyan/data3/images/train/3764.jpg,3764,3764,.jpg,800,800,RGB,354510,e263a5faf90cc789ab2f7f177cd9e4e9921674c005e8886bde52e59bf9740d39,True,ok,641-1024
train,shiyan/data3/images/train/3765.jpg,3765,3765,.jpg,921,898,RGB,97192,cb0557056495cb9bc22896e82aa527ed28bb57241a9eb9f8b12234b42d7f6b2e,True,ok,641-1024
train,shiyan/data3/images/train/3766.jpg,3766,3766,.jpg,800,800,RGB,405500,10af50722aca4f4d39a90fd8afdec5faa36866eb5fff5a7e139dfa0f0ed2839c,True,ok,641-1024
train,shiyan/data3/images/train/3767.jpg,3767,3767,.jpg,800,800,RGB,263185,0255d9481f490730b892aef92d0eb21963985e51e2dd340a72a4c5b8306d0fa3,True,ok,641-1024
train,shiyan/data3/images/train/3768.jpg,3768,3768,.jpg,800,800,RGB,282091,c4f5c21cd55148582a50f6fc9c6f8d545aeb270dd5bc3565ea084a4418673d99,True,ok,641-1024
train,shiyan/data3/images/train/3769.jpg,3769,3769,.jpg,800,800,RGB,222626,0efd9163a3eb367bad9abe6ecba186af9605f038e6b0e59d50a836d95810c3e0,True,ok,641-1024
train,shiyan/data3/images/train/3770.jpg,3770,3770,.jpg,800,800,RGB,262344,90d9dc5df0fef5662af713c2b64582767ea5adfc990a558aa5b066fbbcb38c8e,True,ok,641-1024
train,shiyan/data3/images/train/3771.jpg,3771,3771,.jpg,800,800,RGB,209521,ede142e58f954d985f14529cd096a644f5776b03c7d3ac12c07999b040424004,True,ok,641-1024
train,shiyan/data3/images/train/3772.jpg,3772,3772,.jpg,800,800,RGB,262512,7c51e63e92c1dd80930af7a3c39fac9ae806c88a15fe905906d5a8c401866d5a,True,ok,641-1024
train,shiyan/data3/images/train/3773.jpg,3773,3773,.jpg,800,800,RGB,394254,d2977348b3557e3b2c29a385a339f8cf6f45732875bd213f25a5c1342ad7c9b0,True,ok,641-1024
train,shiyan/data3/images/train/3774.jpg,3774,3774,.jpg,700,739,RGBA,698759,8e6c8f47b011a1edcb7ccc035ed71185fcd8201644ad0656bf406a644089e334,True,ok,641-1024
train,shiyan/data3/images/train/3775.jpg,3775,3775,.jpg,800,800,RGB,358101,4ee598849abe3ff47d8082781ad1e43b1b633100be6b20a61f03a7884583396d,True,ok,641-1024
train,shiyan/data3/images/train/3776.jpg,3776,3776,.jpg,800,800,RGB,341371,d7104a5606e4f632defae031339642557ecc0a08bd381dd7072b2b55efea3b22,True,ok,641-1024
train,shiyan/data3/images/train/3777.jpg,3777,3777,.jpg,800,800,RGB,307380,e14bb6d5249dac2a65435994382c7f53353a6f3c0f7ad68da7cbf96f4508c8f1,True,ok,641-1024
train,shiyan/data3/images/train/3778.jpg,3778,3778,.jpg,800,800,RGB,306350,7df0ba4243e34d0598dded4d605acd303068f518553c3520e9db57e5b5ac9e5c,True,ok,641-1024
train,shiyan/data3/images/train/3779.jpg,3779,3779,.jpg,800,800,RGB,304776,0e529a601f664bf58281922389bcd2257f3568302d2b36aa0bad2dff04f9606a,True,ok,641-1024
train,shiyan/data3/images/train/3780.jpg,3780,3780,.jpg,800,800,RGB,370925,8ec69a4456d55e5daa8381658a4377317b9f233db80e5da8f42cce0bfa32adf5,True,ok,641-1024
train,shiyan/data3/images/train/3781.jpg,3781,3781,.jpg,800,800,RGB,290917,aebde8c96feae8684ba69b8caad049ac0a370ace46f92b0e6d69b1282a04386f,True,ok,641-1024
train,shiyan/data3/images/train/3782.jpg,3782,3782,.jpg,800,800,RGB,378477,d1fe595651d02f4c8f773dc818df0de0a0537ba9a5ca6a3c314c395aa0b7fbea,True,ok,641-1024
train,shiyan/data3/images/train/3783.jpg,3783,3783,.jpg,800,800,RGB,336598,2e6b39e9f6a728db3c257498642d741513e7e9355bee5e28ff6ccd4f6b727813,True,ok,641-1024
train,shiyan/data3/images/train/3784.jpg,3784,3784,.jpg,734,765,RGBA,842572,b96202a7237680caff357004354b393e908660ba8376db60650260d068579dd6,True,ok,641-1024
train,shiyan/data3/images/train/3785.jpg,3785,3785,.jpg,800,800,RGB,241802,d1309f66f11afdeab80fdb1a9e71d8b4e8f348c0a40437d78181a8c52caa37cd,True,ok,641-1024
train,shiyan/data3/images/train/3786.jpg,3786,3786,.jpg,800,800,RGB,306795,0d5187f50be78f19c5e42c87d785a2508a7a9c5d844d25d5b166b6211fbb75c1,True,ok,641-1024
train,shiyan/data3/images/train/3787.jpg,3787,3787,.jpg,800,800,RGB,356813,e90b311145b9052b74259bdb86be07045a13a30819b140ce9fdfd33182e23eea,True,ok,641-1024
train,shiyan/data3/images/train/3788.jpg,3788,3788,.jpg,800,800,RGB,362240,7a36e611e4848354f376236154055199f37cd9acae73a0802feddea650aaedc6,True,ok,641-1024
train,shiyan/data3/images/train/3789.jpg,3789,3789,.jpg,800,800,RGB,204558,2cc132c630cbd30cafb0393c579cf941978c62922afe3ff1704590ba4a372582,True,ok,641-1024
train,shiyan/data3/images/train/3790.jpg,3790,3790,.jpg,800,800,RGB,314672,88aa5281f6f16d1fd2ef559f211583a8205a9ac6055466e4ab198551edf9c1d7,True,ok,641-1024
train,shiyan/data3/images/train/3791.jpg,3791,3791,.jpg,800,800,RGB,388141,66d1eb9e471fd39d19a5da79e5768ad8ffbf083431e3b02de1ae28e28a0d40f5,True,ok,641-1024
train,shiyan/data3/images/train/3792.jpg,3792,3792,.jpg,800,800,RGB,370439,a793b3fb21e6c83b57657066294ef333feb87f7388b48599d9b473fb2d830e68,True,ok,641-1024
train,shiyan/data3/images/train/3793.jpg,3793,3793,.jpg,800,800,RGB,409461,f7031220f9a8c22a829ff26259223313b4f7c719c9010821a33c31240dd39d80,True,ok,641-1024
train,shiyan/data3/images/train/3794.jpg,3794,3794,.jpg,800,800,RGB,241061,ca1cc3a517e0ba2b8352849f997781b1e1cccba3d1aabb33d591ec7d7f3a2161,True,ok,641-1024
train,shiyan/data3/images/train/3795.jpg,3795,3795,.jpg,800,800,RGB,405113,e4902142201fbc34f5fd764a50009f5745363253f03675715acb59eeec1832f9,True,ok,641-1024
train,shiyan/data3/images/train/3796.jpg,3796,3796,.jpg,800,800,RGB,365283,924b8cada93df8d4ae6490ca9bbfcdb5758d3f122ebd2cdb155c35b1c7e2d30f,True,ok,641-1024
train,shiyan/data3/images/train/3797.jpg,3797,3797,.jpg,800,800,RGB,356138,c65c194928c0e6835194ba4b027462db6dbd06cfb5933c78bd60e9176137e2de,True,ok,641-1024
train,shiyan/data3/images/train/3798.jpg,3798,3798,.jpg,800,800,RGB,348716,4f3998e2912b1b168b9cdf85338574c15761a6bbf795607cba44a808645aac83,True,ok,641-1024
train,shiyan/data3/images/train/3799.jpg,3799,3799,.jpg,800,800,RGB,345500,7914cc9242b98b991f071f473d89674c3db53a6da3e560e05a3618165ee1a3f0,True,ok,641-1024
train,shiyan/data3/images/train/3800.jpg,3800,3800,.jpg,800,800,RGB,359142,f2069917b33b19c8adbea856eb67f21eb2e2d17f42cb4bb45301b3296bc1e43d,True,ok,641-1024
train,shiyan/data3/images/train/3801.jpg,3801,3801,.jpg,800,800,RGB,287168,8a18a2d1b4cb4fb3bd51c04f79ec2be6e1cdd4b553fdc2e3109b4a846ac2f1eb,True,ok,641-1024
train,shiyan/data3/images/train/3802.jpg,3802,3802,.jpg,800,800,RGB,376614,57eaa27bdd34d1b2d9bbad65148b764d54cef5690c025afea5cb4dc3ec8b34d6,True,ok,641-1024
train,shiyan/data3/images/train/3803.jpg,3803,3803,.jpg,800,800,RGB,405328,34a81be77c1c4a288926e1d2f4df8a9c6c64cb11ac702066bb57454e0613d87c,True,ok,641-1024
train,shiyan/data3/images/train/3804.jpg,3804,3804,.jpg,800,800,RGB,316023,15da9847c2feb5d848005abf8f7326a753dc6b58a1e9d702c4c714983715f437,True,ok,641-1024
train,shiyan/data3/images/train/3805.jpg,3805,3805,.jpg,800,800,RGB,239818,140788328099671f10e4efb4dd46b1424fd6da3b8adfc8b1d6e17460119fc4ac,True,ok,641-1024
train,shiyan/data3/images/train/3806.jpg,3806,3806,.jpg,800,800,RGB,369064,19c198b0b10bb34be623dc7bc4b04a60d60d98c723015656317aa8aa73cb426b,True,ok,641-1024
train,shiyan/data3/images/train/3807.jpg,3807,3807,.jpg,800,800,RGB,433853,0fc958678bfd8995c5ee0136a23beeb296cf19c8698fee74d81ec23214aca7e6,True,ok,641-1024
train,shiyan/data3/images/train/3808.jpg,3808,3808,.jpg,800,800,RGB,348129,1c4ddc0dc2fa6fc0ba6567860e26fb7b5c3feabbb6de01162e8b3b5f4cd26a2b,True,ok,641-1024
train,shiyan/data3/images/train/3809.jpg,3809,3809,.jpg,800,800,RGB,363948,13332851f7eda32d071f948464b47d03bd6fe8e0b22139c09a2eaafbfa83e7c3,True,ok,641-1024
train,shiyan/data3/images/train/3810.jpg,3810,3810,.jpg,800,800,RGB,344453,56ca03a45f9f472d6a51cadf8025ef0c318ce8dbfb754c4e5c95446a1b8cce00,True,ok,641-1024
train,shiyan/data3/images/train/3811.jpg,3811,3811,.jpg,800,800,RGB,474137,a9701fe39c7e5ddf37fc46465cf9898cf342f2efe6b34392a6abaa51e7bfbadb,True,ok,641-1024
train,shiyan/data3/images/train/3812.jpg,3812,3812,.jpg,800,800,RGB,255444,2400919706ca312b8eabe1b541a3974db9c1bcfd3b47d507515591333362b4d5,True,ok,641-1024
train,shiyan/data3/images/train/3813.jpg,3813,3813,.jpg,800,800,RGB,216098,848e5825251b1b17ba61f09f4db2da33588efe5aca66882decf23bcae94151d5,True,ok,641-1024
train,shiyan/data3/images/train/3814.jpg,3814,3814,.jpg,850,714,RGBA,1009903,cda4ae18e9cfd41b69efd1f5cfe53c4a377b2d22a06c93826f8d11ea0db4883b,True,ok,641-1024
train,shiyan/data3/images/train/3815.jpg,3815,3815,.jpg,800,800,RGB,319107,e2645c624f0a18c27d9c26d61c38d8a3d8a3969bfc6295d02f7ef9db6a8d1376,True,ok,641-1024
train,shiyan/data3/images/train/3816.jpg,3816,3816,.jpg,800,800,RGB,264143,0e189d6c0449aae7f269e02059a1ba7f4b393fded2838c21438723b016617dfe,True,ok,641-1024
train,shiyan/data3/images/train/3817.jpg,3817,3817,.jpg,800,800,RGB,407036,5cf6a3910e4de85295a50f05340bb1fb7dfb483f02676ddedf8ade4b261b8094,True,ok,641-1024
train,shiyan/data3/images/train/3818.jpg,3818,3818,.jpg,800,800,RGB,366959,a9d3903df1c4382f7e065f803473df6a672c971d46b0847c7748c8ddd4942c4a,True,ok,641-1024
train,shiyan/data3/images/train/3819.jpg,3819,3819,.jpg,800,800,RGB,310623,cd885f49a90dc95778d89ee9eb4c4617d3634cf8cd0ec1a07ac0beb0deab8887,True,ok,641-1024
train,shiyan/data3/images/train/3820.jpg,3820,3820,.jpg,800,800,RGB,314372,644400ca0bad8a04f24902cfc2f45006f7f817438446aa0f1289291dd4945332,True,ok,641-1024
train,shiyan/data3/images/train/3821.jpg,3821,3821,.jpg,800,800,RGB,301338,b8d96a98f3bd6d12abf3dfe8675ac3b51837b38ba50e0967d36a61ed2ade60e9,True,ok,641-1024
train,shiyan/data3/images/train/3822.jpg,3822,3822,.jpg,800,800,RGB,365382,4ac4bfd7c7ca0b970e23e36f98a624a15a74b3f1f14fe9da99bf54d8df666e8b,True,ok,641-1024
train,shiyan/data3/images/train/3823.jpg,3823,3823,.jpg,800,800,RGB,401034,45158457368be0294709dc4e4c16c30edae01b966e3a8799787d7685ed8f66e9,True,ok,641-1024
train,shiyan/data3/images/train/3824.jpg,3824,3824,.jpg,800,800,RGB,408531,b12bfc4c39d1fcba34bc286e353f45d08a9162b7c7e9a41199a2d19117c0f4da,True,ok,641-1024
train,shiyan/data3/images/train/3825.jpg,3825,3825,.jpg,800,800,RGB,293624,deed4462d9be38f4c438655872d3ff23b30844e0b6efa90a4623fdbfd78be967,True,ok,641-1024
train,shiyan/data3/images/train/3826.jpg,3826,3826,.jpg,800,800,RGB,444493,97821c864ac2893ba7269f7af2ef3d182d7d0d46bb3823aa65787c10d16edaf8,True,ok,641-1024
train,shiyan/data3/images/train/3827.jpg,3827,3827,.jpg,800,800,RGB,295087,45b119375ba1453bfa56395b930215dd36436d13e9ccfd3e154ea00da9671083,True,ok,641-1024
train,shiyan/data3/images/train/3828.jpg,3828,3828,.jpg,800,800,RGB,354246,f02cf19a9f4d0383d1ee64eb398320e031e09e2bbe94373066708d08515d1b51,True,ok,641-1024
train,shiyan/data3/images/train/3829.jpg,3829,3829,.jpg,800,800,RGB,306550,ce451f486b4c84ed60a0980132510fa3dc987f89095f45f64fe7ff06545fcea4,True,ok,641-1024
train,shiyan/data3/images/train/3830.jpg,3830,3830,.jpg,800,800,RGB,310116,dbabcb31f0f0458fc655af557ff99d3523699b0b1088543ecf5d6ed20b4d72c5,True,ok,641-1024
train,shiyan/data3/images/train/3831.jpg,3831,3831,.jpg,800,800,RGB,336339,bfff66dba41408aa99099428eb0e0beeddbcbc0658d1b70bb78336c8cfd87951,True,ok,641-1024
train,shiyan/data3/images/train/3832.jpg,3832,3832,.jpg,800,800,RGB,288738,d80b44b66078ead96d668dd82441c9f91b40c3cfc7846ef1763e1ad10082a855,True,ok,641-1024
train,shiyan/data3/images/train/3833.jpg,3833,3833,.jpg,800,800,RGB,418536,f83f5fa45aa93bcd146eaa8aa5a07211390f34db14d391c15dfc0521c178aaf1,True,ok,641-1024
train,shiyan/data3/images/train/3834.jpg,3834,3834,.jpg,800,800,RGB,364097,12f2cb676155255138b1247b8796deb194679d0b2161c4a3b6e17a8560206fba,True,ok,641-1024
train,shiyan/data3/images/train/3835.jpg,3835,3835,.jpg,800,800,RGB,345667,2604d534e58b4438ebea68d2a54a43dca12eda51d8bac6c27251dcbcb8da928b,True,ok,641-1024
train,shiyan/data3/images/train/3836.jpg,3836,3836,.jpg,800,800,RGB,266591,16afd6d6a09ae96990566bc2b63a0a90441942fc7c515268c9ea19083efe1f85,True,ok,641-1024
train,shiyan/data3/images/train/3837.jpg,3837,3837,.jpg,800,800,RGB,268301,5cde01975b35e667c900528f2d8b692f35e5503189ad7d3fdffe11cfb65ad2bc,True,ok,641-1024
train,shiyan/data3/images/train/3838.jpg,3838,3838,.jpg,800,800,RGB,338220,6a734979546d1909dc428b241e3c5c23e47b97680f40d0e9962cddd95f37603c,True,ok,641-1024
train,shiyan/data3/images/train/3839.jpg,3839,3839,.jpg,800,800,RGB,259776,f80c1baaa2633a73ac219b8c9238c9b40674b795a4337b8d95d8c69e228566c7,True,ok,641-1024
train,shiyan/data3/images/train/3840.jpg,3840,3840,.jpg,800,800,RGB,260247,387c8e7737c84ac17567d44b0c94fb89e1e60af0fa99c194e12408c3cc6d1d2b,True,ok,641-1024
train,shiyan/data3/images/train/3841.jpg,3841,3841,.jpg,800,800,RGB,363901,0217ddc024e3f8743f2f22910ec8801d4ef5e926cd6f25239a61f26ef4189ec1,True,ok,641-1024
train,shiyan/data3/images/train/3842.jpg,3842,3842,.jpg,800,800,RGB,420220,a52bf363b12ba63b0ca54343e12df80e92c396f0be3f6a0243caf65fb1dae7cf,True,ok,641-1024
train,shiyan/data3/images/train/3843.jpg,3843,3843,.jpg,800,800,RGB,358228,1c874a86dd7606591c40dbb31e92ea05d4c1e47daf2ad1285e459f873530b471,True,ok,641-1024
train,shiyan/data3/images/train/3844.jpg,3844,3844,.jpg,800,800,RGB,308280,7e7b344e432e51d9d6f138fb312e2aa3f4f75e5213b569524019846f0cccb1fe,True,ok,641-1024
train,shiyan/data3/images/train/3845.jpg,3845,3845,.jpg,800,800,RGB,374518,396395f66c0886b54344141aabafe4656ae63ba2be29df7e673e62dee80b2625,True,ok,641-1024
train,shiyan/data3/images/train/3846.jpg,3846,3846,.jpg,800,800,RGB,264066,b5d5f49f31079cda69d32dd27f3b2beba9e9da46029b9aa1e0647c33a3bfa75c,True,ok,641-1024
train,shiyan/data3/images/train/3847.jpg,3847,3847,.jpg,800,800,RGB,263567,393fc17ab0036240318b0cf5e7e7f25e83f396a748dfe096a001f1724706a113,True,ok,641-1024
train,shiyan/data3/images/train/3848.jpg,3848,3848,.jpg,800,800,RGB,342391,a8b57e9edb155098eb7e24b435fecbcf2791766297e7d40f93772a490d11829a,True,ok,641-1024
train,shiyan/data3/images/train/3849.jpg,3849,3849,.jpg,800,800,RGB,487263,0c427e62422fda57b6bf6a662f7602aebd9b042e93d5980fe05da2ceba55e530,True,ok,641-1024
train,shiyan/data3/images/train/3850.jpg,3850,3850,.jpg,800,800,RGB,326412,ec450abee178e8cf4be6f61d1c82bd6f6b978ebb4dd2ab6e4bb51d207143c153,True,ok,641-1024
train,shiyan/data3/images/train/3851.jpg,3851,3851,.jpg,793,731,RGBA,575638,ac4eefbc6c9c78f8949aa6ec7a1b33def67312791d66250991e6ba5021fce906,True,ok,641-1024
train,shiyan/data3/images/train/3852.jpg,3852,3852,.jpg,800,800,RGB,295458,bacd269ee4e99ba4b53afacf48c77e4817e8dc38f1ac8eace2bb783cef1bfed4,True,ok,641-1024
train,shiyan/data3/images/train/3853.jpg,3853,3853,.jpg,800,800,RGB,365098,5b64dd1f3eab49ff609a28e45e6facdb16b64b231e5ec8ed2816ec2b7cc991af,True,ok,641-1024
train,shiyan/data3/images/train/3854.jpg,3854,3854,.jpg,800,800,RGB,296455,dba6ac78c4c3324d8b8761bcf81034a9c2a97c34f586e0e7fa998fc4a382baec,True,ok,641-1024
train,shiyan/data3/images/train/3855.jpg,3855,3855,.jpg,800,800,RGB,387585,bcd72b04d00b04e554c3b13afefed731963baf6dd7826bd318e6fee113a4233d,True,ok,641-1024
train,shiyan/data3/images/train/3856.jpg,3856,3856,.jpg,800,800,RGB,368007,e13708b52152721580f9aa22acd733cfb12a20ee348b0d249a0cadb5007c6590,True,ok,641-1024
train,shiyan/data3/images/train/3857.jpg,3857,3857,.jpg,800,800,RGB,289467,f82b75a303900d2e90e582dc10be26b31a20bdcc864520bec8942ec16a12852d,True,ok,641-1024
train,shiyan/data3/images/train/3858.jpg,3858,3858,.jpg,800,800,RGB,276111,f2b94f2086d385fc5f10630df0b4bac90aa5b20e3ac57b507ba9cb2c3b409038,True,ok,641-1024
train,shiyan/data3/images/train/3859.jpg,3859,3859,.jpg,800,800,RGB,384259,6c7f39938379d77d8ac9110c0dd86ecc05f04218ba261ea8c440100726075109,True,ok,641-1024
train,shiyan/data3/images/train/3860.jpg,3860,3860,.jpg,862,938,RGB,88152,5be7d6dbcefe583d7be22fdb3da4350281e369876ecfb5ed101cb33622f0bc9d,True,ok,641-1024
train,shiyan/data3/images/train/3861.jpg,3861,3861,.jpg,800,800,RGB,327047,b01c5a873e445d2628f356cc59cf84e00d803b7ae24b0209b5225cf936838e6c,True,ok,641-1024
train,shiyan/data3/images/train/3862.jpg,3862,3862,.jpg,800,800,RGB,300074,0f25fe525c15b45a4590f4753cd92069393e9f7e6ece7b1f14bc1342f8a576e9,True,ok,641-1024
train,shiyan/data3/images/train/3863.jpg,3863,3863,.jpg,800,800,RGB,365843,6821b970b8885a0070534c544ee54c3f1d883c1db8987f5c0adbc532e92c529d,True,ok,641-1024
train,shiyan/data3/images/train/3864.jpg,3864,3864,.jpg,800,800,RGB,281472,4208e3ffde0262b1e0766c2cb38a91be888515e1e9c82066feb99d3f9e0790ba,True,ok,641-1024
train,shiyan/data3/images/train/3865.jpg,3865,3865,.jpg,800,800,RGB,347602,8613eb626e2b0a4083212807f08e64ff007dc27553c0c20c9962d099ecf9a4b0,True,ok,641-1024
train,shiyan/data3/images/train/3866.jpg,3866,3866,.jpg,800,800,RGB,318650,765761180597d5c904531633edfd57de150baf8f793fb30a0ecef8575ab04b7b,True,ok,641-1024
train,shiyan/data3/images/train/3867.jpg,3867,3867,.jpg,760,790,RGBA,886041,c7b4886acdae0d339b102fe20e2f814304ab8f5365ad1a855a8cda3150e28abb,True,ok,641-1024
train,shiyan/data3/images/train/3868.jpg,3868,3868,.jpg,800,800,RGB,271718,371af7e85413bb10f549c34ab14c85ab006de3394ca9fb1af550f4280cf16326,True,ok,641-1024
train,shiyan/data3/images/train/3869.jpg,3869,3869,.jpg,800,800,RGB,487904,336cc65b9ec8498c51218207b12d3e5b6b864b56d8cf6853380e33d83a104edf,True,ok,641-1024
train,shiyan/data3/images/train/3870.jpg,3870,3870,.jpg,800,800,RGB,306407,cba08c3c29ae553bd0a639d255f6611c94d615167f170e084c3873ddb42a3041,True,ok,641-1024
train,shiyan/data3/images/train/3871.jpg,3871,3871,.jpg,800,800,RGB,281454,16c3747ca63a15bbbcce5ea44cefce00d3d2b9da9c276c8801e7503a3e860529,True,ok,641-1024
train,shiyan/data3/images/train/3872.jpg,3872,3872,.jpg,800,800,RGB,293117,6bc526481fb2a5f3f5a419e21c774153401d327bc6d89ca9d5b165e320680c2c,True,ok,641-1024
train,shiyan/data3/images/train/3873.jpg,3873,3873,.jpg,800,800,RGB,314232,bb9f21ab63a0f9bec69731c92859cad66d020cf33ceea580b6adec98b1548fce,True,ok,641-1024
train,shiyan/data3/images/train/3874.jpg,3874,3874,.jpg,800,800,RGB,331823,ca479a21564420571012510fb50c698b9767a35269e891434631555e450e97a0,True,ok,641-1024
train,shiyan/data3/images/train/3875.jpg,3875,3875,.jpg,800,800,RGB,403235,a6fcfc5d936bae604cfef8ae04585bda61993dfbb038f3c63de519cedd33fb22,True,ok,641-1024
train,shiyan/data3/images/train/3876.jpg,3876,3876,.jpg,800,800,RGB,309563,4928fc794abe49e6f341c0be4d2f1e741f526ad566fcfafc377df1d59c608098,True,ok,641-1024
train,shiyan/data3/images/train/3877.jpg,3877,3877,.jpg,678,659,RGBA,487945,d57e9198afccfb9eb511273d2983fd6484b90e6146ae857841a243d523a25c26,True,ok,641-1024
train,shiyan/data3/images/train/3878.jpg,3878,3878,.jpg,800,800,RGB,380318,e9de0bdf0cceb36d27af8ccf89b2b4974ae808e9b166180cabc882a0e5accedb,True,ok,641-1024
train,shiyan/data3/images/train/3879.jpg,3879,3879,.jpg,800,800,RGB,283710,352a7104da5513bc0549a2dddd9cc78d55ba59147d5670c5fd70cebcbc48a2d2,True,ok,641-1024
train,shiyan/data3/images/train/3880.jpg,3880,3880,.jpg,800,800,RGB,247433,a0edb087c62673c89d7e90edd5e64a496d8ee51fde52cb7a81cc73c5d2783899,True,ok,641-1024
train,shiyan/data3/images/train/3881.jpg,3881,3881,.jpg,800,800,RGB,354082,0295cc0291d609c6eada4bf440bc0ae83218b88bfd25f2a47e7e32eda359a141,True,ok,641-1024
train,shiyan/data3/images/train/3882.jpg,3882,3882,.jpg,800,800,RGB,296664,a037907befd92e254f43b7d4b5425144e4114ca085f0809838a0c0413a8db99f,True,ok,641-1024
train,shiyan/data3/images/train/3883.jpg,3883,3883,.jpg,800,800,RGB,462077,bdf32b2703564c0cf9824ce33848d4a12414f9b0f8aea10b6dd75385357b4cf1,True,ok,641-1024
train,shiyan/data3/images/train/3884.jpg,3884,3884,.jpg,800,800,RGB,419696,bdfcd48a86431c0147621b654cac64383eebc0eeaa79baa17e52f7b7449188e0,True,ok,641-1024
train,shiyan/data3/images/train/3885.jpg,3885,3885,.jpg,783,752,RGBA,450793,7268507e36f83daa981610b18aa6e87f27255b9eb50644d7fb0b7f6bd9fbe00a,True,ok,641-1024
train,shiyan/data3/images/train/3886.jpg,3886,3886,.jpg,800,800,RGB,416337,f60a34207659c041c49034d62091c49278e9343af752a40f28065f6b3a8a23cd,True,ok,641-1024
train,shiyan/data3/images/train/3887.jpg,3887,3887,.jpg,800,800,RGB,378386,ca88688730c48aea01c7f6b2e0559f0d3cdb300697522acc4b05e55a7d0bcb0d,True,ok,641-1024
train,shiyan/data3/images/train/3888.jpg,3888,3888,.jpg,800,800,RGB,405590,f935e7f1c1239f6b7399ec4c3ff51f59fdc1003b76137d4fd3f8d7416bd4425f,True,ok,641-1024
train,shiyan/data3/images/train/3889.jpg,3889,3889,.jpg,800,800,RGB,297639,02ef5d0d10380c2f4c16d2c61fdeed60f7211ca561beddbb917396e0254d6f83,True,ok,641-1024
train,shiyan/data3/images/train/3890.jpg,3890,3890,.jpg,800,800,RGB,399410,fa5057e21d9218d2dd569214f1fcc123c0810a0cc40d60fbeb894f2c2223f00b,True,ok,641-1024
train,shiyan/data3/images/train/3891.jpg,3891,3891,.jpg,800,800,RGB,261206,2d8e0cf7fc8b8524bde5eda63b279e0e167d15b43a458ae6368463bda1088164,True,ok,641-1024
train,shiyan/data3/images/train/3892.jpg,3892,3892,.jpg,800,800,RGB,419024,2bd46f4e9d354adbb9b4b75de6c4704685863057902b2d6b7db875eb549cbbf3,True,ok,641-1024
train,shiyan/data3/images/train/3893.jpg,3893,3893,.jpg,800,800,RGB,251100,976e4f576871bd2e89c1ade1952c064c28ed26c37c156ea5ffe4601663976046,True,ok,641-1024
train,shiyan/data3/images/train/3894.jpg,3894,3894,.jpg,746,602,RGBA,821151,b12e96a735e74a7a902d8f62a91ee31a3b0830e388548acc34c4c6064b989d77,True,ok,641-1024
train,shiyan/data3/images/train/3895.jpg,3895,3895,.jpg,802,878,RGB,97466,1922fcc04e082f6e4b6afb8cadbc6e4dcc57978753f7a7dbea9ed070d79faa97,True,ok,641-1024
train,shiyan/data3/images/train/3896.jpg,3896,3896,.jpg,794,727,RGBA,965833,77d156dbb6014c0984bd775e66252420ccd03a851aaae6fea21bc0236777473d,True,ok,641-1024
train,shiyan/data3/images/train/3897.jpg,3897,3897,.jpg,745,694,RGBA,566212,6de1190896b11e4d6eb3a13c55e8d7ea0aebfe69622522afc03500560986d257,True,ok,641-1024
train,shiyan/data3/images/train/3898.jpg,3898,3898,.jpg,779,669,RGBA,841957,fb2e8d6b50bbc0808d20e9eddb7ee9df94323240d2e241616f1a72cd51951d52,True,ok,641-1024
train,shiyan/data3/images/train/3899.jpg,3899,3899,.jpg,839,801,RGBA,1053070,18e888236c76d8a25f4f50eba2a35fb475f0eba6f423df2f3c914eb0558be752,True,ok,641-1024
train,shiyan/data3/images/train/3900.jpg,3900,3900,.jpg,796,772,RGBA,1017802,65de6feae7937247e9779c85d5d8877f5191a241b9ec57a8ff9cc204f7661f2a,True,ok,641-1024
train,shiyan/data3/images/train/3901.jpg,3901,3901,.jpg,819,751,RGBA,969735,3c7efddfc7bf34bf773b7dff7d99556d94a61e2de62068eb08b6732a8e3a8236,True,ok,641-1024
train,shiyan/data3/images/train/3902.jpg,3902,3902,.jpg,767,752,RGBA,846251,6ed031fd1d8418a666ef136136317293f404e79eecb9ff88036ce5fbd88ba583,True,ok,641-1024
train,shiyan/data3/images/train/3903.jpg,3903,3903,.jpg,738,677,RGBA,822763,98ab72e1ac63476a208e18dfdf775ac4db160e8d36b56dfcf0e63b1cee8092b4,True,ok,641-1024
train,shiyan/data3/images/train/3904.jpg,3904,3904,.jpg,736,681,RGBA,897418,9db1d11a195e27b1f58369f900c099baef8b21e04efc28fa7b2117bd8f6a4ffa,True,ok,641-1024
train,shiyan/data3/images/train/3905.jpg,3905,3905,.jpg,812,691,RGBA,1149424,544ac7a056cf98f674534b965660538f96f903e41708fdb311e7c5765dded52b,True,ok,641-1024
train,shiyan/data3/images/train/3906.jpg,3906,3906,.jpg,853,855,RGBA,1417835,82773ea09e9f59c6cb7a0b8e5fcceab74bf895233f54e360478387e6a1ee7cda,True,ok,641-1024
train,shiyan/data3/images/train/3907.jpg,3907,3907,.jpg,912,808,RGBA,1133608,61ea00a9d0f83c44554835a8b1e79006b9ce03c54efae248032dbffa04bfec4b,True,ok,641-1024
train,shiyan/data3/images/train/3908.jpg,3908,3908,.jpg,845,836,RGB,106762,112683a89b234d76ecce93796893404a0bd070f5802e0ace36fe7578726e87bb,True,ok,641-1024
train,shiyan/data3/images/train/3909.jpg,3909,3909,.jpg,930,889,RGB,115871,6de88cb2b0b3e058bcbb4508ebe6cff77fd5e9b2d1a5d9d020c15070ecd790d1,True,ok,641-1024
train,shiyan/data3/images/train/3910.jpg,3910,3910,.jpg,839,722,RGBA,564316,559a2ebed715cd0cc8abd19d0fa992f3891b65fe39a856ef849847f56ac9547f,True,ok,641-1024
train,shiyan/data3/images/train/3911.jpg,3911,3911,.jpg,800,800,RGB,275961,96bfad1457de531990f7ed1fd61d53df6ce954e4ccf12e3434850a8f91ab1fa2,True,ok,641-1024
train,shiyan/data3/images/train/3912.jpg,3912,3912,.jpg,800,800,RGB,260632,bb999cd6460e749e73cb8a6389818a706d60893cfb92f98d328744a2ee62cf5f,True,ok,641-1024
train,shiyan/data3/images/train/3913.jpg,3913,3913,.jpg,800,800,RGB,258309,ccbde89367b351c237fbf288ffe1ddd1bd53adefd02f267eb11c4c901dee896b,True,ok,641-1024
train,shiyan/data3/images/train/3914.jpg,3914,3914,.jpg,696,643,RGBA,489772,fd611e646fbf1741182db068a627e83b2b457a11a6a2a0d99952eac5f5ba07b8,True,ok,641-1024
train,shiyan/data3/images/train/3915.jpg,3915,3915,.jpg,702,657,RGBA,818369,975e1b5ce9d1c8c8124a46e47732647bcf7aa5663a76046ab1bb619e43ca871e,True,ok,641-1024
train,shiyan/data3/images/train/3916.jpg,3916,3916,.jpg,800,800,RGB,343963,b62f8a7992b864e4b174f40f8e6b2d2d3a3ffae80f79e2f3dcdefcc1ef6db303,True,ok,641-1024
train,shiyan/data3/images/train/3917.jpg,3917,3917,.jpg,800,800,RGB,297331,9cf9e874274f0255757556f134752b53dec97c910d25ef1e2afbdb8994f4c947,True,ok,641-1024
train,shiyan/data3/images/train/3918.jpg,3918,3918,.jpg,800,800,RGB,367347,908f40ce7db875cc2b4dea1406fbed0352c76504ef0b518cb7e0518c6dccd67d,True,ok,641-1024
train,shiyan/data3/images/train/3919.jpg,3919,3919,.jpg,844,716,RGBA,730140,9274ff97a7897a72b1d257d861b8f183c048ce8c58d4a9719c8f56af0d35a4d4,True,ok,641-1024
train,shiyan/data3/images/train/3920.jpg,3920,3920,.jpg,748,662,RGBA,675956,59d3b249a9b548b1f30017a6f9173a9ffb4cbd3e00a33113619eff89dfce9b5e,True,ok,641-1024
train,shiyan/data3/images/train/3921.jpg,3921,3921,.jpg,711,620,RGBA,492299,1a7f19937aba1b46f71a88648a3d1a6b1abb5245e3ac35644691a6f9eeb4508c,True,ok,641-1024
train,shiyan/data3/images/train/3922.jpg,3922,3922,.jpg,672,584,RGBA,651291,f97dc311158151944955b91e3d0306805c549a21037204914122553f1673dc44,True,ok,641-1024
train,shiyan/data3/images/train/3923.jpg,3923,3923,.jpg,742,635,RGBA,748438,17e5a4699f16d48e14f89d13cbfb6d829f3473ac10f371711f992a140c99e7aa,True,ok,641-1024
train,shiyan/data3/images/train/3924.jpg,3924,3924,.jpg,816,673,RGBA,720980,82cdef3cbd350c10c0e8c400c9982e5cb6c406a2124f31d74e51df3da13d4682,True,ok,641-1024
train,shiyan/data3/images/train/3925.jpg,3925,3925,.jpg,852,892,RGB,109157,7b5bcebaea91a06491ed8f5b1c486ae0d5377a72247e0d99aaf023843276ab78,True,ok,641-1024
train,shiyan/data3/images/train/3926.jpg,3926,3926,.jpg,805,725,RGBA,891161,8b15c43c354cc8a355844294b146d4d737b4ed309091623fb56e946dd801fd3c,True,ok,641-1024
train,shiyan/data3/images/train/3927.jpg,3927,3927,.jpg,800,800,RGB,471790,f96d32c9bbb3461e4c1911e3206fb0f23e7720972c2a909f774a795b5d7e36a9,True,ok,641-1024
train,shiyan/data3/images/train/3928.jpg,3928,3928,.jpg,800,800,RGB,443876,c506f74de9cebfe03b8d525c88ac7f19a4cfd64f0514fb445d05b0e8a4c312ee,True,ok,641-1024
train,shiyan/data3/images/train/3929.jpg,3929,3929,.jpg,800,800,RGB,368474,3a6daab442e2e51d1a0b0e1150f0f10c68f429205cb5ef0d1a325285cdac923e,True,ok,641-1024
train,shiyan/data3/images/train/3930.jpg,3930,3930,.jpg,800,800,RGB,424479,d42abd70dfc6a3daf43d221da619b01b83696507aa664883c5a5358f5d8e7860,True,ok,641-1024
train,shiyan/data3/images/train/3931.jpg,3931,3931,.jpg,793,716,RGBA,855761,75e4d76a66dce4c297396d227062d5d33ba033d1b5a8b8a2824956095803f24f,True,ok,641-1024
train,shiyan/data3/images/train/3932.jpg,3932,3932,.jpg,800,800,RGB,465687,e1f256d7dd17f6adbf62cc7fd3eaace821c004d39aa3fb4f63144dc7202eb0a1,True,ok,641-1024
train,shiyan/data3/images/train/3933.jpg,3933,3933,.jpg,800,800,RGB,412663,7b7b4df64af6e1e3d942ebecbf3d58c9795a56cb7e0da78294cb8c3e384bce0d,True,ok,641-1024
train,shiyan/data3/images/train/3934.jpg,3934,3934,.jpg,1036,728,RGBA,1064358,1936dfc72306e0c3bf57b8816ff2f3e16c9f565494dcc39f44501d9d1f381a63,True,ok,1025-1536
train,shiyan/data3/images/train/3935.jpg,3935,3935,.jpg,726,623,RGBA,537452,4e8f8a0b8ffadd1ae3f417c4db17a93b01266acbf7c97294e5db62864ca68045,True,ok,641-1024
train,shiyan/data3/images/train/3936.jpg,3936,3936,.jpg,776,704,RGBA,559464,d8056497df4c73883a5b2aa690b6f22d1f4512a6f802fc142362641fa832e886,True,ok,641-1024
train,shiyan/data3/images/train/3937.jpg,3937,3937,.jpg,812,619,RGBA,726265,89cda3f9f1aeee7fb0d6e1d30bdf982edf013813ff466e8a74d7a1c51fceac50,True,ok,641-1024
train,shiyan/data3/images/train/3938.jpg,3938,3938,.jpg,939,716,RGBA,1016406,60634952e3c92e36f68be5ea788e8697cfef70dc1714de82cc3635c070343c60,True,ok,641-1024
train,shiyan/data3/images/train/3939.jpg,3939,3939,.jpg,872,724,RGBA,858393,4cd22373ec95a4406638068ecc7f9249741b2c034245662e9a5eb96a6fe94f7c,True,ok,641-1024
train,shiyan/data3/images/train/3940.jpg,3940,3940,.jpg,785,617,RGBA,645935,e4a51bdd9297f94c4a6017512155a7b83a1a5f1eede4121eee48a6e021f4c5d9,True,ok,641-1024
train,shiyan/data3/images/train/3941.jpg,3941,3941,.jpg,800,800,RGB,297171,c4e975cd3ea941d75c4037f475a9bbb56d03a2805c9588d6b07101e36acefc32,True,ok,641-1024
train,shiyan/data3/images/train/3942.jpg,3942,3942,.jpg,800,800,RGB,486830,3ad6cd5f26d8a566ba68c63cc7f352a62c39519fd2a139eeb0dc8a6c7293ecaa,True,ok,641-1024
train,shiyan/data3/images/train/3943.jpg,3943,3943,.jpg,800,800,RGB,444555,e77e2d60f95f51e637024ebf7c3d2af22e333bd25a8d7024f8df4b9260147169,True,ok,641-1024
train,shiyan/data3/images/train/3944.jpg,3944,3944,.jpg,821,624,RGBA,821232,9aaa3ee8e770945d5b60820fd53a4ed350f3be10d4fa8de00dbd006055b3956f,True,ok,641-1024
train,shiyan/data3/images/train/3945.jpg,3945,3945,.jpg,854,712,RGBA,947456,16ea135bc0627f90bdee0043dfab134090f8c4fb57bc74448ab3ed836d64707a,True,ok,641-1024
train,shiyan/data3/images/train/3946.jpg,3946,3946,.jpg,781,768,RGBA,777636,7dc08c69f6c5ff8a748461cf565aeba192693a1f505e4a5ed641d44c93e87c09,True,ok,641-1024
train,shiyan/data3/images/train/3947.jpg,3947,3947,.jpg,957,736,RGBA,789123,ac55beb1e62baf205e1c467cb1489841f84f50b266d46e2cd66ab7880e6ca83c,True,ok,641-1024
train,shiyan/data3/images/train/3948.jpg,3948,3948,.jpg,904,707,RGBA,517932,c2c6eec6fd988a7ddf4d03bccca1d88f31f4ed4edc5fa6c3dcfe419fbea9d560,True,ok,641-1024
train,shiyan/data3/images/train/3949.jpg,3949,3949,.jpg,821,708,RGBA,606905,5adb448558f1807e43cb360c251f337c942d1d810286f2b82ca546b3a22b6baf,True,ok,641-1024
train,shiyan/data3/images/train/3950.jpg,3950,3950,.jpg,858,628,RGBA,742704,acaddcad45e66d8f731e61a4c976dd88838d945efcf0719787467aee889f360f,True,ok,641-1024
train,shiyan/data3/images/train/3951.jpg,3951,3951,.jpg,726,689,RGBA,489208,716fc981a62c7d99b9bc5104b3e842b4d14ab4d8b3398e9150978a1da65e5d13,True,ok,641-1024
train,shiyan/data3/images/train/3952.jpg,3952,3952,.jpg,800,800,RGB,419738,df668593d18da0a1694a93ad737dd184fef5f7e8e141b1704e112bc5b5ce6c6a,True,ok,641-1024
train,shiyan/data3/images/train/3953.jpg,3953,3953,.jpg,791,688,RGBA,911193,7ca661e70b27dc886a0ed5f5893f0366d3951ba28355024627d06646e1db6de8,True,ok,641-1024
train,shiyan/data3/images/train/3954.jpg,3954,3954,.jpg,863,839,RGBA,1072736,f5b989e9141b14bf05e30aa4128abe261dee4ac8459134d7f432127cca382232,True,ok,641-1024
train,shiyan/data3/images/train/3955.jpg,3955,3955,.jpg,751,668,RGBA,818950,b8844a885407ab83dd05b6d6d439929a0955cae443ed993ab0496448c63dfc78,True,ok,641-1024
train,shiyan/data3/images/train/3956.jpg,3956,3956,.jpg,736,599,RGBA,724998,7c23a391223f967a81c51a1e1c979499fdcfe49e3f34d54b9b46cc22718c7bce,True,ok,641-1024
train,shiyan/data3/images/train/3957.jpg,3957,3957,.jpg,860,673,RGBA,607433,5789f00bb862da141f6272f7945ef574b67f4d69c841cecee2e55f0103cf302d,True,ok,641-1024
train,shiyan/data3/images/train/3958.jpg,3958,3958,.jpg,800,800,RGB,306525,d6d713ab7b3163a518279b94b2491edf39014e68eedf651f101750b0ab4c0748,True,ok,641-1024
train,shiyan/data3/images/train/3959.jpg,3959,3959,.jpg,800,800,RGB,344200,b82f26509a9fbfc32b0d29b441bb520e4ccd017fc01c941b9558b6f45ca2ea31,True,ok,641-1024
train,shiyan/data3/images/train/3960.jpg,3960,3960,.jpg,800,800,RGB,332312,79a5c2667d03aeef06ff86757003493724ba3ba00ef3d30f8733ee13fbab714b,True,ok,641-1024
train,shiyan/data3/images/train/3961.jpg,3961,3961,.jpg,800,800,RGB,345050,3156f6df44b5c88edbe3f5fe81a04979a4b754fb181f8cec12e12ffc00461db2,True,ok,641-1024
train,shiyan/data3/images/train/3962.jpg,3962,3962,.jpg,800,800,RGB,351321,3b05a5b1c388f0d36ff65ced7d365604c5e9ffcda123a5db1de90fb7c5ef93ff,True,ok,641-1024
train,shiyan/data3/images/train/3963.jpg,3963,3963,.jpg,800,800,RGB,314331,32adc6f688a2742cfb72c304bdd8874b4c8e7c3d0b60a45e80af9328dacc31bc,True,ok,641-1024
train,shiyan/data3/images/train/3964.jpg,3964,3964,.jpg,800,800,RGB,336093,a0203c08738a82520d3301f2438cd7521dd236b59447f46bfe2ca49a2249118f,True,ok,641-1024
train,shiyan/data3/images/train/3965.jpg,3965,3965,.jpg,986,928,RGB,114052,b146f00628802cafdf36b9c2f979b634ad4a8d675c04e31564885773e6ec4471,True,ok,641-1024
train,shiyan/data3/images/train/3966.jpg,3966,3966,.jpg,800,800,RGB,376036,ce93037beb7b7ce94699ccad6074ee50ca8e1c22b3a0e4fea4274f7622e0c11b,True,ok,641-1024
train,shiyan/data3/images/train/3967.jpg,3967,3967,.jpg,800,800,RGB,354092,d4cf91f8e5b429481f82915413996d380455ca4eccd94c36a79df657b5a000bb,True,ok,641-1024
train,shiyan/data3/images/train/3968.jpg,3968,3968,.jpg,800,800,RGB,388902,84edd19a69468d9aa51be426e7347531dd003320736512e84c31e198f4385bfc,True,ok,641-1024
train,shiyan/data3/images/train/3969.jpg,3969,3969,.jpg,800,800,RGB,313119,50e4012222ff10e40b02c956f8ece273153a93b0b2ad36264cdbc1fafb9c0683,True,ok,641-1024
train,shiyan/data3/images/train/3970.jpg,3970,3970,.jpg,727,681,RGBA,820207,7411f9de0d5041eecf40e732389a7eae1d89914b794dc015664c89cf6a43f659,True,ok,641-1024
train,shiyan/data3/images/train/3971.jpg,3971,3971,.jpg,709,634,RGBA,498621,20162f1f51055c465bef4fefdb9affe830bab9d7f2f358fb26a689cf66077188,True,ok,641-1024
train,shiyan/data3/images/train/3972.jpg,3972,3972,.jpg,820,686,RGBA,971313,4784df5c0a9c80dd7ec6cbbb4ecd860f589583bcef4e6af255a1fc710bea70a6,True,ok,641-1024
train,shiyan/data3/images/train/3973.jpg,3973,3973,.jpg,848,771,RGBA,1063248,fe91c65b71c9f7f07e3cdde90407f8098581e367f99e38d8237046c88f7bb07e,True,ok,641-1024
train,shiyan/data3/images/train/3974.jpg,3974,3974,.jpg,839,656,RGBA,909595,f4eac9ad893b9e2fb28f387505c070e6658d56d4c678efe7cd161f93caefaabc,True,ok,641-1024
train,shiyan/data3/images/train/3975.jpg,3975,3975,.jpg,800,800,RGB,354677,8747e712d7db5acf24aade969aef0b96391c4fbada3ef4151b3f5456c68a837b,True,ok,641-1024
train,shiyan/data3/images/train/3976.jpg,3976,3976,.jpg,736,781,RGBA,777107,841de46e538248c26f17d449ae7a4b70f8df72e9fd74bb2d9a88fce11dd78e3e,True,ok,641-1024
train,shiyan/data3/images/train/3977.jpg,3977,3977,.jpg,865,690,RGBA,944882,33534ca053fb4b67b2b81ec4370c765aa11f7232bf55b95fe6e4571c6cc0bc0e,True,ok,641-1024
train,shiyan/data3/images/train/3978.jpg,3978,3978,.jpg,809,788,RGB,91990,2236e17c0d9c19f36948f09b0d16e3ab360e4fc83859e505c7e78b8ea6ace9db,True,ok,641-1024
train,shiyan/data3/images/train/3979.jpg,3979,3979,.jpg,840,792,RGB,99261,a626da12b6d0ab76aa6370a59ba595121c4b01154d37263a818e5f04ebd5937e,True,ok,641-1024
train,shiyan/data3/images/train/3980.jpg,3980,3980,.jpg,810,787,RGB,93735,65100ec653080127434bf46631f4576f1bfcdf4d482ae336a5565ea5fd74a3e4,True,ok,641-1024
train,shiyan/data3/images/train/3981.jpg,3981,3981,.jpg,874,784,RGB,98507,876e634b4c072ac3a12da9e612e43369b842282015b5b44f3681960281c9a799,True,ok,641-1024
train,shiyan/data3/images/train/3982.jpg,3982,3982,.jpg,832,698,RGB,80055,bed71cdf29faf3a9d93d7c2c7698d35268db6cdfd4f709c17efd495e48b3ed59,True,ok,641-1024
train,shiyan/data3/images/train/3983.jpg,3983,3983,.jpg,817,787,RGB,92000,0fc78008014b0514c4f9a7fdb3dbf254c8c11b77821f3526c950b1eae7c00132,True,ok,641-1024
train,shiyan/data3/images/train/3984.jpg,3984,3984,.jpg,856,787,RGB,96179,4800009520d017f777580d8c5c51b731d8f70fb290d47428c48a102b7d913571,True,ok,641-1024
train,shiyan/data3/images/train/3985.jpg,3985,3985,.jpg,839,815,RGB,106270,25f9a778fedafe6dc0d9a32a45b510f5e5629c8ee6c313ffc5a34a72c618c585,True,ok,641-1024
train,shiyan/data3/images/train/3986.jpg,3986,3986,.jpg,1071,807,RGB,124339,7ba981aecdd69a7b2e5e0669101cb6a84f2feb593c97e3c73da5f3b0e77dd034,True,ok,1025-1536
train,shiyan/data3/images/train/3987.jpg,3987,3987,.jpg,804,790,RGB,102304,c8e94e59704c78fb0aec3a864fa22fcb649638551ee0b2e6037876c4ade0aa8f,True,ok,641-1024
train,shiyan/data3/images/train/3988.jpg,3988,3988,.jpg,856,783,RGB,99835,a70c1af78574483ec8ea6cb9a6a995d2bfed3b3a42b7aa65fae23683d48d3a06,True,ok,641-1024
train,shiyan/data3/images/train/3989.jpg,3989,3989,.jpg,834,789,RGB,99669,6f0d55766299becae139e1d2c4872f02fd37c0c56a2ba9c1dd95dde79ad3b4a3,True,ok,641-1024
train,shiyan/data3/images/train/3990.jpg,3990,3990,.jpg,843,788,RGB,94379,65f8097809d34f1d58062b354d125fa8e4f12bafc2c9af8737e5ed17f423386a,True,ok,641-1024
train,shiyan/data3/images/train/3991.jpg,3991,3991,.jpg,819,859,RGB,114632,92db7496bf15381c69b4d5ce7c4b982e03fede880202fc51cb247fc85a37c566,True,ok,641-1024
train,shiyan/data3/images/train/3992.jpg,3992,3992,.jpg,862,766,RGB,90836,e4a500c7eeefe32fee0af4d87546ae8a36db1e3f68bb4649abfebb9d4909ec55,True,ok,641-1024
train,shiyan/data3/images/train/3993.jpg,3993,3993,.jpg,793,785,RGB,62715,5e54c41b1cbb397ddba8a04917611351a094458d7cb96d06bed1b7ab62dd56a4,True,ok,641-1024
train,shiyan/data3/images/train/3994.jpg,3994,3994,.jpg,903,781,RGB,46059,6a266aaf7c4a566d4eb9720aaf0ba808e725e1e3e9af87e91c72adc9b263c31e,True,ok,641-1024
train,shiyan/data3/images/train/3995.jpg,3995,3995,.jpg,815,778,RGB,34903,4498bf470918db6b151b0243202403e968e2954643de461598dc76c587c6c662,True,ok,641-1024
train,shiyan/data3/images/train/3996.jpg,3996,3996,.jpg,832,778,RGB,37151,185a397c81b3b85300f0efa377ab9f9a1c98b9b4baf3e88284a2731eafbc28dc,True,ok,641-1024
train,shiyan/data3/images/train/3997.jpg,3997,3997,.jpg,907,789,RGB,44136,e2ed5594984d85b8631bd469713fd31420f24951b721eefc74db903325f53409,True,ok,641-1024
train,shiyan/data3/images/train/3998.jpg,3998,3998,.jpg,836,833,RGB,84422,aa701d23588f65dd80717da4b06e6ece7df74df0197b71c97ac10a70ccb76a18,True,ok,641-1024
train,shiyan/data3/images/train/3999.jpg,3999,3999,.jpg,797,807,RGB,81700,451307aa5ed2d8647ede8eebe531106e74d6b77ea0bc35a73ee4d23217884e40,True,ok,641-1024
train,shiyan/data3/images/train/4000.jpg,4000,4000,.jpg,800,800,RGB,291052,e2d4b2abf11f5bf345c3793ebca8dae697a6e0b8eb1b547f935b70cb71b9a391,True,ok,641-1024
train,shiyan/data3/images/train/4001.jpg,4001,4001,.jpg,800,800,RGB,319386,0290d3840b61eeaf456c872bdf6bcb2ca24582bfd25b442a1a6761327ee07e20,True,ok,641-1024
train,shiyan/data3/images/train/4002.jpg,4002,4002,.jpg,790,881,RGB,94124,01b26b980d1705af18be7ff49cdd8245bcb55855f6b9898e68cc300d31da56b3,True,ok,641-1024
train,shiyan/data3/images/train/4003.jpg,4003,4003,.jpg,828,778,RGB,70217,aed6ba9cc24eafb4477860ecd172fc559d38b8c19e031e92f22ced89487c812c,True,ok,641-1024
train,shiyan/data3/images/train/4004.jpg,4004,4004,.jpg,797,768,RGB,54781,8a0027def30af000227f3d95d83ef7a3cb6ae883ca90aee390f8846b2f447b08,True,ok,641-1024
train,shiyan/data3/images/train/4005.jpg,4005,4005,.jpg,728,697,RGB,67764,97ce96d6f04300f54f33f130d299d45d9d85c3e00125ce01a0892206b1bf7b9d,True,ok,641-1024
train,shiyan/data3/images/train/4006.jpg,4006,4006,.jpg,794,770,RGB,107557,b8670b27e9274c97641ddb1d81d3bd1fbdb71f207c36e349dc294292911d3ad4,True,ok,641-1024
train,shiyan/data3/images/train/4007.jpg,4007,4007,.jpg,798,754,RGB,95374,eff94e0ebb15aa41fe6f6932669d01a1b5c4001ec25022ec5fa0c045cd410bb1,True,ok,641-1024
train,shiyan/data3/images/train/4008.jpg,4008,4008,.jpg,705,720,RGB,83873,3f39ff2f1a85eb6e05377d7387a347d815dc06cc9c9a79c534009b967ad2ea92,True,ok,641-1024
train,shiyan/data3/images/train/4009.jpg,4009,4009,.jpg,715,717,RGB,110787,8478b944b4fec232942ce59bc52c4f6c01895b57ed2d58de7004ff258ab91747,True,ok,641-1024
train,shiyan/data3/images/train/4010.jpg,4010,4010,.jpg,733,710,RGB,100352,4ecf7e262a767d031f60ce45e7ba5a830ce886fcc7060b54c469b2f125b7c202,True,ok,641-1024
train,shiyan/data3/images/train/4011.jpg,4011,4011,.jpg,800,800,RGB,376399,c763c0b2c1886941001292a38cd16e335c95d8d099a52b0970803ce7b43b207b,True,ok,641-1024
train,shiyan/data3/images/train/4012.jpg,4012,4012,.jpg,886,791,RGB,105580,5153c6192f634d1d8e6e8fa074aa7547ec08b27ff2c31e2917d335c7fe7105c4,True,ok,641-1024
train,shiyan/data3/images/train/4013.jpg,4013,4013,.jpg,809,703,RGB,87555,e44cc0c9e4a10e96f0d0cccb4ba2f30bbb07aaf28e699884b192ab9a77b3c98d,True,ok,641-1024
train,shiyan/data3/images/train/4014.jpg,4014,4014,.jpg,812,765,RGB,40696,6dea69d072bf957304a80154bb27fcf8bb43a144fb934d5c8690c95549a4daba,True,ok,641-1024
train,shiyan/data3/images/train/4015.jpg,4015,4015,.jpg,1118,698,RGB,62660,8bfc8668688cd5f47fcbcb5b27eb22bf4b55ac59c5584444e0f76284d34f4951,True,ok,1025-1536
train,shiyan/data3/images/train/4016.jpg,4016,4016,.jpg,817,735,RGB,94770,ad631a4fd925a878a52ea39ca298e768e48aac2cf9cb3ee8cac0d38ba7e79382,True,ok,641-1024
train,shiyan/data3/images/train/4017.jpg,4017,4017,.jpg,803,700,RGB,78520,ab70f81e039645fcf7d8663300b882b78fa882447fcecbf9b176b43d2e37ad2d,True,ok,641-1024
train,shiyan/data3/images/train/4018.jpg,4018,4018,.jpg,791,760,RGB,66369,5fc2bf8050e5a311db6bc9197e7d53ebac296f2aa2c73e007ac2b4256450fccd,True,ok,641-1024
train,shiyan/data3/images/train/4019.jpg,4019,4019,.jpg,799,783,RGB,69057,a765107725c6c1955b433441533d3a12c4e702f84ddef6f28169d9ce21a58878,True,ok,641-1024
train,shiyan/data3/images/train/4020.jpg,4020,4020,.jpg,1094,811,RGB,87910,b8a423ad5adc7850229fc6e45a41e3d0b7e53c159aa0944e57275f1985e0159c,True,ok,1025-1536
train,shiyan/data3/images/train/4021.jpg,4021,4021,.jpg,877,805,RGB,119517,37710bc409ee3afa3c4301aa1690351b504042e831f521553b75ef9c8135dddf,True,ok,641-1024
train,shiyan/data3/images/train/4022.jpg,4022,4022,.jpg,747,791,RGB,103217,572447e3dbc747c3490fcb19b20ed1873db1deb690225f2c8224efede43d4d7d,True,ok,641-1024
train,shiyan/data3/images/train/4023.jpg,4023,4023,.jpg,757,772,RGB,111652,515020c4499f401b314ed51a39ae46aecf378168237eaffbd4e8e9242ea874c0,True,ok,641-1024
train,shiyan/data3/images/train/4024.jpg,4024,4024,.jpg,802,780,RGB,100398,269a7cc15aad57fa92661a13ab3e0702d47d832e6bb9881fe3922da01f771ee2,True,ok,641-1024
train,shiyan/data3/images/train/4025.jpg,4025,4025,.jpg,777,769,RGB,115043,ee685edd057aa29ca2969ae08779d1656f58c8c170e0ae78723678df43589915,True,ok,641-1024
train,shiyan/data3/images/train/4026.jpg,4026,4026,.jpg,794,777,RGB,86215,d882c390c331e51d8510deff0033a5a47a67f0c091506ecd1d9ba1e163acd959,True,ok,641-1024
train,shiyan/data3/images/train/4027.jpg,4027,4027,.jpg,997,835,RGB,151297,cf8b5e7396ca2750a20502a5fe7d63b7cca4649454dead3129abba02baad8ffc,True,ok,641-1024
train,shiyan/data3/images/train/4028.jpg,4028,4028,.jpg,774,762,RGB,96743,8fef96a298154b1731dfb7dd769d0a6a6e331aea715264b321d8e9e839304318,True,ok,641-1024
train,shiyan/data3/images/train/4029.jpg,4029,4029,.jpg,793,768,RGB,102530,4c0c6f97e3bf90aa08598516ac5c5681ab0c67bcb7e51c849f648244712ae011,True,ok,641-1024
train,shiyan/data3/images/train/4030.jpg,4030,4030,.jpg,769,795,RGB,97891,acdf6eb4da9e939c0588339784729fc9d1ccd27614da6b6524166e6dbd37ddb6,True,ok,641-1024
train,shiyan/data3/images/train/4031.jpg,4031,4031,.jpg,822,776,RGB,94961,b0e8d096cce2d5475db615c5afec1f76657d88e00105802250bcc189e0b7ef6b,True,ok,641-1024
train,shiyan/data3/images/train/4032.jpg,4032,4032,.jpg,938,720,RGB,104658,d7a5957166531e224137e96d508775a885ad53ccb239620051b011cbaeb82561,True,ok,641-1024
train,shiyan/data3/images/train/4033.jpg,4033,4033,.jpg,800,800,RGB,275755,85c6ad790c4aa37de655714429b14f4ca319508449174f81a8a74ab72b54af45,True,ok,641-1024
train,shiyan/data3/images/train/4034.jpg,4034,4034,.jpg,800,767,RGB,111641,4f7b8b10572bf401ab9fac02e08fa88be789b79ad260d1d070cb4f55ccbb2950,True,ok,641-1024
train,shiyan/data3/images/train/4035.jpg,4035,4035,.jpg,892,715,RGB,89927,868ec281fcfb39e47dba30e3c104f5817a7396571cc001f696b534a17ae13331,True,ok,641-1024
train,shiyan/data3/images/train/4036.jpg,4036,4036,.jpg,800,800,RGB,316594,16ee53f280db79ab03a99c9b233dd831a9e99389d43209c8b032a515e8a26ec1,True,ok,641-1024
train,shiyan/data3/images/train/4037.jpg,4037,4037,.jpg,722,666,RGB,63312,28da1e24f5ce9ec47f960ff1c5328ecfab0ff18606a1d7898d2cfd8a58a7b40f,True,ok,641-1024
train,shiyan/data3/images/train/4038.jpg,4038,4038,.jpg,781,731,RGB,74212,b31ae1a802c35206957b936e9e50195f6bb567bec9b8535b668590b1b2083151,True,ok,641-1024
train,shiyan/data3/images/train/4039.jpg,4039,4039,.jpg,885,746,RGB,57892,864a0f9ae619f6995350cf5a3efe7a3ca05497fce309bd0fa1b056e6b9fd4b6b,True,ok,641-1024
train,shiyan/data3/images/train/4040.jpg,4040,4040,.jpg,787,754,RGB,54856,6d3dcb5f0c18e6aff5754254aae48122aaea96346bb65ab5c92623ff41e58fdb,True,ok,641-1024
train,shiyan/data3/images/train/4041.jpg,4041,4041,.jpg,803,740,RGB,42640,ab3b5cb593539e98e055770fa7072545129c5a6b9d7d2b1d14f044a2a9b3770a,True,ok,641-1024
train,shiyan/data3/images/train/4042.jpg,4042,4042,.jpg,853,809,RGB,91155,96b3471afe88abb67658b2f5116dbd99728ef534229cf0d40bc4be01e85a9560,True,ok,641-1024
train,shiyan/data3/images/train/4043.jpg,4043,4043,.jpg,853,839,RGB,106832,d480b2d877ed2f47d8cc8334b9d74034373d4511d4aacc4ad4f0a7a4239a65a0,True,ok,641-1024
train,shiyan/data3/images/train/4044.jpg,4044,4044,.jpg,816,805,RGB,107269,a4801aac2b5d350a94ca9c5d999d817603b84fbcdfd3965410bfc52960a78c97,True,ok,641-1024
train,shiyan/data3/images/train/4045.jpg,4045,4045,.jpg,791,797,RGB,99268,2623c5df649430a59f29cef762eafc0424fe7a16c8db6693fce2bde8980fcc59,True,ok,641-1024
train,shiyan/data3/images/train/4046.jpg,4046,4046,.jpg,931,810,RGB,88916,6787e3d3eea1051f5d242e906561344e0424468be186a3c428721562af49aa7a,True,ok,641-1024
train,shiyan/data3/images/train/4047.jpg,4047,4047,.jpg,825,817,RGB,86407,ea9751f087717a8df52dd56f4e0cb92d1839158b5c72d3e23da885d376bfac0a,True,ok,641-1024
train,shiyan/data3/images/train/4048.jpg,4048,4048,.jpg,1206,794,RGB,116340,89f17852f2f88ca372305ac18b8ead5ace8827c61e3229165bdc20c297a9608b,True,ok,1025-1536
train,shiyan/data3/images/train/4049.jpg,4049,4049,.jpg,890,788,RGB,92611,91b712fa696771deb32ba901e9b76a876f6a4938037795082bfc8e38a60026f3,True,ok,641-1024
train,shiyan/data3/images/train/4050.jpg,4050,4050,.jpg,803,808,RGB,77082,552c914b28bd491c7468d1136448f7f814a321f82a1049c41df4a81ec4f69a54,True,ok,641-1024
train,shiyan/data3/images/train/4051.jpg,4051,4051,.jpg,847,815,RGB,102504,9097b7b1ebd07f772c73c767a4a8903e783f80df60849246015550f9b67b56db,True,ok,641-1024
train,shiyan/data3/images/train/4052.jpg,4052,4052,.jpg,825,772,RGB,97001,b21b743717cb631432d5e4b7dc9f928fe864047c62ae3659bdd7e3da2091667e,True,ok,641-1024
train,shiyan/data3/images/train/4053.jpg,4053,4053,.jpg,879,817,RGB,92616,a9bdb9e6aa87c11576e643c54bf99ec6146e4530d2303bd62e693122b7d0dfff,True,ok,641-1024
train,shiyan/data3/images/train/4054.jpg,4054,4054,.jpg,877,757,RGB,105150,441fef569c1b28658782b15cb0ed99821ddb397b3a91fed28be32ba15ed27361,True,ok,641-1024
train,shiyan/data3/images/train/4055.jpg,4055,4055,.jpg,851,803,RGB,74292,c5102e309c50cdeed6988235300f1225d3effec3dd0f59fdbd499c92b6c201e3,True,ok,641-1024
train,shiyan/data3/images/train/4056.jpg,4056,4056,.jpg,826,799,RGB,90845,56840ca67b1d963309308a7498f9793f64864c612f1f7215c87657d15345b072,True,ok,641-1024
train,shiyan/data3/images/train/4057.jpg,4057,4057,.jpg,832,838,RGB,91457,02129ec5ee00465ccc62ae8560b20603dcc86a300bced1f2b39e881f94a4f951,True,ok,641-1024
train,shiyan/data3/images/train/4058.jpg,4058,4058,.jpg,1172,740,RGB,116563,e88ea06cd67be28cd53cb3fbe17a07c700946a513c0d9bedc44f54e6781c9515,True,ok,1025-1536
train,shiyan/data3/images/train/4059.jpg,4059,4059,.jpg,965,779,RGB,86234,b9e06b8ccdf3642996257925d99c6df77f11716da6ff05d815ec9b50a338210c,True,ok,641-1024
train,shiyan/data3/images/train/4060.jpg,4060,4060,.jpg,810,780,RGB,62661,657f27fc063dae8081c7eb174378cc9d87c9822d475663d8a031b6780e8e67a7,True,ok,641-1024
train,shiyan/data3/images/train/4061.jpg,4061,4061,.jpg,816,740,RGB,54285,dd0b301d92337126a6a3995ee516e0797e296db5edc1fdf32ef5fbe1b04d9754,True,ok,641-1024
train,shiyan/data3/images/train/4062.jpg,4062,4062,.jpg,926,781,RGB,68993,92e5d0038b843fdbb30d5dd4d86c1f8b5fe89e0de39aa31b740235ddc0576d62,True,ok,641-1024
train,shiyan/data3/images/train/4063.jpg,4063,4063,.jpg,802,695,RGB,86872,38fa92872565dbafb89aee4f92b6dbcdb8962cf60db6678b17abf5f3f3503ab1,True,ok,641-1024
train,shiyan/data3/images/train/4064.jpg,4064,4064,.jpg,962,796,RGB,105336,21358c22723b7a414d57eb7927adddf6be0417646d70b83d57eaaa62f83d71a3,True,ok,641-1024
train,shiyan/data3/images/train/4065.jpg,4065,4065,.jpg,848,803,RGB,96586,d01acebcfd858f663977d9eeac3cd93e5dbafdc7c42f381ae373de15da64d12e,True,ok,641-1024
train,shiyan/data3/images/train/4066.jpg,4066,4066,.jpg,805,785,RGB,83039,27c4b01f9aeda2a1745d3748416874cd3bcd0e5da76012e31d2ccdf07151092c,True,ok,641-1024
train,shiyan/data3/images/train/4067.jpg,4067,4067,.jpg,851,749,RGB,94091,5fa3abfdca1c83e74cadb70533083e21966234fbb779ebd9d8a618748696ce98,True,ok,641-1024
train,shiyan/data3/images/train/4068.jpg,4068,4068,.jpg,801,748,RGB,69694,7fa1b76e40f501a0a276caa7e172256d8ddaba888877b391f775e877a715c970,True,ok,641-1024
train,shiyan/data3/images/train/4069.jpg,4069,4069,.jpg,892,751,RGB,75816,d51a4f3423fb18dabc86315f2b63cd3ff4c66f01cde63aca066b7d9b5f3eae2f,True,ok,641-1024
train,shiyan/data3/images/train/4070.jpg,4070,4070,.jpg,882,848,RGB,110643,2b4e03f672dc1ef5109923587d39467646055dcf32baf5bcc4c57d772e62731d,True,ok,641-1024
train,shiyan/data3/images/train/4071.jpg,4071,4071,.jpg,799,796,RGB,82625,03ab9ce38c792126115a5c9df23cbf6c496feb8bafe7a5ba31182e60c7ede7d2,True,ok,641-1024
train,shiyan/data3/images/train/4072.jpg,4072,4072,.jpg,822,801,RGB,84107,7bf9b309d7458a9606ea6ab61df23fee071cf68063bac726e54cc1c2bc704937,True,ok,641-1024
train,shiyan/data3/images/train/4073.jpg,4073,4073,.jpg,888,751,RGB,107382,62ff1af808f8f4c83b4fb1f789f3102cc3c1f728945ee51994c48fdac62003e2,True,ok,641-1024
train,shiyan/data3/images/train/4074.jpg,4074,4074,.jpg,808,800,RGB,79580,3ea8dd212ed972cb365df53b4e4085130b25cceef4a3c692e7591736b2be97c9,True,ok,641-1024
train,shiyan/data3/images/train/4075.jpg,4075,4075,.jpg,814,800,RGB,76558,e41caaad82f83aeb8943ff3ee3946057d6e6f938f98d0f56529e6ce1e772003d,True,ok,641-1024
train,shiyan/data3/images/train/4076.jpg,4076,4076,.jpg,799,797,RGB,77590,d55174c2bee9e4459a90288dae6a68943f8f9046ef9e2ef598d1310a83eb49d9,True,ok,641-1024
train,shiyan/data3/images/train/4077.jpg,4077,4077,.jpg,831,753,RGB,77316,7391707e702c1f2ce7b7398a8924b5cc8fcf204971827a41ccc3f1c35aee5697,True,ok,641-1024
train,shiyan/data3/images/train/4078.jpg,4078,4078,.jpg,804,798,RGB,94449,521f70256b1c6671fab45d3bf1959fe0bf9d92f222e20c8a46a246d72753b308,True,ok,641-1024
train,shiyan/data3/images/train/4079.jpg,4079,4079,.jpg,802,781,RGB,102687,8de37df76db80092bc95959726f5f970b2d41f7c70183876321202c1fb13cd0a,True,ok,641-1024
train,shiyan/data3/images/train/4080.jpg,4080,4080,.jpg,883,825,RGB,113242,08510d5b1adedb21aaa6a7838b8ed6ffa692d359b40eebc594c387e50234a6c8,True,ok,641-1024
train,shiyan/data3/images/train/4081.jpg,4081,4081,.jpg,840,817,RGB,80115,abff298a127bbc61b5197be6b371dfc0d8509b1dee55066b79a8db31bb1b28c7,True,ok,641-1024
train,shiyan/data3/images/train/4082.jpg,4082,4082,.jpg,838,804,RGB,104459,61b8d4c6a8fe7ecdb180fa5caa4d03f06697e41277d96adc30f55ca0fce78e5d,True,ok,641-1024
train,shiyan/data3/images/train/4083.jpg,4083,4083,.jpg,837,851,RGB,94115,7ab578d1143d1aba2adfd0b251a46badc893536e43e5dc7ca12bbdf2f6eac128,True,ok,641-1024
train,shiyan/data3/images/train/4084.jpg,4084,4084,.jpg,836,796,RGB,88790,fe991bab9e3df9aca4adc47cc910b7ad02cd809ec14dff53f523710db78b548c,True,ok,641-1024
train,shiyan/data3/images/train/4085.jpg,4085,4085,.jpg,820,804,RGB,86939,a079a8a4098ce0edfbae9bf48ff723a8518c9b4bf6a7d4949a1feea1e306aa0c,True,ok,641-1024
train,shiyan/data3/images/train/4086.jpg,4086,4086,.jpg,851,852,RGB,116415,89d19532091916b5faa039043eabdb00111a790928b2f9ab7f8acd79b906da8a,True,ok,641-1024
train,shiyan/data3/images/train/4087.jpg,4087,4087,.jpg,989,785,RGB,93231,f0b573adfa41161439a3ea18c8ea32d518c98945425a1280671411b099b550ee,True,ok,641-1024
train,shiyan/data3/images/train/4088.jpg,4088,4088,.jpg,1015,800,RGB,104087,e39a44e12e5d82c9c52bfda585c000c64f029161a81946e7efd669761eec5bd7,True,ok,641-1024
train,shiyan/data3/images/train/4089.jpg,4089,4089,.jpg,924,784,RGB,64097,312ecd40da08ee995877b2f183d9f46fe9983681699c5c4129b149322c88310a,True,ok,641-1024
train,shiyan/data3/images/train/4090.jpg,4090,4090,.jpg,955,812,RGB,91202,8428ff3b241af767489534c32b0ad0dcc57c137426bb7ea4c9832ba429fe1935,True,ok,641-1024
train,shiyan/data3/images/train/4091.jpg,4091,4091,.jpg,827,761,RGB,74289,42873840d78d42c708c7c0e24f55165d86981a77a50134b80d74c8d8d68bdcbe,True,ok,641-1024
train,shiyan/data3/images/train/4092.jpg,4092,4092,.jpg,930,818,RGB,82599,97da1d79a1649917acf16dfeb370c5d6e2280e9f2245ebdd9cccee60307154d6,True,ok,641-1024
train,shiyan/data3/images/train/4093.jpg,4093,4093,.jpg,846,805,RGB,71651,4336ff302c302bff6a9f2ad3eb235798537ae4d73009a50c654e3fe2899c886d,True,ok,641-1024
train,shiyan/data3/images/train/4094.jpg,4094,4094,.jpg,849,796,RGB,79740,0feb5ba9bf97de16022520a32b466c13f8f17269eb87b98bc7b1e7ca192f0acc,True,ok,641-1024
train,shiyan/data3/images/train/4095.jpg,4095,4095,.jpg,956,812,RGB,84241,bc11b0b50f5f537c1f9af78de65d5fef5071f0e7037f10278b695f43552fce43,True,ok,641-1024
train,shiyan/data3/images/train/4096.jpg,4096,4096,.jpg,843,893,RGB,110038,73634dd0a2bc70345f6637296175f5597f9b542aebe0a3c8fc15b4b6f44e0e88,True,ok,641-1024
train,shiyan/data3/images/train/4097.jpg,4097,4097,.jpg,807,808,RGB,77443,2bca65c346577333ec142b499d65987632a22bddb46fb42086268db5c36b3eea,True,ok,641-1024
train,shiyan/data3/images/train/4098.jpg,4098,4098,.jpg,795,768,RGB,79875,504f7be10e3c0ba8739b8b41aa4b9f008f00d4a19598f1eba5d284ef4f1bce65,True,ok,641-1024
train,shiyan/data3/images/train/4099.jpg,4099,4099,.jpg,845,804,RGB,72047,6e8abd993e46c4ca43fdfed79bb6a3f02a13194263bbcda862616b6dd84925c4,True,ok,641-1024
train,shiyan/data3/images/train/4100.jpg,4100,4100,.jpg,783,783,RGB,66182,ae5af0624b6ccd474da369c23b28b5c607111ba5f625ed20dc3678b31d4fd1f0,True,ok,641-1024
train,shiyan/data3/images/train/4101.jpg,4101,4101,.jpg,844,801,RGB,92512,665b516a555adf83c40bb18f7745bd5aab756b52db34f5247a33b0bf4b1e4227,True,ok,641-1024
train,shiyan/data3/images/train/4102.jpg,4102,4102,.jpg,800,800,RGB,420740,f92b47f36a762e77f964cb8625684a609c5c0bfba786b20d8fb888ac974e7cad,True,ok,641-1024
train,shiyan/data3/images/train/4103.jpg,4103,4103,.jpg,805,804,RGB,119227,db9ce4b6f1815f9d413dd4333838d640b3ef64a292f0415787297fadf5347221,True,ok,641-1024
train,shiyan/data3/images/train/4104.jpg,4104,4104,.jpg,874,930,RGB,143752,70fff4cb183b25ffb026cc1f4b29e290eb6be731c8f46b856bf8824dce75821b,True,ok,641-1024
train,shiyan/data3/images/train/4105.jpg,4105,4105,.jpg,789,774,RGB,89614,e5107d11a8834252b854081d35909349a4b039b08e3895079b5b60654f1613f3,True,ok,641-1024
train,shiyan/data3/images/train/4106.jpg,4106,4106,.jpg,812,777,RGB,89139,c992a94b0520a184d450402ec577e95aef40351b347fa6b150f1216e4c41ae28,True,ok,641-1024
train,shiyan/data3/images/train/4107.jpg,4107,4107,.jpg,805,790,RGB,86491,25b8ad2839bbf2b2b697477dc49affdb22786b2ce981a1bbc99f4b5df480d758,True,ok,641-1024
train,shiyan/data3/images/train/4108.jpg,4108,4108,.jpg,817,726,RGB,84317,0ec7ddd2542a66ee8dc665cccec842bf7183992226bfe5db13eb75fe0232ac4b,True,ok,641-1024
train,shiyan/data3/images/train/4109.jpg,4109,4109,.jpg,785,745,RGB,55859,4b4161e7c1706a8a17b61e2389c966f475ee9313f3545937bad6f4df6f8301bd,True,ok,641-1024
train,shiyan/data3/images/train/4110.jpg,4110,4110,.jpg,865,820,RGB,66960,64dc29ec49e374e59318659c77f071f8a0a67475e2fe18df25b65a2e3b6bc90d,True,ok,641-1024
train,shiyan/data3/images/train/4111.jpg,4111,4111,.jpg,798,792,RGB,53103,7083d7a659216e8c735d24ee19aa122dc10e1048a01ba0802c0627962e3d8697,True,ok,641-1024
train,shiyan/data3/images/train/4112.jpg,4112,4112,.jpg,783,783,RGB,48766,f948f6d82fe6adaf80c78679f2759886af8f60f31f9af3459501424d7007a106,True,ok,641-1024
train,shiyan/data3/images/train/4113.jpg,4113,4113,.jpg,798,771,RGB,62907,5bee8f83c9aa54e6be66eb6ec7084320db62a94ae9733261db77fdb0c83701a2,True,ok,641-1024
train,shiyan/data3/images/train/4114.jpg,4114,4114,.jpg,824,876,RGB,95642,9d1d1f91715c75b2e1daac27ae5f39c1e8f9fe4de5218266a9fc0477ce991488,True,ok,641-1024
train,shiyan/data3/images/train/4115.jpg,4115,4115,.jpg,809,796,RGB,80324,ede2c1a62ce7ed40ec3275f8e16693eec63e1532ed8a3ad583d9505af837f50e,True,ok,641-1024
train,shiyan/data3/images/train/4116.jpg,4116,4116,.jpg,1384,676,RGB,141546,c08e0fe3dc7b8c208a728b12b3f64f40a342a47f5b994920e37e8c5b0398af72,True,ok,1025-1536
train,shiyan/data3/images/train/4117.jpg,4117,4117,.jpg,830,801,RGB,67578,5420b2707ce6f4ce9efae1eb45bb4aa2c12d6fcf3f93a1aeab9333a8dd985e4b,True,ok,641-1024
train,shiyan/data3/images/train/4118.jpg,4118,4118,.jpg,791,795,RGB,53500,3cda33b5c05b7ec5adafe8e370021a49780ad6c999e0b296c550dbceb83714a8,True,ok,641-1024
train,shiyan/data3/images/train/4119.jpg,4119,4119,.jpg,785,708,RGB,42654,87f5cc09ed532cc2485c2be5bf26d3ef6d87bec6a416c9f949302609521d0eb2,True,ok,641-1024
train,shiyan/data3/images/train/4120.jpg,4120,4120,.jpg,796,743,RGB,40429,6b6ad0805b0c2496261a7e9f81c854537ff0c9d3e1e094a9ca658a3f876ccb67,True,ok,641-1024
train,shiyan/data3/images/train/4121.jpg,4121,4121,.jpg,746,761,RGB,41292,5fcc8b1f764348beeac4906e3e96e4f6537850a0b458fcfd63bb92f5394f44a8,True,ok,641-1024
train,shiyan/data3/images/train/4122.jpg,4122,4122,.jpg,810,772,RGB,61656,084020f76d171a3a8efeeed9c7636e7e31a0e73944f61e5317a0811096ad6d76,True,ok,641-1024
train,shiyan/data3/images/train/4123.jpg,4123,4123,.jpg,812,760,RGB,41170,1f9b9e2c0fdcf0f21c7538934f4ef1685b940882565903a02a6f785b6d79c44e,True,ok,641-1024
train,shiyan/data3/images/train/4124.jpg,4124,4124,.jpg,786,781,RGB,65424,331b1b49aecd295c2804a4d45f71698a64f048f4abadd6d6a5165b69aeeb5322,True,ok,641-1024
train,shiyan/data3/images/train/4125.jpg,4125,4125,.jpg,874,885,RGB,113492,0276c194a277d224bf7011cd42ee79a74e50aba3ea4b7ae492a4159cadf82534,True,ok,641-1024
train,shiyan/data3/images/train/4126.jpg,4126,4126,.jpg,932,792,RGB,97814,9313287cade6a00c80efbd1c9e8497bcc325754c7082420b5f4e21d0a7e38b1f,True,ok,641-1024
train,shiyan/data3/images/train/4127.jpg,4127,4127,.jpg,820,844,RGB,126222,503260585cea1cef5e5a34127fde8c46b53da8e23091c7bb304f012ceffb9712,True,ok,641-1024
train,shiyan/data3/images/train/4128.jpg,4128,4128,.jpg,675,694,RGB,68426,bc84511478aecd5cb7c6a1236571f70c986cafebe2ce960cf2e4794e702bb34a,True,ok,641-1024
train,shiyan/data3/images/train/4129.jpg,4129,4129,.jpg,823,734,RGB,73744,ed85197599f3d1a0b109836a379d5332139de775dee7f4e3de818e912ea5cc9b,True,ok,641-1024
train,shiyan/data3/images/train/4130.jpg,4130,4130,.jpg,701,677,RGB,55438,47cb980a51a51e5cdfd34689e95dbb85f55c51a348fe28a12e83a6e3f27db807,True,ok,641-1024
train,shiyan/data3/images/train/4131.jpg,4131,4131,.jpg,807,737,RGB,86284,0d9530629bc8cfcf9092afa09a27246257bcfe684bd716fccc8eb70438d415ff,True,ok,641-1024
train,shiyan/data3/images/train/4132.jpg,4132,4132,.jpg,807,739,RGB,100011,e2d898a5c2cdfbb8c18dd87a9bb733fb070fc9836bb32d39baf9a2b1fb0b5999,True,ok,641-1024
train,shiyan/data3/images/train/4133.jpg,4133,4133,.jpg,891,821,RGB,96958,d8588fc0580eaddd18da90be54b6742495b4882f1c476531ac61944e298be5eb,True,ok,641-1024
train,shiyan/data3/images/train/4134.jpg,4134,4134,.jpg,755,764,RGB,84882,2fb1a8faf19bcba3eda6383c5f06921f84e39f6c67dba5a9daf050d81cc4fd88,True,ok,641-1024
train,shiyan/data3/images/train/4135.jpg,4135,4135,.jpg,776,742,RGB,104378,e6a558958b52d6970cfab1e70e71562538dcd25ba7af9587de82c7ab7eb378ae,True,ok,641-1024
train,shiyan/data3/images/train/4136.jpg,4136,4136,.jpg,752,735,RGB,84131,b4112e425ad2a3c7df601b3c62958004fbe821a77a04ff88170cd64b6e26a54c,True,ok,641-1024
train,shiyan/data3/images/train/4137.jpg,4137,4137,.jpg,787,760,RGB,109795,aadafe2d093bbf78aec29150ace6ca2c18d94ad054acad01723a311d17265c0b,True,ok,641-1024
train,shiyan/data3/images/train/4138.jpg,4138,4138,.jpg,809,776,RGB,69645,04575b59286c71f91d0b2665b3f243b647d9615991d09c4a79e2749707846d0f,True,ok,641-1024
train,shiyan/data3/images/train/4139.jpg,4139,4139,.jpg,830,775,RGB,96191,dac67483dcd2446f99aba5bb486ea124e4a53f3223f1368e71c8beb3ca81823c,True,ok,641-1024
train,shiyan/data3/images/train/4140.jpg,4140,4140,.jpg,984,819,RGB,119928,cc81679ffb214a29eadc7679bc31c75e8e8b3c39da46cb9fd6d043238cf65a80,True,ok,641-1024
train,shiyan/data3/images/train/4141.jpg,4141,4141,.jpg,808,746,RGB,93311,9075b00c66ae0a938fd05aa242593fc42f414a815519bfc871e31b9bb81efccb,True,ok,641-1024
train,shiyan/data3/images/train/4142.jpg,4142,4142,.jpg,711,612,RGB,70957,ae62beed9999e717dd28c1dc5451d9fc68cbf982599aa90bc5e81152b49be544,True,ok,641-1024
train,shiyan/data3/images/train/4143.jpg,4143,4143,.jpg,731,731,RGB,64087,25fe90a0cf88218d7671fabdda4d4e0ac69561f914295aebe53072d0120b548f,True,ok,641-1024
train,shiyan/data3/images/train/4144.jpg,4144,4144,.jpg,776,740,RGB,92639,f1d261ee61173ca3eb9847e0a81a31a8abb8c20c64ceb3e2078f3d977998a44a,True,ok,641-1024
train,shiyan/data3/images/train/4145.jpg,4145,4145,.jpg,848,834,RGB,108744,70fc49d548606040c44c8ff2acda27b4e3b4e50539ae46c1510b407dea769d6e,True,ok,641-1024
train,shiyan/data3/images/train/4146.jpg,4146,4146,.jpg,904,826,RGB,124688,eae8909c584c3b0bcaa902bd3265b4e97dd0b87986891cd2df3a73ae9424d3fd,True,ok,641-1024
train,shiyan/data3/images/train/4147.jpg,4147,4147,.jpg,1017,815,RGB,134660,e7e8bba57b61332328ed969079d01d73f59abc04c6d85106b7fc72f1387717e7,True,ok,641-1024
train,shiyan/data3/images/train/4148.jpg,4148,4148,.jpg,1035,746,RGB,92676,0261ff9cbc0d87afaf7e1602053ea17e11e26e3e37062b5b1934b013a054630a,True,ok,1025-1536
train,shiyan/data3/images/train/4149.jpg,4149,4149,.jpg,761,688,RGB,71395,40d3299d3630f679b81301404538f0e666aaac4cba7bfe6bdfd27a51fbbf304a,True,ok,641-1024
train,shiyan/data3/images/train/4150.jpg,4150,4150,.jpg,800,789,RGB,99589,50e7781ce40a6507d739fa4eb0e45149fa12170649ec12387646c9a71e45a643,True,ok,641-1024
train,shiyan/data3/images/train/4151.jpg,4151,4151,.jpg,839,783,RGB,81868,597c1b0a372dfdda0e945d1970da787d278874d63a6e2bb3cc33af51223350c5,True,ok,641-1024
train,shiyan/data3/images/train/4152.jpg,4152,4152,.jpg,811,743,RGB,84633,d0a5f86ab114e1be7776599e20f665016c1f6c0685fa495e401e903659326a3a,True,ok,641-1024
train,shiyan/data3/images/train/4153.jpg,4153,4153,.jpg,1333,738,RGB,148060,2e6755eb114968c5fce7bafcae6ae34771c2e458756bccb38993e1f36aea20bd,True,ok,1025-1536
train,shiyan/data3/images/train/4154.jpg,4154,4154,.jpg,806,811,RGB,96860,4fd4a919852172d0f6f5b7529fce5cef36d8ea55b47354d05e4d880bf0349144,True,ok,641-1024
train,shiyan/data3/images/train/4155.jpg,4155,4155,.jpg,836,854,RGB,103447,04d6e00067e616cc23b369f04ed086318a3ce4f81ea82d63d69f0bce49d28a71,True,ok,641-1024
train,shiyan/data3/images/train/4156.jpg,4156,4156,.jpg,795,724,RGB,81160,9f7bd3792da5fa533a089dc86f1b25614a89b800aac49ef3a48f31a5fa2b0e00,True,ok,641-1024
train,shiyan/data3/images/train/4157.jpg,4157,4157,.jpg,1018,733,RGB,98397,fbae0a32454c41b3c45748d571d46f4dcf85c7a6486fe674b44af97207d0b9a7,True,ok,641-1024
train,shiyan/data3/images/train/4158.jpg,4158,4158,.jpg,732,732,RGBA,1263768,b989c3639d0fc9964563b624fabe256880703046dab2e78180f8d38ad795313d,True,ok,641-1024
train,shiyan/data3/images/train/4159.jpg,4159,4159,.jpg,759,765,RGB,89355,e396f65b0ec90aaccd18157f1fbedd82394238585dff3157afcaeaa0476c0375,True,ok,641-1024
train,shiyan/data3/images/train/4160.jpg,4160,4160,.jpg,811,840,RGB,103187,e5ac089051187dbd99ac851efaf2642edfd349cc5829f7f9c5232b50ba2b4e24,True,ok,641-1024
train,shiyan/data3/images/train/4161.jpg,4161,4161,.jpg,829,762,RGB,98773,d00d3740145032ffeb1608bf35ff16dbdb4c0f8c0621130e67137b80ef36f72c,True,ok,641-1024
train,shiyan/data3/images/train/4162.jpg,4162,4162,.jpg,738,758,RGB,89364,76baec412557856c1c8c70d789971132a3bcdd27b2de7c5417d44271a4178ce4,True,ok,641-1024
train,shiyan/data3/images/train/4163.jpg,4163,4163,.jpg,1378,685,RGB,139501,ea69c1f3c0ae6245332e3f5ab0ce7641983934fe4cc9c1c6c3a354990414d1cf,True,ok,1025-1536
train,shiyan/data3/images/train/4164.jpg,4164,4164,.jpg,806,751,RGB,84755,afc782572b7dc231873c57c7d89e4b94bc36b398ed0328869ae591212b8325c4,True,ok,641-1024
train,shiyan/data3/images/train/4165.jpg,4165,4165,.jpg,729,716,RGB,78331,96ddc9ea74bb04e4a5b88495f4f2d43927554dfba4d83eafb3eb923a88d0d900,True,ok,641-1024
train,shiyan/data3/images/train/4166.jpg,4166,4166,.jpg,868,866,RGB,100542,c1bde72908c27989e83361f5ea165b5f1af53d9d4e8bc5cc485f325939303e84,True,ok,641-1024
train,shiyan/data3/images/train/4167.jpg,4167,4167,.jpg,695,695,RGB,159410,871291c7c2c47f68001ec648a2ad2a6d6b25d6c126093af8eccb3e4d6be7db4f,True,ok,641-1024
train,shiyan/data3/images/train/4168.jpg,4168,4168,.jpg,793,841,RGB,85679,190f0dc83cc05ae2799c97fa1912c5ee2ab57a5479de3d12739287ce7bf13e8f,True,ok,641-1024
train,shiyan/data3/images/train/4169.jpg,4169,4169,.jpg,772,730,RGB,77445,099678f2466b99fc7f932625faccaa71ff565a33cf1c2a28055727b5bcb8c10b,True,ok,641-1024
train,shiyan/data3/images/train/4170.jpg,4170,4170,.jpg,797,792,RGB,76877,5c10da28a84dd59c0929ecc01f7ed7af8becb9f3350810cad06a10baac3d9838,True,ok,641-1024
train,shiyan/data3/images/train/4171.jpg,4171,4171,.jpg,802,838,RGB,79807,e31bd8551053449f0045ed0205a7f70020fc95af282c0eafc4ed8b6a585300c5,True,ok,641-1024
train,shiyan/data3/images/train/4172.jpg,4172,4172,.jpg,1013,797,RGB,118254,256b317cbc126dd6f2d52550bb9e49c74901130c9d3374d84197305422cf7275,True,ok,641-1024
train,shiyan/data3/images/train/4173.jpg,4173,4173,.jpg,888,768,RGB,85491,e7793af0e6b20bc6251cdc7f777e5e2ac78981e52612b24aba7875b6ef2adc56,True,ok,641-1024
train,shiyan/data3/images/train/4174.jpg,4174,4174,.jpg,787,695,RGB,68790,6e9a307f31ad1c399ccf47f0206ff6d0ba9948211fc5f5fa4c365a3d5314f5c1,True,ok,641-1024
train,shiyan/data3/images/train/4175.jpg,4175,4175,.jpg,867,803,RGB,77579,f82e03f6b37da7853c59fe25ae2abb61e7ef80100232fc825cb5ed514bbc4b5a,True,ok,641-1024
train,shiyan/data3/images/train/4176.jpg,4176,4176,.jpg,736,737,RGB,193713,6d140806e9ce26dfc6c7595578a4a297e39f73b46c8d0138bab33724cb2b7b6f,True,ok,641-1024
train,shiyan/data3/images/train/4177.jpg,4177,4177,.jpg,819,755,RGB,82216,235cee8d440f386b026449c8fb14485e31e18cc6674947993bcb52b17402d477,True,ok,641-1024
train,shiyan/data3/images/train/4178.jpg,4178,4178,.jpg,838,792,RGB,109934,a28264640f7c4fc39dc53e49c1f8d8d3919dc233b81dc9fdfc9d73d95c91a33e,True,ok,641-1024
train,shiyan/data3/images/train/4179.jpg,4179,4179,.jpg,870,724,RGB,104809,deadca0e3a272a76d823b7af7ccaa3cc5c2c9ec189d8ae941eb46e99ce050968,True,ok,641-1024
train,shiyan/data3/images/train/4180.jpg,4180,4180,.jpg,822,793,RGB,65004,a283c41ac03a26dc13968d5d85c78029278e4e580b6fd2312415bc0b4f4a383d,True,ok,641-1024
train,shiyan/data3/images/train/4181.jpg,4181,4181,.jpg,816,834,RGB,100608,42954ca8a1a5889ca64441a4597f37bf64f2d555fd9da1c9de249e08fb278453,True,ok,641-1024
train,shiyan/data3/images/train/4182.jpg,4182,4182,.jpg,798,782,RGB,63323,b85d4a030f824d5d7f959de90996128d438b2f832df43b74657c653c91e1e0c9,True,ok,641-1024
train,shiyan/data3/images/train/4183.jpg,4183,4183,.jpg,1106,549,RGB,38796,a0aaed571ebc52b4a0a48efabd063cfde4c061f8297056de5f08925b03025106,True,ok,1025-1536
train,shiyan/data3/images/train/4184.jpg,4184,4184,.jpg,757,743,RGB,38241,8b01858af8e3812ab54a43d32468b1d75b21d4c13e61a3bd4be93198ed3e6d83,True,ok,641-1024
train,shiyan/data3/images/train/4185.jpg,4185,4185,.jpg,806,806,RGB,306127,4bdb8b7c576601785cf43e6ba3fec1c5e0ff3bf86ddf5a7d6c7f090eb782f455,True,ok,641-1024
train,shiyan/data3/images/train/4186.jpg,4186,4186,.jpg,773,786,RGB,42731,d7bce8c09166d3282e8bc0355b66d3c8e0cde418df2dcdecaeb668d87bc964bb,True,ok,641-1024
train,shiyan/data3/images/train/4187.jpg,4187,4187,.jpg,818,770,RGB,59185,a2f00c3818ed2c0fc0a2634820f1a840b2a74cc6982abdf312f81d8839015b36,True,ok,641-1024
train,shiyan/data3/images/train/4188.jpg,4188,4188,.jpg,1206,644,RGB,69463,a06d7d6e9d09ae57c3d873c7028bf4d0def92ff7b564aba903e9054c32d8aef2,True,ok,1025-1536
train,shiyan/data3/images/train/4189.jpg,4189,4189,.jpg,1090,654,RGB,63313,d09a14f5175ab7231d75f69c88c5bdc35e1826f9aadc6d8f887a4792b0968b5f,True,ok,1025-1536
train,shiyan/data3/images/train/4190.jpg,4190,4190,.jpg,801,740,RGB,35791,933059124b224c2e5a6da633f5d4de26dde0c1acd6b36271a04736633e4dfa73,True,ok,641-1024
train,shiyan/data3/images/train/4191.jpg,4191,4191,.jpg,949,796,RGB,92389,b9da3c329fa0d2f6f435125da33bcce87afeeaa5bb78b47cbec8b7653ff79ba5,True,ok,641-1024
train,shiyan/data3/images/train/4192.jpg,4192,4192,.jpg,747,798,RGB,72196,18a478f7bb712827af0bda1d35bc0e77a84f48d02f3e0bfc353222b0bbe4267f,True,ok,641-1024
train,shiyan/data3/images/train/4193.jpg,4193,4193,.jpg,778,759,RGB,75152,318ebfdc6e3d112d2a0257814c9d85aef355fbfcf3fca16086e476f2b154e29b,True,ok,641-1024
train,shiyan/data3/images/train/4194.jpg,4194,4194,.jpg,737,737,RGB,271868,5d2c851b3306b7f6eb83b19b6970bbb4d1d4ebdb48d7cf118eaea769e4ea62b1,True,ok,641-1024
train,shiyan/data3/images/train/4195.jpg,4195,4195,.jpg,841,695,RGB,75364,bd0e29f7f3ac8e4272de46efefeffbb3911d690605c286da5502b59f9c7720c7,True,ok,641-1024
train,shiyan/data3/images/train/4196.jpg,4196,4196,.jpg,802,806,RGB,82757,77528f3068bcadf6b4b990803b22d5fae2d81d94113bb0883de38b65c166f1bf,True,ok,641-1024
train,shiyan/data3/images/train/4197.jpg,4197,4197,.jpg,781,775,RGB,79894,708ce9c75f27a786f12fff1b784ae8e780a0323b163eee2a07b23fb680d3e72c,True,ok,641-1024
train,shiyan/data3/images/train/4198.jpg,4198,4198,.jpg,758,779,RGB,73624,0db16ef3fd80229b8af39946274581ee0bc86065b3520859b9a4cbc2c82d0994,True,ok,641-1024
train,shiyan/data3/images/train/4199.jpg,4199,4199,.jpg,792,772,RGB,82183,475ddbc415395b18429aa5a93a146ca8a64a9c8d565e99216627f24004f3fd22,True,ok,641-1024
train,shiyan/data3/images/train/4200.jpg,4200,4200,.jpg,877,723,RGB,92312,162c196d5ec1092d6af96059234c003d3738518a31725980431763b1f178e8ef,True,ok,641-1024
train,shiyan/data3/images/train/4201.jpg,4201,4201,.jpg,736,713,RGB,69140,c65ce83f602b7d0e58c0ccb11643cf9cc5ec0e42b167b73b98e0d64a771a4330,True,ok,641-1024
train,shiyan/data3/images/train/4202.jpg,4202,4202,.jpg,940,849,RGB,94936,fbd5eccc72e08884529e28b79dc674e59ea55d1b2273ea75ec2c4d5163a76b7e,True,ok,641-1024
train,shiyan/data3/images/train/4203.jpg,4203,4203,.jpg,1057,814,RGB,130087,2a805016a46bc3bea552ee21c637adc02eae0e0ea79dff900dd6e30ac36cdf13,True,ok,1025-1536
train,shiyan/data3/images/train/4204.jpg,4204,4204,.jpg,1320,744,RGB,157981,974997c35a2e1880c1d8befbc4e9b78e96cc32aaaa9c00f20d2f1faa00f354e4,True,ok,1025-1536
train,shiyan/data3/images/train/4205.jpg,4205,4205,.jpg,734,734,RGB,91012,635eb27bda88fee7c2f447d0f5b71724ef16d1fba65cb6a36e86865c08d228f9,True,ok,641-1024
train,shiyan/data3/images/train/4206.jpg,4206,4206,.jpg,1009,814,RGB,137570,7cdaa69e15c7977a48a1119df7c15c1c0e77e6d3edea7dce056b44a2f209ccf4,True,ok,641-1024
train,shiyan/data3/images/train/4207.jpg,4207,4207,.jpg,968,798,RGB,83651,736d2ba83026230874eb611122648e1b0833ceda58d455c9eff608be9b3791b9,True,ok,641-1024
train,shiyan/data3/images/train/4208.jpg,4208,4208,.jpg,802,844,RGB,99880,8154e82d40b376f059bcf22201d2842c242c64e7b0f583a50fb25d9a43b4e47f,True,ok,641-1024
train,shiyan/data3/images/train/4209.jpg,4209,4209,.jpg,802,837,RGB,82520,4c35717ff8bcdb0cd0a30dd19f49f0e99e36ecfad20f00fdd82ff1b0b8ec8935,True,ok,641-1024
train,shiyan/data3/images/train/4210.jpg,4210,4210,.jpg,785,798,RGB,85641,ca0c95df26a2a255eefaab6cd7d0df5dda6edcc14554ff4f7b6d9f70a6b958bb,True,ok,641-1024
train,shiyan/data3/images/train/4211.jpg,4211,4211,.jpg,816,851,RGB,89746,04d07edb8a6877c76653a0bceb8a16abdd854d1a1ef95acec71eea1c1faba701,True,ok,641-1024
train,shiyan/data3/images/train/4212.jpg,4212,4212,.jpg,795,656,RGB,65530,c82850e3f031a2a5a5647970ff0f5c9af53c1bfa9299f631edb0acb6f9a9308a,True,ok,641-1024
train,shiyan/data3/images/train/4213.jpg,4213,4213,.jpg,795,772,RGB,88217,72cb1a860e7339bedd603285dea3ce70f69f3c87bcaaa1fcfb182ee717c0d490,True,ok,641-1024
train,shiyan/data3/images/train/4214.jpg,4214,4214,.jpg,807,783,RGB,65078,ee79cfaca977a10fe4618642f6899e2519c7f5ebbb291e647b19a83e2241e209,True,ok,641-1024
train,shiyan/data3/images/train/4215.jpg,4215,4215,.jpg,800,800,RGB,407633,72f92a8be77728413f16edb83fe4ecc3efff6bc8b53d32659cce70eafd98a787,True,ok,641-1024
train,shiyan/data3/images/train/4216.jpg,4216,4216,.jpg,735,735,RGB,90710,8c5d1102482f70369557d37f7cef5735e9ef16a740c313b3e23d7223c648a308,True,ok,641-1024
train,shiyan/data3/images/train/4217.jpg,4217,4217,.jpg,890,725,RGB,43281,94d81c6a0337439cbb988c3348a1bd86bd564bd59391a38b7d1f6d732a3dea70,True,ok,641-1024
train,shiyan/data3/images/train/4218.jpg,4218,4218,.jpg,1148,721,RGB,71806,59af2766098fd5687780f55a84bb12be4b750376be49f77a3a96a20406fcda49,True,ok,1025-1536
train,shiyan/data3/images/train/4219.jpg,4219,4219,.jpg,1127,755,RGB,65353,b311afbcccfffeadac2428d36eee9146d08fb22d67f7876ff649af01dd926e8a,True,ok,1025-1536
train,shiyan/data3/images/train/4220.jpg,4220,4220,.jpg,1167,720,RGB,69004,a48638439edb0a09646a71db697554de8c0a3ff64e54cae53a7d915e195b04f1,True,ok,1025-1536
train,shiyan/data3/images/train/4221.jpg,4221,4221,.jpg,1230,743,RGB,89726,7928e63d925a5dfc646ce6aef477718636852227bb94169cf4491bb380f7590e,True,ok,1025-1536
train,shiyan/data3/images/train/4222.jpg,4222,4222,.jpg,810,729,RGB,52941,e1680ceb1c9d1af4794e16f95f6a23633831d9fa7a63ada5f669d031465e97ee,True,ok,641-1024
train,shiyan/data3/images/train/4223.jpg,4223,4223,.jpg,804,769,RGB,48335,585a9494171493fccb5f92faf85b6692a547fd06d91b17cc286467bf47118b4f,True,ok,641-1024
train,shiyan/data3/images/train/4224.jpg,4224,4224,.jpg,938,737,RGB,66956,da29786dc62a31600de30244f114f61e6a99f6f7fe411bdb172d39573b6d91f5,True,ok,641-1024
train,shiyan/data3/images/train/4225.jpg,4225,4225,.jpg,833,775,RGB,70194,f8f3da64e6902026567ce80b94ef40b4811ac6fe2f908fb8af078140f2978da9,True,ok,641-1024
train,shiyan/data3/images/train/4226.jpg,4226,4226,.jpg,1167,751,RGB,127858,058e504d73e74590865ce513014afc92d6f84b576c5a90b891833e511a28b3db,True,ok,1025-1536
train,shiyan/data3/images/train/4227.jpg,4227,4227,.jpg,924,817,RGB,65584,8e3a80b803bcae7dd3abaded6d4714f39bca4bf1f891d26ba75fb91fef59b760,True,ok,641-1024
train,shiyan/data3/images/train/4228.jpg,4228,4228,.jpg,953,790,RGB,109159,f9f62d27e134ae8135bf2994d0d0c836ff8184b8108f7cd2448d719d6ed82218,True,ok,641-1024
train,shiyan/data3/images/train/4229.jpg,4229,4229,.jpg,856,794,RGB,95570,2f41852a479f2ca405c7162f957c1e5a89198b7f6a356d14cd9360ee85bdca34,True,ok,641-1024
train,shiyan/data3/images/train/4230.jpg,4230,4230,.jpg,797,821,RGB,98751,e880cd4e4e058ae883d12cd57d6736e40fbe85b3eed6d8abecdadf8e0a5fa130,True,ok,641-1024
train,shiyan/data3/images/train/4231.jpg,4231,4231,.jpg,823,808,RGB,54711,8f017c7d28bf07118a56d9d25b4715b4f7957f27f7092852dcd15b43ab65517c,True,ok,641-1024
train,shiyan/data3/images/train/4232.jpg,4232,4232,.jpg,892,769,RGB,41264,82d066d9b7d6713de66028c685e8739c7d505551921fb5c5d705398f3d7ab01c,True,ok,641-1024
train,shiyan/data3/images/train/4233.jpg,4233,4233,.jpg,733,733,RGB,97131,31429398f58814bcb2b6350a26471dadc75a57384721228bad7ee269909333dc,True,ok,641-1024
train,shiyan/data3/images/train/4234.jpg,4234,4234,.jpg,800,800,RGB,477567,4e39b4bedc7b2717396614ad4848b38c4ce7f69224476c52f7cbaed177c0e9f6,True,ok,641-1024
train,shiyan/data3/images/train/4235.jpg,4235,4235,.jpg,800,800,RGB,93561,fd1523928ee21660b10207688b6836c41ae094e7a7546c014d311ac4824a29b3,True,ok,641-1024
train,shiyan/data3/images/train/4236.jpg,4236,4236,.jpg,800,800,RGB,90146,302b80a121fe053e38b01e6c74c6bed0fd6a1d9dcdbdc55959354b544cf183ff,True,ok,641-1024
train,shiyan/data3/images/train/4237.jpg,4237,4237,.jpg,800,800,RGB,107753,aff5efcbd2f27eb70f3170364fa9a21f36adb526f2ed5f9049f603e0538a095e,True,ok,641-1024
train,shiyan/data3/images/train/4238.jpg,4238,4238,.jpg,800,800,RGB,79866,566500775b3de684d007800392edea61a41d4c64a266e596837245ed348c231a,True,ok,641-1024
train,shiyan/data3/images/train/4239.jpg,4239,4239,.jpg,745,745,RGB,56183,0d431277c429f87841dd6e054f9535b6609ffb5e0af6d88657fb9dc6aa374d61,True,ok,641-1024
train,shiyan/data3/images/train/4240.jpg,4240,4240,.jpg,800,800,RGB,100304,9ced626512b3af2240bbcf0946893bfd6c2d34369f027666973fd1541d1615dd,True,ok,641-1024
train,shiyan/data3/images/train/4241.jpg,4241,4241,.jpg,800,800,RGB,98802,bb37abee92c043a5ad3eee667abae14a0c2d18cd24328ec9098ea8a658895197,True,ok,641-1024
train,shiyan/data3/images/train/4242.jpg,4242,4242,.jpg,800,800,RGB,136490,060ef4a3d6cee4f692c855b37c2d7850ecdd3afecb42f1c3544f525623e519bc,True,ok,641-1024
train,shiyan/data3/images/train/4243.jpg,4243,4243,.jpg,800,800,RGB,148956,046382ce1b73cd88121562aa4d3df996ab66e89de9714c2a9006cd5d0b114ca9,True,ok,641-1024
train,shiyan/data3/images/train/4244.jpg,4244,4244,.jpg,800,800,RGB,100511,a8720452e9e63c62e413c7a5efb7fcf8ca98d4a4d8c677ca5da15e6e561f34fc,True,ok,641-1024
train,shiyan/data3/images/train/4245.jpg,4245,4245,.jpg,800,800,RGB,97918,ad47cc6e4c8b8f2a8f9c2fe0e086da23165fc3aaa487379e1bcaba6b45f55e69,True,ok,641-1024
train,shiyan/data3/images/train/4246.jpg,4246,4246,.jpg,800,800,RGB,116586,a659e9cf0a7102acfcdd8571b8e57ecb14c81283b4725f0b93e366891ae8a310,True,ok,641-1024
train,shiyan/data3/images/train/4247.jpg,4247,4247,.jpg,800,800,RGB,66328,418651d62ceab8ef7af07c6524d96c2d8ce24d13be466f0ca2257dee9364c0a5,True,ok,641-1024
train,shiyan/data3/images/train/4248.jpg,4248,4248,.jpg,735,735,RGB,33738,662130522cf725a780dd29bd886dedb8b5203481c8a59070806bfa3b8626f4c0,True,ok,641-1024
train,shiyan/data3/images/train/4249.jpg,4249,4249,.jpg,800,800,RGB,78886,86c7daa0292a72a382a5f1596a01417a8ce6dd3b5b51774013246f9989232e86,True,ok,641-1024
train,shiyan/data3/images/train/4250.jpg,4250,4250,.jpg,800,800,RGB,70752,2d6897a21bae08e9bf652e81335aa7995b63dfb4aae80ac2753c55775cd5add9,True,ok,641-1024
train,shiyan/data3/images/train/4251.jpg,4251,4251,.jpg,800,800,RGB,112162,485352451630cb8370e0942fdc8afc12f2f7bfd6abba16d5f97e5ed0e441beb0,True,ok,641-1024
train,shiyan/data3/images/train/4252.jpg,4252,4252,.jpg,800,800,RGB,133555,6fca9b02910e7bd12950087a8508ebbfb63ed209152c807e34b73c8f54155166,True,ok,641-1024
train,shiyan/data3/images/train/4253.jpg,4253,4253,.jpg,800,800,RGB,128893,5dd2f4a6c05997566e7d38a56a4781a534d9991be8393f29a188fdbdb2915647,True,ok,641-1024
train,shiyan/data3/images/train/4254.jpg,4254,4254,.jpg,800,800,RGB,117892,34dd927551c21edb2fb39bda6d5d44a045145044093511b4737e058047ad6bd1,True,ok,641-1024
train,shiyan/data3/images/train/4255.jpg,4255,4255,.jpg,800,800,RGB,117710,bbe20338c27c2290a41a789d39713983ae795685eb057839e8f14ddb51f372fa,True,ok,641-1024
train,shiyan/data3/images/train/4256.jpg,4256,4256,.jpg,738,927,RGB,96645,35a65ef7fe03e0428001438e5e6149efec1852650b049e7467195422c403c678,True,ok,641-1024
train,shiyan/data3/images/train/4257.jpg,4257,4257,.jpg,740,740,RGB,95802,d45ccdadc9c55fe7edd29f301994712980548932e3d20b44472a6343fc4e70e0,True,ok,641-1024
train,shiyan/data3/images/train/4258.jpg,4258,4258,.jpg,800,800,RGB,206574,6a52d408676fcb561c53b453dd8d9dd7a85d5b7e84c445bff3bccf8b406f963c,True,ok,641-1024
train,shiyan/data3/images/train/4259.jpg,4259,4259,.jpg,800,800,RGB,215364,5f3c1f16c080b9c2ea0479063bbe0227e4453fdd06ed81569889ea11e5b35a7b,True,ok,641-1024
train,shiyan/data3/images/train/4260.jpg,4260,4260,.jpg,800,800,RGB,267751,6e011fb1cc0845663bc3d95432f77cb023fd34555659d3b1c408ec1aecadb0e9,True,ok,641-1024
train,shiyan/data3/images/train/4261.jpg,4261,4261,.jpg,800,800,RGB,423804,45b39eafbda20f4493e6f7686911938c01240984afdbf62926009b616bfa2b3d,True,ok,641-1024
train,shiyan/data3/images/train/4262.jpg,4262,4262,.jpg,800,800,RGB,327840,a3933a079c8d427abe4753b9d035eaab7916e553332f20914c552f05b57962c4,True,ok,641-1024
train,shiyan/data3/images/train/4263.jpg,4263,4263,.jpg,800,800,RGB,390830,f10a78fc4049bef2403c1550bb1be749236e50921923140a3944e98e15edc43e,True,ok,641-1024
train,shiyan/data3/images/train/4264.jpg,4264,4264,.jpg,734,734,RGB,48011,2802e5a3b98c299d6e530ec324228cf5fb17469f58b39f7e8afac96762c512f0,True,ok,641-1024
train,shiyan/data3/images/train/4265.jpg,4265,4265,.jpg,800,800,RGB,205290,1d668dd64a49b1c70873bf71774bcb9b65003d9946a01100101296e57a2ec4f1,True,ok,641-1024
train,shiyan/data3/images/train/4266.jpg,4266,4266,.jpg,800,800,RGB,255018,77fc5439e552d6aef09007289768b60c548784bc5893524ef8e01dccb3eb7370,True,ok,641-1024
train,shiyan/data3/images/train/4267.jpg,4267,4267,.jpg,800,800,RGB,383370,37ee0b8b5711dfb6ac35c8b4a1d9f8c6ec1e73162f3ddf3661175310a836c900,True,ok,641-1024
train,shiyan/data3/images/train/4268.jpg,4268,4268,.jpg,800,800,RGB,195095,9065b62ef6cd23b14eca0c9f78c193fb7f1efb2e9d7d5af4cf651ad16ee6ae8c,True,ok,641-1024
train,shiyan/data3/images/train/4269.jpg,4269,4269,.jpg,800,800,RGB,287335,f0da87578cde1f89d5434320577a865991e660b8da3bd1f2922b152fbe7c4efb,True,ok,641-1024
train,shiyan/data3/images/train/4270.jpg,4270,4270,.jpg,800,800,RGB,309700,c405e338c3afacb6a361d52671c91f2af92bca79649d64eef1ef0328c16d8d9e,True,ok,641-1024
train,shiyan/data3/images/train/4271.jpg,4271,4271,.jpg,800,800,RGB,367213,32da773c290bf048134f2c2a748ad8bac6b693803647d4990cd98bfba8dda33d,True,ok,641-1024
train,shiyan/data3/images/train/4272.jpg,4272,4272,.jpg,800,800,RGB,312827,fbdbd842dcd0b097b91832a3f185e29c771625e292ccc661a768cd38768edeee,True,ok,641-1024
train,shiyan/data3/images/train/4273.jpg,4273,4273,.jpg,800,800,RGB,256680,571a2a6debff6b27d25499ff5b5db2b700398f6b1164ab5b4350a6256dc7185d,True,ok,641-1024
train,shiyan/data3/images/train/4274.jpg,4274,4274,.jpg,800,800,RGB,403429,547ec5a9d92ba2015694b138fd1b18bc87672ad677815147d44f4b25bacca86f,True,ok,641-1024
train,shiyan/data3/images/train/4275.jpg,4275,4275,.jpg,800,800,RGB,380606,c44b47e4b0d543ad6e130b3539419ea989ebe6342e13bc40700f589266059866,True,ok,641-1024
train,shiyan/data3/images/train/4276.jpg,4276,4276,.jpg,800,800,RGB,373000,7c185cdcd16d73d478873b2910d3f4eb7ab7a3c7dc10a074980f5de070a6458b,True,ok,641-1024
train,shiyan/data3/images/train/4277.jpg,4277,4277,.jpg,800,800,RGB,356781,3a68c1c690c20431f7e41117e7f0216081e755e990690794eb1b84973f6de794,True,ok,641-1024
train,shiyan/data3/images/train/4278.jpg,4278,4278,.jpg,800,800,RGB,522657,fd6bb3cb33741457cfbe89c87b5fdf5c671f9b33f69badbb67edf7fe4511b486,True,ok,641-1024
train,shiyan/data3/images/train/4279.jpg,4279,4279,.jpg,800,800,RGB,389212,58a310917fc863a198f92f8bb031bb10fe1924d5f63116935c45a3715f12b988,True,ok,641-1024
train,shiyan/data3/images/train/4280.jpg,4280,4280,.jpg,800,800,RGB,400979,3daf87dffcd010bb1cf11f06d155e2b2d3ffd42763a16792828d172cc920eb20,True,ok,641-1024
train,shiyan/data3/images/train/4281.jpg,4281,4281,.jpg,764,764,RGB,48838,402f416363e5b33e530e80f8ad655209161984460b64e77853e2514d839b5c82,True,ok,641-1024
train,shiyan/data3/images/train/4282.jpg,4282,4282,.jpg,800,800,RGB,288122,e596e23d91fcd8cdea3b5c29bde3b9a644da394e69a811ec47067047f00998d6,True,ok,641-1024
train,shiyan/data3/images/train/4283.jpg,4283,4283,.jpg,800,800,RGB,353465,f6d980a19d02353a1fb840dd5af3b07effbe8ad9fb3bd2a183a78d1b05b47a52,True,ok,641-1024
train,shiyan/data3/images/train/4284.jpg,4284,4284,.jpg,800,800,RGB,372050,613d451693b9d88283add5be5672bdea4ad675dfd20ec348761d06f009c55b33,True,ok,641-1024
train,shiyan/data3/images/train/4285.jpg,4285,4285,.jpg,800,800,RGB,289283,f9daa3ec5ec04a448745983ec6c657a01219be5251309c992dc77dab4d0e8533,True,ok,641-1024
train,shiyan/data3/images/train/4286.jpg,4286,4286,.jpg,800,800,RGB,288991,2b1bdddb9419dcb50cbc9089eb2461cd0fd205d692ec531861a5fae114b6e81c,True,ok,641-1024
train,shiyan/data3/images/train/4287.jpg,4287,4287,.jpg,800,800,RGB,228333,05e2527bd6d47b7a14a4b5b305204863c3f9737004771179cc62678c6a9fd5d2,True,ok,641-1024
train,shiyan/data3/images/train/4288.jpg,4288,4288,.jpg,800,800,RGB,324530,ff8a30e0d21fe535e56f77c075647d1665482a951e8af5c749a8a8ff50417194,True,ok,641-1024
train,shiyan/data3/images/train/4289.jpg,4289,4289,.jpg,800,800,RGB,228951,bfab675f34d1e5f89176e4954c1963f18b3b01626b0c7ffc8c5c416d93d84b59,True,ok,641-1024
train,shiyan/data3/images/train/4290.jpg,4290,4290,.jpg,747,747,RGB,35685,1e6ce4bc34566fce5f285bdd7b873fba71b632e8df8b3561030ff005d5392f31,True,ok,641-1024
train,shiyan/data3/images/train/4291.jpg,4291,4291,.jpg,800,800,RGB,369543,7fedaaddce75f22fb8bd14f2f0fcbe157109b62d04e56ee92d63c92f6a8cd425,True,ok,641-1024
train,shiyan/data3/images/train/4292.jpg,4292,4292,.jpg,800,800,RGB,311551,be53a5b51cd51ab29ba5f083f637dca3554099dc385cc20571df78202b14a27d,True,ok,641-1024
train,shiyan/data3/images/train/4293.jpg,4293,4293,.jpg,800,800,RGB,262015,35b1488635611349a717342234e6699b5a99dea4a6e70a58e1e0e82f60cb30d3,True,ok,641-1024
train,shiyan/data3/images/train/4294.jpg,4294,4294,.jpg,800,800,RGB,256852,60ccb7d03d5ff6f9a12f32a8c849cb5e3e2338378616d4652d885e0c8c4e9bfe,True,ok,641-1024
train,shiyan/data3/images/train/4295.jpg,4295,4295,.jpg,800,800,RGB,360163,c9a582b3ae55cbeb3136e92823861ab2ad45005233d4cb886f21a6f6ea44dc24,True,ok,641-1024
train,shiyan/data3/images/train/4296.jpg,4296,4296,.jpg,800,800,RGB,308752,6d6ebc1e533da1279b9c13161964d83d9f55ae24197f40d6f38e6ce962af5660,True,ok,641-1024
train,shiyan/data3/images/train/4297.jpg,4297,4297,.jpg,800,800,RGB,248718,0f27c7ba789819cf39834e70d2b2e15746ea9d2af02b0e3fce381f75c19bf22f,True,ok,641-1024
train,shiyan/data3/images/train/4298.jpg,4298,4298,.jpg,800,800,RGB,332676,db149f188cb5447f0790ec84887a08d23942c2496dd20bb7ffecdb89be31146c,True,ok,641-1024
train,shiyan/data3/images/train/4299.jpg,4299,4299,.jpg,800,800,RGB,234287,698ee2f972745955576326be9712a2b44b9d56308b2a38ff1bd654cc59a630cc,True,ok,641-1024
train,shiyan/data3/images/train/4300.jpg,4300,4300,.jpg,800,800,RGB,228999,ae2b3f24972c9f5a0601d74c8811ef981cbf9ae040eb023351b574feeffcf2b6,True,ok,641-1024
train,shiyan/data3/images/train/4301.jpg,4301,4301,.jpg,800,800,RGB,240701,a8a9aa7e63eb532f46e81d8347b6b1089f25961f9e9f7fd217abd469713d8bb8,True,ok,641-1024
train,shiyan/data3/images/train/4302.jpg,4302,4302,.jpg,800,800,RGB,280971,bf449dc482eebaeefdfd0efc35a86355d471fe9474281d15fbac9cb059889987,True,ok,641-1024
train,shiyan/data3/images/train/4303.jpg,4303,4303,.jpg,800,800,RGB,399509,6d33e8d1118f4acbc0e0d7008af23dca221f8c56da08f0daaccd1ea3eee0fc40,True,ok,641-1024
train,shiyan/data3/images/train/4304.jpg,4304,4304,.jpg,800,800,RGB,402711,edf55b88e00ed8a5bad7513c82d74589313cac395ea578dd43d0393334cddcbb,True,ok,641-1024
train,shiyan/data3/images/train/4305.jpg,4305,4305,.jpg,800,800,RGB,296268,32b093e6beb0dff154d653e9bc10568e19795f01412faaa842ef5f8da7323b06,True,ok,641-1024
train,shiyan/data3/images/train/4306.jpg,4306,4306,.jpg,800,800,RGB,334644,8b987bd86d9ac70a2c7cd8abf41c2f948ca3654a3498a819739832e66a5e8c4c,True,ok,641-1024
train,shiyan/data3/images/train/4307.jpg,4307,4307,.jpg,800,800,RGB,241856,3cb85ef2fc3702ff0541b29f05e609de82e050061819b764beeea9722bad8487,True,ok,641-1024
train,shiyan/data3/images/train/4308.jpg,4308,4308,.jpg,733,733,RGB,43925,17f7fdb42bf8a8997c6a5c5cfb43c678376f10cde8696e973733fdf863932841,True,ok,641-1024
train,shiyan/data3/images/train/4309.jpg,4309,4309,.jpg,800,800,RGB,339470,b8f8702e997ee3914ff79a7d0dfdbf0172025add89ea0c6c3518a428258d2e3e,True,ok,641-1024
train,shiyan/data3/images/train/4310.jpg,4310,4310,.jpg,800,800,RGB,365078,9d625da8a5bbd07ffa8bd6b7572b7feb13820592e685c5008144a04770b72226,True,ok,641-1024
train,shiyan/data3/images/train/4311.jpg,4311,4311,.jpg,800,800,RGB,256351,85c18bd23cd03c09edb6b671d81513ee08107255b998ab0b438b436be17a0843,True,ok,641-1024
train,shiyan/data3/images/train/4312.jpg,4312,4312,.jpg,800,800,RGB,288215,fb4a81fece7918d4e6eaa6e557616e78b5b07bd2384c141094aade36f5ec548a,True,ok,641-1024
train,shiyan/data3/images/train/4313.jpg,4313,4313,.jpg,800,800,RGB,360529,d9f194d20fa6095f9105394323074cb73c02fa948ff148f253a1de22e8f72e56,True,ok,641-1024
train,shiyan/data3/images/train/4314.jpg,4314,4314,.jpg,800,800,RGB,397035,03935447e91b6bb029748723e4b893083e669fd6e0fc13a23be373e368ca1d67,True,ok,641-1024
train,shiyan/data3/images/train/4315.jpg,4315,4315,.jpg,800,800,RGB,250305,338ea86ee201bf00bfa7274d064879857b9afa8ef69a34c02f5786bc55d4136e,True,ok,641-1024
train,shiyan/data3/images/train/4316.jpg,4316,4316,.jpg,800,800,RGB,446898,ce5499e2ec096c1e44e222c763fc404d1fb61021b2cbf78805692e96a03f764f,True,ok,641-1024
train,shiyan/data3/images/train/4317.jpg,4317,4317,.jpg,800,800,RGB,438253,425c335622fdacd003f56509e0ee313fc7186d9e58d4f63c276f0010cf523734,True,ok,641-1024
train,shiyan/data3/images/train/4318.jpg,4318,4318,.jpg,750,750,RGB,40414,5946f08547c1bedba0ec81fc30fcc6c6efb05d5da822506bf939fd31b357758a,True,ok,641-1024
train,shiyan/data3/images/train/4319.jpg,4319,4319,.jpg,800,800,RGB,299395,d9282d2be32990e013d4709804c3789aea798c21c78c3497795ab6ac43e3909c,True,ok,641-1024
train,shiyan/data3/images/train/4320.jpg,4320,4320,.jpg,800,800,RGB,369644,9785d4f1a291538893fac8128b6a1089371ae9fae2656bfee18d3900e1bdadaa,True,ok,641-1024
train,shiyan/data3/images/train/4321.jpg,4321,4321,.jpg,800,800,RGB,278433,65717dbce61692dfcd33b4caecdb01de87a938d0bd4362125442e617a10be61b,True,ok,641-1024
train,shiyan/data3/images/train/4322.jpg,4322,4322,.jpg,800,800,RGB,449480,1f52f4daf2a6522a63a1ee16bbe365d5e89cedf562e1e72b8415578740eaf3d7,True,ok,641-1024
train,shiyan/data3/images/train/4323.jpg,4323,4323,.jpg,800,800,RGB,315129,0b8632ccad2293bf1885794ca9e9ac6706f3b6c06557880af5cb0e6f7a89902e,True,ok,641-1024
train,shiyan/data3/images/train/4324.jpg,4324,4324,.jpg,800,800,RGB,270278,11d184db94d346db4f0ca4414b962df7e079648c9b94c8cf7ba1e8f40a3325a4,True,ok,641-1024
train,shiyan/data3/images/train/4325.jpg,4325,4325,.jpg,800,800,RGB,363481,0a294698c2c9d9944fcfc7b5a02009f8f257f6cc4bd17d87d77e67f083e60e4e,True,ok,641-1024
train,shiyan/data3/images/train/4326.jpg,4326,4326,.jpg,800,800,RGB,295499,ce0e46948a6eda61f158d70977a5616fcf8f26380f2d7687e75210343880b8df,True,ok,641-1024
train,shiyan/data3/images/train/4327.jpg,4327,4327,.jpg,749,749,RGB,45669,99eecd5cea336ed37ff29fcd08f2b4526dde1a87deef1aceeec455d90b1b2e22,True,ok,641-1024
train,shiyan/data3/images/train/4328.jpg,4328,4328,.jpg,800,800,RGB,345983,5e52c44c94f6ca58edb73917ced2756ce4a97d4b078612d59206f3114047abff,True,ok,641-1024
train,shiyan/data3/images/train/4329.jpg,4329,4329,.jpg,800,800,RGB,367441,69b06dc4dc9306a17e73ed89703befa3d14a84a6880e0d8d8c5570c69cc950c1,True,ok,641-1024
train,shiyan/data3/images/train/4330.jpg,4330,4330,.jpg,800,800,RGB,328293,f4bde61b729db3ee3d5700141ffe5b1ef0083fb74a5834f2d7ada56e4d0f2871,True,ok,641-1024
train,shiyan/data3/images/train/4331.jpg,4331,4331,.jpg,800,800,RGB,250540,307ea11d05b746bdecb4b474144e32af0a218af7e15f4c69ef2cc8d53f6ae71e,True,ok,641-1024
train,shiyan/data3/images/train/4332.jpg,4332,4332,.jpg,800,800,RGB,313167,239a707270dcb991ff635f3b2c6cb618c604f733f33303aa532b07ce03736e20,True,ok,641-1024
train,shiyan/data3/images/train/4333.jpg,4333,4333,.jpg,800,800,RGB,317064,80d17bcbecc1e339facdf12e0f32bbdcb2d73bb368ecf138082c17d5bbb4ddc7,True,ok,641-1024
train,shiyan/data3/images/train/4334.jpg,4334,4334,.jpg,747,747,RGB,28762,30abad5c8066293a2d3176560460f550b6e8e9ce12f494f6816bed701de7d85f,True,ok,641-1024
train,shiyan/data3/images/train/4335.jpg,4335,4335,.jpg,800,800,RGB,393246,0bf5d3b910f2af0ff62909032963569bb6b94eb03aee696e4e2878a64de8f1b1,True,ok,641-1024
train,shiyan/data3/images/train/4336.jpg,4336,4336,.jpg,800,800,RGB,283022,e230636498a0271944ee5245c87b927642760f795ae0f03605741ea218b754fa,True,ok,641-1024
train,shiyan/data3/images/train/4337.jpg,4337,4337,.jpg,800,800,RGB,362966,611dbdfadb72e99994861728464272e4a392ad709b2ebc25d5e2851cc3ec37df,True,ok,641-1024
train,shiyan/data3/images/train/4338.jpg,4338,4338,.jpg,800,800,RGB,221625,6b5051f297f908c11fc098cce10cbe7f3b9cb36d8d16420ebf1891be5bcc36d0,True,ok,641-1024
train,shiyan/data3/images/train/4339.jpg,4339,4339,.jpg,800,800,RGB,247939,c908a2ad99f10da03a05bd1ab3bd3ad0aa4cb0adae1e711fb964ef4759d969d0,True,ok,641-1024
train,shiyan/data3/images/train/4340.jpg,4340,4340,.jpg,800,800,RGB,326736,45c33c0929cea2650c9a74fbc1a95b615ed6cc3916ab25f4b484d11c893b71ba,True,ok,641-1024
train,shiyan/data3/images/train/4341.jpg,4341,4341,.jpg,800,800,RGB,372588,433abd9bf64a3525a255681a7553c36984a254b4683bc16b23fc5fc346dd6c92,True,ok,641-1024
train,shiyan/data3/images/train/4342.jpg,4342,4342,.jpg,800,800,RGB,253999,f76f1b328830a5758f82945d176cbed459006c3b9eea9902b9669f419e12c66f,True,ok,641-1024
train,shiyan/data3/images/train/4343.jpg,4343,4343,.jpg,800,800,RGB,235094,d7edb930e689b53e463e802d0be01cc78aaf7e81072e41b5caeaff331c935f12,True,ok,641-1024
train,shiyan/data3/images/train/4344.jpg,4344,4344,.jpg,821,812,RGB,93779,4d8e24dcbc7a104482321226110bee3ca234c623831334d2a1d1b7fee1f4685c,True,ok,641-1024
train,shiyan/data3/images/train/4345.jpg,4345,4345,.jpg,800,800,RGB,74276,1ecae5855c1719536be576cafb04dbd1cc6bcbe5cdaa70770342343a64bd3aff,True,ok,641-1024
train,shiyan/data3/images/train/4346.jpg,4346,4346,.jpg,800,800,RGB,313008,983d3b9aca5ca787a07fbdb90569b4ad7efc53c0f56554e37f5a17828a4859ab,True,ok,641-1024
train,shiyan/data3/images/train/4347.jpg,4347,4347,.jpg,800,800,RGB,561298,03f7ff9f37a6fe91690e78a08b1923b702c72c5d897d0240b552991dfdce9ded,True,ok,641-1024
train,shiyan/data3/images/train/4348.jpg,4348,4348,.jpg,800,800,RGB,308322,525cf569a68aa102973c14ceec396cb1774e0961f341d34e6dda271af1eab4ff,True,ok,641-1024
train,shiyan/data3/images/train/4349.jpg,4349,4349,.jpg,800,800,RGB,287179,87a5fc542848b9c2b076b211c27be276ff897af01c717ed449c2dbb49a0be285,True,ok,641-1024
train,shiyan/data3/images/train/4350.jpg,4350,4350,.jpg,800,800,RGB,211981,ddec3ce12c25a94fabdd880f277b4b12cdd93df6553fd007c603d624252e8faf,True,ok,641-1024
train,shiyan/data3/images/train/4351.jpg,4351,4351,.jpg,800,800,RGB,312925,f174dbeaa75a56027113c1146fb1cdbe4dcfdceecd68367440db96bf2c36a7ab,True,ok,641-1024
train,shiyan/data3/images/train/4352.jpg,4352,4352,.jpg,800,800,RGB,290684,ccd16a24c469bbd3d2ab553eb68b8f6b0307660006e6aedfa0cec6b5e193cc41,True,ok,641-1024
train,shiyan/data3/images/train/4353.jpg,4353,4353,.jpg,800,800,RGB,248955,38aeff2d8b4013f8b0d83583c2455f06c8aec74beed270259f5f678044c2c94b,True,ok,641-1024
train,shiyan/data3/images/train/4354.jpg,4354,4354,.jpg,800,800,RGB,346843,7a3ba246ed85d51b8ebbc773114cac2a76f32658fac93375673c75fb791c2b3e,True,ok,641-1024
train,shiyan/data3/images/train/4355.jpg,4355,4355,.jpg,800,800,RGB,526092,a2c7f0fd04d757588b0eff4384ff321962487b223620eb69cdbc1d614ba412ca,True,ok,641-1024
train,shiyan/data3/images/train/4356.jpg,4356,4356,.jpg,738,738,RGB,74084,7d1609ebc3c802da32b59845432af5afca9080208160dfd572ef72eac873b978,True,ok,641-1024
train,shiyan/data3/images/train/4357.jpg,4357,4357,.jpg,800,800,RGB,423483,3dd8eefd7f5da6c52ee70848552259670dd6105af28fe21b96dbc350c8641d83,True,ok,641-1024
train,shiyan/data3/images/train/4358.jpg,4358,4358,.jpg,800,800,RGB,271514,376294b48f88e86de85537978220d9ad6654a42e55fc01015b703620ce836ddb,True,ok,641-1024
train,shiyan/data3/images/train/4359.jpg,4359,4359,.jpg,800,800,RGB,380786,6234e3c16a8c510cecf7196cffb353d6cb5953aba2ef50231caa1cc275aee201,True,ok,641-1024
train,shiyan/data3/images/train/4360.jpg,4360,4360,.jpg,800,800,RGB,325884,b355beab860163253a2cd3cf05560ebc62a74f83a15d3a472f78f04214ad74b6,True,ok,641-1024
train,shiyan/data3/images/train/4361.jpg,4361,4361,.jpg,800,800,RGB,358157,c9bc686182c21cb57b3860cde1cf09db9e8b443420c4e01b890727225935a50a,True,ok,641-1024
train,shiyan/data3/images/train/4362.jpg,4362,4362,.jpg,800,800,RGB,233337,7030a330602a3e06b5bafb910a1f605019e40d172521dec35959ed39babfe398,True,ok,641-1024
train,shiyan/data3/images/train/4363.jpg,4363,4363,.jpg,800,800,RGB,326965,99c2e1275ec6bacc1e9df043229325d98edcd0552a2307947d186d374e542050,True,ok,641-1024
train,shiyan/data3/images/train/4364.jpg,4364,4364,.jpg,800,800,RGB,369885,d9984e55b2a614a0edec46408fe459f69ef49e5ac23c1c8822f57fb161eb18d3,True,ok,641-1024
train,shiyan/data3/images/train/4365.jpg,4365,4365,.jpg,800,800,RGB,299372,6adf9e0bf4d937fff8d0cdefcdfbfa66aef6c6dc2103d09ca382c85cb78bec88,True,ok,641-1024
train,shiyan/data3/images/train/4366.jpg,4366,4366,.jpg,796,797,RGB,85898,8152de5e2fdd019484c18972ce2c66816356f6d6f5398805d3b5d8976e5f4d77,True,ok,641-1024
train,shiyan/data3/images/train/4367.jpg,4367,4367,.jpg,800,800,RGB,266061,f80e5ce722e8fd8629472570ca91b4e06d17e5be28b4c3dfeaea8b0ef1d128b2,True,ok,641-1024
train,shiyan/data3/images/train/4368.jpg,4368,4368,.jpg,800,800,RGB,450225,1a99240412e8f7eb465b350e44233f500372d9c135c6cbdb75c05207e9cb5689,True,ok,641-1024
train,shiyan/data3/images/train/4369.jpg,4369,4369,.jpg,800,800,RGB,369951,bec44a43ee9a7a88bece610e312a14d93bb36d757b9342caa4b8df61d28a84c1,True,ok,641-1024
train,shiyan/data3/images/train/4370.jpg,4370,4370,.jpg,800,800,RGB,310295,214915d4f93f72a8ca7c1ddda898981de8221a98bdbaa7b9786bb926cd6abf4b,True,ok,641-1024
train,shiyan/data3/images/train/4371.jpg,4371,4371,.jpg,800,800,RGB,357952,53a47c53539fd8455a3ffab4b8596e3364d23695c0a352273c75bcfa1a29f2de,True,ok,641-1024
train,shiyan/data3/images/train/4372.jpg,4372,4372,.jpg,800,800,RGB,300369,e7f4ba4075b3e2f0010c73e9385c9de65f078f2bb5dd22971bf81d85f78e7da8,True,ok,641-1024
train,shiyan/data3/images/train/4373.jpg,4373,4373,.jpg,800,800,RGB,292145,655e19c15fd06ca4b29e12932a3c1bc9d6d34188908819201d5f13cbd95e1522,True,ok,641-1024
train,shiyan/data3/images/train/4374.jpg,4374,4374,.jpg,800,800,RGB,279119,6aa9379ff0a629b0a33a4cc999206fbe3bc10df7ab311599e81faac3e8ee3acd,True,ok,641-1024
train,shiyan/data3/images/train/4375.jpg,4375,4375,.jpg,800,800,RGB,465865,489f29998974af0f4602dd5b8607b51dda3e14f92fa164aa627d8d4e31930bb9,True,ok,641-1024
train,shiyan/data3/images/train/4376.jpg,4376,4376,.jpg,800,800,RGB,422004,48253e76bece41ea05276bafb37eac7645304e6421f1f482cb0b9fd6261ca556,True,ok,641-1024
train,shiyan/data3/images/train/4377.jpg,4377,4377,.jpg,800,800,RGB,260842,ef4c998a4469e139300f01c9ae833b0af42bfbc10c3d889d36ebfb9ca1f25210,True,ok,641-1024
train,shiyan/data3/images/train/4378.jpg,4378,4378,.jpg,800,800,RGB,409462,3333027b616164529872378d5211be4bd1bdad9415622e4d834be7fd480e7c38,True,ok,641-1024
train,shiyan/data3/images/train/4379.jpg,4379,4379,.jpg,800,800,RGB,324105,8f963e308e0ea5b7814b348de0aaa7f4499cdd24ce6bea8084db3d2fd80ada84,True,ok,641-1024
train,shiyan/data3/images/train/4380.jpg,4380,4380,.jpg,800,800,RGB,346838,685ce233a631f8ee640a4ed979b66212ebfda3d0aa517eab59c4f4ed66ce47c8,True,ok,641-1024
train,shiyan/data3/images/train/4381.jpg,4381,4381,.jpg,800,800,RGB,251767,53996521bb34072eaf44c6411589630d7c9ab628f902b0329c5b6553c7aa4244,True,ok,641-1024
train,shiyan/data3/images/train/4382.jpg,4382,4382,.jpg,800,800,RGB,324518,0053b088f2c849f5fd2f18949e3e9b1fb6d6d497662a5486cfce5e48246f5f3e,True,ok,641-1024
train,shiyan/data3/images/train/4383.jpg,4383,4383,.jpg,800,800,RGB,376137,bd5086e891c8ded438f4237b32235a5fc0cb94cf802bd61e6989b2ca357df443,True,ok,641-1024
train,shiyan/data3/images/train/4384.jpg,4384,4384,.jpg,800,800,RGB,379308,083f5284c258bcbbf6aaf990cd65f080c3c65b4720305c10e3f512b5e9f891d8,True,ok,641-1024
train,shiyan/data3/images/train/4385.jpg,4385,4385,.jpg,800,800,RGB,312638,980a5946116dc08d4a81c04b0b3ecde0e2473df934f04b5baf6eabdb316ef60a,True,ok,641-1024
train,shiyan/data3/images/train/4386.jpg,4386,4386,.jpg,800,800,RGB,388871,6d528595a864771a61b5d0b26c7697c2c3044960f90e6e6310a5d4053a61dbe5,True,ok,641-1024
train,shiyan/data3/images/train/4387.jpg,4387,4387,.jpg,800,800,RGB,200584,9098e11485d1c5cf96641370b47547033e3fd7e8dbff9b086477527d55b03540,True,ok,641-1024
train,shiyan/data3/images/train/4388.jpg,4388,4388,.jpg,800,800,RGB,367461,9137cf0d3466c5844846b995deccd27e7d87aa9ea278023e1d48da3f0cdb5778,True,ok,641-1024
train,shiyan/data3/images/train/4389.jpg,4389,4389,.jpg,800,800,RGB,550941,57f5cef15b95846e1932cdc01f01dec66a1484879f82e0fca499aec34ad6c7ef,True,ok,641-1024
train,shiyan/data3/images/train/4390.jpg,4390,4390,.jpg,800,800,RGB,372202,dfc5d6fac57eb0f0363a6ff2a9c7a3afecff5175ad7cbaaef425aea77877c065,True,ok,641-1024
train,shiyan/data3/images/train/4391.jpg,4391,4391,.jpg,800,800,RGB,338899,bc664701b5fcab7f714b275ee777f3eff2fa8418c708f05d4742d58cf25634a4,True,ok,641-1024
train,shiyan/data3/images/train/4392.jpg,4392,4392,.jpg,800,800,RGB,348273,05d00b9db5101b00a727d6f545116263b7c90e6271c3d488fa7c3671777201a8,True,ok,641-1024
train,shiyan/data3/images/train/4393.jpg,4393,4393,.jpg,800,800,RGB,243434,a554dfae26414fa910f43cc431c31e105759d84e4ce842ec15420e42c3fac1f8,True,ok,641-1024
train,shiyan/data3/images/train/4394.jpg,4394,4394,.jpg,800,800,RGB,403209,6e6fabbecc2883609c5951cb0109dd511fc70835c985c160108289a382d1b58c,True,ok,641-1024
train,shiyan/data3/images/train/4395.jpg,4395,4395,.jpg,670,670,RGB,123879,30fea8f359ce609b0c1e34c10ed6412edfac86fc0b049eecc24eea9adcd3e577,True,ok,641-1024
train,shiyan/data3/images/train/4396.jpg,4396,4396,.jpg,800,800,RGB,329140,18e7cf596eab782496ecde1e4043457a2a177774d7682c2c03cb8d81ad7f4ef8,True,ok,641-1024
train,shiyan/data3/images/train/4397.jpg,4397,4397,.jpg,800,800,RGB,287607,c9cdbfba885d63c07513d301cd6ed023469b354d1caab1f40fc496504a06f36c,True,ok,641-1024
train,shiyan/data3/images/train/4398.jpg,4398,4398,.jpg,800,800,RGB,399388,df5e6486d4a927da4197003b044d81d4feb6788e5c5d91c39bf112812798bb10,True,ok,641-1024
train,shiyan/data3/images/train/4399.jpg,4399,4399,.jpg,800,800,RGB,354298,8d6feedc4ee4cf946af04b6d74513ca4b19d61cae5d0648423effa8a8afc70cd,True,ok,641-1024
train,shiyan/data3/images/train/4400.jpg,4400,4400,.jpg,800,800,RGB,267808,9de808131f8fc72162bd88234dc934ad177a1db059b55fb405ff983dea8129f0,True,ok,641-1024
train,shiyan/data3/images/train/4401.jpg,4401,4401,.jpg,800,800,RGB,471295,1121c63be125a711dcf0add229ea10bd2b394f32e5d02fd3b2a553852f5e079a,True,ok,641-1024
train,shiyan/data3/images/train/4402.jpg,4402,4402,.jpg,800,800,RGB,331023,0656134bbef1b89d1bbefca457827bd32f536a1bac49d735d613c1f08d644172,True,ok,641-1024
train,shiyan/data3/images/train/4403.jpg,4403,4403,.jpg,686,686,RGB,201610,7562d60428b40f4028db0ccddc5263ffe50b388dd086799f84d15e08fadc5301,True,ok,641-1024
train,shiyan/data3/images/train/4404.jpg,4404,4404,.jpg,800,800,RGB,279913,efafd867151f0db984844573834ec976d16478b3867c1774fed070292d36fb74,True,ok,641-1024
train,shiyan/data3/images/train/4405.jpg,4405,4405,.jpg,800,800,RGB,245671,e54b3d812ce5be2ee46ec508bc47de2b0ca3f5ab0dfcd7cc6e18671f8e0265fb,True,ok,641-1024
train,shiyan/data3/images/train/4406.jpg,4406,4406,.jpg,800,800,RGB,384578,510ca479c91f69eab0129ae5cf8470e29502a039170bcc40a78439d6627ff8f5,True,ok,641-1024
train,shiyan/data3/images/train/4407.jpg,4407,4407,.jpg,800,800,RGB,385391,ecab4eb7fa2458c84edd15ecc1ed1d36a7ea50840ba2295e69d045fda44ce22f,True,ok,641-1024
train,shiyan/data3/images/train/4408.jpg,4408,4408,.jpg,800,800,RGB,223461,b301e9a6bb76dc80976c3c0efe8072809005c61347bb6689d175d9a6bd653582,True,ok,641-1024
train,shiyan/data3/images/train/4409.jpg,4409,4409,.jpg,800,800,RGB,204784,0050d9db52e40898c9d37837fcbb330d7c190e64284152c092345964db121b76,True,ok,641-1024
train,shiyan/data3/images/train/4410.jpg,4410,4410,.jpg,800,800,RGB,438539,47f5eac274b799a4b1d81c2a463b61e1b0dd40ad59a82554d3ba4e4fecfba5b0,True,ok,641-1024
train,shiyan/data3/images/train/4411.jpg,4411,4411,.jpg,800,800,RGB,404342,29262d37dae97ff32293a164b9e4079908d0051b220e806d1189d8cc8aaea85e,True,ok,641-1024
train,shiyan/data3/images/train/4412.jpg,4412,4412,.jpg,800,800,RGB,344917,3733fbb420863ea193acca596ed4a92f1faa1db76c98c4c2e456dbb98c6e2404,True,ok,641-1024
train,shiyan/data3/images/train/4413.jpg,4413,4413,.jpg,684,684,RGB,222248,028c8a8a0cb317bacff3c1f8d9d4ceb52fd0a662bbc73b6a8bd483f896108099,True,ok,641-1024
train,shiyan/data3/images/train/4414.jpg,4414,4414,.jpg,800,800,RGB,327848,5fb18fc914a8c60d69eaf4db7b33ce2a57117275d2121f86f88341f51e9e409d,True,ok,641-1024
train,shiyan/data3/images/train/4415.jpg,4415,4415,.jpg,800,800,RGB,332868,3a9268d7caa9c5cac3ebf4b08cadf02a8736db2bf222d7804499a7f48fb4fce6,True,ok,641-1024
train,shiyan/data3/images/train/4416.jpg,4416,4416,.jpg,800,800,RGB,378267,3d2d87d78f573347dffed875bcc20dac1b90fc9983663f34e4468ebf5a7f6151,True,ok,641-1024
train,shiyan/data3/images/train/4417.jpg,4417,4417,.jpg,800,800,RGB,372391,4bf623fe2b377f1be8cd738e1265009cc80a61f179d3a2ebd5778c4e0bdce1ea,True,ok,641-1024
train,shiyan/data3/images/train/4418.jpg,4418,4418,.jpg,800,800,RGB,280840,f2a43b45b7c4fe38cc61016cb4afcf22a804e03388c5bc8ec79e57ff2e87ec24,True,ok,641-1024
train,shiyan/data3/images/train/4419.jpg,4419,4419,.jpg,800,800,RGB,252417,86b533ba62b1ca3e9bba4c3dc6e65414f418b9cd88c5620dd51d2692e52269f1,True,ok,641-1024
train,shiyan/data3/images/train/4420.jpg,4420,4420,.jpg,800,800,RGB,361220,4b336a98ac39f7bd5b4bd79bc0f32099265667c13e9192b714127b450f54edb4,True,ok,641-1024
train,shiyan/data3/images/train/4421.jpg,4421,4421,.jpg,705,705,RGB,225605,ccc43c267312d27930c415945a66ee37e91de54c17c5fea811b128eb93691bab,True,ok,641-1024
train,shiyan/data3/images/train/4422.jpg,4422,4422,.jpg,800,800,RGB,285418,04dedbde3a59de1a384cf500761691fa349f453275f5c3a71785f0bf189292fd,True,ok,641-1024
train,shiyan/data3/images/train/4423.jpg,4423,4423,.jpg,800,800,RGB,338260,eaa18b2f06cf9f8aa2d95215fd75bf836a24041067d1cb3c2349570c2f20ba84,True,ok,641-1024
train,shiyan/data3/images/train/4424.jpg,4424,4424,.jpg,800,800,RGB,278578,d6ab8bbfc0a25f2889cdd357911f7b207638471a14e9eea64e9d052b19b060ba,True,ok,641-1024
train,shiyan/data3/images/train/4425.jpg,4425,4425,.jpg,800,800,RGB,345728,68fd843d6fb01ae52a9b0ae1b5e7acc9e5db00a7e8beeb3eee8e1ace0fd9a36a,True,ok,641-1024
train,shiyan/data3/images/train/4426.jpg,4426,4426,.jpg,800,800,RGB,342984,04146186dc3554c87a1d1161171e003e8e8ff96d609c6d151d3101d2fae2b2ff,True,ok,641-1024
train,shiyan/data3/images/train/4427.jpg,4427,4427,.jpg,800,800,RGB,288439,a47a01e5d62a032ccc930f9deb14a3bd63dfe558d6b0d5fbd66e9410a8090e9e,True,ok,641-1024
train,shiyan/data3/images/train/4428.jpg,4428,4428,.jpg,800,800,RGB,239448,ee054dc2fe657c8a4900dfb3f187bbdc30b41abc5cf68673fc6d0a0e02fceea7,True,ok,641-1024
train,shiyan/data3/images/train/4429.jpg,4429,4429,.jpg,800,800,RGB,391107,9ae26011fc313603971a3d583bd9596214c2a913f61ffee56f46b72030e83895,True,ok,641-1024
train,shiyan/data3/images/train/4430.jpg,4430,4430,.jpg,800,800,RGB,242610,1ac3458ebc7ad921b63aca2282211d5e65bf884d77e56909f5509d427a397bc5,True,ok,641-1024
train,shiyan/data3/images/train/4431.jpg,4431,4431,.jpg,833,833,RGB,165245,c78ca8a2afe15c3998f9980f974da648c7fc0299f1431dca55dbf664490dbb06,True,ok,641-1024
train,shiyan/data3/images/train/4432.jpg,4432,4432,.jpg,889,889,RGB,107663,ecb7a164068fc7bab97919ce37b65d11a99d9e6f028a16674be58f874911ae08,True,ok,641-1024
train,shiyan/data3/images/train/4433.jpg,4433,4433,.jpg,862,862,RGB,175672,fbd9796537bb702b246cc7c61c8cdd55685d23823a8cc5119a90e61842eedb9c,True,ok,641-1024
train,shiyan/data3/images/train/4434.jpg,4434,4434,.jpg,868,868,RGB,178327,baefb0a35d73945894c85437b6c48f922b7d1a03b8e7337d95c4bbb632a2fa72,True,ok,641-1024
train,shiyan/data3/images/train/4435.jpg,4435,4435,.jpg,898,898,RGB,333851,5859649e37f16ca061add4cd7e6beda4df7204076b9c6babac194b1ed86d1a56,True,ok,641-1024
train,shiyan/data3/images/train/4436.jpg,4436,4436,.jpg,860,860,RGB,28369,8c3885b0a742f9be8c2a62c0027bfafa12ea82248e6e1e12330dc63936e95a0f,True,ok,641-1024
train,shiyan/data3/images/train/4437.jpg,4437,4437,.jpg,827,827,RGB,48078,a9321bdcbbb91ad3a8d6ba15e82bd8cfe8867201a78280cace655c13aa58a04a,True,ok,641-1024
train,shiyan/data3/images/train/4438.jpg,4438,4438,.jpg,868,868,RGB,262332,e4620e2d9a23ff089a129c1891e36963d2480025e9252b2491bc92540263f3d2,True,ok,641-1024
train,shiyan/data3/images/train/4439.jpg,4439,4439,.jpg,816,816,RGB,220423,fd7bdd210e2dd54251f47169cc8e35d9308aad84b7d54cbf90000aa55de5cacd,True,ok,641-1024
train,shiyan/data3/images/train/4440.jpg,4440,4440,.jpg,807,807,RGB,283703,3ffe5328ac625f405c1acec3df3d3ae6f8c02bfd39aebaa10a12bedc5ae88f79,True,ok,641-1024
train,shiyan/data3/images/train/4441.jpg,4441,4441,.jpg,807,807,RGB,251440,7845db42578d163290a96fe7e67574b2345ca13a501e8ca28e5dbd8b4c7493c9,True,ok,641-1024
train,shiyan/data3/images/train/4442.jpg,4442,4442,.jpg,850,850,RGB,213326,e6b2a1077d2344e4d817743a2798a7af32d1171ddd0008c9b78e159997924064,True,ok,641-1024
train,shiyan/data3/images/train/4443.jpg,4443,4443,.jpg,858,858,RGB,241606,2700bcce40e46cbd936b5524fc352fa56a69310f03788c3c78dbd329089342a8,True,ok,641-1024
train,shiyan/data3/images/train/4444.jpg,4444,4444,.jpg,879,879,RGB,239608,679ab12d3bfd98ee01e50173f9977b04020ce137a77de85be460af9f55343526,True,ok,641-1024
train,shiyan/data3/images/train/4445.jpg,4445,4445,.jpg,822,822,RGB,66689,4fa77be3f0758f9dd6ec7c7300f25f23b8b37036ab3511c8d49061a351935615,True,ok,641-1024
train,shiyan/data3/images/train/4446.jpg,4446,4446,.jpg,900,900,RGB,106433,ee4e29823152e3604eed1f66dd99c94bee524fb537c01b15848a896021ecbaf8,True,ok,641-1024
train,shiyan/data3/images/train/4447.jpg,4447,4447,.jpg,829,829,RGB,118936,8f762fc33b76a7e6c496b12261d6bcfbf242c905fd6ebfca7b2f16600219d775,True,ok,641-1024
train,shiyan/data3/images/train/4448.jpg,4448,4448,.jpg,823,823,RGB,75590,8a28b730e845f95009e38bfee5633221b806525828c404da7e918098dfc07a4b,True,ok,641-1024
train,shiyan/data3/images/train/4449.jpg,4449,4449,.jpg,861,861,RGB,232551,d982f9e70b293bde8a3b402c91ccc42e3a2331cdab5c6eea00511008ce3b554d,True,ok,641-1024
train,shiyan/data3/images/train/4450.jpg,4450,4450,.jpg,890,890,RGB,323667,203df9868fec0d5066612841ed318037ad175959ee7b9152f6ec0525dba3da2b,True,ok,641-1024
train,shiyan/data3/images/train/4451.jpg,4451,4451,.jpg,877,877,RGB,31385,f6d7bec1afaf30a63e128c2e498a08152bd3d6f70306dd3bfaafda246abb5602,True,ok,641-1024
train,shiyan/data3/images/train/4452.jpg,4452,4452,.jpg,876,876,RGB,46099,2aad9fff6b6d5045824c6f3560e4cea4c2a8284c040104a300eae70ea5a518ff,True,ok,641-1024
train,shiyan/data3/images/train/4453.jpg,4453,4453,.jpg,856,856,RGB,152075,84f80154c387449c0a80345e3264eee40e68e3b67a20cb59612d7ecd2aeb19a4,True,ok,641-1024
train,shiyan/data3/images/train/4454.jpg,4454,4454,.jpg,818,818,RGB,50722,6f5c62b54ae897a3d5873fa5df215b40e3c8b69d713b46f8187d45fb7d8babc4,True,ok,641-1024
train,shiyan/data3/images/train/4455.jpg,4455,4455,.jpg,889,889,RGB,28435,498193a4461545d1ab38486745506c49fef1568f8d941326a36869b4c069c9cd,True,ok,641-1024
train,shiyan/data3/images/train/4456.jpg,4456,4456,.jpg,866,866,RGB,91637,e13cb3e2687acf0b92c291492d4cc4790963873cebf07bdf5be7de730a3d9114,True,ok,641-1024
train,shiyan/data3/images/train/4457.jpg,4457,4457,.jpg,818,818,RGB,191237,d5f79b196266e228b277054391062505d9de36b63e46da54ac1b2f5842e78a86,True,ok,641-1024
train,shiyan/data3/images/train/4458.jpg,4458,4458,.jpg,864,864,RGB,73800,1baf361a4256c5ab0bb91b3881256421332b6752e415c7b49ed53e744b008e09,True,ok,641-1024
train,shiyan/data3/images/train/4459.jpg,4459,4459,.jpg,844,844,RGB,175830,17e60c884ff0bab14253ef49330dc6b9351e139f3a5d4f284e2d258b39f1ad75,True,ok,641-1024
train,shiyan/data3/images/train/4460.jpg,4460,4460,.jpg,800,800,RGB,230639,a7d7306201edb1c8b2dd784938939d7073c0cdd8ca21f4ea9e74218a2f2ce5ba,True,ok,641-1024
train,shiyan/data3/images/train/4461.jpg,4461,4461,.jpg,868,868,RGB,284670,fba72e3f9d302a60256ca0fcab5dd35939a791370af8c2f34400d5f4742d388f,True,ok,641-1024
train,shiyan/data3/images/train/4462.jpg,4462,4462,.jpg,1216,1216,RGB,478333,1867e8ca766676d647f2c948f7570eead3368720b1bff564629482dfaccbf1f4,True,ok,1025-1536
train,shiyan/data3/images/train/4463.jpg,4463,4463,.jpg,861,861,RGB,257084,52feb62e681c05517f25b9e402b0bc1198a4a17e60b67e1c387a8107f19980e4,True,ok,641-1024
train,shiyan/data3/images/train/4464.jpg,4464,4464,.jpg,890,890,RGB,197736,620997c4d4fd7d34a07e9199cc7420ab5744d02f5b45b83fa257de59ded04a71,True,ok,641-1024
train,shiyan/data3/images/train/4465.jpg,4465,4465,.jpg,871,871,RGB,271624,02f0c1d4978d12b45a2194f5666a3b9c28aec749a7eca8baefb94938ff9de7c2,True,ok,641-1024
train,shiyan/data3/images/train/4466.jpg,4466,4466,.jpg,866,866,RGB,296887,282ac9bcc28271410bc58d14ba265aa20b95cbd28d8fe0c08e4e4fae857a0973,True,ok,641-1024
train,shiyan/data3/images/train/4467.jpg,4467,4467,.jpg,839,839,RGB,264044,fe3ffb29e18dca5a18de61b1334b1024fe2d20a4b24401e4cc1e3d289bd58c9b,True,ok,641-1024
train,shiyan/data3/images/train/4468.jpg,4468,4468,.jpg,804,804,RGB,226471,9a9688612d096724635730be282857578f741965b9cdc617f49e7f85d4ae3752,True,ok,641-1024
train,shiyan/data3/images/train/4469.jpg,4469,4469,.jpg,838,838,RGB,250330,64202876cdbc3a3b1fb34f84380c1582813982ca021ad493832d4553962f06e3,True,ok,641-1024
train,shiyan/data3/images/train/4470.jpg,4470,4470,.jpg,840,840,RGB,191422,85cfc070a3b480a126201186b009a53dd950ab18939445a484b06e57337138df,True,ok,641-1024
train,shiyan/data3/images/train/4471.jpg,4471,4471,.jpg,864,864,RGB,253841,78b6270fdcfcc19a5ab9ba907d100cd9861176f25af1c1dfca9eddffb5847718,True,ok,641-1024
train,shiyan/data3/images/train/4472.jpg,4472,4472,.jpg,878,878,RGB,344927,142721dabdf76584ccab0554f519cbb3b3bbeab6f78149a0ac9bc85c083f5ad5,True,ok,641-1024
train,shiyan/data3/images/train/4473.jpg,4473,4473,.jpg,897,897,RGB,394948,2b8ec252fb27af0c540fc50e0869861871bc0f4ca71e530fc136df133a9b7e03,True,ok,641-1024
train,shiyan/data3/images/train/4474.jpg,4474,4474,.jpg,862,862,RGB,145116,e713e5b51579bccb74d580f699abc6dd05f76662b00f38419e968ba448898fa1,True,ok,641-1024
train,shiyan/data3/images/train/4475.jpg,4475,4475,.jpg,863,863,RGB,155978,7dd9335a9325acba572ed0f252ace9091a68cab31299f57c0103d4b85b8b62cf,True,ok,641-1024
train,shiyan/data3/images/train/4476.jpg,4476,4476,.jpg,861,861,RGB,208098,5fdcd6ab35f1fc73c943b40b429fed6db7e9d6b57e9968a9f22bc1c53d764a5e,True,ok,641-1024
train,shiyan/data3/images/train/4477.jpg,4477,4477,.jpg,849,849,RGB,145153,6f129ba6963bde628d0fe5d16c67a2a747221c2b6b9046a05855d770316fd38e,True,ok,641-1024
train,shiyan/data3/images/train/4478.jpg,4478,4478,.jpg,805,805,RGB,149182,2b7c2299cbba1685528d7bfdff972fadca9fec7e3c88f6402838e4a9fd33edd4,True,ok,641-1024
train,shiyan/data3/images/train/4479.jpg,4479,4479,.jpg,862,862,RGB,147558,912ae46418f4b6ebbf1d3269a9bc4f89ec1fda659d220ece30c33e7ce71a797e,True,ok,641-1024
train,shiyan/data3/images/train/4480.jpg,4480,4480,.jpg,839,839,RGB,114132,941f5e5b3ba72cdd93f551efba032f285cec80e63e17ffc58f5e06dcf694124b,True,ok,641-1024
train,shiyan/data3/images/train/4481.jpg,4481,4481,.jpg,884,884,RGB,169298,13482bb20cd336b33b23d7d4054d829f6d03efecfea8e91973023625cd37262f,True,ok,641-1024
