split,path,stem,size_bytes,sha256,line_count,object_count,status
train,shiyan/data3/labels/train/classes.txt,classes,198,f0b30b4248a9aa7e3f654cd1849cd5536fff8373f6fddf6452556a3f7bbf0e84,,,ignored_auxiliary_file
train,shiyan/data3/labels/train/0001.txt,0001,76,f15c248c961045ec9a75f5901ac007191cae28d63234a6de9496b90fc85aba87,2,2,ok
train,shiyan/data3/labels/train/0002.txt,0002,38,e1ee984843ab5099d8219186634e2ca72b5edafd7d261f1b9419531f2898526e,1,1,ok
train,shiyan/data3/labels/train/0003.txt,0003,152,ebcf7be9dba2fab33507e7fc80c12dff615dc18af163966c39ba18bddfdd87f7,4,4,ok
train,shiyan/data3/labels/train/0004.txt,0004,76,684b63ab515694299a992eee900235f605a1aaedfbc5960127391994d41b4500,2,2,ok
train,shiyan/data3/labels/train/0005.txt,0005,76,77ae1c33e6ea3a35b7ce565ed434d83462bd51262ef433b1cb5b1ec24a1ee1ef,2,2,ok
train,shiyan/data3/labels/train/0006.txt,0006,152,f344b221f45fab4283b7d4abaf1489064eea6d5b74defb1a126c04015dca3688,4,3,ok
train,shiyan/data3/labels/train/0007.txt,0007,76,cbf20ed8fea2e280f32c4f56bdb0ab3419d906518ba14efdfa8afa837e87034d,2,2,ok
train,shiyan/data3/labels/train/0008.txt,0008,418,1e318d711a1ea051f016573f6897a717cb14a85ca87d7f05f14e6fea6ce79061,11,11,ok
train,shiyan/data3/labels/train/0009.txt,0009,190,e05a8133d2f5a5bf0caf918fd5b64c3d40c3ac064767d83890cfb9cd82e615c7,5,5,ok
train,shiyan/data3/labels/train/0010.txt,0010,152,ec2aa5d58bf548be4200eb77db4867ed31c0a9f04d32286af8cc5cd76fd00554,4,4,ok
train,shiyan/data3/labels/train/0011.txt,0011,114,ea6998fa8ecac522a87ffabec627533844763da46483eaad2016cae125080fcd,3,3,ok
train,shiyan/data3/labels/train/0012.txt,0012,190,5007a1cfe4db7114f6a17c46c220374f502cdd37a12eecf7aa52bc73629d95b4,5,4,ok
train,shiyan/data3/labels/train/0013.txt,0013,76,4cf52cd1ef219d047219ff06d15fb6e052f5df76f0454d1f948b63ee3901626e,2,2,ok
train,shiyan/data3/labels/train/0014.txt,0014,38,8ec7b377439514634ad18642d2fd1161ad4d52001373f012184a250e9d6cd086,1,1,ok
train,shiyan/data3/labels/train/0015.txt,0015,152,ea5c17969686c941bcd3af6ca79685df8a33913497f4a4571c28242b25141536,4,4,ok
train,shiyan/data3/labels/train/0016.txt,0016,76,04107f45cea8c5dfc8e348cefa87e758bf655589f3f307d92f3972f0b800e12c,2,2,ok
train,shiyan/data3/labels/train/0017.txt,0017,38,d9afdb75685b55133242494fb08102c8edab830560a463e31475b523ed09c76e,1,1,ok
train,shiyan/data3/labels/train/0018.txt,0018,38,b42f7bd9d7605b01b3886bca0e5996660560f88f6e43cb401935326e79ba15a2,1,1,ok
train,shiyan/data3/labels/train/0019.txt,0019,76,c8d4120cd3f6960c5c6b6fc183025b9e8054b2609a3895192b6a5f57f8b6f48a,2,2,ok
train,shiyan/data3/labels/train/0020.txt,0020,76,b6b54b46aad341c455195876d0a8ac7f547a4b9f0a0e1cc179fbfbe7160c3172,2,2,ok
train,shiyan/data3/labels/train/0021.txt,0021,76,f8153704756413680843c3ffa27ce661ed2755ae6176dd0994e01e986d21f6cc,2,2,ok
train,shiyan/data3/labels/train/0022.txt,0022,38,b574d0c99395656e9a4bd0774cfe5bfe4c670745308d8012a186f5f7b43f58cb,1,1,ok
train,shiyan/data3/labels/train/0023.txt,0023,38,0df20d96fb98e9fdb0969e75de1c284d1cdfc504571ef9b67daeb5c285d192e2,1,1,ok
train,shiyan/data3/labels/train/0024.txt,0024,76,fcc4c116daaa37e7a44b641f75b817d8d7cc0a53aac8e150a411bace20b53e07,2,2,ok
train,shiyan/data3/labels/train/0025.txt,0025,38,98f33be303093d0235eb3b5425eba8565037b148f9854e34b4f8cd4f37f441d3,1,1,ok
train,shiyan/data3/labels/train/0026.txt,0026,38,d944d3c9de1dfdccce8b93e907f58519730f732883f80ef950cb85570ffea6a9,1,1,ok
train,shiyan/data3/labels/train/0027.txt,0027,38,52a8d1310370a945d58d132423e1b5914545b1e5a7c1520a39c6d9ea5a7819d3,1,1,ok
train,shiyan/data3/labels/train/0028.txt,0028,76,adca23157bd2e4ca10a90a396ec96facb59555b18e9c122b73bc20041ebb40e4,2,2,ok
train,shiyan/data3/labels/train/0029.txt,0029,38,4e4a02dff92361cbb68c6569c096a75e484a3caa08c97a51fbb1ba69aa10c791,1,1,ok
train,shiyan/data3/labels/train/0030.txt,0030,38,d21aa4d0d8304650ad1b13aff42b6c879ab7928deb979567732f0f7154777f65,1,1,ok
train,shiyan/data3/labels/train/0031.txt,0031,646,e25672f93c6fe3987ea30082315ce4ec73204b4f4e82fdc55d926f40b8d581c3,17,17,ok
train,shiyan/data3/labels/train/0032.txt,0032,114,b777f74c835f06b48c75a5fd4cf737bb974d57092d3cde9e50c46d4f82a6bdd5,3,3,ok
train,shiyan/data3/labels/train/0033.txt,0033,38,0256c4b6863bdf80ce594c01df9aecbc0e19711ed573b7dfbe4080fa6e4b83e4,1,1,ok
train,shiyan/data3/labels/train/0034.txt,0034,38,bba32a3c66e7c8ec14fbddf027d0bfaf553e934e9a8280645b5ed9914fa68d35,1,1,ok
train,shiyan/data3/labels/train/0035.txt,0035,38,d2917f1b6ddb5d4c0e5790c9ac4669d42542be5eb6b15df32f474464be5f39c2,1,1,ok
train,shiyan/data3/labels/train/0036.txt,0036,38,29156b70bfd5604a2ad9d8614ea7990114c3b48114ed5c8a5345ca7f0e7cd731,1,1,ok
train,shiyan/data3/labels/train/0037.txt,0037,76,4c644a812236905918b7edc61aad00db1d8becc6ceaa893eddab0a7ff5c4f33c,2,2,ok
train,shiyan/data3/labels/train/0038.txt,0038,76,68919730eece7f70fccf78f37a27cd50716bd38f04eb56fb9bc4011bb5b448fb,2,2,ok
train,shiyan/data3/labels/train/0039.txt,0039,76,dd0fce63cdb8da422a648a5b6fe9eb9e3eea92f56bd0cef35021cde4f5348cce,2,2,ok
train,shiyan/data3/labels/train/0040.txt,0040,38,02ed72226f71599c5c56a49283a7072b6bb77460c4c410538dce555edad90fc8,1,1,ok
train,shiyan/data3/labels/train/0041.txt,0041,38,a857df9128a2fa5a1846f2bb19a780842eff001c1a04b2ade31dd4b07f4a6d78,1,1,ok
train,shiyan/data3/labels/train/0042.txt,0042,38,a27836638fde59fc5f45aaeeac6be8174da6ec896b0342d34d291961840d9a24,1,1,ok
train,shiyan/data3/labels/train/0043.txt,0043,76,48f4117bb9ef6b0db024f900d355132ce31bc4e5633f30e99b70cf916440feda,2,2,ok
train,shiyan/data3/labels/train/0044.txt,0044,38,0a58122c6fe9e9d88263f85d9923b200fb3d41bedacc8dcec25e38a69d24db5e,1,1,ok
train,shiyan/data3/labels/train/0045.txt,0045,38,1bdeecf290ecbc0b1fbad54b824b5c159cd1b1c52aae640e3284626516f7004a,1,1,ok
train,shiyan/data3/labels/train/0046.txt,0046,38,a6c91c83d9ca3c59027bc5b1a99b28b7dc3f4c5d1b6803ec7e229649e2c0f234,1,1,ok
train,shiyan/data3/labels/train/0047.txt,0047,38,7260144f6ca5feafd8c1d398962598143eda3d8a8ede05165fc11149656ab7c5,1,1,ok
train,shiyan/data3/labels/train/0048.txt,0048,76,ce3ccdc5776902fa923bdcb61c5f04fef565b6ab724ec6267a762fc89b5fe568,2,2,ok
train,shiyan/data3/labels/train/0049.txt,0049,38,c6734c7cc89891c687733d8974c4d41a8605ac97bf65ddeb03eafcc547d9c549,1,1,ok
train,shiyan/data3/labels/train/0050.txt,0050,38,57e9844cdade0050205e1e5dae03de432b886857bbea76b21542814e6b6882eb,1,1,ok
train,shiyan/data3/labels/train/0051.txt,0051,38,30d026cb664c24b380a0af910935605cec7ec6fd38e632ff782c9529d630527a,1,1,ok
train,shiyan/data3/labels/train/0052.txt,0052,38,238d079b11a3b96c4d4582d56b1f1bdac372b25317da3a22473990c3428d9c58,1,1,ok
train,shiyan/data3/labels/train/0053.txt,0053,38,a4145294a3bca89900f06f53cf5abb66c60cb29edfe6be0cae0ecd194456cf06,1,1,ok
train,shiyan/data3/labels/train/0054.txt,0054,38,08cc66013f2dd7e60bf7007ebc5bc08f3f726beadec7cabff07eef61b0da2e76,1,1,ok
train,shiyan/data3/labels/train/0055.txt,0055,38,90a02327ccb668c66f402736253af22f50d669288f09d6e968e6d1ce4e543026,1,1,ok
train,shiyan/data3/labels/train/0056.txt,0056,38,3d7ffa8ef7224c1ae724c15ff5ac60fc72f0261aa1c2eae7c23cee36a59016d0,1,1,ok
train,shiyan/data3/labels/train/0057.txt,0057,38,5a00cf69c3c5aa163dd9a7ef8f1ffd40ab84d0ae9fa93fec3fff4cedf4bb3ebe,1,1,ok
train,shiyan/data3/labels/train/0058.txt,0058,38,03dbdbc48815870f31e21a3d7dd97ea519d48a305a0d9671f25e47b1e83c3c32,1,1,ok
train,shiyan/data3/labels/train/0059.txt,0059,38,0a4e3af3b3ac51a4497c77128d53ca08ddd2b5cce45a55a87c59af0f8dbd9e32,1,1,ok
train,shiyan/data3/labels/train/0060.txt,0060,38,13cb016652792ed7e2ad54075a1ab59d64700e4bb15cb90ffc1a902740b51963,1,1,ok
train,shiyan/data3/labels/train/0061.txt,0061,38,8f1f9b157d9e8371ce0977f13848544476b9083b7182859b42c3ebf9915e066b,1,1,ok
train,shiyan/data3/labels/train/0062.txt,0062,38,3bb5891d131754be8ff317b2104f6361d079a7692a6c41964dd73b548e29f204,1,1,ok
train,shiyan/data3/labels/train/0063.txt,0063,38,d30bc2a5e4e71adf1b7807994a1180ff20f7c65a7dc4d12e334a1519e9078d70,1,1,ok
train,shiyan/data3/labels/train/0064.txt,0064,38,08ca055607eab50c2bcc7ed17a1982c30a1c5874f9c8c8e558934844454c4502,1,1,ok
train,shiyan/data3/labels/train/0065.txt,0065,38,09ae5c073a68b10bc0c5935f6386c4928692c6bf3a718312de7ea91df6dca81e,1,1,ok
train,shiyan/data3/labels/train/0066.txt,0066,38,2920c93b86a6a5e1167d9259dc22292fc797f0385d4fa10097cf87a08bd4b5eb,1,1,ok
train,shiyan/data3/labels/train/0067.txt,0067,76,f656f7947b2dd54f6cf391f1f68cf728a6af17c48d3d8226d0551d448ca5ad43,2,2,ok
train,shiyan/data3/labels/train/0068.txt,0068,38,29c8e77753b7cd7ad95b1126a9ba5632e4a4dc2f4bd71fa720b34ae25691f0b0,1,1,ok
train,shiyan/data3/labels/train/0069.txt,0069,190,9703904198775971a5097c2530b58abcd2b9ea1aeba6705c35e8cbbf30f002bf,5,5,ok
train,shiyan/data3/labels/train/0070.txt,0070,76,8e03f22d34ad257f2df229f527fd440560643874d2b4fdc59e9787f17a2d2d44,2,2,ok
train,shiyan/data3/labels/train/0071.txt,0071,38,da91820480cb1a62104f126519785093904c57f17fd0ab2a67b46cadde9c2d6f,1,1,ok
train,shiyan/data3/labels/train/0072.txt,0072,114,bccd4e2290ef95af82c3b458f7663047ca1507c5f0fd4f2fb22631726ad9e8aa,3,3,ok
train,shiyan/data3/labels/train/0073.txt,0073,152,64442a4ee525f67f9afb11456ed8950e91a4749f69d7f8e33b9eaad31df54733,4,4,ok
train,shiyan/data3/labels/train/0074.txt,0074,76,26ad0e7abb91e338208500c8df186bcec2813a2ef1d10066d6efaeb058c3be31,2,2,ok
train,shiyan/data3/labels/train/0075.txt,0075,76,a439c5d7b201a9485568a9fb7236f670e68007f27d5656ed503c9fa2a4c56a9b,2,2,ok
train,shiyan/data3/labels/train/0076.txt,0076,76,0cde47d02fae1a5e03085ef44aabdf4a41f9fd93a9c8f00e755dac1219fcb6ea,2,2,ok
train,shiyan/data3/labels/train/0077.txt,0077,38,6bc78ad61fd9e80477365a0c650306d642634924e6f715bce452b9d936a850ec,1,1,ok
train,shiyan/data3/labels/train/0078.txt,0078,38,7ebcea4160f46aa86705380b35e1ab10f97eaf1bb549db3a4cbf39afbbc76781,1,1,ok
train,shiyan/data3/labels/train/0079.txt,0079,38,ac84077fda1c5fdb787366e0d84634de6ec551d52488e70503fef86c1a7d5951,1,1,ok
train,shiyan/data3/labels/train/0080.txt,0080,38,c00a84e323d4d06b1d93aa79bbb92a56e7ecde2017159041ea554599d1ae3b57,1,1,ok
train,shiyan/data3/labels/train/0081.txt,0081,38,3025983725fac2d80bd6515390d145ae0fbd209459588d0235d9391fc00390fe,1,1,ok
train,shiyan/data3/labels/train/0082.txt,0082,38,f78b87be299703c32fef88790e0e87a00e34af01356a312a91fba81a43044632,1,1,ok
train,shiyan/data3/labels/train/0083.txt,0083,38,190cf83838d4b525ab70be69de041ca9a7ddc1be6da07cab6d7f7d3b3d6aeff2,1,1,ok
train,shiyan/data3/labels/train/0084.txt,0084,38,f22e8fda41ab43699b35ed4239eb041c71be53a391d62bc80594388a686efc3c,1,1,ok
train,shiyan/data3/labels/train/0085.txt,0085,38,291a1dafeb8f3b6fd7e918cdfa237c8a68faa894b96582b0169af58b6d86feb5,1,1,ok
train,shiyan/data3/labels/train/0086.txt,0086,38,073a4e20e743d0f373a6ec58cc867732f04643272c9bbf82c859d7714e5eef96,1,1,ok
train,shiyan/data3/labels/train/0087.txt,0087,38,439658585102823aff7c937086883c46321238e4061e289104c9724b557a7ada,1,1,ok
train,shiyan/data3/labels/train/0088.txt,0088,38,e718b31b2b869638d610c39eba793c6de7a0ec124d2c7de75b1729d025a549a4,1,1,ok
train,shiyan/data3/labels/train/0089.txt,0089,38,117694d114e95866ce1838accc810e2c14684b4ea5b5085b9ff318d575fe3515,1,1,ok
train,shiyan/data3/labels/train/0090.txt,0090,76,142399c9e141ec79733baa78bb1e254257fb7925a3f2377c6d6119e1bd2a4e00,2,2,ok
train,shiyan/data3/labels/train/0091.txt,0091,38,afd2bab6ea7ef7bb423621b8bdd192a5b44adc3419903ae9ba5e6f234a26a30f,1,1,ok
train,shiyan/data3/labels/train/0092.txt,0092,38,b3df2d1ce77cd8d6f2a16ec8ac4462fb0ea998f8f884b8ec8b4c6816273c8acc,1,1,ok
train,shiyan/data3/labels/train/0093.txt,0093,76,e714b47e49186953204ffd68f048dd4ce476555631c1d03579e21d372c8ecb22,2,2,ok
train,shiyan/data3/labels/train/0094.txt,0094,38,a94db0c7004027f5c9d48f3976bc0250096a295bd232d4406f3326678765a1a9,1,1,ok
train,shiyan/data3/labels/train/0095.txt,0095,38,80d642172c8ce2b7a0f6ff8778425fd4a280d3bd8c8ebcdf6ef3266f83cb3c87,1,1,ok
train,shiyan/data3/labels/train/0096.txt,0096,38,d03a61b100ff8259d203dc9ec5a5d00034449e1fb871d3b19bcf82e395b78cc1,1,1,ok
train,shiyan/data3/labels/train/0097.txt,0097,38,09b2cd2a2d43af9773f34dcc2d892ae9daaf84a80df5bd743d51ef3f70e0a342,1,1,ok
train,shiyan/data3/labels/train/0098.txt,0098,38,79502ccd18c8357af79672051b0db054bdd573d98d94fafa227e402338210fa1,1,1,ok
train,shiyan/data3/labels/train/0099.txt,0099,38,ec67f76454c6222cb8a2c26d4bb9dfc9cf6f06343b8189aed7f271f2bd240e4c,1,1,ok
train,shiyan/data3/labels/train/0100.txt,0100,152,0ec182db1c4247bc8aed8ec511ae31cf874fb7cf257c882175513c67f6dfc113,4,4,ok
train,shiyan/data3/labels/train/0101.txt,0101,114,40824f254a5c343a55aaca1b02fe451e69748a88444c1a1533e6044d27a131f7,3,3,ok
train,shiyan/data3/labels/train/0102.txt,0102,38,d3bf0d0bc6e9b1b03701065d991ca4a93a0a1d3e5f2bc97765a496082b161f5b,1,1,ok
train,shiyan/data3/labels/train/0103.txt,0103,38,4af0a6d74bf18fdaa3122eee7ef98774f598b9b32764d463ea1a201493d84fec,1,1,ok
train,shiyan/data3/labels/train/0104.txt,0104,38,fa903737ec4fc01e2a2b498f95acd845225780f69da05029b07c8018563689c6,1,1,ok
train,shiyan/data3/labels/train/0105.txt,0105,38,fa37eaf31221442a82807758aab49c0dc9162aa60586e2cdd9cd40a5528f88e0,1,1,ok
train,shiyan/data3/labels/train/0106.txt,0106,38,7ce42a64f5824f1a714db8bf846a2d5988387adf9c7f84ceba30129e0a7f48f5,1,1,ok
train,shiyan/data3/labels/train/0107.txt,0107,38,77e5243a5df3399aeef4020f45f98c971e74a4c4897827644b0a20aabdc88648,1,1,ok
train,shiyan/data3/labels/train/0108.txt,0108,190,0278e32b2597eb9d4f1832118ae7c537470355c4bb0fecf2750ae4ae8f93b73b,5,5,ok
train,shiyan/data3/labels/train/0109.txt,0109,190,440871d7bde94cbb7a778eea9bc993ad634a21d2edde1d4d1b2530c48f0cd7ff,5,5,ok
train,shiyan/data3/labels/train/0110.txt,0110,38,84832157e5f855be9a0b6408bc87e0580a95c031dfa634c4ddc929ce104484b6,1,1,ok
train,shiyan/data3/labels/train/0111.txt,0111,152,a5f0b4002f52744bd2cf12b17ea7ce58a6349c80cfb2bd61db6c0df80f71d3fa,4,4,ok
train,shiyan/data3/labels/train/0112.txt,0112,114,2492f424158564859a3e6badfdbeaab8e62dffbf4f6f70b0a1b3660aa588e424,3,3,ok
train,shiyan/data3/labels/train/0113.txt,0113,38,b88b6f4a3e95013eab74d03088968b3cf32697c93fae9b8b42fb0c5a79f5bd11,1,1,ok
train,shiyan/data3/labels/train/0114.txt,0114,114,06770736cfb165d86c180cae5d20ce79318fb1b88ddea2a7083bcc9dbad424a0,3,3,ok
train,shiyan/data3/labels/train/0115.txt,0115,76,89314457857f67b3facd4e578ad906e6ee29cb93b0ce6e227a4dc68afbf36ca0,2,2,ok
train,shiyan/data3/labels/train/0116.txt,0116,76,911cf005b992df998513404f79bd26576ad6d626ce0dfdc22b870ca02465c103,2,2,ok
train,shiyan/data3/labels/train/0117.txt,0117,38,aa0ae26dde32cdfca72c988a6b762d08e347be1ed3df6339b179eecbbd3f0ddd,1,1,ok
train,shiyan/data3/labels/train/0118.txt,0118,76,bc6b38658af45cbd99c5264e7c32406b4b28fd742db4aeebed427ce2911e0fe9,2,2,ok
train,shiyan/data3/labels/train/0119.txt,0119,114,a8c51c6ccf3391c23ee8d8e7cb25306af4fe91d577d44908fc317e70d66efa45,3,3,ok
train,shiyan/data3/labels/train/0120.txt,0120,114,908fcd06d0f949ded58326d85a58dc68a91564495ec746c94905bfc844071b1c,3,3,ok
train,shiyan/data3/labels/train/0121.txt,0121,38,5541238c9bfde7131dbb2a5689fc8db28693cb1e10f148378b771e066de70aa3,1,1,ok
train,shiyan/data3/labels/train/0122.txt,0122,76,a79bf74ffdf27a5d897fb8d2548fcd15ed8bb616935efdc2c5757a73f24565a6,2,2,ok
train,shiyan/data3/labels/train/0123.txt,0123,190,f76f088266f6408cec65ec53aed0898049ed282c318f5de822b287bc4716754e,5,5,ok
train,shiyan/data3/labels/train/0124.txt,0124,38,a91ebf1b9ba74417df9aaab4c93e8853b40fd7872bfcf526109838362cf7d97c,1,1,ok
train,shiyan/data3/labels/train/0125.txt,0125,228,312dee7721ab50714d7bbb711b10da60c1a3f19e9b9c1122ff85f95ef008571b,6,6,ok
train,shiyan/data3/labels/train/0126.txt,0126,114,31079124fd8774fe4d8508a12e3ade26c3fe8bd1d805939632810bed327f95e6,3,3,ok
train,shiyan/data3/labels/train/0127.txt,0127,76,89229c02eb0ba9ce342f937a4c5cfbd47bb75cde7c110425115d473438059d86,2,2,ok
train,shiyan/data3/labels/train/0128.txt,0128,76,c8240b64a48614d5779435d1e1a8de305a2c33948baa9737b32b638700fcb794,2,2,ok
train,shiyan/data3/labels/train/0129.txt,0129,38,247126ab0b7fa0dfbdde6d36a424560c8dd0b85af91f82ed07fe7dd4a5bb2496,1,1,ok
train,shiyan/data3/labels/train/0130.txt,0130,152,922be17e1a5ca07258649d8f70a756f6354b772093c850d3a967ef3bded91948,4,4,ok
train,shiyan/data3/labels/train/0131.txt,0131,76,59e4740b3d32ffa7a5f9c46e1187099c8011e48836e179d70828c975826baac5,2,2,ok
train,shiyan/data3/labels/train/0132.txt,0132,114,99e367e5dc1c828bd2ca1b9c7d2fffe5d9cce6275c3f1852a265fd1e1d1abf55,3,3,ok
train,shiyan/data3/labels/train/0133.txt,0133,114,c71e8b2e8f6eef1d21cb2b9e073004f3abaffbcc0a14e8824832440c05c012ba,3,3,ok
train,shiyan/data3/labels/train/0134.txt,0134,38,df92ef7ad59d02ce91868198a2bc3d5d61d442a7378d5f5c9b6b62e241b20653,1,1,ok
train,shiyan/data3/labels/train/0135.txt,0135,38,953f20549dc5da075affab2e428389d0d89e7a048b4ac05c89a3c37138f64dfa,1,1,ok
train,shiyan/data3/labels/train/0136.txt,0136,114,77e553eb927b750c4a62f8bf959e1ce845560c275ca46ed0928b91b44fbe7057,3,3,ok
train,shiyan/data3/labels/train/0137.txt,0137,38,b27010e5d699b70c118f139a89a71d0202c30d019ca2d97c4711edbb59e64920,1,1,ok
train,shiyan/data3/labels/train/0138.txt,0138,76,6afc61e7a2eeb2a5044c14b51d43c064a39dfebe6f725166e78824a2098aa21c,2,2,ok
train,shiyan/data3/labels/train/0139.txt,0139,76,0f90e71b5ce5f8ec8101eb469a1af1e2c905440e7e298a72b76747fc2d8c1d27,2,2,ok
train,shiyan/data3/labels/train/0140.txt,0140,76,d5a103204a6bc4f7693576ae84a3fe3680035f14f9fc8e112180a38564b9efc0,2,2,ok
train,shiyan/data3/labels/train/0141.txt,0141,76,5e0fd3e1601c0ce55d078ba73df3b13b42c641b2959f971c03627b5164d1c11f,2,2,ok
train,shiyan/data3/labels/train/0142.txt,0142,76,6695bd45f048bcc8fa14b7606d2fcdf09f1f0d20c4f76e31f29240d787967424,2,2,ok
train,shiyan/data3/labels/train/0143.txt,0143,38,6412510119c419acc7a2e7cfc0fa320ca11a4ad6b17a46e9a0b164725a97035c,1,1,ok
train,shiyan/data3/labels/train/0144.txt,0144,76,599375ef31cf5327c9b6aa3dff95ed011e1bb635be555d7463ab225edf2e2952,2,2,ok
train,shiyan/data3/labels/train/0145.txt,0145,114,a19890a28fcb0f283b47a132ac4f390d1d175118593998422a8aebd84e7da19e,3,2,ok
train,shiyan/data3/labels/train/0146.txt,0146,114,ae2d2f24f028dac15af0ca1a87857005c52bc873788ae3f292d8a36ffc3da262,3,3,ok
train,shiyan/data3/labels/train/0147.txt,0147,38,400a0664e2a0e4c766281be26e153d6686f4287071c825dfedd7e4d3ee71b95a,1,1,ok
train,shiyan/data3/labels/train/0148.txt,0148,38,2b3bb30bbefa56267a1bfd37cb40263346380846e9c349e76054e477c2ca7d00,1,1,ok
train,shiyan/data3/labels/train/0149.txt,0149,38,91d28b11605d7a7cfe5a7a23952515030cfa122350e65248197cfa6cb8720267,1,1,ok
train,shiyan/data3/labels/train/0150.txt,0150,38,692d639aa9a605577df0b7b98bb04e3ca895afa3a447e1869d108beba358ebfe,1,1,ok
train,shiyan/data3/labels/train/0151.txt,0151,76,37c819b568b86df88663f626367ed090c3ce47d569e2c51c9cc99478d4f4e08e,2,2,ok
train,shiyan/data3/labels/train/0152.txt,0152,38,534b61090614f0ec747b48ce23ed139d96774e551f497d146782b6a5786280cb,1,1,ok
train,shiyan/data3/labels/train/0153.txt,0153,190,ad2229300b4c6ac596756a15c3f422ab085130b14002b5f33c8f70ed476a53af,5,5,ok
train,shiyan/data3/labels/train/0154.txt,0154,304,d4fb0e3f6f243fd677aac50afa0f242c52a28d32540ead1e92e80877d0ef2c62,8,8,ok
train,shiyan/data3/labels/train/0155.txt,0155,76,a6a506b400d287b788c30060ffa0ffbd629e853d4ac892fb685cdc37a7448d39,2,2,ok
train,shiyan/data3/labels/train/0156.txt,0156,228,d10ecf4d0d0a7ef0e539fb6e47f0b8afcb2ad19bad8da3aedfccfb63d6bff1bb,6,6,ok
train,shiyan/data3/labels/train/0157.txt,0157,152,ad1e60ec527cf8bffd11be3feec7928ef6b957d949ea1b571cd6f630df203ac8,4,4,ok
train,shiyan/data3/labels/train/0158.txt,0158,114,d4c642bb4166f4afe3c117ff8a32df09f68e81ad9890680592e6ddfe090ffd12,3,3,ok
train,shiyan/data3/labels/train/0159.txt,0159,114,e843ab2b5535d905990879aac5382def46c68dedc3aa129a6a4cc3b78b6f0f49,3,3,ok
train,shiyan/data3/labels/train/0160.txt,0160,190,ad83dcfd6344a77e08df2d49d8200f7a2bff1abc84b7e242a4115cab2f4783b6,5,5,ok
train,shiyan/data3/labels/train/0161.txt,0161,38,c3aea258b6faf6bb761f51c27634d4ad684dcfdc02277f346be645ebe8cf12c9,1,1,ok
train,shiyan/data3/labels/train/0162.txt,0162,38,c66841338f00e46e8785ab2bb86683a79e55636815fa7a346d50a4eccb8cebb0,1,1,ok
train,shiyan/data3/labels/train/0163.txt,0163,38,94d9f4c9ce4bdf5b295b32bb33326be69669ba602cec949bad2359e4a64dcf60,1,1,ok
train,shiyan/data3/labels/train/0164.txt,0164,38,fef3c6c958afa940b75167fc4fcc8aac990af042151bde28f1c0ebdfb489c665,1,1,ok
train,shiyan/data3/labels/train/0165.txt,0165,76,a0bae796c9b295fc6d6feb58b0458aa3185ffdaf66056317104d9f01469b4c1b,2,2,ok
train,shiyan/data3/labels/train/0166.txt,0166,76,f3716630399a8a2ac3a43d53d8a3b805d28a5283a5e1657eb2493c95d72e4369,2,2,ok
train,shiyan/data3/labels/train/0167.txt,0167,38,660dbf359119ec604f093c72864fcec9b074f1c74c245fe5699f123ff15f5a7b,1,1,ok
train,shiyan/data3/labels/train/0168.txt,0168,38,a65d4743a716d7fbefac97a9dbb650c4c53a9f873a9b29df210319a315d033b6,1,1,ok
train,shiyan/data3/labels/train/0169.txt,0169,38,8fc28791fe55ca2a356b4486c8533eac75ddab379d16b9d9d803d8af6c66db49,1,1,ok
train,shiyan/data3/labels/train/0170.txt,0170,38,5ad9e625409c7d0ac1c6be0eb09a9ea4a7f0f747f34c0978696693a63be86305,1,1,ok
train,shiyan/data3/labels/train/0171.txt,0171,38,234d64cc8c391f1c3ddd5fcd617524b553b44ad061140c06b2bfaeaf412f5479,1,1,ok
train,shiyan/data3/labels/train/0172.txt,0172,38,c8cdebce23f797dc2e60514a0eecea68218a8df40fa3acf65b4311fa78a27bde,1,1,ok
train,shiyan/data3/labels/train/0173.txt,0173,38,766c7682c06778d3198b302a359c1ba2556272d3bb7db37190c41857cba5fc38,1,1,ok
train,shiyan/data3/labels/train/0174.txt,0174,76,ba395c952016d33f83d0d9129780bfd3dd6731f5f64b4fe2a20df5f5c11af68c,2,2,ok
train,shiyan/data3/labels/train/0175.txt,0175,76,284a91f165b1b14f23fe1b99004359efe98304efdfd0461e151863e15b9bce04,2,2,ok
train,shiyan/data3/labels/train/0176.txt,0176,114,675d49e2f4e308117094e66f55fcd4e5fa93ddc76087d50e1514cfca54ebe4ae,3,3,ok
train,shiyan/data3/labels/train/0177.txt,0177,190,0866f4197c48b1575c5a4861cbee3b9f90e45afa6fb12d3f0259130cc459ed60,5,5,ok
train,shiyan/data3/labels/train/0178.txt,0178,76,0c75f8f403a81b6446700307b789894c9fa666614def2b32ebe00fa02b2f6ce8,2,2,ok
train,shiyan/data3/labels/train/0179.txt,0179,76,027b2d094a613401fd76e76a048cd75c449f2685cedd1aab9be42e3acc6d47d3,2,2,ok
train,shiyan/data3/labels/train/0180.txt,0180,38,b21c16d564db176e3f5c6b60b077c5c9a889969db7b2dc60724bf83a697d0982,1,1,ok
train,shiyan/data3/labels/train/0181.txt,0181,38,d39e0c2d9ce39251b193857bccc5d1d9dc66eef08a720d81ef06919dfb14c919,1,1,ok
train,shiyan/data3/labels/train/0182.txt,0182,38,6af3ee3874b20d57bfa570d2afb42e420f1a6dc1db0e1bee0d423c2b64938460,1,1,ok
train,shiyan/data3/labels/train/0183.txt,0183,76,fe6de18760280b6ba9fcfc3ed60ea3ca3dc6dac428061b4f10bce8910f5c11de,2,2,ok
train,shiyan/data3/labels/train/0184.txt,0184,190,6693361a7ab24f6fb1fde5b482c7631efc82d4f82af1258310a1e56c3b7c6a59,5,5,ok
train,shiyan/data3/labels/train/0185.txt,0185,38,c3f78a8c495533c303405771e083846d1f92c065e5ee7944f3f954813f28f8a3,1,1,ok
train,shiyan/data3/labels/train/0186.txt,0186,38,9dc8cbfe623405edfa1567e5b200a49e82a5d31b279a60fd8492fd33337f048b,1,1,ok
train,shiyan/data3/labels/train/0187.txt,0187,38,00d323c6cdf8175682455d01f08f8264f494742996f1af2ee28903ca561168d3,1,1,ok
train,shiyan/data3/labels/train/0188.txt,0188,152,7b3f2098ccc2acde822a28b9232e2d53b4b5484a4c962d229fc101ff80912b1a,4,4,ok
train,shiyan/data3/labels/train/0189.txt,0189,38,8677474b713cb6d5b58547c0689a0397b0d8c8eda06065e2bed88a3b72a072b9,1,1,ok
train,shiyan/data3/labels/train/0190.txt,0190,114,99ade1bfa7baf9d074230979d75a75e837bf6067bcf0755238bc42caa933d2d9,3,3,ok
train,shiyan/data3/labels/train/0191.txt,0191,152,5bd20b66ca57fed15a6fe4fed996126f0f070bbfad6535a7dccc7622a9d50ebc,4,4,ok
train,shiyan/data3/labels/train/0192.txt,0192,114,e925cede8a76e857733fc976fb550f0487a6f3b4a89ba546e837d05c6e741fcf,3,3,ok
train,shiyan/data3/labels/train/0193.txt,0193,114,1652470fcda541a821764cffb05bf8b80091831a024b9d4870ad2e1ad64eb378,3,3,ok
train,shiyan/data3/labels/train/0194.txt,0194,38,cb14079e237a3a24476067d6f4dcfaeba12a711d7a222803dfc713f17f07edb0,1,1,ok
train,shiyan/data3/labels/train/0195.txt,0195,76,ceb09de7472bd63c6c383738e0c76fc01cc91dcf12c5d5c7c9e53527bd68ad70,2,2,ok
train,shiyan/data3/labels/train/0196.txt,0196,38,87a7c48a325bc1d833d0aa001e7006f37a50c022b52be186247aa9af92a4411f,1,1,ok
train,shiyan/data3/labels/train/0197.txt,0197,38,e2831e5a6aef72ace1522216c71bcdfb03c19bbad17b0486c7c7f445f42aba61,1,1,ok
train,shiyan/data3/labels/train/0198.txt,0198,38,092186f2d06056e4980e6c295657d8b6901e59591efb75c9b3d420fbbec233eb,1,1,ok
train,shiyan/data3/labels/train/0199.txt,0199,38,20fb470dd4e0993bf36c096601a0cab8d68a81faf984a19814b68cff1fd8ecb3,1,1,ok
train,shiyan/data3/labels/train/0200.txt,0200,38,5848777340eae6b7f77ce90670c5cb1308da8c19c48b5ae63b4f78d2f252605f,1,1,ok
train,shiyan/data3/labels/train/0201.txt,0201,38,26428760c26972128364fd5a6394e5c2fdaefcaa751e85869ef7d05e2cb71c64,1,1,ok
train,shiyan/data3/labels/train/0202.txt,0202,38,95de1c06c552e55ffe817ebdf66c630f876101dc92b64a353319638e62ea4c2d,1,1,ok
train,shiyan/data3/labels/train/0203.txt,0203,38,a72f089d4e2c305a612091fb8d940efb4467811bfb214b0c54cb2bb6fd0ec4c5,1,1,ok
train,shiyan/data3/labels/train/0204.txt,0204,38,9936fcac0dafa27e819e068480aeda111a0cc86df06236bcc63cbe82df1f13f2,1,1,ok
train,shiyan/data3/labels/train/0205.txt,0205,38,6f6ba08d4f55dea2145e8edcc4ba039ca8a1aaa1b7ce7da94e8f642efeaada3f,1,1,ok
train,shiyan/data3/labels/train/0206.txt,0206,190,3e7a50b55af105983a96958f3e81707734539769b4fa1914d6b500ceaca0d304,5,5,ok
train,shiyan/data3/labels/train/0207.txt,0207,114,9a9a27aa99454b715492b1deba6a1cedb7e9b48028402686bb861f1cafe461c9,3,3,ok
train,shiyan/data3/labels/train/0208.txt,0208,38,a673ae2d359fad1a19ffe533bc952bf3af9eee6122e134c604e61ba3ea5d68de,1,1,ok
train,shiyan/data3/labels/train/0209.txt,0209,38,c560ed4d4209fbd4764757c4413167e8e1a35037841138729d3f8dde56265cee,1,1,ok
train,shiyan/data3/labels/train/0210.txt,0210,190,7ad8a5666e82443cbd40ec5ffdc4503ee3fef45824efc5d1f4ad9faa96d2e32a,5,5,ok
train,shiyan/data3/labels/train/0211.txt,0211,114,cb0516c33e6a0863ceab87f043fe4cb07c8cd5e4a37722b5e3f3b6ca8f457d13,3,3,ok
train,shiyan/data3/labels/train/0212.txt,0212,76,c551728b4bbe222b222486bfebed39b6164a0873dc76e9a0a00980364a3f4bfe,2,2,ok
train,shiyan/data3/labels/train/0213.txt,0213,38,2bdb70792c486a69518e6819c23ff1eaefc45d17c1e15a011c2a134472d7704d,1,1,ok
train,shiyan/data3/labels/train/0214.txt,0214,266,4649b235244868967a04ea6968fedbab4e86a5cdfe32094c9fb50104f259784b,7,7,ok
train,shiyan/data3/labels/train/0215.txt,0215,114,491bfdf269bb060459c3e61dbd8e33f965fe04ad60505f75cbd459e687ebc171,3,3,ok
train,shiyan/data3/labels/train/0216.txt,0216,76,c8f5915353db1c43058074ac4bb9f94e3ecc7146e5fd8922d1f6ce4429175f12,2,2,ok
train,shiyan/data3/labels/train/0217.txt,0217,38,908ad4ed460abebbe67f880aa4742cc85f3678374c15f4453b7c2766aa565e79,1,1,ok
train,shiyan/data3/labels/train/0218.txt,0218,38,b9e3479717612acff23e0bd3a2cf22624d1842ca78b3bb84efde98c584a43069,1,1,ok
train,shiyan/data3/labels/train/0219.txt,0219,114,2623dbe4390bfc2576d6c3514fbf53a83de15b925ae8b99c6a42a61d87124708,3,3,ok
train,shiyan/data3/labels/train/0220.txt,0220,114,45e5bd23a17781bae608514a7c0f57eeba8a11ff8b9ff3a253bbec08735d254e,3,3,ok
train,shiyan/data3/labels/train/0221.txt,0221,76,580b7a2dd8877ef532eba45469696b2a94af68e9b694204d0e1bc7e8a42f6abf,2,2,ok
train,shiyan/data3/labels/train/0222.txt,0222,190,31796d98024eb3c86e42f70b5abefbdd34f816ae4199229bfd36677abb2a15ce,5,4,ok
train,shiyan/data3/labels/train/0223.txt,0223,38,437506fa13b311568cd53ed257c6ed58e1c93081af313226965c2940d9783885,1,1,ok
train,shiyan/data3/labels/train/0224.txt,0224,38,80d8bb4851e52ce13579692f6a0b388a48a8ea35d509ca1d631f8ce3d0f410ff,1,1,ok
train,shiyan/data3/labels/train/0225.txt,0225,38,b2b09b51bc447949e587bfaf3f32886bd0a3a53e76c2765deba6c4866b554e19,1,1,ok
train,shiyan/data3/labels/train/0226.txt,0226,38,03f9a09eba57604a4ce6d64b4eda78ed71be8a22b482b988beee1c8e370c5077,1,1,ok
train,shiyan/data3/labels/train/0227.txt,0227,38,99bb7e7a07742429b6c35b20c39b669d366738984183f6edd0458a57e7ca68eb,1,1,ok
train,shiyan/data3/labels/train/0228.txt,0228,38,75134dd4c222d7eafb1eeb8462bec5f6e191c21ca2127526b99ec275eed07f9f,1,1,ok
train,shiyan/data3/labels/train/0229.txt,0229,114,14e186726bc7683a9bb763eb4716d3abe489295f379eb6e87c93f5498717531c,3,3,ok
train,shiyan/data3/labels/train/0230.txt,0230,38,46c5cf89bd0bd197708779fff44034e41b7c81621bf486cbeec8be8ca2a0c160,1,1,ok
train,shiyan/data3/labels/train/0231.txt,0231,76,026999b15ee8e0992c714ea6800039643e3df41c385afad6578ed3eeb5e214be,2,2,ok
train,shiyan/data3/labels/train/0232.txt,0232,38,5e45eb2022faab6d6488da616311930f111f4b7785454a0bba9ecc5524c9689a,1,1,ok
train,shiyan/data3/labels/train/0233.txt,0233,38,0e62cc94d1d41b636341cf617fd81ce460df96feba4fc9b6a3baa6120394dc6a,1,1,ok
train,shiyan/data3/labels/train/0234.txt,0234,38,09d60dd08d0cdec9dccb5f6f89e0d78c8a70f28b2fb13c190d97aae286f9cf8b,1,1,ok
train,shiyan/data3/labels/train/0235.txt,0235,38,11174b5bcde9da6d886149dfb737fc0b284da5078dc2ce53bbfe10893d6f8783,1,1,ok
train,shiyan/data3/labels/train/0236.txt,0236,38,bfc407acc06697af4089dde6e8581ee3372248dfcaa7940a5d52065034272002,1,1,ok
train,shiyan/data3/labels/train/0237.txt,0237,38,b56d4307a745c9ec1712f8e5c7a18df79a9251ccc59cf021880993304d8c75ee,1,1,ok
train,shiyan/data3/labels/train/0238.txt,0238,38,3f4d4d0097de2e789ed8ef65f95c6dbbbca27b5f1a362b6764d021a8449263c6,1,1,ok
train,shiyan/data3/labels/train/0239.txt,0239,38,3bb54b145b30959293d3d82adb9ad42bed98ed385d9c465593e4219506511a35,1,1,ok
train,shiyan/data3/labels/train/0240.txt,0240,38,30319e582e102d1f099ad164155ff3e4e32e1a587a61008bbd85a4c0f0a64f4b,1,1,ok
train,shiyan/data3/labels/train/0241.txt,0241,38,e03d61ec174414240c38d3dedb4b5b23c40b480af34dfdaf9c4a6dcbb09c449a,1,1,ok
train,shiyan/data3/labels/train/0242.txt,0242,38,309c28e5422bdc5c15117263d235b7e7e1a9ebdcd8a6038e0e172f4e01a3aaa2,1,1,ok
train,shiyan/data3/labels/train/0243.txt,0243,38,6a4d51f0da7d4487b10aec63924f17215db458e73a3b729a8915a9cb457706df,1,1,ok
train,shiyan/data3/labels/train/0244.txt,0244,38,ea59bd4f65d7ffd345c4163c8fa95daaea5b2f401011584ac05c47c055d34b37,1,1,ok
train,shiyan/data3/labels/train/0245.txt,0245,38,0b20cd622de647d39a2282d8c4755e004a22f0329621fbe5860140075ea6e8a6,1,1,ok
train,shiyan/data3/labels/train/0246.txt,0246,38,0ac73716ae6c538bc3c7ade55b9c867234dab74689f1997916a1c042657c2fa7,1,1,ok
train,shiyan/data3/labels/train/0247.txt,0247,38,1f192c4cd8f6df71f3820014fd3c145d592e43f8b1214089b0f4ae8f3a9c35ab,1,1,ok
train,shiyan/data3/labels/train/0248.txt,0248,38,3d948d366ad684b8644388bb7a2aab3f6cf0fce97be88c2d8843411067351b5d,1,1,ok
train,shiyan/data3/labels/train/0249.txt,0249,38,040fb525e841edd0c83d6992f7d70dee156b2b8feb7cd1bcf09ce2acd3d37152,1,1,ok
train,shiyan/data3/labels/train/0250.txt,0250,38,cddd46ba1ef82613e487355e6ceff56d8bef88da6f1e2a25748bc996750b5992,1,1,ok
train,shiyan/data3/labels/train/0251.txt,0251,38,ce4603ce99a3c678c0e5f05abc3fed51d03ad10afd0946ce27470499fcdc5736,1,1,ok
train,shiyan/data3/labels/train/0252.txt,0252,38,4769aa8495229f7dd0dc91d08f8dcda77f97464fc82ae79046c054cd1228662a,1,1,ok
train,shiyan/data3/labels/train/0253.txt,0253,38,95dd9d9058f27fbd775c62fa07da30e00ae9a7f090ddc204fcb6d1595ec13ccc,1,1,ok
train,shiyan/data3/labels/train/0254.txt,0254,38,27db81178ef37c0a661ae353c29883acf02866af4196cfa7e7c9827eff2e6825,1,1,ok
train,shiyan/data3/labels/train/0255.txt,0255,38,64c46a4dc8717343a8aeabfbdac3f93b74996e732595132ffdebe4ecd73de971,1,1,ok
train,shiyan/data3/labels/train/0256.txt,0256,38,aafd1d2d307b917e94744c3ef727227e1e0a2f28b5216af35b900717a655aa4f,1,1,ok
train,shiyan/data3/labels/train/0257.txt,0257,38,3b97ea7d88bf650476a7d90af51976f5c2c6467c47926ef015701ccea5f1bf12,1,1,ok
train,shiyan/data3/labels/train/0258.txt,0258,38,a97045060025c6aef38b6bedb616c63f03dfcc39fa932f13d61f4b52d1a7493a,1,1,ok
train,shiyan/data3/labels/train/0259.txt,0259,38,0f29ff1e84ee636ab0abd2d607b00b8a6522e126b0f40c6088046cb526659ebf,1,1,ok
train,shiyan/data3/labels/train/0260.txt,0260,38,655b797a1194c548caf96b8ce1ec67bbdd476bc13e6d4ad2c3b74582004c09d1,1,1,ok
train,shiyan/data3/labels/train/0261.txt,0261,38,3c0d0f68b7ca8e7624ee4b1c2629ebc6c425cccc351c99e24effd00ed5288335,1,1,ok
train,shiyan/data3/labels/train/0262.txt,0262,38,893dee7801f9f4f3548264b0cb3af11bce5586e726d2fa4aa67817b44cf0b931,1,1,ok
train,shiyan/data3/labels/train/0263.txt,0263,38,14f188afcfaf903cfffdd07950370c7e1d3b401b7ce57478ad9a5878fdd26fe3,1,1,ok
train,shiyan/data3/labels/train/0264.txt,0264,38,1ba1ce19eb6c0e47b82852cdbb49496daa140a6ab51db45a8a172ccf38ff6b08,1,1,ok
train,shiyan/data3/labels/train/0265.txt,0265,38,6133fe3d8bb3dd8579b37222d86c9348a463c6cc5a8e79d35b8a8300e1594774,1,1,ok
train,shiyan/data3/labels/train/0266.txt,0266,38,fb1e90cc4ed19d946f496d3d72b43f93ae223902fe760d36bd6654e575d77062,1,1,ok
train,shiyan/data3/labels/train/0267.txt,0267,38,e5c2351498e662da38964cf5e8b90131cb1ab1eb9e6e5a025492ebb3f446ba29,1,1,ok
train,shiyan/data3/labels/train/0268.txt,0268,114,a3603edcba55905ad31d382540220e610c239cf50964fdfa1216ae517ee16918,3,3,ok
train,shiyan/data3/labels/train/0269.txt,0269,38,a6915b9d743691d06dcd1d208dda02a065e9291e26a3acac1b14555fdde8a865,1,1,ok
train,shiyan/data3/labels/train/0270.txt,0270,76,7d73b30b6969db0f6b813259bf00973eb587a29fd2f134aab6e12130a2a04a50,2,2,ok
train,shiyan/data3/labels/train/0271.txt,0271,38,51782e57d947c121fb3724a3dfcf0761aaa7d991b13d1962d1ba8ade488e6f67,1,1,ok
train,shiyan/data3/labels/train/0272.txt,0272,76,65d97794549b900db85a270ee06b47203107da9be5a93e6e386414b9974deacd,2,2,ok
train,shiyan/data3/labels/train/0273.txt,0273,38,ffd537c43f0769ca663f1d1b39297dcee24108f1e0ad44bdb03869459bb59811,1,1,ok
train,shiyan/data3/labels/train/0274.txt,0274,76,babaa12cb60f9820c0241aa1cc33f45a6243ffdd6f7ad061f983d8c150843c94,2,2,ok
train,shiyan/data3/labels/train/0275.txt,0275,76,7139cbe007d59cec30f70e097199e696979aad6daa493d6fe85eba2f9a47f988,2,2,ok
train,shiyan/data3/labels/train/0276.txt,0276,114,20edb0335f767d9c458766768eff9a0af250bcbf6e5f974b9c32ffa9fc471543,3,3,ok
train,shiyan/data3/labels/train/0277.txt,0277,38,fccb2578a7ad0d11380ad48591f72bf8ffc39c553bf843b3eba8f50493ca78c8,1,1,ok
train,shiyan/data3/labels/train/0278.txt,0278,38,c9565fbf4151d1b323e2354e6ae338026140047c8f5c7f2887f642d0ef853e63,1,1,ok
train,shiyan/data3/labels/train/0279.txt,0279,38,0a20d9198f77f8491a9d71b457fd3082b8d6d296d386d5f6ad93d6297c5d2f29,1,1,ok
train,shiyan/data3/labels/train/0280.txt,0280,38,ad6a27c5b4843b5c912d43d202ae59db5c01d73258d35e29a970a9e4834a0365,1,1,ok
train,shiyan/data3/labels/train/0281.txt,0281,38,73216fd84520cb09039619e2a399edcf4f764b7c4a46f5d356057b8de30ccd34,1,1,ok
train,shiyan/data3/labels/train/0282.txt,0282,38,a59fa3738ac092870c2d5a516cac4fe9c13a8eff019cc38a6bb910533cd7eeea,1,1,ok
train,shiyan/data3/labels/train/0283.txt,0283,38,e5cf9032b2651eb623cb051f77c9ef64f6836775ab235a144a25131c699ce572,1,1,ok
train,shiyan/data3/labels/train/0284.txt,0284,76,459262523853cd9abe46e73f01572a38875ed3d8c89eefe43a6a42496f4f9501,2,2,ok
train,shiyan/data3/labels/train/0285.txt,0285,38,7cd2e9ba56b7d2c53573970825a218bd3a441ff9e4dc27ded105e92250c64e63,1,1,ok
train,shiyan/data3/labels/train/0286.txt,0286,38,f326499274fd4d832dde3f280d1f6670e1810fc4635b8cb9a563f96fc5cd38ea,1,1,ok
train,shiyan/data3/labels/train/0287.txt,0287,38,949c8bcd8f044fb24ddb5cdeb1677f5cc0d10a33316ea661f773b968aaa1346b,1,1,ok
train,shiyan/data3/labels/train/0288.txt,0288,38,1fad00f7490aace28a69e8a2256d12e23f5ee6183615432b21874088a662fd92,1,1,ok
train,shiyan/data3/labels/train/0289.txt,0289,76,ab1fc3ce4e8ded402a993b932e332366f8b59ff358baac8bbc039b304268d622,2,2,ok
train,shiyan/data3/labels/train/0290.txt,0290,38,8a1274f82041e059fcad0d0488fe4cdbbc9c33bc2f77dbf7950aad963602185d,1,1,ok
train,shiyan/data3/labels/train/0291.txt,0291,76,9df2eb45ef72586cd4b181d41a37a07f486b6b849b2342e1eea5954f1c275b2d,2,2,ok
train,shiyan/data3/labels/train/0292.txt,0292,38,48687b4c521af08b3429445a42c1b3ab70f50899871e9bde2413b61857fdbd13,1,1,ok
train,shiyan/data3/labels/train/0293.txt,0293,38,f85b10733f87eae4e6a20a2229ad109d907b2595583622b7f7dddfae47d28f1d,1,1,ok
train,shiyan/data3/labels/train/0294.txt,0294,38,c5bdf0a68aa5cdc0e475c1256dd586b714b06ef784fae23f60d526f4d872d4fa,1,1,ok
train,shiyan/data3/labels/train/0295.txt,0295,76,c3d1bc214391b2e0204bcd2524070090aecd930a56c0898eb05cc94f1579c3e5,2,2,ok
train,shiyan/data3/labels/train/0296.txt,0296,38,4fd5f8ddb08e2bfaa861d21faf578daeadd819ad8947a4ecab3e6eb41a425ef9,1,1,ok
train,shiyan/data3/labels/train/0297.txt,0297,38,a28b19d4e268fff5585684df40703baf0673f1c05cf731372d1d8d9ca1d7939e,1,1,ok
train,shiyan/data3/labels/train/0298.txt,0298,38,7781650564e14a29a7c92d5b5a14020a41f5344bf3d3960af29902c4d94086e6,1,1,ok
train,shiyan/data3/labels/train/0299.txt,0299,38,3aec13ae34da92a4e35906aaeb7b09c7fac60c89c7a3c2bc1d4cdf8a21d309a8,1,1,ok
train,shiyan/data3/labels/train/0300.txt,0300,38,94da7ad40d17b2182727987cea7b779ff86d4030867f6389f7b008fb1d41fb6a,1,1,ok
train,shiyan/data3/labels/train/0301.txt,0301,38,c6b6cb5c2da5d058b55cb99c30dd5b6b87b8186d8a9a0778155369c44a3ef7dc,1,1,ok
train,shiyan/data3/labels/train/0302.txt,0302,76,6e9cd883c3f2eeedc2912808699f6c949b935eba37290a89c1267a0a8aa3fd93,2,2,ok
train,shiyan/data3/labels/train/0303.txt,0303,38,ee6e7ff75be30875585020a1ee8ba893a0407cb1c8cedbd9700512757a5926ea,1,1,ok
train,shiyan/data3/labels/train/0304.txt,0304,76,0822b0b63f38d68937a592aca29068465d0bff5ef1bad8ad2c9db65e78667544,2,2,ok
train,shiyan/data3/labels/train/0305.txt,0305,38,f0908a1f28860bd573fef9af8e8b644c85cadbd1bd4fe21301944c8c401b9a24,1,1,ok
train,shiyan/data3/labels/train/0306.txt,0306,38,c57e12760ed145ca47e1403255bf98b8daaa6a5f3cd5d4fcbde2a2f5d44ebc2e,1,1,ok
train,shiyan/data3/labels/train/0307.txt,0307,76,324f3a42cebbb52c083d79c5d3ac7cca757f0c6d4ff56edfdba71eaf2dc853e8,2,2,ok
train,shiyan/data3/labels/train/0308.txt,0308,38,8e29ee891fbc3573d0141da795a3e82c03ff46334797866a3adaa97300a14441,1,1,ok
train,shiyan/data3/labels/train/0309.txt,0309,38,817e6fcacdf0b65255a260c96d74263b46ee617929b32aea3a97ee45077cf008,1,1,ok
train,shiyan/data3/labels/train/0310.txt,0310,38,3af50b99dceefad4552c69a6dfdbea6e1c6288b4c45bf95935772e1193ef0b0e,1,1,ok
train,shiyan/data3/labels/train/0311.txt,0311,38,0c224a81ffaa5804fd6de7a1238b8015c037e3f7efb0b847de4881f3fd0fa8a6,1,1,ok
train,shiyan/data3/labels/train/0312.txt,0312,38,d1fc79c5f5fec7e7dd3ba15ea8ef7641c5c378b183cf0617dd6a1cae2ef29006,1,1,ok
train,shiyan/data3/labels/train/0313.txt,0313,38,1e55dc5d5828aecaa3abbb4d24a85629cfb7ea8964507376999d32f6c2d6b7b9,1,1,ok
train,shiyan/data3/labels/train/0314.txt,0314,38,cca1f097b8bf33d32728fd1ce668426ae820a6259224646e19aad16044d03e03,1,1,ok
train,shiyan/data3/labels/train/0315.txt,0315,38,562839f62adc044565c19da7e2d084f8e64af1d388b23f7b23da9b48695bfc74,1,1,ok
train,shiyan/data3/labels/train/0316.txt,0316,38,04d38f33f766e01525ac7d3acda0efa8d8ceebe1cbd13b187c2c0aad08de83c3,1,1,ok
train,shiyan/data3/labels/train/0317.txt,0317,38,43c04946ffa7d57c385b1264e7cc9604b155bf48e201676b19ef996b48d1fe55,1,1,ok
train,shiyan/data3/labels/train/0318.txt,0318,38,2951214b189e6a74fed6fc4f2974e96732494326bcad5a2d65e3e1f6b320dbf1,1,1,ok
train,shiyan/data3/labels/train/0319.txt,0319,38,de2bd013844523a51b5df0ce1c3a6fa091dd7880fae0e442f69914292022bad3,1,1,ok
train,shiyan/data3/labels/train/0320.txt,0320,38,da77ddf87ae5e81655f6ae7b81a12e277812d89d7c52240d2f3bf3a8b0728aea,1,1,ok
train,shiyan/data3/labels/train/0321.txt,0321,38,a785bc95471070104fc0929db2af0528a85c1ec79add1655e663098ba12d16cd,1,1,ok
train,shiyan/data3/labels/train/0322.txt,0322,38,eb6cf488e8fc44fa6c4ad936ed36af03e81423ee991ee78f2fdc48f60b413b33,1,1,ok
train,shiyan/data3/labels/train/0323.txt,0323,38,7ea066f58a55b56a5cc88feb198345e7a5b70e51778cc8956c51c398334f3834,1,1,ok
train,shiyan/data3/labels/train/0324.txt,0324,38,a1dfa20b5144bc970d1907dfde5c3cdce02183354f0911363a5a98025ddff19d,1,1,ok
train,shiyan/data3/labels/train/0325.txt,0325,76,440f83de64bb69012fe2203393c6e7e678856c6500e86d237009965e74699408,2,2,ok
train,shiyan/data3/labels/train/0326.txt,0326,38,bfdf72d9613a2ced68611418b37b411deafa1b332228a4ef1f2ac7e1ab993bc8,1,1,ok
train,shiyan/data3/labels/train/0327.txt,0327,38,9702f3a89155bb9955ad62d1202fd6d5b443fef467aa185493c99525bddf33fe,1,1,ok
train,shiyan/data3/labels/train/0328.txt,0328,38,c69a37ac8198d2eb06bedd4abf2ce1c1d34b4d95f46a244e2f88db3e3c72c8e8,1,1,ok
train,shiyan/data3/labels/train/0329.txt,0329,38,53c44ff41f7d39bc05dbc44a2a25e207a99fee3bc277f3e5f4c0f5f43efda3b5,1,1,ok
train,shiyan/data3/labels/train/0330.txt,0330,76,1e8a69bd9ecf4a8131be34223bb9cbe56dfa90a38189a0590d608e85dbaab632,2,2,ok
train,shiyan/data3/labels/train/0331.txt,0331,76,544bb04b903a69634cad80e84b7cf84d02c504d59128ed194b03d04a1ce981e7,2,2,ok
train,shiyan/data3/labels/train/0332.txt,0332,38,ad496c47f539582d5024ceca28f1f26744ee298916ed717f6b4ccb7cfc5281c1,1,1,ok
train,shiyan/data3/labels/train/0333.txt,0333,76,338f92310f1dcc1bfb80972de2cb86c542e9905c92d91928351123990f2f3c2c,2,2,ok
train,shiyan/data3/labels/train/0334.txt,0334,38,e820c5af257b4812d71b1a3078427d8ffb09b99c8987b32eba6912b113c47214,1,1,ok
train,shiyan/data3/labels/train/0335.txt,0335,38,562bf4cb6e1442582803742654dc81d59dcde26d16f68a6e7bf009e554e18173,1,1,ok
train,shiyan/data3/labels/train/0336.txt,0336,190,d0eb035053623ce71d1a0d195d1df82fa8243f3aecdce2151a4796da3a3f4850,5,5,ok
train,shiyan/data3/labels/train/0337.txt,0337,38,515b6aebfb34f4fe9125147a0dbc36fba4ff9c41755b123b825d5a7f3eec7594,1,1,ok
train,shiyan/data3/labels/train/0338.txt,0338,342,5a7e6a47d8451c8b0d5dcb0cf2fd8dc0ffdc6da9e5ab682b654889ce011dc443,9,8,ok
train,shiyan/data3/labels/train/0339.txt,0339,38,411c242a2a8354033c390b482338d6a2912353f3d9c43ea63103421d01fe877d,1,1,ok
train,shiyan/data3/labels/train/0340.txt,0340,38,2776c7ec7413e46eee79f218d3fed739101733592ee881908b1d858192dff542,1,1,ok
train,shiyan/data3/labels/train/0341.txt,0341,494,b569615e2ef1b66daf0042c2ca4dba4ba991fb2a1f1b8a8385050ca0f9e6b44c,13,13,ok
train,shiyan/data3/labels/train/0342.txt,0342,494,ed9687644475f8f76dc2784ee418a705380f5ee62b74271ea09380db9cca630b,13,13,ok
train,shiyan/data3/labels/train/0343.txt,0343,76,220e78236d2676e512d22923b027cccf5ec389c781bb70a2f4cacc3355066a7e,2,2,ok
train,shiyan/data3/labels/train/0344.txt,0344,114,e21b3c4e5916dd2c300d6c74999d62c8dac7fc3dc6981d26e9cfd8a91da6d8c5,3,3,ok
train,shiyan/data3/labels/train/0345.txt,0345,38,e9667746ffc793195620090ac0d221feeb094e6f36cfb78f2a63709ff97716d2,1,1,ok
train,shiyan/data3/labels/train/0346.txt,0346,38,f39a64980ce37ba14a6677f0420c30dae0924857e65b4c9015613d0cfcc11ab7,1,1,ok
train,shiyan/data3/labels/train/0347.txt,0347,76,40c77021b026558ffb2cf2dfe6f5ce3d35d2d3dee114524e9bb7d5b077190369,2,2,ok
train,shiyan/data3/labels/train/0348.txt,0348,114,b975496cc88c41ff929426c9444498a7a47986dbf851c6b4832ee5bfc6263754,3,3,ok
train,shiyan/data3/labels/train/0349.txt,0349,38,b4c3a8b28e93e77c7a9be182ef6033dfc8600aa263f70ac828768e2a1515a713,1,1,ok
train,shiyan/data3/labels/train/0350.txt,0350,38,f3d47077e1f3d9f48deffff68fff99896639906d528af677606bef31c6771515,1,1,ok
train,shiyan/data3/labels/train/0351.txt,0351,38,a00522305905779c843a02e91861109f7ca4f461d950efc9ecab7bb0949ee262,1,1,ok
train,shiyan/data3/labels/train/0352.txt,0352,76,0ce17905b7ef00f9c1c46306f9d22ff93fe24b040f2a8505e0d30b3c25ce381c,2,2,ok
train,shiyan/data3/labels/train/0353.txt,0353,38,14c294bfeb7acdb3a1268b7fe9efee6d20fd45e41e598375fec589fa8713d57f,1,1,ok
train,shiyan/data3/labels/train/0354.txt,0354,38,1884b256a2d3c19b34a5d218fec55b3b955221e89dc01abdaad6163117c85bad,1,1,ok
train,shiyan/data3/labels/train/0355.txt,0355,76,750d46bacb3cead655e54b7f8d1da7bd1430132f5d77566d7ab328251af5949e,2,2,ok
train,shiyan/data3/labels/train/0356.txt,0356,38,845db99be174dd2b616a4fd92cc397fb4e33ef46d3c3c7022c1567fd67d2ab76,1,1,ok
train,shiyan/data3/labels/train/0357.txt,0357,38,e86118d836b4526c3c8e33b5182a65fb0ec0c35aab9dea7316d92dc541390964,1,1,ok
train,shiyan/data3/labels/train/0358.txt,0358,38,d4c1c9b4db6b33f9c1aecc3a81851872b786da150242e25149d711108264456a,1,1,ok
train,shiyan/data3/labels/train/0359.txt,0359,38,75807e9f6fc83ce745d224959cb9f6dc1aa94f33f4e64d6033ee86f69326dce5,1,1,ok
train,shiyan/data3/labels/train/0360.txt,0360,152,bfa2e0f9c374195a21b0cb6beb35a2883fcba25d1f4ea8dcf08c927e664f8846,4,4,ok
train,shiyan/data3/labels/train/0361.txt,0361,38,80159b131a1993df0c4be76abe34be1fa6dbddd051c70f0c0eec017b2bbe0d15,1,1,ok
train,shiyan/data3/labels/train/0362.txt,0362,38,6a043ffe9d998f5d324f8c2ea0176dbfc0da9c38d7e71f6729e07f098854abfd,1,1,ok
train,shiyan/data3/labels/train/0363.txt,0363,38,5b9632a32f71f1cc0b82d7a2c84456745745c378c2a061d711e8d7c49c922ba2,1,1,ok
train,shiyan/data3/labels/train/0364.txt,0364,38,a44af52567222cd4ecc1ae5e10739ef12ff26bea976c04794da4626f5039df4b,1,1,ok
train,shiyan/data3/labels/train/0365.txt,0365,38,951cbe19255745b2137468169df4d0adcdf52af9c719cf4ac67042f013c6f2c9,1,1,ok
train,shiyan/data3/labels/train/0366.txt,0366,38,9f91e5adb8378c13bf93d274d74198f21d12cd1d239fe30dcb17f59788b626b3,1,1,ok
train,shiyan/data3/labels/train/0367.txt,0367,76,eb47711d1bf1ac6789afe96627903895f2c155b09cff26b6536b9b50da71af70,2,2,ok
train,shiyan/data3/labels/train/0368.txt,0368,38,d39ca954ed347ef9e54737a5f889ff7d8640c172413b9c1008e9e6021758074f,1,1,ok
train,shiyan/data3/labels/train/0369.txt,0369,76,c4c1b190177d834457ba28e48ea0d56a55fc0b3909c90fc0a327a39f6463cea8,2,2,ok
train,shiyan/data3/labels/train/0370.txt,0370,38,1dfbf419461d180018f0c8af8651e0ae7e2aacf423d54d6ba6ea1d92f64a5f1d,1,1,ok
train,shiyan/data3/labels/train/0371.txt,0371,38,2a9c92af0ba700ed7f8aaf91262a90d663abb318c26cb9da4c078e3ba3d103eb,1,1,ok
train,shiyan/data3/labels/train/0372.txt,0372,38,0732ea23faf0c480e3b1008508d3f80f10cccfa191cca8c68f95954e4d40ff05,1,1,ok
train,shiyan/data3/labels/train/0373.txt,0373,38,cc5e2fd7b55cedb143c321823c1a98e5e4cc704b55c9869dd2ae35ca2b59df5c,1,1,ok
train,shiyan/data3/labels/train/0374.txt,0374,76,60cdeac4060f602102d46424c0bf805fb3b12f6381cd66c53b4cf5f99c817446,2,2,ok
train,shiyan/data3/labels/train/0375.txt,0375,76,a43bc11d99f857c8c77ee7a81471b1617da92851b31b78984dd332488998e8b8,2,2,ok
train,shiyan/data3/labels/train/0376.txt,0376,76,01e4fe7f064f1f07dc35b4f26022411abae1f2182605a4c579df7371f92c781c,2,2,ok
train,shiyan/data3/labels/train/0377.txt,0377,114,ce64f3c7bcf310414e63627fd66b0b9faac353908db2b0696f5c4143a5f056a2,3,3,ok
train,shiyan/data3/labels/train/0378.txt,0378,38,d28986b1a25f1161c2b72847ab2d48bef18f258b0c4e8f8495ffff971e8db9af,1,1,ok
train,shiyan/data3/labels/train/0379.txt,0379,76,681ed1552ffb7f725e0b100f659195f32a9a3419e57d3fe8c16a905f64a0974f,2,2,ok
train,shiyan/data3/labels/train/0380.txt,0380,38,e72f07cc9660131bc6d46563d3b901d45c11b77fb5b4bd04842550ebadc8c2cf,1,1,ok
train,shiyan/data3/labels/train/0381.txt,0381,38,d8e895d70d685d2b580abb5bfc21dbfc50460e50a1cad12c61a13018a82c7d76,1,1,ok
train,shiyan/data3/labels/train/0382.txt,0382,76,faa0b636d84efd956281ebffb4108130dcd07f713bfb8231cf5c33a3c591754d,2,2,ok
train,shiyan/data3/labels/train/0383.txt,0383,38,0651587d15c4675c445025073811c0e944bcf4d2a0deb804afc750ad779c7198,1,1,ok
train,shiyan/data3/labels/train/0384.txt,0384,76,97992ca4830eedf0ec6ed0b56093b0fdca32b048a5029ec11a5b0a3180b6eb48,2,2,ok
train,shiyan/data3/labels/train/0385.txt,0385,38,eb9e3f0252ff04086bd4a1e09eafe71715f0ca9579eafddd3b684ed37c3422e8,1,1,ok
train,shiyan/data3/labels/train/0386.txt,0386,76,8f650d5f176d3e90b7a98cf91c6e9f029b8766f75f4e2e992bfc01dcca2a91df,2,2,ok
train,shiyan/data3/labels/train/0387.txt,0387,76,8331e6b79ad90a3a33a6a146a8967bd9dba1a3594c70295452ea62f81fc230f5,2,2,ok
train,shiyan/data3/labels/train/0388.txt,0388,76,29b1867ae858de0e574973edc4ef88e80e376c6b44476ba400d9fc3026761a44,2,2,ok
train,shiyan/data3/labels/train/0389.txt,0389,38,15248e4e75d3c53dc5dcc5b9554166b1cec6bb63ce894223f769636281251f83,1,1,ok
train,shiyan/data3/labels/train/0390.txt,0390,38,9476bda1797b6bb7803925ea9d613ca3fd2ac7f2d4528693e16d47a8dd0da2e7,1,1,ok
train,shiyan/data3/labels/train/0391.txt,0391,76,d03a3bd8f5a7e2d756774cbd6e6d50d0080735f19a76fd7bfb120548ed21d2a0,2,2,ok
train,shiyan/data3/labels/train/0392.txt,0392,152,8c24d9159eb7c895e1c488ec88f27becfaf6b1f1c6e344ea8b49e4570953dca8,4,4,ok
train,shiyan/data3/labels/train/0393.txt,0393,38,5bc402bfeb17322492fc325ede9a869f3a46302fca5ea4d86370efbbceab920f,1,1,ok
train,shiyan/data3/labels/train/0394.txt,0394,152,345c2bbff022e48b4398530a1fcf1a60a7f00c827dd687937ab9761096ae0580,4,4,ok
train,shiyan/data3/labels/train/0395.txt,0395,76,c50f43effd056c5b2ac4e0d7824e3ec4203cb565a4312fa2d678396ff949c8b2,2,2,ok
train,shiyan/data3/labels/train/0396.txt,0396,38,23e9199043a07eff5e7be0b238bf7d2e40c8b10fcccbb74fc78cfc2def89693c,1,1,ok
train,shiyan/data3/labels/train/0397.txt,0397,38,a1999960eed5d47c02f7b829d21c45e00445b01fad5704f2460e1f3d44af5ceb,1,1,ok
train,shiyan/data3/labels/train/0398.txt,0398,76,a4dfa6a58208e87757c53976144566302faa6a4ceaca60155bfe60ec40035d4f,2,2,ok
train,shiyan/data3/labels/train/0399.txt,0399,38,2dd8099c5f991a9d8dc4f4b9693ccff9b585b7b6a93facff2b2eae779419b34b,1,1,ok
train,shiyan/data3/labels/train/0400.txt,0400,38,8a9f59abd784b89b8c5683355c7255270b0022d443ea678a0bc9d7c14a73294d,1,1,ok
train,shiyan/data3/labels/train/0401.txt,0401,38,f19f8a3304e134cf61ce748aa4bacfe40972d493b3cf492554ee002016ffd61b,1,1,ok
train,shiyan/data3/labels/train/0402.txt,0402,38,732692b66279f74c04deb3847c535cdd159e321df857d116625a042498d43ef2,1,1,ok
train,shiyan/data3/labels/train/0403.txt,0403,76,b43ab9a37d7f6d1c96815366c804b68e74b56fe1278ae74ce8f861335855db2d,2,2,ok
train,shiyan/data3/labels/train/0404.txt,0404,38,847f360b0b35752d09b4992460125ad02813bc5a22e24936f38048ecdfd0fd5c,1,1,ok
train,shiyan/data3/labels/train/0405.txt,0405,38,918492d5a624dbf054cc354bc3e6035bf1584a1ed61336b3ba5937453512b08f,1,1,ok
train,shiyan/data3/labels/train/0406.txt,0406,76,da5f3326aca4ac391c980a835d96c8641edfcc90062d028e27275c75737d26d7,2,2,ok
train,shiyan/data3/labels/train/0407.txt,0407,38,cffb843fccf4fed8452a7ace3ab1c8cc7e98f7572cfc73ac4526947039f8e549,1,1,ok
train,shiyan/data3/labels/train/0408.txt,0408,38,64ac44be18798ef8a3407ab83c066394e525b4bf5c8c011854152c04d40690ae,1,1,ok
train,shiyan/data3/labels/train/0409.txt,0409,266,7ba248e9f7ea5d6f80b5e58c17511254e37df6a63109ba86a6d73202427c2cb8,7,7,ok
train,shiyan/data3/labels/train/0410.txt,0410,76,06364de729416d1933a03fd44e33982e3728706117a888c4fe3efbd059b2b117,2,2,ok
train,shiyan/data3/labels/train/0411.txt,0411,38,4629bddd3e8b7afa6b52bffa78ebe55638d319f6ce40dbac978dbb53b7e0b322,1,1,ok
train,shiyan/data3/labels/train/0412.txt,0412,38,8243ad8a3ac92a107cf6673809c303544aa119b8a995c184989b793351e3a32d,1,1,ok
train,shiyan/data3/labels/train/0413.txt,0413,114,90552b28d4024185f7f9dbd53403c08a52e9ff3883e5cc7f0c8f14fafa65fba3,3,3,ok
train,shiyan/data3/labels/train/0414.txt,0414,38,e8fa2cd3cd1e7ed1e158a7501ebab035c42486576fd9cd313fdc1390e459c8d6,1,1,ok
train,shiyan/data3/labels/train/0415.txt,0415,152,fb99d21a2b2e7342b6b5208c3eaf016da6f7bb68a328f23b4b8237ebcf8d521c,4,4,ok
train,shiyan/data3/labels/train/0416.txt,0416,152,fa08123846d4a3407e4a0b315653b99447033b191222bd3d3d23f78558cbf1b5,4,3,ok
train,shiyan/data3/labels/train/0417.txt,0417,190,d0917380cb6e1c4887e9911d01b06ac32e1c6298597d5329a9c31b71669aec58,5,5,ok
train,shiyan/data3/labels/train/0418.txt,0418,38,9bbc91bc87cbbc4af035b710c2417929269a80c26b1aa14bc90472c6c16253d4,1,1,ok
train,shiyan/data3/labels/train/0419.txt,0419,38,7266ba3ae0c72f20c3db2e3570128b315084e21c2523ddc6e648cfbf04a69cd3,1,1,ok
train,shiyan/data3/labels/train/0420.txt,0420,38,a384e835201de273d9bb9b9f33702e08cd2088147fcdb3a8947a52e92e3026a5,1,1,ok
train,shiyan/data3/labels/train/0421.txt,0421,114,ef2f1f962f2ca251b8699963c1d147d4fa95257e96ff74c834144f06a25d7a1e,3,3,ok
train,shiyan/data3/labels/train/0422.txt,0422,114,edfa7510d24abf6d4573b5b440b8504a24fdfa42d3c84a4a5d9fe5d152669d5b,3,3,ok
train,shiyan/data3/labels/train/0423.txt,0423,76,10bee86497a87ce5753c8f1c654ac104a510571bc44f09bd83113f5846c7140f,2,2,ok
train,shiyan/data3/labels/train/0424.txt,0424,228,a066b738778d1e33f03760b31e21cbc01a39f6a9a2d4aa5339db645c814609d8,6,6,ok
train,shiyan/data3/labels/train/0425.txt,0425,38,b1ffa6d460656410b808bb523347c56b799d7a1c44f0e5faedba89d1e42bd863,1,1,ok
train,shiyan/data3/labels/train/0426.txt,0426,38,75b0272dd65d7e9da8a0ac7f9bd77c9577a4527dbfbfdb5794755fdad8fb4c25,1,1,ok
train,shiyan/data3/labels/train/0427.txt,0427,152,b8e16739e206d67b3209c3efea20503876208462e0c040ad3a90c0a1c929989c,4,4,ok
train,shiyan/data3/labels/train/0428.txt,0428,76,bbeca3d40ee9569c2c1d04c98c6cd7054d738664944810c876b155fbb59a049a,2,2,ok
train,shiyan/data3/labels/train/0429.txt,0429,152,dc7947e3b585029cfdc439dce6ce743d9ad6154d6758d747ffb3defd96d29339,4,4,ok
train,shiyan/data3/labels/train/0430.txt,0430,228,5aa3bc16ded7eb5c5b1e20f8f8377dd33f383008de53cd2aa7d90a5462a0b88a,6,6,ok
train,shiyan/data3/labels/train/0431.txt,0431,152,6d7c7ea6b2346e0ddfc26d86f5f6aba8f33cda1eb35fd1c9164c88d66d49f626,4,4,ok
train,shiyan/data3/labels/train/0432.txt,0432,114,67d4318fc079d73cbf4e6d3144ed2ff8e3f58aa85ea665730e4aff5a5ebc5a22,3,3,ok
train,shiyan/data3/labels/train/0433.txt,0433,76,402c3d227effbdd153020fa6152db1c8c242ff385adf43a2f738ead220e6b255,2,2,ok
train,shiyan/data3/labels/train/0434.txt,0434,304,dd9eae7e70adc8188ea1222879d5e4dcb8c7f29aa7e2e22a5acbe24b04fefca2,8,7,ok
train,shiyan/data3/labels/train/0435.txt,0435,380,adad52e02ba2314cb26d72c6e22ff427424f68bccace8957575d9d852bce4b58,10,10,ok
train,shiyan/data3/labels/train/0436.txt,0436,114,9860f05ca8b575000016e3f0fd026cd0e05e74d666766689da8f0183c01aab79,3,2,ok
train,shiyan/data3/labels/train/0437.txt,0437,76,5dec388cd0fd82cc03539cfe9b8d99a2a796f7cd335f3e0dcf3ec2159f23db62,2,2,ok
train,shiyan/data3/labels/train/0438.txt,0438,114,9d8614eafcdd8ef429571323f591a3bcebfcbce1c23a763eb82bd7d4d1828629,3,3,ok
train,shiyan/data3/labels/train/0439.txt,0439,266,0b25501cb51bfb6af1ed8bf35a6b9b443ae6a46f83e7dd111bdd680633c31bc0,7,7,ok
train,shiyan/data3/labels/train/0440.txt,0440,190,93fe5d3b447403c990e790e7c3f9c789f1a6dfc34f34e9fddf3d67dc8051e7ff,5,5,ok
train,shiyan/data3/labels/train/0441.txt,0441,266,390bfd79fb8d98f4823f0c70cfa0b59013fe7bc2feb7f716a3c70a297eb26f42,7,7,ok
train,shiyan/data3/labels/train/0442.txt,0442,76,528a6c076d27174306b630fc15b35c3db58884b1fd720f52f4e0f8b0b5c6e2bd,2,2,ok
train,shiyan/data3/labels/train/0443.txt,0443,38,e716462e96345314e928822d038e7cfd5e5eb9de659f06dc10856191af8f6e5b,1,1,ok
train,shiyan/data3/labels/train/0444.txt,0444,38,6f5f709fa1cede88d28fd2b2d32cd94b200667b39a321177b88a8c59787b1818,1,1,ok
train,shiyan/data3/labels/train/0445.txt,0445,38,7786ea513ac0f9d601e00684cac51b0495056d03f01099d3ee2cb6faaae3016a,1,1,ok
train,shiyan/data3/labels/train/0446.txt,0446,76,21b4750f395d45c2bb746fc95902d90014e35f652d6f4f0489561696db66ab35,2,2,ok
train,shiyan/data3/labels/train/0447.txt,0447,228,19ef831dcc99f57070052db03c856a8831a7d6f7d69975e763592172def074f4,6,4,ok
train,shiyan/data3/labels/train/0448.txt,0448,76,ca3d28c748961d9bbece130bba42f72622e67212b1f542f227ee1676f9ddaca6,2,2,ok
train,shiyan/data3/labels/train/0449.txt,0449,228,2ed4bba8f8b4227b15f5b01ad9c95b0910536be03c9086d95b35f4c7b3191870,6,5,ok
train,shiyan/data3/labels/train/0450.txt,0450,38,24fae5047e1e2508db77d335dfcb5f341e410d92ba06abce48b4898222018369,1,1,ok
train,shiyan/data3/labels/train/0451.txt,0451,38,6071a135dbfbfdfcb033c3d455970a5c83267dd962896c408ccc1e1b0881e7bd,1,1,ok
train,shiyan/data3/labels/train/0452.txt,0452,38,dc3bf22ab2d1962ae292f0a64bdcbca2d1d48b935000bd746a3825991aba50e6,1,1,ok
train,shiyan/data3/labels/train/0453.txt,0453,38,4fbec076b3328b29c20841aa77f705b168972d7b4d232a257b4f1013ca8cb8b5,1,1,ok
train,shiyan/data3/labels/train/0454.txt,0454,38,bef69bda0cc33c1d759687729e841382b544f76c2a108aeb1188459ba9ac5e8f,1,1,ok
train,shiyan/data3/labels/train/0455.txt,0455,76,20f9b089a82211dc7840b30d7f1abc27d66ef38da37cc3676938f496cbf9f8d8,2,2,ok
train,shiyan/data3/labels/train/0456.txt,0456,114,40f219069047a00caaf914c201c4c3e2ec116ec08bc848b12a9f6e610e774934,3,3,ok
train,shiyan/data3/labels/train/0457.txt,0457,76,9a7cca5b97609dd50ef19436ec0dc504ad303a5ab14903cc3912ebb5abcd4287,2,2,ok
train,shiyan/data3/labels/train/0458.txt,0458,38,f93ab08a4ed166906f2d27b004f632bf984f246654bbfa6aa0df053aa8095454,1,1,ok
train,shiyan/data3/labels/train/0459.txt,0459,38,b584a25c28125b11016287c52f472a068b9b232c0a9afb87f78e4bf19f410b4f,1,1,ok
train,shiyan/data3/labels/train/0460.txt,0460,38,f1f38e498ef7c540ace2ee8fef6b618ee8bd48988aa2349e320a60390024e2b4,1,1,ok
train,shiyan/data3/labels/train/0461.txt,0461,76,e845d6309b00eedbe4e2c8b9321158810922d777534d5903340bcc6f697d0aab,2,2,ok
train,shiyan/data3/labels/train/0462.txt,0462,152,f3734c6201163f96295d6f8af9071e6b2813bca02462ce9323a0ef4dd8497cd9,4,4,ok
train,shiyan/data3/labels/train/0463.txt,0463,38,3cec3fd38daae64fb4d2a55f08dc03873d125a4b44de6cc6844711a9f1517f2c,1,1,ok
train,shiyan/data3/labels/train/0464.txt,0464,38,c08b58d7187453988f6f97440c78ebe51d96602d6709e240b98ee3e47a283611,1,1,ok
train,shiyan/data3/labels/train/0465.txt,0465,38,033673ef9b40d0ec6a8839adc4accec284d9d1ce6477a00fd2cc830eb37c29c9,1,1,ok
train,shiyan/data3/labels/train/0466.txt,0466,38,0364069b48f62c38e83376e8fc3f6cfce7dbbe84207b8f81d93a8402986b7d4c,1,1,ok
train,shiyan/data3/labels/train/0467.txt,0467,114,8ddd3b722099f82defde9df66122b188ac009b59b355394a7b8dd46d5511a6b1,3,3,ok
train,shiyan/data3/labels/train/0468.txt,0468,38,7bfba8bd05d1401d9738dc2cfc10828c1c8bfb8278eaa6091eaa50abf745cc52,1,1,ok
train,shiyan/data3/labels/train/0469.txt,0469,114,ae927e73e4e8284325b94522ff1eea123bb372a6b5b0cc263c315ee1b46fa626,3,3,ok
train,shiyan/data3/labels/train/0470.txt,0470,38,f8729550538e3833842d686c46303f10e7fc5e49b8921206b23fda928e752fca,1,1,ok
train,shiyan/data3/labels/train/0471.txt,0471,38,bf0c2163a24b96250412cf37879a766aaf0f0ccc7b34f3821e01b39e4566bf15,1,1,ok
train,shiyan/data3/labels/train/0472.txt,0472,114,527b888a42cf11e9e2700093578b3eadd9012f696205a74c1484f2eda51ea202,3,3,ok
train,shiyan/data3/labels/train/0473.txt,0473,152,a851421839f846ef7642da75d43be32325a53c84cdf1d534fcf4b2cb5eebacb9,4,4,ok
train,shiyan/data3/labels/train/0474.txt,0474,152,0512fc31e4ae22d09b494e488fe80bcf5ae8f9d393b7888f2dedd4d35ebd0b0e,4,4,ok
train,shiyan/data3/labels/train/0475.txt,0475,114,f3e41082a1cd31040e32bf1f0f76a705da38358508e562fe743a2081eb5b94dc,3,3,ok
train,shiyan/data3/labels/train/0476.txt,0476,152,ef9f0c2e868d8e41443ae573cf0ae6ff0200c057de838f3cc108e57b8dd6ed97,4,4,ok
train,shiyan/data3/labels/train/0477.txt,0477,76,9ccaf41505dfc558c2cbc9265ec9b71146231fa834a39fa0d9b9babaec413a75,2,2,ok
train,shiyan/data3/labels/train/0478.txt,0478,38,4595b19ddc02f48662d3de766910d4864b88120ec6d4ae59379e34c1d0f79702,1,1,ok
train,shiyan/data3/labels/train/0479.txt,0479,38,d361877f4e8b60470f88224af7f1ea97bdd4887d7d3b89dd617066f8fcbc8f3c,1,1,ok
train,shiyan/data3/labels/train/0480.txt,0480,38,8b966a8354d8c4731d4661194b702489aa906722842f62c652eaaf3f387012ec,1,1,ok
train,shiyan/data3/labels/train/0481.txt,0481,38,b3de7bf77e499ace31c58641c7ce51e04480d5afd87ee29c3fd474e204dfac26,1,1,ok
train,shiyan/data3/labels/train/0482.txt,0482,38,3510ddeb5cf914f1db0bbb3683eeceeaa16a6136c4471ebc52860a5c60709dcd,1,1,ok
train,shiyan/data3/labels/train/0483.txt,0483,76,4e5b8a728571c0240e04f179233f1adbe5774aa50685bbf244559d68d180660a,2,2,ok
train,shiyan/data3/labels/train/0484.txt,0484,38,47187795707323711d9c1aa8421757c915db2d90856e2d64d33bbddf2cd0bdb6,1,1,ok
train,shiyan/data3/labels/train/0485.txt,0485,76,ac91514efd443e523e8b2d62b8738b8a686cdd33681d9e30d843d45450fe1b69,2,2,ok
train,shiyan/data3/labels/train/0486.txt,0486,38,6652db421da6204df68d4b09fbadc08e5cb63a0093a033bea32d8867424893da,1,1,ok
train,shiyan/data3/labels/train/0487.txt,0487,38,968f55967eeee5f5fbe3a23adb2cf2cd128797667ced0d37ab97fc4bb8b5e4ba,1,1,ok
train,shiyan/data3/labels/train/0488.txt,0488,38,1025e20f63312bf0cea809ff94077f0ca25b878c83a06f8593080007abd94867,1,1,ok
train,shiyan/data3/labels/train/0489.txt,0489,38,c9358d303e4282cff7a99631904a482a04088ed9195e1fd6661a85a9ae9a4704,1,1,ok
train,shiyan/data3/labels/train/0490.txt,0490,76,9055fbe0b077465ee1f33e9e65b0489dcf92f9149042c4104606821659c3bd0d,2,2,ok
train,shiyan/data3/labels/train/0491.txt,0491,76,70d5f0d981ac56d00da8c448c59ec3bbc3aed1d6e81c2564bbd6482ddbd812c9,2,2,ok
train,shiyan/data3/labels/train/0492.txt,0492,38,c23535ea533898b2f43ce97421efd020a3561c1d5c72a132c0c3c2a01fc6880a,1,1,ok
train,shiyan/data3/labels/train/0493.txt,0493,38,680b788b6c0e2ab5719154c9b013442a18c438c79c61df87c36396a89215bdde,1,1,ok
train,shiyan/data3/labels/train/0494.txt,0494,266,e15e93c978b3d9775555cd29bcbcc7190b5a66aad02418cb56deb8dfcec6eaa3,7,7,ok
train,shiyan/data3/labels/train/0495.txt,0495,76,6681fb71f12785307ad1df41a4c73499ed6b766bd2621441947e32023e70edf8,2,2,ok
train,shiyan/data3/labels/train/0496.txt,0496,38,527eefb9ce938b0644928bf4fcb9ebab0609bf1f33b42cd0922a4e4155c50aac,1,1,ok
train,shiyan/data3/labels/train/0497.txt,0497,114,2e28bef23ff7478d3acde0178bbcd6c543b11eceb06ed6ace4c7f64a0e464b85,3,3,ok
train,shiyan/data3/labels/train/0498.txt,0498,114,6bc8bf2b75be786b3d5cdbedf2f1429d9601be5029c632aabcdc9f95d473f135,3,3,ok
train,shiyan/data3/labels/train/0499.txt,0499,38,7e40c4e6a8b8180c05a7f861588fec50131f8d51bcaa27036ce46f75c8c686bd,1,1,ok
train,shiyan/data3/labels/train/0500.txt,0500,342,a71b2d7a8c61a7e96a25b7c12048f8cf3428e7e41ac6a2101e6be0960ca3d42c,9,9,ok
train,shiyan/data3/labels/train/0501.txt,0501,494,400519783f30c494e00c6f639efe301878687f7d80f60975495958fa22d2ac31,13,13,ok
train,shiyan/data3/labels/train/0502.txt,0502,76,7b2d927275a73c03b086f4e19cb251caa1d6c9736b09816b17198a76d89316bc,2,2,ok
train,shiyan/data3/labels/train/0503.txt,0503,114,04fbcc9d3b6f31668cf9d3ca0ed76ed5e8c515d78ae8481af6019e18e14993cc,3,3,ok
train,shiyan/data3/labels/train/0504.txt,0504,76,d55ae5da2b3a4bc84e073edf79bcbbfa59fe7c75c9af99446eefdcb87f4c65bb,2,2,ok
train,shiyan/data3/labels/train/0505.txt,0505,114,4f0ac8c83d947bf659d66cfd863b06aa0c659e47b208e05cb01d1ca859fbc714,3,3,ok
train,shiyan/data3/labels/train/0506.txt,0506,114,75bb997a777c45f33ed6495d6ab3aa731cc3eecf8495a3c4ce61a4e0798c4094,3,3,ok
train,shiyan/data3/labels/train/0507.txt,0507,114,14c6e771b02dd80d1a5211d2bd8ebde11edba0966fada06b021b2e0e83c1333a,3,2,ok
train,shiyan/data3/labels/train/0508.txt,0508,76,1bc6f7946fa3635958cdebb88ef70a88a5c0b9def22318169c36ca2b8995ea74,2,2,ok
train,shiyan/data3/labels/train/0509.txt,0509,38,4a03262b3f74372adff6a0532b918b8c4175cba4cc0b06e829fb0d68fb7252bd,1,1,ok
train,shiyan/data3/labels/train/0510.txt,0510,38,494e90746b066f5a0864261e8769a80d23907ae7b7dc2f8bba9a8939ef0ea160,1,1,ok
train,shiyan/data3/labels/train/0511.txt,0511,114,a4356c853b3af4775634076ae4083f9e4c18c4d2ae2a2b3522ec6fe3605de6f1,3,3,ok
train,shiyan/data3/labels/train/0512.txt,0512,114,08c0d2254d6dbbe5f6934fc4f6df473655d0051ba02d57c73bedbb03334a3b8b,3,2,ok
train,shiyan/data3/labels/train/0513.txt,0513,38,4eb2f818c933d5a71d82d0de6667107a513d1b8e6fdfe338e884d375bfc8049c,1,1,ok
train,shiyan/data3/labels/train/0514.txt,0514,38,aa0938c4cdcf292324d1aae79cdad045c7d855ba53b15f2f683836a1d459dd9f,1,1,ok
train,shiyan/data3/labels/train/0515.txt,0515,38,f2941c2ff489836d7b987b017cd1875d3622340b3fffeeb998cc8be106f55077,1,1,ok
train,shiyan/data3/labels/train/0516.txt,0516,38,e479099b9e64756de02432ee4afef1f2e1bf1b9b94c34fbd268e022a8dc09b06,1,1,ok
train,shiyan/data3/labels/train/0517.txt,0517,38,6b6eea12a2386fd3c80b2b3168bc26c96f0c164f2fff52c943bd19c3934c0e5d,1,1,ok
train,shiyan/data3/labels/train/0518.txt,0518,38,b953d1961594d0970b27a2db5023af28772ef3d3ac52332492d24e043302eb82,1,1,ok
train,shiyan/data3/labels/train/0519.txt,0519,114,4405f6838c54f395c002481fc81d7bded981b50defd26bd30123dc2ab9aa3ccb,3,3,ok
train,shiyan/data3/labels/train/0520.txt,0520,76,bc43854bfacf8dce55dcb7f697d8aa6cf7fb12ebb010a08ff2de3f238586a380,2,2,ok
train,shiyan/data3/labels/train/0521.txt,0521,76,f99b5e8be941a8e101181bd7d547ccb6a6df9978d2964612964a1abaf3a8d838,2,2,ok
train,shiyan/data3/labels/train/0522.txt,0522,228,f899e69304f644fca432e5fa4b96b9bbac5db5e6296a61db3c790f02c362de57,6,6,ok
train,shiyan/data3/labels/train/0523.txt,0523,38,684d876398e34348725541bcf3366a6ec2a61d8c5b83596d2b63aa8e25d2fa6a,1,1,ok
train,shiyan/data3/labels/train/0524.txt,0524,228,a6610e280b9acaba0da4257fbc501c37bbc150e741a8c476c1bb5a97ebf97c95,6,6,ok
train,shiyan/data3/labels/train/0525.txt,0525,114,f969ad75c5c057fe93886116756b5b832f26a00bb27b2460cb596357c4af7995,3,3,ok
train,shiyan/data3/labels/train/0526.txt,0526,114,cfd7d9354ec4bcb0c6124ea0788090d10c05e4921d1a644c5607ee1f924c2368,3,3,ok
train,shiyan/data3/labels/train/0527.txt,0527,38,1e89582676b9d7307dce3135090b302713a37e046f32b26af47880f179d4000d,1,1,ok
train,shiyan/data3/labels/train/0528.txt,0528,38,632e2a125e8cb81308f2ad481885655ffcb289dadc4650fd54f78ed7bea181ce,1,1,ok
train,shiyan/data3/labels/train/0529.txt,0529,38,d58946e41cf645ce478582d5c02da1e357646c50975739517023b3b8e4c1632b,1,1,ok
train,shiyan/data3/labels/train/0530.txt,0530,38,c299ef4c94fb98157f324e006a16606aa747c642edd8ca05ecd80b80b375fde9,1,1,ok
train,shiyan/data3/labels/train/0531.txt,0531,38,b47ee6be01d0b513cc87a0dc89f6ee0ae7567220b3456dfc12baa5da3416881a,1,1,ok
train,shiyan/data3/labels/train/0532.txt,0532,76,056daa43521105502b274be9a21296703225635ec9a8382f4dc7256d9c4acb2a,2,2,ok
train,shiyan/data3/labels/train/0533.txt,0533,38,2da8a5d127ec1dc7a9d5248079a982a6e1ff6f2b1e58190069a6dd6c6ffacf1c,1,1,ok
train,shiyan/data3/labels/train/0534.txt,0534,76,33897d8aaf4d1254150d7bf89bae4b7d6b2c526e8aca09cacbf8889bbd58d5f4,2,2,ok
train,shiyan/data3/labels/train/0535.txt,0535,228,110003d671dd7df2647069ac3da2b4d0545990587a67b4fd4b6309c6587d49e3,6,6,ok
train,shiyan/data3/labels/train/0536.txt,0536,38,a03a9731a96bbfed3421484938a3fee54fe84cd4b5e76f3cd9d6e02497f37fe5,1,1,ok
train,shiyan/data3/labels/train/0537.txt,0537,38,2d2bd84a4ab7f3cacbcab786d094957e31d3f318fe1ebb1ac82d1e91a901760b,1,1,ok
train,shiyan/data3/labels/train/0538.txt,0538,76,6f95a4bb4cc7dfa04f760e53258980b27ca0f224376bd714938fe7c1b1811e87,2,2,ok
train,shiyan/data3/labels/train/0539.txt,0539,38,bf1498a4b76ae0029facab6f1ae24527e3c1189b9fe7a601b292a9d05484b7e0,1,1,ok
train,shiyan/data3/labels/train/0540.txt,0540,38,9f3dc1a66dc3db2871fe9b5e1f18804f58c4d6339d70e06c6ee52a8af4a018e9,1,1,ok
train,shiyan/data3/labels/train/0541.txt,0541,76,dc718368f3910b43200e67c8f232c36244002b578572c478e6662e5180d20424,2,2,ok
train,shiyan/data3/labels/train/0542.txt,0542,38,71398ea1cd086f6825389d627ee749c7344991fd1a005a0d775afe90efad7a56,1,1,ok
train,shiyan/data3/labels/train/0543.txt,0543,38,e8721ee9e5398d518352fbec22fc5837cce1dcb58fa307c837514b2844897b72,1,1,ok
train,shiyan/data3/labels/train/0544.txt,0544,76,14d97f307d3b497a48c2e90c28ffc0745f40bf97b7b6d7a21c4bb67fde2d378c,2,2,ok
train,shiyan/data3/labels/train/0545.txt,0545,76,c68f09c75c574f12065394282a33ddf5902bc4a5e5edc84f65f4d0b1c0818440,2,2,ok
train,shiyan/data3/labels/train/0546.txt,0546,76,2fca527fd2f7c279b7c49ef7238d1f58de89655cb5ade4c4839a626e48883148,2,2,ok
train,shiyan/data3/labels/train/0547.txt,0547,76,6b51fac59c35cc4539f7094972dffca4da1eb5b6bc0c729f66ee51401dfdde0a,2,2,ok
train,shiyan/data3/labels/train/0548.txt,0548,76,52e72aea8cb599d68b26209babb97cf28005a511afcc4e62e4ddb29d686aa62d,2,2,ok
train,shiyan/data3/labels/train/0549.txt,0549,114,5d42fd7d977d1fc5b76b070d1e49cfff9a1502719651a982a5747be818f3ba0c,3,3,ok
train,shiyan/data3/labels/train/0550.txt,0550,152,5c8b27fd2c0f31e8d1bbe3983f93a87f144bda5a3175ae5d4272c67236a8d798,4,4,ok
train,shiyan/data3/labels/train/0551.txt,0551,76,5100b0b2b9aaa146c643212689d9a60a40c76a83589b2e3029e7740454c8d556,2,2,ok
train,shiyan/data3/labels/train/0552.txt,0552,76,444e1a9c56521d95cbd5e9a3f27e5def2989239adf78df7794de0c7420efa0bc,2,2,ok
train,shiyan/data3/labels/train/0553.txt,0553,152,4de5b2f47d0b889616a048723eea5b2cdd9df48f431e960d90d9b9e49d71c573,4,3,ok
train,shiyan/data3/labels/train/0554.txt,0554,76,26ea5294295d4e49c9cc8c94b74300d8b368c813fa4ce61bafec20020e809a56,2,2,ok
train,shiyan/data3/labels/train/0555.txt,0555,114,a37d1870cce991824306b126155c591fc6ed974ea1768b47cae961d64e3bbfad,3,3,ok
train,shiyan/data3/labels/train/0556.txt,0556,38,dbf7f81eed0291a2c8da8cc80a94da88950ba0891f0d69ad9362e62e8ec5105e,1,1,ok
train,shiyan/data3/labels/train/0557.txt,0557,304,f56d249fdc0fc0370941e8860204f59a38517c7bca924157c050442759b8cfd3,8,8,ok
train,shiyan/data3/labels/train/0558.txt,0558,76,fcca6ec331cb1126bdc53ecdce0497b3e72c0b95a60fc37ba90b58b896d3bf99,2,2,ok
train,shiyan/data3/labels/train/0559.txt,0559,152,ac8852a9c1b683a88c615e13669e7c7cd72695b45aa5d9bbb71d2d335aef8722,4,4,ok
train,shiyan/data3/labels/train/0560.txt,0560,114,069129fd59d0aac59605d23889977a0010156c00dc84649e897d55676b13e6e2,3,3,ok
train,shiyan/data3/labels/train/0561.txt,0561,76,326a1fb27a4d3c6a5e15525a859195ff73e78e48edd0a57f265f70e8297a3a64,2,2,ok
train,shiyan/data3/labels/train/0562.txt,0562,114,8a80c600e459bf0772225a75fb36790a426854c32b1aac71079863c0944ee0a5,3,3,ok
train,shiyan/data3/labels/train/0563.txt,0563,76,c4b46430302fc48f40f969e6a18cafd37b0482b26012887c56e564dfb1ff29f4,2,2,ok
train,shiyan/data3/labels/train/0564.txt,0564,114,6a9615cd2ea0523e72eb6b913f83d9c83494c657bd4387ba54829ca7962872df,3,3,ok
train,shiyan/data3/labels/train/0565.txt,0565,38,c86648a9aeb1bd377ad60bbc6e82483e59c95262f092db01e7cd64aebbd8047b,1,1,ok
train,shiyan/data3/labels/train/0566.txt,0566,38,f20823c81677220c90dd233a7e95f85dc1add8f56b43375f72329db948a23e01,1,1,ok
train,shiyan/data3/labels/train/0567.txt,0567,76,691cfdb4b11d955818c11e90bb809abb5730435b7bdab293b829d85fd31da0bf,2,2,ok
train,shiyan/data3/labels/train/0568.txt,0568,114,c4d6fb22769458edc2b5eb04718ac2628c1df4484125d4f57ae448d2f03cf875,3,2,ok
train,shiyan/data3/labels/train/0569.txt,0569,38,a745656e37d53cf3b2674df4796e0a88ee537b80a894dcab43493b0590abadb2,1,1,ok
train,shiyan/data3/labels/train/0570.txt,0570,76,05e5187c977b75d2ca03d9aaea0d026be95429431d99c1bb614ecb10d3c9b7fe,2,2,ok
train,shiyan/data3/labels/train/0571.txt,0571,76,3381399fc1be51c09537aa39cdec9c88f85bda38f1778c37353fe896acffe5d1,2,2,ok
train,shiyan/data3/labels/train/0572.txt,0572,38,b19693a61e5a3f37d9ec9f018f5f2766e1f7d1aff3bbf014de25beb6249f614a,1,1,ok
train,shiyan/data3/labels/train/0573.txt,0573,38,cf512d696dfd2d3064aad7614e6a6be885afa014a436142aaca14599d4c62f66,1,1,ok
train,shiyan/data3/labels/train/0574.txt,0574,38,d9fdfbfb061406ac1d6cdeb3536d032291514db5a735e3850f87027c15b0de1d,1,1,ok
train,shiyan/data3/labels/train/0575.txt,0575,190,52e627e2121e499438ac97b25f33a2a25b31062f04f181edfa3f4b363efc1a8f,5,5,ok
train,shiyan/data3/labels/train/0576.txt,0576,38,59e72b5ac20e1ad7dae22a804247648d3a19973870bd9f2a18a2b5bb49dec476,1,1,ok
train,shiyan/data3/labels/train/0577.txt,0577,114,e21a6d358d9f4a550add8dfc808edf46bfdfeccbbe73f4c0192f690d8cd00d28,3,3,ok
train,shiyan/data3/labels/train/0578.txt,0578,38,5b045082286db3c0d34cb61f0b80fe84cd5db38f6a43b769a468b91334d9c203,1,1,ok
train,shiyan/data3/labels/train/0579.txt,0579,114,6b64c45e2448a5bd9fa3dab0670670b402f594a2be0e77947c008c2f3e7fa7c0,3,3,ok
train,shiyan/data3/labels/train/0580.txt,0580,38,3b829bd5692617b6198b4551307ab947fbd02810d3b73151dcf76c6cf329c968,1,1,ok
train,shiyan/data3/labels/train/0581.txt,0581,0,e3b0c44298fc1c149afbf4c8996fb92427ae41e4649b934ca495991b7852b855,0,0,ok
train,shiyan/data3/labels/train/0582.txt,0582,0,e3b0c44298fc1c149afbf4c8996fb92427ae41e4649b934ca495991b7852b855,0,0,ok
train,shiyan/data3/labels/train/0583.txt,0583,0,e3b0c44298fc1c149afbf4c8996fb92427ae41e4649b934ca495991b7852b855,0,0,ok
train,shiyan/data3/labels/train/0584.txt,0584,76,34f5ec4ab62c475d0d800df415aac345934d18c01b0e3149044b576ce59e7c38,2,2,ok
train,shiyan/data3/labels/train/0585.txt,0585,76,336df44a73d06a056e0a0e7fa9e6c48574e19cae9c8d99b6e3f9e60e84a3dde9,2,2,ok
train,shiyan/data3/labels/train/0586.txt,0586,76,507561cc98f657870287d4385dfff3faed8f0417d78bcf58e845ee7dc133e8cf,2,2,ok
train,shiyan/data3/labels/train/0587.txt,0587,38,78821c04ae610c33427bef53f7f152c4ef30343a49d844cc8a1da20c577ea9cf,1,1,ok
train,shiyan/data3/labels/train/0588.txt,0588,76,32fdfa2d67114aded93562abe65aedabb731c66b5c1b349a3185acc807f874b1,2,2,ok
train,shiyan/data3/labels/train/0589.txt,0589,38,faecc0c6afed469257db3419406547ee93b689806cd06536c3942edc2cf56d98,1,1,ok
train,shiyan/data3/labels/train/0590.txt,0590,38,08339d3b3e85cf6f5f52c2497f9966b8f38989e531a54d2fb8164176c4b613bf,1,1,ok
train,shiyan/data3/labels/train/0591.txt,0591,114,b7a976c3da9de51c6f591b9c01e0b244f15113cf2d3efc4ed6b4f1495d19c34e,3,3,ok
train,shiyan/data3/labels/train/0592.txt,0592,76,671fa1c3e654450141997d898503df77c55a937db1adddcd3bc9d82bcecba86f,2,1,ok
train,shiyan/data3/labels/train/0593.txt,0593,76,5d25695b9b19d2daa70348245d7eb3882540880bb6f8cc4d4bde4768a65c0410,2,2,ok
train,shiyan/data3/labels/train/0594.txt,0594,76,3e8d347026601026714b9e58ba43a2407fb17c43dde2a0c2901b744556eeca9a,2,2,ok
train,shiyan/data3/labels/train/0595.txt,0595,76,2b92f7331ac1ea03951a7060b40e6cd89ba028961ac36d9a29c0ba1af597bbe8,2,2,ok
train,shiyan/data3/labels/train/0596.txt,0596,152,d19db1b19872cc7ca2e987c26bd86d9bf56d4279b7d47759a56b6c6c7175a0ea,4,4,ok
train,shiyan/data3/labels/train/0597.txt,0597,38,86d3d2a0f7a9d48dc400c706fc7cb9adf290c21edf48e645d876c408ba32b52b,1,1,ok
train,shiyan/data3/labels/train/0598.txt,0598,114,6b6f99ce718895ca96dbd277550d5057e9a698cdc7f662ee541bcb07c4b131f3,3,3,ok
train,shiyan/data3/labels/train/0599.txt,0599,190,7b6246c0436b1c6a768bdb37ee8175bb46c047f255b85fa1f5fe8d439252dd74,5,5,ok
train,shiyan/data3/labels/train/0600.txt,0600,38,daf1b7ed95d62f79d46646ddf35c7928b56661d556dd05a62661fdf8dd724bae,1,1,ok
train,shiyan/data3/labels/train/0601.txt,0601,114,c71c2312cd54a32eeef4f7b59b93310b2a5c2c5d383de1c14149d33cc88383e7,3,3,ok
train,shiyan/data3/labels/train/0602.txt,0602,38,d8ff69a99794e892c26ebf3a9b9e6e1d5a0c7f65fa1af4d1dc8e5c6825a5ed24,1,1,ok
train,shiyan/data3/labels/train/0603.txt,0603,38,fccab97b998d71b76d5c103de975f4aef1d11c887830914391eb7df7a5e79d18,1,1,ok
train,shiyan/data3/labels/train/0604.txt,0604,38,27f605e0daa9eb668f8dcae14d7f6f05865d68ea22249a4ee339a08bd8b24594,1,1,ok
train,shiyan/data3/labels/train/0605.txt,0605,342,6b8f8a4dd5908347370b3e9ca96ffa1d715843ee246252a0306d8b765aad4d91,9,9,ok
train,shiyan/data3/labels/train/0606.txt,0606,152,48094d74c1d512b3ca7c774089790794e7c11fcba7c849527f0f0f5fc4c8aa63,4,4,ok
train,shiyan/data3/labels/train/0607.txt,0607,114,18c9fdc19271a50ad8e48659a8fbd4069338ff306d6953623740f122f1eb2b3f,3,3,ok
train,shiyan/data3/labels/train/0608.txt,0608,38,2178cd40cff593bd6d5746c0d647b9d3d9dbf62c67afcecfb4cbbe79d89b054c,1,1,ok
train,shiyan/data3/labels/train/0609.txt,0609,228,3699545e34627a339ea86ee052f449ff92cd2d8fc41321e52cffef899210aa46,6,6,ok
train,shiyan/data3/labels/train/0610.txt,0610,228,ac7bf6e9bdab395e654af18f838289ca7195ffa152508d63f2acf2985f1251ea,6,6,ok
train,shiyan/data3/labels/train/0611.txt,0611,38,9d936971672afad0c13bc7911284a423ee6b3291526fe7bc804de4df50719031,1,1,ok
train,shiyan/data3/labels/train/0612.txt,0612,76,cc4fd4fc48ec8d209a64b660ec81d641517d5ccf761c0a31908174b831e54ffb,2,2,ok
train,shiyan/data3/labels/train/0613.txt,0613,114,2ef95cdc518ea6a1b4b17b6c0b66e79bdc2c868eaac5561d5ff578b3a16cbaa9,3,3,ok
train,shiyan/data3/labels/train/0614.txt,0614,76,5a0e70f3baca2c34e74498741e6469428a3d1a2ebe20d44268564b52e0bf407f,2,2,ok
train,shiyan/data3/labels/train/0615.txt,0615,76,933531862011ae3498090d4d8e2b45151003a098041720d2ef68d021aebd5908,2,2,ok
train,shiyan/data3/labels/train/0616.txt,0616,114,cd5eb61afa236f1938bc1670bfac34f22d64c4e5888e7b8bfa715d03eda20498,3,3,ok
train,shiyan/data3/labels/train/0617.txt,0617,38,2274a522f92c44c6cc209b9e5f11dec7bcc61b58e814ce19e4213ae720d38747,1,1,ok
train,shiyan/data3/labels/train/0618.txt,0618,38,eb7191f9843ab3280b1686dfd970cf6613682ea5f85c85872d5337fb9c3ce4ca,1,1,ok
train,shiyan/data3/labels/train/0619.txt,0619,114,b9d2b2b5b950b110eb4ddc829a2a5726a9758559c032bb73cff0471f0e22e8ff,3,3,ok
train,shiyan/data3/labels/train/0620.txt,0620,152,8ec061fe881e182bbb27455606e6f683145616f3252f40c84983bb1369c66882,4,4,ok
train,shiyan/data3/labels/train/0621.txt,0621,38,448787f7c23cb463b976cf065a95fc3167d96890ec64743fcdef234f0a4f42f1,1,1,ok
train,shiyan/data3/labels/train/0622.txt,0622,152,9be5b1d52c9a3744a0b67c830697a5bdedd3ea36fccb4c8e0b416a30fe0d6bc1,4,4,ok
train,shiyan/data3/labels/train/0623.txt,0623,114,f84f1f17e8e291096a258dd69e946082ab769104aa04708e0d688a5a402f0dc2,3,3,ok
train,shiyan/data3/labels/train/0624.txt,0624,38,f6ddb906c446ac914b40ba1ffcd5a1720576f52cfb6379bd706d028b8d4195cf,1,1,ok
train,shiyan/data3/labels/train/0625.txt,0625,38,009fc79d294e8026b8882113b45473ba15c2233bf16fac12e3883dde69b86f7d,1,1,ok
train,shiyan/data3/labels/train/0626.txt,0626,38,be6bc4816f5a44f7ff4d7b562af926883195731ea5873784fa4444dd02449602,1,1,ok
train,shiyan/data3/labels/train/0627.txt,0627,76,cc49999bf2e175acad3fcf5fe77ebb91908b8b213298a18f31e9a28f95a5cd28,2,2,ok
train,shiyan/data3/labels/train/0628.txt,0628,38,942a5af56858640d50787667153bed2e858ea432d4386840102042366446c7ae,1,1,ok
train,shiyan/data3/labels/train/0629.txt,0629,38,c70eb986d0c1319772c9d81822206d51862df84069d12d65dd95bd1d679ab454,1,1,ok
train,shiyan/data3/labels/train/0630.txt,0630,228,9ae480313b9397385d268cbb572dd30307b8d33f50401489c1b7040d239f7caf,6,5,ok
train,shiyan/data3/labels/train/0631.txt,0631,114,a6abdac11c70fbe8ecd60210e77da5db69f49e74a46514634acf8be1b83f63f4,3,3,ok
train,shiyan/data3/labels/train/0632.txt,0632,38,7043dd1b2b5efea4ba8bae0f594a57a00a884a1019d5c4d7c41d987527a822b8,1,1,ok
train,shiyan/data3/labels/train/0633.txt,0633,190,aa45b424b2277adb3ddc65ca14b382683425e4b3513f8703d770b5b5f10429c2,5,5,ok
train,shiyan/data3/labels/train/0634.txt,0634,76,f46a016a8f77ee601292c95ded12311348b41107b5ec316d8516de68655763d8,2,2,ok
train,shiyan/data3/labels/train/0635.txt,0635,76,c7ec659be7a59e25f52173c6034c5eaa5306a0b7e5b3cd6ff6ed5c60732328ad,2,2,ok
train,shiyan/data3/labels/train/0636.txt,0636,38,ef675e44acbbd71d26afb02bc71ef6656ffece1cb0ea661f47c894a0a1d72d0e,1,1,ok
train,shiyan/data3/labels/train/0637.txt,0637,38,e67e999c5c9716a4e2f325d3e7671ba8a0755799ef69029d105711aab9a4386a,1,1,ok
train,shiyan/data3/labels/train/0638.txt,0638,38,af341e628cb48dca21a3e8202458e9b9350baf3c27daa63a9d793e863c5e462e,1,1,ok
train,shiyan/data3/labels/train/0639.txt,0639,38,4a89b3d68e69b273801a4dc229851a42e0254f6cc22d7aeaf7f15fbaba2bcf5b,1,1,ok
train,shiyan/data3/labels/train/0640.txt,0640,76,ee5284136208c1400b6271fb0724bdb3e22b7df850a6742729eb404ab52e4243,2,2,ok
train,shiyan/data3/labels/train/0641.txt,0641,38,55c43c940443670cce2c1dfa56b7f1a71d94a4918c2d6da2b84709f429010515,1,1,ok
train,shiyan/data3/labels/train/0642.txt,0642,38,90cffe1c16d4dd198a8422c515e6f72fea043419196d3e1d22da2518e90d8c5f,1,1,ok
train,shiyan/data3/labels/train/0643.txt,0643,38,d0ed767cfe8084392413ee4b0dab8ed388758357f90dc823bc40d71285f67bdd,1,1,ok
train,shiyan/data3/labels/train/0644.txt,0644,38,1c0ee2ad2dce78d4a92dc392cc7be1d2884da594fdfd145b728a148bc2c81a5f,1,1,ok
train,shiyan/data3/labels/train/0645.txt,0645,38,f43b389addc59077e966936520fed5578a78881837a4624cd97e98f04aae085d,1,1,ok
train,shiyan/data3/labels/train/0646.txt,0646,38,378cbc649877e4231f559732a160dd81d36da28e7291ff2ce20b51ec5317362e,1,1,ok
train,shiyan/data3/labels/train/0647.txt,0647,76,6e2f82ecdced33575fe239fd4b4590d924a12776cb4df2073bef50e38217a6e2,2,2,ok
train,shiyan/data3/labels/train/0648.txt,0648,38,e3826d75c2c46e4a0f105bc49a076bf52dd4e999f67e638720a880d8d68d6427,1,1,ok
train,shiyan/data3/labels/train/0649.txt,0649,38,193d0474d8f3f8ad63ac4094ff32a23daba9162770a16076409138032dfa141f,1,1,ok
train,shiyan/data3/labels/train/0650.txt,0650,38,8467b4bdc4a3d8c90bf4548b217d3e7c7cffd4e1855914692e65991e5350be8c,1,1,ok
train,shiyan/data3/labels/train/0651.txt,0651,38,79bd5175f56f0e4494ffb2b5c031b1900770d4db8b29274c5a582181981b8e35,1,1,ok
train,shiyan/data3/labels/train/0652.txt,0652,38,2814ebc4118402055d4f98c83eb946deb955c89e84475cf31d84fbf1b97688ea,1,1,ok
train,shiyan/data3/labels/train/0653.txt,0653,38,54b19b7e9cad9ebafebe363e51b2ae1f3a32658d5edf5f59d890066fef442834,1,1,ok
train,shiyan/data3/labels/train/0654.txt,0654,38,83e362b5f14c9a5d370cf9bd30ddd5d089992f3dbeb1fbcba816afd6cb77dba7,1,1,ok
train,shiyan/data3/labels/train/0655.txt,0655,38,a7deabd131f1519c2af13af4f72aa02d6b371541133f2e5dfb9f8b84dd432db6,1,1,ok
train,shiyan/data3/labels/train/0656.txt,0656,38,5ede4e380a0364e4e622bd1b74ac7f4714e98223ca35fc85e1e504a84dd6f049,1,1,ok
train,shiyan/data3/labels/train/0657.txt,0657,38,110b4376d7bc02e883d7998c32abf85b4b1893c98025846a109c1bb2db1052d5,1,1,ok
train,shiyan/data3/labels/train/0658.txt,0658,76,4705c14b77fd19b8dca17ab7b4458e34df0c7bd6bbcda2b760190cc3531ac0f4,2,2,ok
train,shiyan/data3/labels/train/0659.txt,0659,76,334c3d989d66a6a604bd323e87a6ba3bcb9472264ded8c9432cc061f38a70d97,2,2,ok
train,shiyan/data3/labels/train/0660.txt,0660,38,6d39580ccf14c357e295f8c097f900d014d3015b9048dd38e652ed8a6bdc5193,1,1,ok
train,shiyan/data3/labels/train/0661.txt,0661,38,b19b9fc74193841970616f7d832a708ffb1585f4272ba4fca28b1b3a00e15cc3,1,1,ok
train,shiyan/data3/labels/train/0662.txt,0662,114,59bf3eea621a00b35f876e8faa6d87c723801a532e87f4a35984c8641864477c,3,3,ok
train,shiyan/data3/labels/train/0663.txt,0663,114,fcff721e195c6730a1eb4a3b5f2f51b23e600bf4c007933920f89fbe63a935b9,3,3,ok
train,shiyan/data3/labels/train/0664.txt,0664,190,175b4005c4c9cbbddd758e460d8ca97c390bef17bead0b5cb32a2656d310ea6f,5,5,ok
train,shiyan/data3/labels/train/0665.txt,0665,266,6577becf114201e91502d051a836b3f3950ba6acde713b282eb727ed4691c3ed,7,6,ok
train,shiyan/data3/labels/train/0666.txt,0666,38,48b8fe82196f71c8f0c026c6f54c8b5785afeecb456da3619b4f7420105e5fb4,1,1,ok
train,shiyan/data3/labels/train/0667.txt,0667,76,3a79a09a19f07406ad202671e37a7e85be4b302fd2657c69335edae503086d33,2,2,ok
train,shiyan/data3/labels/train/0668.txt,0668,76,a9c9e6bbdad57c48727233c0ca6c4f934573739c584ce93f714e7e49a33b197b,2,2,ok
train,shiyan/data3/labels/train/0669.txt,0669,76,e1e0fb9a2e343c20f660749bcbe70080e6c7eade3bca9adba0e2b45886bc4960,2,2,ok
train,shiyan/data3/labels/train/0670.txt,0670,38,5ace09e602e9eb672dd47e3243541c3021aead670c9f43c1580109b494f1103c,1,1,ok
train,shiyan/data3/labels/train/0671.txt,0671,114,49db4580807bce19064545278e0680c2a66eb77d31a01c83a98f1064bab1748b,3,3,ok
train,shiyan/data3/labels/train/0672.txt,0672,76,d9c70932bf80ac169ced120499cf082e405a2523ccf9775604c74db67c3d6bb1,2,2,ok
train,shiyan/data3/labels/train/0673.txt,0673,190,d3df5ca367b597a5cf31a48ebe1799702f0bc03af0867ada86015faf4a0d0106,5,5,ok
train,shiyan/data3/labels/train/0674.txt,0674,76,91520dadf350f22bdbd2b7fd7fbf7032a150e211691da0618d91f6a36acc1382,2,2,ok
train,shiyan/data3/labels/train/0675.txt,0675,38,064e96ccf131212fb02f048a5f7ac85cb8a3e4cbf91832546d036bb4dbdb33f8,1,1,ok
train,shiyan/data3/labels/train/0676.txt,0676,38,8ae6f176121c5854a3a4e81aeea4aa14e307ddf74a209d354be60ae683ea5c04,1,1,ok
train,shiyan/data3/labels/train/0677.txt,0677,38,2b167d63cd17deeea6d6759ede7997defe34ffbefc32a9c40510be0e2615923b,1,1,ok
train,shiyan/data3/labels/train/0678.txt,0678,76,d7f5c32a1ce55373cd68b7bbb2201603297f1c623a32a271994701e25f3e3235,2,2,ok
train,shiyan/data3/labels/train/0679.txt,0679,76,285e922d78768aa3216ef45285e623a42842103c69c7ad9ecf5d4813e51f5765,2,2,ok
train,shiyan/data3/labels/train/0680.txt,0680,76,cbdeedb5402b5cf11c23c4c1b89fb5ed45b6444968d5de430bd246d0f5c66d69,2,2,ok
train,shiyan/data3/labels/train/0681.txt,0681,76,536a0b0c068b322f771ca6340b17b764a26d7e12cb5aae2d84f816952ceb403f,2,2,ok
train,shiyan/data3/labels/train/0682.txt,0682,152,a36c1155affc555cd5b8d397a314c69891a8b2fd482db6260214a5ef0369f389,4,4,ok
train,shiyan/data3/labels/train/0683.txt,0683,38,050aabe7b855976de5b373e07b79075acbc510ddd0858becef9ba7cc8a805c94,1,1,ok
train,shiyan/data3/labels/train/0684.txt,0684,76,674e675825af55cd85bfedf418f45acfc30534b83bece74ab467d12331fe7ca3,2,2,ok
train,shiyan/data3/labels/train/0685.txt,0685,38,d5ccfebcb15e3700a06c68e772e060f6da7df8d4127a4effbfa40f190d97ae61,1,1,ok
train,shiyan/data3/labels/train/0686.txt,0686,38,bb725815e0514445023e29a55321808c14124942603470b4e7e9364d187fadd4,1,1,ok
train,shiyan/data3/labels/train/0687.txt,0687,76,14c4cc5c39be3b3063c2b2c076b83a6e7cc1dc402de71ad39d1c96b71bbcbccc,2,2,ok
train,shiyan/data3/labels/train/0688.txt,0688,76,9119e25bc2a7a60b87ae001a46cad5965168539d298d71d598943cdef97e6589,2,2,ok
train,shiyan/data3/labels/train/0689.txt,0689,38,f1e47e8a45dcef7c66ecfcd8739cac29195f9b3afe0c54de42e1373f97e9cc14,1,1,ok
train,shiyan/data3/labels/train/0690.txt,0690,114,d41f9a1e7b98db85b0974501af44d41f5b0ef14ab7165cc0507951bac9694c9a,3,3,ok
train,shiyan/data3/labels/train/0691.txt,0691,38,9b1fb0b5cf4224c1fb6bc1bade16db56307c325000bea50e1293d45883b2da41,1,1,ok
train,shiyan/data3/labels/train/0692.txt,0692,76,96aef82fe76eee0f33c4ac227dbc3f139c3f9f9ab5a6dec0d83cf5205bb1dcd1,2,2,ok
train,shiyan/data3/labels/train/0693.txt,0693,114,4efaa4e966e8e13c01efb88065622d30a200bd96da0980973a2620be7c5da410,3,3,ok
train,shiyan/data3/labels/train/0694.txt,0694,190,d616543a8a6f2921aab34a5f4504fb94747c4c10ce6511e9aa4b434b4f935b85,5,5,ok
train,shiyan/data3/labels/train/0695.txt,0695,342,da231b4fcd7ae8e63e2e15ca6ac6a6d3e1d0e33745613a1c6c86eb3fb156032f,9,9,ok
train,shiyan/data3/labels/train/0696.txt,0696,152,6562b8e1dc5b42b9a61af35b582011ca30cc2eb2f92e738fc5828f31814a8537,4,4,ok
train,shiyan/data3/labels/train/0697.txt,0697,152,5755d9566eef5aa7e611e40dc6b7d68b7a9374a05203d2436bb44eefe54221d9,4,4,ok
train,shiyan/data3/labels/train/0698.txt,0698,152,00e5449cfff0b661aa3a385058485a09727b92b5c30e9a0de82b3b66ea366090,4,4,ok
train,shiyan/data3/labels/train/0699.txt,0699,38,b3684071561e92962d68f990715661a8bc8b05143a842207607c2fb8c75efe79,1,1,ok
train,shiyan/data3/labels/train/0700.txt,0700,38,2fea172f39351d7dc6f503e1760d64faddbfebf123274f084d46e16aeae18ace,1,1,ok
train,shiyan/data3/labels/train/0701.txt,0701,76,350a4ef29a60fcb963e2ae93604a3bb6ef1685ef37b1b0287ba9ccc0e767c3ab,2,2,ok
train,shiyan/data3/labels/train/0702.txt,0702,38,a06f0f5854861556d9af54b182df29a81c4a17aa837b2c8afc0ec3f1ebc1f9fd,1,1,ok
train,shiyan/data3/labels/train/0703.txt,0703,38,6d1fa4aa8643a3e7ad6fc9ab3d8b91124631115d8625b7a8a5f5bc54d7dad1f3,1,1,ok
train,shiyan/data3/labels/train/0704.txt,0704,38,1ea2293c38de059343c35c0c2e3251aa170c1d57cf0440a7c6cc4a9b5065178e,1,1,ok
train,shiyan/data3/labels/train/0705.txt,0705,76,7682c05712fa6a23d5df0f2d731fe31e9380b7fd523dc95c899bbcedaa06975a,2,2,ok
train,shiyan/data3/labels/train/0706.txt,0706,38,9d04c6b7fbd5dacd570e0e6c26c2809889f777645f202feb1474e417a0c3aa3e,1,1,ok
train,shiyan/data3/labels/train/0707.txt,0707,228,2e90d5bdea89fcb5ef700dc4bea690f4c65ea7c5372a7a4949da58fedcac20d8,6,6,ok
train,shiyan/data3/labels/train/0708.txt,0708,38,80404f62cce5a4334575342e327449121fdea54ff35577ae618b4e0bcbdbc55f,1,1,ok
train,shiyan/data3/labels/train/0709.txt,0709,114,5989ebb51fea3ab937b37bc657cbe2808129c4872933a8d67b4d71155950ed0c,3,3,ok
train,shiyan/data3/labels/train/0710.txt,0710,76,95d730791522c49fd9116ad6bfd39e1241b6c32acaaef4ef595c68b1d5ea63c7,2,2,ok
train,shiyan/data3/labels/train/0711.txt,0711,38,99a18062e5a7dc81026b8c8b8441f46977ecff8bae9f4ec31a451668738ec420,1,1,ok
train,shiyan/data3/labels/train/0712.txt,0712,38,9a0eae683761cd4dd4976c7cfa5fc122537269a668c2d28ec3c19f4eddfe43c9,1,1,ok
train,shiyan/data3/labels/train/0713.txt,0713,38,01d358145372a7ac19d1876092cd0c79d2e6178cbc20a071a4db162bcb46d78f,1,1,ok
train,shiyan/data3/labels/train/0714.txt,0714,38,6b4f36bb0d963d130016a22adf9dba679e9d81410b90c9682c973bac12b05fee,1,1,ok
train,shiyan/data3/labels/train/0715.txt,0715,152,4c71e73176118f0c2470b37ad26e1ab52566e6343e5ce349ae2e0a04f48cdc4a,4,4,ok
train,shiyan/data3/labels/train/0716.txt,0716,114,906f24e592df28fb14e155567af8ba9c8a162a03a650e5fa7d6645af2c4675ec,3,3,ok
train,shiyan/data3/labels/train/0717.txt,0717,152,472d21ab1588e4e14d17c20a2e1e83b9753213e8edc3a2b9e9c16e4ff7738686,4,4,ok
train,shiyan/data3/labels/train/0718.txt,0718,76,a3c2a3ca54c693fe6adbb5f4165ddb996e65d75e6de089316dceede9d0cd1aa0,2,2,ok
train,shiyan/data3/labels/train/0719.txt,0719,76,bac26802030b6b35509de5c5a7df23f50384d787841a1d7cc1d610068e0ce846,2,2,ok
train,shiyan/data3/labels/train/0720.txt,0720,38,9fc86871e2df749d10a7ce481be1ace7ec99912591492144e18597883982c971,1,1,ok
train,shiyan/data3/labels/train/0721.txt,0721,114,54d9dbf69f24b29e0f1535aa71958693591141b5afa3b821d179ee7c691b93b3,3,3,ok
train,shiyan/data3/labels/train/0722.txt,0722,114,3c0da59f6630f0a5826dfbd980c288c90ffdaacafcf3a2ea1fc8da55e52f5ffb,3,3,ok
train,shiyan/data3/labels/train/0723.txt,0723,228,261d5a5ef1308d066eb26e5a9131331cafb85ef99dcd4e11d4c39dd85924bd11,6,6,ok
train,shiyan/data3/labels/train/0724.txt,0724,76,994cbfe45556fa1a75656c22b96c93f076be797fabd3e9a06a71e19890062ec5,2,2,ok
train,shiyan/data3/labels/train/0725.txt,0725,38,b7144ed74a67d1ba8bcc97fe78d1a3891cfebd860f2a05cf842f47cdb38ab1dd,1,1,ok
train,shiyan/data3/labels/train/0726.txt,0726,38,037b73c25104a7f408508ae5ba9b9c30877b33d9651be37250338fbb5a439fd1,1,1,ok
train,shiyan/data3/labels/train/0727.txt,0727,38,5ff2802ecfd85d42d2acfbfbf1942fe7fc3959f9fb89fda4b7c005f1e1b9478a,1,1,ok
train,shiyan/data3/labels/train/0728.txt,0728,38,a600c38250525f6d8a3bf53086d8910d6ae4adaf08176e586c9a6a8ef0f07ec9,1,1,ok
train,shiyan/data3/labels/train/0729.txt,0729,38,45e2f662ca850d12b6bfd604ec26ca7a72641dd5ba2a8ab39d288f540ac8e2fb,1,1,ok
train,shiyan/data3/labels/train/0730.txt,0730,38,7ade8a78ea9691e65f2b4125e7c6e91ce65bb35bc0fd5a93247f9993227ead28,1,1,ok
train,shiyan/data3/labels/train/0731.txt,0731,152,9de63f018d161a202f6dd97234fae901656ecabd5be80651177907894702a96e,4,4,ok
train,shiyan/data3/labels/train/0732.txt,0732,152,07eb7743895c674a231ebd8e7162189393d308431153070d14035036ba29114a,4,4,ok
train,shiyan/data3/labels/train/0733.txt,0733,38,58c13c91079f4fd713b8f5b2afee13414cd23201dd17c622e90494a190816a30,1,1,ok
train,shiyan/data3/labels/train/0734.txt,0734,76,3389d0a4075e06b1f7a7999d95eda5c8b5235dc1f889fbe085e135abacdb1e42,2,2,ok
train,shiyan/data3/labels/train/0735.txt,0735,114,a55bdec3681a62668b00da98f9c6364564c599e27632ace2644856fc4c35db13,3,3,ok
train,shiyan/data3/labels/train/0736.txt,0736,38,8da6eb6258f8b400b400f96f7de9931f0d6e0ebb5cfd37c5f4deeab8164e6689,1,1,ok
train,shiyan/data3/labels/train/0737.txt,0737,76,c5307102eb2a614192005d8677cb8cf405cca12d2fbe8bc9d794b343a56a3ac1,2,2,ok
train,shiyan/data3/labels/train/0738.txt,0738,114,f93b6d8fb589c08afb52771b7e1f4458c4da152a0e9d23f692677ffbdb6424c9,3,3,ok
train,shiyan/data3/labels/train/0739.txt,0739,114,0485927a4896aa31e66f8ba49310145ce77fc2af26d0d4b41228d97ce590b58e,3,3,ok
train,shiyan/data3/labels/train/0740.txt,0740,38,5d68d58c72ea6a8e04d96a2c27431f693d3f1be833075fc710bb203961b30e66,1,1,ok
train,shiyan/data3/labels/train/0741.txt,0741,76,ba8fe5d88a6521b103f981ac52100e6012788fba8c13f3b6fdb5821132fb7ed7,2,2,ok
train,shiyan/data3/labels/train/0742.txt,0742,76,79c4fd07872b9d46e877f754eef48bb67422109b81c8075fa55f3effacd03b49,2,2,ok
train,shiyan/data3/labels/train/0743.txt,0743,38,53de39fa597b8af85868696877ac5d4e3336f8bfe3ce238f3f818ac8ee9db5a9,1,1,ok
train,shiyan/data3/labels/train/0744.txt,0744,76,7dd7c805b44687333313b0779feada6a0636ff2e421799e151599a5257cc7c0e,2,2,ok
train,shiyan/data3/labels/train/0745.txt,0745,76,054af963950b35e635776de033550b75911ebe713302495748f4bb164aade025,2,2,ok
train,shiyan/data3/labels/train/0746.txt,0746,76,2c54fb60593d5c4e061667e9fb65f9f4e96e785e660b676141d903b88bd9ba51,2,2,ok
train,shiyan/data3/labels/train/0747.txt,0747,38,f8e0212079aac7f93c49227bff4e998556c18462e55ccfb52e3c0229f54a85f4,1,1,ok
train,shiyan/data3/labels/train/0748.txt,0748,114,9d23bc7d637823f424af48ccd1fd104b70ac23eb79b6443d1906f22002ded247,3,3,ok
train,shiyan/data3/labels/train/0749.txt,0749,38,7e5b962e598cc133dc5e0397d38b2005cb5edfbd33934370ca716734b363b3fd,1,1,ok
train,shiyan/data3/labels/train/0750.txt,0750,76,1d48f9b56ac9ad85045a69f4dfd5d52d97f6948308e95a1662502aed8559e78b,2,2,ok
train,shiyan/data3/labels/train/0751.txt,0751,76,b4cf2def187ad1e69809a5e92a627981be0f05c2495a352508d7bd4eb39133c8,2,2,ok
train,shiyan/data3/labels/train/0752.txt,0752,38,4d3135e5596ada1718deb8a5b59eed6049f73c93f748541dc5f98add3a3829b0,1,1,ok
train,shiyan/data3/labels/train/0753.txt,0753,114,a4db5d48db6a312f8debee350f4fa0e92504d40a630393e113039e41e15308b1,3,3,ok
train,shiyan/data3/labels/train/0754.txt,0754,152,c4d12f842212d004b34f7b50ec5d24c5500102ded067492b01bd378b91bb4bc6,4,4,ok
train,shiyan/data3/labels/train/0755.txt,0755,38,1490fc88e97cd97ec737f7aadf66db29815abc3f4b11438a8672202e5b5e1d6b,1,1,ok
train,shiyan/data3/labels/train/0756.txt,0756,38,bb55a72debdeb392378e537e33d6909171a480ebc5068fc3a9bdd8d19c745877,1,1,ok
train,shiyan/data3/labels/train/0757.txt,0757,38,11fbd3c8a0ecbba8e2edfa726369772c506ddb48aa7b6c6691ed358ca8fd72ed,1,1,ok
train,shiyan/data3/labels/train/0758.txt,0758,152,2480dbe13c5120daec1fdafe1055bba3ccc0de0b3c44b5218a00b946f3328698,4,4,ok
train,shiyan/data3/labels/train/0759.txt,0759,38,25463a9fbf5f225faeb97dfcf836f0bd9e757a307d2fda6d7c095463c3ce63b2,1,1,ok
train,shiyan/data3/labels/train/0760.txt,0760,38,dfef8bd5344a08aafc52fd90bef9b5c98a633739720ff8e46d863b4ce9955b0a,1,1,ok
train,shiyan/data3/labels/train/0761.txt,0761,38,648c47539443bb68b38ca3cd758f10894de80f6c2a11e3ba0b2e3b33ad6e4f42,1,1,ok
train,shiyan/data3/labels/train/0762.txt,0762,114,b6cfc6ce031cd3e803d6509e7f8d62275934dbe718996e223b8cfab61551aaa8,3,3,ok
train,shiyan/data3/labels/train/0763.txt,0763,38,65f03e11c4bbaa44199f3629830f02ae80b0f424cfc2a33e79cd8a6a76065475,1,1,ok
train,shiyan/data3/labels/train/0764.txt,0764,38,6ab42469161e6c0b0f13b763cae3afba66ef515c00956b6bdefcb03cb84ef824,1,1,ok
train,shiyan/data3/labels/train/0765.txt,0765,38,a3f64a3bbc7e26fc81de9dc7f969ea85699d4fc0f0b918cca26239fce0845c50,1,1,ok
train,shiyan/data3/labels/train/0766.txt,0766,38,1fcf1c6fdbb4b164f35fcc1d201fc4fca00365067ca9bbdf8625e2c08629f711,1,1,ok
train,shiyan/data3/labels/train/0767.txt,0767,38,baa443b70b62ab8bb7d36a1789c93725e4534235be705da08cb4f6212abd9fe6,1,1,ok
train,shiyan/data3/labels/train/0768.txt,0768,76,d56583d0ab47cd547ecdaeee60b5536997570ba581ea037dd3df403da9894286,2,2,ok
train,shiyan/data3/labels/train/0769.txt,0769,152,a5c428b617ddaf37ec721647882154abdac854d8de70b0ea9d7217387392d66e,4,4,ok
train,shiyan/data3/labels/train/0770.txt,0770,38,31140138f63b3bb5f238e2b6cf9d9f1db70040d65658975934f2477370463689,1,1,ok
train,shiyan/data3/labels/train/0771.txt,0771,76,c0703364642a9241797fba01abdcc4051a005b899da3a47b1007ed7acdf47af2,2,2,ok
train,shiyan/data3/labels/train/0772.txt,0772,38,df7236fdedf4cfa08f2fc3428b7827fa937b52d9670d0f686530bb60c1af7852,1,1,ok
train,shiyan/data3/labels/train/0773.txt,0773,38,0f9baa524c35f141d8a5e6810eb33b242fc9bcb1a67d66cee3b9b8bb4d5eb5dc,1,1,ok
train,shiyan/data3/labels/train/0774.txt,0774,38,21dfc3bf2036ed8d57702ab99509a37d861a1e423030e5d8ac2ba0e07cdff268,1,1,ok
train,shiyan/data3/labels/train/0775.txt,0775,38,f2668fe021fb4d94098625b79930953b1d04954f58c56d7689562f69a0da5aa1,1,1,ok
train,shiyan/data3/labels/train/0776.txt,0776,76,b0c927fa21707c2db6c2d541cdcfbca52ce7de9662f3817456baf03531fc612c,2,1,ok
train,shiyan/data3/labels/train/0777.txt,0777,38,18bfea41b3964e1c3b4ec246e74f4045bf15b4a1576a794eafbaa16a34967c92,1,1,ok
train,shiyan/data3/labels/train/0778.txt,0778,38,85fb243c85da9a5fb20f71346a68d068ef5c06a064b000ab35eadcc00c32bd17,1,1,ok
train,shiyan/data3/labels/train/0779.txt,0779,76,3beb5d029aa7387e1044cb4245de2f923dd20efdb607ed12c0f342be4b4e5652,2,2,ok
train,shiyan/data3/labels/train/0780.txt,0780,152,84fc9768c55fc8c13235e6e91d2828dfd572e21122668f2b0e7c8df201f20567,4,4,ok
train,shiyan/data3/labels/train/0781.txt,0781,228,979a19ea0ed13f4754d5c6d2e43051852988f5f510dd44701a6487a5ac6d3b89,6,6,ok
train,shiyan/data3/labels/train/0782.txt,0782,38,21c7925994473c976fd52eebb4730440acd53948bf51529cd4abc7131cd345a6,1,1,ok
train,shiyan/data3/labels/train/0783.txt,0783,76,2b3dbc6e5c5a2347fde84086431d4a2dca4f865e04d33b764389b2b59c4c4d29,2,2,ok
train,shiyan/data3/labels/train/0784.txt,0784,38,aa30b1e962d514e802bfae9816499c5a00789828bbf8e4ad6c7c89798009ba7b,1,1,ok
train,shiyan/data3/labels/train/0785.txt,0785,76,159bd153839db9178c1dcdbc8044e4e7e0cd422e995e0cdc50e163937711429a,2,2,ok
train,shiyan/data3/labels/train/0786.txt,0786,38,2d0190222c48d6e52de8456590e3dbd570fade86c0b6c3be4448208b82d3cfcb,1,1,ok
train,shiyan/data3/labels/train/0787.txt,0787,38,3db9e29c3a5afa87ffa402d5268be154518ba28c04b9c7ce4aa52096db4e4889,1,1,ok
train,shiyan/data3/labels/train/0788.txt,0788,38,89f593d63f13432e2ce58d33bcb2be7bc072363900dd73f65bf91f2e9ec5d0a2,1,1,ok
train,shiyan/data3/labels/train/0789.txt,0789,38,be20e27208297e1fd2c5e3bd9bcd0660688ee2f5f300cdf7cabf9e3b38337ff6,1,1,ok
train,shiyan/data3/labels/train/0790.txt,0790,38,aace8d26b20686ce1481ccbf68ef20ff4b137d21eea4e283b53d16c58b6e6ebe,1,1,ok
train,shiyan/data3/labels/train/0791.txt,0791,76,095ea544a0457e3192d436c9e189b0dacc3fdc833617f349c0d8415e26d2ecb9,2,1,ok
train,shiyan/data3/labels/train/0792.txt,0792,38,d88f668e85443d482664e6693d5c3938cde835ec03837debfa9b3e05b348e1d3,1,1,ok
train,shiyan/data3/labels/train/0793.txt,0793,38,bc55766cf634d6adf23e85da2decdbb93ac82fd97772cea8bb0b7dfa903c44cb,1,1,ok
train,shiyan/data3/labels/train/0794.txt,0794,76,2065f97cbaec416e173dfbdceaa3454dfbc9f532d96fc2be3aa7617cd81f36e5,2,2,ok
train,shiyan/data3/labels/train/0795.txt,0795,38,2b2706925976ff8151daab5121613f6295aed7bd25e0c122dc95931b6a09d031,1,1,ok
train,shiyan/data3/labels/train/0796.txt,0796,38,1e4f7a1f76b48fbd2ea0d5af7749aaf91076b455b2c2a575b16f945e2e5fca86,1,1,ok
train,shiyan/data3/labels/train/0797.txt,0797,114,92dbd0ef71278918d5f2720f41521f1fafd2943887f586db3b1512ff20b86dc4,3,3,ok
train,shiyan/data3/labels/train/0798.txt,0798,114,af3a3a08b6ce10c14c34f14036f7f211f932bbda22718ab3a75f2c7277ee7881,3,3,ok
train,shiyan/data3/labels/train/0799.txt,0799,38,8a8942f8c5553f83f238ed2ac927abd594572396ecc41eb68c52573f7a15ab00,1,1,ok
train,shiyan/data3/labels/train/0800.txt,0800,304,f68be9881595ed026e1a4f94444f9dc4ddccd88ae8811af34c147484ad3dba26,8,8,ok
train,shiyan/data3/labels/train/0801.txt,0801,190,91b33be16bb33abc4db202a4bc24a898a8be306a54c5de3816037857e2f75c48,5,5,ok
train,shiyan/data3/labels/train/0802.txt,0802,38,40cc49d568f8085cfff08e6a90920f82dc0dcc40e7d6d63f28b4bfd0e74c9fa0,1,1,ok
train,shiyan/data3/labels/train/0803.txt,0803,38,5ebfb52ffbe6c2d6b8f705e6fb5300e76365a399d8384358b05c7dac4b554385,1,1,ok
train,shiyan/data3/labels/train/0804.txt,0804,152,551df988a9cf0dc790bba78b76a167820aee0034ee9d1056ee31ad09d11e72a1,4,4,ok
train,shiyan/data3/labels/train/0805.txt,0805,38,3f7f834c19e5a737fa349726a448ba95a20add58827b709c51a91a0fb1d00b84,1,1,ok
train,shiyan/data3/labels/train/0806.txt,0806,38,32cb2f9d0fa4946bb81bd809e24f0ce8129f1083acd11dad14e9d60c36dca6ea,1,1,ok
train,shiyan/data3/labels/train/0807.txt,0807,38,c2a8e74b9c195e40f6575afd094c430c1462ac46f7868a88a27eb11e4a89ba42,1,1,ok
train,shiyan/data3/labels/train/0808.txt,0808,38,10a747cb9ee0bdfedf2119318b20f85934a3921afadb48cff5e94bcd8cc872be,1,1,ok
train,shiyan/data3/labels/train/0809.txt,0809,190,ebc27de679048536f3d2f787b57e07ad6e9c94a30b25f6db8d48cef1d2acd2c5,5,5,ok
train,shiyan/data3/labels/train/0810.txt,0810,38,f093e8ca5d7b7a04c90dad1a4943f9aac86d4bcb837990baec9ffec580c00ce7,1,1,ok
train,shiyan/data3/labels/train/0811.txt,0811,266,03f768d07f548cbe8f00b6be94c28c25795e165c5ca107f30ec1d5c5ab50dc3e,7,7,ok
train,shiyan/data3/labels/train/0812.txt,0812,76,e16c223c6f128cfe20b2a7736768296626ca5fe0fa27ead3bc52302cd3250f38,2,2,ok
train,shiyan/data3/labels/train/0813.txt,0813,38,4a5d97b2ca77e5b14eae943709ea509b5f281b28aaf10baf48cdfa2707f448e1,1,1,ok
train,shiyan/data3/labels/train/0814.txt,0814,38,62cd372392b9cc33055e6cdbf538fc68b0a73fb9d9180f75d4ca2726027c7da9,1,1,ok
train,shiyan/data3/labels/train/0815.txt,0815,38,57c8e631a9a8a325f2087420e7e7c53cfa1b0a20b0b3f19f45c3bbf9c1e1c3d4,1,1,ok
train,shiyan/data3/labels/train/0816.txt,0816,38,5a3d0d8127b20998009b6b9cfb4d47c5e7150f9ea87ebc4ffe26b27b2169885f,1,1,ok
train,shiyan/data3/labels/train/0817.txt,0817,38,d4567878c82d2367ce4d89f0c1c28e48c178aafd9cdbf85447d9ebe76c4b8e88,1,1,ok
train,shiyan/data3/labels/train/0818.txt,0818,38,169bb65c0acb166cda2650d832c7cb8a13e5d5a87ee36d06449db1e1b90412ee,1,1,ok
train,shiyan/data3/labels/train/0819.txt,0819,38,6321c3fe1aa00bb8df8bec85e29cc20e874855023a6a0e3912e7426c198e6c68,1,1,ok
train,shiyan/data3/labels/train/0820.txt,0820,38,ecd96a90be05a2a680049c4fd3301f4800ab670325a040054075559f00b7f587,1,1,ok
train,shiyan/data3/labels/train/0821.txt,0821,76,1f01e18d8ed8d9eac823f55eb4c590112e8e9956e8c2de55b4ad33f9df3ea372,2,2,ok
train,shiyan/data3/labels/train/0822.txt,0822,38,9d731b6b12ac00943991c1e4deae5df561736a5fedcda6f6a6aa76e555149390,1,1,ok
train,shiyan/data3/labels/train/0823.txt,0823,114,28000f0ff9f21ec75c2939b87f293d424ad58e35511dc2d7085eb9ee3d12c59d,3,3,ok
train,shiyan/data3/labels/train/0824.txt,0824,38,caa34611d5eacbc0fb02911f3e0e4ae3abd6f24fbb4c38f0a190d56f2e8222f4,1,1,ok
train,shiyan/data3/labels/train/0825.txt,0825,38,8bb243be634d7f018d4f48c6cc3ffd85ced03c384bbc83d8e4d93c26278487e3,1,1,ok
train,shiyan/data3/labels/train/0826.txt,0826,38,26e2ed86377b124076e4751f6413d72d49a76175b2c6945d9049ab1aa4ab2e00,1,1,ok
train,shiyan/data3/labels/train/0827.txt,0827,76,de56bd90225a2418030c859f0162025798e0cf9ebfb3206bd90324716529726b,2,2,ok
train,shiyan/data3/labels/train/0828.txt,0828,38,ce7c9bad92283c8d46fd8b01a00f9a74cd12eea37896c233a90d2f72acfc5971,1,1,ok
train,shiyan/data3/labels/train/0829.txt,0829,38,375df4bf4bd7d5f4952e2e1a7cdeb2029565a8eb2248e165df7fd7d24b94e3c4,1,1,ok
train,shiyan/data3/labels/train/0830.txt,0830,38,4b0650334f087e8a2f6b780d8ae251eb5a7faf23c5daaa15ff9987e5735c86aa,1,1,ok
train,shiyan/data3/labels/train/0831.txt,0831,38,c8c619c493a397c8288c5eafbdded4d598774ccf46875e5d912a8f585c62dbc4,1,1,ok
train,shiyan/data3/labels/train/0832.txt,0832,38,b6063bdc409e10c160827320d3023a65b1255884152b9260b3822d74c34a964f,1,1,ok
train,shiyan/data3/labels/train/0833.txt,0833,38,01863f344046159e2c82772efc2f30b8f274e4ead06b7d58a577310f541e787d,1,1,ok
train,shiyan/data3/labels/train/0834.txt,0834,152,c671b85ffeb4dbf38b21635ace12e02ad1c67791db19093483e410eb18add3d2,4,4,ok
train,shiyan/data3/labels/train/0835.txt,0835,38,9e6603718de5f29a64de3ff85974fea1c01eb77ab3ce201a1556f56660eb3c91,1,1,ok
train,shiyan/data3/labels/train/0836.txt,0836,38,4a4cbe59672888a70d46fa5b091723be09150a527c2991190bf55f7754f0ec5d,1,1,ok
train,shiyan/data3/labels/train/0837.txt,0837,38,02c1199c40505861dc22890053d756342d5c7cc1164f3068685deee15bbb7762,1,1,ok
train,shiyan/data3/labels/train/0838.txt,0838,38,147b9696fbbeadb5bfc4d12a1e8e4d25269a8bfeffb0a254b71bf80e055208bc,1,1,ok
train,shiyan/data3/labels/train/0839.txt,0839,38,e32f167232983109fdf017a4bd2885b3241125464815e755850563eac23e9611,1,1,ok
train,shiyan/data3/labels/train/0840.txt,0840,38,4be1302d36200676f49b9da0342abed8c863b62ebe5e15b08069d30160c2e56f,1,1,ok
train,shiyan/data3/labels/train/0841.txt,0841,38,6440c24ba9f6521eded525a16132523ed876899a7513e6d4020e4224ce399fec,1,1,ok
train,shiyan/data3/labels/train/0842.txt,0842,76,747b9a6663b219a88154c78d33753225ab4a86581ee165ed5df69e19864730c4,2,2,ok
train,shiyan/data3/labels/train/0843.txt,0843,76,bcfe56feac5360d6ce26b9eabe8d919bda719c07399b04411a919a507f65d2ef,2,1,ok
train,shiyan/data3/labels/train/0844.txt,0844,114,ae36aecd2998179ac17b5059814bea99715775bed1e61fd494901839bc19b3ce,3,3,ok
train,shiyan/data3/labels/train/0845.txt,0845,114,edb366349bdc9c941282e6e0af34d662c6923d8842cb57ab7b7171b8d9ed62e6,3,3,ok
train,shiyan/data3/labels/train/0846.txt,0846,38,faac088886e2a11a5bdaad3eb4f9bbc38eeb3b1c9f06e91f82e05f63c64f2604,1,1,ok
train,shiyan/data3/labels/train/0847.txt,0847,38,4c4dce87316859829946e68228a3d53228c5fa4dfd2899d52e794338440d87e7,1,1,ok
train,shiyan/data3/labels/train/0848.txt,0848,38,4fcd20ff239dcd4eaa57ca6f89a0d2a4a7ec4e53370390f3483408cf060d4977,1,1,ok
train,shiyan/data3/labels/train/0849.txt,0849,76,7bcd7d7fd395271b3e450547b876fbe2316b19899e7df3508e25388ab074905e,2,2,ok
train,shiyan/data3/labels/train/0850.txt,0850,38,d754186af61c6597210f3981efe8ba499bb1c09f0131f6908c32b4f55389d0c0,1,1,ok
train,shiyan/data3/labels/train/0851.txt,0851,38,6b3d4f45a8c0a28bd2d286b0993749d94b405ea24d5688ada34a1fcb4ac39961,1,1,ok
train,shiyan/data3/labels/train/0852.txt,0852,114,055644d1ce088aa9dd649c77e6e79ee72c159e5b2f623283c3290c60002bdc7c,3,3,ok
train,shiyan/data3/labels/train/0853.txt,0853,76,9b9a8667b081fff16df4efb9dcf95ac0e83be64d57ae60d1204115fb66b1c5e5,2,2,ok
train,shiyan/data3/labels/train/0854.txt,0854,38,5da461f81a6723589e38a43c0cca2413c4712bcb69f65b7ecfd3b7bd8166959e,1,1,ok
train,shiyan/data3/labels/train/0855.txt,0855,38,824bf162e80ea427e2cc13267c45bb887a5bb1e7eeaa66c51469d3a2227b30c2,1,1,ok
train,shiyan/data3/labels/train/0856.txt,0856,38,cea4ae2e731c970b04d5b313219cc69065fc451d0de1496e6b637c0b8739b756,1,1,ok
train,shiyan/data3/labels/train/0857.txt,0857,38,edcf2e9bc343708edb4af9012c18e48345bbabb62aadaca1133cbdca6f795e85,1,1,ok
train,shiyan/data3/labels/train/0858.txt,0858,38,74af8595b9a604861f77dc0da78c224531585e5216b2f9f2f4443033ff33f5ae,1,1,ok
train,shiyan/data3/labels/train/0859.txt,0859,38,752064444be6d570f60f6ba2eccad830289e0e64268cc7625187fd4bc57c04f3,1,1,ok
train,shiyan/data3/labels/train/0860.txt,0860,76,602202050a27a9ae7717f4028a2a72ce79dae9ca18991564d44cdcc4d5957c40,2,2,ok
train,shiyan/data3/labels/train/0861.txt,0861,38,96fb7a8a1ef7e740d66a634cdb133581da3e54dc2502112a4016aae161ae2231,1,1,ok
train,shiyan/data3/labels/train/0862.txt,0862,266,efadfc3dcd7ea68d333c08bb66e7c39ecee15431ce302cec5770e7cd99a961e1,7,7,ok
train,shiyan/data3/labels/train/0863.txt,0863,152,b2dc44436f7cb1532b33a141b8d988d78aae5ac405fc689a4657707208306069,4,4,ok
train,shiyan/data3/labels/train/0864.txt,0864,38,400ba57d6c816e9cc9d467008b75b9577113a0855230016d5a188f4a6d38eb4d,1,1,ok
train,shiyan/data3/labels/train/0865.txt,0865,114,63e8fab194fc893a8f0f143e9ff0387f0de60e85bd0b6f9d645da461457db6be,3,3,ok
train,shiyan/data3/labels/train/0866.txt,0866,38,50b53c4a1c5a7f723f77f82a2eb2b7833b243a51a47b855860c5fa5a001bc1fe,1,1,ok
train,shiyan/data3/labels/train/0867.txt,0867,114,19cb1a99d826cf086b4127cfcdfdf4d02e7249302804bd00e6ad1a83df2c17a6,3,3,ok
train,shiyan/data3/labels/train/0868.txt,0868,114,60ded4e3c335cb234ff3e2d9cb15a80598f8d4cfd074a1e3b4261e6ef44e3cbe,3,3,ok
train,shiyan/data3/labels/train/0869.txt,0869,76,4bb03bdf83dafc59badcdfa0645e0b5aa2113aadefd34efcde069b43951bf4be,2,2,ok
train,shiyan/data3/labels/train/0870.txt,0870,76,c6bd3bb61a651d7ff40e4f2d900ac97f7c682aa2207079151b39dc682e0b0eb5,2,2,ok
train,shiyan/data3/labels/train/0871.txt,0871,76,37a5cf48c6c5036a30ef70af0e02404b5cea0a66cd9e603353848c03f6185d72,2,2,ok
train,shiyan/data3/labels/train/0872.txt,0872,76,b95eea640dd4baed901339a81112b02c3da9e006ce2cf969cea67ece9102b6a3,2,2,ok
train,shiyan/data3/labels/train/0873.txt,0873,38,0f21f9a8ba24e4c2c39892471f8eb0598ce387b832b6d11232dd2aa579abae40,1,1,ok
train,shiyan/data3/labels/train/0874.txt,0874,38,f83848f00021f48d58665d012868401d99c3154e72d1664fc8d39307b544ba1f,1,1,ok
train,shiyan/data3/labels/train/0875.txt,0875,38,4eab6580b10c17ac608f959fea835169506cea0ca744a670e8384fa0b4d579e5,1,1,ok
train,shiyan/data3/labels/train/0876.txt,0876,38,bac196ccdd9b335729800f008e5764655e4a6a6d194a81093e7958d7f7b5ac18,1,1,ok
train,shiyan/data3/labels/train/0877.txt,0877,76,3e20822307bc923184476cd8838f4ae73fa92aedfa2d81b9dc974fb2a9407510,2,2,ok
train,shiyan/data3/labels/train/0878.txt,0878,38,05f02eac2abc841486e99159096553c6eb82d52e2e139f059d5b4b33a3426748,1,1,ok
train,shiyan/data3/labels/train/0879.txt,0879,38,3a5101f35cefe10b4a7e8a32b7020dfe303a607021c5289b3eede0e563ca3c32,1,1,ok
train,shiyan/data3/labels/train/0880.txt,0880,342,1629bf415c27ac7e217520f60825ba85682baf8dff3dc3cf44bf6f2c0a6ba4c1,9,9,ok
train,shiyan/data3/labels/train/0881.txt,0881,190,4e66266e2312129e3df3827afd7e89f65e522b44d53aeee9f4e03ac452a674b5,5,4,ok
train,shiyan/data3/labels/train/0882.txt,0882,38,6bb8530599eb6980b27129b8c078f9f553dd31371c36781cd21b31f31644dc3c,1,1,ok
train,shiyan/data3/labels/train/0883.txt,0883,38,f65309c4b3feb93ce9f51d4add58cc949b53117b901deb4e8989886f47a7ace7,1,1,ok
train,shiyan/data3/labels/train/0884.txt,0884,38,12df2632ba75acd1f12ce2895c33b713eae282fc41a344a56c8b1e69bc2c78be,1,1,ok
train,shiyan/data3/labels/train/0885.txt,0885,152,e384825468234755ce25ae581fa219ccfcc04f18e9c6b0d8e5a2a510539b5ca1,4,4,ok
train,shiyan/data3/labels/train/0886.txt,0886,38,e4418e497b4f615949b2335553be2a302706f1a35f3a9df5ca3ef2b07abe047e,1,1,ok
train,shiyan/data3/labels/train/0887.txt,0887,38,36a3665b72bda484a4751c0b9c53be082452bdba8d6ad38fe42504c6826864e2,1,1,ok
train,shiyan/data3/labels/train/0888.txt,0888,38,3127c0b14fe8f678c218210319bed720f494ef1ed3f692853c426c77eb3637b8,1,1,ok
train,shiyan/data3/labels/train/0889.txt,0889,38,0ad8ce16838f05894d107526d894a80e306c651fc92981291fcdae9bf2d1dead,1,1,ok
train,shiyan/data3/labels/train/0890.txt,0890,38,3c2bde5595fd0859458a213c114cbb94a7b49bb72e58684b5593161003fadf9b,1,1,ok
train,shiyan/data3/labels/train/0891.txt,0891,38,0a4eec9ecab9e4a2d6e381d8b44d784864742863bdb00b11541c6e4ac3f1443f,1,1,ok
train,shiyan/data3/labels/train/0892.txt,0892,38,ff8c68fb2380a73f3e4e2cd8167e542b61088cf4e6639acb3f7a0c347f4248cf,1,1,ok
train,shiyan/data3/labels/train/0893.txt,0893,38,1ee56dd89a3cb255cf894bc0d5adc0fe7115ae65e64c84b4d1ad8f9833c875b7,1,1,ok
train,shiyan/data3/labels/train/0894.txt,0894,38,1c0f3d445f3b8828b691e728e8684e8f6f82e856bed95a3408944b345c90637f,1,1,ok
train,shiyan/data3/labels/train/0895.txt,0895,38,a6cffc394eb10fb26464b6e3ac82a7eb8bedb5cc949fb45d57a8d77ef930f4f0,1,1,ok
train,shiyan/data3/labels/train/0896.txt,0896,38,939091fd7ed4459e5983204bbe3773fe49ae0fd758ad999ed814ec3b6e34f33e,1,1,ok
train,shiyan/data3/labels/train/0897.txt,0897,38,64e3678b44278df88c6fd87f0f76fb617b175cbeb326b0a9fc3b2422c6d13513,1,1,ok
train,shiyan/data3/labels/train/0898.txt,0898,38,f3bef297cb803d267833c4381b69ad2290a4ea31734432739b02d0507a8cc4ae,1,1,ok
train,shiyan/data3/labels/train/0899.txt,0899,342,6fe908421ac7f26649d26be01fdbe77b3e23d9c5880b74b95a9ef7f6a4a94af0,9,9,ok
train,shiyan/data3/labels/train/0900.txt,0900,152,b6f8aaff4cb6f6ea4f0308514cb1daed0ebc8ff9539f8886468a3ae35a148ad8,4,4,ok
train,shiyan/data3/labels/train/0901.txt,0901,342,8415e6ba0b53cc0855dda87dbfec3e75b09a578624ff5a0474373705ce576fee,9,9,ok
train,shiyan/data3/labels/train/0902.txt,0902,38,934fa4ca8d5bb852878ebbabc2d30232c2e5a4ce67dae4111535f8c63475aec8,1,1,ok
train,shiyan/data3/labels/train/0903.txt,0903,38,c28ea4324dc70b8816d3cfca316f9fb2ad0c56bbad1d7dcd87e10448896f287d,1,1,ok
train,shiyan/data3/labels/train/0904.txt,0904,114,9761ad1e798f7dd454d379080de18b086eda66a275adcf0407455839c90ab31b,3,2,ok
train,shiyan/data3/labels/train/0905.txt,0905,38,56610b8c510a5ff03518d314856b03f838feb84d08b82ed08278631c18086ebd,1,1,ok
train,shiyan/data3/labels/train/0906.txt,0906,38,1c41805d9e831f3703369916384e57420c571e8898f353ece843aeaa788177e6,1,1,ok
train,shiyan/data3/labels/train/0907.txt,0907,76,3295775a4dd68dfdc01cae75e53455270554ad7795679a7634b649db99b02453,2,1,ok
train,shiyan/data3/labels/train/0908.txt,0908,38,6dca30771dd156c3cfa567907b6e6fb074c00ad573c8337785ac010b6a65f681,1,1,ok
train,shiyan/data3/labels/train/0909.txt,0909,38,77f099f6b632cf5d70f7a2f5c5db52be9c575d72f0ec0db572245cf7c079e76f,1,1,ok
train,shiyan/data3/labels/train/0910.txt,0910,0,e3b0c44298fc1c149afbf4c8996fb92427ae41e4649b934ca495991b7852b855,0,0,ok
train,shiyan/data3/labels/train/0911.txt,0911,38,330e63b6b6680a772b2a61aef05e514268621ee994bc563da2810b3ab28b9d6a,1,1,ok
train,shiyan/data3/labels/train/0912.txt,0912,152,bd51a61c267b663f561f57140ed180ce0a70583c2df92f5700f46692207e894e,4,4,ok
train,shiyan/data3/labels/train/0913.txt,0913,38,7058487362f23870d8c71111a17ee21dc33b6353966a0e0e81e943c5e1690442,1,1,ok
train,shiyan/data3/labels/train/0914.txt,0914,38,e16b477e06438268c7ba769a73e64ec1a7c20f29c30dbb5a8f570171548f1f00,1,1,ok
train,shiyan/data3/labels/train/0915.txt,0915,38,26ec79eb54bc42c4142208f59db48132392bcbdc0f0c0d974aa757e7b0e7b7aa,1,1,ok
train,shiyan/data3/labels/train/0916.txt,0916,152,c16bdfd244e6cce62ca10464431a652c62096c8dac81c7c44efdb31a18d3b414,4,4,ok
train,shiyan/data3/labels/train/0917.txt,0917,38,182716a73d518a14f32b68b1d3a7b15ad71b80161209299bcb8828898ac08bc6,1,1,ok
train,shiyan/data3/labels/train/0918.txt,0918,38,23ebe977b1136858ebd31b7eee50b8518d5f9a111a8e5f05fc30ba62b7d3c3d7,1,1,ok
train,shiyan/data3/labels/train/0919.txt,0919,76,9574ca5f3f339a18b8ffa2f7fe6ec30ece9ad6327e6ec309a3543d66a118b462,2,1,ok
train,shiyan/data3/labels/train/0920.txt,0920,152,90e1ec0695d801e0ce8c14c53f5475eccada367d36089d4be683d04d29661ba1,4,4,ok
train,shiyan/data3/labels/train/0921.txt,0921,38,444c126b77bbb098b2acc343c26d0e1c09ddf6cb6260329fd74749891fb20c7b,1,1,ok
train,shiyan/data3/labels/train/0922.txt,0922,76,8bf4af467dad1445e1559b204201c2d1e1b443b143d220a12dfab4f231a2eb99,2,2,ok
train,shiyan/data3/labels/train/0923.txt,0923,76,4c51d25e5fbabe77c49ef54bd8b264c4cb14b21ebd11d7c7545d98326cc23e7a,2,1,ok
train,shiyan/data3/labels/train/0924.txt,0924,76,b758867c85ae8d6da2ade014c120a6564ffa4b6e5b34167ab3dc225ce3bc3c2b,2,2,ok
train,shiyan/data3/labels/train/0925.txt,0925,114,239d2853ecc680e1126f794c63cc78c5d948a1e175e4c2a7386253d960856fa5,3,3,ok
train,shiyan/data3/labels/train/0926.txt,0926,152,955c2f7970ff0e925fd217a478a2b6a4a75e67e1dd7f34de71a1ca5489e5f9c1,4,4,ok
train,shiyan/data3/labels/train/0927.txt,0927,114,76a3419d3040ec469a5f92c9117e66f11d9b4da064c0648939626c3c6921d3fb,3,3,ok
train,shiyan/data3/labels/train/0928.txt,0928,76,f0cd132b9ea1716b67d5b312cfc2392d44eb9009a10f560c7181d4a481c0e827,2,2,ok
train,shiyan/data3/labels/train/0929.txt,0929,38,515513a9e9ba536dd6b8e782e70a08ef24805cf86feeb48a704a31f4538a0531,1,1,ok
train,shiyan/data3/labels/train/0930.txt,0930,190,c702f6a87a972d60ec2b630f2a524197e17a77943f14df1e52f1e865a584b38c,5,5,ok
train,shiyan/data3/labels/train/0931.txt,0931,38,097c7ab90aa29fe800b2dc06685d7ca2fce77d0d6cd61a7621556a0ef5681425,1,1,ok
train,shiyan/data3/labels/train/0932.txt,0932,114,9ed7e6599a8efcf443f11345a458635088802ed1daa752dce8c254bef54b15e2,3,3,ok
train,shiyan/data3/labels/train/0933.txt,0933,114,cfdc04eca0da836f1496d577686efb701d24c8eef92d5bfa1a8b1c7db96a56aa,3,3,ok
train,shiyan/data3/labels/train/0934.txt,0934,152,5597d737722c214074bf7da6049d6d03f8b955e2f9e2367a0d27a3fd2f71bb4e,4,4,ok
train,shiyan/data3/labels/train/0935.txt,0935,38,c06f25db397784aad3f67a33287502333733b8c3bd77722b846312362bc5160b,1,1,ok
train,shiyan/data3/labels/train/0936.txt,0936,38,33b0558b0205ef010ccf92926fcc7a3e6e4ed39b16e8030a688183972d66a893,1,1,ok
train,shiyan/data3/labels/train/0937.txt,0937,190,14eae181939e535851bf817e1f67eb6333bccffdc4126427ff149594c3d0a364,5,5,ok
train,shiyan/data3/labels/train/0938.txt,0938,76,1a69853c67fcc5681677236a27081ea087fe7e18ebe48bd12dc9ac76730661ac,2,2,ok
train,shiyan/data3/labels/train/0939.txt,0939,38,3a286fc5682f03a0a086e156cbe5feb967fe4d13d03390d0a51eb256b6f4361e,1,1,ok
train,shiyan/data3/labels/train/0940.txt,0940,114,4de9f7c04ddd853eae71bcc1716e4948c14d93384ae62707f46acab810e07b6d,3,3,ok
train,shiyan/data3/labels/train/0941.txt,0941,76,81f51e1083b13b64b223f38f9e90ba060f79b855f74d373a8303a85d4cb26b41,2,2,ok
train,shiyan/data3/labels/train/0942.txt,0942,76,f4ecf0f6ada1926972c7e74271e7fd6a711e1c3aee1fd372b8b25576448dfe69,2,1,ok
train,shiyan/data3/labels/train/0943.txt,0943,76,65fc1c1873efa5789beb71bc9eb0109069366edbcd944feb7ec6e073e8576ff8,2,2,ok
train,shiyan/data3/labels/train/0944.txt,0944,38,aaa301dcf6a72ae632498d9011baa6ff82a03eb30cd52a9a920a1578857019b2,1,1,ok
train,shiyan/data3/labels/train/0945.txt,0945,38,c9a94c4184ebbd025f1fb41138c3a75813de0f6902c80a79d98c614a2fa7c828,1,1,ok
train,shiyan/data3/labels/train/0946.txt,0946,190,6d0b9243f52988692284f95ce0a065eb08af1bce2f6381a62b6dadf05dc2d996,5,5,ok
train,shiyan/data3/labels/train/0947.txt,0947,76,3aa44d96ed9c08b2eec9b5e25d89d57c3f7a89644f98065e5ded2a4a1f220c9e,2,2,ok
train,shiyan/data3/labels/train/0948.txt,0948,114,115131d64fffaea8f815a75a1e3d371556cb1f1bfb041dd6d9adc10764d03195,3,3,ok
train,shiyan/data3/labels/train/0949.txt,0949,38,71acbf1895fbc26b1e995d9707f3b80e7748c4308bf85b7dce21375b259e77d4,1,1,ok
train,shiyan/data3/labels/train/0950.txt,0950,38,1dc38b8cd94b8c16f240109aaee41a2d0e741b7814955265832364b69c859d85,1,1,ok
train,shiyan/data3/labels/train/0951.txt,0951,38,00be50dd33d36beb5371b9b07323d30491c2f41dc25e03d3a0c30fbd017a0cb3,1,1,ok
train,shiyan/data3/labels/train/0952.txt,0952,38,ea7e5400a65ebfbf717b2bf9132a490b91f60e73af9d4496045d741d3771fe18,1,1,ok
train,shiyan/data3/labels/train/0953.txt,0953,38,2437b9f00b189d5b647cb3de396dfc733a028f67e1af9ccdd706fe6fa8a28d36,1,1,ok
train,shiyan/data3/labels/train/0954.txt,0954,76,79861262c656309058c1ee40d274cee08439423128f2d4bad22f1d3bf1eeb62d,2,2,ok
train,shiyan/data3/labels/train/0955.txt,0955,38,e6a210e752a4f2cc554f7aad946638d94dffa424de558f4b8cd2440a652026f5,1,1,ok
train,shiyan/data3/labels/train/0956.txt,0956,38,7391ed04baee669d10247fb2000daaff127a79c3e79c81ab934474d07aa3c111,1,1,ok
train,shiyan/data3/labels/train/0957.txt,0957,38,bb393a1c1de00a24390a2dbdd116fad8969d13f140837e622f4a5560d4e509e6,1,1,ok
train,shiyan/data3/labels/train/0958.txt,0958,38,25f8d32d6d2f064115169097ae2a721e5e9c8715cbfb20434631542a7006c230,1,1,ok
train,shiyan/data3/labels/train/0959.txt,0959,38,20fd1a11c53392c19827778363c8587eb19e809c26cfdbd4715fe465b74c3c39,1,1,ok
train,shiyan/data3/labels/train/0960.txt,0960,38,bd11c8c6c193c76078b77f9f054f87ab036ce97d07fdabea85c30356aec7c5b8,1,1,ok
train,shiyan/data3/labels/train/0961.txt,0961,38,c768347796129f304d61f7abd714aaef2962482eed46f238064c5f2645ad05fb,1,1,ok
train,shiyan/data3/labels/train/0962.txt,0962,38,14af635b8ac6f5af54f5378fc9ce3f6280bec7204cf93c3d8d36e43d8eea2357,1,1,ok
train,shiyan/data3/labels/train/0963.txt,0963,38,d138789194adef0e5008b2dec8121474d25c0425a1c1dc1a3cfd87f7b10c2339,1,1,ok
train,shiyan/data3/labels/train/0964.txt,0964,38,8134bc0b4ed8afe1b6abcf5cd1b7c08937fef1d027d209320c3d895798c97396,1,1,ok
train,shiyan/data3/labels/train/0965.txt,0965,38,d627a81f5983983e02057a7e435a944c3426a029dca2fba3fe04c5c533a5a5da,1,1,ok
train,shiyan/data3/labels/train/0966.txt,0966,38,2538f630e0fbcc483a217de77c02919d354236b92186d871df8d26195bb1358d,1,1,ok
train,shiyan/data3/labels/train/0967.txt,0967,114,2205a5fa58b469c1f4eac3a4a971f60ca52c103d221badace495f612856da1eb,3,3,ok
train,shiyan/data3/labels/train/0968.txt,0968,38,3d9da6ddbffa7f025876fdc05627d67944865e49d087c6b5e45de5e98125c4f7,1,1,ok
train,shiyan/data3/labels/train/0969.txt,0969,38,94f1f05a18af9a0781e309c100802823a1b37b69ae61e00851f93dd053dd5a59,1,1,ok
train,shiyan/data3/labels/train/0970.txt,0970,38,13ce8922770a359d31fc0047f83210d2e8ae20576da1072ab33a240c86b755f8,1,1,ok
train,shiyan/data3/labels/train/0971.txt,0971,38,fbc7a3266494a9543f2e425795b298ebb0d2dff24b7c8aae43f062286d074020,1,1,ok
train,shiyan/data3/labels/train/0972.txt,0972,38,0d842bee0c8c5a5753c95090b8b578def77c3c368417ee155689c4c438d761df,1,1,ok
train,shiyan/data3/labels/train/0973.txt,0973,114,5015453814b6c2c081c2d004c3bbb2bba1b93c447447c418a7f1e3340f2856ea,3,3,ok
train,shiyan/data3/labels/train/0974.txt,0974,38,268d55fd98ef795f5afe00fc5c9f9f21f01a2aeac1084f6c9bd0d9c123753a96,1,1,ok
train,shiyan/data3/labels/train/0975.txt,0975,152,bf55e89ba5b3bded6029c72ce0b189644b59ff7877a5397275ea1572b69b8816,4,4,ok
train,shiyan/data3/labels/train/0976.txt,0976,38,c18e9f9cbab20fe22f7731f7481b889ca8f2f340156ba86069d1e69b7c4b4d2f,1,1,ok
train,shiyan/data3/labels/train/0977.txt,0977,38,826cc91dd8025a10bfe8d48c0a1a39f6f087900578352f30f7b5aea87ecfef0a,1,1,ok
train,shiyan/data3/labels/train/0978.txt,0978,152,0d57a9b00cd2b8618578e2dc644dc8512b1f0b7a941115656ffc0e62b2870f55,4,4,ok
train,shiyan/data3/labels/train/0979.txt,0979,38,eeefaf4bbb8f68544fd9af6042b720e6df00bb55e779e59861267761a4f78291,1,1,ok
train,shiyan/data3/labels/train/0980.txt,0980,38,e9973c10214bbd403a035314cafa2faa36841d7c62853f55d64b4feb2ac00384,1,1,ok
train,shiyan/data3/labels/train/0981.txt,0981,38,9735f82fe6ea6b2a8249f1cda7a7c96a42fe8478052e61db13ab3cc0578c80b6,1,1,ok
train,shiyan/data3/labels/train/0982.txt,0982,114,ffb095745fbafbe52bcafa33814846463afeedbc55e3407c03ef31d87e81ff2c,3,3,ok
train,shiyan/data3/labels/train/0983.txt,0983,38,8bd67894dc5a9c6c237f9c114512f158cf02bea0c2abb597cdff0a3fbd1ec793,1,1,ok
train,shiyan/data3/labels/train/0984.txt,0984,38,8ed6da697bbbdb95fd74942f93aece373a1e6bb206bcce9f2fa9f03511c13e2f,1,1,ok
train,shiyan/data3/labels/train/0985.txt,0985,38,d430892bca5494203fafd7db4e268cbe54c92ceb2a6d95fade9a39f5e055f280,1,1,ok
train,shiyan/data3/labels/train/0986.txt,0986,38,c1f31b1887c909d3da0895c433ecc2b310e582d239d56b0a4b4193f9ba2a7e27,1,1,ok
train,shiyan/data3/labels/train/0987.txt,0987,38,fcfcf87169e5398410b1d04a492e53dc04bf6db563301efa69309b54de3301b0,1,1,ok
train,shiyan/data3/labels/train/0988.txt,0988,38,c57786cd10c6ddd79c1a4174b090ad3a162e33364282dc0f2f4de2c3712110ef,1,1,ok
train,shiyan/data3/labels/train/0989.txt,0989,38,2cf269503013b4a2a8fe63643d2793337005747c313c6dbf40cebcbcf94d66b5,1,1,ok
train,shiyan/data3/labels/train/0990.txt,0990,38,2c31affc8f30791cdbcc28f686203ad0213990aabd55891dc32ee1f17a59075a,1,1,ok
train,shiyan/data3/labels/train/0991.txt,0991,76,d53ac17d2f4f0e0639cfca8a8cb1e37650190c053fbc54b8cbb521945d896432,2,2,ok
train,shiyan/data3/labels/train/0992.txt,0992,38,949445e35e522909658e09dc8a6e4f9dbc51728886c78fea169dda1101110cf9,1,1,ok
train,shiyan/data3/labels/train/0993.txt,0993,38,5ca26319a45cd5073764ed614f6e99b8a60f635fe670ae78ff20916d00c05fa7,1,1,ok
train,shiyan/data3/labels/train/0994.txt,0994,38,3595ef9a22a3bd39bdb8c9b4e7892b0d5c09989b5b47026fc51657171e36c59b,1,1,ok
train,shiyan/data3/labels/train/0995.txt,0995,114,b8e0dca580e6120d7595a1f05a727bd013688efb28fa90c8036b378b613bcc1e,3,3,ok
train,shiyan/data3/labels/train/0996.txt,0996,76,603ca784518aca0556948a89020d3bbe0180f7b27a6bb3b0170fc7b078963c29,2,2,ok
train,shiyan/data3/labels/train/0997.txt,0997,76,4cf5290fa509646d7e53c2603fa0dbb4ec49eb65a775d6bd57b5fe1db5e883d9,2,2,ok
train,shiyan/data3/labels/train/0998.txt,0998,38,c2c2b178afb1e32d70f65b84a0c22dbb922a9dba7944c14a6edf7c394dfeee53,1,1,ok
train,shiyan/data3/labels/train/0999.txt,0999,38,fb80ad020615e041f169f1d6453194bb03e243b3f9ea3d913dad82df6ffd48d3,1,1,ok
train,shiyan/data3/labels/train/1000.txt,1000,38,a28925f0fc05f9e95fe7e47af7ec57a0b93692da4effcea048fa1c6cb0038c08,1,1,ok
train,shiyan/data3/labels/train/1001.txt,1001,38,cd09310be0ef83d73e1686fc30233c9b27bdc4ba39915c6b59ff6ebe203d5aca,1,1,ok
train,shiyan/data3/labels/train/1002.txt,1002,38,5e9228b948be81f852e9b63324c93c324515984ea761c949910f330efb4c99da,1,1,ok
train,shiyan/data3/labels/train/1003.txt,1003,38,96dc424233b6d615bdaf4666426531b030bf2825d27d99eeb620d08ddd2aa9d4,1,1,ok
train,shiyan/data3/labels/train/1004.txt,1004,38,d3b2402db9f45e024b879c6dd78f9a26f027d0d15e17e49a5f5b96a6e27006fd,1,1,ok
train,shiyan/data3/labels/train/1005.txt,1005,38,7de06ccf6fbd66cfb9fe449fd0b7da7faf84f2eb043918f54548054e49cea434,1,1,ok
train,shiyan/data3/labels/train/1006.txt,1006,38,d5f993a150256bf2a9aac94a89931a89454cfcc8f880ded2e1f5b7ba4c1db50a,1,1,ok
train,shiyan/data3/labels/train/1007.txt,1007,38,b510b1cb731bfa9b74dcb22c455efa880aba4865d2f702675d8924a1d7738200,1,1,ok
train,shiyan/data3/labels/train/1008.txt,1008,38,9023a05f58404f837ba1c201a95fd87604b75d354320e0d0b504846dc21e6ed2,1,1,ok
train,shiyan/data3/labels/train/1009.txt,1009,38,3a98420a4ddd21dac7723856fbc5639073040adc4330b30acecc5fff78165916,1,1,ok
train,shiyan/data3/labels/train/1010.txt,1010,38,e0775331bc6b5f8429db0c3346381a7621e486e1890a4eaa52ebbe3a9033b043,1,1,ok
train,shiyan/data3/labels/train/1011.txt,1011,38,ab35667c84679cf2e22be927ae721bbc5d5697ba0912ae94afa877cf21125859,1,1,ok
train,shiyan/data3/labels/train/1012.txt,1012,38,5584724e570dfdc08f329cfe0e144af106ea0120b328d061d1d7fd990f63efe5,1,1,ok
train,shiyan/data3/labels/train/1013.txt,1013,38,65249359dd0235e1a146849364cd051d5c415f7dc86e16ded10d041577681ad8,1,1,ok
train,shiyan/data3/labels/train/1014.txt,1014,38,74b44f1f2860442aa3af38e5831478fedcd2f37bfe656b748f34946da751c3af,1,1,ok
train,shiyan/data3/labels/train/1015.txt,1015,38,9216e224c8679f4227464d73336dc515ad812103e1473daaf685ec612259246c,1,1,ok
train,shiyan/data3/labels/train/1016.txt,1016,38,cef3ab4da7b6e492d5b4834cc1d91f4893d39383b5cb35dcfd9d9d001b78d10a,1,1,ok
train,shiyan/data3/labels/train/1017.txt,1017,38,49c18c3cc113ace881487fa081935f1e3a4433fd07eb34249f77166fe682966d,1,1,ok
train,shiyan/data3/labels/train/1018.txt,1018,76,aa0c2f428aece432452ba371f1767bd0924f8858ece7979383f196869c9a6cfe,2,2,ok
train,shiyan/data3/labels/train/1019.txt,1019,76,c190fe92e780b3ed6911f6c8488d56b5cd8b3336976db52427752e1f4bcd82a8,2,2,ok
train,shiyan/data3/labels/train/1020.txt,1020,38,41e36a642ac54ce9721742b36e11c4acefab19e3f8701e3cd5871dd818a5cfd0,1,1,ok
train,shiyan/data3/labels/train/1021.txt,1021,38,e145e40d736bd0d39cb884b77216f192e90580c6a6afabc903aeb610d906630a,1,1,ok
train,shiyan/data3/labels/train/1022.txt,1022,114,41cc2612e0009300c657c10801c0c5d8771defc342ee47c21deb224dc0538ee0,3,3,ok
train,shiyan/data3/labels/train/1023.txt,1023,114,7fabeb4f968afff6d2ead18465526d88a3015b63f484e3c5eed9a787ff47012e,3,3,ok
train,shiyan/data3/labels/train/1024.txt,1024,114,c0ea71c33a436931017077426cb811ae65c80f692db374f9d793bbcce301a204,3,3,ok
train,shiyan/data3/labels/train/1025.txt,1025,114,63249402a8c8b867af45429c5525e49981dc4848dc204afef11c2eda9a416195,3,3,ok
train,shiyan/data3/labels/train/1026.txt,1026,114,4726df1908825b9af40499d52c7f242489df13a67fd2e9479870dec07c783702,3,3,ok
train,shiyan/data3/labels/train/1027.txt,1027,114,cc4017857b7617c0faa690c53f79c03c342de7f7a24cb26bae368e7e06833226,3,3,ok
train,shiyan/data3/labels/train/1028.txt,1028,38,505e07ca4b639b9dcc1bf6c1935090beaa0036d99b8631c14aba1c4265006d4c,1,1,ok
train,shiyan/data3/labels/train/1029.txt,1029,38,ec75894aa84a8829739bde628e7e2973ec192954156854b5e6e0ec593a86ce60,1,1,ok
train,shiyan/data3/labels/train/1030.txt,1030,76,7b411bbbcc07cbdc9109d0c0bd32d0c7b7682e27d58e9b2a71fc1dd0ff9f0743,2,2,ok
train,shiyan/data3/labels/train/1031.txt,1031,76,88075c93fa119199861d8c034b361f8b83795e3493e27d1ec8939e5277bce696,2,2,ok
train,shiyan/data3/labels/train/1032.txt,1032,114,d3123c7ceb683840a7b31fa02233eccc9e0f01a347bfe768269b682195c74ade,3,2,ok
train,shiyan/data3/labels/train/1033.txt,1033,38,0333bbbc432502ce26edd1be01a4d530d9b330071c31f57a076dcbd01163eda4,1,1,ok
train,shiyan/data3/labels/train/1034.txt,1034,38,a0cac4abaff30ee95874fd1f048bd5ac8d7440a195f03acb4c81fd7ed10427e7,1,1,ok
train,shiyan/data3/labels/train/1035.txt,1035,114,2923ab0a772e2892d8cef58b3c6aab1d5d5170d18d9cc5ecf245c735f8c4a87d,3,2,ok
train,shiyan/data3/labels/train/1036.txt,1036,76,568cf6a634cdc3e70ef4ea08e27b1c5902b3f0255dbfa7e2ffb765fea874a9f1,2,2,ok
train,shiyan/data3/labels/train/1037.txt,1037,38,27300ffda897e1edfb3339f91409ff82842d0de236a031901fbe8c01462cc0f8,1,1,ok
train,shiyan/data3/labels/train/1038.txt,1038,76,7286435e1017b1b70b2949b2d88dbfc49019d0c01bac480325545d71b97d5136,2,2,ok
train,shiyan/data3/labels/train/1039.txt,1039,38,30934fd79e3cae4563e5e76cf8d9952d1f325c3367a8e3506133f21033f3e7c1,1,1,ok
train,shiyan/data3/labels/train/1040.txt,1040,38,10412ece57e581f32dfef81c72c5c5a66e5f1c02c1c1d5e6cf5585f2db7960d7,1,1,ok
train,shiyan/data3/labels/train/1041.txt,1041,38,2fb939ae9d8c937fee1700c7894d3beffd75e47abf56614c8206573e8e429648,1,1,ok
train,shiyan/data3/labels/train/1042.txt,1042,38,30a72010547c902a1cab88e50dc1cc94199fd0a75850c5538bc80c8f5ee632d5,1,1,ok
train,shiyan/data3/labels/train/1043.txt,1043,38,2b25ca896e305a2e6bbb79f09e2cdc4d4fcfd994abb91d371bad265de8185f68,1,1,ok
train,shiyan/data3/labels/train/1044.txt,1044,38,7db95051986536d4817262954d668dd3ea55bc5fbc3d4e535888af7656788a2b,1,1,ok
train,shiyan/data3/labels/train/1045.txt,1045,38,59e74ebd8272b2a7f86e45e34e6565bf52c0ac9e5177aacff7359961e46f0ae4,1,1,ok
train,shiyan/data3/labels/train/1046.txt,1046,76,18855e662f028f92b9aaf601df4111e1321ab84b8bac767423da3e1d456096c5,2,2,ok
train,shiyan/data3/labels/train/1047.txt,1047,38,a437928d35284f0d32171d46e8ac956f3d01038f5fce9d909f632dc30f673f74,1,1,ok
train,shiyan/data3/labels/train/1048.txt,1048,38,c68011ffa0cc80168bea927d0ae3f3fef1d480d2b6efcbd8227b677c2e55d0cf,1,1,ok
train,shiyan/data3/labels/train/1049.txt,1049,114,e356c03d1223e8e8438ce2c12c405c19e6ecfc09944e227446fc3823910655a7,3,3,ok
train,shiyan/data3/labels/train/1050.txt,1050,38,659e9949c0dd0bc6677d6191b34d1e5135fd553c71e6dc34ed7ca1d796f1db34,1,1,ok
train,shiyan/data3/labels/train/1051.txt,1051,38,1ee7a2d1bd3ac2c6562b528e1bafafbddd46f65c509affc6af928aaf5f014531,1,1,ok
train,shiyan/data3/labels/train/1052.txt,1052,76,ebaa024afffbe3f7d8d33225cf96ac950ba9f8997875370ec266501418c2a47b,2,2,ok
train,shiyan/data3/labels/train/1053.txt,1053,38,1e820c9910122728140006a98cdf1b00a0789ce5a31b31905fe524c41fe26392,1,1,ok
train,shiyan/data3/labels/train/1054.txt,1054,114,c539021aab59f65653914b9501ac66e56200e875bbd0b15c7f5ade1eba8b4f81,3,3,ok
train,shiyan/data3/labels/train/1055.txt,1055,76,3818165e347dba2e02316c679f74da03cc30a95d0e52cc81fafb165d9a384dc8,2,2,ok
train,shiyan/data3/labels/train/1056.txt,1056,114,b6fc7f36887a3f4505fa199ae4e714f11a94950320e74e518bfbaaeaa7e7dcf4,3,3,ok
train,shiyan/data3/labels/train/1057.txt,1057,76,277a0ac908fefd5b36097c4e7a516e048bc563c7285de9a9798ec06ff9c7709a,2,2,ok
train,shiyan/data3/labels/train/1058.txt,1058,76,c22d48a5fa63c5e4e3a9a73d209e97864d681aa52f8aa6096eef443fdadfeba3,2,2,ok
train,shiyan/data3/labels/train/1059.txt,1059,76,7c1457cafa23b24c06961cdf7c49e09902d4f0f7ec2a3d447b8e32edc5ba52d9,2,2,ok
train,shiyan/data3/labels/train/1060.txt,1060,38,474a5c4b51bb44c08f607503b25ad0c842c892ad4476a52aa557adbe2c4e8abb,1,1,ok
train,shiyan/data3/labels/train/1061.txt,1061,76,6b7c4c08a3130811c3eb4479ef3966517cc2b6977eda73b532351bd46dec594c,2,2,ok
train,shiyan/data3/labels/train/1062.txt,1062,76,652fc0f32cafbb1fe08dc37a7831a6afd9853108d1a09d41f2011dd74df9fe1e,2,2,ok
train,shiyan/data3/labels/train/1063.txt,1063,152,9bb1981a43c44cc8a7feb0205f6d20ec10e17bad69e1303be7859049e18d4d2c,4,4,ok
train,shiyan/data3/labels/train/1064.txt,1064,76,4036aa2ffbfe06747a438541c0dce3a693f63efaf1540f86282c009d0294ac2a,2,2,ok
train,shiyan/data3/labels/train/1065.txt,1065,114,b85a102d55d67e9e8c608705919b2e58a367fa24c974cbaf98adb927ce7718ce,3,3,ok
train,shiyan/data3/labels/train/1066.txt,1066,38,cb94b9ad81fd9e6aea23466802e8022ca377b64efbb0174cbc46cfa511b3f18e,1,1,ok
train,shiyan/data3/labels/train/1067.txt,1067,38,81a7d3ecf16b60c773f3e0b5c4c10798b0ad435e5d500f7b87d8903047d54964,1,1,ok
train,shiyan/data3/labels/train/1068.txt,1068,38,91435704b544277cd8dddbdba67875a8f2562e780e37386eab0bf7f40cf79c38,1,1,ok
train,shiyan/data3/labels/train/1069.txt,1069,76,365d8cd74b255512798c9702aac722f557b67c0cfd59382ab076727a245d7759,2,2,ok
train,shiyan/data3/labels/train/1070.txt,1070,76,8738a20a4f7e471ac548371fbfd8d8edfbeac3d2cb83104b687fdbb50269225d,2,1,ok
train,shiyan/data3/labels/train/1071.txt,1071,38,123748d6922dfd9206a617046828863be5b77e83efd0526f5474c8cc1057265b,1,1,ok
train,shiyan/data3/labels/train/1072.txt,1072,38,ccc1aa0b7b8c050cecde318bcaad28e2d447f83d216dede112365b862f90a0ad,1,1,ok
train,shiyan/data3/labels/train/1073.txt,1073,38,0b7edfec10bf0f87fc8879ed064256aa633c02bbf4332430a356791895dc8910,1,1,ok
train,shiyan/data3/labels/train/1074.txt,1074,38,5cac0cf71bb2061065ef42acdeea1a5877fa297a79d37157f5992748ed528211,1,1,ok
train,shiyan/data3/labels/train/1075.txt,1075,38,22e344a2bd63ca6a3c810e0c2577c26a3daa3ee9acd7b4f0810ea9d043a05717,1,1,ok
train,shiyan/data3/labels/train/1076.txt,1076,38,7706457be4b2c617980f24abd61239c7df06385029a021c129bbd34de3dafb6f,1,1,ok
train,shiyan/data3/labels/train/1077.txt,1077,76,801cca240f25d35fd6feb1bc9c6fc661add4c13f60804e8b593fb0e1f26c9f59,2,2,ok
train,shiyan/data3/labels/train/1078.txt,1078,38,fe473634ea01168f5bef94440c41b61b7cc7b8378e5b3339026c7a43c41aa45f,1,1,ok
train,shiyan/data3/labels/train/1079.txt,1079,38,bdafd2d75162c339ec66f92efa68d016858a244d8ac0824f5d711398b36b7d54,1,1,ok
train,shiyan/data3/labels/train/1080.txt,1080,76,5fb10db6dd3b425ba16e4197cf2afcae2ba82fbbb1f0f0ce0ea8786bddfcd9e5,2,2,ok
train,shiyan/data3/labels/train/1081.txt,1081,76,9918456c0b99dafbd1fbb5616fd703b895003fab94c969b10ca53ce8d6a48617,2,2,ok
train,shiyan/data3/labels/train/1082.txt,1082,76,23c256a305fe0691853540dab0f43f87d3ddb9176c006e57e51b45501854bd43,2,2,ok
train,shiyan/data3/labels/train/1083.txt,1083,38,611df565a2e8ab1fd4e3e64d98772f77094b19193029226f4dd9b5706ee38637,1,1,ok
train,shiyan/data3/labels/train/1084.txt,1084,38,24bb102689f2dce6e1cdd49b7120d97e529f4f68f5e2141ac93b9bc6369f72c4,1,1,ok
train,shiyan/data3/labels/train/1085.txt,1085,76,80b83dbf3fc83fe0628355f672385ad5c437f645fef206115268e3cab458d980,2,2,ok
train,shiyan/data3/labels/train/1086.txt,1086,38,c45ef3b88a354d5eab02622590ecef6c8ea8d51a02cb9bd8860ca3c318a5dc4f,1,1,ok
train,shiyan/data3/labels/train/1087.txt,1087,38,955e3bf4628deb0f296c34351f6432f3ebee4aa2d3b34c11cdd4e18c25961c77,1,1,ok
train,shiyan/data3/labels/train/1088.txt,1088,76,8219c89373132ec091ad57c68391153b6386f205d130886432adc48454c18249,2,2,ok
train,shiyan/data3/labels/train/1089.txt,1089,38,efa00dc50264789d18a16ad25f04882e4ddc60931f88e29e0f82e961ae2ad087,1,1,ok
train,shiyan/data3/labels/train/1090.txt,1090,38,f17f64c7d6e2039800fb859c7a26b2f2fdf2bc3b70f95a10c3a2fbb5b109bd3d,1,1,ok
train,shiyan/data3/labels/train/1091.txt,1091,38,8b1a3cafb75d5841ee583be2d230f144ba8c0057a57fff5d1c7366efbbfb95e3,1,1,ok
train,shiyan/data3/labels/train/1092.txt,1092,38,e86d4d78fb408dd4558bdd263a56879721331ae3ae4ba436ba58a00daa76eb80,1,1,ok
train,shiyan/data3/labels/train/1093.txt,1093,76,3e9f136097e0ae78310e5c0c2b882a7f3dbb0351b4557b10eabb2f1acc49061d,2,2,ok
train,shiyan/data3/labels/train/1094.txt,1094,38,43add20b9cedd84847b00c70765a0ef00ee2805cddacac3aeb0a9984ec7b4e4d,1,1,ok
train,shiyan/data3/labels/train/1095.txt,1095,380,6d95e5b098394eac2dce4c08817b46ccb88c3f3916027d791e8c10faf56dcde4,10,10,ok
train,shiyan/data3/labels/train/1096.txt,1096,38,5dcbd2c45e9fad4b61b11c4cccd511a9ce30814fd6eeabf33c3cded8287582e8,1,1,ok
train,shiyan/data3/labels/train/1097.txt,1097,38,9eb7c2180a0e252095aff6c02bb8dbfda713dba6ef0b2b7f616be56e473fffeb,1,1,ok
train,shiyan/data3/labels/train/1098.txt,1098,76,bb228d89023cf7d3fb57e29113496d70ff41b24bdec4c8a9f34f90fd5289c901,2,2,ok
train,shiyan/data3/labels/train/1099.txt,1099,152,0bd8dfe7861a1e792ed05ce069797ae738e65f5c3164df5aedc26742d8f524d3,4,4,ok
train,shiyan/data3/labels/train/1100.txt,1100,152,07ece42e82218be1f4aef01381d153d3673bfbd768ae052e977316cf27515274,4,4,ok
train,shiyan/data3/labels/train/1101.txt,1101,38,5e69a558774cb759435e45f1418a74e1bad1253ed6f9b2b30fda9224a638fcea,1,1,ok
train,shiyan/data3/labels/train/1102.txt,1102,114,7a7fef504b6374cfd5e4ef319e1140f7b883f9b5df79539f031a2ced1c60e398,3,3,ok
train,shiyan/data3/labels/train/1103.txt,1103,114,527477ad12664fb1eb3aa092b3042d66c41e28202678677b1a33c41f5f22099a,3,3,ok
train,shiyan/data3/labels/train/1104.txt,1104,114,96277d2e7a6a94fca0bceb97e06c6c9397792091eb20dc085a8bcafb86628570,3,3,ok
train,shiyan/data3/labels/train/1105.txt,1105,38,2f8bd23a6bd86ace04e80b8aefb0eec5d6b8c40c692e048b8932508660468ced,1,1,ok
train,shiyan/data3/labels/train/1106.txt,1106,38,317943fa254a138a64fe71ec7e449e880bbabe8a1935b456c1a0d3380f4a1a6a,1,1,ok
train,shiyan/data3/labels/train/1107.txt,1107,114,f092cc8eb07a3e5266c70e06278f4ca38d36fba4c048d56ca10f9f3df42e7985,3,3,ok
train,shiyan/data3/labels/train/1108.txt,1108,38,02ede2456430a1cfb2871a4a6bef642c9db58f155b3bba37465ad6ad4c773f4d,1,1,ok
train,shiyan/data3/labels/train/1109.txt,1109,38,ab4ee039bbfe03ae376b6c09c31bc1f63f73adbcaf4ec8522f3b0dbd637b63bc,1,1,ok
train,shiyan/data3/labels/train/1110.txt,1110,38,4390a2fde56a0057ea3005a16ddd6f8e5ad8f8d8e27107adbffd89d9867ec0ae,1,1,ok
train,shiyan/data3/labels/train/1111.txt,1111,38,13ba1a8530079acbcc3faef8730a9b61ecbf092a23fb1e642a5127b08e068cec,1,1,ok
train,shiyan/data3/labels/train/1112.txt,1112,38,9038711105a944ca9eccecc8e27ffc9e294104d6dc4dc17dc2fd822404676982,1,1,ok
train,shiyan/data3/labels/train/1113.txt,1113,38,1b6b152930d0cfc02b58fb790c984e767a64b6c861c2ffca4e35c53d604803a3,1,1,ok
train,shiyan/data3/labels/train/1114.txt,1114,114,6883377d0826126b344cdf37df8024276ed1947cfef3ecb6c0604782846a89fc,3,3,ok
train,shiyan/data3/labels/train/1115.txt,1115,114,a2bc8a6e63ee9b6c1519c2fdbd3031e480086a0daf8c6fd5aa7068b091401ee2,3,3,ok
train,shiyan/data3/labels/train/1116.txt,1116,38,d6b65ef06ea6f4ef80558cec2064b13d0a6174c0dec4173e11e53012cb38ba6d,1,1,ok
train,shiyan/data3/labels/train/1117.txt,1117,76,a9142f088f390335850fdeb6f72f1e8d7224e0202ad6d9f462609051810d595f,2,2,ok
train,shiyan/data3/labels/train/1118.txt,1118,76,860acf2b037a83d28a6a05838a9c5da933bf7e43351387598b3f98610738d5d1,2,2,ok
train,shiyan/data3/labels/train/1119.txt,1119,38,5e3d5a7f6d739388de9a5fb1f26fe93f149fb4d4d0f848944612ffb6b0ea7ba4,1,1,ok
train,shiyan/data3/labels/train/1120.txt,1120,38,01851275e4a7b878a3358d41c33410067791a281a6248f0bf86f1ce26191a5a5,1,1,ok
train,shiyan/data3/labels/train/1121.txt,1121,38,5fffd3d83f44bfff41fdbb437bee0eb5334d9bcc4118e993d1622d88106aa09b,1,1,ok
train,shiyan/data3/labels/train/1122.txt,1122,38,966dd301251e1fe7522acf651018b107bf77ac19b01c1cb24445284f85ba646a,1,1,ok
train,shiyan/data3/labels/train/1123.txt,1123,76,dd2307a24ab2bed07eb547f2febe347d65cc98902188fd62acf6e066f54ef615,2,2,ok
train,shiyan/data3/labels/train/1124.txt,1124,76,4d1a56f6c6db5cfc98073a5c330a28ecd88ef5228d8932726fb57f223e296923,2,2,ok
train,shiyan/data3/labels/train/1125.txt,1125,38,5dfde960af0c89f548a86f823b67289867c9d3db17b6c07cf13aa108a59c63c4,1,1,ok
train,shiyan/data3/labels/train/1126.txt,1126,76,9a992ed340962f1fbb8a5ad66a212626fb63ab6424fd08cceaf22c3b66356485,2,2,ok
train,shiyan/data3/labels/train/1127.txt,1127,38,c74242b5d8201a92f43fa7a307cb9ad5647983c1dc6851371bff46b40d73b602,1,1,ok
train,shiyan/data3/labels/train/1128.txt,1128,38,e65784f09c875c85a920afea2d40365e580adb777516b3b82bd12b40191229f1,1,1,ok
train,shiyan/data3/labels/train/1129.txt,1129,38,7740bd05cb7122deb2da7417c0a5689740681cac6630d6b7363ac569e3c7e6ec,1,1,ok
train,shiyan/data3/labels/train/1130.txt,1130,38,6a5342a5da83df70687d883f05c5c698ecad1cd58a7269b7215de9639783a9ed,1,1,ok
train,shiyan/data3/labels/train/1131.txt,1131,38,b733019feea7bc635d61ac831ca51c6c016516dac857cd5bad4e3b166e34bd39,1,1,ok
train,shiyan/data3/labels/train/1132.txt,1132,76,b33ecff71d4d002ce872ae67f3952e2307109df8a82e531bfa1f4d250b15d173,2,2,ok
train,shiyan/data3/labels/train/1133.txt,1133,38,06e42a22c790074e7907a6a38e1cf714bf75d65ea06a17852dd758363309baa6,1,1,ok
train,shiyan/data3/labels/train/1134.txt,1134,38,349000d5adceffff669398d0b5fdcf2dfa877c72f5eb4871bdb18571665d448d,1,1,ok
train,shiyan/data3/labels/train/1135.txt,1135,38,7cb1320a89d99fe6cb598968d5a5900d427df83ce6e50b45bca2573c69a2b9db,1,1,ok
train,shiyan/data3/labels/train/1136.txt,1136,114,96afe0698e37175844e3f80b96ece6561e1da16705d141d151fc1b8170d55b53,3,3,ok
train,shiyan/data3/labels/train/1137.txt,1137,190,cee2675935d8e5097b87e01dee8a520afd4ef343229b2e1f9a844dca92122fec,5,5,ok
train,shiyan/data3/labels/train/1138.txt,1138,152,e9a186dbfc4458a0ce15efc9393fcb46036be5f160cdf31fd97ba770ca5d99ee,4,4,ok
train,shiyan/data3/labels/train/1139.txt,1139,76,0678073e543a2f38e652a3145e2f075c034a0cc8bda8fdc826aff5ed0cb3bbfa,2,2,ok
train,shiyan/data3/labels/train/1140.txt,1140,38,2a455c351688c53cc8c2b9093f312124672ffeb8f209c5d99289797a6cb4bd35,1,1,ok
train,shiyan/data3/labels/train/1141.txt,1141,76,a9f2a1604966980e0b77b3bf5fa34347fe6e65a687ad5c5f7be13df856acd24b,2,2,ok
train,shiyan/data3/labels/train/1142.txt,1142,76,e2d12f75e950d228d00a64bebbdff2b558691ddcdfc846066d6b6c8d39e4f79a,2,2,ok
train,shiyan/data3/labels/train/1143.txt,1143,114,f1e3e439dba3e4570b5fc04e2efc2f92b8aba6dedbddc4acfb00e7f412c2c609,3,2,ok
train,shiyan/data3/labels/train/1144.txt,1144,266,8b9fb536979b7118e5b1df4a80c7ca7369e9e4593b87712a5e1b1319b7798188,7,7,ok
train,shiyan/data3/labels/train/1145.txt,1145,38,6d3341c45d9714cec55361d6f258d7d437a4871e637a150be8233a699e33ba0b,1,1,ok
train,shiyan/data3/labels/train/1146.txt,1146,342,419dc0e8944af3a1f7e3a9fac5430f6297173f0c3a39a7ed2bc1fcb999628b67,9,9,ok
train,shiyan/data3/labels/train/1147.txt,1147,38,5ab15c50f129811af278b0f80a95fbe99c73a35ad186933af63db9c00d781d9e,1,1,ok
train,shiyan/data3/labels/train/1148.txt,1148,114,dd98d48165645d6aaef63ba9c50fb7b581a538e20e58ca73b37a1bba994a5a6e,3,3,ok
train,shiyan/data3/labels/train/1149.txt,1149,114,399e01786bbf86a4100a634f62b2d7890185e52c7047ba0cb3694cf0a8f8a856,3,3,ok
train,shiyan/data3/labels/train/1150.txt,1150,38,80787e909dc0b7df9ab7369d0368c4cca5850d089956ce02591216fe4b606b8b,1,1,ok
train,shiyan/data3/labels/train/1151.txt,1151,38,c0763973fab54af1fd04b0c23731feba17863ea82f8f040d0b9780ae48c7239d,1,1,ok
train,shiyan/data3/labels/train/1152.txt,1152,152,c9c590b50515755c342eef6c7e00a3764f7faa63770dd37798a41a4abcdc4542,4,4,ok
train,shiyan/data3/labels/train/1153.txt,1153,76,f815685e732af212df214711dfcb4254abc928cbc26a31bacd065d5022ced63c,2,2,ok
train,shiyan/data3/labels/train/1154.txt,1154,190,63e4b8161177cb310bdf5e0b9315fca50be9700d1ddc90946d6a8156feb581aa,5,5,ok
train,shiyan/data3/labels/train/1155.txt,1155,76,bc63c456d5d273bad359978491f228ba781ce21495b24ad246aae5d9053e796f,2,2,ok
train,shiyan/data3/labels/train/1156.txt,1156,76,69ecf1aba2a595ae292e4fcfcacae4a5814268f636512effac3c01374beeecf9,2,2,ok
train,shiyan/data3/labels/train/1157.txt,1157,152,176ae86ed48de8042ce56fd5fa8e2b7ea93973028021a6d9c964fdcbe7febeec,4,4,ok
train,shiyan/data3/labels/train/1158.txt,1158,38,2c45e866f79c938f9c9bfa4e67e63dca36dc736364aacdbfe10841c0e37d3785,1,1,ok
train,shiyan/data3/labels/train/1159.txt,1159,38,78dc6456b50323bc5208aaae65545ca84b350d379a10a75c019a8cc92a9a5eb4,1,1,ok
train,shiyan/data3/labels/train/1160.txt,1160,38,5814af1dd176bffe34d4e5967b6c078c3abe1683ad18be03a60cc2782ab4c660,1,1,ok
train,shiyan/data3/labels/train/1161.txt,1161,38,4f15e7caa303c23b7392e299539accfd4516222b3d6cd38a853c002cf09cec42,1,1,ok
train,shiyan/data3/labels/train/1162.txt,1162,38,38ca1af907a6ffc1b6823d0f2489e95f3260036942bca91698a19a88d0568976,1,1,ok
train,shiyan/data3/labels/train/1163.txt,1163,38,7e213e74ff5b0a7434fd9f06d00991916b1f2afb626d18cabadc935cb667f969,1,1,ok
train,shiyan/data3/labels/train/1164.txt,1164,38,7fb130b1f8ec91ab69e88ff1b93214efe8929f6d914a12509b48b26bb4a551e6,1,1,ok
train,shiyan/data3/labels/train/1165.txt,1165,38,edf16a9098694d1df958d81c1ff3247f6c882fbe2138f81d6282320736198049,1,1,ok
train,shiyan/data3/labels/train/1166.txt,1166,38,a2b0def613550cc8b7be6b303f21d99124a33fc842de4f97029e30cdc37041b3,1,1,ok
train,shiyan/data3/labels/train/1167.txt,1167,38,ce1aa4092d76cffa8ab5c113af8e48bbcf5be4f9f2555f4b1ba5023cf26a193e,1,1,ok
train,shiyan/data3/labels/train/1168.txt,1168,38,226e2470df7da3e54d13cdf10aeba4e005aede4667f118a932bf64ef6f2f4b9a,1,1,ok
train,shiyan/data3/labels/train/1169.txt,1169,38,5cf12184711d9681bcdbc73509e46f17b7368f08f1f8180f9288f723b1b65e71,1,1,ok
train,shiyan/data3/labels/train/1170.txt,1170,342,68c6b68e9d9e5cbe7a1a88a61d16250c62a2fc64cef7bacf92292baa1401e7e2,9,9,ok
train,shiyan/data3/labels/train/1171.txt,1171,38,bfdda3c61c6795d2f481ddf516c524763f02101a8633ff5c2621bf00b11e3dc3,1,1,ok
train,shiyan/data3/labels/train/1172.txt,1172,38,ddc39f61e2828b028d0ab66f6532166d36c758e0c8d54a22cdc84caadc505bd5,1,1,ok
train,shiyan/data3/labels/train/1173.txt,1173,76,34f2f77a0edc783b1334afad4a30ab1e7b4112a029e339178fdf44c2b44b43a8,2,2,ok
train,shiyan/data3/labels/train/1174.txt,1174,266,dfba8f7b58b195e61ff8d007c33fbe822d46a17a25c44422ad4916ed21f8a87f,7,7,ok
train,shiyan/data3/labels/train/1175.txt,1175,38,a6c7815fb9b7fcf63c2c4047d20cd69453129194a4f29680af30f540cb6b03c0,1,1,ok
train,shiyan/data3/labels/train/1176.txt,1176,38,0ed548e0e002ac9e6bf07b32d0d49a9b3ccea0e49dbc2c023575eda87e23a4fd,1,1,ok
train,shiyan/data3/labels/train/1177.txt,1177,38,58a2cd1bf1b3e2888cd2db386d9490615f2a6de6bd1cf206fb03c66cdf3f5b2f,1,1,ok
train,shiyan/data3/labels/train/1178.txt,1178,38,e9963745a674d355feed0ce1d3815f74c66fac3f2abab63598a083511d2734b6,1,1,ok
train,shiyan/data3/labels/train/1179.txt,1179,380,36095900fd7c38f0837a4058599a0c84abe4dfe423a28b98fc413103fcdcc066,10,10,ok
train,shiyan/data3/labels/train/1180.txt,1180,228,d944b95794f967480fe301f082b6a27d3b056f4683e227b9ec60cb85194cc0ee,6,6,ok
train,shiyan/data3/labels/train/1181.txt,1181,38,c94b07e87775064f52988246de754a9c94704957b5e683f400057bf0cbb7f5ef,1,1,ok
train,shiyan/data3/labels/train/1182.txt,1182,76,f02fd49f4f1183a57a97e099c52d734d90e306c9683ed1a15656a592dc0c4c8e,2,1,ok
train,shiyan/data3/labels/train/1183.txt,1183,228,9278a34ee6396288cfc18a30626f8fe4c9e6932ac8a11b945c3e8dc8be85bf2b,6,6,ok
train,shiyan/data3/labels/train/1184.txt,1184,38,1f9934a04d67c08a1055e4fd1224d66793420d8f2930e45926e8b66acd4d1cd1,1,1,ok
train,shiyan/data3/labels/train/1185.txt,1185,114,87929fb6bc30efe0741aac358f26245fed8c18248b54f00758bb88e9246793b9,3,3,ok
train,shiyan/data3/labels/train/1186.txt,1186,228,2eed3e1643ca7ebc6fe367f1baecfe77c50a3be5d4022e9636b2a60e0bc96965,6,6,ok
train,shiyan/data3/labels/train/1187.txt,1187,38,0d3c2834ec11f55f169dc0b01ec7f39126329d2abca6d2817035d88dc7741348,1,1,ok
train,shiyan/data3/labels/train/1188.txt,1188,114,ab1496e01b67864e667c9426dcd3a13fd8bf86d46d3b05f3be2ad473374f5f1a,3,3,ok
train,shiyan/data3/labels/train/1189.txt,1189,152,2f498f27aa0e5d917b125e8b5e0db4287a5882ac013c232d8221d25c02de597f,4,4,ok
train,shiyan/data3/labels/train/1190.txt,1190,38,ddef76cc53871fcb0b61c688126fc0c8e0baee073d49709a5e0ff3aa50bb9a28,1,1,ok
train,shiyan/data3/labels/train/1191.txt,1191,114,abb053733b713fcca7b2063ca8ed75ab8f3e1728ece758d7355f378c55aab063,3,3,ok
train,shiyan/data3/labels/train/1192.txt,1192,228,470473ce03b272b37ede34c824bace3d96e932778a4a18f50de3ce8078ef70f8,6,6,ok
train,shiyan/data3/labels/train/1193.txt,1193,190,bef6d00f3047d1a8d35fd0def0e487580a30ea8c9515a4eb4d86c7edc4d8f482,5,5,ok
train,shiyan/data3/labels/train/1194.txt,1194,76,ef4a24470d932b6e1f48cc80f72fd0dc7b67c3798b6bcfd7c12b5197f98cbeba,2,2,ok
train,shiyan/data3/labels/train/1195.txt,1195,266,eef85d4b283069536e20d5802b18e17c12df93dbbc82cf11a6a00b844df3329b,7,7,ok
train,shiyan/data3/labels/train/1196.txt,1196,76,51eef9b5dcfc351daf26b2b6620a68e314887ef56431730788af48e1f2931f59,2,2,ok
train,shiyan/data3/labels/train/1197.txt,1197,76,55235cce6f46416be978cde1c1e4320e8566bfd59200d4cda21f8a9ef0ce978f,2,2,ok
train,shiyan/data3/labels/train/1198.txt,1198,228,25c4c6ea030408083b075aa1a1fa60ef11627fc8192603b4f53d1c6b412a56a1,6,6,ok
train,shiyan/data3/labels/train/1199.txt,1199,38,ec2bd4873eb6c088031b8ce8f3697de66ff87efecc76641b006c40e9cb89a16f,1,1,ok
train,shiyan/data3/labels/train/1200.txt,1200,38,8a1b01262c2e903685419b7de14ac9b726c681867934526918824d0b84e8769c,1,1,ok
train,shiyan/data3/labels/train/1201.txt,1201,76,8f0cf0da9be4f3c5d09f381907b19270b7f7da8ff07860645389f90fb2610685,2,2,ok
train,shiyan/data3/labels/train/1202.txt,1202,38,cadef55c4f6d48fc3ef0d47a4a2a5f26e8ea28ecf92be3999290ab4b0e75214b,1,1,ok
train,shiyan/data3/labels/train/1203.txt,1203,38,80df4f06b263acb0af5cffca1199645c95ad189111a3898db75f0802f7d7adc6,1,1,ok
train,shiyan/data3/labels/train/1204.txt,1204,190,181a49126c971585283a46a91facf1eb6beb58eb1d1d9c0f7f638b27a9687e5d,5,5,ok
train,shiyan/data3/labels/train/1205.txt,1205,342,ce1ee471d79cb64d29f5a87924538759b53086417c07517d0d84ccdd78ef6ff1,9,9,ok
train,shiyan/data3/labels/train/1206.txt,1206,190,2d5d71c7f5892408214adb4134353e14921ecfeec2dab28e83c3dbfd30daba0b,5,5,ok
train,shiyan/data3/labels/train/1207.txt,1207,38,5850230bfaa8189895adef46056efa45aab088930198d7b05815582b002a871d,1,1,ok
train,shiyan/data3/labels/train/1208.txt,1208,266,ca58f588d277b987c7fcad80eb1561ca33b136b2db4be9928e9962ec80b7d1b2,7,5,ok
train,shiyan/data3/labels/train/1209.txt,1209,190,102bcfbeeefd5ec8a5bbcf778e016eb8218985b621ea9915cf1d60d3ec25449d,5,5,ok
train,shiyan/data3/labels/train/1210.txt,1210,76,696ed3d522daccfd3e959d5581fc72e38c66939a59328cf633ceea73ce6581bf,2,2,ok
train,shiyan/data3/labels/train/1211.txt,1211,76,492d95bed65b5698b5198e5382723b98156c6efdc4906b7a35c1f25fcc6e5ab4,2,2,ok
train,shiyan/data3/labels/train/1212.txt,1212,38,493d1460739ff36498f1a34f224ce75cbc9881d507da2135ad4d454e107e8787,1,1,ok
train,shiyan/data3/labels/train/1213.txt,1213,114,df451ba78e9e02e374570306cb124b725ac3e0f6014fa53ef11dfef7d12ce6b0,3,3,ok
train,shiyan/data3/labels/train/1214.txt,1214,38,a47e5ba3eaf6cbf8f782aa090c70a46745bcb89c65465a3f986b3d3eea409be4,1,1,ok
train,shiyan/data3/labels/train/1215.txt,1215,114,3eb9e2cdbb085e649c3129edbb89dd7184ad112412da9266d356a11064941828,3,3,ok
train,shiyan/data3/labels/train/1216.txt,1216,228,81e5b53e7aba46c98200468d840db56fe4acdc9c7c27c15c7d0aba91f7b5b70f,6,6,ok
train,shiyan/data3/labels/train/1217.txt,1217,114,7ab256d2f0950680d92d29ad8eb34a2487a1c8d21c6042b1bd742a55070c2858,3,3,ok
train,shiyan/data3/labels/train/1218.txt,1218,114,bb411906ccb8bb32ec0de1c72d119487072047359d20d792061f4cb1e87d2ed8,3,3,ok
train,shiyan/data3/labels/train/1219.txt,1219,76,ac00e37791b5c5e323fe579c4d10b8a6e8c3e75fab26f8df3ecdd9e057135869,2,2,ok
train,shiyan/data3/labels/train/1220.txt,1220,76,c4dfb535f9fa8c38e2afa222c1bc5a7ff49ad90691c598cf5a56825871ff7d89,2,2,ok
train,shiyan/data3/labels/train/1221.txt,1221,76,d5cd34ac29f3bce18e021a70c234ce1f787bf2a6ffe85559dbe33b5361ff12cf,2,2,ok
train,shiyan/data3/labels/train/1222.txt,1222,76,d27ac4566bb9c1849d0dc4ccb9ec0aa8f6eb32430282877bb1b39d9d8373d2b9,2,2,ok
train,shiyan/data3/labels/train/1223.txt,1223,76,74e1777af17543692ef14ee9265e6b28b059ed3352289521c2021dad78302c64,2,2,ok
train,shiyan/data3/labels/train/1224.txt,1224,190,8b59f3d9eb9f74e107134ac65477a890adb44d46da3883a3b01b5e06ceaa40d0,5,5,ok
train,shiyan/data3/labels/train/1225.txt,1225,76,2bf2e6f679385a8bf62436fd6271fefbc3ef1181586dceb1d52e5258a959fa6a,2,2,ok
train,shiyan/data3/labels/train/1226.txt,1226,76,f96560d166f7d14bd389d966677245dae3bd02092d9f8e932dfdefb2522e79f2,2,2,ok
train,shiyan/data3/labels/train/1227.txt,1227,228,acc532d5056a966b75a024c9303a98165f03a1ee41f2bf4516f48729a7dc6117,6,6,ok
train,shiyan/data3/labels/train/1228.txt,1228,38,a25bd594d5252061988b33a718b71aa76d9a753f262beceb2ba78f227af60460,1,1,ok
train,shiyan/data3/labels/train/1229.txt,1229,76,3dfc5d8d55a8fb822dc1e04949e56537dd274ceea9c62eecb1075376cf857ff4,2,2,ok
train,shiyan/data3/labels/train/1230.txt,1230,76,f9e90d2b600e97bdf571730b952a30ec0ba272b806f2f0c1f71e312d31854b9f,2,2,ok
train,shiyan/data3/labels/train/1231.txt,1231,38,d3b35602465893f81b09d9cfdc46383cbd967b3f1be91c92182ba291aa56207c,1,1,ok
train,shiyan/data3/labels/train/1232.txt,1232,76,f4561a8c68bda14e504e3119b4259c9f51504672e165519e62cb32acb4dc0d31,2,1,ok
train,shiyan/data3/labels/train/1233.txt,1233,38,2695a1a52016cefe7151a6ace44b6b8ed50dda4fc3bc87908b5b87cf21c9ee96,1,1,ok
train,shiyan/data3/labels/train/1234.txt,1234,76,d58443950b9fb3728c0cbaf8eb5ef306b36399939d850763e57512dd87b71c9e,2,2,ok
train,shiyan/data3/labels/train/1235.txt,1235,38,7a481c6ecd329c4799fc09739f1f622a0f4f3255f4d8c9f76bd96c1c27c4a83c,1,1,ok
train,shiyan/data3/labels/train/1236.txt,1236,38,b222bafe6660775484331d098e01e5890727b78d1ca6e9325c9ff0eb2f4a92ab,1,1,ok
train,shiyan/data3/labels/train/1237.txt,1237,114,5744fedf21f6cf766af1b016bba6790817e08dec1131cc2bfb31f810388851b9,3,3,ok
train,shiyan/data3/labels/train/1238.txt,1238,114,a5b055c12c2d8486640ee12e2e8757c3c96c973c7d5cd35039192d15eb37c0b0,3,2,ok
train,shiyan/data3/labels/train/1239.txt,1239,114,0d9ab08708d45a0ba1a0bd7c5f328a2a044acc6e636fcfc445fcbe6d72f6e1b9,3,3,ok
train,shiyan/data3/labels/train/1240.txt,1240,418,ba8ecaed5c011dd9baed9ff364d18eec6139ce36d09c06bc4642b719df63c115,11,11,ok
train,shiyan/data3/labels/train/1241.txt,1241,76,b2b8ecd9879fcf1b0b751fe22a22f63dca42c157e1d4ca18ad0ea87f444f48b3,2,2,ok
train,shiyan/data3/labels/train/1242.txt,1242,418,78f4cf64676a0de265b8a18b76b3a737d9597fb5ea5f97c1c62b4a98eb83f881,11,11,ok
train,shiyan/data3/labels/train/1243.txt,1243,114,6e549e75b580171169769153bf5443e7dfaa967b0314467359823c86958ca11c,3,3,ok
train,shiyan/data3/labels/train/1244.txt,1244,456,053f9c4f6311a0d41df5409a8d1ed4a2ce0c12dbca0be07e2d41ba1346967d71,12,12,ok
train,shiyan/data3/labels/train/1245.txt,1245,190,adc20f0371cd3ccc23be86c3cb146b2db41f56846a9b964bc379ea0c19e7fd4c,5,5,ok
train,shiyan/data3/labels/train/1246.txt,1246,38,e08beefbcfc9f6937ab53fdb65874dfb371061db13c8a146d92e8e2c644154b5,1,1,ok
train,shiyan/data3/labels/train/1247.txt,1247,38,786f1287ad88c5073b528233167e7194a55f9856c80a422891b5aedff4c194be,1,1,ok
train,shiyan/data3/labels/train/1248.txt,1248,76,132341817369319ff66f1c7c758338d35c4d46b59dfceda29d286e926432cb88,2,2,ok
train,shiyan/data3/labels/train/1249.txt,1249,76,b6ca83a0bd865665e2a8640138759bfc49f9f8122f0e2932b782c41b80063315,2,2,ok
train,shiyan/data3/labels/train/1250.txt,1250,152,f6dc3e579b2a71fbcb86cf559371eefdfab18f4fe27a4b79e4d4bb0131c2b9bc,4,3,ok
train,shiyan/data3/labels/train/1251.txt,1251,266,34e1881d48b215182f21c8ddeb588eeac362c94ad68d0e1e8cb99a4cb8dc98c9,7,7,ok
train,shiyan/data3/labels/train/1252.txt,1252,114,5e5db4859235414f920c4aad1edbbe4008a755de0fb80b6243cb9ab3765f4e35,3,3,ok
train,shiyan/data3/labels/train/1253.txt,1253,38,cc8bfd9b34136ec5251343573a04cc2bd6a54ae6ce2a978cdf605170a2bf3ad1,1,1,ok
train,shiyan/data3/labels/train/1254.txt,1254,38,afb9c2c452baa1898bc712f4982ee732a2bbb9b02b67aef113759f860c784bf5,1,1,ok
train,shiyan/data3/labels/train/1255.txt,1255,38,ff793018fb3db3a6a21fe96b6a3fd793f26ec0607fdb90a52e096d3ddc095eaf,1,1,ok
train,shiyan/data3/labels/train/1256.txt,1256,38,1043c5416517548cd1619c132c8f3a108d0f261419417f7ced2ab9c0c6988913,1,1,ok
train,shiyan/data3/labels/train/1257.txt,1257,38,13390534a779a95ee2085e721606ff5a6d5b073014112e22f2899d7d8433693d,1,1,ok
train,shiyan/data3/labels/train/1258.txt,1258,38,b4dc7f7154d1064312bdaec195b6c92a3116af60296a55fc9290767fc1660e0c,1,1,ok
train,shiyan/data3/labels/train/1259.txt,1259,38,7c61d0a372f1c1ad3b4a904333b32d956c0e0f5c54df81e74ea5ec2c2c261ec6,1,1,ok
train,shiyan/data3/labels/train/1260.txt,1260,38,c04df16418a4e089bf61a6b8209a5cd72f1695e5ed3d12f1e9bfddd3075b728e,1,1,ok
train,shiyan/data3/labels/train/1261.txt,1261,38,d7e3ffc8cbcc4a57f69307f35ce23d3cf1bd8001a0c9b9a2a4f681aaacfc76df,1,1,ok
train,shiyan/data3/labels/train/1262.txt,1262,38,6f52f4665491dbd584e4bcffc48fd03908fd176585a3f43f7c896fdc3f4c0389,1,1,ok
train,shiyan/data3/labels/train/1263.txt,1263,190,130084ab14cdf14225a4b8a02f04ac871c1cfc88564e8f1c0835ca802b1645cd,5,5,ok
train,shiyan/data3/labels/train/1264.txt,1264,38,1c05b8ffdcec576702a2422d2a29008931723d2662b0aadaae4392b21377befe,1,1,ok
train,shiyan/data3/labels/train/1265.txt,1265,190,d8af5d22b9e4e0b792c01bf7c6e3366fb4cdf5a95d047e46abd71cbf8370d8a1,5,5,ok
train,shiyan/data3/labels/train/1266.txt,1266,38,094803135ce21775a80f0b2c88bd42f791c2652e4c003fa36ce3b58287cd48dc,1,1,ok
train,shiyan/data3/labels/train/1267.txt,1267,38,7778674d93d6e0bf6302c8657dd6440aa0539b246eb1b2c596581ae780db2007,1,1,ok
train,shiyan/data3/labels/train/1268.txt,1268,38,de2c5faf31bf804d398a76603564de7487555f8f47f48d84c89700571644effc,1,1,ok
train,shiyan/data3/labels/train/1269.txt,1269,76,86e43e591c4e0721167fbeb2c452d104fd98110acf3845e5666cf99e83b3add8,2,2,ok
train,shiyan/data3/labels/train/1270.txt,1270,38,2735d22463084426720f7359d5f9c14facb3562abe766f6325a48bc3f5f77ca6,1,1,ok
train,shiyan/data3/labels/train/1271.txt,1271,152,eb7264abae6a91d6fa1b85d0608fc302b60292a8389dbd9f617579091090ac0e,4,4,ok
train,shiyan/data3/labels/train/1272.txt,1272,38,0e43fd61ea463967a2d134f1f8a7a0f3f8d315b8c54083af8f251baa1fe11d70,1,1,ok
train,shiyan/data3/labels/train/1273.txt,1273,76,952b35da52a44eac8854b4d8d560e62075898f0e753a9261ca7700629a9d05dd,2,2,ok
train,shiyan/data3/labels/train/1274.txt,1274,38,2d0b3c40bfe1628841aa064990a5fd2bce432fa6ebb7a79af25f460c7d927897,1,1,ok
train,shiyan/data3/labels/train/1275.txt,1275,380,e7a9513ffe0f6bcc50f55274023a4f6cc5f250a69971e83336d5e4d740b39a37,10,9,ok
train,shiyan/data3/labels/train/1276.txt,1276,152,d9c1179d1a0a06230fb439c823180018bd106e57c27dcbbc8c4611d4355c7614,4,3,ok
train,shiyan/data3/labels/train/1277.txt,1277,38,61f414809615256d7a6f563c93d4ddd08b9308c609a6ab0b21057853146b73fd,1,1,ok
train,shiyan/data3/labels/train/1278.txt,1278,76,991360f2d1da62c6d4d4f00294682d89c4e5e2226876f9b9a72ab5d7a0a8aff4,2,2,ok
train,shiyan/data3/labels/train/1279.txt,1279,76,e670fd47dee518a7eaa419aedef3dd1c0a4b2b6cbf8166653af7350a93dce10b,2,2,ok
train,shiyan/data3/labels/train/1280.txt,1280,76,b489c11806d560940a34a1e71d99019a8ae55fefedd5b9521e53057361debe14,2,2,ok
train,shiyan/data3/labels/train/1281.txt,1281,38,1d1c2cf4271fb290b47f1cb226ecd88f113303139c2179ccbf93db4b85b72abb,1,1,ok
train,shiyan/data3/labels/train/1282.txt,1282,38,413f9bc6b699e2528d6f76a021c15aa963977376dd0f1a1db129bcea387c7aad,1,1,ok
train,shiyan/data3/labels/train/1283.txt,1283,76,e7fd2263fa7d050e577d0730dedd32addd56f84d8c209074fa5ac6321744b1d9,2,2,ok
train,shiyan/data3/labels/train/1284.txt,1284,38,35d2d3d212e6c7330b9362fd80c43303245844ad24225cec228851dab5ff5827,1,1,ok
train,shiyan/data3/labels/train/1285.txt,1285,38,8764153cb676403a3bee988ecba0895c86ed8c17a725c694f310425673ed7e94,1,1,ok
train,shiyan/data3/labels/train/1286.txt,1286,38,009bbdc91a2af15855362c37d5793e3ca26b1e8e967be9fbde6c2e492c5dac9c,1,1,ok
train,shiyan/data3/labels/train/1287.txt,1287,38,0780823e2597862a5c6169ab65e7de5d13c952264988ea37181d0f56778e980a,1,1,ok
train,shiyan/data3/labels/train/1288.txt,1288,76,ac151ead904f417f829232334391f40cafc3e7d57cf98ffe3f2ed11a71f03288,2,2,ok
train,shiyan/data3/labels/train/1289.txt,1289,38,7444a55adeb3e52bfb698ab2e41dbce74a46809cf8314d2fff82ff51dc0d35d5,1,1,ok
train,shiyan/data3/labels/train/1290.txt,1290,38,96f4720fba9597ec5d0ab69d850dd33ab7ea0000fe3ca4785d9ff1eaf89b6ba3,1,1,ok
train,shiyan/data3/labels/train/1291.txt,1291,117,dc62b94fd70bd65142d3a946e2ab83755770af4af9ae234cf80028d7440f1a71,3,3,ok
train,shiyan/data3/labels/train/1292.txt,1292,234,9f1d0837d3b79af86e01f86451d18baeee49303e6b8709c8039a092867e710b8,6,6,ok
train,shiyan/data3/labels/train/1293.txt,1293,78,eaf6d63b6f51dbf144601b2357da55b94df5f57471cc4313254f8462e48a3601,2,2,ok
train,shiyan/data3/labels/train/1294.txt,1294,195,a72d939e6039eb5560333775518e87d6c612a8d645260145166e43affe6fb420,5,5,ok
train,shiyan/data3/labels/train/1295.txt,1295,234,e2efbf529ec92cc5226e60352516e13942fb3642fe193575af7dceca13ac6ca0,6,6,ok
train,shiyan/data3/labels/train/1296.txt,1296,156,3d899f5f84f4c34929edd457f4cab16e0b7e74f4d4e1e74f0d332871f7e226c3,4,4,ok
train,shiyan/data3/labels/train/1297.txt,1297,117,2cfa2bbe6290942cc5786a0855d852b40559eeb9ab95b9b468bbbac0fb964250,3,2,ok
train,shiyan/data3/labels/train/1298.txt,1298,234,a527e0a139e010b7788b8a3c8e14a422d2fc8ffb0aa939ab4e542196c3285174,6,6,ok
train,shiyan/data3/labels/train/1299.txt,1299,312,cbce95074cf04510aeff88900d35bcaac4d8534e593c7e16ae6ac8b6889f3416,8,8,ok
train,shiyan/data3/labels/train/1300.txt,1300,312,d7ca05ad04ea37437b710e70a908267b691d41d1d0a9f59bdead63bc797554f9,8,8,ok
train,shiyan/data3/labels/train/1301.txt,1301,273,0a0f5a9dd080f68c3d5ffcc630e9365c6ea08bf057dbae0b3717e465f73f477a,7,7,ok
train,shiyan/data3/labels/train/1302.txt,1302,234,bd07ac9f40b51180c4c5dc4f511342b6e5b7e7b935ab5e0ad6851dd0bdd34607,6,6,ok
train,shiyan/data3/labels/train/1303.txt,1303,312,f5f8cbae53a791791b8cad0f1174b39041d77b4ba57f6b157f6c023acf3a3641,8,8,ok
train,shiyan/data3/labels/train/1304.txt,1304,117,6fc9a8eb07049c07bb5abdec0af66bc5645404e225c8e3f9771dee3d647b6459,3,3,ok
train,shiyan/data3/labels/train/1305.txt,1305,312,c6790dcf5f6c50525653c956c884d9a8d77c5e0edc25fad34d18f3c84fb881af,8,8,ok
train,shiyan/data3/labels/train/1306.txt,1306,78,c9d5d8ad83a9ca0209f390bb53f6e14f4da28a636870968a0d212e0f6975f688,2,2,ok
train,shiyan/data3/labels/train/1307.txt,1307,312,102f53c0d3e126b27fa3f631b774268cd9141a25def9c54fa002f65ad8ba7141,8,8,ok
train,shiyan/data3/labels/train/1308.txt,1308,234,3312833e9669d92e665c8a48ebfb17dcd88439056d7e68445e834296e9d806a1,6,6,ok
train,shiyan/data3/labels/train/1309.txt,1309,234,6342c894097e0fbf4a9978c3d2efd803f2fcea2c8375445a6a02e0a6bd35a8ce,6,6,ok
train,shiyan/data3/labels/train/1310.txt,1310,429,51afbdbc467c8768bac1373e90f8fae5a7ef6e767571244324c7e8f3a18d567f,11,11,ok
train,shiyan/data3/labels/train/1311.txt,1311,429,9ae780ea9a6dadcf2cc0da2bcb2f701ef809c142f60c2d0e2ae58d7aa26f707c,11,11,ok
train,shiyan/data3/labels/train/1312.txt,1312,312,5c22e408fa97c1fb63a43fefa7f011422497ef2beba1200fa7c4d1dc0d6c8fa1,8,8,ok
train,shiyan/data3/labels/train/1313.txt,1313,195,bc2354e6a04f3d555b041a9ee9336939707c12be616c174f034ef263c54d911e,5,5,ok
train,shiyan/data3/labels/train/1314.txt,1314,156,2c5ba423810f3cf33d29b346a6580e4d6543f74112638aa4be9bd4a95b9b04fa,4,4,ok
train,shiyan/data3/labels/train/1315.txt,1315,117,2776252b3b4d0006201b7754bb55fb6b055d9edf55d553853fad17bc84143e95,3,3,ok
train,shiyan/data3/labels/train/1316.txt,1316,117,d0ab227d6d1c4c3b067eb6a875a488a3eae6e379aad6927f5f66447ce70d2dde,3,3,ok
train,shiyan/data3/labels/train/1317.txt,1317,312,ea614ba011a96086f45f798f591f6460648be4e237d4c404c9fa81ec1b579e3a,8,8,ok
train,shiyan/data3/labels/train/1318.txt,1318,117,65ae2150b6f715a4f80501ae0066e63e0a36be6810c0c1d4cff2c3e642eb1709,3,3,ok
train,shiyan/data3/labels/train/1319.txt,1319,234,fdaf0807a51c05f7eb0a956e358a7efbd5f382205f3657536801d73fd6425549,6,6,ok
train,shiyan/data3/labels/train/1320.txt,1320,117,c8a6570d455446867c7fec3533b0e5afe022c9b508b5ce6ffebba1b38fea5117,3,3,ok
train,shiyan/data3/labels/train/1321.txt,1321,312,c35498b965df050c05e71191af95b107adccfbe1cc0c5ab27242b0c4ed00bb4f,8,8,ok
train,shiyan/data3/labels/train/1322.txt,1322,273,1bcc4ba56b40b4c1ede389c6372f262939648946a5431a94ffe8c8f49f1096d9,7,7,ok
train,shiyan/data3/labels/train/1323.txt,1323,351,576ff63344ce3a6f6e9a5d84e336b6e0824474ba9bd9eb7c1537631468373c2d,9,9,ok
train,shiyan/data3/labels/train/1324.txt,1324,312,4dc94a381977fdbf26e2c9e8601cc3d78d5a0038a41b9f774ad1f068b6fbd0a0,8,8,ok
train,shiyan/data3/labels/train/1325.txt,1325,234,af6925396b8cbb181e70054a74a60a01d2015b175d61cea42e39f6745fc36423,6,6,ok
train,shiyan/data3/labels/train/1326.txt,1326,351,bb8cb16cd1a42e847820e7aafc3c32e29f7d1d05337980626504fd5c43806527,9,9,ok
train,shiyan/data3/labels/train/1327.txt,1327,351,1c5b60b9e3facc6a9f5cec392ead7ed73e6d1ef3380f07387da5f97c7a10254d,9,9,ok
train,shiyan/data3/labels/train/1328.txt,1328,39,314071fd06296aa38849d12687243228fbbeb5ceca6761ee3c045043845f02e8,1,1,ok
train,shiyan/data3/labels/train/1329.txt,1329,78,8127c30bff9f018ed1bd5aed990923155bdfb767f6b038b56b19aeaf739b17a3,2,2,ok
train,shiyan/data3/labels/train/1330.txt,1330,273,2f4eaa681eb0cc8bffdb0bb72d05d223455fe2abc9cec9652edda8742d0351d9,7,7,ok
train,shiyan/data3/labels/train/1331.txt,1331,78,9d8b8ccafab15eab98f0f0f80fce63f4070e5e35dee8e1269d714909b9e5ff7e,2,2,ok
train,shiyan/data3/labels/train/1332.txt,1332,39,6f70ba39afc42a9bf045b6d1dcd9955eb5f266f5ce5277167f458afbfc54d166,1,1,ok
train,shiyan/data3/labels/train/1333.txt,1333,39,ced2faae23c829c52b0310796ebd57881fc3f95d246693c7f094da9de70188fb,1,1,ok
train,shiyan/data3/labels/train/1334.txt,1334,156,83aaec666ff3508aabd12bebf04e1b3202f47de96f078c6eca4197d595ea7648,4,4,ok
train,shiyan/data3/labels/train/1335.txt,1335,117,d9c4edee5f6a9942f7839e3dc2f6200dd2d6f44ee70ee7a9fd484aca63d925d3,3,3,ok
train,shiyan/data3/labels/train/1336.txt,1336,156,2f26a3a16ac319dec2fbd3ff69554176c47264800322b2284d365c4c52c4dab7,4,4,ok
train,shiyan/data3/labels/train/1337.txt,1337,39,f3b7173a56194ffb571cdbb44db2997f8fe8c0b1770ddc7069b344d4d22a2b0a,1,1,ok
train,shiyan/data3/labels/train/1338.txt,1338,117,788399633543d64e59ce81fb57ae4dd42254c13e88374e78c7dac17929d936b5,3,3,ok
train,shiyan/data3/labels/train/1339.txt,1339,117,112de4b4301d32410677afac8def94070d7ddf4acea64bf13835cf5a3b7950f5,3,3,ok
train,shiyan/data3/labels/train/1340.txt,1340,351,1d37f35f4b47a70d569ae16310d9981781b82d3c3a25371f7409137e1d636fa1,9,9,ok
train,shiyan/data3/labels/train/1341.txt,1341,78,38557d6748f20e3e8e85903aaa5c2f930677b577db5a5c52de896e5d6db304f2,2,2,ok
train,shiyan/data3/labels/train/1342.txt,1342,780,da80e3ceaa0a238ee00c1f0007e11c965ab10a7728c02bf004009dcc42c95458,20,20,ok
train,shiyan/data3/labels/train/1343.txt,1343,351,15b430f36bcf55831fd8082f4df68c68d284cb999320b04f49f1dd72734368e4,9,9,ok
train,shiyan/data3/labels/train/1344.txt,1344,468,3ed60f5a6fd72750a84c693466d2d35e19ca5daaac26afdc9688b0688cd73e9d,12,12,ok
train,shiyan/data3/labels/train/1345.txt,1345,39,cbf2ff1c6d712f76681d4f7dce66e7251599052bc4efb17178152de5a8f639c9,1,1,ok
train,shiyan/data3/labels/train/1346.txt,1346,78,6a013bcf8249e8fe7de2676169e8bc1fac693b8835084238bdcae8c1b2763de2,2,2,ok
train,shiyan/data3/labels/train/1347.txt,1347,312,761624199c53cf8615971967f4972f3eddf4e3e2f951f70ca6f930b119d56d56,8,8,ok
train,shiyan/data3/labels/train/1348.txt,1348,156,ad94da4ed1f1e921a498a113f1a5783632e52889e4d007f00a9f1dca23eb8c9b,4,4,ok
train,shiyan/data3/labels/train/1349.txt,1349,195,32f8fb0c7d10d6522ce154039d11ddddfded9a10d28433a3dc64fc3ff64eeef3,5,5,ok
train,shiyan/data3/labels/train/1350.txt,1350,156,9ec9f04f0c5ecf1f42e27350591f051c48d3a4b1d5d95b30aef0ca8c881cc8bf,4,4,ok
train,shiyan/data3/labels/train/1351.txt,1351,39,d34f0342e35fa11c8762675be6cccdd56f19dcfe4780f69ab97bfd65134dbca8,1,1,ok
train,shiyan/data3/labels/train/1352.txt,1352,273,dd580d90f3f7c57515388360c08e2ccf3ce1e18a9a0cafcc366db5b182fa8e63,7,7,ok
train,shiyan/data3/labels/train/1353.txt,1353,234,b3f91148954efebf729c671050b14cb7156473522f5bc7af80310efbc39080c9,6,5,ok
train,shiyan/data3/labels/train/1354.txt,1354,117,d9762063ff14cd512ea045ac1de89296dbb13d0e5d59790b7a0c44eb43bd140f,3,3,ok
train,shiyan/data3/labels/train/1355.txt,1355,195,c7dda70f92a1fa2e0ec109112514455f731fe2715ae18644b1f86eb30dfb4db3,5,5,ok
train,shiyan/data3/labels/train/1356.txt,1356,741,92c1e27f9bec91e42f3d166e2729faeaf7c40a5574551de1ed5b7ca76794e464,19,19,ok
train,shiyan/data3/labels/train/1357.txt,1357,936,cb9b085aede1a0c32d446901020b304b73ce3ca4a9684fd95edd61fae3c8fb95,24,24,ok
train,shiyan/data3/labels/train/1358.txt,1358,115,6a5286c5f37c920737954abb82dc1e0dd1381fc344c931b227c44ccc501f83b8,3,3,ok
train,shiyan/data3/labels/train/1359.txt,1359,152,d3005773effcc204c436a3b7dae3e61d04b5b578260cd79f94933f167cdab4d7,4,4,ok
train,shiyan/data3/labels/train/1360.txt,1360,228,ca3e5a5eb48d6c0039d38b43bfda8a7b5da89211d8f9cb85d2af822138ddf9f4,6,6,ok
train,shiyan/data3/labels/train/1361.txt,1361,114,b5028976ec04e5135a61686c9514f45ab7c548c20765975408296ddbac97810d,3,3,ok
train,shiyan/data3/labels/train/1362.txt,1362,152,1f62b5d488217f7a52ff20612337e58d9be36281e966c74e2fc9dd28cc6d6822,4,4,ok
train,shiyan/data3/labels/train/1363.txt,1363,503,b93c26f1d869704da9d34da13676fd37273ddbfcd89ca2f2ee9fa08c860a0626,13,13,ok
train,shiyan/data3/labels/train/1364.txt,1364,195,eac8c050958f0477704a4cf5ed8fc949f7c6fcfc1e515f427ec512c2d731ab4b,5,5,ok
train,shiyan/data3/labels/train/1365.txt,1365,77,b5abf21149be61fd4cb401926ec67d70023f7056ceb609759aefce28d6b1ea8a,2,2,ok
train,shiyan/data3/labels/train/1366.txt,1366,78,c4f822610e08b83772d018f632136f58b587c99b697dac138f1be606a6e9bb57,2,2,ok
train,shiyan/data3/labels/train/1367.txt,1367,39,8c0efddc8948d67b3c10103a8ee73cf998a1050bf4fc47c7add0bfe721ddae0b,1,1,ok
train,shiyan/data3/labels/train/1368.txt,1368,418,7d32314fcbef6048aa031999bdf325b5a7a958cb918f6aa82fc868f9a102d69c,11,11,ok
train,shiyan/data3/labels/train/1369.txt,1369,234,b9ff00f6bcaf6c70c60fb0e0b0911f0fd90fa8a5f806e7373d6486b5a0b0caec,6,6,ok
train,shiyan/data3/labels/train/1370.txt,1370,152,33966621353efb83211d40cd7454620473e5052cf542b9d0eb3be1a0ed82b3ec,4,4,ok
train,shiyan/data3/labels/train/1371.txt,1371,192,db1b06b70f8502666f7c47c41f5e598d120ce4ee14476360791285e38887db61,5,5,ok
train,shiyan/data3/labels/train/1372.txt,1372,312,8b6f3f0c689bd538953868436ac8773d151eb88a75ab53d5e20ecbab74374979,8,8,ok
train,shiyan/data3/labels/train/1373.txt,1373,234,2db99d27fe0db5f4875079eddffa7f9c4253395cac21b263ae8f3802af1d2fd8,6,6,ok
train,shiyan/data3/labels/train/1374.txt,1374,152,d831e0aa8737dbb451bec641e4d173715b2f06e2ebd52e79ab27bbe8d8fb034d,4,4,ok
train,shiyan/data3/labels/train/1375.txt,1375,312,5514b87877aa1f3a4358d138020a7999f4afe44f798132302dcf58584dac0e31,8,8,ok
train,shiyan/data3/labels/train/1376.txt,1376,234,d90cb0345111bff43ee820fef0da9b919603e3317b3d4a8eda935d284e1a0c1a,6,6,ok
train,shiyan/data3/labels/train/1377.txt,1377,153,9036b4a4051780ddd0185dd2d16f65c446b2d9afa5476a96ed22a9d26eeb2fb0,4,4,ok
train,shiyan/data3/labels/train/1378.txt,1378,152,d40f56cd4465e3c96d14e7a51f7bb14dc9e3abdc5df4128ca466f2fc94747ae8,4,4,ok
train,shiyan/data3/labels/train/1379.txt,1379,117,3181ec412d6553c3d9509d187ea00080338e5efc77f92bc3a7cbdf1ad56a2fb3,3,3,ok
train,shiyan/data3/labels/train/1380.txt,1380,304,1c4fba25cc9793d98897b7db67cdfd8529c02303c7c36634e026257fae4527e6,8,8,ok
train,shiyan/data3/labels/train/1381.txt,1381,267,c1a0f70bf751b8ed1cacfe52a6910f6815e6f939777776ced76580dabb89f846,7,7,ok
train,shiyan/data3/labels/train/1382.txt,1382,114,70bd97912fc52fd7ce3c17849e9bd3a99a39316e1579d7ec9c05532f2ef71f9c,3,3,ok
train,shiyan/data3/labels/train/1383.txt,1383,273,c464b27450eb30e2536016deaa398bfdbfacbe92cc7732d7d3ccb6d150ffcabb,7,7,ok
train,shiyan/data3/labels/train/1384.txt,1384,78,68493b380803f0af228d93403ae3e719d48034de28d159db3cdf6f7bb07b43d7,2,2,ok
train,shiyan/data3/labels/train/1385.txt,1385,156,5af1f539605b6d6bed676272c831d2c1da56f5d6a354bc6832101b36f0803881,4,4,ok
train,shiyan/data3/labels/train/1386.txt,1386,195,858c1161bb6da610e0c4a90f7e91bbd590bd20396e49293ae5a82d1d1187f95c,5,5,ok
train,shiyan/data3/labels/train/1387.txt,1387,234,32d63ee1fb66f0787cba9796598cca014f90f29c29c438c09dd57f65fb151e94,6,6,ok
train,shiyan/data3/labels/train/1388.txt,1388,152,b35119c011521cf4c583212b1f5c353dca591df2e34f6b9ea9f53faf3cefa163,4,4,ok
train,shiyan/data3/labels/train/1389.txt,1389,117,98d0b5078229a683a3d360d804d07d0f57cf1073bb3ce6b77cbbe9b83e5dfb8b,3,3,ok
train,shiyan/data3/labels/train/1390.txt,1390,312,908bd701df64598ac69c05e3a6fabc0c3a6fa74151ab87d69151b31208c3a9bd,8,8,ok
train,shiyan/data3/labels/train/1391.txt,1391,78,795391185be88df9f69af5028fc02d1d1e0d8036484f411e6ea841cdec5f47d3,2,2,ok
train,shiyan/data3/labels/train/1392.txt,1392,273,3e8de158b81ed092795dd29141c19ac273cf7ad2246393fde9877a2b4b265bf6,7,7,ok
train,shiyan/data3/labels/train/1393.txt,1393,195,dbfe005db4e72361a64c7ef79b0af4598612d75458a62443e191959f20443d6f,5,5,ok
train,shiyan/data3/labels/train/1394.txt,1394,155,bca4b7338bb3f925190facc4524af61dbc98c73ec87498c7f7b6d3741e59a58e,4,4,ok
train,shiyan/data3/labels/train/1395.txt,1395,191,7667bd7b4a97bb7e3652016be385d3d8bb1e80993fb0f84c83cfb5b1751584cc,5,5,ok
train,shiyan/data3/labels/train/1396.txt,1396,382,664e401bc1a61c2776bc90c980380ddf76cbcfb44e6e3a9e9351a6b244fa966a,10,10,ok
train,shiyan/data3/labels/train/1397.txt,1397,117,94186be2fdd88deaab17f8c27e2510192746296445dd8bfd3ec45d7d295214b4,3,3,ok
train,shiyan/data3/labels/train/1398.txt,1398,156,fb46267027a659dd217ae2b426cf157fcab252574aac236b90e4837f48ba3e27,4,4,ok
train,shiyan/data3/labels/train/1399.txt,1399,76,91055ee3ee51e45d17afe7004144b956cd08633561dd58208809c3817ff84477,2,2,ok
train,shiyan/data3/labels/train/1400.txt,1400,39,adc2ee6acedb9220b006bd35357c72bcd9d2f470e48a797fa60e4127701be906,1,1,ok
train,shiyan/data3/labels/train/1401.txt,1401,156,d6027436daae710686ac3b5d6288c35084a46fd16d3ab10653fa6fb969be0d8d,4,4,ok
train,shiyan/data3/labels/train/1402.txt,1402,117,8fd8f5c57907b16f02e2e96b754bc603b76508fcb721b4a4bff847d75237d27e,3,3,ok
train,shiyan/data3/labels/train/1403.txt,1403,156,e939e6cd382692508bc8adb136633ea897d04b960cc46ea7ae0897443a4af59d,4,4,ok
train,shiyan/data3/labels/train/1404.txt,1404,152,df75975630eaff3c74d75ee4abcaf414621e9f320cfe15219d57ed260f0c9816,4,4,ok
train,shiyan/data3/labels/train/1405.txt,1405,347,6138b6e0e32468a56bf4a12413743497c9bf1318b4fe3a6c2c0a22470308e8f8,9,9,ok
train,shiyan/data3/labels/train/1406.txt,1406,229,888d994f19edc50207d4e1845552506220313d1368d574fe72d86f3e24ad2dd1,6,6,ok
train,shiyan/data3/labels/train/1407.txt,1407,114,0d0fc86ffd22e39b73adb93a14c73547b8d1b6728ebae5cc101fb93be4f78a40,3,3,ok
train,shiyan/data3/labels/train/1408.txt,1408,156,8a0c0d10410a1a02404b0ee5d35b5ed17e9b43e23d0088cf7599be3c6814ad60,4,4,ok
train,shiyan/data3/labels/train/1409.txt,1409,228,7e3ef38f479fe332b022a883bd9e61b663487eb48289c8c62742a14b37632264,6,6,ok
train,shiyan/data3/labels/train/1410.txt,1410,194,1fdac3d1b7c0be7a82960336ae8a6ea7a1114efd8ca9460cfd82a8e750107292,5,5,ok
train,shiyan/data3/labels/train/1411.txt,1411,156,c3dc39b95ee28841f0f58bc3dffa0acb033af440f8992d473a08346e6c26cc67,4,4,ok
train,shiyan/data3/labels/train/1412.txt,1412,156,32ac14f5cdefe1e6dfe6f30c19c2e3fd8a434ae68843f251fc54ac450efb8f3a,4,4,ok
train,shiyan/data3/labels/train/1413.txt,1413,39,b266299dc05e9ae0bff89c0b16a40ad3a784ab0c7946decf34b9aa694fbb874c,1,1,ok
train,shiyan/data3/labels/train/1414.txt,1414,190,b716820fbb4318f7a04e9c11d7ffd8cbeffeaf6e1573ffe20e8b12fb9bbb4c70,5,5,ok
train,shiyan/data3/labels/train/1415.txt,1415,532,9158ad04cd09f697d754b5a314da539ddbce94c599193f531d66074eb5fc0c2e,14,14,ok
train,shiyan/data3/labels/train/1416.txt,1416,304,51881a8b9922776ae3e95a15e1c7ce6f79a0c8c1ed10f8f0b217eff4f0bc6d38,8,8,ok
train,shiyan/data3/labels/train/1417.txt,1417,195,fd2fe72399da608003e606a4854cd91dc9b002ec4a62ad2e927e06072c21a110,5,5,ok
train,shiyan/data3/labels/train/1418.txt,1418,546,3f9073e2985af37231e5ef1ddc24356a6ed0f266b1e13ad04581627528193b65,14,14,ok
train,shiyan/data3/labels/train/1419.txt,1419,39,252b63d588e8c71b9994e2b43987a5598a4985b8b061602dde19d412676ec869,1,1,ok
train,shiyan/data3/labels/train/1420.txt,1420,117,5836bf277043fb400265cde040eb1f442253b882138848968d5b87380815fbd7,3,3,ok
train,shiyan/data3/labels/train/1421.txt,1421,273,40344b6c91b4ac931d8f6fac2338640584ab35ff087775bcb2aaae88c8dbb97d,7,7,ok
train,shiyan/data3/labels/train/1422.txt,1422,77,da95556f53e970b9a8e97d53e8392bd0b66e99fa4322292c4a34bd8c0d60ae0c,2,2,ok
train,shiyan/data3/labels/train/1423.txt,1423,39,110a1285a3590bc8ed53bff66829436305cc9fc465cdd19f80e0949b9dde065d,1,1,ok
train,shiyan/data3/labels/train/1424.txt,1424,304,939a60288166c0174c4b469eebb258c5ef0c210aa33d3f35ef08d4fcceb4a593,8,8,ok
train,shiyan/data3/labels/train/1425.txt,1425,115,3cf23ef1c507a744dc0c8c63cb8fb7012caac27557771aca7f8c3c8916412fbc,3,3,ok
train,shiyan/data3/labels/train/1426.txt,1426,117,5f80baee7347c4829d0aa6a4979ff05c73ea83bae8c8c263ca84d731e76ba9e8,3,3,ok
train,shiyan/data3/labels/train/1427.txt,1427,233,102ec41e1fe91572c282bb134c6126ff508440a178938672fa56c6c39cf543e5,6,6,ok
train,shiyan/data3/labels/train/1428.txt,1428,190,5cd52026ffac591c3d93fc6f10e25af29547fb230452910ed86d2faf50cf30de,5,5,ok
train,shiyan/data3/labels/train/1429.txt,1429,117,48a04d467bee82072fdbb1ff3d0900356109ac8bee7e60a0147c57db9259c24b,3,3,ok
train,shiyan/data3/labels/train/1430.txt,1430,231,1b2be3959d8f12f96f97fd0d65c26f7db6d872fedb1eb9138d2f43f15ffe52f0,6,6,ok
train,shiyan/data3/labels/train/1431.txt,1431,77,6fa16fae12f319669576ff17b3a42ce0c346c8a8cd3ce056721d15bb76ef3c31,2,2,ok
train,shiyan/data3/labels/train/1432.txt,1432,39,65479bed2f68d1c0cad0c0b16b740a0f5fe3a8204acd26157c1455e9465ce8e4,1,1,ok
train,shiyan/data3/labels/train/1433.txt,1433,78,2d3fcdceb139c3f45fd37a763eb5fdce7e6cee6e9008c91a21519f661aac2708,2,2,ok
train,shiyan/data3/labels/train/1434.txt,1434,190,5cf542f8506553ae230dd6fef61f394abc6db7eaafc625b2a2b35e186dd641e2,5,5,ok
train,shiyan/data3/labels/train/1435.txt,1435,1394,5b3655bf9754b2fec62cc502f62cdfe93210280c447bc23941e6ae118d7d1cbd,36,36,ok
train,shiyan/data3/labels/train/1436.txt,1436,267,251d5253da8fa72007a30503f0a2b3cfce28f4c2e6d779792009f9def9eb62e1,7,7,ok
train,shiyan/data3/labels/train/1437.txt,1437,387,60fccac50842678e6020c14001d7b6e382d34a0b9a2815b73f1f834239eee6fd,10,10,ok
train,shiyan/data3/labels/train/1438.txt,1438,114,d60a98d7ccc6aed399e47275eeaa405e37375000add93c2cfba68e5177ef8ed2,3,3,ok
train,shiyan/data3/labels/train/1439.txt,1439,228,68789954f020ac3a846b7cd1f461f0709f36c8990f4136812e49831eb67cef86,6,6,ok
train,shiyan/data3/labels/train/1440.txt,1440,39,ad89d029b5d5a94a50827b11bd76c8193739908cf39ed2398d0b015752de30c8,1,1,ok
train,shiyan/data3/labels/train/1441.txt,1441,77,668806833d0af9ee3ab2eb178d68718d9b30423eb199902c7b1da8774c825764,2,2,ok
train,shiyan/data3/labels/train/1442.txt,1442,117,e4f4183ac923cf5c46c2dc57f02db2a5eefc2bcf6ff352e27a0103524f20e8c8,3,3,ok
train,shiyan/data3/labels/train/1443.txt,1443,152,47a058aa8f58548b478326dfdb9a5c3f40c7205195833e2a1b5e3de3177e7706,4,4,ok
train,shiyan/data3/labels/train/1444.txt,1444,234,0019ea3c189da868899a844aabf19c063bede770cca827e2fe0403313c1e2965,6,6,ok
train,shiyan/data3/labels/train/1445.txt,1445,39,1a6802261eba976d15ee3f3f4afc8ff9605fb46da2ef022158d5e510e185211d,1,1,ok
train,shiyan/data3/labels/train/1446.txt,1446,117,e49cf6edf1171156de53a169fcdee809195b3730db8d37023e9fa3f074d2df0f,3,3,ok
train,shiyan/data3/labels/train/1447.txt,1447,273,a1682fb6548bfe14934962b043b02ac4d4e523bb41c131dddf6a79cf2c2b7756,7,7,ok
train,shiyan/data3/labels/train/1448.txt,1448,76,48854d1c01d71c1792b1d6280ba9e70da5980be12a82ab08f9182b400f7d5006,2,2,ok
train,shiyan/data3/labels/train/1449.txt,1449,228,3871f06b5dd8ff0d7e73f476676d0b9d2dd22d7a965c13bad05289f3c915a542,6,6,ok
train,shiyan/data3/labels/train/1450.txt,1450,190,6ee39aaf6945b7a380b7ad76ae0aa9937d39e858ec636cfbfff3d76b2859519b,5,5,ok
train,shiyan/data3/labels/train/1451.txt,1451,39,d770ed6221d2afed2a0378ff4b00c1c81f77a533c7afd281e26920acbf172f1e,1,1,ok
train,shiyan/data3/labels/train/1452.txt,1452,78,1e92668c4d86ffccd0114978db967581d8c7df322115317c421df63e52ac0f4f,2,2,ok
train,shiyan/data3/labels/train/1453.txt,1453,267,1055f6500b9af4253244c794d197bd0dfbb6420fcfad4a5354e2f714e2fd5721,7,7,ok
train,shiyan/data3/labels/train/1454.txt,1454,228,e1a16d5fc4f64e9c70cac97331fcb9259bb535354aaa42bf5e1cab9f37b930f1,6,6,ok
train,shiyan/data3/labels/train/1455.txt,1455,114,774ccee29acfbf647b11a85a504f2eec75b2df301074c892943c1414b741f39f,3,3,ok
train,shiyan/data3/labels/train/1456.txt,1456,76,755dac95266b7e221b00ceb2cdcd40633dff8a83d8fd823e5d1dc8555ad36502,2,2,ok
train,shiyan/data3/labels/train/1457.txt,1457,390,538d6b59405c9c990017e6c6a3cf6c706647e9f1c34b7e3ddecacc21fd2cb062,10,10,ok
train,shiyan/data3/labels/train/1458.txt,1458,418,c2bed65e60db53625358b56995e0352e69816427da513490149a7a7a46545445,11,11,ok
train,shiyan/data3/labels/train/1459.txt,1459,114,a70f33d2190cfcaf0f5a3ac0c1167ac4e7b30749b728657a8ffe1a7fc9f47a9f,3,3,ok
train,shiyan/data3/labels/train/1460.txt,1460,116,3d9cd5be2daa66e26bfb3affadad0618979b8e423bb95fb6a1ae8b62849c09ca,3,3,ok
train,shiyan/data3/labels/train/1461.txt,1461,342,156974730ec9bcece1d2e4fe33a19f83339fe80db03407b7e652fdb3786901cc,9,9,ok
train,shiyan/data3/labels/train/1462.txt,1462,77,0fc0a06f0d390954aa8a58803af7b847f5e9092a69d27068ea3dd4c6570e4616,2,2,ok
train,shiyan/data3/labels/train/1463.txt,1463,76,53b0fc0406bd47f94b3bda651fa3bc7e527a3c5e4de323c498ce3aa2dde5e182,2,2,ok
train,shiyan/data3/labels/train/1464.txt,1464,156,a23fe17baa37ba7d1ca5b731a2979505ba3a04ac782576b807d8ee7a3d9f33ee,4,4,ok
train,shiyan/data3/labels/train/1465.txt,1465,156,3298b46ece22753c6df1ffef5c71024d0912c86c56f2e47b85de74803d71908a,4,4,ok
train,shiyan/data3/labels/train/1466.txt,1466,39,8a9dd28b1c926571a38b69af89a7cf24c0b5a2a0e7b27ff3cc7e02c4d3a530d2,1,1,ok
train,shiyan/data3/labels/train/1467.txt,1467,348,7bba22fee840eb77cd9178bd4f0c5598ff799d5fa86ad15814e5d0825073b635,9,9,ok
train,shiyan/data3/labels/train/1468.txt,1468,38,818d874332142887f21eae00e57750057767f81649be9b2627bd879ffdd0fbc7,1,1,ok
train,shiyan/data3/labels/train/1469.txt,1469,312,59bdc227077051ee9ac5a926b04cf247893ca6c324edd4b3257f8cdd3fe9c99c,8,8,ok
train,shiyan/data3/labels/train/1470.txt,1470,195,90d1b54517cda5496b8a6337ee65a701b8eefdba5b8c29f3f02f8df13604ea1b,5,5,ok
train,shiyan/data3/labels/train/1471.txt,1471,76,8e7edebc5487d44c10de276317851e67b1f55a9172e31dc1b7e5c7a87e2aaec5,2,2,ok
train,shiyan/data3/labels/train/1472.txt,1472,117,19e5a1be1bdec236d5bfd7882235ea0367c8cbad73c07c2ae3c17fc42be80d92,3,3,ok
train,shiyan/data3/labels/train/1473.txt,1473,195,40be457322ebf8948130b1308f160efa87c6f7e9d092085a296a0bb803db5aae,5,5,ok
train,shiyan/data3/labels/train/1474.txt,1474,195,03f33df9dd4f9bff4fc1f57cf62fbd3a973a00bfe7812a1b4022cddab737077c,5,5,ok
train,shiyan/data3/labels/train/1475.txt,1475,342,49f7e41003c8a998f91983da87b55e327f8e2d320dcef807b6bbd1c81671435e,9,9,ok
train,shiyan/data3/labels/train/1476.txt,1476,194,788e46c7789eb26789aec6195cd628e2fb84b638509a4e44731379d4af6018f7,5,5,ok
train,shiyan/data3/labels/train/1477.txt,1477,78,32f0a042d59025b30c89825dd348fd70395b6cd49beb5154dc6c9b22afd82d71,2,2,ok
train,shiyan/data3/labels/train/1478.txt,1478,351,ad959e66e26d4d65f0e3df4307c2acab817cc6aeaf146d12be969b6a98aae594,9,9,ok
train,shiyan/data3/labels/train/1479.txt,1479,156,ad48d902dd12f33053dca96954a17c8eae1349ceba23bbdae0ca4d08b9e984b1,4,4,ok
train,shiyan/data3/labels/train/1480.txt,1480,507,97ae5fb74af0893f4d2d3abfa265525749145b7552306887d76b87b3b8e3c3b2,13,13,ok
train,shiyan/data3/labels/train/1481.txt,1481,78,464ae95f4575bc2c4866672166c1ece4c909271806379adcabe112c8509b61e7,2,2,ok
train,shiyan/data3/labels/train/1482.txt,1482,304,b39d8cb121bd687a3bd20155eda0d97a095b19864a7d245dd593e0672e295209,8,8,ok
train,shiyan/data3/labels/train/1483.txt,1483,234,32a5cb43a05bb25ba893d8b51c7ec6c414c49c1ad100a4c913e23fdadb917e9a,6,6,ok
train,shiyan/data3/labels/train/1484.txt,1484,273,b9a3da416300b349f076596c3b83de119698494dc763d9f4f7661140a816fb9f,7,7,ok
train,shiyan/data3/labels/train/1485.txt,1485,190,17ba851dcbe40392fbd767de83e4f0d1ea2060be8bf9c6ce2068584a67df4005,5,5,ok
train,shiyan/data3/labels/train/1486.txt,1486,468,46c196f6dab00619e26a884fbe4268fe2f37139c388317a2a79f0145858d5b03,12,12,ok
train,shiyan/data3/labels/train/1487.txt,1487,78,3e86eff4d10f83daed446b7e0e36f75eacbd9bcf608b80098d5864b30d3097bc,2,2,ok
train,shiyan/data3/labels/train/1488.txt,1488,156,5552028bd34e078c24cf18b48d5f425c7d5f3f84a452bbffdd02a8c120ab4b35,4,4,ok
train,shiyan/data3/labels/train/1489.txt,1489,156,99acf6dd4b34449ac6632326582bc1054352062c0de178545514aa8ebaf1341d,4,4,ok
train,shiyan/data3/labels/train/1490.txt,1490,117,21f05cbc74b907ca27da417b68f314201201c8d29f41004ce5af20b82bc11572,3,3,ok
train,shiyan/data3/labels/train/1491.txt,1491,234,482d903a433734530129a05900250df452310352c28603f5441b2747d5dcd64d,6,6,ok
train,shiyan/data3/labels/train/1492.txt,1492,39,2d68717617d79f5bd164995c717c6496b31357b2dedfa39fae61659f7a2f8c85,1,1,ok
train,shiyan/data3/labels/train/1493.txt,1493,234,b527ea36d242fb4f0b45d8704bbee45e60e5490171395246b576441907fd2744,6,6,ok
train,shiyan/data3/labels/train/1494.txt,1494,78,6c83682bd8c409b47734a4620eb58adf8f6f5bb508538e59d80197b01c569080,2,2,ok
train,shiyan/data3/labels/train/1495.txt,1495,117,c6630e889bc79161b3da75eb49db61a0459b47f41f4af66d0c9520da92b649d6,3,3,ok
train,shiyan/data3/labels/train/1496.txt,1496,117,38971aaa753984a95317fe27e24447a26465c5667639f3d29c69f0e1049ffb7d,3,3,ok
train,shiyan/data3/labels/train/1497.txt,1497,78,467b390bf358f9bfd412992b2c73d7d433bac2dc6c2c6454e91ba0fc7baf2a6e,2,2,ok
train,shiyan/data3/labels/train/1498.txt,1498,305,c99b62c06f903bc5e1fe387c8061b8e05ac94c91a9fe796e1b4e535ad914a6a3,8,8,ok
train,shiyan/data3/labels/train/1499.txt,1499,468,9e482b800e17f3abb319cddcbe4c1f6ab3534e43a88df1342e6799ffe481dd80,12,12,ok
train,shiyan/data3/labels/train/1500.txt,1500,153,6647579cc68e6220b252493db2186b58998262cd11432c8268ddbf85d693dd0f,4,4,ok
train,shiyan/data3/labels/train/1501.txt,1501,117,b068c5ce78687bcc03bbdc721d0a29a001494986fd945efca7ffd49963a4af75,3,3,ok
train,shiyan/data3/labels/train/1502.txt,1502,195,cc0e435d019273d38259e6df5d15e3726732f0bc3bbb1f5a96567abc29338645,5,5,ok
train,shiyan/data3/labels/train/1503.txt,1503,117,096746f11e2d6561d763e13096b0c4e29ab692bf83a85ada845e5df2bb2903ea,3,3,ok
train,shiyan/data3/labels/train/1504.txt,1504,114,415f1622ad4215ac64d89e43a131b8b698eb350d293cd33fbf0e8b97c4469819,3,3,ok
train,shiyan/data3/labels/train/1505.txt,1505,312,a914dbbe105ec72d35dcaecc5b72b91fbd0266ce8d5534c1f129076a4bef6027,8,8,ok
train,shiyan/data3/labels/train/1506.txt,1506,156,8c7c43fca51db64a770026f5af9ec68a6c407e64ecc9d2d6d141e87d0562ac87,4,4,ok
train,shiyan/data3/labels/train/1507.txt,1507,468,edb6fce69ee97d268862d13307dd13798de9978de35699d0d93d9567732e182a,12,12,ok
train,shiyan/data3/labels/train/1508.txt,1508,156,a73e64c1d31004d876553e1756133115390de933ac23a74c3c2083b8348aab5d,4,4,ok
train,shiyan/data3/labels/train/1509.txt,1509,234,bb9b452109289693f7f8923bedbad10912bda50c4a9e406abcd23aaf9f0d42ba,6,6,ok
train,shiyan/data3/labels/train/1510.txt,1510,156,a6c34d90b33e213029cd83e0975a85512f5eb5ee66f9a039aafd5892af2e9f53,4,4,ok
train,shiyan/data3/labels/train/1511.txt,1511,156,30f6fbe1e825bbe5f6c6defa88957e3145ba539a5a560371c7a832d90b386eb3,4,4,ok
train,shiyan/data3/labels/train/1512.txt,1512,310,58a622e27a62af1ca9f57e0c30939171f2d4fb22d42ef71ba00c282842318b25,8,8,ok
train,shiyan/data3/labels/train/1513.txt,1513,585,aca67fa5f04ae73bed4ea7e94a73e863b548acd11d6589e71a4f05acc38f380a,15,15,ok
train,shiyan/data3/labels/train/1514.txt,1514,156,b36573a0f2d62f795ae774e7c5b71994382929ce25236718f2d0f491b450f972,4,4,ok
train,shiyan/data3/labels/train/1515.txt,1515,390,8cf85f73b84d90e06ed6fb2a87d8d51f743d30315bdcfa2017eeacc7d39a822e,10,10,ok
train,shiyan/data3/labels/train/1516.txt,1516,351,69d02b632943b5c2107170f6185360c5a020ea18f7702cbf6c6cc7074864859c,9,9,ok
train,shiyan/data3/labels/train/1517.txt,1517,117,1334104643905c8465f5879f08fd230954a3e766e5f701c68f4dac9a847dc8a4,3,3,ok
train,shiyan/data3/labels/train/1518.txt,1518,153,c26336048207efb138a7918273f9d8c5e0807dbdff1f9b6c2c658ba8513516b0,4,4,ok
train,shiyan/data3/labels/train/1519.txt,1519,39,428b69a3241633ab495d363b77c4c18dc5d79a7e89827ccefeb67f7e02177e01,1,1,ok
train,shiyan/data3/labels/train/1520.txt,1520,234,2629138377e784895c7b5cfe0786d93ecfb434df870cb307aab90794fd86e8ba,6,6,ok
train,shiyan/data3/labels/train/1521.txt,1521,273,f98315ba4605d7d05612cd5629afc14b4a5365aec6b13e02f5d5b10886350fb3,7,7,ok
train,shiyan/data3/labels/train/1522.txt,1522,78,527c6d8f3c1d449259dd0709d5777b065bf7901916d31e90a0402933c9014748,2,2,ok
train,shiyan/data3/labels/train/1523.txt,1523,624,28705ad34582301c6169a7a7fc95e27bccfea1792f7dddc3cb5b193986233c61,16,16,ok
train,shiyan/data3/labels/train/1524.txt,1524,156,6b4109d7c4b76b3eba23e8d1eeaab5a0be9f779c3bce9aebe9ec0b8d62540955,4,4,ok
train,shiyan/data3/labels/train/1525.txt,1525,78,379bec88d4a64634a0686e9ecd7e520fccc22b77c0409de0b360891d152dd446,2,2,ok
train,shiyan/data3/labels/train/1526.txt,1526,270,abbe38edf8b72a470f59c5a1972e788c786c6343354c094beb4d0a1e93b4cef9,7,7,ok
train,shiyan/data3/labels/train/1527.txt,1527,117,4ad8a1e48597faad3a21cd00095bde5780e9056f0cdf9c27027b1f928feace6a,3,3,ok
train,shiyan/data3/labels/train/1528.txt,1528,156,1de9454624ced8c492a33281173a2ac9f70439637a8b2c702b8870ba99120166,4,4,ok
train,shiyan/data3/labels/train/1529.txt,1529,624,34083f8eedfea2e19058c19279b4e1800a0c2c368dcb64e30b2e0ac5e146dcb2,16,16,ok
train,shiyan/data3/labels/train/1530.txt,1530,494,ec083db50ae49a8cd3e119d51c8950ec5f07a2a0834bccb7b9c11783451a4fde,13,13,ok
train,shiyan/data3/labels/train/1531.txt,1531,228,9ae36a80bd2417f4dd92b6bdb3e0c2bbb07c5d52c7f819e92bb01bf9d1378972,6,6,ok
train,shiyan/data3/labels/train/1532.txt,1532,273,902ebbbabe48e85932c20804e9b8f09b2af3d6733985eb347efd55bc3a8e3eb2,7,7,ok
train,shiyan/data3/labels/train/1533.txt,1533,117,2680b746c03091cacd720ab677355de087c839c1f95922a4153a12f95b69645e,3,3,ok
train,shiyan/data3/labels/train/1534.txt,1534,304,446a4ed174e24b0741ef6abda7d648cfe3807d2b9d8e590d721b5853d1026c75,8,8,ok
train,shiyan/data3/labels/train/1535.txt,1535,78,e147200d31fe19b168f638e62e1bbc3d3c99f4546e4d8ddc5d658a49b1c25255,2,2,ok
train,shiyan/data3/labels/train/1536.txt,1536,585,51c247a373d8572752fa2b0db21997858d1b15f9ae94b81527ae7a7edab98bb0,15,15,ok
train,shiyan/data3/labels/train/1537.txt,1537,78,15695ddec87fd21d6eddcd0c17960b3b2536ab7a86a93196038ff7db32b3c16f,2,2,ok
train,shiyan/data3/labels/train/1538.txt,1538,78,d9b5321cfcc84d92e1988bfe4ead47b816444ed3ffb6cdd26720cb094de5a08f,2,2,ok
train,shiyan/data3/labels/train/1539.txt,1539,117,8395c745a4f79a9237eab523d4e14fb482dad9b7b1894687292ba13232ad6848,3,3,ok
train,shiyan/data3/labels/train/1540.txt,1540,234,f5e0c095889b72f2bffcf66830f42110cc5c3e38013280f11866f3dcef6e04d1,6,6,ok
train,shiyan/data3/labels/train/1541.txt,1541,117,d7951d2ff1a90478ae9324e2ae2f35428efb347164ee27eced24b0bf64fc5bde,3,3,ok
train,shiyan/data3/labels/train/1542.txt,1542,304,2f36b58869f42d4b7dfb2935d7f5124113bbecdd4cea43c78471b3984f90cc93,8,8,ok
train,shiyan/data3/labels/train/1543.txt,1543,312,115c7ce1e2184db9d3854504b8bb82f968ef80d746b17f8c573308c659db62ec,8,8,ok
train,shiyan/data3/labels/train/1544.txt,1544,780,396404e49f8ebafaf0e680fc18add62c4da41cb2f4c73c1bdeee10affea2c1b4,20,20,ok
train,shiyan/data3/labels/train/1545.txt,1545,76,c5cf3a2c34c88139fd25280cbad5ae0600042e8ba7d65879cb025189e666aca1,2,2,ok
train,shiyan/data3/labels/train/1546.txt,1546,76,71b227365caf40d158cfe66e94442bd61635ba32484b95147b61b7cb7db882c3,2,2,ok
train,shiyan/data3/labels/train/1547.txt,1547,195,730540fbeb62cb16dfefa6f7bea118f40c09f371cff5e888724c6e0d776be644,5,5,ok
train,shiyan/data3/labels/train/1548.txt,1548,312,e828bfc63ba468eb561fdd97b14e155ba3260a086c9d3d14c57736edf1876357,8,8,ok
train,shiyan/data3/labels/train/1549.txt,1549,273,96a800138d97adc672fa5b904c2f0cf8a309433669b8d3417c015d54d371c6ca,7,7,ok
train,shiyan/data3/labels/train/1550.txt,1550,114,6f05bfa023966f12ac1bc52ece62468d793f07ed22889c7c8404c4b6e352dc98,3,3,ok
train,shiyan/data3/labels/train/1551.txt,1551,156,4473dcad841f5fac00b3e656582f5e9a18ea17347b82a028e90e478330cb1112,4,4,ok
train,shiyan/data3/labels/train/1552.txt,1552,77,028b75ea93efacd2d87c8e024aeb7c3035d5c34e70789d4e99f693940875e137,2,2,ok
train,shiyan/data3/labels/train/1553.txt,1553,156,5ba54b8e7c5e00eb4797299d2aa7805c46b90cf95b2a8ad0a486580e52d2c110,4,4,ok
train,shiyan/data3/labels/train/1554.txt,1554,234,a948117e959bb5f16777b9193971b46ecba1a842e23cdbe931b72cc9eca2c221,6,6,ok
train,shiyan/data3/labels/train/1555.txt,1555,312,61eb0293d9401e707c885f974af1a0a7318bbca477de01aeac405b129e4e53b8,8,8,ok
train,shiyan/data3/labels/train/1556.txt,1556,351,b9d82230f108e7cfb199af49c0f791f94f266c3c29a98c3a2425b28fc3c7f481,9,9,ok
train,shiyan/data3/labels/train/1557.txt,1557,39,f4fd9cc3de407537d3b71164005ce11fb65ea88893f320419427019da0cd0a87,1,1,ok
train,shiyan/data3/labels/train/1558.txt,1558,351,ea98443656da851749d966b35570a1d025b84fdf16547952a8c03c2fb72ca838,9,9,ok
train,shiyan/data3/labels/train/1559.txt,1559,78,f20ccbb0c3d60fca198d4946ddba48d0e777b074c884ef386d808c5cf2b6d214,2,2,ok
train,shiyan/data3/labels/train/1560.txt,1560,267,443bc87c689bcaf756b0690ef33ef5e98761ec81c16ab3074803645a5346a9d4,7,7,ok
train,shiyan/data3/labels/train/1561.txt,1561,78,8b788d7cc758e9c21f7cf70b280cde548acf28004565a703b9130e1ed2555cc4,2,2,ok
train,shiyan/data3/labels/train/1562.txt,1562,156,974cb924f9baf7e0061cc107d108c295a3bf73c13aee0b671f7f59b0e1d4d0fe,4,4,ok
train,shiyan/data3/labels/train/1563.txt,1563,190,ba7903b52de0a6edec8857d857bf8a3373634ce4324883ec6b4bb6a72aa496c6,5,5,ok
train,shiyan/data3/labels/train/1564.txt,1564,78,bef16dc761e5bf9c11f298c2ec1d61c795796f28ba600f061ed17783bea8bcd6,2,2,ok
train,shiyan/data3/labels/train/1565.txt,1565,76,c9e0be70e69aa8bcc31f003b1e5d27f3136a0fc496e53215459ef08d4b30b7bf,2,2,ok
train,shiyan/data3/labels/train/1566.txt,1566,116,ca52123ee1816033cbd8f13b97113b92190ff9dd76cdfa5e2283a8be06630e28,3,3,ok
train,shiyan/data3/labels/train/1567.txt,1567,152,edfaff76369e8126944abcb325d53a71de5c179893c1414a59609f2e26a8cce1,4,4,ok
train,shiyan/data3/labels/train/1568.txt,1568,312,6b076c28c3865a56d807a95cc28b26a8fe09a69fb0ad06cc1ee06650fb60de49,8,8,ok
train,shiyan/data3/labels/train/1569.txt,1569,266,4a9b7e08351265ae8db1ff723c6b6dc40fcd0a580c9199de1f36dc7433117de2,7,7,ok
train,shiyan/data3/labels/train/1570.txt,1570,195,c33c51bcc90ae76af6d31efc894839b256dcbc4f701d5174f80377b0b604628f,5,5,ok
train,shiyan/data3/labels/train/1571.txt,1571,78,9dcc1dfa241dd9cf8d5ef054d0fae42a6d70f556150f9b6f88b84096b7aee45d,2,2,ok
train,shiyan/data3/labels/train/1572.txt,1572,234,334998823103fe97ec0a7a038f6809e0accd33d618db011f9e855067d35a6bb9,6,6,ok
train,shiyan/data3/labels/train/1573.txt,1573,351,7bda271232904428c064d6e223cb6187783d8857e78c1855707a32a738a55339,9,9,ok
train,shiyan/data3/labels/train/1574.txt,1574,114,36d4b45793734186c50123c237ea02d46428d39677147a182a382a492d7c21d7,3,3,ok
train,shiyan/data3/labels/train/1575.txt,1575,76,2b7cb6afb4be4f4a362442dfe2fcff9da4791eff43b38ed8f88fbbbcecb4c5ea,2,2,ok
train,shiyan/data3/labels/train/1576.txt,1576,350,a4b815b2641030f515867f0e44a910c81003a5b88b82f7cd7c5dc96e2cfdba1b,9,9,ok
train,shiyan/data3/labels/train/1577.txt,1577,266,f9d2512107b5a59622bd98bd46dfcf8c9380abac883ad2e2ecb44e0625354403,7,7,ok
train,shiyan/data3/labels/train/1578.txt,1578,39,9c3bf5cf5aa0162c59e9cc87262e5a38d388cd853ede049948b147d37e8773e4,1,1,ok
train,shiyan/data3/labels/train/1579.txt,1579,39,92afaeea38134672634a4ed43872aeac992aafa6a53458fac7515979782d6483,1,1,ok
train,shiyan/data3/labels/train/1580.txt,1580,117,cdce162ea888ae221e2f67ef955177478d3558dff1bc6daf59b065a90c4f1589,3,3,ok
train,shiyan/data3/labels/train/1581.txt,1581,152,4067e20cb913d47de390564cc8c4c855ee2f595663b6d843cc2974c5dcca3e31,4,4,ok
train,shiyan/data3/labels/train/1582.txt,1582,117,15fd4781a855b82407a5f09d6e6d7f4f484595dc739fa8a1974e2db8f08908d7,3,3,ok
train,shiyan/data3/labels/train/1583.txt,1583,228,59e4ad80573d0ee11f7dc8cfd77ebb0366d019fffaca004ea767a040e2b605a3,6,6,ok
train,shiyan/data3/labels/train/1584.txt,1584,546,5139fa7722ed006008544076a5fcb29251ac603d65a8c816cabbcee90e9c18e2,14,14,ok
train,shiyan/data3/labels/train/1585.txt,1585,39,1edd9383f20dadd94dba89dcda6d9a35b9c73278fd07b6c9bfcf39e26e21bc72,1,1,ok
train,shiyan/data3/labels/train/1586.txt,1586,233,3158c9870910541fb1337004347ff5de510e2f4562bb21565d5a3c889102ec7a,6,6,ok
train,shiyan/data3/labels/train/1587.txt,1587,195,744e9e1bac9c5f310c775e7656b39ecfe187ff3c1d3c637c3f89cb95c65da805,5,5,ok
train,shiyan/data3/labels/train/1588.txt,1588,312,23c582c0cfd15e5f00917daf7c6e5064987689c811d0b9ba93bbd3e137f9e348,8,8,ok
train,shiyan/data3/labels/train/1589.txt,1589,39,6d6406f83aac1abfa39bd4946cc667a52de9554b1c4b54e86d7744ada2e89941,1,1,ok
train,shiyan/data3/labels/train/1590.txt,1590,312,96b030297e4083fce6054c325df25b9fd61a4ee2826b8b009092f6f0e0a20c0f,8,8,ok
train,shiyan/data3/labels/train/1591.txt,1591,117,9c14b2a7a4ffab6506965b11fdacec1fc81a3da6c39f34debfce76eec6c94c91,3,3,ok
train,shiyan/data3/labels/train/1592.txt,1592,507,a59ebe7a505d36fbdbb61c84dccda01abcee98b318acb3931bca984ae52bf025,13,13,ok
train,shiyan/data3/labels/train/1593.txt,1593,117,4e21be6f0cec2e7e7f494ab4493cb4a766a917e62abde6ce200b40b0f8d04621,3,3,ok
train,shiyan/data3/labels/train/1594.txt,1594,39,6c2e7b6439d638367b0da49809ecd44f7c01a4dc4511b553394c150d4f11bb15,1,1,ok
train,shiyan/data3/labels/train/1595.txt,1595,78,24dff79ecc926fdf39eddcf2c9ac3180d73b7a049342920395672226db76c21d,2,2,ok
train,shiyan/data3/labels/train/1596.txt,1596,76,88afdb8e4045ca5e04a89bf93568056f41e2ae396e0de5c752201ce8595daa09,2,2,ok
train,shiyan/data3/labels/train/1597.txt,1597,507,955ea78d3cfda5832d57b0ab6892c31b4ede3fb0af1d094ac8f0e164e9c593cb,13,13,ok
train,shiyan/data3/labels/train/1598.txt,1598,234,168b15aff07d5412e602e47a75e47c4af7c5c1c170eb0ebeab56eb87d9dd96cc,6,6,ok
train,shiyan/data3/labels/train/1599.txt,1599,78,b3a2c09477ae11b8081beb11e8c9f89f0954ccf11936b00a13d5c91e96a4f13b,2,2,ok
train,shiyan/data3/labels/train/1600.txt,1600,117,179133a9127983d4c9ee683e0ded074aac3f6eae342af2de16e4c14f68ee9280,3,3,ok
train,shiyan/data3/labels/train/1601.txt,1601,156,8d198083c6a6bbcba00a65693e33722609ce9601d778cfa207ccecb0d51f5cc5,4,4,ok
train,shiyan/data3/labels/train/1602.txt,1602,228,fd31a7a3e7856af6fa9c1e15cd5e6528989c2ff27236e0b0f4f157f3cf99c832,6,6,ok
train,shiyan/data3/labels/train/1603.txt,1603,585,dbb79a148f2d39541e8a46fdda08b9f60e70e35ba0df884c44dba54d8e2e6a32,15,15,ok
train,shiyan/data3/labels/train/1604.txt,1604,195,ea7e98f6a9ff481ff8c8abc4109d90dc815cf08ee4ea9fbc8a8a5d2546b8d7f9,5,5,ok
train,shiyan/data3/labels/train/1605.txt,1605,429,4cb195508e09b7005ec4228e5e69380889a3f75c45138b81f573c073591cff58,11,11,ok
train,shiyan/data3/labels/train/1606.txt,1606,228,90e9938b5986d88c3af9f8437a0c5d394ae648ffa372f4dcdf0bfe223b2231ef,6,6,ok
train,shiyan/data3/labels/train/1607.txt,1607,154,3dec6cce59436469212661b0c66dea0a6e47cbb097b8b17c9fcbf504a92b9299,4,4,ok
train,shiyan/data3/labels/train/1608.txt,1608,190,5816427f6cba631bdaa59824059fc9531830d4f9b1763c04e3f989eac3e733dd,5,5,ok
train,shiyan/data3/labels/train/1609.txt,1609,117,1bdc0a40522250205ded3d1497a9b2a8ced4c2f864a4c0ed0dcde6b54f023683,3,3,ok
train,shiyan/data3/labels/train/1610.txt,1610,576,60bc31dcec96c70a59ce086e44dde6697790368cb67219351aa1025614d52a85,15,15,ok
train,shiyan/data3/labels/train/1611.txt,1611,76,0f9118a89a3efe704c8b73f48df6b196c978e1d7abc1ea6007b9e211e8b6e3f9,2,2,ok
train,shiyan/data3/labels/train/1612.txt,1612,156,1c2a7914098c1e9c4374a37d6dbf56c4650de4f3817b549d3df4e4126efe2333,4,4,ok
train,shiyan/data3/labels/train/1613.txt,1613,229,fae63ef96ae1791eefce2d1051cdc29b6a1ee925532914e99dbbb71f71ae8cd8,6,6,ok
train,shiyan/data3/labels/train/1614.txt,1614,546,cfe15fd2a3ef0ab4f98b6899765a1d77bb061deafbd2d7fc971b39335382560f,14,14,ok
train,shiyan/data3/labels/train/1615.txt,1615,190,3c0e0760612afffca01527e642f5044d418fb2f19d1136b0b3273381341337cc,5,5,ok
train,shiyan/data3/labels/train/1616.txt,1616,234,2c2536a90a88716617840a19e5823cf94377a96aaa5c6ff09fae5ceea5bb4dec,6,6,ok
train,shiyan/data3/labels/train/1617.txt,1617,468,27de2f239f9f81c32f38a104ba12b07ffcc63d9143ba18103bdcc31d190efbce,12,12,ok
train,shiyan/data3/labels/train/1618.txt,1618,78,270e90ddf9448edba13fd7d8fdfabd22d8c990971de170316eb204e92c0096c1,2,2,ok
train,shiyan/data3/labels/train/1619.txt,1619,117,ef7d87ec567e6e618d514719e4965e55f625a8ac3cb3242c55359b210a0223cd,3,3,ok
train,shiyan/data3/labels/train/1620.txt,1620,117,fe250e56f68c2d1b55e252e1321a4af432af29689ac63f8dbd8dacb4fad57e3d,3,3,ok
train,shiyan/data3/labels/train/1621.txt,1621,234,fdb461ddf53e59ba15b244bbdbbfeffc09eb5ab6efe4e31dc484a96dd267678b,6,6,ok
train,shiyan/data3/labels/train/1622.txt,1622,39,6ffe0026386647ea0b2f9a4f65ccb192b64990b57919d99857fa2effe386f0e5,1,1,ok
train,shiyan/data3/labels/train/1623.txt,1623,266,36d60d0c8a9849fef00556b075ce534a2ac80737ba161c7c046e349d6399d42a,7,7,ok
train,shiyan/data3/labels/train/1624.txt,1624,117,87b31413874e61a579a303973c4d838a99e8662ebd97be97984cb9a871cab6fb,3,3,ok
train,shiyan/data3/labels/train/1625.txt,1625,273,7781917630fbfa55b8fa6c626f355d24a04d9cdd928c7480c0469782be3c7335,7,7,ok
train,shiyan/data3/labels/train/1626.txt,1626,195,846930a9b5ff79b54b254fa1a469b18674cfa7fc8b0a697a66c8454d9c93a0c3,5,5,ok
train,shiyan/data3/labels/train/1627.txt,1627,266,f625042832262da89f63284fc3dc73dcdf0a73c5046af2a553315d5761316894,7,7,ok
train,shiyan/data3/labels/train/1628.txt,1628,351,dddd497245d0eb9d65161192ead4b15d29178e386bd1e195d1acdd124df48109,9,9,ok
train,shiyan/data3/labels/train/1629.txt,1629,190,6789146d99b500eae18b69e0b8596e22ca1b0cc43ec9788eb473242eec720f3a,5,5,ok
train,shiyan/data3/labels/train/1630.txt,1630,117,c7cd04d3fe265c28550fb49e9447f332651932863f18011e97651662a2e19946,3,3,ok
train,shiyan/data3/labels/train/1631.txt,1631,156,29921868a5c937236c238b7ba56b6c902cefbc731893209bd5710d895fade1eb,4,4,ok
train,shiyan/data3/labels/train/1632.txt,1632,115,688262724c7f67a1e41b26f2cf618b1585f057b9d06cbe81a4fc4343fdf1ce19,3,3,ok
train,shiyan/data3/labels/train/1633.txt,1633,273,648c1fe4d5209dde7679880fc311d7d71b8265013f11fbe34566c42dff927652,7,7,ok
train,shiyan/data3/labels/train/1634.txt,1634,195,d0764b5604896bf5dcc61c0ffcede1901d013761be97719ca1061babdb974d60,5,5,ok
train,shiyan/data3/labels/train/1635.txt,1635,195,bfe67755ee70525266697fc0681cd781ac954c38946212b879e2b7c31f946559,5,5,ok
train,shiyan/data3/labels/train/1636.txt,1636,117,c1da84f8c0ee0af82144aa42b36f3c153bc2961528352da6de94c96af4b2641a,3,3,ok
train,shiyan/data3/labels/train/1637.txt,1637,234,2d7c4f497912d31ed83680c64530361189a42feee2b18ea69c1f7f4e4c57d0e7,6,6,ok
train,shiyan/data3/labels/train/1638.txt,1638,117,580a9418de4059e9552809946e6f8ecf024392406f6229fc97cd5fa32289e9cc,3,3,ok
train,shiyan/data3/labels/train/1639.txt,1639,78,192ed14f180fa0924ee345f308bfec6bc2a7b3757f105d3e5fd4a7f6a246dbc3,2,2,ok
train,shiyan/data3/labels/train/1640.txt,1640,312,04c17b0141e1ea00132f2f3421aa989ee0f2743c38fac933d754927156226600,8,8,ok
train,shiyan/data3/labels/train/1641.txt,1641,39,e4b78099d0a5c6e20434c40bc63693e79ed9131be6974223d0f10e249c3a9517,1,1,ok
train,shiyan/data3/labels/train/1642.txt,1642,190,c6853c33f558dc856bb79aed1e9f7b5f1a038564ade0f8038ea3b29f3fff8f4f,5,5,ok
train,shiyan/data3/labels/train/1643.txt,1643,190,a4379b0e3ab80334525e802f06b23fd810fb90b7a2a323df92e72a4aaa83da87,5,5,ok
train,shiyan/data3/labels/train/1644.txt,1644,195,0c09c87d36e382304b0e7f1dd2178f8bcd3f714e8d0d5f429804107e59a125bf,5,5,ok
train,shiyan/data3/labels/train/1645.txt,1645,114,2f4be907426d63a651b4204d1f833c0026bd29fc5b15fc051180343f9d07a97b,3,3,ok
train,shiyan/data3/labels/train/1646.txt,1646,152,3d0f10220dce02bc6261fa330b8258ef8b5ea18ed6fabca39aa2fba7f62eec58,4,4,ok
train,shiyan/data3/labels/train/1647.txt,1647,195,2014e2f503d6dfce9226e44dc8f8f58c46cf36421b2330f1a3add7f7bbf9ca48,5,5,ok
train,shiyan/data3/labels/train/1648.txt,1648,194,d2887399957269b99c1a204a4acdff6cadaaff8590dcb8299b8dbf402d03c609,5,5,ok
train,shiyan/data3/labels/train/1649.txt,1649,117,5b505d2c02c048ccee678de70cf33068661ec14d7d855a24ece53906b7b60611,3,3,ok
train,shiyan/data3/labels/train/1650.txt,1650,76,8c061966d52c68f0d4ac0dda409ae78487ed138875b6417cf88716bce3867921,2,2,ok
train,shiyan/data3/labels/train/1651.txt,1651,507,feca34b1ec49f5536ba49372ca29a30e695e1dd4997fce1d14d5ce16127d4abb,13,13,ok
train,shiyan/data3/labels/train/1652.txt,1652,114,1c6a788e16e1538bed23c4dd1758d4547b4a7572e3466ed3f9696df21845217b,3,3,ok
train,shiyan/data3/labels/train/1653.txt,1653,117,0f67fe9923de81c9be347ff22594d961622c572759805609cdf19bf877bb347a,3,3,ok
train,shiyan/data3/labels/train/1654.txt,1654,39,537f1c0ce962915499d0dfc03cf4dc33cefac7ab571540ddbd7f4fd1b84fae59,1,1,ok
train,shiyan/data3/labels/train/1655.txt,1655,234,14f70098db67c201c6b73edc2b8284a71889cab1d4c2b47663a66cd7dbbb756b,6,6,ok
train,shiyan/data3/labels/train/1656.txt,1656,39,b9ce7a75a88012d946b0451b1163a6950d2237ded26ec8dcf3e6601fc75b3e5d,1,1,ok
train,shiyan/data3/labels/train/1657.txt,1657,312,44ce8064b8b0379693915a0469d4f5861cfd6ea3355876489b68cddbb7427833,8,8,ok
train,shiyan/data3/labels/train/1658.txt,1658,273,338d2ef80bca72fb575257084b9cf083ea07c9b431311c8a3f78ca41182eff98,7,7,ok
train,shiyan/data3/labels/train/1659.txt,1659,234,218fbc94c93f12c5fce831d3f495d909c569d1a31e95884c57f7181277019eb8,6,6,ok
train,shiyan/data3/labels/train/1660.txt,1660,819,8306a3337a48fbdf4ad4184062005693f35354349a11dea586bea1504b23b53c,21,21,ok
train,shiyan/data3/labels/train/1661.txt,1661,156,7de5de9767caae4907b71788cce1fc7f475af078312873b145dbc87936c97ef3,4,4,ok
train,shiyan/data3/labels/train/1662.txt,1662,117,b1545b10abe99b2f3e978220f5b302ebb9240c68f8d11d924a4f9672f51cb21a,3,3,ok
train,shiyan/data3/labels/train/1663.txt,1663,117,39f5ba8973c88852a95a206f8cd16335c482a131e875295281149d21aec24d9e,3,3,ok
train,shiyan/data3/labels/train/1664.txt,1664,462,e356e3d35eb252aaf074341b72e8748ba168172b5dbd19fe8db1d22954bb3ed3,12,12,ok
train,shiyan/data3/labels/train/1665.txt,1665,78,196547229dd17f329b9054ad44e29f1c3da61197a5882b55119d57894f7f91e1,2,2,ok
train,shiyan/data3/labels/train/1666.txt,1666,114,bf00fb081c25eb071aa4633e5916e68388dd71316708b4a0724fbc396a9c2c43,3,3,ok
train,shiyan/data3/labels/train/1667.txt,1667,156,d9b850c143bce1f7d22844a06a927d8e44c7bd1ca1b6b68093c958d2c15b2a9e,4,4,ok
train,shiyan/data3/labels/train/1668.txt,1668,114,5e672b3302905079162ee58f92ae4acb2522e92b9f0c0be266bf5c130d7888e1,3,3,ok
train,shiyan/data3/labels/train/1669.txt,1669,312,c5796a06c023b23f506a7a50ffc50c9fb4b1ceb01f49aa2e86d742a2b4108313,8,8,ok
train,shiyan/data3/labels/train/1670.txt,1670,380,4e17630796f9bd9249636b5a039f5d8937d7f9401daa7517e5d2d39a30079796,10,10,ok
train,shiyan/data3/labels/train/1671.txt,1671,114,465d771463fd3aaf585b5f002376024e30c79d8310d82c9a2a7681445eacd7e9,3,3,ok
train,shiyan/data3/labels/train/1672.txt,1672,347,82b6b78367ab8709fab76ac718a360c337733f81bc9ffba2d2852c7d70a5d539,9,9,ok
train,shiyan/data3/labels/train/1673.txt,1673,117,57e63e2617deab3de43ba5751aa40ebe1901a919ae6921a530c2dffa4dc70213,3,3,ok
train,shiyan/data3/labels/train/1674.txt,1674,234,2196cae16da6708bbcc53f45a5019a1226c627922bbc67eb5c157efa50b8ac84,6,6,ok
train,shiyan/data3/labels/train/1675.txt,1675,39,cac6e0fbedc5f7266448ffa00485b1fa981c166860511c1d4aab6ddaaaa99c82,1,1,ok
train,shiyan/data3/labels/train/1676.txt,1676,78,a7dcb035aec4d2702928ab0b1545facc202bb30f1195fbd1693b823d80fcbbdf,2,2,ok
train,shiyan/data3/labels/train/1677.txt,1677,38,b5c760b13ee1335f36c5d6d086493da0ef6a46b617c985d587da2f229053925d,1,1,ok
train,shiyan/data3/labels/train/1678.txt,1678,156,77826b960480be97c9caf270a6aba2d90f977a5ce6b221171ce2c6d976b63968,4,4,ok
train,shiyan/data3/labels/train/1679.txt,1679,507,37a277ca957a74a66aad40a1c7af71ba546853ae35a02a2b025283861a857e4a,13,13,ok
train,shiyan/data3/labels/train/1680.txt,1680,228,e57832f7f0540a84720f5bee448ddc718260ce88f6ee3366d95e3dc85be79686,6,6,ok
train,shiyan/data3/labels/train/1681.txt,1681,304,9a2caae5a8305c1923e7a5e3e0e107816b73a494b6d204bb485d3b80237ddcbd,8,8,ok
train,shiyan/data3/labels/train/1682.txt,1682,114,bb7fcc1c85f4e19a368c829a978a5d32fb846b2e0c45df697d8a070e4ce5f854,3,3,ok
train,shiyan/data3/labels/train/1683.txt,1683,77,2e701788e84fb3a3c8ff01b01de8f4fbcd97aeab676bbe725551ac89601fcfe2,2,2,ok
train,shiyan/data3/labels/train/1684.txt,1684,390,9eda198c18fc6f7f8a08373bfa11bc2ad8b0b854c8811e3d1b88e243fec88f94,10,10,ok
train,shiyan/data3/labels/train/1685.txt,1685,273,826c38c06d218517ad47c08f1e463e126b2bc8bd59082690a471bee4110e39a6,7,7,ok
train,shiyan/data3/labels/train/1686.txt,1686,190,c5b31eb49452a58c89adade57b0731f591e1f049c00cd89df8f1f784974b6c25,5,5,ok
train,shiyan/data3/labels/train/1687.txt,1687,429,61dfee3cc768ad036e032c285de837970120317396a83a0d3e387de91b3d4ef3,11,11,ok
train,shiyan/data3/labels/train/1688.txt,1688,78,9e9a5d342fa00cc650e674c1e62ec33c6ef9c3842bff1c1736bd4db7586e5339,2,2,ok
train,shiyan/data3/labels/train/1689.txt,1689,115,0b263e106638b01400a9cf06d29f39b46710953de120286b35ca23b4c78362f2,3,3,ok
train,shiyan/data3/labels/train/1690.txt,1690,234,b887c851e68fd72cb10e1c7c78f825fa41a8fe99eb8969d4ebf5c505a8c5678b,6,6,ok
train,shiyan/data3/labels/train/1691.txt,1691,195,991878e25652274d52ace32c4b338e77001a52733c243d8c8e3e302fe6b81a05,5,5,ok
train,shiyan/data3/labels/train/1692.txt,1692,117,eb87331b5ecea487c8963928d32408edccfebd49a702ba2e1e379fea7ac57bca,3,3,ok
train,shiyan/data3/labels/train/1693.txt,1693,195,86839135b5f2b8e2d715863f9df74d5253f4e487ead407fa908753012ca7ac99,5,5,ok
train,shiyan/data3/labels/train/1694.txt,1694,195,e240d23746277deafe0ee6ad5fd4f4dd113003004def9221ad01ec6c11914f01,5,5,ok
train,shiyan/data3/labels/train/1695.txt,1695,78,eba3899914acbce0072fd11fb21e2a864c7ddabf0153fcc3be769ca7987258b2,2,2,ok
train,shiyan/data3/labels/train/1696.txt,1696,273,628593dca4e061481afe73502a05f31258db7dc1870c0ddee89b443585587dd4,7,7,ok
train,shiyan/data3/labels/train/1697.txt,1697,156,8913426d607895c1dc516ff0dd3c9c3e87f51c0f03c8d1e47fb004e4da2ffdd0,4,4,ok
train,shiyan/data3/labels/train/1698.txt,1698,468,393fb790a2f983488fb6524c2d4452649f779868f2b22442784dc40db409c263,12,12,ok
train,shiyan/data3/labels/train/1699.txt,1699,387,0a62eebb9680f6522a12fb5a2c818c7564c11b135d93877f057cd73abaa8a3b6,10,10,ok
train,shiyan/data3/labels/train/1700.txt,1700,190,bdc069b0338951f13738b632e20afb4923df1d69ff2cfeb81543f35384f79be7,5,5,ok
train,shiyan/data3/labels/train/1701.txt,1701,342,727d5f446b5759503c8b4f4112a2147e7c3e5c9a7e77bbcb5e192f53a0d7f4ed,9,9,ok
train,shiyan/data3/labels/train/1702.txt,1702,156,7cc283d81f33b081541840262ab7c023f1b1c65e508392192a94a7868a6f0ec0,4,4,ok
train,shiyan/data3/labels/train/1703.txt,1703,78,16445cd4c28b0e38a0bc2ecf1efd4884e7a15979be91fbfbe2d2c352d79bd019,2,2,ok
train,shiyan/data3/labels/train/1704.txt,1704,646,0f612fe0c81beb85356fbacdc123c458ae5d273359b1f5f3d5fa3c954e6366d1,17,17,ok
train,shiyan/data3/labels/train/1705.txt,1705,39,21577ae69497901e771613ba6ff26d3aebf7163a68236d42bbf122a314b4d11a,1,1,ok
train,shiyan/data3/labels/train/1706.txt,1706,156,3148369dc501adbd4d34feed19e05bae76f42825ccd59825bcf667153f9b82d0,4,4,ok
train,shiyan/data3/labels/train/1707.txt,1707,190,f1a10722a783633c78619a594d480cb38e24597f253d69310ebadc4ff62c791f,5,5,ok
train,shiyan/data3/labels/train/1708.txt,1708,195,5502f814cd4d9fdeb41faa19648f9c4f47f6f314cad8ec5b32cc8fbee58effec,5,5,ok
train,shiyan/data3/labels/train/1709.txt,1709,195,839b33e5321164d2ea2f4a2c9f596ca1c5c2aed079888cba4590a079277b1951,5,5,ok
train,shiyan/data3/labels/train/1710.txt,1710,351,298ee5365f48f9fe07dd9ef1132bd43582ac44c09b953b4a44981619677a814e,9,9,ok
train,shiyan/data3/labels/train/1711.txt,1711,39,4857bbdd87c94cb591386e4da3f9a5d3ddff7fd3415c85972d52b99f8defa214,1,1,ok
train,shiyan/data3/labels/train/1712.txt,1712,117,7101c3ea427442e91d80a8cdb3a5161b87e8a97beff36cda2f2eac8c9e1bff8e,3,3,ok
train,shiyan/data3/labels/train/1713.txt,1713,663,836b2b9a98e6c312011221285d59df7964fb4603e50421a5f6f75f50ebaa3341,17,17,ok
train,shiyan/data3/labels/train/1714.txt,1714,117,bd57216e45ba6ed0979d9964dcd465cf121ffbf561f5f2901e8f6973506c2e28,3,3,ok
train,shiyan/data3/labels/train/1715.txt,1715,228,96fda3c943d98d2a2cd86c4e747428bc3db0fad64c63f9604b24582d2086905c,6,6,ok
train,shiyan/data3/labels/train/1716.txt,1716,234,109260b33be63aacc0e037c5defa28d50a9bb0707e26a6e175b7cfc318a11cc4,6,6,ok
train,shiyan/data3/labels/train/1717.txt,1717,351,4a2a6d79399084257b29dcfcae7f79c85dbda2531f5ac49118320b0f31dadaa6,9,9,ok
train,shiyan/data3/labels/train/1718.txt,1718,156,c5d12a27c838ccc388911ccc6a42999263bf6fbb9131180c795e82cd105c53ce,4,4,ok
train,shiyan/data3/labels/train/1719.txt,1719,155,39e60b0b746ad4139ab69dee40ae90530b94f22edbde7f7ab1586da38e20b91f,4,4,ok
train,shiyan/data3/labels/train/1720.txt,1720,117,c76a6c7c2e58134a9e892797ca620300bf9dc8b497963235ab349c13a413f5db,3,3,ok
train,shiyan/data3/labels/train/1721.txt,1721,76,84371719eee7d6600b7ebd761c93bf932b2e95a2fda6297b2e0f4000f78765e8,2,2,ok
train,shiyan/data3/labels/train/1722.txt,1722,117,71c0e14c7d64528b9f0df5846ca67ad6173ac63ad891cedfb41f6f6947fe9a83,3,3,ok
train,shiyan/data3/labels/train/1723.txt,1723,114,dd7d4487c09576573fdbaa0282b0da8a0543dcb4dd8e180190910ab03dd26d01,3,3,ok
train,shiyan/data3/labels/train/1724.txt,1724,152,0bdbc70e1ef99b5d0cbddb31a0656081a321f039ed8ebb883c1f78971d5fe0ed,4,4,ok
train,shiyan/data3/labels/train/1725.txt,1725,39,90c26cc922961bedb27a7f91168ab334ee780099e740d01b163b7746953448a3,1,1,ok
train,shiyan/data3/labels/train/1726.txt,1726,351,8166e52d33e74487b8d2e44c11d84785f62af563b8b51b1bc102dd410e085a16,9,9,ok
train,shiyan/data3/labels/train/1727.txt,1727,195,f01aab3680b3ac024cdb065bce6de79ae9b690c3d65535f92a55095a6e0647a4,5,5,ok
train,shiyan/data3/labels/train/1728.txt,1728,268,3e58a8cf6a98d5a264f70c0f50d2f1f22d173bd80094a4ee19770dd0af778294,7,7,ok
train,shiyan/data3/labels/train/1729.txt,1729,234,03085db3f1f6708a5cb495d0ab90c14b14eee202e16468e072e38fc0e90a8402,6,6,ok
train,shiyan/data3/labels/train/1730.txt,1730,385,eef857915bc053f7e2b3d554d8c2100a3cd6a3027469d5e48f2c9a65bdbbbdc0,10,10,ok
train,shiyan/data3/labels/train/1731.txt,1731,117,b66001333498a6848a20d07ca8957be421bea1b13027201a4d3a13453c490b7a,3,3,ok
train,shiyan/data3/labels/train/1732.txt,1732,312,fb45c2eb92d80ca612c822bf974296602ec3454e9f96991e575471f55f34b13f,8,8,ok
train,shiyan/data3/labels/train/1733.txt,1733,117,f7c302d721569457813f61e700571ae1af2b154799b29c8f3fe15b1a44800714,3,3,ok
train,shiyan/data3/labels/train/1734.txt,1734,117,8fec64e5306b7e03f42c7178f00e4f021d435792ab3c42c58e068d5cb58dc56c,3,3,ok
train,shiyan/data3/labels/train/1735.txt,1735,190,1a6d1236dd99a3bd9818dd20da12166902d763708bf11e47002cd1b0c53c1bc2,5,5,ok
train,shiyan/data3/labels/train/1736.txt,1736,273,001a5dfd59b46de7e36b49379fdb34d87ce7cd175927a1e805cb9e46ba496d2c,7,7,ok
train,shiyan/data3/labels/train/1737.txt,1737,312,5a226281a4a2f0690eab5f6626d86ce01d80c029a38336cddbc60c57cde3f25c,8,8,ok
train,shiyan/data3/labels/train/1738.txt,1738,78,237a1bae4c6a970740bdfaec7b29873f767110fbf90e997517a3831303d28cef,2,2,ok
train,shiyan/data3/labels/train/1739.txt,1739,156,8e522638972f216c81e019ea0f412200014fe23e61767d52e149d7aa653cdcec,4,4,ok
train,shiyan/data3/labels/train/1740.txt,1740,152,f20ccaffd7688417a38cffd17da04a93cfe7f662ce7b0963c6aa2e7345d3ac1a,4,4,ok
train,shiyan/data3/labels/train/1741.txt,1741,117,c4dc611dc069e02998d047602d394a619bf63e464ac05bff117758b122dccecf,3,3,ok
train,shiyan/data3/labels/train/1742.txt,1742,152,6e48bfa293ba424a56ed9fbce6c1b102e3008e375e01cb7dc12ddddff6ad6803,4,4,ok
train,shiyan/data3/labels/train/1743.txt,1743,468,64d18c60a1d7a1bc6b30bb2d3d7e0668fcd22725a7b176e7177b77f379e1457a,12,12,ok
train,shiyan/data3/labels/train/1744.txt,1744,117,19b0fdd5ef8faec3ac3579ef63ad44a3d73ad4ee57dbe73b938de8f349a38a14,3,3,ok
train,shiyan/data3/labels/train/1745.txt,1745,117,22b3fd1f3023859cd9ecf1e4e21d2566b0b1202ebf9733182f8547c778045665,3,3,ok
train,shiyan/data3/labels/train/1746.txt,1746,114,b3e1f743578cfa86f1375d35d3724f1b78a5a66dce47b7006990121a58b00056,3,3,ok
train,shiyan/data3/labels/train/1747.txt,1747,273,d7ef4570ec9ffcc6f1df0eddd1c5fbcf5ccd5d4de3c1fb7e17a18523df315812,7,7,ok
train,shiyan/data3/labels/train/1748.txt,1748,156,0785d02fabf47e7ff025b5a8431c3de9481f892c549cf1de6620a9165a2a694b,4,4,ok
train,shiyan/data3/labels/train/1749.txt,1749,117,51169c36b6360f7e8819b09e037f71890b937efc6d4a5697960242c5762cf832,3,3,ok
train,shiyan/data3/labels/train/1750.txt,1750,191,e99cbe7a01c16eddba26780f894f8c2b9fbc1ed3eccf8900723e17a43ba01c78,5,5,ok
train,shiyan/data3/labels/train/1751.txt,1751,194,660913c5ee0540a0c1efe7c3ed4c5f3caf9cd3d228ebe4d4723fe0f500b8b5c9,5,5,ok
train,shiyan/data3/labels/train/1752.txt,1752,156,93ecbd36cacd2b81097dca8d0722ebb3e0dd6155fea3c5fa491fd31ef6c6bd02,4,4,ok
train,shiyan/data3/labels/train/1753.txt,1753,462,d12188f6578d2fe6224fb9b28e35d2b022c402c439206a9ff1498b72e63853b2,12,12,ok
train,shiyan/data3/labels/train/1754.txt,1754,39,a55dfb7311a495b87104a94047bb5b3aff3331d07c4495057286de4ea84e434b,1,1,ok
train,shiyan/data3/labels/train/1755.txt,1755,308,2b06e914f5321cb5fe67513de81eb3b06ce01114c8194fdea216be6d4fb27417,8,8,ok
train,shiyan/data3/labels/train/1756.txt,1756,312,b426dc524b5551c8ac64e35d89d694eafad0ab202d2922bdf8a08b53b72d1993,8,8,ok
train,shiyan/data3/labels/train/1757.txt,1757,152,0cb8b43543c9566bc17ce9657e46efe5ebdee4347bbf9bbd185acf2d6d035e24,4,4,ok
train,shiyan/data3/labels/train/1758.txt,1758,351,91bbb4ad1a88badf95bd92b8cbc49ad2e15d5368a23b511e863633882cb1a98a,9,9,ok
train,shiyan/data3/labels/train/1759.txt,1759,273,709a9dd522de79b8872fc4419cd90c1eee5d37e686236b25faae8cd0ccaf2851,7,7,ok
train,shiyan/data3/labels/train/1760.txt,1760,195,92f6e821ad5e70109282342ef5cdf3b1e14cef407e2704cd56fba88026d9342d,5,5,ok
train,shiyan/data3/labels/train/1761.txt,1761,621,40f15906606b6e3333f019643ebfa95c744f46885ec14aae3e90e0038981896c,16,16,ok
train,shiyan/data3/labels/train/1762.txt,1762,39,a1a61a01289ddb28ce9aa85e446392b1c894c940fe283c0e763649947561d0b3,1,1,ok
train,shiyan/data3/labels/train/1763.txt,1763,76,66f2fd564b6860c846a39f3d599639fd2b2538ce6c153c8967842a6969a2af69,2,2,ok
train,shiyan/data3/labels/train/1764.txt,1764,152,ec913490265ae40a368d9d21a881025896fa701f5ea81342b08dfe13c55cecae,4,4,ok
train,shiyan/data3/labels/train/1765.txt,1765,234,23c01b2a3a7acb2c21ce24460f2894e2ed558305bf074617e6bbd34d221472be,6,6,ok
train,shiyan/data3/labels/train/1766.txt,1766,234,2e2fd9deae24db51dd771f5e24d3c4cd5664a11fe217719f09b174a2c6ed787c,6,6,ok
train,shiyan/data3/labels/train/1767.txt,1767,76,62d0fd47206851e803b804e4f7ab3207dd881989155997698a25b573098ba422,2,2,ok
train,shiyan/data3/labels/train/1768.txt,1768,156,a3ce3f8ea02889671ed05d3447adeb9f9ff92b6d22f543d926750d87d3832310,4,4,ok
train,shiyan/data3/labels/train/1769.txt,1769,76,983e3115f0231f39b2ed71453bb94c218527232ca92da311dc6154c9167bf6f2,2,2,ok
train,shiyan/data3/labels/train/1770.txt,1770,234,3e4355fd4a849bf29b617445bfb0dd0f5622c686f8d58dcd395b555c6f90a2e4,6,6,ok
train,shiyan/data3/labels/train/1771.txt,1771,117,2a243df380bc03b69cd21605d9911b0eb008bcb6d4d83e77d4d66e926b30fee4,3,3,ok
train,shiyan/data3/labels/train/1772.txt,1772,190,e184a8e6838dba11692d9b08e768118a0a3d92c66b92ab2ca733184bc8c0f4fc,5,5,ok
train,shiyan/data3/labels/train/1773.txt,1773,459,5468a054cdba3c61f1e350140146a3ba072518d2a458dc6854c5f69a00530e7b,12,12,ok
train,shiyan/data3/labels/train/1774.txt,1774,234,654f631e3a5176ecaf9c46a56fba308d05249d1b7c2a1a36b1abb09044c8da43,6,6,ok
train,shiyan/data3/labels/train/1775.txt,1775,76,4b0dcc18d9f5eaa0ddfbc39d5a9e3888c57433589c9381fb8fcdc5805c7af6fa,2,2,ok
train,shiyan/data3/labels/train/1776.txt,1776,195,24ce6a9d47e3ae34327f9dfaa4a943f0eabdb782924a7d505a050451ebc3d368,5,5,ok
train,shiyan/data3/labels/train/1777.txt,1777,76,14b859d1900cb5b2c5953e2470419337697a5b5108c2c7c5723ff5c1ce550fc8,2,2,ok
train,shiyan/data3/labels/train/1778.txt,1778,234,154efb1abbb506f2f940a98d3de44f5adc8c7640ab80520cb819077f98687a70,6,6,ok
train,shiyan/data3/labels/train/1779.txt,1779,156,15d2e98276026c4a42422b0f3a5df0db91d1ebf0507e9294f00a955bdeeca497,4,4,ok
train,shiyan/data3/labels/train/1780.txt,1780,156,c4e4b83d4b1554b298694e6963d28d7ef6bafe5eefc3d78cc9057abf5232b255,4,4,ok
train,shiyan/data3/labels/train/1781.txt,1781,117,41fa967c52a2d75058c9927a99c6d5c5eee5ac966b95e540e734cf451c901033,3,3,ok
train,shiyan/data3/labels/train/1782.txt,1782,78,b4a2eace4133e789c42f2bd25bcef4b5f2eb23a8786f52e3e355923aada36bb2,2,2,ok
train,shiyan/data3/labels/train/1783.txt,1783,78,6acc1d75d8419b0c0587c6d2e51d0ded6b7e2fc07b60791692a4ac7f08047e7e,2,2,ok
train,shiyan/data3/labels/train/1784.txt,1784,230,9a6c3e3925c41f89a61c7375cda9aa930f4637160a1c7ec669b3d95f7a9ef901,6,6,ok
train,shiyan/data3/labels/train/1785.txt,1785,78,c11bbca40b9ca96eb91c57a142a24c2dd3e5ac741e58a6e17a0d21a248004b1a,2,2,ok
train,shiyan/data3/labels/train/1786.txt,1786,117,8bbe955dde12a84b350f5d31e70e201f1fc456b84d24131090f33ac900f6b399,3,3,ok
train,shiyan/data3/labels/train/1787.txt,1787,468,96533072350422885525fcfd6f1d6e2265cadbf57a09ee9bac6ce6b7cc689958,12,12,ok
train,shiyan/data3/labels/train/1788.txt,1788,117,8ddbfbac55eb2f43b8506c8e11e82867789365a7d4d882ba50ffcaeb434d729f,3,3,ok
train,shiyan/data3/labels/train/1789.txt,1789,195,b63111244c1c73ae6f9722850c5f815b55d0f47c6e4381c1705642e7e37a3e11,5,5,ok
train,shiyan/data3/labels/train/1790.txt,1790,78,4774fbbb987502b1f77070664143d159d562d6be2f8de8d41e3c9e5984fb1ed5,2,2,ok
train,shiyan/data3/labels/train/1791.txt,1791,156,332bd92b16e5e932378d8f1b8d367aef84e1e3cbb985e624d001801480c26e04,4,4,ok
train,shiyan/data3/labels/train/1792.txt,1792,195,4a67e3cfbd44fd36c7a2806a32354061f902963e69c57cbec81103964a5500c7,5,5,ok
train,shiyan/data3/labels/train/1793.txt,1793,77,2217eb51f0b3abaf963722d057c97927aa1f353bd9994414fcc83e7086166dec,2,2,ok
train,shiyan/data3/labels/train/1794.txt,1794,117,b4d788970d9fc3bb46b7f88b97f5664bc41e3ed5c94bd0b84e86a572ec3c34f2,3,3,ok
train,shiyan/data3/labels/train/1795.txt,1795,76,4421a068fe7b9744fbe24b727ee49f05ed91d25e949790bff3a0a42a16317f44,2,2,ok
train,shiyan/data3/labels/train/1796.txt,1796,190,17e81fd377314b9feedc3e5d34d29c03867c67c645df9e8fb00c9bd13752a659,5,5,ok
train,shiyan/data3/labels/train/1797.txt,1797,273,0ddc6262f41da14bfe07f63da2590a30cbc357a975c8e6d48b8571fd0ad8350f,7,7,ok
train,shiyan/data3/labels/train/1798.txt,1798,234,8de7648f0556eaf787a6995e6cc8693bdc3f35ddd10f8cf5d7645ade8f93b908,6,6,ok
train,shiyan/data3/labels/train/1799.txt,1799,114,defc105a7cc530a7bd826bb1d598701ac1a7025c3ec886166881333524a9c816,3,3,ok
train,shiyan/data3/labels/train/1800.txt,1800,195,871cb9b708fa043712e69d90138a311677b73af990a2db8b720f18dce002ae7e,5,5,ok
train,shiyan/data3/labels/train/1801.txt,1801,117,951b32deffb5b895855c5e12583f54a2a13596aaa12a7d6b329a6ca59589606c,3,3,ok
train,shiyan/data3/labels/train/1802.txt,1802,266,963267c255e9228081816efb98d26ca5b71122c80b9f77cb5adb4156ddbf200f,7,7,ok
train,shiyan/data3/labels/train/1803.txt,1803,546,f8f4191de86b1d4beeee68e0cbb222580fdb00cb7f219a1b0984f59a85bfc792,14,14,ok
train,shiyan/data3/labels/train/1804.txt,1804,305,b73c3a39f8d46e5cee4c0e3f5ed780371cea86a9ddc4c9788b1489850e5150c1,8,8,ok
train,shiyan/data3/labels/train/1805.txt,1805,507,d2c0df28aa0b97b9dda153476baf7c24226ebf79c5acaedad72a85393cb1b76e,13,13,ok
train,shiyan/data3/labels/train/1806.txt,1806,194,810d8292f16ca54c1a486f2f65c29d6624b4225060c9352d7499e7c3755d2d0f,5,5,ok
train,shiyan/data3/labels/train/1807.txt,1807,156,a40b86ac6feca1c5bc0e88816b229a85a04af7b1a5390a56823b62a749d5dcb7,4,4,ok
train,shiyan/data3/labels/train/1808.txt,1808,228,2cdda8ef48b85bdb76a3ec9cb7a778d613bd250034c17d8dc914f3575a8b571a,6,6,ok
train,shiyan/data3/labels/train/1809.txt,1809,76,92697658bcdc9825bc4a74aebaa7c081bb64490c5cd24b531bb191cc3f602d7d,2,2,ok
train,shiyan/data3/labels/train/1810.txt,1810,78,6519286487f95f7db814b6653e86ff84d95319da5aa1b5866b244d068e8c698e,2,2,ok
train,shiyan/data3/labels/train/1811.txt,1811,39,d4e1fa8bdd8b4f680baf23da22a18281f776f387b1b38cda3613cf150be5e7ce,1,1,ok
train,shiyan/data3/labels/train/1812.txt,1812,156,13c2841a5969ee088cc0c6175cc64a5b8873be4aa70b2fa23db1c354ef3618e5,4,4,ok
train,shiyan/data3/labels/train/1813.txt,1813,156,dd35d639cd36f88d9e70d42ea1d9025e47a8efb5acfcc3137012579176d03450,4,4,ok
train,shiyan/data3/labels/train/1814.txt,1814,39,259264cfcfc8a8a43a096488b76419bf5d375b7a9968fbccc32e1ee310b4ded1,1,1,ok
train,shiyan/data3/labels/train/1815.txt,1815,76,371ba430a09a6950a78134f7492c688f3be92bfb26af455f07fdc30c27475919,2,2,ok
train,shiyan/data3/labels/train/1816.txt,1816,156,c5a0001ccbc67c5958620e87ce01e64baaf484788554f437d72dcc7eb8ad8498,4,4,ok
train,shiyan/data3/labels/train/1817.txt,1817,190,aaffba3c0e71e240ce8c3b4f8cb7dc0cc90e7aed1be5d7d243726f340b252d4b,5,5,ok
train,shiyan/data3/labels/train/1818.txt,1818,76,b78d65dd4112c43b62fcd18658fca4b825c7c2633dd190cac302f2a625f78743,2,2,ok
train,shiyan/data3/labels/train/1819.txt,1819,266,c26f56657f43b07c0db66ab26e2724c470d88f211d5f54bea07f58f66bfd2022,7,7,ok
train,shiyan/data3/labels/train/1820.txt,1820,152,5b0db71e1b29d4b3f2d3e34ac551fba5a9d1cab4147317624d454a60b09cf983,4,4,ok
train,shiyan/data3/labels/train/1821.txt,1821,273,fd75af30e56ef3f24ce71bf2351f07e54db1281e174b496f531e33b20d747fd6,7,7,ok
train,shiyan/data3/labels/train/1822.txt,1822,156,97c388c11f19c0b0c8677b6d0777e38560bd0b15773b510aefbd6cfdabd4ffcc,4,4,ok
train,shiyan/data3/labels/train/1823.txt,1823,78,da653215da89888737e88edd5fe23c25899945cfddf4e3aded196ffd316ec99d,2,2,ok
train,shiyan/data3/labels/train/1824.txt,1824,351,0a67f88419527b2c4b1b1d9ceaade389db9ff083a7c029848930f07234ee6842,9,9,ok
train,shiyan/data3/labels/train/1825.txt,1825,78,a1b144724f1282c776567d4f24eec883631a0af07a351524937b14c88bda28b8,2,2,ok
train,shiyan/data3/labels/train/1826.txt,1826,507,db948095dcf37941a993376289dd302b96e7e942bc3ebae902947f85952c60af,13,13,ok
train,shiyan/data3/labels/train/1827.txt,1827,190,2606dc7653b6e4f155582246036103782d8c4f35a25f894343f68dd730943f5c,5,5,ok
train,shiyan/data3/labels/train/1828.txt,1828,389,6e332737e02c66c4f3ea54a8c39f26ed7121aa00965dfaf54922910e3a64852a,10,10,ok
train,shiyan/data3/labels/train/1829.txt,1829,117,4fa48e421aed87c97a72c3588ddc5a1865a2264c3272af8c9b706bd54b7e63cb,3,3,ok
train,shiyan/data3/labels/train/1830.txt,1830,156,eeb4a40d0a5302cee4832deea1316bfc0425e5600e19b5ef4bd07b1fb211b3d6,4,4,ok
train,shiyan/data3/labels/train/1831.txt,1831,234,f6c141cb66551ab0b6e7fbf66ccb1501a3ac8ba20d3f0c6497caa0f47c9c5e46,6,6,ok
train,shiyan/data3/labels/train/1832.txt,1832,190,f3aa73c8c44dbc85987d76ffccb2b5a431347a91cf835fd76f5319b7f35ec1ed,5,5,ok
train,shiyan/data3/labels/train/1833.txt,1833,228,6b7f78197c6efae69771711f0d200d3936505fbec64032cf3b94ec24480fca15,6,6,ok
train,shiyan/data3/labels/train/1834.txt,1834,195,880998ea62870f73dcba3da2cd6b2eacf429be4a4ed751016f61fbb6497d09d1,5,5,ok
train,shiyan/data3/labels/train/1835.txt,1835,195,a4366fe7a2df6a89de5de7fc31d1e41c84c8ad4384d2f8fd7b6f9ea07661458e,5,5,ok
train,shiyan/data3/labels/train/1836.txt,1836,234,9ef7e200b5581d783605f44d0873d47529da01c3975a043ad942593e8d4b484c,6,6,ok
train,shiyan/data3/labels/train/1837.txt,1837,234,34efb95abbc5fbbee5a8f9182084ae60809b4fd9c89e7beb8b8db50677b892b0,6,6,ok
train,shiyan/data3/labels/train/1838.txt,1838,390,3bb253edfcbc2a948c3ba4b25e133a782d441f2c8b794ef64610f1dcb124ee11,10,10,ok
train,shiyan/data3/labels/train/1839.txt,1839,156,59239b5e5161dcdf22792a0a6d0ba0f865a922b14096b0ba6276014b50310b99,4,4,ok
train,shiyan/data3/labels/train/1840.txt,1840,114,a628e84722cc81958e93586720ce730a45f7d4143e80f0e3c506b1b0d86efdf9,3,3,ok
train,shiyan/data3/labels/train/1841.txt,1841,234,2d82563b700d70f83504cb224b8bedf0716348e729843f165e7cd6e8c85e196a,6,6,ok
train,shiyan/data3/labels/train/1842.txt,1842,38,d0fcf872c859a8c3b873908d69916e8a83c89e4007876d8791614fbed18ee040,1,1,ok
train,shiyan/data3/labels/train/1843.txt,1843,156,09e26bd0b44f46423758c1c3316b98bd37068730da92b9e8de974384fd5d68b4,4,4,ok
train,shiyan/data3/labels/train/1844.txt,1844,117,bb5e5d3e9127fff1fdad666438fc2d68ddd96b7b81a643c874a6a150bfa1639f,3,3,ok
train,shiyan/data3/labels/train/1845.txt,1845,39,812a053244a3735fd5aaa4d554e7d6e9126cc0ed3d6705b6f2c1c6c6712eb9d6,1,1,ok
train,shiyan/data3/labels/train/1846.txt,1846,429,37122e917e0cf5de49228ab78cda5cd87f17bb72bc8a15ae746e92dbb6dbdab2,11,11,ok
train,shiyan/data3/labels/train/1847.txt,1847,351,42f177f2d1bd55346a88297bc9f2c4e922d1eb15db3dbc082f07a98d855884b3,9,9,ok
train,shiyan/data3/labels/train/1848.txt,1848,702,ad1f8781a549623140304850a8644f0d88e344c8908b62b5bee0d7845f30d439,18,18,ok
train,shiyan/data3/labels/train/1849.txt,1849,234,084c9dd155fb1a27afc15b3c0c5bc3b380f5949f93f851245a8d2d61e9054faa,6,6,ok
train,shiyan/data3/labels/train/1850.txt,1850,546,d5e4640287c75681cc75afbf4ec45c1f2848ebfba163b758c3c7de64dffdcf28,14,14,ok
train,shiyan/data3/labels/train/1851.txt,1851,663,3899e152511272308d272aea8c52462af537b81011077ad569ad8d7bfdf739fc,17,17,ok
train,shiyan/data3/labels/train/1852.txt,1852,228,ff6d33a3e6cf824b15f17089c313522197fdd5f30829cbda9c87b02e0762f550,6,6,ok
train,shiyan/data3/labels/train/1853.txt,1853,195,507415cbb5771ca81e2e82142f838a2d9ec2cc0f268a91ec04bbdd473bbcb07f,5,5,ok
train,shiyan/data3/labels/train/1854.txt,1854,117,a47916775dc8fc8689bf4f2f960e5fec6562a7472e16c892e5f28450acc76879,3,3,ok
train,shiyan/data3/labels/train/1855.txt,1855,156,ea5da4379aa46421793086df4809c7a4e0729de4b01527256288264e1a0a7676,4,4,ok
train,shiyan/data3/labels/train/1856.txt,1856,195,21683e1914a12b53485b27ff666aeeb155d287370c30701f401788abe51d19e1,5,5,ok
train,shiyan/data3/labels/train/1857.txt,1857,382,21cb03ff55338b3ccbc1acb37d1efb614ed9cf1078c8ea7e3711bbe06f34a649,10,10,ok
train,shiyan/data3/labels/train/1858.txt,1858,468,acaf14dbdfb4f4af326775e7dcc6149a4cb54414b97e384fbe86f186b5a7cce2,12,12,ok
train,shiyan/data3/labels/train/1859.txt,1859,729,393966cf5ccb00da773a87f758a460ef1c1666ef5db993d8650ba8162d7c868d,19,19,ok
train,shiyan/data3/labels/train/1860.txt,1860,38,9fc134f582d474441de9940e7c32d69103a94fd2be34b858993a8ff6411b5cdd,1,1,ok
train,shiyan/data3/labels/train/1861.txt,1861,39,a52e4c793cef16d52c3d4078792001414f137db1930bafbdba34a588b251513a,1,1,ok
train,shiyan/data3/labels/train/1862.txt,1862,117,86bb76dcbe4e1231aeb4d6a694be65ddc03563a9e94fa69420ce7fd7fdec9d1a,3,3,ok
train,shiyan/data3/labels/train/1863.txt,1863,78,1de1648a253b6431f5e436acb665abedb0516535ead8fac725a51135af8396a8,2,2,ok
train,shiyan/data3/labels/train/1864.txt,1864,156,36b3be5d0732da4e4eaf883218b72caccdbe2550e986e0738260dfdc3bd552ac,4,4,ok
train,shiyan/data3/labels/train/1865.txt,1865,39,d4c06780aa358c238682a7646ba5d6164105b45a37c0bbd90599589d331f2a78,1,1,ok
train,shiyan/data3/labels/train/1866.txt,1866,418,c31d47affa798cc47b075e254854e02701f6cc6ee110802be51f1e15614a0e54,11,11,ok
train,shiyan/data3/labels/train/1867.txt,1867,195,fac0559d808f3dba879e8e26878566f3f0486aa12e7dab619870f024a91d2b9c,5,5,ok
train,shiyan/data3/labels/train/1868.txt,1868,507,e70333c0ceb512f1c41e1cae0ad6bab1ea5081853f7a82a3aa13d91377cc24fa,13,13,ok
train,shiyan/data3/labels/train/1869.txt,1869,342,2e3ca31cc5a5903d1f141069dc15a0d9397d0939415e60a3586728941083064f,9,9,ok
train,shiyan/data3/labels/train/1870.txt,1870,114,21fc07085662106a98aa400d852fb5eb540597d14aae877a2d80420a4a45002d,3,3,ok
train,shiyan/data3/labels/train/1871.txt,1871,117,143450eb979f1e550b680d5a49eeb40549a203ddf2e65ad8a102aae60c1ec198,3,3,ok
train,shiyan/data3/labels/train/1872.txt,1872,655,e285223310c0a1d480c883f23c6831f713814b94f017d8526b2447be5b35239a,17,17,ok
train,shiyan/data3/labels/train/1873.txt,1873,38,71ad2758c72894b0cea6dab3e6097d2e0c99ac7f0daa791c5c81688465da2212,1,1,ok
train,shiyan/data3/labels/train/1874.txt,1874,308,a6e544ab6022112d1b0be59e05fecb8696681451246bf0c231eed2ec085fd8b2,8,8,ok
train,shiyan/data3/labels/train/1875.txt,1875,78,47ae83ac7633b3b0543ea781285b1b5030688b8c5bc6e4e253f827d79f1c0bcf,2,2,ok
train,shiyan/data3/labels/train/1876.txt,1876,234,8baf9527881132a2aaa4a9e51495e09be340ec5f9fa4450c43c39e4b1be5f01d,6,6,ok
train,shiyan/data3/labels/train/1877.txt,1877,195,04c4127328bcb432f180740e8ae82616b90c663f6b39e18ecd0d1fcc706256f1,5,5,ok
train,shiyan/data3/labels/train/1878.txt,1878,117,b6e714a6cc223ad5fb5b331af6e92563c8ecb3d04882af44cfeffc3f43ff1f6c,3,3,ok
train,shiyan/data3/labels/train/1879.txt,1879,117,c942db9a7e3036ba0fc08258a6ee58a7d9bfc4ce5a8cc8590c2b0534de790182,3,3,ok
train,shiyan/data3/labels/train/1880.txt,1880,585,1c186603710169c694528a1f494ed28e6f2a88a79586fec0feeebc146b9c154f,15,15,ok
train,shiyan/data3/labels/train/1881.txt,1881,76,ec431b014e79abcd7aa4691f9c5a9a9665512c20caea5feb3cca8d84cc96a0cf,2,2,ok
train,shiyan/data3/labels/train/1882.txt,1882,342,3dcd93591856755076180b55c2af82c62f08bffa734244db3c24973590125486,9,9,ok
train,shiyan/data3/labels/train/1883.txt,1883,78,e5ea49e308700474c7e3d2bbc99760031f9a6871c55a91959e0bde9342f24c8b,2,2,ok
train,shiyan/data3/labels/train/1884.txt,1884,156,9067718d85148d67531c6cf759aa8504be93ae70bfff74e4bbff488a897ba83f,4,4,ok
train,shiyan/data3/labels/train/1885.txt,1885,114,f65603915c32261e4b75422466658891fd15698cd6a4d5a2e8d99346f064d641,3,3,ok
train,shiyan/data3/labels/train/1886.txt,1886,38,3898d44266220fd2e287f4f3ef9a86b36d0b919802240dfde323b2a159ef3418,1,1,ok
train,shiyan/data3/labels/train/1887.txt,1887,429,b2194c4112c1bdaccc36b2bcfe57d01b0727f73dfc853de87836b92617bccf87,11,11,ok
train,shiyan/data3/labels/train/1888.txt,1888,819,7c589f124d568a2a9dc03612936f466a6b02c4a0bf6d6fd2514ca92f4f233e52,21,21,ok
train,shiyan/data3/labels/train/1889.txt,1889,273,63a71260c88350a40fe4cea6042b4e407c609044eddf56e4fde3b9bf91842207,7,7,ok
train,shiyan/data3/labels/train/1890.txt,1890,351,44e489633fd590a1e234c7ae91217fcd52356aaff1a360755b6f7b7bf0ff034e,9,9,ok
train,shiyan/data3/labels/train/1891.txt,1891,114,411449cf83c58dd76b951e182b54c8e6e6328a047245804d0efac014b147d44a,3,3,ok
train,shiyan/data3/labels/train/1892.txt,1892,117,244da7cf2efe6f319d569bcd554f75fa7cddc44df6120b0bfe661047c0c42f01,3,3,ok
train,shiyan/data3/labels/train/1893.txt,1893,78,930ab79ea2250daac1741c9c159e1c288ed6b1372883eadc0705c1b8507b51d6,2,2,ok
train,shiyan/data3/labels/train/1894.txt,1894,266,8bfd81d06aaaae5cf83e0ba64f49a708185f11a95f31dc3129edd1ff94293b55,7,7,ok
train,shiyan/data3/labels/train/1895.txt,1895,78,f0ed9204c07a03f609cb12e173351bad68622a5ec6a1a5bd72d0a64764125cbb,2,2,ok
train,shiyan/data3/labels/train/1896.txt,1896,234,629e1244ab66ff2eb0c6ee24d76b4a8d5760341872d516cae8854a5eae012835,6,6,ok
train,shiyan/data3/labels/train/1897.txt,1897,39,91321a935a478b93b0d9c843d1d7642cf7fa7e9d60ea7d5c4d4c986915958773,1,1,ok
train,shiyan/data3/labels/train/1898.txt,1898,76,2f89868018006981017dba1bf1abff785d3eb218c6393553bed26f46c0255a8f,2,2,ok
train,shiyan/data3/labels/train/1899.txt,1899,117,c173e7700a9bf7f4928f12412a7f51834a92659d4fdf7ace6dae9ef3ce352549,3,3,ok
train,shiyan/data3/labels/train/1900.txt,1900,156,5652e3ab08b92c0e92b523e898a05c1d204acaed4d9bb2352cba21598b7d7357,4,4,ok
train,shiyan/data3/labels/train/1901.txt,1901,156,427e0d4467f682c93266c196dab340acecd0353e95fff513fb1b40777322522a,4,4,ok
train,shiyan/data3/labels/train/1902.txt,1902,117,97b719fc340a2a021565a877d7d6331abc15493def298954a7773e0d2c6bd7f8,3,3,ok
train,shiyan/data3/labels/train/1903.txt,1903,156,197f52e55ecd7ebbe1191f0296dbfa737038d6c353b3bfd9f3c0497b4d37419a,4,4,ok
train,shiyan/data3/labels/train/1904.txt,1904,266,c43a60239aba2d64cf7724da93704cfa45f24e9e54e7ddde19f87177fd49e398,7,7,ok
train,shiyan/data3/labels/train/1905.txt,1905,195,ae69b0af8b89f163c31c72e94013b026786bfb27b5be92d5a6414d7c5b2061f4,5,5,ok
train,shiyan/data3/labels/train/1906.txt,1906,117,4ac5ec8edc527ff8acbbfd5c29981aa93dec431d3c553c56d38242649f03fef8,3,3,ok
train,shiyan/data3/labels/train/1907.txt,1907,351,df247ac02d3ad82be3eebb77b03d814c05be06c3aface31f0c0bd95727b8e8b1,9,9,ok
train,shiyan/data3/labels/train/1908.txt,1908,228,8d1544fda70a0e5e5ab4fc2162be383510d3ac5d29b0ffa7202ffe203597f1f0,6,6,ok
train,shiyan/data3/labels/train/1909.txt,1909,190,3778bca5ab3487eb1bab8b622b47a84ec71fc8f883016b8e1e7d01176372374a,5,5,ok
train,shiyan/data3/labels/train/1910.txt,1910,312,ae7e0e872ea6302a50982e0dd7620306b0841e44ba458e48bb8dd9ef119e5e5c,8,8,ok
train,shiyan/data3/labels/train/1911.txt,1911,312,d655c12504c037df88ae05f29f54eea9261071b232b320ae967d1253f6926458,8,8,ok
train,shiyan/data3/labels/train/1912.txt,1912,195,d7522a874574e102ab7fc8132d89c755aa13470758a65f03c45bb8b3e83be406,5,5,ok
train,shiyan/data3/labels/train/1913.txt,1913,269,492456d498637e2b8fe3dd268c08efec3f0f3b6ed0d94735edcdb94c434ea03a,7,7,ok
train,shiyan/data3/labels/train/1914.txt,1914,39,66805e91d3686652b735a17f17f1627a3b0cb70a53b417a57607a42430d62ed9,1,1,ok
train,shiyan/data3/labels/train/1915.txt,1915,114,82fad099f9cdf20d649358b97ad08eb07c9528ccb3f15db04fa56afd37c84ef7,3,3,ok
train,shiyan/data3/labels/train/1916.txt,1916,156,7a53e2cd7608dfe783355dd0830c9024299b6d0007b3429927b4b9b9654c5b68,4,4,ok
train,shiyan/data3/labels/train/1917.txt,1917,273,55cccb1a521973482791f9577054ffe5abb2883a7de12e290d6124bf48aba4c8,7,7,ok
train,shiyan/data3/labels/train/1918.txt,1918,228,528743c73fe2fdaad07e3cb0f00acc1abb9a3888b0bf5a099602207b82f1eecc,6,6,ok
train,shiyan/data3/labels/train/1919.txt,1919,311,5fa974c8ac6612f3fd6f4bc5d0dc349b58cff0e004026db4edfefb9230eff5ce,8,8,ok
train,shiyan/data3/labels/train/1920.txt,1920,266,9bb4cd9f80bdd9ef8f429e5427314e8eaa5e0d7d3dd4a6da7628588ced82b811,7,7,ok
train,shiyan/data3/labels/train/1921.txt,1921,195,fdfdad4573766cd0a041f8a62d7c34d178b1a3fb2535a820d15ddb03a7dc5d85,5,5,ok
train,shiyan/data3/labels/train/1922.txt,1922,192,ee5f194f660bf1cb05eba44efb3ac15f6f11897a7cc6a8db35447706d5fe2c45,5,5,ok
train,shiyan/data3/labels/train/1923.txt,1923,152,8d1ff5ac183f245e21b5c9b8b2888197cff90d9d0814c0138c53a904ab13e6de,4,4,ok
train,shiyan/data3/labels/train/1924.txt,1924,39,2bf21e4da0af02a49287f75c411c56dd0872acfc69d01500275349f91dd6a1df,1,1,ok
train,shiyan/data3/labels/train/1925.txt,1925,156,5f57a23f6f21e51fdc514330d14a4b7e5588558e418f989fda3578c2d0460391,4,4,ok
train,shiyan/data3/labels/train/1926.txt,1926,117,659ff8cba90375f44935d964de892121cd4aea5be286f2d6737fc142ee29e4c1,3,3,ok
train,shiyan/data3/labels/train/1927.txt,1927,39,297ea96c1d126bc8abcffa0ede158ffb15add4648dc646f44b94481af1bde905,1,1,ok
train,shiyan/data3/labels/train/1928.txt,1928,234,6941c7c796d5bfb8d9eb630cf4f11fd22f6a373df89231030fea2157c11c3442,6,6,ok
train,shiyan/data3/labels/train/1929.txt,1929,195,b4955915dcc7fce2a4a467481b3352244e4223383b62bb16b5ac0ff0f37b1629,5,5,ok
train,shiyan/data3/labels/train/1930.txt,1930,156,c1b4fc8e511c85652e1d428a2f802d8efb2497264ecec4e2378ecfee84257b55,4,4,ok
train,shiyan/data3/labels/train/1931.txt,1931,76,aecfc304af872923cc21f9025a96a1c581a9f1a5c198fe2023a49aab18bd542a,2,2,ok
train,shiyan/data3/labels/train/1932.txt,1932,273,c742688a5ff447b245aa3d4e5e427013b0565360b542e5ee42adc364e3c0f220,7,7,ok
train,shiyan/data3/labels/train/1933.txt,1933,342,e6e3bac5ef0c20a1ea5a83d5155db2d69180bce0c2509bb7919eda301e0c4dcc,9,9,ok
train,shiyan/data3/labels/train/1934.txt,1934,195,b320072cfb2ddc0dfcebb9f0b42caab839947988458af506f7ff92fa2f7136e2,5,5,ok
train,shiyan/data3/labels/train/1935.txt,1935,190,e023807487d32e52c77d4cfb28d322a9d42a2068a70d861219c092b743d1c506,5,5,ok
train,shiyan/data3/labels/train/1936.txt,1936,228,5284b4bce8f5b9a35bc1cf1b5589c10e486b81741a8dc5f70891157780276727,6,6,ok
train,shiyan/data3/labels/train/1937.txt,1937,273,fecd1575f232c1f36bb969aa0831731152520beea13c09328850858e17ceb049,7,7,ok
train,shiyan/data3/labels/train/1938.txt,1938,78,8511f89abc92c02bfe9afe6b660a6bf2680573fbb3bd9d5ac5ad55f44cb86720,2,2,ok
train,shiyan/data3/labels/train/1939.txt,1939,312,6aab9920d0e5b57d2073d9599d2d83faa8123e07d2beac41a10df47321e3e58a,8,8,ok
train,shiyan/data3/labels/train/1940.txt,1940,76,045ae0518043578c90ee4ab86634d075a42cf3b34fae0c2f9b80960184818b76,2,2,ok
train,shiyan/data3/labels/train/1941.txt,1941,152,5416910eef9dd3f23e2413af6300f5ab6864e002caabd6faf89d5272e3307102,4,4,ok
train,shiyan/data3/labels/train/1942.txt,1942,156,eb1b2008b8d155faf4ce8cbdc49acdbb2d5679c675517a88429ceddadd9eb7d8,4,4,ok
train,shiyan/data3/labels/train/1943.txt,1943,496,457e622b070cf5f24abda85d587ac0aca9c0c7576052904d1b6bd314d82c5224,13,13,ok
train,shiyan/data3/labels/train/1944.txt,1944,77,293a8bcf1923829e9f6e374b0f58b59d315102bb0c8761664c92d2a30d8b390b,2,2,ok
train,shiyan/data3/labels/train/1945.txt,1945,195,984ee17c1242122b833232ecf6d475bc6ad63afadcafe45f521b0fa12b112376,5,5,ok
train,shiyan/data3/labels/train/1946.txt,1946,273,ec8e4e8eb8d341d122f1ea25c4853aec5f2f4b676b326d0312b881aac24149eb,7,7,ok
train,shiyan/data3/labels/train/1947.txt,1947,156,5831d5216eddbed489d3c6b58a75e17629470fdf79bd9965f385aa39ce3c4168,4,4,ok
train,shiyan/data3/labels/train/1948.txt,1948,351,f825d833850f02b0cf876a986ab1c07963be95d5c1c7565da567c4f29173b192,9,9,ok
train,shiyan/data3/labels/train/1949.txt,1949,390,72a966d1d576a8077524b6597ba39372c2aaca5c89509e14d8f440c53b83475f,10,10,ok
train,shiyan/data3/labels/train/1950.txt,1950,152,6c8ba934fe0bc97a9ad0a5a64a3826dfd109bf07e4d8d9679924645b860af20b,4,4,ok
train,shiyan/data3/labels/train/1951.txt,1951,273,6ef014c06029bbb16e5a5a2a8a2816453cb938e462de2915adcaf2229b84ccbc,7,7,ok
train,shiyan/data3/labels/train/1952.txt,1952,156,1c8b85bf23082a5ec68be18f936521ed3ceb8c08196a98fe36c95b400d1b7d29,4,4,ok
train,shiyan/data3/labels/train/1953.txt,1953,78,384e73aefa1b7a1aa023e38f92d4568c75b04d378eb1bb21c15eb444ecea1a47,2,2,ok
train,shiyan/data3/labels/train/1954.txt,1954,117,1095950d05c65db9c181d1e75210ddd0938228dea29156cf1c37fd185841ec9b,3,3,ok
train,shiyan/data3/labels/train/1955.txt,1955,195,768e32fa8a23014594cdf9b4aa2a2a64a577bc286d41aff0cb3151266c810f81,5,5,ok
train,shiyan/data3/labels/train/1956.txt,1956,38,75e1c7e7897502823ee9b73ddaa96ed10fa5cc1a0db6486551fc03762132064f,1,1,ok
train,shiyan/data3/labels/train/1957.txt,1957,156,eb52edba6a12912b733ae9d2feb81d782024fc0e71cfb2d49d1e0fe6f7296244,4,4,ok
train,shiyan/data3/labels/train/1958.txt,1958,195,3b5ff972be5b9f41594615fe714a00a592d3672344bcff6e263e826489e16eeb,5,5,ok
train,shiyan/data3/labels/train/1959.txt,1959,425,76fa134e89a98cb49d33e55a880778b41212134e1b9f5f1e7eca43cc129da80b,11,11,ok
train,shiyan/data3/labels/train/1960.txt,1960,156,f24aad17b65b25ae8b6780590239cdd0bc73c045ee97391ebcc856824a90519a,4,4,ok
train,shiyan/data3/labels/train/1961.txt,1961,230,35b13bb67095910635d5bb4b8e9ed16067ae7169699f26d027dfc15f957867a3,6,6,ok
train,shiyan/data3/labels/train/1962.txt,1962,76,ca9b7eddbd449d1710f2af320174492578da03aac464118103e736da8fe7deb6,2,2,ok
train,shiyan/data3/labels/train/1963.txt,1963,390,c11d1c01aefb06895f6ba43c6801887de35367e35fb3d8b5b39c380dbf23ae54,10,10,ok
train,shiyan/data3/labels/train/1964.txt,1964,76,b31d6d639b55d3969366f5aa72f245c1c263533623478da03ee1714a9e7723df,2,2,ok
train,shiyan/data3/labels/train/1965.txt,1965,39,de608e0a5871c6f749006129910f7ab564e9b5aea89d9c354b3fc89d12da6e4c,1,1,ok
train,shiyan/data3/labels/train/1966.txt,1966,540,537db0bc3f0c00161e0ccad0bdbbecbf768c583f64028bafef1240f23ee881c3,14,14,ok
train,shiyan/data3/labels/train/1967.txt,1967,155,2719f94ce5bea8d1a79233a68488e1d51a81d67e34da64815669da72cc027f29,4,4,ok
train,shiyan/data3/labels/train/1968.txt,1968,117,5cd4e4a2145c75a1164ccc932eaee365df27d90b8b3c3c6821708376943195c0,3,3,ok
train,shiyan/data3/labels/train/1969.txt,1969,382,9a35f2c13c67e2ce4d650f539f37b1390a1b720364cf1fe15a1b134648badbda,10,10,ok
train,shiyan/data3/labels/train/1970.txt,1970,234,ac76a693c513a4df6a05615c2cfdda9620b7f2c2555a5354d9b5aa63a01096d8,6,6,ok
train,shiyan/data3/labels/train/1971.txt,1971,195,d48ccaa4063740de9f4e47786f2ffa29256e3642255e8b0568bea3150775f7dd,5,5,ok
train,shiyan/data3/labels/train/1972.txt,1972,156,8302a2526802a4fa6ceb9741126274b7640d8b491812ee6df62bf26240bab1d8,4,4,ok
train,shiyan/data3/labels/train/1973.txt,1973,234,29d04710d2dd3c1db24dd19c640f4755abab732c769ca6e7bd1065ff566b2df9,6,6,ok
train,shiyan/data3/labels/train/1974.txt,1974,117,8df1f45bc2d23d504014ff9a9957c5ceed680a5b837d5d9a7d3c3c22f1959e21,3,3,ok
train,shiyan/data3/labels/train/1975.txt,1975,117,28eab511b7169d88ca493b134d4bdc5cc91c0691cc6b19fd5a11d90245793b84,3,3,ok
train,shiyan/data3/labels/train/1976.txt,1976,117,49219d76fa03c967210e9257c0fe0a9affc50c1219970b17078f7f4c4e961080,3,3,ok
train,shiyan/data3/labels/train/1977.txt,1977,464,a9531888f86be95754b9ad5037bd4dc5a0dfa086350f40016b0913cd40715be7,12,12,ok
train,shiyan/data3/labels/train/1978.txt,1978,380,fb77d5c1f1e0e358f97fc6094581ea70cb7c727ca983973dca9c26212f0ece3c,10,10,ok
train,shiyan/data3/labels/train/1979.txt,1979,39,d0945a5446ba9ee5164d6e39c04dce8491d5fde011e4a84638eac30b80d0a055,1,1,ok
train,shiyan/data3/labels/train/1980.txt,1980,117,699171d7abe174ba91aa58018dfea5521f6e44e5804feac9430229c43bdf44bd,3,3,ok
train,shiyan/data3/labels/train/1981.txt,1981,156,69f16eba1cd47511f551b20f9a7a5ae0ce93fee3812903b0c2ca75cc5fa40c42,4,4,ok
train,shiyan/data3/labels/train/1982.txt,1982,78,592c88f99c61055545b96023ec4ae0ce402df58a01e893d53566da51074c32e4,2,2,ok
train,shiyan/data3/labels/train/1983.txt,1983,156,f64d1f8c146672c2a2f015f1bf121335f436f9bcb1f2d9c9fb61f323c1a299e8,4,4,ok
train,shiyan/data3/labels/train/1984.txt,1984,1599,ab59e63568807f582c97b82ac5cbd5ec12cee6d64214ad5652fb099c2156532f,41,41,ok
train,shiyan/data3/labels/train/1985.txt,1985,156,4c27a1b382e8c4c3b72cebd3f97593e3d11b19032fb543702e1edf628db4a850,4,4,ok
train,shiyan/data3/labels/train/1986.txt,1986,114,748da484c0ff55c38e365269d51e0b21033b419c268b1312d03db8d93b1b34e6,3,3,ok
train,shiyan/data3/labels/train/1987.txt,1987,156,ed7caf5ceb0ccc1053802f9bc178571914c1825c0dc3d57456c379ccaf14e37a,4,4,ok
train,shiyan/data3/labels/train/1988.txt,1988,234,05b4b13ca0cddf61dfa7dfe5021d6ed2ead166840d409a3b2313f0eb35a15c86,6,6,ok
train,shiyan/data3/labels/train/1989.txt,1989,152,5d7796606b2f1725598700e61a74f0b3d5f99da04ac9668b1283df97afa1e1bd,4,4,ok
train,shiyan/data3/labels/train/1990.txt,1990,195,ac2ec2c7d40f5ba85ed6577c629b54aaeddbcb7b7a1d5826ab099f5ed36e9713,5,5,ok
train,shiyan/data3/labels/train/1991.txt,1991,195,5843210443f1a49fc1c78e18bd798a0fe4abb360cef2f52e4f75a46599f1c6c9,5,5,ok
train,shiyan/data3/labels/train/1992.txt,1992,155,46752a404030d65173d5339c99d6fadccd1ebf96df232f6dd2c16f2dd9349284,4,4,ok
train,shiyan/data3/labels/train/1993.txt,1993,156,b248f08247d0285730c6ea709e309f78f2bdd82c4282c1730c6b180a1f1e9bce,4,4,ok
train,shiyan/data3/labels/train/1994.txt,1994,152,4473492d4b134b71cf2aa8553efdabbbd607e5b125bf5740dface1e4ae1691cf,4,4,ok
train,shiyan/data3/labels/train/1995.txt,1995,351,3ef540012ae71323870cdfacab238e087ee175a0c214d61f474156f4c232b08d,9,9,ok
train,shiyan/data3/labels/train/1996.txt,1996,305,10fb41be7ef8c9f58ddbfaecbacccd1429edeebf8a66e26305187072e3b7ec1a,8,8,ok
train,shiyan/data3/labels/train/1997.txt,1997,39,aea9e42fd2db92a81340eb7a76d20f7bc6f525b86fb3d0ae9e0d52850ef906af,1,1,ok
train,shiyan/data3/labels/train/1998.txt,1998,117,0e6277e94f431016ef6153769bd18f03089ba6c29be840557330a3c43e0f858c,3,3,ok
train,shiyan/data3/labels/train/1999.txt,1999,234,165951743d158cdcd1c47068cb994a42d24e2efc0e504e18a446f83cbf3a4285,6,6,ok
train,shiyan/data3/labels/train/2000.txt,2000,156,3fe89337cdf4bb7990dd0baa50dd803d0bc1a0c4c9ce827e95bdfbcd07e391d7,4,4,ok
train,shiyan/data3/labels/train/2001.txt,2001,114,02d8177df6fde9c57a5b9b58d5f955f3886ffa20b67ee104ca0e3485b7582b90,3,3,ok
train,shiyan/data3/labels/train/2002.txt,2002,468,22a52e0e2ff9ff29ba544d9b15217210a16bc65585b1b86c05870919fa8fabeb,12,12,ok
train,shiyan/data3/labels/train/2003.txt,2003,39,5e53af7cbe6da65328a8fb2e48eedb5975fcd40395f5926b195c44e81b36dd9a,1,1,ok
train,shiyan/data3/labels/train/2004.txt,2004,156,36d488ce0d9614e40bb236c8fa533d4a4040991f3cc2d02cbdf0c9e297480be8,4,4,ok
train,shiyan/data3/labels/train/2005.txt,2005,273,90de098d1b24a9c3588aa2638c64f34a861cc9b336acf6ebc56a56b65de88b79,7,7,ok
train,shiyan/data3/labels/train/2006.txt,2006,156,89a1167d38a0708b8b3a45ea00b1da5b32e63d650da79ca9f8572553e43f58ff,4,4,ok
train,shiyan/data3/labels/train/2007.txt,2007,39,f53aaea0c95358077a09c594dd11bcb1a84942de671f203bd8c62fbd9a3381a2,1,1,ok
train,shiyan/data3/labels/train/2008.txt,2008,39,e97da3c481fcd1a5bcbda22a74e3f43c7b5d5fe53982f5a0a5e97e6ff9bfa665,1,1,ok
train,shiyan/data3/labels/train/2009.txt,2009,78,71f3fe805757e6167fae6739b2e5701cbbbecfa97fb607d687bad459289f87d9,2,2,ok
train,shiyan/data3/labels/train/2010.txt,2010,78,9c94785ef0520e95ed20362ef8b66ee0c589ea6ca8f1aec8cc8fcc5a124bb5d1,2,2,ok
train,shiyan/data3/labels/train/2011.txt,2011,153,9100907af172d68188c31fae9b940d0a0ae4196c5742ea80f8697dfb7a1fb4bf,4,4,ok
train,shiyan/data3/labels/train/2012.txt,2012,78,83754a78c1142e76c70dccbe52e540110031274f3bac6ea9bb5e59a11f5209a1,2,2,ok
train,shiyan/data3/labels/train/2013.txt,2013,39,0e420b113067fe76b3929d06a574f7530b71df79574007407cccd83827bd213f,1,1,ok
train,shiyan/data3/labels/train/2014.txt,2014,234,06d442c179754f115194d817edd20e8b54d3fc4edc6dff03906256f8bf57ddf7,6,6,ok
train,shiyan/data3/labels/train/2015.txt,2015,195,ba412bb6e35fcaedc413c3e04657eae890980813af52284f65787fe814a8649c,5,5,ok
train,shiyan/data3/labels/train/2016.txt,2016,456,22b4f95962ea67cf0e75e4154601bb60bc37a2bf178374ed6dfe6788a7655a23,12,12,ok
train,shiyan/data3/labels/train/2017.txt,2017,195,0debfc22daee1eb75f22d58b0491c03495fb17b9c82668b25728cc064081edec,5,5,ok
train,shiyan/data3/labels/train/2018.txt,2018,156,3b292516969c3603290649c9bae110b603fd49082c8c6cd3f2debf5424ea6faf,4,4,ok
train,shiyan/data3/labels/train/2019.txt,2019,38,1b59c13d883bc950ec50b1fb5141b0ca928b32e0b4a50a19da53bdff5e3a97ec,1,1,ok
train,shiyan/data3/labels/train/2020.txt,2020,156,c5c0c2a89eba83501f986e2362cb13fa95646c229dbc4608aa6dbe181861c33a,4,4,ok
train,shiyan/data3/labels/train/2021.txt,2021,195,132e3314d0cd953eb3cd489cbcc67dffaabde93907a2ffe6327632e7fccc389d,5,5,ok
train,shiyan/data3/labels/train/2022.txt,2022,76,b0a0f221f53311da40b672ab2059a1b65bbeeceba6c9f4002db1f0750e17b2a8,2,2,ok
train,shiyan/data3/labels/train/2023.txt,2023,156,d7f2d7f7493c744475507aeb955566c7acb9c4347f2e75b0bea5c58085a1c54f,4,4,ok
train,shiyan/data3/labels/train/2024.txt,2024,117,015c1c51b5a5276dc9a00cf2cb29f66859bdc9c741fc4a19768c607b9dc396bb,3,3,ok
train,shiyan/data3/labels/train/2025.txt,2025,156,b07631e5ba77f78575936ed128fe2056d8fb23b199dc308f6d2ed636c26a79d8,4,4,ok
train,shiyan/data3/labels/train/2026.txt,2026,114,775c952e23cb6bcf00e210974a376195582e72eacf6f0bb07b8d05d594edf5db,3,3,ok
train,shiyan/data3/labels/train/2027.txt,2027,273,2059265877f569122c156d291e560bcabba91f16f51f8b14dc62b72e2efd662e,7,7,ok
train,shiyan/data3/labels/train/2028.txt,2028,1266,0407b179462a28eaf58fb8e9deeab7503bdab18739f7e261e6818e2af7dd3a33,33,33,ok
train,shiyan/data3/labels/train/2029.txt,2029,538,76754e09ae0cdff4ce66e7761cd7e12c018a99af9fecc9fb9686f4bb61d60799,14,14,ok
train,shiyan/data3/labels/train/2030.txt,2030,156,215b209bdd06230f0c872f40c0e752bb5ac969642e85ccf2b04ed740d9f8c51c,4,4,ok
train,shiyan/data3/labels/train/2031.txt,2031,156,81e4e2b88929c9647aeb915c4c546b2950fd6de426d16b2cac6d23bc251184f8,4,4,ok
train,shiyan/data3/labels/train/2032.txt,2032,190,ab6191f1ac3145f46c6be5f2a7b92c5dc67c199dd2477eb4e7a930a48a50d7f7,5,5,ok
train,shiyan/data3/labels/train/2033.txt,2033,267,a3dba83739271687b7e97fc69ec41abcdde6216fc8bd428fa8b6019703a54bf7,7,7,ok
train,shiyan/data3/labels/train/2034.txt,2034,190,f4a006b87acc0eff6b16db5edc1911850a4a99637a63d13336b17ce3b14861d9,5,5,ok
train,shiyan/data3/labels/train/2035.txt,2035,390,ff1d5ed89103045281aa78d2ae23f5c9e93e924b8506d1558109ffd48b6f6a64,10,10,ok
train,shiyan/data3/labels/train/2036.txt,2036,390,49be7118419b886744793881d387749b4c9db9526fc4981c035c9cde67ff62f2,10,10,ok
train,shiyan/data3/labels/train/2037.txt,2037,273,1b0fe8be96f04ee966d5aeec33c1bc7fcb4b7637c5abc1173ae6f7d8d28eec6c,7,7,ok
train,shiyan/data3/labels/train/2038.txt,2038,78,630cfc75ed412721531263ba74db876195c14ccabfab798945c68c6b6fb01d90,2,2,ok
train,shiyan/data3/labels/train/2039.txt,2039,304,b9227c9f691e439c71092c313c4451a14ffa024e65f7b217afaefc1a470455ae,8,8,ok
train,shiyan/data3/labels/train/2040.txt,2040,273,7908786fda60f4d5edc12e59ad6de8f1030293310e355e4a6a63ebbc0cd25ff3,7,7,ok
train,shiyan/data3/labels/train/2041.txt,2041,117,9cc91bce46593db666172d0d6cbab3beea952847539bb624e008f8d9045e6b14,3,3,ok
train,shiyan/data3/labels/train/2042.txt,2042,780,f7761962ee66dcf625b408db74f7b292cbc06e687aa92e777499d7263a9a0880,20,20,ok
train,shiyan/data3/labels/train/2043.txt,2043,507,a29a32ceb7ccd20e8cef49fcd72fdb49758d364a9813a5e1cfd9d492cc20eab7,13,13,ok
train,shiyan/data3/labels/train/2044.txt,2044,152,fe4b92b762ada4eb47af87f59ca3c8a7ba108d8f7124a46fb0dd45206c94913a,4,4,ok
train,shiyan/data3/labels/train/2045.txt,2045,156,2caeab446477104a83b33461fa137e1c6920e5c59f417b17a1a36fe4e3fc02c2,4,4,ok
train,shiyan/data3/labels/train/2046.txt,2046,156,cce438a5130f34bb88be1677c0b8fbc381262c54f12e09d8f1855198ac90da72,4,4,ok
train,shiyan/data3/labels/train/2047.txt,2047,117,fab5d016c49fa49d9777685a2f9feecbc30a3ca95103ee1e0b190f651069de03,3,3,ok
train,shiyan/data3/labels/train/2048.txt,2048,234,bd1d2abf4bfff4c5fe3dea9b42756169e1ec7ae32321f2960d3b19c429279ae7,6,6,ok
train,shiyan/data3/labels/train/2049.txt,2049,117,0edf64f64ad6fb015ed130666a3125fa44cd5ae79835d173312152cc05ca941d,3,3,ok
train,shiyan/data3/labels/train/2050.txt,2050,304,767ec63b7739177854d4cc39275ec567a9f0b6ffed49d0e4410a9b8194072b91,8,8,ok
train,shiyan/data3/labels/train/2051.txt,2051,76,a944e9f263dff646b2cf5424e41e8b6889609925185866c4f8cc5c4244933294,2,2,ok
train,shiyan/data3/labels/train/2052.txt,2052,234,80a039e2ea228b9c1e1f94f4433dba0b729d6a0d603fe77a6149b508da49d45e,6,6,ok
train,shiyan/data3/labels/train/2053.txt,2053,234,81ca21c11f66f31c39014110b6b8729a040b9bb6e140d2cd8c7517259b5f2054,6,6,ok
train,shiyan/data3/labels/train/2054.txt,2054,456,49a61b8b9a0ecb99e8869357b9a11b3c664dab5bd0df59210cedfe6a1334dab9,12,12,ok
train,shiyan/data3/labels/train/2055.txt,2055,228,563d3ea15361cc7f8d003505ba7e3d219d782159611840f5a8232d7520c1c307,6,6,ok
train,shiyan/data3/labels/train/2056.txt,2056,234,63da3dcda4f074c3bc5ee7040bc2ffad6fcbb4252f485eb3e373c5f331927209,6,6,ok
train,shiyan/data3/labels/train/2057.txt,2057,228,34fdc418d790a74b6ee67dd4cbdc9bb26a52c025099c922ef2feb5570cd12421,6,6,ok
train,shiyan/data3/labels/train/2058.txt,2058,570,15ab30617291ce5e82b155065623af752326d0cf828d5df3fdcd51c12a41de92,15,15,ok
train,shiyan/data3/labels/train/2059.txt,2059,117,e6697287b3d09cfb37e3f50b5f4c945e7d0c0bce6a2eeffb7ce5cdc67fc10deb,3,3,ok
train,shiyan/data3/labels/train/2060.txt,2060,38,cf5fa11f6d0cfea928963c35d21d97ded1936253643a3b86e93a591f90703fa2,1,1,ok
train,shiyan/data3/labels/train/2061.txt,2061,76,935461c01217d1ecbcc486cb0e78d1c7d3939685cb007d7d1ade1c5e8aa915d5,2,2,ok
train,shiyan/data3/labels/train/2062.txt,2062,152,a7f3aa85b49b3ecaa1d7dc18f7ada53aae7cd8a030e60edaa376ea89ae76f430,4,4,ok
train,shiyan/data3/labels/train/2063.txt,2063,77,d28d369daaa3f1ef2bd6cf593e10e684f691055af6eb3c15b887c8750699f4c6,2,2,ok
train,shiyan/data3/labels/train/2064.txt,2064,228,8eefd0cf08a4259ff9b4a4dc059fffab2533718be45057c0acbf5e1414b0f179,6,6,ok
train,shiyan/data3/labels/train/2065.txt,2065,117,7fc79d2b15d0b0baf77e1abfe392ef297ed556c23cf3689dc0fc11a6208fbfcf,3,3,ok
train,shiyan/data3/labels/train/2066.txt,2066,39,dde054fea47a999115c359e5ffeb9b39fa6a1d20b06815c133e971a890539663,1,1,ok
train,shiyan/data3/labels/train/2067.txt,2067,234,d61f651ee63ea02e2de2be33334ea2b9aae524b099c9aad58e8ff268812bb9be,6,6,ok
train,shiyan/data3/labels/train/2068.txt,2068,190,967abdc9149239b935874cccbdba86f5171eefbd28422480b085ac9a98fd8517,5,5,ok
train,shiyan/data3/labels/train/2069.txt,2069,156,fe5802e95fa116d4ed1637a2d75b6e1af8456760c08dd27801f9367fc1b4b43b,4,4,ok
train,shiyan/data3/labels/train/2070.txt,2070,39,aa6a5803a8684e2344112d2afafc1375ccf81e3b053a27462c2febd417a357ef,1,1,ok
train,shiyan/data3/labels/train/2071.txt,2071,78,9d92350c50b43fb516a5aaf8391df403de0b51b976660519e6a3c68d64ed4b35,2,2,ok
train,shiyan/data3/labels/train/2072.txt,2072,156,1c1c5c73f200ff6c692eb10ec1bf4a9735f224c35adcb199585015fdcd06eb93,4,4,ok
train,shiyan/data3/labels/train/2073.txt,2073,195,c4d792284b77fa2ce7b01e631370da50167c0bf9d2f33611730abead40e3f568,5,5,ok
train,shiyan/data3/labels/train/2074.txt,2074,468,9cd1e3aa92ce749c18d058698f70f40596f1547e20fda85c496b5fff9dc170d1,12,12,ok
train,shiyan/data3/labels/train/2075.txt,2075,304,d914114c57ebc681393a0bf06d2a28eda2fbecea4a8b53c57bb2b6886cbcf167,8,8,ok
train,shiyan/data3/labels/train/2076.txt,2076,115,7940a584435f23aedd1dc885a47586b5a2285f41f17a2621348e01506d9e42f4,3,3,ok
train,shiyan/data3/labels/train/2077.txt,2077,117,b3a0e880e9ca0db318d484010783753e255b2850d957f669f7076c92957a8da2,3,3,ok
train,shiyan/data3/labels/train/2078.txt,2078,156,574f54c5692e078adfb4d502e86c11339bfff005be077b3b99502e8bcf2e142b,4,4,ok
train,shiyan/data3/labels/train/2079.txt,2079,267,f4d8ed464f6de4475b8742da8e973907d8fc0b0603ae69e6a233ae3556ba9815,7,7,ok
train,shiyan/data3/labels/train/2080.txt,2080,229,dc719f35953a452371fff8c1d0acedbd5aadfe924b73a4a603388cb95e806391,6,6,ok
train,shiyan/data3/labels/train/2081.txt,2081,77,972f4403e347f6bbb897785b4ab305d31b485c61445689c42dd30cd9c09d53c5,2,2,ok
train,shiyan/data3/labels/train/2082.txt,2082,228,7c012f9ef24d8769c31a1ee73002d3e88ceb40511b3c1cb47f847520e756b5a5,6,6,ok
train,shiyan/data3/labels/train/2083.txt,2083,78,997ae0ba5f20dbb8389a41c7a761b104353ed18b53f955ad09db36b71b19b33b,2,2,ok
train,shiyan/data3/labels/train/2084.txt,2084,269,e42d2fffb9424b66b2cf5997b0be14178b33ee0962d1651dc5841c6b733817b9,7,7,ok
train,shiyan/data3/labels/train/2085.txt,2085,312,e8861d8f13d9848da513697ca6e5c1091f05667515835eda42b3a12b0c4bab02,8,8,ok
train,shiyan/data3/labels/train/2086.txt,2086,76,673cb7649d2daa72a2fa6041afc052f0075be46ba4023a42dfde55b71c049e9b,2,2,ok
train,shiyan/data3/labels/train/2087.txt,2087,418,ef212887886ac3bb76d2ca3bc8dad43de4c2f8ed71c94ac94281eae07160d647,11,11,ok
train,shiyan/data3/labels/train/2088.txt,2088,195,b595e92d1bd6aad678da877dffd8c17ab997d1497877570f773296591c800017,5,5,ok
train,shiyan/data3/labels/train/2089.txt,2089,390,65b23eab81efa777042569125eb6f19e6da64986c7654c74db1e52fe48a122d9,10,10,ok
train,shiyan/data3/labels/train/2090.txt,2090,304,fa0d53caafa7ca1486c8ebc138dd0ab5e2715db609389b7b07ae5a373b345284,8,8,ok
train,shiyan/data3/labels/train/2091.txt,2091,114,951234e6cc8b6b0d03b310236ca4a87c79aa3c681a844f16267c0519cca58f55,3,3,ok
train,shiyan/data3/labels/train/2092.txt,2092,190,47fdb85d18432fc8da9a816cf7a05c9c5bbba443370898ea9cc0f913f038ed7a,5,5,ok
train,shiyan/data3/labels/train/2093.txt,2093,380,f5eef452f8946c9b3d1d7053979a7382f3fee55e67c553e9a9c26be78d843e75,10,10,ok
train,shiyan/data3/labels/train/2094.txt,2094,156,414119906d8e85cc00f7d6ccb7f5a675b7c1726a4cc7caeeb1ef94e43f5f8396,4,4,ok
train,shiyan/data3/labels/train/2095.txt,2095,234,cf0623be2605bd68cd4238e99d64c8d94a2a7729d61e07924016b94ff6cee7d8,6,6,ok
train,shiyan/data3/labels/train/2096.txt,2096,152,9428c963902663957cf6cdf0cce2bc24935032f4b265a5e2895997f541a1efc8,4,4,ok
train,shiyan/data3/labels/train/2097.txt,2097,342,173d9052302e287ba27070b94423d02321b24f9e2344ae88c491ecd7ec11149f,9,9,ok
train,shiyan/data3/labels/train/2098.txt,2098,116,9bacb8dd48e7a1b3984f61c80a628c5a58d25a06397c3ae6bbde44ca0b08cadf,3,3,ok
train,shiyan/data3/labels/train/2099.txt,2099,155,cb2d86234b620d41dd58548cc68a5fe3b6d3706ace2925dc94d60a23a85ac56c,4,4,ok
train,shiyan/data3/labels/train/2100.txt,2100,117,0576913d8fc798531e068178221d9d9d9bbf3cdf31b3b7760525aad92a0eb489,3,3,ok
train,shiyan/data3/labels/train/2101.txt,2101,156,84abea6e9ce5716eca90d3d9fc55e8676723c20c1175fe01e04ff3c6c97821b2,4,4,ok
train,shiyan/data3/labels/train/2102.txt,2102,234,2f84df7e5a7cabf650b0c2f5389dce4b205f1396b0d63c4d5bbce4a4474af408,6,6,ok
train,shiyan/data3/labels/train/2103.txt,2103,234,958e74ce839db8c17f890fba4f89b5883375783f3886c92dcd65e3e68c6fa332,6,6,ok
train,shiyan/data3/labels/train/2104.txt,2104,423,8d4df51fd873c334a0b6ed79128916585b9ba22b69bc0df51a41087f9fb36098,11,11,ok
train,shiyan/data3/labels/train/2105.txt,2105,38,58e57c04bd4f073c8e0a45431b9ae17fe66406b818dd99cd69c0440f4da6aa64,1,1,ok
train,shiyan/data3/labels/train/2106.txt,2106,78,94886e3e885a653abb1b60876ddd7f8e5550b84d7212e54d0a1eaac6cb2a6e4a,2,2,ok
train,shiyan/data3/labels/train/2107.txt,2107,195,21953789602001717fc27f5eefe40522e16541c786f6c733bac6d5a5d1e8b9fb,5,5,ok
train,shiyan/data3/labels/train/2108.txt,2108,348,aaa15a7c2f61dff53da4a9375aa7d5193b4bacc3c56d62e8687fbf4018e27438,9,9,ok
train,shiyan/data3/labels/train/2109.txt,2109,117,979207c4462e3a258015722622dc5d1bfb3bf80c189d0fa7c34b10a103ba4f2c,3,3,ok
train,shiyan/data3/labels/train/2110.txt,2110,195,b3c0042cd6533fe658cc835de25f5b19e8aa1df06624ba46243c5cb8a808b519,5,5,ok
train,shiyan/data3/labels/train/2111.txt,2111,468,b5722d2d08d58078e2d3864d8d82d081ea3553a95e82efe2267e1a638942bdc4,12,12,ok
train,shiyan/data3/labels/train/2112.txt,2112,273,6e4b1db3ae5742787f28e03d63828626e963c1b2f5ecb2fc5a01ec0785ba5872,7,7,ok
train,shiyan/data3/labels/train/2113.txt,2113,78,a9dad15809296e3f44bb96f2fabae5def5040d27260d45f6216ccd00e2f1fd3f,2,2,ok
train,shiyan/data3/labels/train/2114.txt,2114,156,0c09a491900e92f014ca8a69b71da26d0ffccf50467a80098ca082e78995113e,4,4,ok
train,shiyan/data3/labels/train/2115.txt,2115,273,1a858cb1028e3c1756aa9641797635686b7c88b29e1e3b1cb2f624b3c2be29f9,7,7,ok
train,shiyan/data3/labels/train/2116.txt,2116,156,1e6ca774583eab3c0c558b7df96d1fd61c74a5002ff6bf5ee09026c5c2b09027,4,4,ok
train,shiyan/data3/labels/train/2117.txt,2117,156,20c742d8cd5857fcc38f9248920af17edc0cda111fe1360d149d2aca5877a0da,4,4,ok
train,shiyan/data3/labels/train/2118.txt,2118,195,d5adc1b6704bf22942975e8af0e744e8f867cef7674b1b0b0c78b96b0acd6cf2,5,5,ok
train,shiyan/data3/labels/train/2119.txt,2119,78,43074ae7081e919611e6c6d7b0899bde96d0fc27f15108e338a55fb99d4f381c,2,2,ok
train,shiyan/data3/labels/train/2120.txt,2120,228,5415197a245eb06f7c91a7f009a0f34abb281f81262a7be0c414bcc4837f38a0,6,6,ok
train,shiyan/data3/labels/train/2121.txt,2121,195,f7537c756fbbefe41746840e56404d4735b0524339e7a8bd69c179221b8c4007,5,5,ok
train,shiyan/data3/labels/train/2122.txt,2122,273,1943c4aef1454db35ccda9635571424ecc3b7d5ff8bb71b4be9249645e9c2927,7,7,ok
train,shiyan/data3/labels/train/2123.txt,2123,268,b351e285137c5b9881ac1a5be5f1982b4cbb0dd759b3b359ffb4b86d94728bd9,7,7,ok
train,shiyan/data3/labels/train/2124.txt,2124,152,3161d9ca92afd0483d23fc5903ca65c1abfc25b0985fe759c9d9375e1c83665f,4,4,ok
train,shiyan/data3/labels/train/2125.txt,2125,195,5c53ec0d5ea48609491d98c7f2a832a58a0ca4663d45989210334ee85a6bb6b9,5,5,ok
train,shiyan/data3/labels/train/2126.txt,2126,351,2044b25cc0743256661ce707fb7815780c0800ca3672ddfc7e5ff5c8442c9d26,9,9,ok
train,shiyan/data3/labels/train/2127.txt,2127,429,2d25173d6c301407d308a44faafde03ea9b1dd836b30fb47121698b3e6c2630c,11,11,ok
train,shiyan/data3/labels/train/2128.txt,2128,468,26febe5044aa4bb80de32c28f656d58f106aec3e2d0c34784d0f1f136fc2be98,12,12,ok
train,shiyan/data3/labels/train/2129.txt,2129,156,4aa97c9e1b383150fb2958890d84886383b13901f0382d6ab4240d2604e7b2f6,4,4,ok
train,shiyan/data3/labels/train/2130.txt,2130,38,4aa11b56ad978ae2ba92f23471d8427ebb38c8fc18e6b209431ea42a9a74fa53,1,1,ok
train,shiyan/data3/labels/train/2131.txt,2131,76,da47b4845261b75590f90044ed522866f62091b47dce884f4ed101d8a7741856,2,2,ok
train,shiyan/data3/labels/train/2132.txt,2132,234,27a2fffd6bece6c00ac128905f06234c7b2bb725fa5ae280b2a412efdbcb6bef,6,6,ok
train,shiyan/data3/labels/train/2133.txt,2133,195,bbe5596d54a7dfa7357eed53e3d32dafd43fd784530f6309bf0cd572429d6526,5,5,ok
train,shiyan/data3/labels/train/2134.txt,2134,273,ff419bba1976069ea95fbfbf046f57c8bdf793b933d67ee1116b6a44e519b488,7,7,ok
train,shiyan/data3/labels/train/2135.txt,2135,39,497df8be2068966de1b6585b757ea5582230fbcf0efab6896367703c6719cfa1,1,1,ok
train,shiyan/data3/labels/train/2136.txt,2136,427,43d78554c5163423b598bcdb25dce23b2e786cb6fca5ce502a0ff7d3dfa42a79,11,11,ok
train,shiyan/data3/labels/train/2137.txt,2137,117,4786400df1358a5d76fce1becdf95d7bd487384323e62ee39a7f56c6349894f2,3,3,ok
train,shiyan/data3/labels/train/2138.txt,2138,351,909ec0962d0ae832381df886b8969683c34c341fac2f4c3ef9da614277a0a53a,9,9,ok
train,shiyan/data3/labels/train/2139.txt,2139,234,9b8909dea13c407041175f393eb70c4abf732c0cc52805c3931c9007e6f95055,6,6,ok
train,shiyan/data3/labels/train/2140.txt,2140,429,a06d8e9c3268503b0359b523d791f73a1a81e8ed9add0340b45e805faae58cc0,11,11,ok
train,shiyan/data3/labels/train/2141.txt,2141,234,3e44f54b374cad4c096b2daef59202b11f2be7493544afab605c11347e2cc3c9,6,6,ok
train,shiyan/data3/labels/train/2142.txt,2142,117,d13e65e0bbbaad1238a9ccad55b0a1f14c79cb7992184290a94e0af9ae9c4dda,3,3,ok
train,shiyan/data3/labels/train/2143.txt,2143,234,ce812c67c534d6ba82697c969950d340655c6c63b1723c9fa879d0952ad5a1fe,6,6,ok
train,shiyan/data3/labels/train/2144.txt,2144,155,2ca9d718711aa7626f865d7079145f1f86d10573ba059e3e824c4d8a60078a2d,4,4,ok
train,shiyan/data3/labels/train/2145.txt,2145,234,7554536da3f5addb6a1ec30f8c45a7f19e18e7759d4aa22bb0556aa829ce7fe0,6,6,ok
train,shiyan/data3/labels/train/2146.txt,2146,38,45011db11e770012796ed3ec1b31b0c72db0ca75f3a7dad51d75b403ce4197e7,1,1,ok
train,shiyan/data3/labels/train/2147.txt,2147,195,994757fb9d182f2bde853f964f545522100edc5fdd015c8d5d818479d444856d,5,5,ok
train,shiyan/data3/labels/train/2148.txt,2148,195,0b87bf73248647aa96d913bfb0e3fe8784424f40c570cc734435ac96ac52a66e,5,5,ok
train,shiyan/data3/labels/train/2149.txt,2149,117,cf011d5ed8e357038ebf273c7061405204802a32a7cc5cc8ddc92a13624c4cdb,3,3,ok
train,shiyan/data3/labels/train/2150.txt,2150,76,a592b5d1f335eb9fe9ea850aceb28618463b75eaa6b04310f16e1beb53f26fec,2,2,ok
train,shiyan/data3/labels/train/2151.txt,2151,39,27408a9c219ea5fd6a672d08222b016bdf9746259c9d1178de3f9a5991e2b913,1,1,ok
train,shiyan/data3/labels/train/2152.txt,2152,156,20b688cd9d6bfe9491081d2ffe4298127976dd80dd4d59683acfc6ef3f29cac6,4,4,ok
train,shiyan/data3/labels/train/2153.txt,2153,195,451331a68b27d7bc424cf1597a31aadda19d1f73f27681a7432689f66af29fa7,5,5,ok
train,shiyan/data3/labels/train/2154.txt,2154,78,9dff3cccfd85c696000185c80acb6fa029416e75e9906890e21a143e96d707db,2,2,ok
train,shiyan/data3/labels/train/2155.txt,2155,312,6088d35318bf8562e26e34ecac853c634c0e358e45c964829542e756d6f1f5f3,8,8,ok
train,shiyan/data3/labels/train/2156.txt,2156,312,739f0f135ebb4b1030f2a046d0a5efda8ae24de15db60db0575ce27f987d902d,8,8,ok
train,shiyan/data3/labels/train/2157.txt,2157,76,04107b32095e472821c737185054d2ebde8db4b1036e240a06e6485feedbe0e6,2,2,ok
train,shiyan/data3/labels/train/2158.txt,2158,38,629fc916d28cd2cc849a6af1e5276dc4ff47b11a0ddf7302c4b535b5eac669f1,1,1,ok
train,shiyan/data3/labels/train/2159.txt,2159,312,47523b0738a37eaf78ae40f1275b3eefdbf7085abf03d9c7e4aba89bde6cb20f,8,8,ok
train,shiyan/data3/labels/train/2160.txt,2160,39,247ba4793bfa64811e20e436ec4d44416084dfb972520b844fe97c1039db0129,1,1,ok
train,shiyan/data3/labels/train/2161.txt,2161,234,fedc7f4cebd90efff6806b84e007187004e9df43c7b73a6e53dccc11567caea6,6,6,ok
train,shiyan/data3/labels/train/2162.txt,2162,234,c5bbd3d79761bf1e4ff56d1cbae46a099b07f4f2a7d56cfad43e42018baeb8bd,6,6,ok
train,shiyan/data3/labels/train/2163.txt,2163,234,ebd7b2f4b0c9e00bf1afb1b1f279b2ba3580cc7bc22e4e3e86e559eb8087f565,6,6,ok
train,shiyan/data3/labels/train/2164.txt,2164,78,d97f11e22cf59e71dbb39e31b38571857dce46037d67d002579f50239fc2a9cb,2,2,ok
train,shiyan/data3/labels/train/2165.txt,2165,273,e69a5c8179e730d643d0a5a5a17e38734b52d6f62a0b5e03df0997c4680d8dd0,7,7,ok
train,shiyan/data3/labels/train/2166.txt,2166,234,fd787e007a18f0b5081a060ba3681d0f4aaa3d81dbbc6c103e121aebeaf91292,6,6,ok
train,shiyan/data3/labels/train/2167.txt,2167,266,208afc42a3d82e00c40707ee600ad2b1d8faf41f89e9e32de2f085873ed27994,7,7,ok
train,shiyan/data3/labels/train/2168.txt,2168,152,31b17b994278d9070b2fcec40d7c56b525c241899d4f93bcb72d31a1f784255a,4,4,ok
train,shiyan/data3/labels/train/2169.txt,2169,312,a1f20bfbe57f31df61ab0b0438af40a2a5735b1a0d9ae1b63f34d138099ff84f,8,8,ok
train,shiyan/data3/labels/train/2170.txt,2170,267,a616175296161944b65454cb5ba2fe348a81fcd2f45998d795dcc7c5f300d5ea,7,7,ok
train,shiyan/data3/labels/train/2171.txt,2171,195,6a8fe7428de5055e02635ed4481296dea85859981a224e7591059dc56b9f2f80,5,5,ok
train,shiyan/data3/labels/train/2172.txt,2172,312,32dbaab1db46eeaaad9e0c6191b373eb5e00d5b2b9b20724439f767c87a89527,8,8,ok
train,shiyan/data3/labels/train/2173.txt,2173,228,cccf4d48835389469043741bb118017342d073182a49f60b1ccb8909648b711e,6,6,ok
train,shiyan/data3/labels/train/2174.txt,2174,230,96965e35118b8b8b15ac84b101203d9a9f579818fdcca0455eac29d326cfcf55,6,6,ok
train,shiyan/data3/labels/train/2175.txt,2175,152,d536f1ba4994aeb9878b6aec73aa6bfb8ec5bc68e0fb43b8c91217453c5b9b80,4,4,ok
train,shiyan/data3/labels/train/2176.txt,2176,273,7eb0873dd6eb6b079ae90abbb000617bb1800aa2aac6a91a1024cc2a7b1fdde8,7,7,ok
train,shiyan/data3/labels/train/2177.txt,2177,195,a2a0e2cbc97c2b469e432fe658fd31abcfc8da8f0affbb1c40f25ad1c353a4c7,5,5,ok
train,shiyan/data3/labels/train/2178.txt,2178,312,b83dd5e071c130f7d7097625a241628ea6bbb037ea1f7410cda141744717c01f,8,8,ok
train,shiyan/data3/labels/train/2179.txt,2179,234,ead91e2694bad720bd86ae9797cb332daf4694918a2964b96914ae463d485758,6,6,ok
train,shiyan/data3/labels/train/2180.txt,2180,273,9e466acff68826b606d304a43b26c2fe81dfc532a4f47c2dd2953c2b9c8e92b7,7,7,ok
train,shiyan/data3/labels/train/2181.txt,2181,156,38524014e8cb6cba559be6bc0e674b2318c065b3bf3a215f6db3fa8039d2cc9e,4,4,ok
train,shiyan/data3/labels/train/2182.txt,2182,114,31af4bd28328b59fc32f8c982c1a219de319130e5cacab72c659cc668c55d2d3,3,3,ok
train,shiyan/data3/labels/train/2183.txt,2183,273,43a646b31d39230a646e49bb95445a065f47263abad0fdde5d692a57ae51f2bb,7,7,ok
train,shiyan/data3/labels/train/2184.txt,2184,117,d1488b69e62032bb746428c67d8b5b16a1b4f46e7840f619b4de240cb3b630ec,3,3,ok
train,shiyan/data3/labels/train/2185.txt,2185,234,89187ddc3eb439f11defe6e19dfb04e1b45e4df98d7419a5ef07bc2f4d1b6935,6,6,ok
train,shiyan/data3/labels/train/2186.txt,2186,117,5aa04b4ab91fd00157e45150daa392169a593bf54707d940798cf10f10a1a615,3,3,ok
train,shiyan/data3/labels/train/2187.txt,2187,117,842232831367e0882e10c5cf4ca8208b1b67875acfdd5de11b39bcae714c0f29,3,3,ok
train,shiyan/data3/labels/train/2188.txt,2188,78,16f4e86d354da3c566ff41ecbc7bb2fe8d03d37190feeb1a03abb5d5a860b52e,2,2,ok
train,shiyan/data3/labels/train/2189.txt,2189,39,d4071c39a3de3799bb6fa04151dd4cb4b50ee985851e60be5051aec6ef89538b,1,1,ok
train,shiyan/data3/labels/train/2190.txt,2190,156,aa0da6a74a567fec06f752b7b49a48d90ff7637162f1ed23d0b738db5ca29ec7,4,4,ok
train,shiyan/data3/labels/train/2191.txt,2191,234,59edf8ba171443af10d65e7559ae58643def7e485d613ea1e8e737be937a0c2b,6,6,ok
train,shiyan/data3/labels/train/2192.txt,2192,191,ffbca1a33d8933b756fb5b047d95c49134315864af4759c6cf34c8c0a9c8175d,5,5,ok
train,shiyan/data3/labels/train/2193.txt,2193,494,5037e1a01d071152a07be91a1d107053375be775e8a3f955ebd2b3d51401ef15,13,13,ok
train,shiyan/data3/labels/train/2194.txt,2194,78,dcc5e123e72af4a3daea7b111b575d98574d5aa9fd2331531e06be870948eebb,2,2,ok
train,shiyan/data3/labels/train/2195.txt,2195,741,931cb7221c722327a56dccdf33886c3a20afbc9d51adf3970dadbdc79a22a0e0,19,19,ok
train,shiyan/data3/labels/train/2196.txt,2196,234,6c21ed0ab067cb56d7fc80ff57bf955a9ef7131c5a4f7dd1b93821e97dc8cc71,6,6,ok
train,shiyan/data3/labels/train/2197.txt,2197,273,edd5cada0c5ca3b5bf51de36070d095fdaccf8c4aba57eae8521bfa5c407f41d,7,7,ok
train,shiyan/data3/labels/train/2198.txt,2198,585,78d5fd96333880e85597df0ede73f5aae9ec77534a9ac718adc62b911dd0f418,15,15,ok
train,shiyan/data3/labels/train/2199.txt,2199,798,67d30dd81794a81dec976c9ef3d3781d951c33509bc9b1f43428f3c093956c41,21,21,ok
train,shiyan/data3/labels/train/2200.txt,2200,545,13549aede6bfb8b80237eaa9c1540fbfba2218bc983ba34504c5a7ad20d02546,14,14,ok
train,shiyan/data3/labels/train/2201.txt,2201,78,42e19dc87eb976ef4fc4c53b669cfecb094f3a6782a8dd899eda25e09a74f1d5,2,2,ok
train,shiyan/data3/labels/train/2202.txt,2202,468,cc5dc1359042812eef9ce83cb3e4bdc355b11ad2e78e94c5646adf1b2bb18b8c,12,12,ok
train,shiyan/data3/labels/train/2203.txt,2203,78,93790fb9b877389556fdf903a60464b7a0393d40a2357e65d8122c7d77785efe,2,2,ok
train,shiyan/data3/labels/train/2204.txt,2204,38,f697654c676bcb12765d5f9b5895103d2b4cb7121ac6cd9bef15eea764801874,1,1,ok
train,shiyan/data3/labels/train/2205.txt,2205,234,37958690f537052e69386da014aca856a7b38a69d0c76550ae251992c31157da,6,6,ok
train,shiyan/data3/labels/train/2206.txt,2206,39,6830ca61aeaefa8e71cb75839c97530333c9235a99ff81a95b5071a847e7f8e4,1,1,ok
train,shiyan/data3/labels/train/2207.txt,2207,228,d984a20f99038921d159c66643b6a3cae9a22c215009c2951f6d497206533a7a,6,6,ok
train,shiyan/data3/labels/train/2208.txt,2208,234,b96b2b98f868e2962cedae28f22ce7489e07db0354c1337324e37f1b216e9df6,6,6,ok
train,shiyan/data3/labels/train/2209.txt,2209,468,77655b457023b414ce41e456d617573c8709c9bb7c8013a5d0891c293d54cd76,12,12,ok
train,shiyan/data3/labels/train/2210.txt,2210,234,2fc7affdaff61eecfd24a8b2c305420cb368f9266e2a18fbec613087428028ad,6,6,ok
train,shiyan/data3/labels/train/2211.txt,2211,117,dc3634d63fe233705c068b3a02a592cd169f600c4b73ed513cda188ff606f98d,3,3,ok
train,shiyan/data3/labels/train/2212.txt,2212,114,e62c534eb323fd31243dbca9b48460d2ce90b78d56a7e3458cedd20b80ec7ec7,3,3,ok
train,shiyan/data3/labels/train/2213.txt,2213,78,524d444e671d6a256ace7fa6d0e2abb1d789231dc783e7d90d9bf278d27e596e,2,2,ok
train,shiyan/data3/labels/train/2214.txt,2214,234,91ffd1dd6202cad8ffe6c90ff87b648c024f5705674f7743aeacd5ec2aa17823,6,6,ok
train,shiyan/data3/labels/train/2215.txt,2215,117,3875ae0c4eaabcfe86031c5e3e9285908edbec05d38dc18e059649bec36c0863,3,3,ok
train,shiyan/data3/labels/train/2216.txt,2216,39,9909abcb84d294a4a33ab0c0fc0117df3dc4ae81def4d616534213ff9a743437,1,1,ok
train,shiyan/data3/labels/train/2217.txt,2217,117,4a0fadd1b2efafae18b283479a07ddcb96724445f59eeca4beb072ebf4fda4fc,3,3,ok
train,shiyan/data3/labels/train/2218.txt,2218,117,942b66e4a3f9a58768635ee136f11a893f298781cd52a99d969bb628ae9e0e17,3,3,ok
train,shiyan/data3/labels/train/2219.txt,2219,194,e48928436b5dac3d745bebb5ae8bd172f1ba7fe5f25a947cd3f262d5da90884c,5,5,ok
train,shiyan/data3/labels/train/2220.txt,2220,273,06ddfaf8c3eef0e4ec4b998a3e424ddd67e2b9000dbcafb09cabb49dac30d407,7,7,ok
train,shiyan/data3/labels/train/2221.txt,2221,78,5e0eed6410d4a67bf0faf0585b41ee6c631e110c8c6f94f32c2eca443a60b13f,2,2,ok
train,shiyan/data3/labels/train/2222.txt,2222,190,83f2417135123e655b3dd8fc90f9c591c4a98cae00ae60f281f14dfb630fc390,5,5,ok
train,shiyan/data3/labels/train/2223.txt,2223,195,84a742ecc5fa61911d03bd8f49fa0f95c1c6ee4a4ea48cfbd46b10eb33732025,5,5,ok
train,shiyan/data3/labels/train/2224.txt,2224,114,a24539b1128e59c13a0cf9ce9b79baab001e4bf55ef7831a99ae85edf1727cd8,3,3,ok
train,shiyan/data3/labels/train/2225.txt,2225,234,0f0394ca1a19b62f01c9ebb1e823b5983fc7334893f2717fe261197e513d3f68,6,6,ok
train,shiyan/data3/labels/train/2226.txt,2226,78,4977c22d2eb48ba50c725696816d16752c61aaa580359b247e7627ee15a627e7,2,2,ok
train,shiyan/data3/labels/train/2227.txt,2227,304,0212e0fa4342861f4ca9216cec4546557644a997897f54a6c76b97ac439b8930,8,8,ok
train,shiyan/data3/labels/train/2228.txt,2228,156,55b47ef9b46853c19540157f65c57ff2fa35cd8e42883ae2989439d2d6571f75,4,4,ok
train,shiyan/data3/labels/train/2229.txt,2229,114,f55e5db651bc8a39421d0b06062633b4036c453b5a63024237ebe895d3f390d1,3,3,ok
train,shiyan/data3/labels/train/2230.txt,2230,468,be9f0b6c496371c416ba26ffbe22e3f569c897eb3e7665dab3c4976c34c4679a,12,12,ok
train,shiyan/data3/labels/train/2231.txt,2231,312,41b9978cb9d7495e8948eb52c084b03bb5b540dfb90cd8f17bb774280e3cb2b9,8,8,ok
train,shiyan/data3/labels/train/2232.txt,2232,234,e962079682f034331c93c1f398d7876a28783a8552c4dd93e604a5e32bc09f56,6,6,ok
train,shiyan/data3/labels/train/2233.txt,2233,117,6dff4f09e20ff2e27044bbcc85581f4c17fe51067fab3784f9ed0527b8b5f0c0,3,3,ok
train,shiyan/data3/labels/train/2234.txt,2234,117,559c6897de3aedd521878de2612b73319b691dcaa838ca48d07360a3547f53df,3,3,ok
train,shiyan/data3/labels/train/2235.txt,2235,193,5d8d8e01cb789395bd94b8d1b9c3484f14a4a49bb401a5d0562938c5086cc3b9,5,5,ok
train,shiyan/data3/labels/train/2236.txt,2236,156,bc597082c28788a840cbc759ab3beea36023fd23d3ad48975e9381b4b2ab6181,4,4,ok
train,shiyan/data3/labels/train/2237.txt,2237,77,f744cbd6712b5191a3d51170774c22965a649d9bb15f1830a7e6c29576ed5f59,2,2,ok
train,shiyan/data3/labels/train/2238.txt,2238,117,e63a63102c0ee941e74a795ddbd6f131095df9b288f94bb84dfedb3ac0292531,3,3,ok
train,shiyan/data3/labels/train/2239.txt,2239,312,6541d2ad148f5e755f887f308048193ef7c970479f37d5a05694d3acfc44f627,8,8,ok
train,shiyan/data3/labels/train/2240.txt,2240,78,2ae2fd6b15bacdb24110acde064860447a8964ae1b164960e641c5cc0bc7d837,2,2,ok
train,shiyan/data3/labels/train/2241.txt,2241,234,ef46d56214457adcb8e475f3626a3e7a6dabbc54f6872408a4f04bda08bff52b,6,6,ok
train,shiyan/data3/labels/train/2242.txt,2242,192,ca00d3f94257e7f4de5c811fda666ef4005b3c2b62ab77d6cc02d4e30ed5cdc6,5,5,ok
train,shiyan/data3/labels/train/2243.txt,2243,195,46930ff5e29ec81b94a7969027bdb3df23b143003b9e305106e99644da275e38,5,5,ok
train,shiyan/data3/labels/train/2244.txt,2244,38,2b9249579a2c85f0459d80ac6b321268d0b6be5c0ec097b92cdaec440ad76a20,1,1,ok
train,shiyan/data3/labels/train/2245.txt,2245,351,c76aebb8fca8d08fb17a20c7dd665f52402695b42321bf397f37826c2a1019b8,9,9,ok
train,shiyan/data3/labels/train/2246.txt,2246,117,545ad05bd73e8f01d59b9681969836b3e3abdc5acaeaf6c77d3f42b6f231948c,3,3,ok
train,shiyan/data3/labels/train/2247.txt,2247,311,c04f4174205d85e0b08c65a5e56104cfab72f9c207246a7344a09e232c09f44a,8,8,ok
train,shiyan/data3/labels/train/2248.txt,2248,156,a20ce0bc7174fc6726b89f2b8cc5ab41be0638c65ec08006c0416cd2cb75ad88,4,4,ok
train,shiyan/data3/labels/train/2249.txt,2249,304,4d815194ab8e19321019ca2a9641afd21c90271f4ec8f6e3e981f66acb6db02c,8,8,ok
train,shiyan/data3/labels/train/2250.txt,2250,156,a820e2cbc441d21524678ddfed69d629210d752a3676463f9ad08b42858b5351,4,4,ok
train,shiyan/data3/labels/train/2251.txt,2251,312,f710f4cafb07e9b1dddb9c32dafbc6d86ba09e4f25f6a6d59f249f350add6c0c,8,8,ok
train,shiyan/data3/labels/train/2252.txt,2252,234,e316779e10c3ed7d108a1e63dcb8020f318a71868c2997da7714bd979809eed6,6,6,ok
train,shiyan/data3/labels/train/2253.txt,2253,191,370ab12320da9ea79fe120d4ad5c2546a032d2df1a62010f5f9613328758bab6,5,5,ok
train,shiyan/data3/labels/train/2254.txt,2254,195,1650c61ef6ff154dd18336c52e6b3a6a119da019f24c6e3802ace97750abd7cc,5,5,ok
train,shiyan/data3/labels/train/2255.txt,2255,195,bb5cfd377e4f6eaa8c6930e290856ab0998613c317229a0ee992cf0ecb21d0a4,5,5,ok
train,shiyan/data3/labels/train/2256.txt,2256,78,09cbbc21058013f36a2ba676760c0bac50b14d9fd527fa71f6996ac6677b098d,2,2,ok
train,shiyan/data3/labels/train/2257.txt,2257,76,d97330442bf0993b6f687ee05676f9ba5b244e4894cb4f9f6cd8048709190899,2,2,ok
train,shiyan/data3/labels/train/2258.txt,2258,195,5e7c48f8d7f754cdab7ebecfb9aa3dadcedf4cd15e94e5149e9885175d095155,5,5,ok
train,shiyan/data3/labels/train/2259.txt,2259,156,64b5ec3bff57592fab9309564ee102500f4a16e9949a6439576675fb813922ad,4,4,ok
train,shiyan/data3/labels/train/2260.txt,2260,228,23618ad6cc6ad7501fd1bffe9a99c3be725ed811253f6af7b1282d16c7934d69,6,6,ok
train,shiyan/data3/labels/train/2261.txt,2261,429,ac595a452e28cafc5d48d09a5855fb20a5a1e589515cef5c2682965f5cf559b1,11,11,ok
train,shiyan/data3/labels/train/2262.txt,2262,152,93b5faada3b1a1f314b810caa67e85c5b85b48388f213bb924c12d2e1a31b565,4,4,ok
train,shiyan/data3/labels/train/2263.txt,2263,273,be12018bab77a36cca6a234612cdaf91f54d00a141eadb7f76ccfa91adb5fc31,7,7,ok
train,shiyan/data3/labels/train/2264.txt,2264,418,1e2543a48a90d3f1b8a7506d636671333ff2a26e8ab529d69d51ae2d6b0b1d07,11,11,ok
train,shiyan/data3/labels/train/2265.txt,2265,312,d1bbe893b00b48ba1c30493e00b95dc0a671efe5a8bbb3046c35ae266725e60d,8,8,ok
train,shiyan/data3/labels/train/2266.txt,2266,155,ecf6765a730cf33334156bcfa37dd13d4fe9aff033d1abd729d6c192760bbd97,4,4,ok
train,shiyan/data3/labels/train/2267.txt,2267,117,bf566204289a1f3ab6714abf251bf8eb48e1bd265ce1cb44651f2035564d747c,3,3,ok
train,shiyan/data3/labels/train/2268.txt,2268,273,8cfcd2cbabe6aa00b8a67e5cd22d5ff555ff99de125e31665a908a6fcc3d0862,7,7,ok
train,shiyan/data3/labels/train/2269.txt,2269,234,3f8a116a6de9f07c33fafa9325dabb776c9b0665def9796e9b3f94aa14e88b29,6,6,ok
train,shiyan/data3/labels/train/2270.txt,2270,117,f9fee0721b24e12d47bd99e59bb5f6fb3d2c476a7ea59fe995c71dc60abc8462,3,3,ok
train,shiyan/data3/labels/train/2271.txt,2271,190,c98bfbb12f58dc4111d17854160bcfb323d264c9d7e982a2c61f105251bb8097,5,5,ok
train,shiyan/data3/labels/train/2272.txt,2272,307,5ba25243f7ee10401c6d1ca7f46962d7b6b8841e4c4092269769d86460604145,8,8,ok
train,shiyan/data3/labels/train/2273.txt,2273,234,a5ae07a91fddc3d4150e2dd439cab2f9df71d1b6b5938b2eeb36ec8f8fb60d94,6,6,ok
train,shiyan/data3/labels/train/2274.txt,2274,306,6e482c2158db6e9dacd0a1891adda5f87254c67f394780f63d144170a8b29b88,8,8,ok
train,shiyan/data3/labels/train/2275.txt,2275,78,41170086fc51b4e82743b88a8b6eb7bfa5ed487e33140c0d8e528072dcc257ba,2,2,ok
train,shiyan/data3/labels/train/2276.txt,2276,195,4a7a8077b0030e02118fa844f86a310af62fb0c06ee3bc745abeef60c874ceae,5,5,ok
train,shiyan/data3/labels/train/2277.txt,2277,76,367b1f33bb7c8194b6aef7c2f35feb2bbddb87bffc51ec132675035c2e62f6b0,2,2,ok
train,shiyan/data3/labels/train/2278.txt,2278,273,50d64b220d6da7b9978ff263014501cb7e696f29f046bc0407f66f0e5b0a330e,7,7,ok
train,shiyan/data3/labels/train/2279.txt,2279,77,3f20d46790a7021c393b655186a17e2743fb8ed1d76dd3b5d68457e7137586db,2,2,ok
train,shiyan/data3/labels/train/2280.txt,2280,156,6c6765a1e1f093032513356b508cd0a4b7b5d31aa1648e9d79866ed6cdfa863f,4,4,ok
train,shiyan/data3/labels/train/2281.txt,2281,78,7bdc450e5dd4c99adb20221226056e8b3743a723dd744e16305e06f9f4ed6fc0,2,2,ok
train,shiyan/data3/labels/train/2282.txt,2282,156,29553fbf56b2a4fdbb6d676a68ac28d0dd80fae2c01bf66e773e59e7c5175eec,4,4,ok
train,shiyan/data3/labels/train/2283.txt,2283,312,2287b67c218f23dce858a37b42d1481df1143c037fca848febdc1bbfd6443994,8,8,ok
train,shiyan/data3/labels/train/2284.txt,2284,190,be57ed4562021af781fc97ba314a53538930149a6061732b41b116c9557c6ff9,5,5,ok
train,shiyan/data3/labels/train/2285.txt,2285,78,b75d64d115dba2073b6d369b13a3aaddd16edcca04508ef5e1a29092e0eada6d,2,2,ok
train,shiyan/data3/labels/train/2286.txt,2286,156,9b4305afc5d67f0816dacb22ce3d70706b3d907e0a7826644a62f32e10c335b8,4,4,ok
train,shiyan/data3/labels/train/2287.txt,2287,114,313a1fb183d30516a24dfaf127df880b19ff917ece09b8611036a6d2c5c9b6cd,3,3,ok
train,shiyan/data3/labels/train/2288.txt,2288,233,dc7d04330028c9a315a34ff17b28ef1af54613909c8034c03469cfe77707811a,6,6,ok
train,shiyan/data3/labels/train/2289.txt,2289,273,01608c0996a463501232b95eacdc31e866834e78a3c671e87c4eebef06dbfde1,7,7,ok
train,shiyan/data3/labels/train/2290.txt,2290,616,e074a07124651776e565592a485e283575b2235c5ce973160219e2543c83c525,16,16,ok
train,shiyan/data3/labels/train/2291.txt,2291,190,0746398febe5f3e053aee82ec762907e6e417c19773144f5e930f773c6484055,5,5,ok
train,shiyan/data3/labels/train/2292.txt,2292,195,765fa1aa00e5b162953b78663bff5af1c915d243710ef5c9733384ce7084a326,5,5,ok
train,shiyan/data3/labels/train/2293.txt,2293,273,10f4ab4904bb055447e6c973f1fc129da5e9bbc478da7513b8baab6077d5858f,7,7,ok
train,shiyan/data3/labels/train/2294.txt,2294,608,6675dcf6c0de3af653d7578c62653e5ac21459611a56c585c14368140eee48e1,16,16,ok
train,shiyan/data3/labels/train/2295.txt,2295,152,96b0294f46dd4035d88649559d6f7793cc48550ecce4a725a19e1195654aafd6,4,4,ok
train,shiyan/data3/labels/train/2296.txt,2296,429,fcee6a1bd3a9742b1eb2e19805e2672182bb2c7efb638f1e406f33f615120d8b,11,11,ok
train,shiyan/data3/labels/train/2297.txt,2297,195,719f49736d98405eb2484da0d80051d2309f08fb65845ee640d215ceaf5483b1,5,5,ok
train,shiyan/data3/labels/train/2298.txt,2298,312,096122eea6e3a5238bdb2179409b041780ee9f3cb54c876d1053420d2f5f7365,8,8,ok
train,shiyan/data3/labels/train/2299.txt,2299,39,bbbd765d4f315b826bba7d454b8dd0b638bc34f70358983aac2a31e26cd1a0df,1,1,ok
train,shiyan/data3/labels/train/2300.txt,2300,312,c8721fd463b68e181de8f7d8f2b0b4cd59913b28d0e9d97a68ed809d49b04cb4,8,8,ok
train,shiyan/data3/labels/train/2301.txt,2301,152,3a377ce28e79d900cd3dd455fbcb9a5aff0494499216593c6bca1dd962c5e57e,4,4,ok
train,shiyan/data3/labels/train/2302.txt,2302,390,5a13d51b82d3e6bada4024a2b8c59d0e24d6a5d503cc164f2089b6969f3ac51d,10,10,ok
train,shiyan/data3/labels/train/2303.txt,2303,78,756323e5f1a1e924a4448362e5db574a477bf40183d12e168cd1f9165cf513ca,2,2,ok
train,shiyan/data3/labels/train/2304.txt,2304,273,e3b7e92c0080d16131fc0bb3571742738b7cb1074511b8bb762b038d83e7dafd,7,7,ok
train,shiyan/data3/labels/train/2305.txt,2305,156,dec724e40536fa8ad58b11f119703b3667c01c3a97f631b8541ecbdc40a4cf3e,4,4,ok
train,shiyan/data3/labels/train/2306.txt,2306,78,dceb933ef04100e5e40fc35286ecbd624fa9508341433e67e2ba433c2b9a8799,2,2,ok
train,shiyan/data3/labels/train/2307.txt,2307,897,77362527605f055046b67dddd48644ee7e211095ec00c675d67c137fbc5dd4fc,23,23,ok
train,shiyan/data3/labels/train/2308.txt,2308,234,fd4b8acc36bfb617b53d44c01d8fff4183b53fef775c6a8ac29e2f42c70a7dcd,6,6,ok
train,shiyan/data3/labels/train/2309.txt,2309,234,cd484454a6c3e7148021974044a809259ce072cdcb1c0ec77b86112efad95659,6,6,ok
train,shiyan/data3/labels/train/2310.txt,2310,38,33e1dd12f7e514013168b2b97c3180da904a9d2f0c6699563d59b113221244ea,1,1,ok
train,shiyan/data3/labels/train/2311.txt,2311,156,de02e9ba5e32abbafbe7dc29f2c4b8ebaf8639e709aeb2c4b55a9e0297fe8c23,4,4,ok
train,shiyan/data3/labels/train/2312.txt,2312,77,b8646f1cc03128da186dbd0d2e83ffe5778c09f21fdb093ef5233427bb8b96f4,2,2,ok
train,shiyan/data3/labels/train/2313.txt,2313,195,83cefc0c9661171a4bbd48cb8b2350fab3a8b47733608dfecaf42ade731f0036,5,5,ok
train,shiyan/data3/labels/train/2314.txt,2314,312,504b0be9ba27e2cdeff8ab11f4e84bc368276d58129d6ed6982e07b56528f99f,8,8,ok
train,shiyan/data3/labels/train/2315.txt,2315,234,9556c84730113d62e802616ecab1f8d205392e4fb20046dde150d159fe19eee7,6,6,ok
train,shiyan/data3/labels/train/2316.txt,2316,190,13a8e970a15d5dec276593e2384bb0a1eb6b197d1a8786d2a650a1659e456944,5,5,ok
train,shiyan/data3/labels/train/2317.txt,2317,342,dd0e2c0ff747a294559b9c918c6d6e8cd0e0fa46b5d14da087a9304cfc87f575,9,9,ok
train,shiyan/data3/labels/train/2318.txt,2318,190,08a62586a46e58cab8d29f611130ea77a3698ffee68cd513933a5122fc76561f,5,5,ok
train,shiyan/data3/labels/train/2319.txt,2319,585,51b6e6a54a51dc4eb24b7d9da41676a64cc89e68ba8cfbf5e4b0882b8075c781,15,15,ok
train,shiyan/data3/labels/train/2320.txt,2320,195,9de6154a665cb7e8193c785611a05f2ce0fbce7bc49aea5718475985758eb52e,5,5,ok
train,shiyan/data3/labels/train/2321.txt,2321,381,5a0a6e61e63a5dfbb30776a7d6fa5293654dd508690667fdd8cff92beebb3c47,10,10,ok
train,shiyan/data3/labels/train/2322.txt,2322,271,566395851ed0617ba1325ba46d00ec52068af12ff573b0db6555e086384e47a1,7,7,ok
train,shiyan/data3/labels/train/2323.txt,2323,507,db94fb50404fd8ffad10322f9a54e196cfbc05714dbca83587407d7f7be911f6,13,13,ok
train,shiyan/data3/labels/train/2324.txt,2324,156,3eee87647150ab0a071e20268652d2e05bbd4de9d98fe39c88481c0452449289,4,4,ok
train,shiyan/data3/labels/train/2325.txt,2325,195,b214748aad63d9675711ea626cbf3aa0a602709d1f5cc4f1faeee746ece1b095,5,5,ok
train,shiyan/data3/labels/train/2326.txt,2326,195,f8bdb63035f5b3d6502f48e5851da7d65fa8c3e48e754bd2f2a9becef118bd44,5,5,ok
train,shiyan/data3/labels/train/2327.txt,2327,546,79eeaf6b527e353533261e04cc7024df224ba18c184f056d0031e326c7c3c57f,14,14,ok
train,shiyan/data3/labels/train/2328.txt,2328,234,1b62d1bc3c9e5173f44365e74c7514c31c2beda9452ecab83d39b0fa92d87d24,6,6,ok
train,shiyan/data3/labels/train/2329.txt,2329,272,fca7db1a3da3cb9fbd146999a15c167e1b21726f0fb13f1ea58707df31ebaf09,7,7,ok
train,shiyan/data3/labels/train/2330.txt,2330,78,05aef882f2e96b60e7b321b454a6b23cde40f9717b0ff2dea3858d824881b3e1,2,2,ok
train,shiyan/data3/labels/train/2331.txt,2331,195,6037744076c48646ffeae4e0adb4413fbf7ecff42d4791d7aa1496773d0ebfd9,5,5,ok
train,shiyan/data3/labels/train/2332.txt,2332,156,cb27e9deb3036ef9e50c2fb6e7e19fb518a8bd4900fd9b530e454834111579ea,4,4,ok
train,shiyan/data3/labels/train/2333.txt,2333,117,e8bee966af4a3aa64575eb112891c98f24a06789c74c251d4492b6de7fcc3180,3,3,ok
train,shiyan/data3/labels/train/2334.txt,2334,78,28da65c855b5f371cac9192a41c8f0317d11ade0fbda31ad9aa1deba8cdf484d,2,2,ok
train,shiyan/data3/labels/train/2335.txt,2335,228,606908d4be6c4ec6b55b136b85727b2736cbc3e871b57c9da85d6f9a11c4f64d,6,6,ok
train,shiyan/data3/labels/train/2336.txt,2336,312,a2938bae906c5b29d9e45f38718499ed19bdbee3e45cd98ef5b59f8e9610307d,8,8,ok
train,shiyan/data3/labels/train/2337.txt,2337,39,fcaab226b4cbda0dd69c392bf28f6ec2e24b6feb86051244779b2ad9264a74cf,1,1,ok
train,shiyan/data3/labels/train/2338.txt,2338,234,b22ea800e24f7cbc27b285eaea75aab24c317eea3254b582726d5fe3d86fca94,6,6,ok
train,shiyan/data3/labels/train/2339.txt,2339,156,7afe203b13814d48d7e2f959bc7f715a78668907453be928b54276c87571a8a9,4,4,ok
train,shiyan/data3/labels/train/2340.txt,2340,156,d6206e5b803900b6d3f68bfb63b237be557775bde7d152ea5e4573f7f2fed121,4,4,ok
train,shiyan/data3/labels/train/2341.txt,2341,156,46eed647004fb00f4db8e21ab009224cc4724369dad29dd6966714d078371c68,4,4,ok
train,shiyan/data3/labels/train/2342.txt,2342,156,9ebd61b368e8e660a067d411734c27c9454bf42b3183f1f0a8612e05ea1b062b,4,4,ok
train,shiyan/data3/labels/train/2343.txt,2343,390,315069bbf5ba714243bf262b1c49abd5872c6e2266e1b1755076f445bd22635b,10,10,ok
train,shiyan/data3/labels/train/2344.txt,2344,117,6729bf0b48bcd7a3463b90a75e45b0ffed837b9cab4246ed059a470415334509,3,3,ok
train,shiyan/data3/labels/train/2345.txt,2345,156,98663511d2fc52352fd2553bb2dc725425629c5ab8ae959f0f93d67072aa7519,4,4,ok
train,shiyan/data3/labels/train/2346.txt,2346,193,e2883d813129a9844df093a9b86db59f0136a7a42d57c15b2e2e3bc106d4e8b0,5,5,ok
train,shiyan/data3/labels/train/2347.txt,2347,195,7aa12f48f2aba25fe03928cc147a516ed108cd42d4e2dc8fa03f1ea8cdde78f0,5,5,ok
train,shiyan/data3/labels/train/2348.txt,2348,156,3b8f09a9546187d85e044ea2a9b9b1382c8a0adc88dabeb9df5014f5ab96577a,4,4,ok
train,shiyan/data3/labels/train/2349.txt,2349,117,d559ec2f267ead497e13bc84a1b15a2ec23ab0dd4f86d653b6be49ec0c67c9fa,3,3,ok
train,shiyan/data3/labels/train/2350.txt,2350,156,0c105cc32cc61fb6cf29d02ea5bffd39cc1efed59367e9ca5165430e582776e9,4,4,ok
train,shiyan/data3/labels/train/2351.txt,2351,155,d8caf1b3d6aa1eb863b9fac0148f78e805e3964f3236cc2b411c752f96ba5169,4,4,ok
train,shiyan/data3/labels/train/2352.txt,2352,114,dfce212cf06576dfe90cfcd37c35d58fcb3021483ec60aadda114fccb1803694,3,3,ok
train,shiyan/data3/labels/train/2353.txt,2353,114,7b38aff6e158f30c714b1e9e2d60c2312a17fe78b3cce564d450d088d945eafb,3,3,ok
train,shiyan/data3/labels/train/2354.txt,2354,273,112ee897518c0abf2e7cc45af27d61306dd7fb42fc28f1afbcef7e4437286b07,7,7,ok
train,shiyan/data3/labels/train/2355.txt,2355,195,181e71d5ed5357a5868defc73a897fe25b562a908c66b2fd7063a6e798305cb2,5,5,ok
train,shiyan/data3/labels/train/2356.txt,2356,546,ee5ee70e4daa4f94698c0ab9ffbb137d107e1e0f1dbfedeeb1f7714472cf1196,14,14,ok
train,shiyan/data3/labels/train/2357.txt,2357,544,0c5ffe7a64b3e9586916f37c07d2b77065a3734117106ba4deb3ab09ad524fc1,14,14,ok
train,shiyan/data3/labels/train/2358.txt,2358,156,c4ceeda0a35134750a002e2d708adb10c0be8e9ee1e78585739859368630101c,4,4,ok
train,shiyan/data3/labels/train/2359.txt,2359,156,2344c0e3b09070b9be9b19e2b5304922c5a8f1ff75ed30bcddfb07a20bec016f,4,4,ok
train,shiyan/data3/labels/train/2360.txt,2360,39,101a0e7ae08b94fc5058ac19ff69dea13873f2b64d01a36d2431408d438db0fc,1,1,ok
train,shiyan/data3/labels/train/2361.txt,2361,266,189815be93bcc8bd9cf139a19abbb23248a91d87b0294dec2729eb73464ccef3,7,7,ok
train,shiyan/data3/labels/train/2362.txt,2362,117,a168bb5e1cdc174bef14c11e5d7267e3a37c5a6d1bd34bd66c3f012a217e59d2,3,3,ok
train,shiyan/data3/labels/train/2363.txt,2363,156,7f02ddcbe6478150115ef2fed26beada5efcdf20d7a1f442a772071d4fe4813b,4,4,ok
train,shiyan/data3/labels/train/2364.txt,2364,191,c54e6a5e08b8c8c2a199333eb104cddea5ebff1520a920e6754698f9717abfae,5,5,ok
train,shiyan/data3/labels/train/2365.txt,2365,387,017ec18b31387a96df50e7f762d6f0aa162156d2301f293f91e8854cb1deaa82,10,10,ok
train,shiyan/data3/labels/train/2366.txt,2366,464,4f567c93574e25c431d50d4fa992cb99e22f74d988bae202c492ce151d1101d1,12,12,ok
train,shiyan/data3/labels/train/2367.txt,2367,312,90acecf36976e81496649b18be1bbd3a70f4f0aac94035246395beb385227a57,8,8,ok
train,shiyan/data3/labels/train/2368.txt,2368,78,e5f5640dd3c020e16167c962b9dc70ce994ac216cd6e40ecc3cb01203bbbffec,2,2,ok
train,shiyan/data3/labels/train/2369.txt,2369,117,86c8980fc1f2a62372aa234d40745a1abab8fcbf609487b128b19a58a8163b60,3,3,ok
train,shiyan/data3/labels/train/2370.txt,2370,494,28cb70475506fbc39a8253718dbb142d68f667aead5ca6e1e1af664d98711414,13,13,ok
train,shiyan/data3/labels/train/2371.txt,2371,273,94aabb52082a68bd9897ea18c8e0abbcde20c494579e3758725102c838f205e4,7,7,ok
train,shiyan/data3/labels/train/2372.txt,2372,38,6c5f69fb3bdebc1510f7a1020607f61f658702de71f375b6af90bc2c303e184a,1,1,ok
train,shiyan/data3/labels/train/2373.txt,2373,429,6f7b7b6a7a309e9201e4a8356f3aef6627fa2d89a16dc50fb24721e9d832a8e8,11,11,ok
train,shiyan/data3/labels/train/2374.txt,2374,116,7c5299dea71ae06bccbeed34914d6c989602f15aa2312bc319fcae79663f86e5,3,3,ok
train,shiyan/data3/labels/train/2375.txt,2375,798,6a43cd08db35971f5dfd40b0463af38ecaf7433242f06219222e80518908a7de,21,21,ok
train,shiyan/data3/labels/train/2376.txt,2376,117,5942a35c0ace7cf0a877d054d5edbc974faa0abf3b1638d9e8269ffb56577ce4,3,3,ok
train,shiyan/data3/labels/train/2377.txt,2377,156,6c3afc31b581921c1945d23c444f9259dc7a4cd7dc17d531b9a1f3fd1ce6c804,4,4,ok
train,shiyan/data3/labels/train/2378.txt,2378,78,0cc7d7cbeda5990c0900b150e7b6654f0fdba398a5a79fae16967784b2ed516a,2,2,ok
train,shiyan/data3/labels/train/2379.txt,2379,234,e3804838b98ec618a74848c8fa0d55b1d6bc05f5c4e1204e1922c18c1220c764,6,6,ok
train,shiyan/data3/labels/train/2380.txt,2380,156,41e462e60a6b9e983543a6abc13940849bf5f373f1bb7f922762627d91bf7ccc,4,4,ok
train,shiyan/data3/labels/train/2381.txt,2381,78,d696685c2ba952023c322929d0a8d471dde7bea617230804727aacb04678c757,2,2,ok
train,shiyan/data3/labels/train/2382.txt,2382,117,29c5830227357e81e3c48711a4a833c3544bc9dfb6c2732a4f4a9b0f2b21397e,3,3,ok
train,shiyan/data3/labels/train/2383.txt,2383,657,cc405e77cacbd21159c8b146e36b7bdc6bf62b9c0fee783affdbf949dbe639c1,17,17,ok
train,shiyan/data3/labels/train/2384.txt,2384,154,7b48b96015858d9dd560791ff776adf557c2b117aec851b03871c741f5f7dec1,4,4,ok
train,shiyan/data3/labels/train/2385.txt,2385,273,f24d59fd0adbfdd2c45376746409802bb73ae7c5de8c2d91c011c6edee3feac9,7,7,ok
train,shiyan/data3/labels/train/2386.txt,2386,546,946ea57efb37290231c2414f5ab4c808762466d892943a048f9c674bc9a9d5b5,14,14,ok
train,shiyan/data3/labels/train/2387.txt,2387,266,3c27a1e5feb3607d8f173a00d6b47e16db81655559c31d2b98557e5509c14481,7,7,ok
train,shiyan/data3/labels/train/2388.txt,2388,117,9fcad1dc6fb4d8ff8a7c04d55890286fdd176a319d379c8475736de323de2325,3,3,ok
train,shiyan/data3/labels/train/2389.txt,2389,312,33ebc8b0c67214cf60b266f71240c28786ae60d39fccca02bbcbdbfb89ef149d,8,8,ok
train,shiyan/data3/labels/train/2390.txt,2390,156,60ec29308515ed61053d8bd9741121426b067369a7bd26e471e59e17d484aa1b,4,4,ok
train,shiyan/data3/labels/train/2391.txt,2391,117,9c92a01ac868d8953ad3b53f00bf73dc048f2c9963e5f30702adc4aa1f3f3eff,3,3,ok
train,shiyan/data3/labels/train/2392.txt,2392,154,3bb58f96b135922c9dcb1310dc17cdccacce1782555333b29d4ad1be18d574cf,4,4,ok
train,shiyan/data3/labels/train/2393.txt,2393,585,394039a91e0a75ff2b32b6fd2572e320afba5db6db53fd8a36861fa8e33cc103,15,15,ok
train,shiyan/data3/labels/train/2394.txt,2394,195,5ba3db92beaf77c38e61d99889a3a7cfc1f10d3ddc464b0da533936209aadbcf,5,5,ok
train,shiyan/data3/labels/train/2395.txt,2395,156,b69cf7f26502cfad191256a4d52e18a55f60dc3dbc02e59689302b2417bb72e1,4,4,ok
train,shiyan/data3/labels/train/2396.txt,2396,234,591c41e22d0f5841218766ac7c4f13bee629abee6e991990733ee128ddb9e2c0,6,6,ok
train,shiyan/data3/labels/train/2397.txt,2397,78,b95bc97c407701eac1985031f9111c8052fbb855f9a02865e430d0ac71ffd668,2,2,ok
train,shiyan/data3/labels/train/2398.txt,2398,195,6ff99351ab52d8f68a853a8e88b393d81f0df8f716d144e25a5d9f2b81b4e46c,5,5,ok
train,shiyan/data3/labels/train/2399.txt,2399,424,db81477ce8c81c8979680c84b706164ba062c5a9650833ba7a620db08dc6e6d2,11,11,ok
train,shiyan/data3/labels/train/2400.txt,2400,78,a7d857cb568635e0fee2eace49069c33410ae64001d6ddfe828d5bf97266af5f,2,2,ok
train,shiyan/data3/labels/train/2401.txt,2401,116,2acd5d3e39cd7bac83239cd6805672c72473e5b393f968a20a84012c0ab9e9cb,3,3,ok
train,shiyan/data3/labels/train/2402.txt,2402,585,754332e24b50b04644b0108d693055b94b49353c828f1aae32574e5190e49f40,15,15,ok
train,shiyan/data3/labels/train/2403.txt,2403,117,ea2329893e618953849be4c712c021257a656a5965bc4cd5849ae903b68626ac,3,3,ok
train,shiyan/data3/labels/train/2404.txt,2404,195,6d765631c9075a47ebc2f870b1d50a826059b864396633fbee5e629b7b2c6910,5,5,ok
train,shiyan/data3/labels/train/2405.txt,2405,228,1451fe22a465de3c12bbe2e42aa6df33dc3268ea967823f010efbf1a29e92081,6,6,ok
train,shiyan/data3/labels/train/2406.txt,2406,117,198d9f4a8a8015029d43c621313b9023aae2fc83d2d8458ddaf8d6446a1b1096,3,3,ok
train,shiyan/data3/labels/train/2407.txt,2407,234,9afeacdf29a064832ab1e52d9f3f7da7c6aceb0e041c3fe4514b8d1788e59faa,6,6,ok
train,shiyan/data3/labels/train/2408.txt,2408,192,12f79c94ef66ecfa729d82790fd947048a69cf3a3bc5caa57118aa4c450c9448,5,5,ok
train,shiyan/data3/labels/train/2409.txt,2409,418,c0f644fa1b978b368b03b79a0ad71e20dba4b6014280c2822d3a00c179490006,11,11,ok
train,shiyan/data3/labels/train/2410.txt,2410,156,597785096cd7fb17bc0848d327e89f9b956ebb5550b9625dff7be83ff94433cc,4,4,ok
train,shiyan/data3/labels/train/2411.txt,2411,78,ca3c59bc455b01aaf839ba6f4d430e3903c411edf798382c4e52d74ce9e709bc,2,2,ok
train,shiyan/data3/labels/train/2412.txt,2412,114,5d2386fc9deb976613f1766fd1f4ee2f8ada7c8a6739c18eeb81186f07e4dd94,3,3,ok
train,shiyan/data3/labels/train/2413.txt,2413,234,45628264781ebad1a58a4b66a92c96de55e5c5859b39e0f0e404c21c98667727,6,6,ok
train,shiyan/data3/labels/train/2414.txt,2414,390,d0fb5f68e42511996319542c86a61a4f55e50de4ebe9df096e36e6e85274825f,10,10,ok
train,shiyan/data3/labels/train/2415.txt,2415,312,f8af6a8fc60b6fbe39420d0b593584aef106160496398462b199782a88d0633e,8,8,ok
train,shiyan/data3/labels/train/2416.txt,2416,155,0eabc92986fc9eccfa1533162e4e5e672e2cf7adcf776adb78b41107e978f549,4,4,ok
train,shiyan/data3/labels/train/2417.txt,2417,425,db502dc8b1162bf8a23dae275e268dae030931d30fab43e8b94a2f5d74a85bed,11,11,ok
train,shiyan/data3/labels/train/2418.txt,2418,39,067820adc6b91412a85e0de27fb8a3429d06a0a05aebab9d972f079e06b050f3,1,1,ok
train,shiyan/data3/labels/train/2419.txt,2419,152,50a6dd5abd8d0eba7a514d1c2fe8efbb803fc5a613048a022773b8673f29ba2a,4,4,ok
train,shiyan/data3/labels/train/2420.txt,2420,195,2f71fa25479fa97989067c6d0d967578337b44a36de9d2cdc53234ccb5c80702,5,5,ok
train,shiyan/data3/labels/train/2421.txt,2421,269,cacf57837f8a114a04598e05a256e3f520d738518d12f38cd17ceb5e751cbfe9,7,7,ok
train,shiyan/data3/labels/train/2422.txt,2422,78,9a64d284fc4b8f72b177d44506fb36b5889d78ac1b315dce155f86be6891bc33,2,2,ok
train,shiyan/data3/labels/train/2423.txt,2423,117,0b41b2d89501fb9c40d1dd01fe7fec3bbd1b31fa87fb3a5361b462da18d9ca2d,3,3,ok
train,shiyan/data3/labels/train/2424.txt,2424,193,68b512c9d14e28f322dcc0d349071c41e6610f20f2d4004a7430a664194400c5,5,5,ok
train,shiyan/data3/labels/train/2425.txt,2425,229,59ce23d665733552bf3eb65bc344ba257f780ca6a7c7d911cca8e6e5256e174f,6,6,ok
train,shiyan/data3/labels/train/2426.txt,2426,624,6c7606017c654fea9f618738ae68837291d9076fd3cb39464a357c9b478bebfc,16,16,ok
train,shiyan/data3/labels/train/2427.txt,2427,117,7147301312abe4ee98fe07aad07c684d915e96565f9c1b541b89e3f722d2592f,3,3,ok
train,shiyan/data3/labels/train/2428.txt,2428,195,8ecb10011d9847535c5a3dfdafd953ac0aae6e093ec6454649d257d8bd708a32,5,5,ok
train,shiyan/data3/labels/train/2429.txt,2429,78,49c57e878b118c8c12970ea9ff02bf075bf184c412965f87ca242e367ed5dbb0,2,2,ok
train,shiyan/data3/labels/train/2430.txt,2430,117,10c64efcc5e1a78b0095f64e8ca80ca6c46d62680bd287f568369c6b5ce659fd,3,3,ok
train,shiyan/data3/labels/train/2431.txt,2431,234,672cfcd2c570bbe403142499570c36784c6175c8590cdde90fea53315db1f5a8,6,6,ok
train,shiyan/data3/labels/train/2432.txt,2432,312,30a93e1dbf43a19b539c93f9f3aba97da42e4f8f274c94ce922af89c7e36a55c,8,8,ok
train,shiyan/data3/labels/train/2433.txt,2433,78,3b38245cdb2c712c333b7c662ccc5115c7ee73bb61ae14f88fbf15f46d13e316,2,2,ok
train,shiyan/data3/labels/train/2434.txt,2434,468,975318e509b6c352e208616281d9aad7fadff41a52b9dc5e6d7cab63c3baa029,12,12,ok
train,shiyan/data3/labels/train/2435.txt,2435,190,befbe506f48660d189dc17a0130ec4ad59f2d7a2e901053ed0dd1ce8bf301296,5,5,ok
train,shiyan/data3/labels/train/2436.txt,2436,117,953795749456cd25b2c1b98ba6fedbcb981529d407e5d5862006017ce608b008,3,3,ok
train,shiyan/data3/labels/train/2437.txt,2437,117,a0c0da2515dd4699cb29bd2a5785abec578a229e287e75fc0dd96e44d975d57e,3,3,ok
train,shiyan/data3/labels/train/2438.txt,2438,427,52a50987f192ac2e203dd76a6a27511e632ba5003bbac2d33fbf8fb7855df8cf,11,11,ok
train,shiyan/data3/labels/train/2439.txt,2439,390,b030a1517c33a6c6892fb0030557de873780854a87e2f2c98ee4d4a17375ba4a,10,10,ok
train,shiyan/data3/labels/train/2440.txt,2440,77,6d7fe4d8abe435c86ce763e25ade622a181efc442160ceb867f78809eb92f009,2,2,ok
train,shiyan/data3/labels/train/2441.txt,2441,39,e0bf596883823120c1dac20833c1088e9e41bd6c4aa7dc19bef393e6ddf653a4,1,1,ok
train,shiyan/data3/labels/train/2442.txt,2442,117,a44a5c17f58858a232b968e6efbb314e7ba1640fa1d7d62c186d4d4973ccc5ed,3,3,ok
train,shiyan/data3/labels/train/2443.txt,2443,423,732ddf46ddfc5cdf6530685ae56dded77106e316f3a92a8edf60ab5e814db097,11,11,ok
train,shiyan/data3/labels/train/2444.txt,2444,78,b5dc5dd0644552418476ef539038f11e865447faf90ecc15642899e5c32bb5e5,2,2,ok
train,shiyan/data3/labels/train/2445.txt,2445,228,dcb11905acf17ceb7738664faf2d9eb3dd3a3a7176de1911bead39d9181002e3,6,6,ok
train,shiyan/data3/labels/train/2446.txt,2446,273,8817db1ed53ee4c5b0cd3a922e6eee979543edf50b6a52902e4c78c2c75f7011,7,7,ok
train,shiyan/data3/labels/train/2447.txt,2447,195,e86c9342e7b84e670424b30205b89156c6f135030ec7cab5ccd41f5a7996a5c7,5,5,ok
train,shiyan/data3/labels/train/2448.txt,2448,351,cbaa1cd279b49de63a4d6bdb01ea316a1b340f0439a2f70d56cd936412256d8a,9,9,ok
train,shiyan/data3/labels/train/2449.txt,2449,429,eb8a7894475a075b1cc4036f5fb9ae5cc50e901b8905930b4f14d91713607fca,11,11,ok
train,shiyan/data3/labels/train/2450.txt,2450,152,3107a8c62092ff547a9648bac5ac56ff4e525ec29d5397cb1ec9ff1238503d73,4,4,ok
train,shiyan/data3/labels/train/2451.txt,2451,234,a5501892a5a9f2977151c2ec090513889fb7350a50b2d9b09729d3b689a1287d,6,6,ok
train,shiyan/data3/labels/train/2452.txt,2452,1482,ae79e486f07703dd9978f19fefa53498bb6ac78055f8cfeac29b64d8b2ee5d27,38,38,ok
train,shiyan/data3/labels/train/2453.txt,2453,39,d45c043b9f62dcb43b354ce9118728f8073137dc479accb325869daa979e9699,1,1,ok
train,shiyan/data3/labels/train/2454.txt,2454,195,67c6b303902746a1e4aad5e034172cfe326c0718434b46a4e7f2fb9934fb31b3,5,5,ok
train,shiyan/data3/labels/train/2455.txt,2455,344,4bf22384906f3f7e4c1f8511647c7e9059f019253f2897e6276ab937ff7a149d,9,9,ok
train,shiyan/data3/labels/train/2456.txt,2456,195,421d1348018af6e900ca2f7f5e9c4535beeeab61c44758ec8242584ce464eafb,5,5,ok
train,shiyan/data3/labels/train/2457.txt,2457,273,3ac919f0d68657633c634a363f2f049599bc03ea20fa728f84d02c3436ddf7b3,7,7,ok
train,shiyan/data3/labels/train/2458.txt,2458,117,9cd493a692db5844d6dd6757eb57a63eb076ea7350457c5b222dccd4c37a6017,3,3,ok
train,shiyan/data3/labels/train/2459.txt,2459,429,20b2e39c6b23896811b94e58d1aa3ebe52b48a3b79f368374faf378fc734a95c,11,11,ok
train,shiyan/data3/labels/train/2460.txt,2460,195,05d99751a50a6f626b6ac20b33a7ababd2f1fef3b9c7bfbff2da6b84f8c28097,5,5,ok
train,shiyan/data3/labels/train/2461.txt,2461,507,1bfd7f1bbc1dec27d584a4ceee58f3c8287f22a604e32b94fc559361d6044a6c,13,13,ok
train,shiyan/data3/labels/train/2462.txt,2462,117,d181c919d0ab406acbe82464172987a85370f80452a8f5ae27762fa4c23e224a,3,3,ok
train,shiyan/data3/labels/train/2463.txt,2463,117,750eac5ec0299b7554fbedd0eb0768bd4e2b3a5a81af9ff2ddd25d96ba6194d1,3,3,ok
train,shiyan/data3/labels/train/2464.txt,2464,39,ba2db271304752711a821e8fbc8ffdb6a54c7b3f56184f290130462a86948870,1,1,ok
train,shiyan/data3/labels/train/2465.txt,2465,117,a803146d65bc7ff6fcf91f46335f9c77132293aee53b23415d359745547bdf3c,3,3,ok
train,shiyan/data3/labels/train/2466.txt,2466,117,c9324bcdabddf95f0dbbd3c8acb0b55152ac01bbaad6ebfe0f719cb0873764fe,3,3,ok
train,shiyan/data3/labels/train/2467.txt,2467,234,6f8ad37c20070cf39790fe494d963e6e36104ce7a6dd5e238e5cd32e461c01a4,6,6,ok
train,shiyan/data3/labels/train/2468.txt,2468,234,44046b23a2745618bc465b9196969113f962cce671d07a021f40466087f5e18c,6,6,ok
train,shiyan/data3/labels/train/2469.txt,2469,429,f2b000f0647d426ef5dfa516a00ef8854477f46eec4ab23f2eb233db653e698b,11,11,ok
train,shiyan/data3/labels/train/2470.txt,2470,458,1b87a890b8978df73a8f8306c016502de00e86fc434d47bf0d317d0f8b3d3c49,12,12,ok
train,shiyan/data3/labels/train/2471.txt,2471,78,645408561de0acdbc85a9f25d23cc3c64fada14b25e69e3c66773c7abc2a9946,2,2,ok
train,shiyan/data3/labels/train/2472.txt,2472,234,3de1853a7a6180d06aa0673c61897d9f49393f50d9a6b78c028453d6c9ca87f9,6,6,ok
train,shiyan/data3/labels/train/2473.txt,2473,117,0693affd75510e46a6de34b07a948ac894e27face1f7a3dd993492dafdef0dc3,3,3,ok
train,shiyan/data3/labels/train/2474.txt,2474,152,f1400d2b0784ac02acdafd614bf97c8d561436b1c84d5a23b39e0f4655f95082,4,4,ok
train,shiyan/data3/labels/train/2475.txt,2475,117,22c91566984a45b7c37c7c8bfec5532448855e6c4f3adb1a8c0f95a36fdd3f0e,3,3,ok
train,shiyan/data3/labels/train/2476.txt,2476,342,64966441da458c19cc3fced89ad546baf4740e7cd418d02c333da5c1904542fb,9,9,ok
train,shiyan/data3/labels/train/2477.txt,2477,195,0696e1def735f719837e84d698b244d630f3f301178fb3aabeb91ddf4782abd6,5,5,ok
train,shiyan/data3/labels/train/2478.txt,2478,152,c81e73f8e20e166185555464ad0cbed1c22be0331d89ebef08d59ca9406b5a3d,4,4,ok
train,shiyan/data3/labels/train/2479.txt,2479,156,ae8ddf4ac43339c9f96c5867414be41f5cd6099e73ac7ad8098ab939d6070ecd,4,4,ok
train,shiyan/data3/labels/train/2480.txt,2480,195,91d9771750440d461f5ae2c25f7c538ecad87bbe68822c003b0fa615d8841373,5,5,ok
train,shiyan/data3/labels/train/2481.txt,2481,273,674034c89e2d4402501c3b95fb38fdf38bb2496fbedf1c88fedf103d189fe8ab,7,7,ok
train,shiyan/data3/labels/train/2482.txt,2482,230,a46bae1e698a9007e7e7262a87f1a0910025a6c738ea8e648635a3c813f6e0a9,6,6,ok
train,shiyan/data3/labels/train/2483.txt,2483,195,7fb3e79dc3cbfec3f393622c9ba07f58ca8186e286540fc5f911ee554d61066a,5,5,ok
train,shiyan/data3/labels/train/2484.txt,2484,312,e4eb7ad60d405e6d7df20ba4372bc643b4d82609bd563f422891552a23b1e7c4,8,8,ok
train,shiyan/data3/labels/train/2485.txt,2485,535,b32121b2f6dbbd95b4ac149e8b10dd90ea60caf7705cc606ea0c1b347e08f957,14,14,ok
train,shiyan/data3/labels/train/2486.txt,2486,152,d41d8b792a56ff0732ae5e9fec75cb3c2cc4fbdc166e6d8e357a7f8e56c2b83f,4,4,ok
train,shiyan/data3/labels/train/2487.txt,2487,468,00dea40809449c9eb634d0e70165922abe0be549fa63aaf09768a8289a530336,12,12,ok
train,shiyan/data3/labels/train/2488.txt,2488,117,d2113ce1a7bfce08c26aa4d1fda8b1f187272e782b6774dc2d7507044773dee8,3,3,ok
train,shiyan/data3/labels/train/2489.txt,2489,38,4690e99214e41659ed812cb0c4ee5d3ccb003db7101e3c5ee559b3fae0ee93d0,1,1,ok
train,shiyan/data3/labels/train/2490.txt,2490,152,e1c19439ac2e9906855ad45515fea7715d6ec74519dad7df5cb429eb68fe1fa5,4,4,ok
train,shiyan/data3/labels/train/2491.txt,2491,234,0d5dba52b490a93565d75522e4577fd4678b89fc7387ac94502d223e24138533,6,6,ok
train,shiyan/data3/labels/train/2492.txt,2492,312,7764957e61d15b3b92f005945775689e90b07bdb9e75b4b1461dc61628bf8c05,8,8,ok
train,shiyan/data3/labels/train/2493.txt,2493,234,72599f67beb787ee78cdd35dd823c9edfb271578641c17f6779396b6dd18ee59,6,6,ok
train,shiyan/data3/labels/train/2494.txt,2494,153,46a1f5b1770ad704a60d870b9f3f36edb0669d30b87d849c5b4a1f7251ed2372,4,4,ok
train,shiyan/data3/labels/train/2495.txt,2495,117,7cfdbc35821c521d45c615c6f2173053d5670709a233b7acdd920a0fa2d9ff47,3,3,ok
train,shiyan/data3/labels/train/2496.txt,2496,190,86f169ecae515a256f3d1f629dc49dba6fee03ecd3d4253cd0239edd99a3b9bb,5,5,ok
train,shiyan/data3/labels/train/2497.txt,2497,273,29eeaf61e3fce2a06412a6188de6c1f5fde4ce2a7b2307ea38a5afd71ac0ee2a,7,7,ok
train,shiyan/data3/labels/train/2498.txt,2498,266,580578d27423f5b4d2870621e4fab4bee8366e51971eae79f1ec7647ff3884d8,7,7,ok
train,shiyan/data3/labels/train/2499.txt,2499,229,a7c89c4302a92d64f67ee85d55ea82b4ccd4da61ec59f85f26b43cf5e1a4634a,6,6,ok
train,shiyan/data3/labels/train/2500.txt,2500,234,87cde6952d6ca2e7c1c23e99fa400963a20d5eab862395f1b152a1019a8922e4,6,6,ok
train,shiyan/data3/labels/train/2501.txt,2501,191,1b38d45bfb9f040863ceedb2bf181110cbcab784bd62795bf62880f64e6005da,5,5,ok
train,shiyan/data3/labels/train/2502.txt,2502,38,2bee6c6ca1ac95bebdf8f749796556ec983915a1c2c96d806c865440190a974d,1,1,ok
train,shiyan/data3/labels/train/2503.txt,2503,114,307a6c7535af11d464224358db1a5590befb227a8db57e3cea390d84546a8f90,3,3,ok
train,shiyan/data3/labels/train/2504.txt,2504,77,5dcb2f9af021194c8d3b3d8ea31d21dbcfb51e99587227582b8611fc4b410091,2,2,ok
train,shiyan/data3/labels/train/2505.txt,2505,117,e68e1f77e7399b9af1d477693f68a251d9067e93c176ece11303b1751aa9159a,3,3,ok
train,shiyan/data3/labels/train/2506.txt,2506,234,24125923a03f7fd9c9d22af709f9b228771eb014bbe5c3c5bd64dad4b7141097,6,6,ok
train,shiyan/data3/labels/train/2507.txt,2507,38,d6a92e275afe50bfcef323e13ee8481f84903d8132276ebc441019dd3701921b,1,1,ok
train,shiyan/data3/labels/train/2508.txt,2508,272,e5ab5bf200a32e551edced87f3876c323aefadc6893553f5427f8392c17eed0f,7,7,ok
train,shiyan/data3/labels/train/2509.txt,2509,234,63e3befc28f09ac6bc6335aa1dc11083209f1a99b2338040dd48d31260d83fce,6,6,ok
train,shiyan/data3/labels/train/2510.txt,2510,545,5d622ed165a5a38d65869a1562213b220b3f1f3cf60ae22c24dae80583436fa1,14,14,ok
train,shiyan/data3/labels/train/2511.txt,2511,155,2a5bcf3feeb46c6b314b9108616fb7449a3867aebe7d28b55b16fa5e86484e9d,4,4,ok
train,shiyan/data3/labels/train/2512.txt,2512,228,334fb89de934aa9848018e32ff09f43db6cf484ff78c91b622581e119b7bcecd,6,6,ok
train,shiyan/data3/labels/train/2513.txt,2513,156,d4da0864f4ff6dc6505b6d8389a8f020299a8afcc531803c791b1eafb7b15484,4,4,ok
train,shiyan/data3/labels/train/2514.txt,2514,342,c6ff3540661c23e00c9609e30a3dc69838c8923b7f653bae735aceb55d926bcd,9,9,ok
train,shiyan/data3/labels/train/2515.txt,2515,624,31fd71994df88eb629716fc4feda1c9d22071dd9a7306185bbca736882a636c8,16,16,ok
train,shiyan/data3/labels/train/2516.txt,2516,195,e59e573cdfb0d329b7c838707a600e3c4fc693ba0acdefca91b07f8995a70dba,5,5,ok
train,shiyan/data3/labels/train/2517.txt,2517,117,a0e1bcf6d11a258897f89d021199c122be9408ddaf69bfda449fc7881d82b643,3,3,ok
train,shiyan/data3/labels/train/2518.txt,2518,156,a90ee1401f0e64711714bb7ce24609aef7103ccf0165fe988aecf136ce549d5e,4,4,ok
train,shiyan/data3/labels/train/2519.txt,2519,234,2854d18ecbe4d56c26a3c0bae3f5ff73e277d87473d07333735a5c9a575c8b86,6,6,ok
train,shiyan/data3/labels/train/2520.txt,2520,117,82f0d6c4b4d72d2c389867f62bec9af3028d700cd9bfadea99a491699afff96a,3,3,ok
train,shiyan/data3/labels/train/2521.txt,2521,39,3d2dbcf459e045b6f60824d1d1b219adf56b597191e0197f26f4e04c909958ea,1,1,ok
train,shiyan/data3/labels/train/2522.txt,2522,351,70fed4fcc80b34fbd9881a24a16a3b5e2a8d86d557fc647ca98c4e2dd3e3d748,9,9,ok
train,shiyan/data3/labels/train/2523.txt,2523,156,bcff683c87a77dd6121d54dda9e5355dc941723c6e95ab962f6841814273f0a1,4,4,ok
train,shiyan/data3/labels/train/2524.txt,2524,190,9c48f3cd261652ad0f8833683653a32880d6c2101b560b64599586596c4b7fbc,5,5,ok
train,shiyan/data3/labels/train/2525.txt,2525,156,11713f303b913458e3102c82ef475906979bc73731672e9935653e9b6eb9ed07,4,4,ok
train,shiyan/data3/labels/train/2526.txt,2526,234,7ead2520646eabaeb53ba65475c0fb33bf3f87a50685dd1319bfa0b6dc5931ad,6,6,ok
train,shiyan/data3/labels/train/2527.txt,2527,190,f0c62ca32dc4d670f42a8eff7e62f4d918437445adbb1e548c95dcdaa90f2659,5,5,ok
train,shiyan/data3/labels/train/2528.txt,2528,39,b73dc042b2aceb91c5520f7ccd76630a3eb47193b420dbc7b6e458f5d885372c,1,1,ok
train,shiyan/data3/labels/train/2529.txt,2529,273,c0273a892e3eee5fecb7580ce8476e243252475744df20af6274fe3f9d7d6c86,7,7,ok
train,shiyan/data3/labels/train/2530.txt,2530,76,40d01ccadc3394c74fccd9f3c9985327e68a380d350e70a84d6b08c416a60c30,2,2,ok
train,shiyan/data3/labels/train/2531.txt,2531,114,80f49884d0685c8aad75a1eed807f91ae1d63fd005c910370019c88a221fcf27,3,3,ok
train,shiyan/data3/labels/train/2532.txt,2532,195,44750bec81a1bf38b6b3616e89a0f50a7c4189867ada69e869e9a4cafffe20a5,5,5,ok
train,shiyan/data3/labels/train/2533.txt,2533,78,af45cec7b6de2b3afe8a2d1faf3eb04dcfe73e0960050f4e4b4c467f2988beb8,2,2,ok
train,shiyan/data3/labels/train/2534.txt,2534,117,ab589dd478da46e4ff9a8138138d688fb4a50dc71f5e1cbc428036013265714d,3,3,ok
train,shiyan/data3/labels/train/2535.txt,2535,195,4859ea49e9d1aef452a66903aba57e43c359efd7790f96dcb0b6c4492e8e6d77,5,5,ok
train,shiyan/data3/labels/train/2536.txt,2536,621,921afcfca30de79d19938854a3727e82eedc2d1fa5193d1a6a5ffd2fd5821f1a,16,16,ok
train,shiyan/data3/labels/train/2537.txt,2537,156,922d012f794d3e02644753cdf056e878fdf5aaa1623066450638b4baabf81d56,4,4,ok
train,shiyan/data3/labels/train/2538.txt,2538,195,eedc57fc09ac046526c3ccb40cb89ceffaa4dfa672c90d2fb5d69e7c6b945e54,5,5,ok
train,shiyan/data3/labels/train/2539.txt,2539,116,bf8ba32bf774f788e938d029e28979023e959a70f1837abbc1a54f2a8c3132ab,3,3,ok
train,shiyan/data3/labels/train/2540.txt,2540,234,7b9307c7f30496c07c23ed688f7218b5a52bc0357d1af347d24bac94a00373c6,6,6,ok
train,shiyan/data3/labels/train/2541.txt,2541,117,977c49d1c8a20190b61e4ba3d5b1060882357209a6f149d6ff4d6172b304650b,3,3,ok
train,shiyan/data3/labels/train/2542.txt,2542,195,33d28eef1210796cb8a2b53eb7197c554569a83e39502a0584fe64bee2f06178,5,5,ok
train,shiyan/data3/labels/train/2543.txt,2543,156,553984402fde12795dc4d27bc8521f41908302e771b8bed76ada7f5abdf82cd6,4,4,ok
train,shiyan/data3/labels/train/2544.txt,2544,156,3fca62f082d3875108f8e3443a8f333b01f594d6fed1a2fe3864765d6adcb8a3,4,4,ok
train,shiyan/data3/labels/train/2545.txt,2545,195,49c83c784d7c55ecca6337788d538e979286493c63035e9ef867f933cfdbc19e,5,5,ok
train,shiyan/data3/labels/train/2546.txt,2546,507,9f214e1ada8c2fd8306185dbe5439390bf7d31cf43f765779edf1a1eddce8f33,13,13,ok
train,shiyan/data3/labels/train/2547.txt,2547,114,768d5ecfa04fe13d91060c21d6ead6d62de2e8d06d57cffb260fd6c0de7288f9,3,3,ok
train,shiyan/data3/labels/train/2548.txt,2548,192,b242d53bba307f38110c472b222f013e0b13b13a6ff8c85830c7e0220d2b85e5,5,5,ok
train,shiyan/data3/labels/train/2549.txt,2549,306,8c12d3bbdc8aadd9c758b53b02cb2a288fe3bc73072648ad9c30f954af4c997b,8,8,ok
train,shiyan/data3/labels/train/2550.txt,2550,39,6f062ae64aa38eabef2b5cc5f6d5c422299d997c912e21ddf8bc335ea722f80c,1,1,ok
train,shiyan/data3/labels/train/2551.txt,2551,390,14a14e4d940cedaa0bf51c28d88404098b1e81f145560366665bfcc7d71b6f30,10,10,ok
train,shiyan/data3/labels/train/2552.txt,2552,351,1ff3d18d0bdc1aba40f05f6a6e05c8bd19ae17fff10347fd445c78c5220d6ee1,9,9,ok
train,shiyan/data3/labels/train/2553.txt,2553,38,552088fe85215e074ae07f492f8619af523f265b1fe75f9f3d011adec5eba1e4,1,1,ok
train,shiyan/data3/labels/train/2554.txt,2554,156,7becbe2c5020c211bea1204025b347e5524dac060db8ea1a0d3b73fbce23acb4,4,4,ok
train,shiyan/data3/labels/train/2555.txt,2555,234,28b53668238e5c0a2d4e69c3d3cb4c7e98be1357f59f6ea568b9b9f33fcf0b68,6,6,ok
train,shiyan/data3/labels/train/2556.txt,2556,78,59ae8ae6c3fb510af2a46f02a5ac8c555c22ad13a2a7f6eaeed683f1530a866f,2,2,ok
train,shiyan/data3/labels/train/2557.txt,2557,78,cdbb94049332dbde26fa1a034f2e1bf07caa332b2557265b7951f0b836850113,2,2,ok
train,shiyan/data3/labels/train/2558.txt,2558,117,f06ad9ea03f2a936337763eaf9534202fbfe46e7d70bd91fb451f9fb40091dcb,3,3,ok
train,shiyan/data3/labels/train/2559.txt,2559,234,ce4728a6bf7421bfbf57db0a6f427a8373be87cbafa686af2dbcedc30a3506e3,6,6,ok
train,shiyan/data3/labels/train/2560.txt,2560,156,447a12dbf82829e7a3f7b87565bebbef5ae63183567d4a595c50e228d457e4c9,4,4,ok
train,shiyan/data3/labels/train/2561.txt,2561,195,4d7c7327eecef4e39159a9730c4817abdabd57478712e5057b22525d04f637a2,5,5,ok
train,shiyan/data3/labels/train/2562.txt,2562,156,5005c7c4b0553960359e442922280dc9bfbf4af23f2cc7919dc29a1f596fa132,4,4,ok
train,shiyan/data3/labels/train/2563.txt,2563,234,48669da6d40d4cd5eb2dfe9bc4f0e73e28ba50da3c62737b5a18a45227d32b77,6,6,ok
train,shiyan/data3/labels/train/2564.txt,2564,228,72747d9cafd96c705388cb5fcb325643b5db175f6fde7968216c3ba2d5f8aab7,6,6,ok
train,shiyan/data3/labels/train/2565.txt,2565,156,51b30f47cab63250fca54cc93616420af0a982bf99a7dd664f90a851899a42b3,4,4,ok
train,shiyan/data3/labels/train/2566.txt,2566,156,2d9ba817b94e18da165b22bd0948774145548d515666e24233d3e52a3c5c858a,4,4,ok
train,shiyan/data3/labels/train/2567.txt,2567,193,bcd533b94f00069e24f5383516bfbe764e0306dc4090d6c22c6398f22d8662aa,5,5,ok
train,shiyan/data3/labels/train/2568.txt,2568,117,84d4ff7c97de05c2e1e7c50a63d9c8e18e74cc510f587576e0b5336f7b0a01a5,3,3,ok
train,shiyan/data3/labels/train/2569.txt,2569,195,68434fd92f775ae404f4a94c3d9d64b96fc8423e9e95c476c5fb46ba1dba1357,5,5,ok
train,shiyan/data3/labels/train/2570.txt,2570,78,c9e9ee0caa0e28e90f8ae5322c938bb18ef61ab1a054f1ec33c373d992910552,2,2,ok
train,shiyan/data3/labels/train/2571.txt,2571,468,42656f3194ed8e6669814d69771db310cda17c5b42e2e60d5cad955d206d75db,12,12,ok
train,shiyan/data3/labels/train/2572.txt,2572,156,8f6e85d95d1edf42b54b71cba9548e2c93bb2409765e9eb2f07518b74e8df23d,4,4,ok
train,shiyan/data3/labels/train/2573.txt,2573,156,d9e3380333f809115e0fda77cb547b364e4449b4654132266a948c2b24cb1000,4,4,ok
train,shiyan/data3/labels/train/2574.txt,2574,195,6c2fe8ef595688aa6315e9f07a71abb6d6158555c28cf8eb96bfc8b1817865b5,5,5,ok
train,shiyan/data3/labels/train/2575.txt,2575,195,a97b1af8d7f8751b2fc84818297e3f5950aa9713d3d994c6164db874c3723d76,5,5,ok
train,shiyan/data3/labels/train/2576.txt,2576,38,44cb86926992d3e16cabf2a59549bb58afaa9f78f58262239a39a277face5fba,1,1,ok
train,shiyan/data3/labels/train/2577.txt,2577,228,d7e911ddbb4c7ae4b4c8cbad7f97857d30b58d47becce4c1dd136f6205f65ef4,6,6,ok
train,shiyan/data3/labels/train/2578.txt,2578,234,908460aba299dad8031f023c0498d8f549520587704ed3e3f5ce571ee44c42af,6,6,ok
train,shiyan/data3/labels/train/2579.txt,2579,1053,af1b2ab844cff970f1426dff8443ab3129b86d45a7d18fd6d8948c2b3783dec3,27,27,ok
train,shiyan/data3/labels/train/2580.txt,2580,117,6edee2618590e1eacade72709baee6b72f64a9648dd6e85130efa2f84dbf9715,3,3,ok
train,shiyan/data3/labels/train/2581.txt,2581,234,2a2dda035f8e933c536a8baec683e070ff7e33d2ef33b0adc08a09fb3bd4afec,6,6,ok
train,shiyan/data3/labels/train/2582.txt,2582,117,1d31ed3138a1ccceb4f86daedcf999f6c04f93cc61706c45265b1a2196d15dae,3,3,ok
train,shiyan/data3/labels/train/2583.txt,2583,273,a6e0ee75f72ae56a9182f2218982289a477f49fcbc44b7777357105f61bef9e1,7,7,ok
train,shiyan/data3/labels/train/2584.txt,2584,195,45c170260e4b8c47dbce53a2da670b53535e0d641a4831c5ab92cedb79310f91,5,5,ok
train,shiyan/data3/labels/train/2585.txt,2585,156,9e6c5acdabd1469673a6c767beb5fc1beeee2bff62bcd201d9b8f0ae9a67d6af,4,4,ok
train,shiyan/data3/labels/train/2586.txt,2586,39,f315bddceeab1198290f223b56b6436d95759c4559572a09e3c3b1018ecafefb,1,1,ok
train,shiyan/data3/labels/train/2587.txt,2587,273,56f974a54022a51cc32075fda082487f7ca5235cb58adaf3cf057a40a62fe8b6,7,7,ok
train,shiyan/data3/labels/train/2588.txt,2588,115,57b8ec7a96af89bc7b2c90fc17a7820ece38b7166e3067e50bc4c7f4ad8e0a40,3,3,ok
train,shiyan/data3/labels/train/2589.txt,2589,312,e505ec8c2ddce1b1e0e3d59dec2f069ec27982005c8956ce50bc25e7f54315d2,8,8,ok
train,shiyan/data3/labels/train/2590.txt,2590,351,f8f9502c1b69eff9d782b2abcf36239f92b271f9bfa50da8c8b66b40890e35b1,9,9,ok
train,shiyan/data3/labels/train/2591.txt,2591,429,03fa2a6fe3423b430f3ca61377e2044453e1a58dd27c25ce3308f397d846b2a7,11,11,ok
train,shiyan/data3/labels/train/2592.txt,2592,234,175f931f93f63ab75708ff7caf08c3768edb91e7ba4326f4b8ca87b6d29a8043,6,6,ok
train,shiyan/data3/labels/train/2593.txt,2593,350,de6e1f7c26b62b7e5cf0654159073a1cad3678b60df4fd8fac9268d0c3065547,9,9,ok
train,shiyan/data3/labels/train/2594.txt,2594,117,91938b07fbf12d7c1eb50827a86a94e92ee680b50a95266973cfecf713b28003,3,3,ok
train,shiyan/data3/labels/train/2595.txt,2595,114,a01867b3eaf5d5bfe432196cd1f8491247bdaf193ac402f1f61268663f1baada,3,3,ok
train,shiyan/data3/labels/train/2596.txt,2596,233,0828536dc7572ddc88cbfeb3a82d5c46ac7bfdffc5157134596f4d4f3e5da7a5,6,6,ok
train,shiyan/data3/labels/train/2597.txt,2597,507,22be5d2f56cfc8857389c257129589b24395eb64e021b7b79c2e65e2f9207dd6,13,13,ok
train,shiyan/data3/labels/train/2598.txt,2598,874,4ab48037c3c77682a92327d1389fc40eb541c287d65f63bd783dce6d5e8da0bd,23,23,ok
train,shiyan/data3/labels/train/2599.txt,2599,152,7d63944984132d53d6830a3b117e547326897d999eb1353915ef0aa3de630d85,4,4,ok
train,shiyan/data3/labels/train/2600.txt,2600,266,d32f7da433dd4cd28442df7ac4a3b54985aaf8e2334079f8380df87a031eefa2,7,7,ok
train,shiyan/data3/labels/train/2601.txt,2601,468,bdea7db7a8c40f1164bbc693261a4a12f4144d5c8cd462c60ce4781340cb5314,12,12,ok
train,shiyan/data3/labels/train/2602.txt,2602,152,8451968dafb3770917406ba315b19c2c2bf6ce1000dca01f04fb442aa117e1ad,4,4,ok
train,shiyan/data3/labels/train/2603.txt,2603,117,e0c4154c32c178622c05f4910649c5e7fb1ccc449efd88bdff836431dc7aba4f,3,3,ok
train,shiyan/data3/labels/train/2604.txt,2604,156,d4837156892c0500db210046049e103a1b2f7c485a9d2621d0448ef40e89a0bf,4,4,ok
train,shiyan/data3/labels/train/2605.txt,2605,39,04c33a6ebcfcd2877a76f4e4d1b86bffe1bc8e9e863d192ba3045423e37e4c67,1,1,ok
train,shiyan/data3/labels/train/2606.txt,2606,266,ebd181aeeacbad03a4ecf5f5f7d27e46ebb496d617257d1f49854ce0e8f9e12e,7,7,ok
train,shiyan/data3/labels/train/2607.txt,2607,78,a9249116686d76ca429e00fecc6cd6b3e69602f7177b97e823509dd93ef67109,2,2,ok
train,shiyan/data3/labels/train/2608.txt,2608,390,cfa42c7debe0f07b32a276cf066a6a547054184e8b54edbd1c316d9fa729e5bf,10,10,ok
train,shiyan/data3/labels/train/2609.txt,2609,312,acfd12caf9250731e9ec5ff67094ec46a77dd6d5a96037e67d38910387a134e0,8,8,ok
train,shiyan/data3/labels/train/2610.txt,2610,266,d5460f417342e564b9c93e5dda8e031a4e1bb92fc65796b7af821499f4ca1af2,7,7,ok
train,shiyan/data3/labels/train/2611.txt,2611,273,d7bb5875f6a292d11e022303d32cacf8dd684cb05a765d191170d60af8a186db,7,7,ok
train,shiyan/data3/labels/train/2612.txt,2612,156,1f6a64d879c2cc0a7db09df37e1da33289804690a982e80afeb12d89e9c90347,4,4,ok
train,shiyan/data3/labels/train/2613.txt,2613,312,2f4e66de596f9adcf50cfce35c5056887e28827e2265249eef01f1b58ba63116,8,8,ok
train,shiyan/data3/labels/train/2614.txt,2614,77,7de03ecccb49c90d9a1d21de52d469bab0d69eb1458f58519c139e4288f968bb,2,2,ok
train,shiyan/data3/labels/train/2615.txt,2615,38,70d5eb164e5435884d45be03ea32a7430a34876285c81376a18adf965806cee6,1,1,ok
train,shiyan/data3/labels/train/2616.txt,2616,273,6a5a8b5a5dc74f9273e33858b616ce67fd39ccda485033a915ff88fa8493d4b7,7,7,ok
train,shiyan/data3/labels/train/2617.txt,2617,312,d69ab255c77bd91bb65b46c107d50818343ed69ba6df5096ace289512a224949,8,8,ok
train,shiyan/data3/labels/train/2618.txt,2618,77,8431a8217a479e6ce20b5713dca17a09726cf63318d89670d7fec05cabcf2333,2,2,ok
train,shiyan/data3/labels/train/2619.txt,2619,117,2cf9344c377a76246798b4f7a310f9e5e252a6ec0608ce21324a7d3ebddc0a9d,3,3,ok
train,shiyan/data3/labels/train/2620.txt,2620,116,352be55575f904274fde5b5e57227990529422e1e062a162612360068325be33,3,3,ok
train,shiyan/data3/labels/train/2621.txt,2621,38,36e5d11296214bbe63dd0c95e2ebc2f4afe7f5535fdae674ed972bab5c7740e8,1,1,ok
train,shiyan/data3/labels/train/2622.txt,2622,78,e8cac83c4ac5e2dddeef2022801c25a5abd4251a3505ef6ae4f8a03e84518775,2,2,ok
train,shiyan/data3/labels/train/2623.txt,2623,351,6ca1ff3aeb7655659f0bda00a0920d860973dd6f71efdaf9643de3cd1a245eb7,9,9,ok
train,shiyan/data3/labels/train/2624.txt,2624,195,4678e9989782e6be89088cb449eaf5508998e4a617b5c52479a0a7a3f6775ef3,5,5,ok
train,shiyan/data3/labels/train/2625.txt,2625,663,5123c24fc89a3a9207600d0fe0e3022be6fd023c641af4d3fdc2e4f18a5ffa91,17,17,ok
train,shiyan/data3/labels/train/2626.txt,2626,78,297b448893ac229ebe30ca7531b437ec621f25061512b70475f649ebb2a689b6,2,2,ok
train,shiyan/data3/labels/train/2627.txt,2627,546,024d0153d1c35840b3c245834e9b262c6e1cc234dc0740a48890059e78765245,14,14,ok
train,shiyan/data3/labels/train/2628.txt,2628,117,44b8c405fcb9fcddeaad98e30b88883dee7939361826a8c8c71aaec3da7055d9,3,3,ok
train,shiyan/data3/labels/train/2629.txt,2629,312,ea87eaca4b3691967c703cd5b7f65b6e9d691b4997fd9f70bad3e0c0695f3754,8,8,ok
train,shiyan/data3/labels/train/2630.txt,2630,273,b4a168572b5e6d6e8525a835de22850206058a0f7886c15cf2f344c68c9c6736,7,7,ok
train,shiyan/data3/labels/train/2631.txt,2631,624,9d8b77e4e95644225e3d1605983bc17c3e6e61ad493b164dbb746a5ac7fc9b5b,16,16,ok
train,shiyan/data3/labels/train/2632.txt,2632,152,ecb0b9afd8eb641f20861d3f8542128551e5c9aa615681e607fd91817025d14d,4,4,ok
train,shiyan/data3/labels/train/2633.txt,2633,312,7dd1cf033c78c9f3f446f10cc223fadd2aa9b6af801798c0c692cfa97ec8f23a,8,8,ok
train,shiyan/data3/labels/train/2634.txt,2634,1254,89f7aa0ea409bd01ca08e027f2a4d8cbdfde8a8a64c772816a076f74314aed86,33,33,ok
train,shiyan/data3/labels/train/2635.txt,2635,382,b1915fb07c6b19bb5975323ca663ee80ff3e4fa9faeb8f9b53ef67a7bee17bf9,10,10,ok
train,shiyan/data3/labels/train/2636.txt,2636,114,5f230b8270d17392f6b3d88df1df567b5ba8e15c29e215d3dafbc4453ba814fd,3,3,ok
train,shiyan/data3/labels/train/2637.txt,2637,117,15114f56035dbbd68664ad02f7175255cea972f70b0a787b2784c529fbe3febe,3,3,ok
train,shiyan/data3/labels/train/2638.txt,2638,429,6b1e6ac176f272ffdbb5eeeacdbb68f9032cdf512d281734cccd47023df45679,11,11,ok
train,shiyan/data3/labels/train/2639.txt,2639,429,049301b4161fc4f0404fdd5c8de77fcf25f32b39267cf9d1c9ec336a7d46c359,11,11,ok
train,shiyan/data3/labels/train/2640.txt,2640,193,4fd84a8f57c9d13619b86bc777cbb676f4c3dce23d910b2463929642b87a1b05,5,5,ok
train,shiyan/data3/labels/train/2641.txt,2641,190,904f7063741d77ce40a833726a7d3b0f3d65e42f0a0b6ecaaa2057a2334e5f3d,5,5,ok
train,shiyan/data3/labels/train/2642.txt,2642,312,83de3a5e486214e068c22e4924dd25cfb03966d5782a536a9f881ab59672ceda,8,8,ok
train,shiyan/data3/labels/train/2643.txt,2643,156,53330bc5072c1e8308eff40f2c7102e408fd2cf4dd57edd2b24af7411ed1aed4,4,4,ok
train,shiyan/data3/labels/train/2644.txt,2644,234,6f03e8b527ccd9aad38cec54ed31969c095c68041ac0329bdb2dd1403ad2a9e2,6,6,ok
train,shiyan/data3/labels/train/2645.txt,2645,273,61a1b9f3717108749e3076a8f11dfe653bd4708d871a63c8fa99356680ec13c7,7,7,ok
train,shiyan/data3/labels/train/2646.txt,2646,234,b462ef3e75301f13b956a7ef4db0fb6f285ef59b372e7771d2496e21f1d974c0,6,6,ok
train,shiyan/data3/labels/train/2647.txt,2647,351,0ae044a4956f620a1261608fd4d1ff1d2019362014cad763c5b9b91a237036b3,9,9,ok
train,shiyan/data3/labels/train/2648.txt,2648,78,ae5dc75a22817a00ad03415fb8f2dbc860794e967b8b4b8763ddd0833bad90cf,2,2,ok
train,shiyan/data3/labels/train/2649.txt,2649,195,22e3be9c478dedaa9ef986a00e9ebba4d27a6299590d7bb3c8e74e55703973c0,5,5,ok
train,shiyan/data3/labels/train/2650.txt,2650,388,f1bd8914d4db4a639ba3cf20144bd1712f24986dbe26c734a871844bd5045696,10,10,ok
train,shiyan/data3/labels/train/2651.txt,2651,190,22c346409075a8331db2f8fb47cb19190bf506c2ce00cf7109255ce7c4dade9f,5,5,ok
train,shiyan/data3/labels/train/2652.txt,2652,351,d22e8cc35b719bb2e934b7d5f3c9f1178e9a22f59557f00f5f6f4a6fe0fc7409,9,9,ok
train,shiyan/data3/labels/train/2653.txt,2653,156,e062625c27740b36328899181e5ce3e75d9dd97e71a2006cc0982bf6a42f8954,4,4,ok
train,shiyan/data3/labels/train/2654.txt,2654,117,041bc6b04b49ce139f1cf378439bb04774b19046dd84fb824a161da0cfbb4ab7,3,3,ok
train,shiyan/data3/labels/train/2655.txt,2655,702,20a0748a85f309ab42767aa8d6ca3fd4d2216ad973ef0042d7d8f3f5a5b6523c,18,18,ok
train,shiyan/data3/labels/train/2656.txt,2656,116,8b343e954ee88a16daaa26312a1e119bcd3b7bebfc7c52937c018ea9b2f81ac2,3,3,ok
train,shiyan/data3/labels/train/2657.txt,2657,77,64625636a6f8f77d55b8fc982b258f15ac96e6ad1d073ad25b80c38943e8a144,2,2,ok
train,shiyan/data3/labels/train/2658.txt,2658,156,c8af579d6d7e0b8dc16e6c02a3cfbbc76cf968c7a134b2ecddfde0f4d06058f1,4,4,ok
train,shiyan/data3/labels/train/2659.txt,2659,230,5c62f8c1cba9a3c3c368deffa1843a1be770506cf751934624bd5a40d93022a4,6,6,ok
train,shiyan/data3/labels/train/2660.txt,2660,156,8b8220935a8248a695d87569394495d0decf435c72bdcfca555ec65d51df2fe4,4,4,ok
train,shiyan/data3/labels/train/2661.txt,2661,312,36d29fe89338d8679b41e5448d00ac3f6eee27c2ff4156a0227552f98b3d985e,8,8,ok
train,shiyan/data3/labels/train/2662.txt,2662,117,631b0bf043186b15ef559e193a7e6fa8a63da5f03df7499517cf20bd9943f8a8,3,3,ok
train,shiyan/data3/labels/train/2663.txt,2663,312,b6c59140fbfe7ad75ad1a2f90d804f678fec66798a87774932d94e2d3fa922dd,8,8,ok
train,shiyan/data3/labels/train/2664.txt,2664,195,3c8876240354b253f5e329d34786ca45086f23e14cbb4976a475a0f180d00ee4,5,5,ok
train,shiyan/data3/labels/train/2665.txt,2665,702,5c84b52a9de3a1d3a53a1f22c6d12706557c1ed78477747abd63e15716690b60,18,18,ok
train,shiyan/data3/labels/train/2666.txt,2666,39,acb803167df0b069fe25afdb972867addac73db7124b3043ec5af1ad4e099fbf,1,1,ok
train,shiyan/data3/labels/train/2667.txt,2667,234,f84d17fab64df3c315d5748b2822c9d59d726f761ee30e7247728829e34caca4,6,6,ok
train,shiyan/data3/labels/train/2668.txt,2668,117,1fd8e558be395ea8a7249c5b53d8fadd7672252f77d7ffee9c07d26ce5b694fa,3,3,ok
train,shiyan/data3/labels/train/2669.txt,2669,273,414e713307b780afb030b3089d072908014425a365364b43d5404754e946e9fc,7,7,ok
train,shiyan/data3/labels/train/2670.txt,2670,195,d14f4bef972dfac1d87064cc4d4847b26747efd18f0318e2e57583585615d0e8,5,5,ok
train,shiyan/data3/labels/train/2671.txt,2671,390,baa59d80edc4c3bb7f372e93f500e90521c21e742525f568adee827828a2543f,10,10,ok
train,shiyan/data3/labels/train/2672.txt,2672,117,7f19fe9f1ef0d43035efb4a4a86a3f91dd4913982abd35609581c2cffa53214e,3,3,ok
train,shiyan/data3/labels/train/2673.txt,2673,195,adacdfd4e06da07117d21faddbf883c27330eeac7c4bbf73997b25cc63f43fd6,5,5,ok
train,shiyan/data3/labels/train/2674.txt,2674,78,2cd381c8b6e42623a6d5a3bef6aee3929481328817016fe0ecf2b0e7f1ad3a61,2,2,ok
train,shiyan/data3/labels/train/2675.txt,2675,390,72e1880f84823e7a757b89c3f625b78dda1ce92d6006e48979bd25e4abc266c9,10,10,ok
train,shiyan/data3/labels/train/2676.txt,2676,195,efecb64d645305157011321c1978f492913c0b67fb581316bbf13a4055f09ea6,5,5,ok
train,shiyan/data3/labels/train/2677.txt,2677,805,ac23141e20b28bebb732c84d9f459717f71efb1e647c0c7fcce51782be9d75a4,21,21,ok
train,shiyan/data3/labels/train/2678.txt,2678,156,a5e50297d6aafafdfaaa65bfcd1ce3d45655380a5dab4542f9346705d9ac10d1,4,4,ok
train,shiyan/data3/labels/train/2679.txt,2679,78,f05609bb308b71d1fa37829b2ed714bd81dc6ae7e7dc1c8e3c455a6bfd206a5a,2,2,ok
train,shiyan/data3/labels/train/2680.txt,2680,468,ac3c9801c345377c509a7bf9be45b94aed1c6859cbe1f529efedabbb1554eb3b,12,12,ok
train,shiyan/data3/labels/train/2681.txt,2681,228,a059d3f53381612f7a5e5e292203d86c87f5c745133771318a6eb7f64e578b4c,6,6,ok
train,shiyan/data3/labels/train/2682.txt,2682,155,8eee97719a3de737e684d79bcb9c261506ae43037ebe166bb6c56566ea889216,4,4,ok
train,shiyan/data3/labels/train/2683.txt,2683,190,e3cfb37ed400b9bb8fe25472e17250ed2fb82d5885ae8dc48aa747ef1300c77b,5,5,ok
train,shiyan/data3/labels/train/2684.txt,2684,380,7c331385bd628cbeae28579fcf94be643e50d320899cf686cefa21f3537fc2d4,10,10,ok
train,shiyan/data3/labels/train/2685.txt,2685,190,70e2b159966d24142c4b9f0669ea86384ce5c0daf4bdc6a508faa48f1bea5ce3,5,5,ok
train,shiyan/data3/labels/train/2686.txt,2686,114,a1dd99d195cb39e3645c42e8fc513f946d4092fc07cd0809a758a511d922d1e1,3,3,ok
train,shiyan/data3/labels/train/2687.txt,2687,234,0ff16fa7e1017f99794cca0a82ffa6c4cdbcd3a8bb6d541a8cb72f9d829ab143,6,6,ok
train,shiyan/data3/labels/train/2688.txt,2688,273,bfd9605c6cc8829c8d6d0339ef4f6946800675972937cc5eae762d4d53489849,7,7,ok
train,shiyan/data3/labels/train/2689.txt,2689,78,072505eeeba337b776f1a7cdc3df94a9b7d3865eef9ce6eb57449a3f562280d5,2,2,ok
train,shiyan/data3/labels/train/2690.txt,2690,309,94be34369dbfa06d82ac05098d3a40d2bf91a08deab1b5c349e719c9122a13e2,8,8,ok
train,shiyan/data3/labels/train/2691.txt,2691,312,a1157a6560ebf0761a02889122314a9b1a88e2bda821ca02bf791e1f549ece47,8,8,ok
train,shiyan/data3/labels/train/2692.txt,2692,195,dee3548a1c9d94287b908f953e9885a0936ee387ac1cbcf47af925ce4fe76445,5,5,ok
train,shiyan/data3/labels/train/2693.txt,2693,532,3cd8a9de80e719ff2e1fc23de0dc03a14f989ebd6d09de4d202282cc7d15482c,14,14,ok
train,shiyan/data3/labels/train/2694.txt,2694,234,79d5343a585fe80c4f9b70201d09d29ffed6a10b02b357d47f3348d942d1d1f5,6,6,ok
train,shiyan/data3/labels/train/2695.txt,2695,152,87937412e527aacc0fe9abea7660f487f3d1cc1d2965d79fb0e994e13171e693,4,4,ok
train,shiyan/data3/labels/train/2696.txt,2696,267,c7f109d19db15295507134ae13531fd7b0cb4de830f17091555d62ecf4a1a655,7,7,ok
train,shiyan/data3/labels/train/2697.txt,2697,156,b65b921a4c72edf608766fe2f55669c31d2cf3a3bf1963022bbef9dbb11b0bc5,4,4,ok
train,shiyan/data3/labels/train/2698.txt,2698,195,8c7e455fc481cf665cf5f1db91ee7668543ae60e6887e1f142856ad04fcbbf28,5,5,ok
train,shiyan/data3/labels/train/2699.txt,2699,304,a4de2d7d81932ea52eec8f6b0a0b537463ad321cff749015ba2dad8c138d0f73,8,8,ok
train,shiyan/data3/labels/train/2700.txt,2700,390,4561d87a0871fd118d8d6ff64d5cf1f4d78c75324b2d21489f5f36900fdfe8b4,10,10,ok
train,shiyan/data3/labels/train/2701.txt,2701,152,edceb8b14bdbe623e92b5791415b3cda1dd08727af359e3033fa013df1f769ca,4,4,ok
train,shiyan/data3/labels/train/2702.txt,2702,312,b091517a1af57cd22afdf5fc616933617eeb4f197e770a79c5f09fe4f018ea7d,8,8,ok
train,shiyan/data3/labels/train/2703.txt,2703,312,2ba66696193cf8bdda7cf2c72f0397c502d00cff5f8048c19a3b3182551931db,8,8,ok
train,shiyan/data3/labels/train/2704.txt,2704,585,71c0bdbc402b8bc1eedbfd00599d7e63dc43720a82470565d0528153df6823ea,15,15,ok
train,shiyan/data3/labels/train/2705.txt,2705,234,eb841714fe2f0905306455406bebd16442f256b96d81baa39121b245daeece7b,6,6,ok
train,shiyan/data3/labels/train/2706.txt,2706,115,1327305cb9d58ece23abfbb42d58d0037ddd6367ef3e729d115553eaf9183f37,3,3,ok
train,shiyan/data3/labels/train/2707.txt,2707,1014,cfae374fe9d93c9b0edec12ab64f3e5130703b4215311eb74dd5534b5c1004f5,26,26,ok
train,shiyan/data3/labels/train/2708.txt,2708,380,466ec597d2476562b1e57d6ecaaace4b8ac2f2c975eea0741ea68ef4675d6711,10,10,ok
train,shiyan/data3/labels/train/2709.txt,2709,190,2e4788e78ff9161cca45a043e0e6f3a79b5d9a11e1aa2a562c18546f245e8074,5,5,ok
train,shiyan/data3/labels/train/2710.txt,2710,115,a216adb57f25b03072263a289c7c091e6f948045a91307b15685e6e686ec9f51,3,3,ok
train,shiyan/data3/labels/train/2711.txt,2711,312,4770bb9b3e66976b563d27649d504792697a3a6cc0549576845c3f06c7bc5734,8,8,ok
train,shiyan/data3/labels/train/2712.txt,2712,190,20c3eba99370d343bbf9d1fd267ad166799c24333d2b43b37ec60aaedce8d318,5,5,ok
train,shiyan/data3/labels/train/2713.txt,2713,156,92db1a36a9388344b4695fd6cb0d742f2fab26e92cfd5e5e99601ed9cb4b9495,4,4,ok
train,shiyan/data3/labels/train/2714.txt,2714,38,8d6f7cb6a4a4306b9412add2b0924bb397790ee58739ecb8644ac0d96f0f6120,1,1,ok
train,shiyan/data3/labels/train/2715.txt,2715,39,7507e1b0e467bf1f99205b335f56b1b0d6796723365f78d06bcbae54752a91e6,1,1,ok
train,shiyan/data3/labels/train/2716.txt,2716,78,40239ec3d689068ba9c0767b8c6c353edccf8c258015a5f2a4261dbac7ad2bdf,2,2,ok
train,shiyan/data3/labels/train/2717.txt,2717,156,5162621ff3b09156b54ee9f35c1d6a0c43195e40a0dc58bf928273faeaa5beac,4,4,ok
train,shiyan/data3/labels/train/2718.txt,2718,270,89a8b4c0de68f81fe050788f1137d0116e79d3767a3d9f3337ab7e898fe26cde,7,7,ok
train,shiyan/data3/labels/train/2719.txt,2719,117,35baf404de1a0883e595666526a438f14285679e1c52d6d84cb57f5b4b6eb2f3,3,3,ok
train,shiyan/data3/labels/train/2720.txt,2720,312,9fb946ae35fd6fbe582c3c9a986fe47ba657a3081c87d4bc717fd485c8817a0f,8,8,ok
train,shiyan/data3/labels/train/2721.txt,2721,312,d4c1ce67dedd5e7a6ac287b0d12c80fb227e1f8430204639cc58a7d7833e5e5a,8,8,ok
train,shiyan/data3/labels/train/2722.txt,2722,114,6231dcaa3a15c0fa648cddd501d151a963fff3664ee2805f2a7a0944637cb6aa,3,3,ok
train,shiyan/data3/labels/train/2723.txt,2723,273,405fc1958342ed72cd17db3727d314c746a68e274f6e382cbe9ca5abe70c2d09,7,7,ok
train,shiyan/data3/labels/train/2724.txt,2724,156,9fbaed53c60c7d14b229a50dc5778726aef494ef6b0e3ec5ee72d08445ba5230,4,4,ok
train,shiyan/data3/labels/train/2725.txt,2725,232,63cbdf5b99888e9935e1ab8c029268b75263812016297985bb446c45ae39156b,6,6,ok
train,shiyan/data3/labels/train/2726.txt,2726,195,6abd110de52fd30d52ff3905cdfdb84e0141db883b6d0f649f9b99d448a44067,5,5,ok
train,shiyan/data3/labels/train/2727.txt,2727,114,991cdb250065544ac1f114e69527b985a83338160f1463ec99367f7e91005303,3,3,ok
train,shiyan/data3/labels/train/2728.txt,2728,114,6b2fcdca37ee52e213d687bbf96de814e77fda14600c99bce8cc18dec04b26aa,3,3,ok
train,shiyan/data3/labels/train/2729.txt,2729,152,92d9543edfe8ec848124bb266200783af6a740e1a86d8cde8f0f9620dbf24bc4,4,4,ok
train,shiyan/data3/labels/train/2730.txt,2730,156,7e911938542da5740844fc844abaa396960f68c0956bf8e9cc3dd7293371cc95,4,4,ok
train,shiyan/data3/labels/train/2731.txt,2731,234,cfe31e061e59b8b5802f82bb9efb9afd20c94f72873935bb1207d5dd39805f93,6,6,ok
train,shiyan/data3/labels/train/2732.txt,2732,156,342b1730871db771ec83b6a91a9af2792da2fc91188fbd71f03af4a53d85bb84,4,4,ok
train,shiyan/data3/labels/train/2733.txt,2733,429,f5cc2c292d600ae91847e612ff4c7639b783ee747483eebe44b6109cdbb9a503,11,11,ok
train,shiyan/data3/labels/train/2734.txt,2734,156,aacfc33b79fb9e04f4543bf810d25dae86674b8776fbf98bed8460cbcb5223be,4,4,ok
train,shiyan/data3/labels/train/2735.txt,2735,195,1bb4d4b65b245941c2ca6e64a817d74047b220438e5f686685f2485d44c0a2d5,5,5,ok
train,shiyan/data3/labels/train/2736.txt,2736,78,d58d3c1f42026bfaffdf51672f5f2ba256d663abc7ce1691b33559275f0441eb,2,2,ok
train,shiyan/data3/labels/train/2737.txt,2737,273,5f510bf84039836d0376e57513479ec69fa6d63af70668fd8e2c97d0fbcebddc,7,7,ok
train,shiyan/data3/labels/train/2738.txt,2738,39,66d5cea86c1c37f3fe12d49c3bb84ba6027ae4a1c61235689ef6dabd13515fae,1,1,ok
train,shiyan/data3/labels/train/2739.txt,2739,78,59d2182b1bce5c1f3e6f36618eaaf91229ee6cc0eb150ab85f15e6ef3a254d2b,2,2,ok
train,shiyan/data3/labels/train/2740.txt,2740,117,e699f6ce51e4e2c599b5eec9438297a801be584d5517e507f2d5a571d42643ee,3,3,ok
train,shiyan/data3/labels/train/2741.txt,2741,306,58aaefffe49b08fad04b24eeae956961d625be2a1247e034ce68cf47e297af2d,8,8,ok
train,shiyan/data3/labels/train/2742.txt,2742,39,18c59fdebe4545d875f3ffc2dda25f38e24884db9ee636bb8046e01f783949ef,1,1,ok
train,shiyan/data3/labels/train/2743.txt,2743,78,254357382d877ff998a1657f5bf5ce28e900ef6d39702be019e4aca489e0d715,2,2,ok
train,shiyan/data3/labels/train/2744.txt,2744,574,ea41b5863b377fb7a9913acb054ed375e36a23cce2e74751daa01eb87af9232f,15,15,ok
train,shiyan/data3/labels/train/2745.txt,2745,195,71a0f16e66876ec6d6addb18092efc1d55427ceb81864217351b6b77960622bb,5,5,ok
train,shiyan/data3/labels/train/2746.txt,2746,38,869c94600374a8953edc550dc435ee8ef1b7ca33c24028cbe19e696a84f0af53,1,1,ok
train,shiyan/data3/labels/train/2747.txt,2747,190,6c5fce22855acbac6eb419b36de7e30e9eaaa4ff13c3c0dcb33ebeed8ed8ee82,5,5,ok
train,shiyan/data3/labels/train/2748.txt,2748,156,604c4349dab99969b41b59d063649ba8a9129c263a3760d4e4ccadc3908f23ec,4,4,ok
train,shiyan/data3/labels/train/2749.txt,2749,154,e99904ba50f99a3a760bb35499b85e3792e7ca5d2317cd33113c73e2cdb2aa78,4,4,ok
train,shiyan/data3/labels/train/2750.txt,2750,381,020590e60f9b567366bfa9fe5c0c2dff29bb322d00f3e980d98f66436d03cd98,10,10,ok
train,shiyan/data3/labels/train/2751.txt,2751,351,2da01653f148e5ebf39be450c93ca24c3d272b37f90ee64196811dfa3074b1c3,9,9,ok
train,shiyan/data3/labels/train/2752.txt,2752,117,c24cf692952245797e72cb571eb5af9ee18e263d20ffb2c4b88a7eaf43b926ad,3,3,ok
train,shiyan/data3/labels/train/2753.txt,2753,39,a68f45778489cea3abf7ccb7bf59442debdf23b6049dcf15300f86d81eed235c,1,1,ok
train,shiyan/data3/labels/train/2754.txt,2754,351,5e96a0ac433eaf25e11783865b43c907fb0d8e82cce43a6511f6f654b263fab1,9,9,ok
train,shiyan/data3/labels/train/2755.txt,2755,429,dec2dfaa3e094f7ced58ee67ccf76af173a56b273874eba30f1bb665d9e0e0ff,11,11,ok
train,shiyan/data3/labels/train/2756.txt,2756,312,4e0c1da12863d4da30e5d3035136cba56e5f84e408c610b4658b610109b1e44c,8,8,ok
train,shiyan/data3/labels/train/2757.txt,2757,117,23ce2565d75a9a142aaa7d2356badec8bc3701bfbd1fec15c37e253af6ebf296,3,3,ok
train,shiyan/data3/labels/train/2758.txt,2758,234,724a7a3abfe45f9831224d41a1a9f9bddeca159d3417c861122166feb0f289ee,6,6,ok
train,shiyan/data3/labels/train/2759.txt,2759,117,8ef4901def2de6d6dbd01c39d5e00a72ffb37fc7685eb3810b9428bfd719e5b2,3,3,ok
train,shiyan/data3/labels/train/2760.txt,2760,117,1c7c764c893c83acacfaa15bb97cafd987184303141c646c18e4f185ea88c40f,3,3,ok
train,shiyan/data3/labels/train/2761.txt,2761,156,52885e485c7bd7e743d8e806537a984cf0ed2a2c25d18334a09a1c21e77806cf,4,4,ok
train,shiyan/data3/labels/train/2762.txt,2762,312,9cefa7c19f18429c0adca1d95d85ad94fbecfd7caa5e9f59fdca35c5a8ba8a9f,8,8,ok
train,shiyan/data3/labels/train/2763.txt,2763,117,a592be932e1780a36b670c5aab0df2244ffaa60b939ffd3a73d8e2cb43ea3e7d,3,3,ok
train,shiyan/data3/labels/train/2764.txt,2764,351,00c7c58bcfa12aa84d362022d483919c658e0a66f426b50fb3c16208e3a52e4d,9,9,ok
train,shiyan/data3/labels/train/2765.txt,2765,190,626725c77f99c2c82ee0f798df5e8cab495b300fbc7cc48cf7c3231a0b0521da,5,5,ok
train,shiyan/data3/labels/train/2766.txt,2766,429,2964b3103ed4666159a9ec1380f4fb3309db8d4816fe7c2aec385f122e3ea5f4,11,11,ok
train,shiyan/data3/labels/train/2767.txt,2767,39,de7621768124ff59bc73b115413893992ca0d60ea014ca72394df21c79f071c3,1,1,ok
train,shiyan/data3/labels/train/2768.txt,2768,468,c694ac0bcbc52c92530fce633f35c4f6f14eed6232d7187dc0fe2eaa35b53505,12,12,ok
train,shiyan/data3/labels/train/2769.txt,2769,342,8e54140c85b6002f143258863d760fc8dbf809c2160624f069e792fe854196db,9,9,ok
train,shiyan/data3/labels/train/2770.txt,2770,195,2f596ed922a31e660b3df3667521c298db341b11b8e07bc7252e072b39797da8,5,5,ok
train,shiyan/data3/labels/train/2771.txt,2771,304,84e12a0ade73b53770af75ac0c39abc08fa938154eb509e09de4ca5cea241e1a,8,8,ok
train,shiyan/data3/labels/train/2772.txt,2772,266,a7c457f7aa71c61443868b6a996bba01c767483d158b8897f7a96faef58afd46,7,7,ok
train,shiyan/data3/labels/train/2773.txt,2773,234,6b928e24a09855feec1cb2e04a944f942d71857b3d7e30aad7528b64886f1665,6,6,ok
train,shiyan/data3/labels/train/2774.txt,2774,190,d9b46eba3ab208df9bd67b05b67829c43304f6cfefece7573e9d966c85519825,5,5,ok
train,shiyan/data3/labels/train/2775.txt,2775,268,815910512c617c1cc71051043d75227e5a1a608b422e30a92eca5f42a2525740,7,7,ok
train,shiyan/data3/labels/train/2776.txt,2776,156,a81ad8f47f439d81e1fd3daa23bad835ebbfdc0f0b61876d6ead27bba13ff123,4,4,ok
train,shiyan/data3/labels/train/2777.txt,2777,234,01e5a7081bc4cdddee87debb18627e3f88c9e342c051c0b65d4be070e9370f98,6,6,ok
train,shiyan/data3/labels/train/2778.txt,2778,152,034e4fe334bf7fcb95aee97c95174c7c85d8b0dec5029de2557af2a74490fd74,4,4,ok
train,shiyan/data3/labels/train/2779.txt,2779,156,fbbe2acf6a12e812a1e807f2e15731bcc109bcf9de61daed96bba08621bb1b0b,4,4,ok
train,shiyan/data3/labels/train/2780.txt,2780,156,b6c7ecd0f16addfc75a6ab3ed8560f18bef56ee35eeabe85a60f3e08b4f21e1a,4,4,ok
train,shiyan/data3/labels/train/2781.txt,2781,190,6ef590562fd34e172474fda12b0a4c1d79f014f989a536cea7e59f1deecab85b,5,5,ok
train,shiyan/data3/labels/train/2782.txt,2782,117,4b31139e9ad2f9b944f31032cbf72f1a70e580b5efbb0258808d3540e4110e5a,3,3,ok
train,shiyan/data3/labels/train/2783.txt,2783,117,abd923a3ab7526f231d593564cf654e574b04858d6fcaaa1009dc1e08e53779d,3,3,ok
train,shiyan/data3/labels/train/2784.txt,2784,190,e69e907592bcf649cd0f63473d9e8d638a7bf7c363f93b90f5fbb28bedcff26b,5,5,ok
train,shiyan/data3/labels/train/2785.txt,2785,156,253d71ad7f9cbd7042e3563eee2b64383060200a7b2b354801885197d47e3720,4,4,ok
train,shiyan/data3/labels/train/2786.txt,2786,312,9f9a512550045e93e0e849a3bc8f68394c5bc04b4aed164c1bb6c3f5087346cf,8,8,ok
train,shiyan/data3/labels/train/2787.txt,2787,117,be50f5a056b8ec2434bb218c7bb2b5b6efb0abe813a75a85faf5582ad8666877,3,3,ok
train,shiyan/data3/labels/train/2788.txt,2788,507,c3a1e9c842f936cea1ca42905f0e2ee5c3dbd53d295441072df7cf50fd7298e6,13,13,ok
train,shiyan/data3/labels/train/2789.txt,2789,195,219e89e6512429d76fa19f36d3fb0f2068d1c76af1d530f2026645830c54051d,5,5,ok
train,shiyan/data3/labels/train/2790.txt,2790,117,3a30a9842796863967bbb9d23a8068c4c590173247e66cdff2963f704020326d,3,3,ok
train,shiyan/data3/labels/train/2791.txt,2791,195,0fae090025986ab1e46f6560ef127e2228f6827635673141f1f4b37eae1db1d0,5,5,ok
train,shiyan/data3/labels/train/2792.txt,2792,156,b0c7fb2e37ce7d395a624fb9be8f75febb18986a4b4161f00a11374a5fef147b,4,4,ok
train,shiyan/data3/labels/train/2793.txt,2793,193,50fd26be5b1d86a87799c764aa49bf1ab7f2c4b38f5600c03f1f820ce5223b46,5,5,ok
train,shiyan/data3/labels/train/2794.txt,2794,39,3d005e05007f12744979975d116d716dd26d7aa16bbdb12b6b19a2e735de429b,1,1,ok
train,shiyan/data3/labels/train/2795.txt,2795,78,60b83520fb00ba231e5d66e4dc9d443990864291368b504c97f47fad6de9aa81,2,2,ok
train,shiyan/data3/labels/train/2796.txt,2796,76,694f4bda94e152f078dc644e4aaf86026ed9195d724f9ae10101d7107a6aa4f9,2,2,ok
train,shiyan/data3/labels/train/2797.txt,2797,273,fcfc84e878519ac1f9db04298fc4152dae5cd02d6dca39dae7e28cdad71849de,7,7,ok
train,shiyan/data3/labels/train/2798.txt,2798,195,45fa9cd542f02fa1e010e6c3a9bc50746e933cbbe64372cdf744ed41803dce35,5,5,ok
train,shiyan/data3/labels/train/2799.txt,2799,351,ae7e78f67b38b3364de307365d30f394120d6a69e3822fc506ae0bcca6c308a9,9,9,ok
train,shiyan/data3/labels/train/2800.txt,2800,78,1900588df4ff0d0fe80fe1f3f4b2b40b57bdeb4787b0b8f02fb3ce0618052ce1,2,2,ok
train,shiyan/data3/labels/train/2801.txt,2801,78,b0b354a236dcff9f4e2ff3d4a9eed623b9a8311baf1cd78cf8e40c6ce5d66c50,2,2,ok
train,shiyan/data3/labels/train/2802.txt,2802,156,bad7ba8ed4ea0b1eed5b985055966490633363d844d35ee5a1ee4941d5ea7af4,4,4,ok
train,shiyan/data3/labels/train/2803.txt,2803,312,099b1adf865be52fbea7c7f3c623b065120293622176845935ad0b3d164b3660,8,8,ok
train,shiyan/data3/labels/train/2804.txt,2804,39,2b7109916911ad325c00b6dbd960a46f4aa897c6142a1600d27a87fe7d7a1ecb,1,1,ok
train,shiyan/data3/labels/train/2805.txt,2805,117,841bfb68280fad93be342a6cd5d779dbc1d6a272189a813277b7d02da70963c0,3,3,ok
train,shiyan/data3/labels/train/2806.txt,2806,429,55491eb38e6c2889e6c13780d087eb6066c6a6cc9979cdbc3a429e5852a454ad,11,11,ok
train,shiyan/data3/labels/train/2807.txt,2807,351,d01a7b6e980476051d036c220e0a352e3ded5f29a5060ac537387f6796a1f020,9,9,ok
train,shiyan/data3/labels/train/2808.txt,2808,76,3eb7a16bd3f47fd7d82ec059ca4284e99da6aff803be7c4dddeddf97f35d02a4,2,2,ok
train,shiyan/data3/labels/train/2809.txt,2809,76,42601a7df1f64842399bfab1fce0be787de701d42fbebd6179c230a0d93b9f53,2,2,ok
train,shiyan/data3/labels/train/2810.txt,2810,233,092403f75b91013a3c6aaee6b23059038735623cf1b3fa518707029f1fbd51bf,6,6,ok
train,shiyan/data3/labels/train/2811.txt,2811,195,c8ef1e901d60bc858282ee5feaf09bce68f3339a3ccafb10a991b852e4cdc45b,5,5,ok
train,shiyan/data3/labels/train/2812.txt,2812,228,906d53f4a0c88f18a4653ebb7ccf8e21484d40bfd3fb08a18960e34e993760b0,6,6,ok
train,shiyan/data3/labels/train/2813.txt,2813,115,56cbca7e8adc88964ed591f51be334f5550dddb7c2d5a5849824516e9c389e7e,3,3,ok
train,shiyan/data3/labels/train/2814.txt,2814,195,273c0c20e98bb74167849a40a53d04dbe5c89c2a3a1b9362a60140f14dbfe80d,5,5,ok
train,shiyan/data3/labels/train/2815.txt,2815,195,88b6002126fe9388d34555b063ad023cc12f83d00f084dcbb479b9aef87ce892,5,5,ok
train,shiyan/data3/labels/train/2816.txt,2816,195,c94aae0b68aeadb8db3b702f0ee455d363f1c968d769f1dbce63a000fcd46171,5,5,ok
train,shiyan/data3/labels/train/2817.txt,2817,190,6eb44bb9cc4a5b9b1803544ad8939e7f856035bb5ee89ff4f944ef428ada5b08,5,5,ok
train,shiyan/data3/labels/train/2818.txt,2818,78,a63a5b96d8ab7c05ba0692e5f08d4d623e7437543bd337043d52f1beb4330c67,2,2,ok
train,shiyan/data3/labels/train/2819.txt,2819,351,88c9778266bc4efa437bffb7baef27ca01f42bde8e19ba40de9b86f8e0083cf5,9,9,ok
train,shiyan/data3/labels/train/2820.txt,2820,663,981b00182a569c655a7da3d1b1cc0c21d7b43452b0944cc16b6c1c9215beaded,17,17,ok
train,shiyan/data3/labels/train/2821.txt,2821,351,78e9e56663f9cd7fb584ec188d8806c358ebc4f510fcad06d5e4dde31ae8ea95,9,9,ok
train,shiyan/data3/labels/train/2822.txt,2822,156,bf00b47733d1130c2b6f4f82b570f42b52d9ece7fef7d1802a0e1b1924ca51c9,4,4,ok
train,shiyan/data3/labels/train/2823.txt,2823,156,30c3fddfe92ba35224ec5b60bb4cc6cee9fab5823f0626a77f65e5a35a412186,4,4,ok
train,shiyan/data3/labels/train/2824.txt,2824,116,3fd40c35b45664149f13764f368f2b7424cecd246dc211b2e53f9dbc69704cd3,3,3,ok
train,shiyan/data3/labels/train/2825.txt,2825,155,0f3f55053b63651a3768ecf642081ec96f9210323e81b1a432d9ecd10762d716,4,4,ok
train,shiyan/data3/labels/train/2826.txt,2826,351,aec46b9cc7bd78add03b6edea6556ae9affb0e2051f537262a32cf01a6cb50a8,9,9,ok
train,shiyan/data3/labels/train/2827.txt,2827,117,fab7e945860384a948088bea03605dff813bfd30c0d4a3b085eca9a0148d06ae,3,3,ok
train,shiyan/data3/labels/train/2828.txt,2828,76,7adfbbff3b976e5968a68840472215ecf242f791e2add33fbd56ca4ec3d5c90c,2,2,ok
train,shiyan/data3/labels/train/2829.txt,2829,234,29e085be79520be0a58cccdd8c4bab48fd2368fca77062863bd8d559dcc7dc8f,6,6,ok
train,shiyan/data3/labels/train/2830.txt,2830,190,eb9ea36e6f2f2c71b00bab323a18202d72f759f02af11eecb2ab79d54f1c4747,5,5,ok
train,shiyan/data3/labels/train/2831.txt,2831,468,e354033a17f13299926fcdbf1523069781ed055bc2ff47c7db0d6d8603369508,12,12,ok
train,shiyan/data3/labels/train/2832.txt,2832,152,ff0b95dace6d40a28491d79582e858bce962a5e70786143347ce33dd361e2617,4,4,ok
train,shiyan/data3/labels/train/2833.txt,2833,192,45aa479ce59b793467b9221df3d776100768013e2af34779fec877db9a112d46,5,5,ok
train,shiyan/data3/labels/train/2834.txt,2834,429,91edd8817e3c5b8b982d6f957e881aa081959ea73139eb6c29a4b386e44e479b,11,11,ok
train,shiyan/data3/labels/train/2835.txt,2835,195,a9977d09497a55a7436236eab85df08453f51012bd068d8808373378572fbd3d,5,5,ok
train,shiyan/data3/labels/train/2836.txt,2836,156,12fde4d4728b1a4052cdd7588bbe315feb35f6d75a7ceff27dea5c38de2a01aa,4,4,ok
train,shiyan/data3/labels/train/2837.txt,2837,195,6af64cb3b783bedb87b74f927e2b048fc1e13321ef67d303b98067df7462f016,5,5,ok
train,shiyan/data3/labels/train/2838.txt,2838,234,7c7433ba7e974c308d4a8b43ca58fb927a8e4d105d8208c6c8e3879790380a86,6,6,ok
train,shiyan/data3/labels/train/2839.txt,2839,39,48e7547fe5391af09b8acb181390e0ac6df3a69d66a1845a0dc5c464a8dca685,1,1,ok
train,shiyan/data3/labels/train/2840.txt,2840,117,e5d301835da0d82333e950854d46336fcf6f044fc69f4ba467e7b582b25f9073,3,3,ok
train,shiyan/data3/labels/train/2841.txt,2841,117,3de7b2c7d44543a96dab79c44bb6c8541a03613bc7e5cd778b7c3271623673dc,3,3,ok
train,shiyan/data3/labels/train/2842.txt,2842,39,5c22cf3f58aeb21ea411131a2c846321ded04d0b8a8e4f7bdb70be1274c81634,1,1,ok
train,shiyan/data3/labels/train/2843.txt,2843,114,db762521ff8c1f5a62f9a9a37c05c6e19b5973a7c4b0e72989a9b2935dc2a7de,3,3,ok
train,shiyan/data3/labels/train/2844.txt,2844,114,01b71a7d480857d0973d7302da0fbca354579eb70f847091c3bc124661c882c7,3,3,ok
train,shiyan/data3/labels/train/2845.txt,2845,234,227d03ce944752ccb1d3530c13f704a267b15aa91711fe28a713ee927e0a57c2,6,6,ok
train,shiyan/data3/labels/train/2846.txt,2846,304,22c95ca59725b3d72abff12a002c2bdac98f745b934a20e25948b8e991b293a8,8,8,ok
train,shiyan/data3/labels/train/2847.txt,2847,273,4fe02718a6ac7eb8f8b6b1f66993f665dffb12e8151e865c146a8144a4d773a2,7,7,ok
train,shiyan/data3/labels/train/2848.txt,2848,390,69bb503e55c8874e933e11962d652efd424589d6e0ebf6010e1fa9e65ac76cb4,10,10,ok
train,shiyan/data3/labels/train/2849.txt,2849,429,e6b14229b89ee71db22137bd90577970c3272f0838ab8ba659fcd911076e9875,11,11,ok
train,shiyan/data3/labels/train/2850.txt,2850,117,0d7f52bdae92826613226bb0ea47861b8da4b06a24b3caede295243c513a62fd,3,3,ok
train,shiyan/data3/labels/train/2851.txt,2851,117,9d91f486d103d0f234371cf46157b35c16648730a179e407b82799cd198b8e32,3,3,ok
train,shiyan/data3/labels/train/2852.txt,2852,155,b2eb7ec77fd6e0b28a10fd2986f4942b6541d701240e7fcf995d36469a0dbb2b,4,4,ok
train,shiyan/data3/labels/train/2853.txt,2853,38,29efb145d53cf42591881c39bfafb9302431b23de22b992561eda6fc17138704,1,1,ok
train,shiyan/data3/labels/train/2854.txt,2854,76,d090d49f5627aa7ac674b67b1f44f339e774ee3a2007c47c363ec4f2d5bf5fbe,2,2,ok
train,shiyan/data3/labels/train/2855.txt,2855,309,cba88c4340ebca16400411efd3372e80363dd572d1b88b2cf5dc12f35cf16ab8,8,8,ok
train,shiyan/data3/labels/train/2856.txt,2856,312,c72b67983336fa905278759f13e8141e5bcab7c3637c09e2f0abc7cbff572c90,8,8,ok
train,shiyan/data3/labels/train/2857.txt,2857,156,a6b9b2951765fd269a9b573c686119f975af8db6563ae5c9486a8dd58b87dc6b,4,4,ok
train,shiyan/data3/labels/train/2858.txt,2858,156,0e2241dc415e98fa9c2c62b3df68511c3a8fb090feeec35f51b82e042c36b182,4,4,ok
train,shiyan/data3/labels/train/2859.txt,2859,117,d2a572352d96af84228d9412dbed0dd8a90f228f3830f0c582c5221f6b0fc3b4,3,3,ok
train,shiyan/data3/labels/train/2860.txt,2860,304,605126eefdf98ffb3117712a422758506b7b2009bbe395fcf5e27c190f30e0fa,8,8,ok
train,shiyan/data3/labels/train/2861.txt,2861,191,93932b86a1c4721bf0ddae61f06da47e7de45f085ea240f67476b95d74f2f69f,5,5,ok
train,shiyan/data3/labels/train/2862.txt,2862,614,1ecd724b2fffa699c93a2f227c7c55a88010518d3a2d4aa00631f40fdbd5e7a7,16,16,ok
train,shiyan/data3/labels/train/2863.txt,2863,234,192b73a75196ff94d8f0ca88cb42630ca038beb3437b61648ca6bd4268e89501,6,6,ok
train,shiyan/data3/labels/train/2864.txt,2864,38,bf91f482e3e848f133e5332f88d432c0824b0ac80286f3e3f07e85527b516ddd,1,1,ok
train,shiyan/data3/labels/train/2865.txt,2865,429,1cb24d1b3d165a630e1aba6ff03af1cdbea802aa1bb73d9750f294da7dba1ff3,11,11,ok
train,shiyan/data3/labels/train/2866.txt,2866,77,0b3d3130c37bf509c940003ed860166a730c2bbb454e0912b666c7fea63cd050,2,2,ok
train,shiyan/data3/labels/train/2867.txt,2867,234,3bd0159c15720d9b328529a8d20c7efd482cf92c0ab5375ea0c1f45ae80a8ed5,6,6,ok
train,shiyan/data3/labels/train/2868.txt,2868,152,8404dd8441a96be6f2a4edd15a73183c4f5a209d3b0a77ad3bcb874f939234b2,4,4,ok
train,shiyan/data3/labels/train/2869.txt,2869,117,0ede24a100f049b2ba95827a97c4e4dc3cc491f29a9c285ce00cfb8f53368cc7,3,3,ok
train,shiyan/data3/labels/train/2870.txt,2870,346,052c83a2d9f5f9c5492c1693a31eacda7bf5c0401a57df61f8f11825c79c1114,9,9,ok
train,shiyan/data3/labels/train/2871.txt,2871,342,14fb58bd405c2b5c1860739d89075ec1ddefe8cda3c9e464ec55632606f3f430,9,9,ok
train,shiyan/data3/labels/train/2872.txt,2872,348,b31fe88c66d8fa29363768305ebf8ce24b4305fb7995e7d3c6edd9bb96c5764b,9,9,ok
train,shiyan/data3/labels/train/2873.txt,2873,387,b2a6e07b1388966ffabc94290a2b987d3f48dfb378fd74e54ceb34d4176eff47,10,10,ok
train,shiyan/data3/labels/train/2874.txt,2874,468,c5753a19d74cf05bb11a64932ba73c2696a70962449b7f5e5ebcd27476bc9c7e,12,12,ok
train,shiyan/data3/labels/train/2875.txt,2875,39,305beb52b330f910f026c6f04a92fa508fa8a892ee2c7a33e0dfcaa053301e1e,1,1,ok
train,shiyan/data3/labels/train/2876.txt,2876,156,ff6c3b0f0149877e80d7ce2698ee685d8167ca558ec3d9a659f42cc895eb3d15,4,4,ok
train,shiyan/data3/labels/train/2877.txt,2877,585,f5316cf7b7a706e695196eb09ef69fb5769f719ffb841546c9c468b6f6efd553,15,15,ok
train,shiyan/data3/labels/train/2878.txt,2878,228,0670485937c2dc25b82f8a825ee8881f9abb54affb0410c121966e6d18fea426,6,6,ok
train,shiyan/data3/labels/train/2879.txt,2879,156,62b12387d8221d307db13e95193f10d78d319ebb071909b4c2b02e737a20fe08,4,4,ok
train,shiyan/data3/labels/train/2880.txt,2880,234,c390b939f78de0f94ed6d395096b75877a7db08097ba18a559532c3746e86ad7,6,6,ok
train,shiyan/data3/labels/train/2881.txt,2881,468,cc9f6f6cd105f10b506ecfd2b4dde925a4c4a9623800fb61af6762d24833ffde,12,12,ok
train,shiyan/data3/labels/train/2882.txt,2882,156,1e3e8e6a3f11b7c786b3a6e773b6f5c1872ca63d91b2e445bfd16a161738645c,4,4,ok
train,shiyan/data3/labels/train/2883.txt,2883,234,a2542b64c9101a6c1cc347264dda3de9c146600fc5bc544079097b6504f2c596,6,6,ok
train,shiyan/data3/labels/train/2884.txt,2884,585,9f4674e4762cb63eabd9d15d8ca85cf1dd3f5b6de9ac5dd51fbc7a9f247265dd,15,15,ok
train,shiyan/data3/labels/train/2885.txt,2885,156,c9e1318eb698a84d59f6350f8edfebf00d984721aa4a619f4ee88b110ff8e5dd,4,4,ok
train,shiyan/data3/labels/train/2886.txt,2886,78,f9c66b90a4702b7a83fb53cb228c2e08f48fb09885ea8fb26c641c77aa92dad1,2,2,ok
train,shiyan/data3/labels/train/2887.txt,2887,228,99e32975b20a9bf4c40ebdba0ed8f6433800e680a7a7962632dc3f8e9b6af528,6,6,ok
train,shiyan/data3/labels/train/2888.txt,2888,229,49c77d006e9a543b9e34bb6289b91eeb95f0c182fc4411621ce220dd40ee1040,6,6,ok
train,shiyan/data3/labels/train/2889.txt,2889,114,2b95feeb107346fdbea5d22a7f5c0e4e16074b6f6ea835ed8735bac98fcfb31c,3,3,ok
train,shiyan/data3/labels/train/2890.txt,2890,231,aee5144dbca08fc0fb358f035791a07c264ef9ee80dd63b867f702ca5ce7e409,6,6,ok
train,shiyan/data3/labels/train/2891.txt,2891,234,5953262ee7153949f9a257a4efbbbc8c3dae74dc204de380ce5d578477b6eddc,6,6,ok
train,shiyan/data3/labels/train/2892.txt,2892,152,3828856f38467359d8b0c62778b20f152fef97c54711a10e820678e1ac2a9cb7,4,4,ok
train,shiyan/data3/labels/train/2893.txt,2893,466,ee9d558cb10cea76927b3b91e8875af2e659e33fe01ddf0c77dbb0f946ec03f9,12,12,ok
train,shiyan/data3/labels/train/2894.txt,2894,507,8d8c2dccab212892efbc2da8bd289c254da9dde1264046304acdbfa98dc6b3b7,13,13,ok
train,shiyan/data3/labels/train/2895.txt,2895,351,d3e1caa8c4fb6d2c2119bbe18761a6d05f65d83e3de7ef80bdd10cdc0d3a1a89,9,9,ok
train,shiyan/data3/labels/train/2896.txt,2896,114,4bf3514e7bbdd9c88670260c851cce51823dc3df2d01403487758edcb0a5e67c,3,3,ok
train,shiyan/data3/labels/train/2897.txt,2897,234,82f2b63ac616a908139c5a60bb95e06d688b4cbe351db5c01711d2626e38c590,6,6,ok
train,shiyan/data3/labels/train/2898.txt,2898,228,b1bc930c7934d13a0a2785645f6576c9a10eaaa6545131b74ee5f7a07706b01d,6,6,ok
train,shiyan/data3/labels/train/2899.txt,2899,351,bb8741adfb34a454e2660c8283e61fb0b490ac0818d061af090dc5d6a7899bc2,9,9,ok
train,shiyan/data3/labels/train/2900.txt,2900,195,a3eefe07725f9223e69a57e40f07f2b36dc24d208ff61106a77690f2858b2332,5,5,ok
train,shiyan/data3/labels/train/2901.txt,2901,195,3356bc73e62668662d3da6ee1b116553b8bafa8ccf1083ae130abe25d7760175,5,5,ok
train,shiyan/data3/labels/train/2902.txt,2902,273,415ba42089290986755dd18b9cd180e1a69b05b9b5d6f99c6c780a8eccbdb227,7,7,ok
train,shiyan/data3/labels/train/2903.txt,2903,234,d9620e44caccc205c6cde70701d84e31953df0572f93ed0f0aa9e632daa3c9d7,6,6,ok
train,shiyan/data3/labels/train/2904.txt,2904,624,24993bbf967d677faa4fbaeb45000873a4ed55299075d2c1397214826bd94ea7,16,16,ok
train,shiyan/data3/labels/train/2905.txt,2905,195,ffd3cf5032366e761de5c5de5e826812e099a09fd5cb72c7b9a5338e13b5f992,5,5,ok
train,shiyan/data3/labels/train/2906.txt,2906,195,693d493d0db23705d17cef494ebd239bf51a55c08063ab4e6d643199c432e0a9,5,5,ok
train,shiyan/data3/labels/train/2907.txt,2907,234,0397a8ac34f996eae87c5fbd8ae640981495e9b0f72a966804567cf4a549b05c,6,6,ok
train,shiyan/data3/labels/train/2908.txt,2908,429,05839dbb6795af81b4464558b263cfd01c426d5bd995bd1cb894d15b45257615,11,11,ok
train,shiyan/data3/labels/train/2909.txt,2909,195,30281817747b10541d4499b6f42516c681119e4ca3cdd0ca1f4c66f79be5a26f,5,5,ok
train,shiyan/data3/labels/train/2910.txt,2910,156,596dd8e081f5507552356aeca05ff35ec86af52c95843e66d853f846373a7c8b,4,4,ok
train,shiyan/data3/labels/train/2911.txt,2911,273,0682a507a8e499a0d19db9660d5bf2304e21938b1e851070ded5185fb1cb7527,7,7,ok
train,shiyan/data3/labels/train/2912.txt,2912,390,b3f50e722df17121b34ae075b3be4dc4b7264d91afb7dbbc99d23758bde398e8,10,10,ok
train,shiyan/data3/labels/train/2913.txt,2913,39,1633a55852252685b60ec13e2cfa0697a21b3f337588cc99e545c08dc11860ab,1,1,ok
train,shiyan/data3/labels/train/2914.txt,2914,429,96ac0a34751b3eb8672ca714f23a8f7bae67ab8b81f68d944ba155c2ffee7b81,11,11,ok
train,shiyan/data3/labels/train/2915.txt,2915,585,d79ca932f7fac4013330fc4673ec989a5b2ed607f54e03407c7ad38a320aabb2,15,15,ok
train,shiyan/data3/labels/train/2916.txt,2916,39,25bb64a607d12e15bb468fec094c73810243afa2cc1b296d0a58d5fa24c03a86,1,1,ok
train,shiyan/data3/labels/train/2917.txt,2917,78,24ccd0a7364a55c98813c0ae9ee219f0aff3723aa1fea3e38f9a731321a48b2c,2,2,ok
train,shiyan/data3/labels/train/2918.txt,2918,152,f8737cc2669ba6260352083cb36c89be0a21e07c1422d2ef0cd997f00c0dac9f,4,4,ok
train,shiyan/data3/labels/train/2919.txt,2919,156,e5eab937dae8b727ee2bbab0b4ebb532056f9d0d022eaace218282813435d68a,4,4,ok
train,shiyan/data3/labels/train/2920.txt,2920,156,84c1293d0e611627c7bc186fa0ddfae62b3c00643f07ce9733274c9473ce2655,4,4,ok
train,shiyan/data3/labels/train/2921.txt,2921,663,f117d591071e3673d3843d16a3c2023aa12b926697d571b2d0162bf4428955b3,17,17,ok
train,shiyan/data3/labels/train/2922.txt,2922,273,6835302ef6e2ff95b89c26b36403ef0fea26dae9a0003b5ce04a03283f2fe4dd,7,7,ok
train,shiyan/data3/labels/train/2923.txt,2923,388,3003df00ec3b2614d911b542c9655ae9ef4af5b05e51ca85246eaa4a384db9eb,10,10,ok
train,shiyan/data3/labels/train/2924.txt,2924,273,0d6fb0d5e0c2a9e1d24b41ad0989280c1e7734dfdc8d686d9771a58d7dd705b4,7,7,ok
train,shiyan/data3/labels/train/2925.txt,2925,117,d23cc55640d9b87e04b3f4a63414e9d3d536ecac23e95f37dd24180a1cace94c,3,3,ok
train,shiyan/data3/labels/train/2926.txt,2926,312,c2095f722b6eb876af1d792093bc3622bbea12c686a2f27095a45efa6ee3a0fb,8,8,ok
train,shiyan/data3/labels/train/2927.txt,2927,156,91092e8a3c4f90fce2e44c84095930485b42df6e587a7ca71ce17ea591fdec57,4,4,ok
train,shiyan/data3/labels/train/2928.txt,2928,195,c4795ef9dbc5ae0ee9f87727b090c8abbc1ba9c087f99783ea9b6de8f3ccbdeb,5,5,ok
train,shiyan/data3/labels/train/2929.txt,2929,117,31f42b9a2c4d18b003f39ecac18dd05b8a36ce7100595d04908b56be4a29e5c1,3,3,ok
train,shiyan/data3/labels/train/2930.txt,2930,494,eda6cf112179a5ccc56f8b6e44259bca6a098399a0ad3e818b3a4d6ee6b0c7ef,13,13,ok
train,shiyan/data3/labels/train/2931.txt,2931,194,5d4c5fe20b2543a74247cca224728e80f7e45d8a9ea286a37f1490aed1cd058f,5,5,ok
train,shiyan/data3/labels/train/2932.txt,2932,39,da958ec9fc859d38ce5732a6b9ab6c8bdda64160a8e43544b43e6498ce04c8fb,1,1,ok
train,shiyan/data3/labels/train/2933.txt,2933,78,f78d734941d5d7adac97acb4d55291d052445c02c83ad627f40d66528ef7a9b3,2,2,ok
train,shiyan/data3/labels/train/2934.txt,2934,234,a0e771c1261063add70a2fb03295cd614cca38fae94ff27093020f968df1d035,6,6,ok
train,shiyan/data3/labels/train/2935.txt,2935,117,cb68638d1cd07bee9a1c97343f55589cbf4efe8c4f1821064655d07b1dd59830,3,3,ok
train,shiyan/data3/labels/train/2936.txt,2936,228,d0ee8a698994df49fd08205894fee7a9ca3b6e223b396fc544abcb18b4d2129c,6,6,ok
train,shiyan/data3/labels/train/2937.txt,2937,117,7bc8e7764fda46c5848ac0101b724ad2e947e26f740a718cba37d41bbb631cc5,3,3,ok
train,shiyan/data3/labels/train/2938.txt,2938,195,1bcb94179335ff524d2e6027f53ba50cf708630be6ec100546640232e5105aed,5,5,ok
train,shiyan/data3/labels/train/2939.txt,2939,155,418af30ae4aa5c9d55e46699e78cd292a45b7ecd035eddf9d8f24b10f83200c4,4,4,ok
train,shiyan/data3/labels/train/2940.txt,2940,342,3b60cdd871f8ece234665c12af44ee05cfef74bef44119153c18dc55bf7cc1cf,9,9,ok
train,shiyan/data3/labels/train/2941.txt,2941,156,f82bda619fa613ba85cf184cf298708cca661e55828dda63619df0536132edaa,4,4,ok
train,shiyan/data3/labels/train/2942.txt,2942,195,968ffde89243d845d56d23e60fef63d6800877d30be28143859a06b1905bc79b,5,5,ok
train,shiyan/data3/labels/train/2943.txt,2943,386,22905915396f83224bbd43f5be17f66101596fc026b829b216d5febef0a103cb,10,10,ok
train,shiyan/data3/labels/train/2944.txt,2944,117,3a2c809db44880d5912f9b336a75dfff20ad6ec82f53449e75159ab85ab75bd5,3,3,ok
train,shiyan/data3/labels/train/2945.txt,2945,273,5bd2930ce159856b02e479cd3be7291450048af44be9050ceb85e8930061a21f,7,7,ok
train,shiyan/data3/labels/train/2946.txt,2946,663,69f55f26a041dd8593e2c88744421f4343cf563b4b9fcd21a06642ac97e52453,17,17,ok
train,shiyan/data3/labels/train/2947.txt,2947,76,b2cf89d6725da335dc459cfe54e41a33c42edb93e8c25806e1689f0b05c9ecb0,2,2,ok
train,shiyan/data3/labels/train/2948.txt,2948,117,968e94772aa1e177e1bf6a8d866537bf61706bbb9d6c1af572a8c323e2613ce8,3,3,ok
train,shiyan/data3/labels/train/2949.txt,2949,78,63d78f65115e243281711317332c8f25381c8e162421fded3737bcdc0102f253,2,2,ok
train,shiyan/data3/labels/train/2950.txt,2950,273,0ef6727370b86e1eab3a6bfb163f5717ddcc4feb70cb8e6e188294d9c76a5bd3,7,7,ok
train,shiyan/data3/labels/train/2951.txt,2951,117,c4ca3cf88b33f310a67558643ac55ba83efddab22251e7624725d48fee9f3e55,3,3,ok
train,shiyan/data3/labels/train/2952.txt,2952,273,16ce9cd51896a7f3fcf63e80ef2cf59b5aa0c74be9bef58372778b1248471bf6,7,7,ok
train,shiyan/data3/labels/train/2953.txt,2953,429,1e13f4a7c85182c62a658a5cd4fa6ec0475b540d3563fca5668a595c24b8946a,11,11,ok
train,shiyan/data3/labels/train/2954.txt,2954,351,9431af2c37d325bdf45505ecd9dc34d4c4dbc5e8b0bf992ce2738dcdbc824f7d,9,9,ok
train,shiyan/data3/labels/train/2955.txt,2955,546,8d738d879dc6fe918d67ec9f56783669610f5cb764bff37ac0d56dfa5aafa278,14,14,ok
train,shiyan/data3/labels/train/2956.txt,2956,195,311fbcf5f949262ca599b69a7c57963aed69f3758a1c0acf99bd939d95a3c06d,5,5,ok
train,shiyan/data3/labels/train/2957.txt,2957,78,d22c2b901c72d6d8e6a66a16b2ab74ad0eb5645bac09de8c1de838a1ef9c02e6,2,2,ok
train,shiyan/data3/labels/train/2958.txt,2958,39,5e0aa9df78542221fd02982b7ab0fddb5242706372e2c8f947dbfa9bfd4f33d2,1,1,ok
train,shiyan/data3/labels/train/2959.txt,2959,195,35e96942b823c92c30bfb89ad30ccfa56bd919a7eae1286de3b6b459cbc71566,5,5,ok
train,shiyan/data3/labels/train/2960.txt,2960,234,6031d1e5a402b87fd2321f6d8d524161dcd6ed219a1a5287374564d0b584976c,6,6,ok
train,shiyan/data3/labels/train/2961.txt,2961,152,9605d480c77afcaea4455211e46b7e688233f72927d668573f02e0329c687d18,4,4,ok
train,shiyan/data3/labels/train/2962.txt,2962,266,98a04dc70dd04739293aae2d0c66ab5932eb49fc4899e7530e1f202ec792f8a9,7,7,ok
train,shiyan/data3/labels/train/2963.txt,2963,468,a010aefd491b426f8a7ae528a9b3742adb361a618b2e1a721689a339cc2d5c11,12,12,ok
train,shiyan/data3/labels/train/2964.txt,2964,39,6d2c60a4a041beb1776b3785b6c8c13d3c6a7dcba3d01e6bfec494697cc27e52,1,1,ok
train,shiyan/data3/labels/train/2965.txt,2965,156,d2924c52b51468013af40578e0ff69e4152be76562d93a8f9a67cdc992b4e6b3,4,4,ok
train,shiyan/data3/labels/train/2966.txt,2966,390,c1f9a4f9cb1bdcef2de8cde911968f619dfd59c082821fa4f65febf42acbcf7b,10,10,ok
train,shiyan/data3/labels/train/2967.txt,2967,308,02c0e13e1793e7a61abf96c1dacdf598e84098cac3da09f14f780bb9ef5e9bed,8,8,ok
train,shiyan/data3/labels/train/2968.txt,2968,304,a71859053291d131dad34fb750df24dbd0cf2edc64873aab5c9f80613d22b220,8,8,ok
train,shiyan/data3/labels/train/2969.txt,2969,114,7bbeec957f2eb552d8f03e9ae7e6a892501c2dd5bf29ad4433985b27b8c7f928,3,3,ok
train,shiyan/data3/labels/train/2970.txt,2970,156,a29c1a8c93bae4279ffff58ebdbeaf12ef81aaee1c75553469b8daea714c9d24,4,4,ok
train,shiyan/data3/labels/train/2971.txt,2971,1292,3912a5e2de316b0c2112b7aaba3914ea37c4a5908c5157deba0fff0fa7866913,34,34,ok
train,shiyan/data3/labels/train/2972.txt,2972,193,7857ffdbe33399e6445aac1b0c9fd0786eeef1c3cf4c7c45825406ccc940f066,5,5,ok
train,shiyan/data3/labels/train/2973.txt,2973,78,e879904888894d1e0d30249533c7b11666dbe72b8485685a578aa330d42f0409,2,2,ok
train,shiyan/data3/labels/train/2974.txt,2974,38,e9cbc5f0fff5905fdd21cf9f7ca9ccaef96c8ec1d3a04a19562ee2f1b409cccc,1,1,ok
train,shiyan/data3/labels/train/2975.txt,2975,117,f654df97c8e98ed3016f14e739012b2263282e761c6d79d1f01beebbc0807687,3,3,ok
train,shiyan/data3/labels/train/2976.txt,2976,270,64b80624d88b4dbbaac71ef0d3064531f8cf05ee58c1fc72f433924babc41880,7,7,ok
train,shiyan/data3/labels/train/2977.txt,2977,117,443f793736cac77ce4d6278dbe24aaedb1a035ffa0c4ca68fd0e6d880671ad20,3,3,ok
train,shiyan/data3/labels/train/2978.txt,2978,117,3b10e285f9c62fc0ee6c452b0a613886c11bda04eb5c545d45bdb6eca3cb5fc5,3,3,ok
train,shiyan/data3/labels/train/2979.txt,2979,234,a9b185d03dbecfca5731e89e95cc0990373fe484e03b6612b959e5515648c3c8,6,6,ok
train,shiyan/data3/labels/train/2980.txt,2980,273,19559df27e31a76077b1b3a2b6d23b1f5a1fe572f3751efe6b504770eb1f8d9f,7,7,ok
train,shiyan/data3/labels/train/2981.txt,2981,468,5c95d900a7cce827f73bae4070376375851e551a2b7b8405acd29cae9d1f3f4a,12,12,ok
train,shiyan/data3/labels/train/2982.txt,2982,306,5a1e17c2122c9cf9dcc5a440f700bcab3e0db4010b9c36dc9163655a37875620,8,8,ok
train,shiyan/data3/labels/train/2983.txt,2983,117,e32ce43a623d102327c1a8531fb91854c7d96d2e78498da24a8465245b305de4,3,3,ok
train,shiyan/data3/labels/train/2984.txt,2984,117,ab410bcaf0046fff0c759f0080b2f56d4a4ce7eaf2b4693e1afd3126d345c0b6,3,3,ok
train,shiyan/data3/labels/train/2985.txt,2985,190,f9090d74197bec8a6dffb11c374e2df90266d99fd531077f78f779ffbbc7091b,5,5,ok
train,shiyan/data3/labels/train/2986.txt,2986,195,6a8e2f505372f70d858b0fdb2b9c6ce8b53f0cd0716a643cf427c32821417d63,5,5,ok
train,shiyan/data3/labels/train/2987.txt,2987,191,8e63143b8648870854e0988cf81baeedbbd3edac07f90666a1c0e74c24055459,5,5,ok
train,shiyan/data3/labels/train/2988.txt,2988,38,4e3990b5c89feaa916325996fd50b391d09a9374e77f5e0df6afd1420f0bb642,1,1,ok
train,shiyan/data3/labels/train/2989.txt,2989,117,07cf9204400c8b261a1f6322e11b74592810dc7aa1c734b7c0ca9e41479834db,3,3,ok
train,shiyan/data3/labels/train/2990.txt,2990,234,12d610fbf7165683408ffaa507122680c6f463f9600b11fcdb8dee9b92d2e62f,6,6,ok
train,shiyan/data3/labels/train/2991.txt,2991,195,87ba8bcf0b4ec983dba25e3c8ea88d8f22f538ea3734ab935b15520c523b016d,5,5,ok
train,shiyan/data3/labels/train/2992.txt,2992,936,3fd8c3cfcbff0c49252f41a63cc0144b7574f3b4eecb655c9d2e282e5d756c62,24,24,ok
train,shiyan/data3/labels/train/2993.txt,2993,114,1db07bc5fa2a71aa46e82f3c9da3408d580a23afda0d1edfd4d08437ee9cedc8,3,3,ok
train,shiyan/data3/labels/train/2994.txt,2994,156,a374d940d3b543abbf50d5475cc7880d17207e2e9e3070e0ff480990bf59bbe5,4,4,ok
train,shiyan/data3/labels/train/2995.txt,2995,152,a61c8d2fcf6e72fe742d495ae11a8d673ffa05977a8ca00c0472ad28d08b2ff0,4,4,ok
train,shiyan/data3/labels/train/2996.txt,2996,76,74d8a72c07e8e4f7d4233f644b65e83aea55a88caeb2d9abe8b57ea07b0fb85b,2,2,ok
train,shiyan/data3/labels/train/2997.txt,2997,78,859dae51ccc593289e07ff63d6cb8d11aa8aa4556270529e94aef2769266d1f8,2,2,ok
train,shiyan/data3/labels/train/2998.txt,2998,267,5ea12867c5ada75a6d4345542e5f128aade4d94abc385f3431732783ecce5661,7,7,ok
train,shiyan/data3/labels/train/2999.txt,2999,273,4a918b789d452e9a68a12d59e08950e2cc95f94e19e1b1f6457ff26ca454a319,7,7,ok
train,shiyan/data3/labels/train/3000.txt,3000,114,f00ea8f73dab65939afd1d520eb7a33eb28603a33decb636af02d28f96be2d20,3,3,ok
train,shiyan/data3/labels/train/3001.txt,3001,468,2b5c271ccc9df94b1401d65998f2d8376683d71e581fd992c118f5f92a36f8cf,12,12,ok
train,shiyan/data3/labels/train/3002.txt,3002,117,56436f7af4693d5b87baf10678996c976b3e7485339113f21c9c68aa87eac631,3,3,ok
train,shiyan/data3/labels/train/3003.txt,3003,191,744c2ba20819259789fad5b4a36cf68c3c1e55cee01887d4366282ccd6dafc08,5,5,ok
train,shiyan/data3/labels/train/3004.txt,3004,39,cbe2ea2a318331071c3bb777888523795ed22c4ca0858c74bf9b94671778d74f,1,1,ok
train,shiyan/data3/labels/train/3005.txt,3005,273,5c82e7496cb6eca81e1f399ced358844b3a9b11b8f293606a68bf52733e2f43d,7,7,ok
train,shiyan/data3/labels/train/3006.txt,3006,273,a90952a2d96b6602e8226aee4fa7046c1f927a980596ef37cc13bdb8b1c609a2,7,7,ok
train,shiyan/data3/labels/train/3007.txt,3007,156,893acb4a9ade4c0cf68f818c301e65348ce76296c5b3111141c2b7008e20e3ff,4,4,ok
train,shiyan/data3/labels/train/3008.txt,3008,117,dc2c80056e5aa0d04be6d85286d6554d254fbfd08c9262f162f029cf9fa47d51,3,3,ok
train,shiyan/data3/labels/train/3009.txt,3009,233,ffe15be1a443c8f3d784f12a0834a1e4cf16c2d3533c9fb23c61279ed04b59d1,6,6,ok
train,shiyan/data3/labels/train/3010.txt,3010,39,072a061caeb08d936fe3645f15f4941f511dbb8873fae6e79945505ff977d76b,1,1,ok
train,shiyan/data3/labels/train/3011.txt,3011,312,527cbc09e418b2a0f77eb48bb49567842db4919640b50d94f32a45eeee0c9d9e,8,8,ok
train,shiyan/data3/labels/train/3012.txt,3012,39,faf12e9f9d7e0ad34032b95735fe250f9249f6f5a954ea08812ee90ed1fe5dcd,1,1,ok
train,shiyan/data3/labels/train/3013.txt,3013,234,e1c26c5dbccededc96f94150a912058da53f14dadada57acd14924d7e06022d4,6,6,ok
train,shiyan/data3/labels/train/3014.txt,3014,76,de93b9df3cd22c3b1f260ded77a8c1399a53b180a5f116031af9ee52b1393278,2,2,ok
train,shiyan/data3/labels/train/3015.txt,3015,351,f75e21d0904dbc7a3d90b88546b4b0f64c21c005d8850c425483334f54806daf,9,9,ok
train,shiyan/data3/labels/train/3016.txt,3016,306,79ecf02e0b17454039800a473c767b1faa6d869a15dce165820b149f8675f434,8,8,ok
train,shiyan/data3/labels/train/3017.txt,3017,78,c84dd1840f6b02759914d282446c1cf02ab28570ceb239615daa903bda28147a,2,2,ok
train,shiyan/data3/labels/train/3018.txt,3018,156,228ca1f60e91f74e49e34d8cc7b69b9b5c5b697e6820fd68647d4c3574d18023,4,4,ok
train,shiyan/data3/labels/train/3019.txt,3019,418,7eeeba6265d2f592260addfcdde3e029055f3061831c75eb6887d313e4d3fa56,11,11,ok
train,shiyan/data3/labels/train/3020.txt,3020,39,8cc952af2e26141118afc2b18d151c64968929c5ff16b59bd746658abfa3d0c9,1,1,ok
train,shiyan/data3/labels/train/3021.txt,3021,228,81a1fdb512aced19cacc5fd02468026db76466aea6b727e4b7d78f36eaf7d567,6,6,ok
train,shiyan/data3/labels/train/3022.txt,3022,154,a7b0081fd56d64f4f370f9eb563c85fba108ad142a68010b20371294a2158210,4,4,ok
train,shiyan/data3/labels/train/3023.txt,3023,117,ad83badc623605f606e9f67c8a5a274767f49744734e90c0cab54c35d25f93e0,3,3,ok
train,shiyan/data3/labels/train/3024.txt,3024,39,29ab04ece23d8cbeda200d8b8aa2175c8ae232298cc81edcd99661d57acec54e,1,1,ok
train,shiyan/data3/labels/train/3025.txt,3025,39,bc77cf78d33b6aaf3510e6d0fc4d3c04330d8ba21e296f62f469da7ebfc9f883,1,1,ok
train,shiyan/data3/labels/train/3026.txt,3026,468,04c982d8b823c15908e645002d06dad4b96dc6f832bc852d8f4c5d5cd7c638e3,12,12,ok
train,shiyan/data3/labels/train/3027.txt,3027,152,98e836e9d73e98e736376edcc6d33685f0e47677c281d4e30d49962f9e6c331a,4,4,ok
train,shiyan/data3/labels/train/3028.txt,3028,234,fe4608e33eb675478aadfccd4471db80ef12fc2c25f97323d47c5962428225fa,6,6,ok
train,shiyan/data3/labels/train/3029.txt,3029,702,5190dd966377b1e18bcde4254fcd1323fa4fb485e75653380e9f3d2fea92619d,18,18,ok
train,shiyan/data3/labels/train/3030.txt,3030,38,232e119563ebb2740c2d47f1549f707dccc2e77731d2a1ae11be01d633abc1d0,1,1,ok
train,shiyan/data3/labels/train/3031.txt,3031,39,342ae6393694f959bb86f3609247bf7c3462cf3113a5907451235b6f00bc6d10,1,1,ok
train,shiyan/data3/labels/train/3032.txt,3032,152,6f1a5e97b22452ddeccce6f07af5aa14762b612f3b8b863e93e1310c448aceca,4,4,ok
train,shiyan/data3/labels/train/3033.txt,3033,38,f1507ba6f48cf9c0ef1b1dc1a67c09940302cc45b145f0ab6f045e17e38a6ef3,1,1,ok
train,shiyan/data3/labels/train/3034.txt,3034,78,e4e25d961a62a98f5bc8301e0101e41c3bda90b21b368a391f29b5adf9dadc75,2,2,ok
train,shiyan/data3/labels/train/3035.txt,3035,156,346b2ca34351047fdd9b69cb04aa12446d7bf7ffe29ee412acfd1947b546193a,4,4,ok
train,shiyan/data3/labels/train/3036.txt,3036,344,c5bf25341a3c345cf89df5ff4eeb06c68bc63a62d944e1e403b3fa38934ed9d7,9,9,ok
train,shiyan/data3/labels/train/3037.txt,3037,191,0983fad6363ef46c863f89db8d956d47f508930b03e68e722c05bed63028f04e,5,5,ok
train,shiyan/data3/labels/train/3038.txt,3038,155,4c10e848eab837a1e0f9cd9165fcaf6f664526a8e5cfb0108987b1773dbb6338,4,4,ok
train,shiyan/data3/labels/train/3039.txt,3039,195,54249ab53b95376793cac8fdce6adbeddc2a9f3d4dacf45802b0bc2a7a64f18c,5,5,ok
train,shiyan/data3/labels/train/3040.txt,3040,39,3ea240dd3324adc61f2cb33dfbb0860a247cddf4ba0641693e22640e02183998,1,1,ok
train,shiyan/data3/labels/train/3041.txt,3041,351,49babc8cb245bad8f41b7e0622ab59a0525d0390c88ac498509c264ffb7fb9e1,9,9,ok
train,shiyan/data3/labels/train/3042.txt,3042,228,cbefd548abff4aa55effa8f56f63c89a81032f9bc022f154d25c94a26e5ca8c9,6,6,ok
train,shiyan/data3/labels/train/3043.txt,3043,156,920ee6a20bf8c6eecdb77f3a3c9c313708ff399cfa8d89a04d492ec2956e35bd,4,4,ok
train,shiyan/data3/labels/train/3044.txt,3044,76,ea342cf6c6ecf5b0008863322d09e3fb8a2ac2dc852afc7c816f1d7a19c104ad,2,2,ok
train,shiyan/data3/labels/train/3045.txt,3045,195,9d774dcc42fb25bba25cd823cc9e4ae7084e3bde0126c568961e109f5e0da72a,5,5,ok
train,shiyan/data3/labels/train/3046.txt,3046,77,52e14035e04fa9f07e5d76470c9f22ab0e73f1a0dcc9add731eeb35c29f969b3,2,2,ok
train,shiyan/data3/labels/train/3047.txt,3047,78,8ccabe2b9e76ba498305dd3c900f740a67a517c0e59b51a8b824c7a19258a690,2,2,ok
train,shiyan/data3/labels/train/3048.txt,3048,117,3bc96c24768468ce58e84be6271014ef680508858e40f43656cf4def3a704ea7,3,3,ok
train,shiyan/data3/labels/train/3049.txt,3049,195,a03252a603d8c8b79d2a944fb0dd6cf7bab5342fc32a1ddec66eb34568450815,5,5,ok
train,shiyan/data3/labels/train/3050.txt,3050,156,59f010b3d71ea3735f48be77e981f4559ea0d94b89513a000365175974337cd6,4,4,ok
train,shiyan/data3/labels/train/3051.txt,3051,234,2499227cbb768a8c9d22174c9446cda4d80ce88c9b256c5033bb5323c76d681b,6,6,ok
train,shiyan/data3/labels/train/3052.txt,3052,273,2578238cb2ec9356a84881e359e5b298baedaa2b57e8f94d2c52df148d4d99c6,7,7,ok
train,shiyan/data3/labels/train/3053.txt,3053,504,a39096384f6812e67c4e3651c33edf1ad6a9089a6268dfd3ec9863112f511c02,13,13,ok
train,shiyan/data3/labels/train/3054.txt,3054,351,a7266294278aac5129b7756b7274ab0df572bbad50d56e41693a6192b1aa99e1,9,9,ok
train,shiyan/data3/labels/train/3055.txt,3055,546,b11974a2e8b165b26f6c47d89773b35d8c39c1e7c7af71ba90632619996fbb2c,14,14,ok
train,shiyan/data3/labels/train/3056.txt,3056,468,1c5e79433d179a265e44cbaa452148552ff323f9635e32c143ca82a362cd258a,12,12,ok
train,shiyan/data3/labels/train/3057.txt,3057,532,79345ac8e8b4fd53de13a5ff16e6dba1a7299221f7fb0cc612fbe59d2b60b759,14,14,ok
train,shiyan/data3/labels/train/3058.txt,3058,39,177bd29a1bcf98d5ed54f3daacac1bf42837e8aa3a4063d71eea02b8f981920e,1,1,ok
train,shiyan/data3/labels/train/3059.txt,3059,117,22a362919c12c666a6f388937c5f605c2848c85e81a1c5b7abf47992dcb9811a,3,3,ok
train,shiyan/data3/labels/train/3060.txt,3060,78,ad62f8c42090fd7498bdff9caa53127dc1ec1338be4a7b2f076c8be43e858118,2,2,ok
train,shiyan/data3/labels/train/3061.txt,3061,39,16d8c38e3b1a2cb57dcfa109440cc9219bf2b40da214f36c9ed3a3a1db35bda8,1,1,ok
train,shiyan/data3/labels/train/3062.txt,3062,273,a9c24c3e3e1025933b61c9e5d2aeb2edefeb71e4c0df9a6ff058106bf457b738,7,7,ok
train,shiyan/data3/labels/train/3063.txt,3063,234,60de154a2d000308135feec3b82026583eb5b32029d72bed5d449830f73b4d40,6,6,ok
train,shiyan/data3/labels/train/3064.txt,3064,195,985a36dfb22a3254a87e0c6719cbf15237b6fdd55c8fdd5e761ef1db565755ff,5,5,ok
train,shiyan/data3/labels/train/3065.txt,3065,234,48c114807f265bb7b6ff4e496c2202611463604f8dd52f618850a53843d2fef8,6,6,ok
train,shiyan/data3/labels/train/3066.txt,3066,152,b161e15482714bb6cce60ab693ba46b53738389d90ab62077c78a6e0828c28ff,4,4,ok
train,shiyan/data3/labels/train/3067.txt,3067,76,11f714cef953c03cba1b8514e1c7a29fb7ba715c92c3c541eab1ea1bb4750cb3,2,2,ok
train,shiyan/data3/labels/train/3068.txt,3068,117,dcd621d83cf5234b0aa1d6672c9399efed47f71907a8419c097d11cf74fc69ab,3,3,ok
train,shiyan/data3/labels/train/3069.txt,3069,312,7d4ce29ea7b0717f899c5b40005126e922501717bd235218ef7f270b44acdc51,8,8,ok
train,shiyan/data3/labels/train/3070.txt,3070,156,5c84a7e44a84ee8e8bfde9344c71d9ffe90092988e6e6982738189bce44954f4,4,4,ok
train,shiyan/data3/labels/train/3071.txt,3071,312,b44103d1b3bb70bd7b4463c4a872fce0626ed9cc362a613b3007d9ab544bd5f9,8,8,ok
train,shiyan/data3/labels/train/3072.txt,3072,38,b9d3b4e50fa3abc3f1cc0768accbff835b37c169e7bdbb9dca0a3a114c392c36,1,1,ok
train,shiyan/data3/labels/train/3073.txt,3073,312,86b2f51de2d7c6d1ad7cab7cd9246cebde2f4dd3d7f588be29d3b9266f3b0309,8,8,ok
train,shiyan/data3/labels/train/3074.txt,3074,78,c2bb72a21b0883551879112ae7fc240a59e6d36ec4f101b7d0bf9cd6681a23be,2,2,ok
train,shiyan/data3/labels/train/3075.txt,3075,234,cc075ab99502a7df22f7da3e70b1b1550efe71fd9ec1fb9c237b06f78deed3bb,6,6,ok
train,shiyan/data3/labels/train/3076.txt,3076,234,7363f52930775e7c70ee2ce93e9500a8b54213b231208e59c28899d6c0b584bb,6,6,ok
train,shiyan/data3/labels/train/3077.txt,3077,39,e4307a23d5e1ea4344c598ae0aa45cb6d2bfa3d757bebcfdf01474668db7e4c4,1,1,ok
train,shiyan/data3/labels/train/3078.txt,3078,266,72335767a9bda54b6c6a9f91cd11a8fcf77e2eb82996e6452ac3e8f05eaad5d3,7,7,ok
train,shiyan/data3/labels/train/3079.txt,3079,78,0ea3e2fe2ed1e6a2f3097e698f9725b99f7dd17fe31b0ef8c72263d8a87b7440,2,2,ok
train,shiyan/data3/labels/train/3080.txt,3080,228,cb7934477c2fcfd83d04ebabeeaca6595bff65f4b9be13a9d3df5ab2cdf3280b,6,6,ok
train,shiyan/data3/labels/train/3081.txt,3081,190,73efe1ebebf3c4511754930f98e3526bc0cd9d93f29d3ff6c7efeeb9d01476cc,5,5,ok
train,shiyan/data3/labels/train/3082.txt,3082,429,4e7280835bbc1ec185afe30df8ce986c3943f83d5bcbb4ae72df466b1181e42e,11,11,ok
train,shiyan/data3/labels/train/3083.txt,3083,273,18c5b0d1e76be0988f21ea3fbbde5310903fa17c7e307f5be72f83b888610223,7,7,ok
train,shiyan/data3/labels/train/3084.txt,3084,117,10ba6f66a22b7b990c9fdd90d042774582ad440024dfa0333d6e798d2ea72b6d,3,3,ok
train,shiyan/data3/labels/train/3085.txt,3085,78,eae1a84c0fb34259af4ac93982ff07f35be3ac174281e6d694db15b3a1282800,2,2,ok
train,shiyan/data3/labels/train/3086.txt,3086,117,939168c113abf4d0935e02804076aae61a7321a35dba0df178627ffb7b666bbc,3,3,ok
train,shiyan/data3/labels/train/3087.txt,3087,234,ca18760197ba9ef226efd1eaabd67ff06ea2ba82dcd35206deb95762a9f591c5,6,6,ok
train,shiyan/data3/labels/train/3088.txt,3088,195,a7a8e2f188fa5c3e827b7612cfa18dfdaa8345cc0a5b7001929173f978982193,5,5,ok
train,shiyan/data3/labels/train/3089.txt,3089,191,6dd685b13f499d8d274858c4959d93d7a071ce8993b0b73869188ae30062c311,5,5,ok
train,shiyan/data3/labels/train/3090.txt,3090,76,eed607b0dac70643b0f5acbf48b1ee08336f0a0997db8fa6b5cccf9f4f49e843,2,2,ok
train,shiyan/data3/labels/train/3091.txt,3091,273,015baf611af4bd627ec32c5c08c5726517b674e7b6b35f3c5f208708278ad6d4,7,7,ok
train,shiyan/data3/labels/train/3092.txt,3092,1026,49e55a7b9781d99feef47667d63adf58968eb32e7de1025c83467645bb76dd9f,27,27,ok
train,shiyan/data3/labels/train/3093.txt,3093,39,1d796056f4d2f128ba015b31745165f5f8f459e8817a8c4e5604103b94bc7608,1,1,ok
train,shiyan/data3/labels/train/3094.txt,3094,312,2abe1b90a6d8145fd48b7458b0e9618ab05ac5aeae96a481cabf866b5d774c0f,8,8,ok
train,shiyan/data3/labels/train/3095.txt,3095,116,844a322b5dc0e07b9177ce853f122e4feba076e705be799193a8179be0e9ec18,3,3,ok
train,shiyan/data3/labels/train/3096.txt,3096,117,a8b8fedb7e3dd1590204ad7930225f32848d1796679283bdc85cf6fcfd510e92,3,3,ok
train,shiyan/data3/labels/train/3097.txt,3097,390,264b5b6ae3d483c04c29fb6bb3a4d0fb95071d51558fec8c598109d4d62ef92a,10,10,ok
train,shiyan/data3/labels/train/3098.txt,3098,117,5ee1c832caea50ae93ea245343468475f4496005d070b7b243aabae2949d2da1,3,3,ok
train,shiyan/data3/labels/train/3099.txt,3099,156,72d43d7e1185f7254cdf0b1d6a0370b11a843ef441173db120cd44ee29428ad1,4,4,ok
train,shiyan/data3/labels/train/3100.txt,3100,351,2b14f5e17c36d5f2c84facdee35f849a49778c2e9bb31b1be3cd79a87cafce0b,9,9,ok
train,shiyan/data3/labels/train/3101.txt,3101,195,924cbf213cff1d4102dab1e379f3ea69394aa83c08839d0dc17f3fa9c1842f8b,5,5,ok
train,shiyan/data3/labels/train/3102.txt,3102,156,409eee413c1c921d661f4e172629b49729d58c9ec907f0165b6c0fac32055de7,4,4,ok
train,shiyan/data3/labels/train/3103.txt,3103,195,f2a2f8f0892949700b8133a7470a232d7e8d9399b76f1f4223e7c32800ee61f3,5,5,ok
train,shiyan/data3/labels/train/3104.txt,3104,271,e6725eb773b889113e13cd991999d73fd638f4a29189b180bc9c2b90fcd35277,7,7,ok
train,shiyan/data3/labels/train/3105.txt,3105,351,aad4ee3aea0b1259ba90cbb9bf4526949db987a0139e4c6524034f8de337ab0f,9,9,ok
train,shiyan/data3/labels/train/3106.txt,3106,312,1c067b7d2b5738c0f941f5a670af09fda399fca24c55d705c6ceccaae56aecbb,8,8,ok
train,shiyan/data3/labels/train/3107.txt,3107,304,d9e3250406d24db9674929891a041bd37691518e4a47d45ad7cd3bd49280cde1,8,8,ok
train,shiyan/data3/labels/train/3108.txt,3108,156,0d85125591c2c2450c0c1bb8090a761158f4e7cc597356dc536edab1a0e305ff,4,4,ok
train,shiyan/data3/labels/train/3109.txt,3109,273,f284102f375e03d55f68b2552c59adc37353d1cd82d0907b00d0c6db4ecd0894,7,7,ok
train,shiyan/data3/labels/train/3110.txt,3110,456,e2261261e79a02e088d5054eb475abf4b977f0431c0e843ddc967c440362fc4f,12,12,ok
train,shiyan/data3/labels/train/3111.txt,3111,117,e17f34ff92c6fbdd4fd54ccd32b2d6a84adf9d3fe7d967029788f5fbd79b2dc1,3,3,ok
train,shiyan/data3/labels/train/3112.txt,3112,39,3a828421831dcd98d7c59fd2057b289eb02de657c8ad7d68a9ff15edd3cedee9,1,1,ok
train,shiyan/data3/labels/train/3113.txt,3113,195,649bd5a617ccbb97363c63bb7c07d2db3f00700e684560f5f937d879049da779,5,5,ok
train,shiyan/data3/labels/train/3114.txt,3114,273,bf03e433250479fabf9dd39d86cc5a3dac67b85b5adb7f89db73db249f2e7184,7,7,ok
train,shiyan/data3/labels/train/3115.txt,3115,273,72f232cf8a8a73914b903c59b23c2d0b6479a22039d1620cd76b3325a536174f,7,7,ok
train,shiyan/data3/labels/train/3116.txt,3116,114,07a6327a347f81b910fbf9f1219736244bd9f9e9c14c6f176b3bc71846423679,3,3,ok
train,shiyan/data3/labels/train/3117.txt,3117,351,54bd7b1307f1616cae59a946dc390936cc485c2ca5c7fd9185c08efcdfb81b01,9,9,ok
train,shiyan/data3/labels/train/3118.txt,3118,152,5fb08e5112bf5e9c3026c388ef90d45634c763c3a6730a5f6e180e6e49410382,4,4,ok
train,shiyan/data3/labels/train/3119.txt,3119,154,d6ece974fbd83d316cb394aebe3f3cb7dbf15b3bfa8e10efce3a5781f9cf2169,4,4,ok
train,shiyan/data3/labels/train/3120.txt,3120,39,4f135287909e7fe4a429d40483fafea4fbd29ae34e77a6cc6304ac4135e622b7,1,1,ok
train,shiyan/data3/labels/train/3121.txt,3121,39,4d30e663fd08f168e7d212d40d80303f5a77fbeb42930bed7d493b3334b36279,1,1,ok
train,shiyan/data3/labels/train/3122.txt,3122,76,aceac473ab3e4387f07559a064798b530ca1b50a5a06ecf2ef20b8921d22f943,2,2,ok
train,shiyan/data3/labels/train/3123.txt,3123,152,33efe33e986b0f74f2cfed0474e81495c053338f4e6776172b47544f25363bf8,4,4,ok
train,shiyan/data3/labels/train/3124.txt,3124,234,83cd480c7e8e656fc92fd7848b51787d21402a4eb27da51f0248811e90f53eb9,6,6,ok
train,shiyan/data3/labels/train/3125.txt,3125,342,4b6436239d7f24f1a7186e77116935497218ac59588fbbcc25b0126b4466ee03,9,9,ok
train,shiyan/data3/labels/train/3126.txt,3126,351,f24a5f53fa6fad24dc5e7eb51e87cbf6730873406387c105dc2f20b49919c182,9,9,ok
train,shiyan/data3/labels/train/3127.txt,3127,234,2f14d6ca5c02bce64759b78c1b8a268d8417deae6301bb28cfe1bdded7bc3c50,6,6,ok
train,shiyan/data3/labels/train/3128.txt,3128,78,4b03bba42446d826c38211aaa80a4a22d324a569192e331666ab9767969172f8,2,2,ok
train,shiyan/data3/labels/train/3129.txt,3129,152,4706db7abbc9c5856901bb3024a24304055b10cbfe9389e8988b59b685ed30d7,4,4,ok
train,shiyan/data3/labels/train/3130.txt,3130,39,fc74af61a89a0a67c48d058f45b357c951bcd6bde34ae4842117b90008abb757,1,1,ok
train,shiyan/data3/labels/train/3131.txt,3131,117,b56021b425612f071998937d423d2686c9263ad7dbbce5ee100cda0adb11998b,3,3,ok
train,shiyan/data3/labels/train/3132.txt,3132,464,2dc18db50ce0ee88aafa13e0b9002a8a567d9b294fba99aad183c5ac2fd3d9e9,12,12,ok
train,shiyan/data3/labels/train/3133.txt,3133,312,b702478226d5bab7e4569bb1ed2d31e61e80cff35d898d4a8f8722d669b42b8d,8,8,ok
train,shiyan/data3/labels/train/3134.txt,3134,117,e9970901cedb63a08b903f32df0f582247a0b8d4ce20121cbb4b12daff97321d,3,3,ok
train,shiyan/data3/labels/train/3135.txt,3135,117,73142c2dbd3f1780db733c9001ddef93201c3312ada1e77aa6c4abb2e1e6e66d,3,3,ok
train,shiyan/data3/labels/train/3136.txt,3136,117,7448021c3f6c1809bd54c9d9139c9f9759e5d693a9ad171458edb2ca0c2e3475,3,3,ok
train,shiyan/data3/labels/train/3137.txt,3137,195,ef9106609bc1de0387562a6598d904a24f2dede040d2bda338bd9dc8aef59539,5,5,ok
train,shiyan/data3/labels/train/3138.txt,3138,266,55cf7db87ea1a6d6b1442bb2f2e0ae5008caedc0d2cb50a96a85f5868d977e39,7,7,ok
train,shiyan/data3/labels/train/3139.txt,3139,234,737c0158e1cad4a06b58d7bc86fa2ffeba5c47c07281dc76e7c1b1e318de24f6,6,6,ok
train,shiyan/data3/labels/train/3140.txt,3140,234,e3eb1d2a7ebcf5577c9c647547eea7d0e924d854add1844bc2fd67e0ab1a6fb6,6,6,ok
train,shiyan/data3/labels/train/3141.txt,3141,546,310f6d383f91b627ad786bf258d5436162a79b2076b992025a1ce954a90a6677,14,14,ok
train,shiyan/data3/labels/train/3142.txt,3142,195,7b0b153cf0b8817479efe8d918a61bc29a347db8d32eba62b5d6fe4050f03349,5,5,ok
train,shiyan/data3/labels/train/3143.txt,3143,156,7a040b76507e540c21459c08ff06ccddbec86140ffc9f4ff7761a7ffa14423c0,4,4,ok
train,shiyan/data3/labels/train/3144.txt,3144,117,e0b468d50aa374b03706223a78fb0df91e365060620718df3c1dc1a4f33247b9,3,3,ok
train,shiyan/data3/labels/train/3145.txt,3145,156,8a6bfa5e243f84d653be1fbf6a3b691634efa0e433b1da43701ecbd152a37dc5,4,4,ok
train,shiyan/data3/labels/train/3146.txt,3146,114,741884a3ffac48235e281ffcbbc4564b5530373f74edba2dd4f1e23ac37ff4e1,3,3,ok
train,shiyan/data3/labels/train/3147.txt,3147,156,06e561520da78c4e18ad7e7fce6781958c749a0b933c67dea3e3a4b25c8338ab,4,4,ok
train,shiyan/data3/labels/train/3148.txt,3148,312,0a2b500b59701fa24e4ab5e61fe4189ac64e1a18e83e2c4d6415d2556dfb0ffb,8,8,ok
train,shiyan/data3/labels/train/3149.txt,3149,117,206ba5475b83bcb4802ccac8194d9f73e6553374d07dd0384ca10a27ce5d649b,3,3,ok
train,shiyan/data3/labels/train/3150.txt,3150,156,5b8ef4196f15016a0764827a9212cbc097df48d4ecf95a34d30f4266b00e5337,4,4,ok
train,shiyan/data3/labels/train/3151.txt,3151,115,ceec29d9422197f2377663363a7aa6d1562f637c2eb06ea449be76017fe0e625,3,3,ok
train,shiyan/data3/labels/train/3152.txt,3152,312,3e49c4fcd7de68f0282902efe8c40b87bef7e30330379adf401c59b1d6c11023,8,8,ok
train,shiyan/data3/labels/train/3153.txt,3153,271,f495d02193c5048c6414c4b869825dc0def5a046c31572d1ad1da0914584cc7e,7,7,ok
train,shiyan/data3/labels/train/3154.txt,3154,468,296d80990425cb62933f772a743d5d7b794b0c348b79f4df25ff307afb02a702,12,12,ok
train,shiyan/data3/labels/train/3155.txt,3155,351,f831fedcff62e3add9ed50fc040e3b957a236776ce61efe298738286ca7978d4,9,9,ok
train,shiyan/data3/labels/train/3156.txt,3156,585,fddb57d941d1a686166596affd93fd63ca27ecc18e59d6127f4e9fe817c6de23,15,15,ok
train,shiyan/data3/labels/train/3157.txt,3157,195,081b98184e69b880139434b538a78064ea04e7537d20cf773de9ff8823bd3dd0,5,5,ok
train,shiyan/data3/labels/train/3158.txt,3158,351,56775617dc32fb6418c36282bf3fdf57231dda0fa8dc5d5a18e4cc5b03fcef7d,9,9,ok
train,shiyan/data3/labels/train/3159.txt,3159,156,1093a47f187f0721628a77cd9a0c757b7122c6742bdf15cde6f508658fd6cf09,4,4,ok
train,shiyan/data3/labels/train/3160.txt,3160,190,5719c68ae0309b12bb041ffb8a462eb3192a7c23983e6a2c0d7567ac1c3a0910,5,5,ok
train,shiyan/data3/labels/train/3161.txt,3161,78,82ddcedc828eb81e1fed08a13ad611d4af6bba2bd18d60bac6059d45945a5260,2,2,ok
train,shiyan/data3/labels/train/3162.txt,3162,116,c15ed4dca9ca0fc0317feaf18de8528373e278097e7614a24af2356abbac23ad,3,3,ok
train,shiyan/data3/labels/train/3163.txt,3163,195,ad78e00dc403ac1a23b85fa021fee7771354c690fdfe6e2b2fc23acc9746dfa7,5,5,ok
train,shiyan/data3/labels/train/3164.txt,3164,116,9e6553c55faacef2f9d9554135b52e4933705576ab950ee0663600b5a3a01b21,3,3,ok
train,shiyan/data3/labels/train/3165.txt,3165,234,cb0cd2531e2bb3667023b6b2ffc92adbb88347ca17020839916b5f2341be8587,6,6,ok
train,shiyan/data3/labels/train/3166.txt,3166,115,e5b24b27f9441edffe4f6e0d4f82593cb0fa6b4103bec379175792a23a5c8fad,3,3,ok
train,shiyan/data3/labels/train/3167.txt,3167,195,f4c3c9b383cd901491144930f15e25c579cc1589007e6b4a6a76b5f707e476b0,5,5,ok
train,shiyan/data3/labels/train/3168.txt,3168,273,993b9da36da93264835f42751949243736908f8b31958b6b619accf2eba5b9a4,7,7,ok
train,shiyan/data3/labels/train/3169.txt,3169,114,f63d75de61a7a257ad1df2437faa9f3aaa7820ccd3fb4ed4606f9e06ffc50f41,3,3,ok
train,shiyan/data3/labels/train/3170.txt,3170,76,d6180f7485d88fca5ba6e310a976cabc4bebd95ff76773c2bcf23bb39b3e6ffa,2,2,ok
train,shiyan/data3/labels/train/3171.txt,3171,156,2af38962468663f1df7c6727a8651e98a1cd5d9bed7a9a42574692cb77761e0d,4,4,ok
train,shiyan/data3/labels/train/3172.txt,3172,156,4d17ce800fc57dd52d353f6e876b3071f4c14925426f9ebacaeaa0ef82c06f79,4,4,ok
train,shiyan/data3/labels/train/3173.txt,3173,152,5a05185adaa248b249f7bd8f4b1a028f245302591d85394a7b462f1fcd509df9,4,4,ok
train,shiyan/data3/labels/train/3174.txt,3174,78,3df6ae2beebf60f97fc0572d68c634680b63c3367c128d26946733ead5318635,2,2,ok
train,shiyan/data3/labels/train/3175.txt,3175,78,9a763e546c63a0676ea0265148b3077c25edd936b96ac94cb4ec74bb4125f974,2,2,ok
train,shiyan/data3/labels/train/3176.txt,3176,117,3e6d0c6f59b816c9ea6c1513076439b11dd8737d4788b77efc2db18b3767ce1b,3,3,ok
train,shiyan/data3/labels/train/3177.txt,3177,114,8429cb6838d8e012c4bdac9de66a748df51b8fac62a1458bc1ec3d0d8c417eb5,3,3,ok
train,shiyan/data3/labels/train/3178.txt,3178,156,cb33d91746ace81f1f4104ae8fc3c8e2a77ea2fc6b94b2a890545fcbe6e09e68,4,4,ok
train,shiyan/data3/labels/train/3179.txt,3179,38,07ea5d61d105fccde1000698b4a90aed929a2f2f2610be82ecce94fdad7ee3cd,1,1,ok
train,shiyan/data3/labels/train/3180.txt,3180,195,c6a8922c7f4906298307e28e8730ac61cd3dfaa586f31acbf9e3f3853a0187d0,5,5,ok
train,shiyan/data3/labels/train/3181.txt,3181,500,2b82def9186b9ec6bad220d98c9b2851a19d10da6d9bdae532d249a674b92614,13,13,ok
train,shiyan/data3/labels/train/3182.txt,3182,234,6de21b15945e3859b24b4d73b6c2636561df76fc4a3ee0e14065d3b93378772c,6,6,ok
train,shiyan/data3/labels/train/3183.txt,3183,117,08bab65ee56cd667b402a38e09ff5a68ec249116ef86db739ec4ed1ac3227b39,3,3,ok
train,shiyan/data3/labels/train/3184.txt,3184,117,75214bababa5b92c409bd4223b76c37925760940e3639dd2675867644159596e,3,3,ok
train,shiyan/data3/labels/train/3185.txt,3185,152,d3fce337a00e54debe301d28c6e23007e1de159b4ed7d9b3673b1b23d27ed64e,4,4,ok
train,shiyan/data3/labels/train/3186.txt,3186,115,ce116a90cfd3e6804e42a0704040f49b40c60876c7dc5416365e15450fa11773,3,3,ok
train,shiyan/data3/labels/train/3187.txt,3187,152,6519a7bff8c23093335807b1134b34d058079befe3d3b261bf9f4316be1641ba,4,4,ok
train,shiyan/data3/labels/train/3188.txt,3188,114,ceeed4cb61b4c827d73cbb3ab8569e32e2812dff238255f9c0273cb3aab71ffd,3,3,ok
train,shiyan/data3/labels/train/3189.txt,3189,117,9a727709db4dfc277286a39a889e35582e8ead449052ee88777446354fcf339f,3,3,ok
train,shiyan/data3/labels/train/3190.txt,3190,156,3835410036ad8bfed89e56cd7836fc54adecddc44c2d690c8afccd112e5d822e,4,4,ok
train,shiyan/data3/labels/train/3191.txt,3191,117,127d4fd9942fce3e70760eaf2da42967922b3912c00d464d4f5e2cdfac281945,3,3,ok
train,shiyan/data3/labels/train/3192.txt,3192,152,955d2d6f731448acd21713131fb23ed006fb9a6067b809cea7f98a0251621f56,4,4,ok
train,shiyan/data3/labels/train/3193.txt,3193,585,3152b449e6e1230fc28831d4efd8e101fb3ec79f040e29ee462512d2d9fb78cc,15,15,ok
train,shiyan/data3/labels/train/3194.txt,3194,266,0c9d8ca0fae5dd0c4436285b58a57c8dd65d117e2af5aaf264ecc71d91d9b881,7,7,ok
train,shiyan/data3/labels/train/3195.txt,3195,117,de919076da4dac69ea55bf44ed8150ee2d5093feac4afc3ab178a244cacc5e88,3,3,ok
train,shiyan/data3/labels/train/3196.txt,3196,195,11f4c4b2027876e9df67568b9f212cd60eb5f77b52c2bcb16a4bdfc9f7abba70,5,5,ok
train,shiyan/data3/labels/train/3197.txt,3197,351,f08ba5d86edfb1fec5bc79254d28cedf6a2a543ccfc68dfe9f5410f088190c06,9,9,ok
train,shiyan/data3/labels/train/3198.txt,3198,117,ff9ad9fd37320a57bf859a4ba4d75d7bd2f31a69ee93d881688f72589e708170,3,3,ok
train,shiyan/data3/labels/train/3199.txt,3199,312,a3315fb218238518a239d8ffd2358caa3bcdce30320f9140e6b6916722305627,8,8,ok
train,shiyan/data3/labels/train/3200.txt,3200,38,39ff7e5e560af5d5e868dc5f658aeaccf15982775995c871df154faa106c4243,1,1,ok
train,shiyan/data3/labels/train/3201.txt,3201,154,9706c16f2fbbd4f7e66faa88c7ed61e268e29c8c9579fe60691cf686d6206bc9,4,4,ok
train,shiyan/data3/labels/train/3202.txt,3202,117,28391956d9ef5963d02c6004e422f722cd19114f528faa58617a46b9e39be8b7,3,3,ok
train,shiyan/data3/labels/train/3203.txt,3203,343,2d754dd6b46b3f17aa907fa491d14675901c2491f88121af17a88f25b11c2154,9,9,ok
train,shiyan/data3/labels/train/3204.txt,3204,190,aaace0b25a74712051ac04ab63123286db75c9fc543c6cdc7140697d9bf5a6f8,5,5,ok
train,shiyan/data3/labels/train/3205.txt,3205,156,47c96393df6318571e24cfe2f792f35a6f8cd6c1a1e9308aab0b77f527e15252,4,4,ok
train,shiyan/data3/labels/train/3206.txt,3206,114,3f40d891271297cd4cf7567ed4293cc8c3da5e3e098ce5874f7c7495eac40aa7,3,3,ok
train,shiyan/data3/labels/train/3207.txt,3207,117,51171ddac660594776eb906df99a378e71f11c560bf0bff156797399d047fcb1,3,3,ok
train,shiyan/data3/labels/train/3208.txt,3208,156,369172401d959d3399116641a848ab0b036daa4a57345d0dd01a850920f598c8,4,4,ok
train,shiyan/data3/labels/train/3209.txt,3209,195,ee7b8a6656d916e26e0fc05a5978c3b425056caf0fb0ec4fc04e660df6041fc4,5,5,ok
train,shiyan/data3/labels/train/3210.txt,3210,507,91279744b77118e11a853a9c3d8410fd8b2a1fa4bacb256531c9cefe4c4bc691,13,13,ok
train,shiyan/data3/labels/train/3211.txt,3211,351,2df97102b2a42e59ad162cb7abd8a5063b34e1313dd6d2ab71fe5872596ae17d,9,9,ok
train,shiyan/data3/labels/train/3212.txt,3212,663,1e45344ec41e1fe1fb914734b73a76443cc59680c4ae80cc29370719d34cf082,17,17,ok
train,shiyan/data3/labels/train/3213.txt,3213,195,9e5fde156a7cd12f27d7eff317ac177c2475b05d82c6e91e2466f4df595f5fa8,5,5,ok
train,shiyan/data3/labels/train/3214.txt,3214,546,484fbf6073e834988fee9b3de5665912bf811832e48113635fd293363037ccee,14,14,ok
train,shiyan/data3/labels/train/3215.txt,3215,270,a445e4196dfaca207302cdb158869fa60b8514942342f7f7941a8f9f4cf1df31,7,7,ok
train,shiyan/data3/labels/train/3216.txt,3216,273,2a044351e63b9f5be12ab8114d33f5190d5ca7c22946cbd6fdc0c66c7575a975,7,7,ok
train,shiyan/data3/labels/train/3217.txt,3217,389,094617b8bf312a5c5298febcd08bed9a02cefba98de91a9e790af798089b4c59,10,10,ok
train,shiyan/data3/labels/train/3218.txt,3218,273,ab17e29ffd700e7cad105df3c463bbb65f95ea50bebf69523e3836ad63e62a7d,7,7,ok
train,shiyan/data3/labels/train/3219.txt,3219,190,b4756cf9495e6a14db4088fa33be1f873e0827d85962aabd88af6d49697a123f,5,5,ok
train,shiyan/data3/labels/train/3220.txt,3220,468,a4dd2a55b880b2315014f2191b083a7d571329ebd080f0391410fe0b9340ba60,12,12,ok
train,shiyan/data3/labels/train/3221.txt,3221,76,1bfca4094edf8f072d59d8c313bb1beb4ea95ab7ad53659ed624f9d7e0cb4f42,2,2,ok
train,shiyan/data3/labels/train/3222.txt,3222,269,2128e7619e0f0ecf2bf6711da1e55b184ec9f17026c435e1eb5735ece295922c,7,7,ok
train,shiyan/data3/labels/train/3223.txt,3223,228,a83f82dd79b2dee06021a566ba21fe4d563974852559d47993c0199584fc2917,6,6,ok
train,shiyan/data3/labels/train/3224.txt,3224,429,45851639f9166a9519fbb519e4c1c473b2568d3694de6c8e7c035f42d9ab8fd2,11,11,ok
train,shiyan/data3/labels/train/3225.txt,3225,152,e5eb5b25a781ca1d7a8676ee9af1ad559dd42d310ea92a96b008bde97685537f,4,4,ok
train,shiyan/data3/labels/train/3226.txt,3226,117,ab0190aa978a73a364a099c826963e5db35b240d2075c20c065bf284557c7bf5,3,3,ok
train,shiyan/data3/labels/train/3227.txt,3227,273,11f4bbd828f64a049a9a05b845db11c2b470e2e59ebbb3f94031d4003b70d752,7,7,ok
train,shiyan/data3/labels/train/3228.txt,3228,190,aad8009da0577359b5410186321bb7b97f8e1c4c9b2372bfa1c9bdadd7316ab7,5,5,ok
train,shiyan/data3/labels/train/3229.txt,3229,114,5a04f46863915e7b7e1a276bc4f522190163625ebfa7fcff41e7141711284f67,3,3,ok
train,shiyan/data3/labels/train/3230.txt,3230,273,e4fa571a0824e5060e55bd205aa6aafc0b1caf8695c43e18bd6bd9a1932ff8b0,7,7,ok
train,shiyan/data3/labels/train/3231.txt,3231,39,412f19d15d012b96fee1d912668886b18c4f36d4fc062de5b92bce24f997cc9f,1,1,ok
train,shiyan/data3/labels/train/3232.txt,3232,267,69e652597f83f4f822ff3502fcec202cb119b9c2ca0b9b7e7d4cdd800f5758b2,7,7,ok
train,shiyan/data3/labels/train/3233.txt,3233,230,4cc71fc89bb1cfa6ac1514897e3859015f529e032049c3288a07ad68a21fa5d1,6,6,ok
train,shiyan/data3/labels/train/3234.txt,3234,114,b29b52709ec6d8298055e4626fa961bdfcdfa86bfcb4d29e32fb85cb61e7454e,3,3,ok
train,shiyan/data3/labels/train/3235.txt,3235,76,f26379367cbb0e99f0852bd78387c3e69abd9d035a0cd48b9a54444cf1dfde62,2,2,ok
train,shiyan/data3/labels/train/3236.txt,3236,117,f8a1d459bc495f396f9dd572e5f5c99afd122a6b7fc92967882ae1f2158de8ba,3,3,ok
train,shiyan/data3/labels/train/3237.txt,3237,494,96b71b28b9c54d65c03e1518d96241d900fe55a99b5d262e4dabf480093537c7,13,13,ok
train,shiyan/data3/labels/train/3238.txt,3238,152,d8f294bd2668f4219a1f868656d588df2782558a2abfdc3e1661986077ee2ce9,4,4,ok
train,shiyan/data3/labels/train/3239.txt,3239,312,86db935b054eba6009b4060afd37567f70dee9ed6b2e24b47dcd89a6de183213,8,8,ok
train,shiyan/data3/labels/train/3240.txt,3240,468,e48f313b24995821ca6502eb33725a806afba81ae37c5951b58b41a6f6c1336a,12,12,ok
train,shiyan/data3/labels/train/3241.txt,3241,229,98690cbc601ef80bf374213bf8a0773b0bca618521f95eebd902026b81264dd3,6,6,ok
train,shiyan/data3/labels/train/3242.txt,3242,702,d1329d46e44881b5451e5f68cb624fb5e8b40c7b0890dcda79300efe7b5cdc4c,18,18,ok
train,shiyan/data3/labels/train/3243.txt,3243,273,ac59d987e143907c9c575f90c0b3eee077666f0213159b754889f54830184c37,7,7,ok
train,shiyan/data3/labels/train/3244.txt,3244,267,7b4077a557f50da06c27e0d57ac27db5cc6adbcb715c3392da9a781014c723b1,7,7,ok
train,shiyan/data3/labels/train/3245.txt,3245,234,a96d1e25e0655018cbeda70dea21b1f119cfa9457de4851e82b1cf42b6a7f1b2,6,6,ok
train,shiyan/data3/labels/train/3246.txt,3246,702,014fdc9aa2dc96fc0d20eae1020be332ed7f0dde9a84aaeeaed059fb38770cb8,18,18,ok
train,shiyan/data3/labels/train/3247.txt,3247,271,5d3f836557700265aac1d04cbc24ac02178a62f6327b22609bd5ac16f4c3a806,7,7,ok
train,shiyan/data3/labels/train/3248.txt,3248,190,8a2f2397baf75cf56d8ccd9c971b09dade4ac49e26f1187363deece80130c72b,5,5,ok
train,shiyan/data3/labels/train/3249.txt,3249,117,dfe45a004368fedb858255215edc27e4447542d424801127bd8afb4f9f22a51a,3,3,ok
train,shiyan/data3/labels/train/3250.txt,3250,418,496d1ac6ed92c7f8114c3932f0b3e562627bb2e17037712f6e99ebcfcbe8700e,11,11,ok
train,shiyan/data3/labels/train/3251.txt,3251,273,993527bae573b2a1ad2250eaa957203ebd7cde6e35b046196e891b22d7a186d7,7,7,ok
train,shiyan/data3/labels/train/3252.txt,3252,228,fbd7c7778d2c3655711f656e4d7f6b76dc999d4950b62891b0f257abf16e3c70,6,6,ok
train,shiyan/data3/labels/train/3253.txt,3253,156,0104ae0b3d8a406810a51c91642bdf92eda456b95f5223b55981e6357ba2a33e,4,4,ok
train,shiyan/data3/labels/train/3254.txt,3254,305,eafd51c85ce4dbd2ae8869eee79b0608ec8ea9484e2ef0ed05f5130ed1dfa931,8,8,ok
train,shiyan/data3/labels/train/3255.txt,3255,156,ec5ffa1bc478e5376e0ace9d83f2b5790e8c1dc290ddcce8ffefa840df7a376a,4,4,ok
train,shiyan/data3/labels/train/3256.txt,3256,156,d76a9379deeddeffbb3ac83cb94c18293517fb2394b13165f781893bbf94faae,4,4,ok
train,shiyan/data3/labels/train/3257.txt,3257,39,21e388b3b47f95930ca1998dcdc8e89fccec6bc93765c7632ecd2c814f65738e,1,1,ok
train,shiyan/data3/labels/train/3258.txt,3258,78,1b8d66e9311d3f39992baca7e5ddcedb92e01575020323dec4f64132069b6e8b,2,2,ok
train,shiyan/data3/labels/train/3259.txt,3259,306,975dd5834766756ae6a909d5d1f77a548311130dac42951ee0f189624fa9215a,8,8,ok
train,shiyan/data3/labels/train/3260.txt,3260,234,73143c6d2c1e4da462436079307274da16b2d12e96b4781940f24350aa1e65ec,6,6,ok
train,shiyan/data3/labels/train/3261.txt,3261,115,9adb2bb775d6bb1646004374b0a954654372683c6772b75dce69b5b5f8806d19,3,3,ok
train,shiyan/data3/labels/train/3262.txt,3262,117,46a4d055c1a23daa8490e40476c688ecddf373a3c71b6ab6f5336a7ac83d69d3,3,3,ok
train,shiyan/data3/labels/train/3263.txt,3263,117,29513cb377094bfa71804c9047201fa0a9749801b54a85a1eeebcd9a066b30cc,3,3,ok
train,shiyan/data3/labels/train/3264.txt,3264,156,48fbc4c6b7ac2c19385d7784d2feac68924d71f8aafab403920b60f074a2206a,4,4,ok
train,shiyan/data3/labels/train/3265.txt,3265,267,b0f1d04ae1d8b97afa17097532306def88ad58ca125341194b621c9d1cb40612,7,7,ok
train,shiyan/data3/labels/train/3266.txt,3266,429,4c8ea3c2e39815e5235f91ac5354e0515b23ff450dabe311b3f8a566223eb362,11,11,ok
train,shiyan/data3/labels/train/3267.txt,3267,39,99b580ef977e75e2d70a194d5da40bccd9c04a279a0e90d5e6abd3352a9d322d,1,1,ok
train,shiyan/data3/labels/train/3268.txt,3268,156,1b107e175afcbd8e122a0ce8c43fe5271c20bfca374b0b6e0b37f3b3e9a42fdb,4,4,ok
train,shiyan/data3/labels/train/3269.txt,3269,234,333f138f523f713cf34b6aab3a1fd19978477a171ce6401b984c45d8f744032d,6,6,ok
train,shiyan/data3/labels/train/3270.txt,3270,234,00e67d75966609c3c9b66df83d6da2e51f3cbd704e740308c7663aa1685e42e9,6,6,ok
train,shiyan/data3/labels/train/3271.txt,3271,76,9f58058e76a3b676280bf70ee054e1be37ba425892c79112a54957d6223b9724,2,2,ok
train,shiyan/data3/labels/train/3272.txt,3272,195,70268686fede6656bad06702d4af8ae2328dbd5e73b6d361b375cb59e263bbc2,5,5,ok
train,shiyan/data3/labels/train/3273.txt,3273,195,6ee76168593d98c9a251d2eea4ccd0b9c5ed7d1bfded2598469d3dded1583df9,5,5,ok
train,shiyan/data3/labels/train/3274.txt,3274,228,6cb8ed7366bac5b383ac7626a4a9d9e5efecb7a0de76ac6f1c714a67f0ae206a,6,6,ok
train,shiyan/data3/labels/train/3275.txt,3275,117,88b93cb10df106cbbd5e507e936ae267c5a45fb2668a450318ace46595d34196,3,3,ok
train,shiyan/data3/labels/train/3276.txt,3276,507,ce2d0efdb00048071081e571951b5ca0785f450cfe4674d96e1f8db3ad7cfeac,13,13,ok
train,shiyan/data3/labels/train/3277.txt,3277,156,62f76b831b249180422406eb488fab988ce394ae46d7276c10a5a3def397259d,4,4,ok
train,shiyan/data3/labels/train/3278.txt,3278,390,bf0b73fb3914eb5e3f09d5c9d71cf30a1d428a3225785e9c74464b0e5d45dfec,10,10,ok
train,shiyan/data3/labels/train/3279.txt,3279,234,a3eb27767e53a0b94dfb8f9978700ecd7579161cd28fca4c8ed9198dffecee45,6,6,ok
train,shiyan/data3/labels/train/3280.txt,3280,312,e4ae596aa3cbe1e119a93b520a7000543fa74ae1418ac85cc9bbc9ea9aad4ebc,8,8,ok
train,shiyan/data3/labels/train/3281.txt,3281,39,c9ce6bd2e89563a2b1633fc0375eab211727831813dd5aa9cf5cecad221202f9,1,1,ok
train,shiyan/data3/labels/train/3282.txt,3282,234,234671301fc2586a62bec399a56efb1b3168010fea6133b8543c8b4617a36f2d,6,6,ok
train,shiyan/data3/labels/train/3283.txt,3283,78,cfa603490db0476b854b36406b6bf5d9ffb910880be71ab47824fc1c7357ef45,2,2,ok
train,shiyan/data3/labels/train/3284.txt,3284,156,1fc2997ebde53304c514fe2e498c153e4b1201d7e38d5e827ac49721df1d8004,4,4,ok
train,shiyan/data3/labels/train/3285.txt,3285,78,eb473f5418e280056ab2535423d6b8ba53b33e1d316168b3b3dbd7cacf4aa52d,2,2,ok
train,shiyan/data3/labels/train/3286.txt,3286,195,ae2e868a90349ccd640b7c27573a062cb76c6e60947f8f93abbecfd26f4295b4,5,5,ok
train,shiyan/data3/labels/train/3287.txt,3287,117,547e0825ae907d4da2e7a570cd3864436a0c6a9a4be16c1913cfd6729a7071bd,3,3,ok
train,shiyan/data3/labels/train/3288.txt,3288,39,74648f9d052bebb5bc4629d64a24fab928fd88b127ee2c015a0f07bb3d387f40,1,1,ok
train,shiyan/data3/labels/train/3289.txt,3289,351,99371eba0cdb2a745a315df730e3a2bd78a3847a448e691935325256c2f3987e,9,9,ok
train,shiyan/data3/labels/train/3290.txt,3290,190,3a5d91385ea0a39ee869dcbb3cf4b8539203da79bcbd432901ac35d001273af0,5,5,ok
train,shiyan/data3/labels/train/3291.txt,3291,156,7bcc8a6392a37a25e3a42d66319a746014ec1dabac6fb5f70fc0150fce8031d5,4,4,ok
train,shiyan/data3/labels/train/3292.txt,3292,152,7e049fa7e96e79d9760c1ae83b77b9dc443bdfae13ba2865ee3b279d66c05abe,4,4,ok
train,shiyan/data3/labels/train/3293.txt,3293,117,f86b037ff0c7ea9cd1d76d79c776438a10e59328bfdfd99d2ae0f8a8ffe09224,3,3,ok
train,shiyan/data3/labels/train/3294.txt,3294,234,8cc15a6278d61775fbdb9d1e9a22a80927736164eba57619ab27b78feb33ab92,6,6,ok
train,shiyan/data3/labels/train/3295.txt,3295,114,1fdac9bab5ccc0ed97a22a30bda0955efd7d3b927098d253a19e9e564c919b76,3,3,ok
train,shiyan/data3/labels/train/3296.txt,3296,117,7f195f3f17e8d1ae0ec64796f261d6b094bdf9763f48419ec57fd78da03a4435,3,3,ok
train,shiyan/data3/labels/train/3297.txt,3297,152,efdd83cde4deee00538851906e5a4c0f652b3b0c1f77246d8955a239b59004d4,4,4,ok
train,shiyan/data3/labels/train/3298.txt,3298,114,b06cc034dc46ee7cdbe288db3aaeb66dee1f08b2556b5db9fba341cb70b77c53,3,3,ok
train,shiyan/data3/labels/train/3299.txt,3299,312,3fd0feb66539d23c064e2ecb7affca1aca5a7309b32cef140c52d49e63d42046,8,8,ok
train,shiyan/data3/labels/train/3300.txt,3300,192,de63bdc651e222b15c5b3dda7e5ff9771037b32888f94809e8bd67e7a6224725,5,5,ok
train,shiyan/data3/labels/train/3301.txt,3301,39,c46bdbedd268e336de00b92121fd9fc3188c384e289604d71796be37baefa26c,1,1,ok
train,shiyan/data3/labels/train/3302.txt,3302,114,a6340ca4330ff395414310d67ceedfd2e2d824ba035c1f0f33d216ad2bb62739,3,3,ok
train,shiyan/data3/labels/train/3303.txt,3303,117,a1ea6f56528a1e0084979a506f04f41f6639456e4a54e33fd0761f1d286bde4e,3,3,ok
train,shiyan/data3/labels/train/3304.txt,3304,117,118f97e35ed9876ffcf2b91ff6ca2a944eef7705e9a72094ea51ff8fdc04323c,3,3,ok
train,shiyan/data3/labels/train/3305.txt,3305,234,17c991d897360454839fa8f6e73fd120988aef0b29d042b101e74dd07b7b521e,6,6,ok
train,shiyan/data3/labels/train/3306.txt,3306,78,63c760248b02adb2c75b5f506f5062b8c5e3b0a9bf50ad6e35bae2e7d946f1ac,2,2,ok
train,shiyan/data3/labels/train/3307.txt,3307,77,5553f7e6435c21c8203a14c1ad1a196c493c99503b2b920128430861a0ba7979,2,2,ok
train,shiyan/data3/labels/train/3308.txt,3308,195,39dfdb274bc10888b40775c8119a6ce281e9e14c1004970d1ba24fc248ed53c5,5,5,ok
train,shiyan/data3/labels/train/3309.txt,3309,390,8a6a3690e871d92b023c018c3158fdcd50e56aa06587fecee78e9b0cfd2a4dd6,10,10,ok
train,shiyan/data3/labels/train/3310.txt,3310,76,53f735b6e043c930891f77b15fca52cb24a05558100ebac0c649a949c73dbe72,2,2,ok
train,shiyan/data3/labels/train/3311.txt,3311,390,6f6d5db3f1a7bac3fc9ba2a9ab4c903bc63f20a82027c280b8bd67a495290c7c,10,10,ok
train,shiyan/data3/labels/train/3312.txt,3312,273,aad0854b173f375636e68511635cdae19817c5c27a01ddbd1a3653ab124a2068,7,7,ok
train,shiyan/data3/labels/train/3313.txt,3313,117,39fce4f42182efa17ba35aa029ae23590f53ef7bd443cc96ebd43c700c41d5df,3,3,ok
train,shiyan/data3/labels/train/3314.txt,3314,38,b4465091e103c2cfd782b33e56b413134c8556bd50321c1c28c1a0bcd909aa57,1,1,ok
train,shiyan/data3/labels/train/3315.txt,3315,117,c5a0c02a5495b277669804a868a1f07a6431665818a871eb0323dd1e1d12324e,3,3,ok
train,shiyan/data3/labels/train/3316.txt,3316,234,ecff2a31dcd2c728576daf0876b58a17cd75cbc6cea4d583d07ce508eb526481,6,6,ok
train,shiyan/data3/labels/train/3317.txt,3317,156,b5546102109cd55be49aab56399353a0708d73ad306363de0721e688e8f3741e,4,4,ok
train,shiyan/data3/labels/train/3318.txt,3318,468,81c91a40758f36dfb3ec8f9c419d2126f3793a1ed1bf7cf4b802c8754baa8701,12,12,ok
train,shiyan/data3/labels/train/3319.txt,3319,429,9373b04a1480bf7190b2bf30d53a436339abb13fc5d70f47ac345f05603d435c,11,11,ok
train,shiyan/data3/labels/train/3320.txt,3320,156,e41994fe90c0f644cd7bf4856b9c4fc0079fdad97b3ee4ad65f327ff0a121128,4,4,ok
train,shiyan/data3/labels/train/3321.txt,3321,156,75e66350ade6df207bf0a3ddb5c028060e148c119824c28f53e90cafe1814a44,4,4,ok
train,shiyan/data3/labels/train/3322.txt,3322,229,02b7a94c63eff44f1f3587f8714f01462470f108fb8e7d02806f324f5fdb5848,6,6,ok
train,shiyan/data3/labels/train/3323.txt,3323,117,1b3af0ba7172f4b19c613161d3d1bd2e871a1ebe590059d3c6f5891212030779,3,3,ok
train,shiyan/data3/labels/train/3324.txt,3324,190,403ffc5eee957d9243c39f0c5beb9229655807bfacf7134cd79e3e5e2310028b,5,5,ok
train,shiyan/data3/labels/train/3325.txt,3325,273,990cee52cb742c959bbf2cfe13636eb271b977934a8666a5d23c09eb5010e843,7,7,ok
train,shiyan/data3/labels/train/3326.txt,3326,234,3b184ea4144bb5ca205f9721e96527a96bd3a3404e1d534e2c0ccc173dc0427d,6,6,ok
train,shiyan/data3/labels/train/3327.txt,3327,117,4a2e97d508777722326a417d0a4583c68c486d72a3f3dcb3084536fd84e33159,3,3,ok
train,shiyan/data3/labels/train/3328.txt,3328,467,a662d989485d8ef5e281b2e2463ec9f5711e78c2f7491b9f4ca9b5a3d113340a,12,12,ok
train,shiyan/data3/labels/train/3329.txt,3329,156,d159194ff82227c5bb1aa37f03a6b2f667a34678ebc73036415daae564b7b293,4,4,ok
train,shiyan/data3/labels/train/3330.txt,3330,156,52132c62092deaa19558250da5f1214ffec2e2f31e42a77b0d5ef374f32d5809,4,4,ok
train,shiyan/data3/labels/train/3331.txt,3331,195,43354211736400ddd52f571a572668614ad1e72b4d7d0468b8a766ae44bc4adc,5,5,ok
train,shiyan/data3/labels/train/3332.txt,3332,228,9a8f1ed62dbf876ca7e421ccc13fb17ebe89c25a7237981a84df094698fb9256,6,6,ok
train,shiyan/data3/labels/train/3333.txt,3333,156,254095e5f215c44e60e16ccbf584d637913043a5d89de8f72cb73a146b43e8b9,4,4,ok
train,shiyan/data3/labels/train/3334.txt,3334,117,fa4d75baacc08f6dc388ff6e60892096c97024ba30b4e6ad6ffc83bb6063ae04,3,3,ok
train,shiyan/data3/labels/train/3335.txt,3335,234,55c3c109f8e95d2629cd883f0b30d58b71ad849ab22460d17b2963c87971d041,6,6,ok
train,shiyan/data3/labels/train/3336.txt,3336,234,b146f267232a1a0dd82746bb8d280f358b9082bb4a70dc54a5cdfc87b7ba6e93,6,6,ok
train,shiyan/data3/labels/train/3337.txt,3337,266,2a1985f5d5a1e97bfc1f08c34f9cdb39cd856c7b26afba7e1a0a80e4c6223b71,7,7,ok
train,shiyan/data3/labels/train/3338.txt,3338,190,ba5571ca2b4db3e0d8a0ba8287e30a094c20a55b1f68efdf725f02802b8912fa,5,5,ok
train,shiyan/data3/labels/train/3339.txt,3339,195,e3714b6fb03552b866144811c3a1f45fcbaff237692f63039beb60901b063990,5,5,ok
train,shiyan/data3/labels/train/3340.txt,3340,117,962d64675229083a493efcd06eede6168061e437358c961ec19b4ee1dd59e554,3,3,ok
train,shiyan/data3/labels/train/3341.txt,3341,76,60808d07ab2632fbcd09c1db2df167ce99e359e9c8953948400af1df2de749f4,2,2,ok
train,shiyan/data3/labels/train/3342.txt,3342,646,1ba1191650e5d433e3c2fa7bd167417c97b75c35a0cf00d013b04ae6485e6e47,17,17,ok
train,shiyan/data3/labels/train/3343.txt,3343,78,35b96d85c03f15f2290f3aa7a35add0bc9486c6352f6687649bc2c850d9fa95e,2,2,ok
train,shiyan/data3/labels/train/3344.txt,3344,427,3dea852e054020d24b1a91887b3bbc27c25d67975cb3fd726dd91cac848c192c,11,11,ok
train,shiyan/data3/labels/train/3345.txt,3345,304,8d3984227e9a21d992d8c0a0b79e9a62736bb9f24ff6176ff2fd75141e4fa1fd,8,8,ok
train,shiyan/data3/labels/train/3346.txt,3346,194,2d23cb9dcf3b35e4520e259e4ed1ca3f6fde65f186013d5c719824f0fdd33539,5,5,ok
train,shiyan/data3/labels/train/3347.txt,3347,117,20af40aa409c03ca622da3fba51d26719d09308658ecf81f9339a39a5c7719dd,3,3,ok
train,shiyan/data3/labels/train/3348.txt,3348,307,792eef4a9493ae40195a6c94a8a98998891779c11bfbb82bdddfefd8ade9574a,8,8,ok
train,shiyan/data3/labels/train/3349.txt,3349,269,0f3f92e05853e217d45aed7d145233d719090c7aaf95dcda8e4505ddcf98a951,7,7,ok
train,shiyan/data3/labels/train/3350.txt,3350,78,a0ff1345041b026957e93f2b19b5c835efafd263e8f9e634a6a2f6639f65bc0c,2,2,ok
train,shiyan/data3/labels/train/3351.txt,3351,273,c18d7d744eeb5a8a14da262ee843737301556f6c9c6e26e4d5773813e39ca96e,7,7,ok
train,shiyan/data3/labels/train/3352.txt,3352,312,2c6dd62e09807a6bea3e37daba5522d9f74cd81f4d4761e5992795d915c82cc3,8,8,ok
train,shiyan/data3/labels/train/3353.txt,3353,390,1de1cb59bce390f28e24a18d34bbcf7383ae604360cf0504e6c9b116a432e23b,10,10,ok
train,shiyan/data3/labels/train/3354.txt,3354,538,b440f3fbdf14b5a20cc625079076f7c06e52d25fe7610c4dd85c13c00ac7b318,14,14,ok
train,shiyan/data3/labels/train/3355.txt,3355,76,7114c4b9e9634531b396a1655c8ae85704ee26ee94a4e1a55c78cd3f6b7e5c7c,2,2,ok
train,shiyan/data3/labels/train/3356.txt,3356,273,3c922d3e69ef7e9e171656a85f29d982eacafda1603dae2c21821207cfa2080e,7,7,ok
train,shiyan/data3/labels/train/3357.txt,3357,195,34fcb2c9d0e17d0a908ce589c1c97675544489a61f4ca286f98fb08d0a4bb52f,5,5,ok
train,shiyan/data3/labels/train/3358.txt,3358,231,fc6d29c4db31907d2e3adc4d393c9778d43e3d60ac97063c50a7acd11a54ff36,6,6,ok
train,shiyan/data3/labels/train/3359.txt,3359,190,6b5f47b23988f64e51b18fcaf7200c961123f64d518132892ecbfce9d1305dfb,5,5,ok
train,shiyan/data3/labels/train/3360.txt,3360,312,b1280d7ec7db5a5a4ffa50bbb621e2eba33953b82fdcc1207cb4c96e299edfd2,8,8,ok
train,shiyan/data3/labels/train/3361.txt,3361,273,2d0b11f5049bc48b231babcec9ffed8309b898d16f58add0c5ffa005efe690ce,7,7,ok
train,shiyan/data3/labels/train/3362.txt,3362,156,d511de75e18869f9b1e77e89648d17c5ffd46269bf8f5afcf09aa691250b2678,4,4,ok
train,shiyan/data3/labels/train/3363.txt,3363,156,dff7a222259ab84cb6b46a23f09cb7804356d9adcc3d940aebfb321d3ec5d75b,4,4,ok
train,shiyan/data3/labels/train/3364.txt,3364,304,352df9af2fb622c267d0ff9f2096acb0ffc45be55b6a4fada202176aa2792b3e,8,8,ok
train,shiyan/data3/labels/train/3365.txt,3365,270,d6d3c00db31704d13cbde02c782c261f32b21933c736712deb4021a1caa26e65,7,7,ok
train,shiyan/data3/labels/train/3366.txt,3366,585,94b5fb5196adfff8a9035e74607d02aada8ce590df7f7c0d633127ac7b0aebad,15,15,ok
train,shiyan/data3/labels/train/3367.txt,3367,304,2f9daf979be5904077461b0d7c81673815dca11b21a00bd08cde3ff412703022,8,8,ok
train,shiyan/data3/labels/train/3368.txt,3368,156,96388b030bd868b33c7829fd40aac538372f194ad3b0ec079f1d165b3209b452,4,4,ok
train,shiyan/data3/labels/train/3369.txt,3369,78,eeb59cc753aee425ef0179eee74b1e8e17e6915b92efdd799284948c5255e896,2,2,ok
train,shiyan/data3/labels/train/3370.txt,3370,342,4dcbd142076a1304c034dd55f6f3320d88023dc1ae7981f53a3d677e4b4c7348,9,9,ok
train,shiyan/data3/labels/train/3371.txt,3371,117,266d6be92073249675db7e9647ee9413aee69c747c045857195010fe88e17cec,3,3,ok
train,shiyan/data3/labels/train/3372.txt,3372,190,69e642c379eef857b7182cbd38ee16a9fdd4629910f378af093793a3ddf543a1,5,5,ok
train,shiyan/data3/labels/train/3373.txt,3373,344,488721a4433563f465fef8ab334139e000f7d93ca6b56bf2503033744d6625ed,9,9,ok
train,shiyan/data3/labels/train/3374.txt,3374,304,26e0ee74f2b6df602fad68fae2ea29c3604eaf64666c33c2bb77ad466952ccb3,8,8,ok
train,shiyan/data3/labels/train/3375.txt,3375,268,fb8add429053cf2e052e5d8bf73a24acc57c4c6ba9341cb81694c7b2c8efab8e,7,7,ok
train,shiyan/data3/labels/train/3376.txt,3376,312,6f7eebcde1e8d281aa8c2a90fdde8168f034903a62a0e4db44da0493895b73db,8,8,ok
train,shiyan/data3/labels/train/3377.txt,3377,390,e9d63b975382e1f3f611ebea4631d5ac07746a2340b165411d675e0b3cc82c02,10,10,ok
train,shiyan/data3/labels/train/3378.txt,3378,195,be4ba03a8686a10f4bf60c93a87dd4435388cf4b9cfe6b7431ac83b2491fd9d1,5,5,ok
train,shiyan/data3/labels/train/3379.txt,3379,117,a373f99f8257a95b2ea6f81dc45f9ca4408e72ef07b908b0e2ad47794f2c56f0,3,3,ok
train,shiyan/data3/labels/train/3380.txt,3380,228,3701c035674b1e9d87e85721a5543ef9006764aa344d890796ba0de8a1f1a51c,6,6,ok
train,shiyan/data3/labels/train/3381.txt,3381,78,b2922f3099c60c333307f7378995c3d91d86c344a3af7a6b07625d7cab09cf21,2,2,ok
train,shiyan/data3/labels/train/3382.txt,3382,114,367b1396758bd89e218bcca1bbf8c6a20b4efb7b6acc4056717ee1fbb0db56e4,3,3,ok
train,shiyan/data3/labels/train/3383.txt,3383,156,bf040977b6bf37de7ca666d9baae23bb29cf8ce0896c79fd334eb39b011739ee,4,4,ok
train,shiyan/data3/labels/train/3384.txt,3384,195,a6aa8d7d3751f9a60fd5246f96401763012d444f6c756c5931c24a4e1b2a380f,5,5,ok
train,shiyan/data3/labels/train/3385.txt,3385,195,f10c699e5de108a1e9147705de8924db490a864ddc1a43502b4eb6509503809d,5,5,ok
train,shiyan/data3/labels/train/3386.txt,3386,117,05b5219d603b70764ab03779d45c7e3c75a36bfcc7cebbe1bc745474cacd4055,3,3,ok
train,shiyan/data3/labels/train/3387.txt,3387,156,2f33bc433198dab010dfb5c32ea5af7fe8be2cca8431352a2f6ad7b310523df4,4,4,ok
train,shiyan/data3/labels/train/3388.txt,3388,117,0d9585af4249fd66aae06a33ae36623dc8a90b1c89681c766700b82ffd95fa1f,3,3,ok
train,shiyan/data3/labels/train/3389.txt,3389,152,3abc0d1f1a07a5d027b9a989447499e49a8773c39f6d1f3a1267c5b010aa1461,4,4,ok
train,shiyan/data3/labels/train/3390.txt,3390,38,26a9dd647385513fedfe3b379c1a86b8cacc85f3efa1676fcf940d2d562edfea,1,1,ok
train,shiyan/data3/labels/train/3391.txt,3391,156,f1bf0cdbbe4e21e0b2f91b47745f5b3d239f51fa11389736d6036cb44c6c1368,4,4,ok
train,shiyan/data3/labels/train/3392.txt,3392,117,14b5235018b524f03ffba7bd52572600cba2e655064a0c918b8b449850bb4414,3,3,ok
train,shiyan/data3/labels/train/3393.txt,3393,156,f25c50500f48be4a5feba6cc2623521e043afd4bebf667125cdde750557eb9de,4,4,ok
train,shiyan/data3/labels/train/3394.txt,3394,273,33bfabb63368d509be7600b851f4f87909cebe649f166091c38f37727558c630,7,7,ok
train,shiyan/data3/labels/train/3395.txt,3395,351,c161bdb5d2ae1150e2e8d0e409358dbaa22a78acb1c105e152a939dc1931aeed,9,9,ok
train,shiyan/data3/labels/train/3396.txt,3396,546,f7606abbbc93433c6ad974a96e5ada6e66d3f2ffe5e903e22e9a0ed8bbfb90db,14,14,ok
train,shiyan/data3/labels/train/3397.txt,3397,351,1552c96d48933cb989d7582f73a99e3f0a45a97b79a5dddd9e760266685e915a,9,9,ok
train,shiyan/data3/labels/train/3398.txt,3398,228,2214470d81b0e07d4efc7295104c4216e4fd1d23712df72f0feec84ce940e9a9,6,6,ok
train,shiyan/data3/labels/train/3399.txt,3399,38,a461becb137e0faefb0a9cd78f68bb65f67765a38b31198520bf1a3ea63e91c8,1,1,ok
train,shiyan/data3/labels/train/3400.txt,3400,234,607866ab1c0ceda60e1edd4390d4716d5e872845ac8fc2e5826b40476e9666b2,6,6,ok
train,shiyan/data3/labels/train/3401.txt,3401,390,0bc24e8433abc2cdff68957d7674568e3bc2750dd9109a62dd12ce2d6f0b08e8,10,10,ok
train,shiyan/data3/labels/train/3402.txt,3402,78,f82bb25763a29cb210d6eae41a874cef7ce23fb156f6a619602083b117d9f547,2,2,ok
train,shiyan/data3/labels/train/3403.txt,3403,858,f743e7bda57b70d47165a9c9f12b5d0e867916e541d609a6fab87818630427a6,22,22,ok
train,shiyan/data3/labels/train/3404.txt,3404,39,10c94382d0ebba33fecc7d1314b81ea0b44c1fc4696cf3b78044d35042ae06f6,1,1,ok
train,shiyan/data3/labels/train/3405.txt,3405,76,3db3396cdaaead407ab3e6a4453cc53d6529af2f6a4365f18837baca3bfc2fe1,2,2,ok
train,shiyan/data3/labels/train/3406.txt,3406,117,f944f395f3ccba2949862896f04f4c99f4dd34251eae507d533f03fdbcde0fc9,3,3,ok
train,shiyan/data3/labels/train/3407.txt,3407,117,1d39613d456afb9347ea8de6416150c8e82b8b8c5cfe7b28d04f90b0a79972a5,3,3,ok
train,shiyan/data3/labels/train/3408.txt,3408,228,e861fa4cfe97f57033e97b8a984b566e3985b5ee11f1c3b323e3efad2921b03d,6,6,ok
train,shiyan/data3/labels/train/3409.txt,3409,76,1128296c594faf52ac99a56c1685bd82a586b40532bdd093647da42c39f3edfc,2,2,ok
train,shiyan/data3/labels/train/3410.txt,3410,152,fefebf445acebf54f641353d7063f680a36ca81bb49d08b5281c4d212d91c2a5,4,4,ok
train,shiyan/data3/labels/train/3411.txt,3411,76,2ec9895738cf1b2c4f07cc948cbb5d8c66876852e41ee06865fdd82d2b08e1ef,2,2,ok
train,shiyan/data3/labels/train/3412.txt,3412,76,470239747eb86ef9db2743b38c4d15cb1ad023422061c44f2f6013cedb6354ba,2,2,ok
train,shiyan/data3/labels/train/3413.txt,3413,39,430129b92f6cfbd971888bed8ec3ab77158964275d979c25d27a162737be25f6,1,1,ok
train,shiyan/data3/labels/train/3414.txt,3414,266,898046caa2bb49566bc368dc48a45ebd885c1c18454d931de773f3e7efbfd9fb,7,7,ok
train,shiyan/data3/labels/train/3415.txt,3415,77,92ee0117dd4d371d34cf9fccdd8199c65892ce93912877d779c04a03ccac573d,2,2,ok
train,shiyan/data3/labels/train/3416.txt,3416,114,019c37dcce40872f11c460641b49492419ce333ba6cbb210f3dcc30ee1f28195,3,3,ok
train,shiyan/data3/labels/train/3417.txt,3417,234,e32db71b9d0cbd4a5da9927a375abaf18b7d9e5f7fdff5ef00fa02a15c6b1bd6,6,6,ok
train,shiyan/data3/labels/train/3418.txt,3418,194,a222e3bb490f7b96239b9de04cc4be371ced83bd647ff39574c66ed1820e6367,5,5,ok
train,shiyan/data3/labels/train/3419.txt,3419,234,1389b12b781ba2f937486fd1ee1dff264402e814affa16a9a25e9d1025ca8acf,6,6,ok
train,shiyan/data3/labels/train/3420.txt,3420,78,fa39e7d96a9f862cd5a6b6e75fef8e22041147538d7073b038b6734d35c391d8,2,2,ok
train,shiyan/data3/labels/train/3421.txt,3421,156,d2712ccc1087bb91cc40e7eac34112f4734c3912364fdb92dd4400f48835b8c3,4,4,ok
train,shiyan/data3/labels/train/3422.txt,3422,273,11cb306ca9aab6796ffd567fbdaef851b7a7cc37a776e40eaafb58d193e42638,7,7,ok
train,shiyan/data3/labels/train/3423.txt,3423,78,80025c13d7a122f9d958401e6919da84602445a8bee07ba97276fdf4d1f70cdf,2,2,ok
train,shiyan/data3/labels/train/3424.txt,3424,152,dc26e2a2b1bea44d439ad83efe75ed3c116744119c23eed4abf032b631d7d195,4,4,ok
train,shiyan/data3/labels/train/3425.txt,3425,117,ba3b983ee268f8db81c342b743c3f0b4bc9cbd88f977bd1876a3c4e2db1933a6,3,3,ok
train,shiyan/data3/labels/train/3426.txt,3426,344,365d1b3f79afce509de80636b29b72fe78c10b7c9a88d9e7b7792ebdd4c5d98a,9,9,ok
train,shiyan/data3/labels/train/3427.txt,3427,858,35a528172a8725045f539476f4a925e11196203935e4e6df8dec98ffa526f375,22,22,ok
train,shiyan/data3/labels/train/3428.txt,3428,39,5198cfa18bdc455e84df7dcf436ca6e409a2c611ed40ce799efae43e1b4873dc,1,1,ok
train,shiyan/data3/labels/train/3429.txt,3429,38,d30b8d3d4fe8b52c519e191896a0bfd6f39b708ce50cf59b12d3811c2b17fbfc,1,1,ok
train,shiyan/data3/labels/train/3430.txt,3430,117,54bedd572e7f3b22fa72255d9f8dc0d613155835bc017ba4065116a4e9e2fc86,3,3,ok
train,shiyan/data3/labels/train/3431.txt,3431,311,3b3538831c6b66e9aafc6d1672c1600df4dbf4f81920d22df91a17ce87647568,8,8,ok
train,shiyan/data3/labels/train/3432.txt,3432,155,7ca4f60e7f1c4469d41975150309d719b22ae1011c98d4f43e0fcb63f9841450,4,4,ok
train,shiyan/data3/labels/train/3433.txt,3433,273,a08c5aa6de57975b0ebbd79ee9dcc0be747ce880163256faa5fade0d5fd4d7bc,7,7,ok
train,shiyan/data3/labels/train/3434.txt,3434,304,576507cbeb23553e774da192e28a74c6616cd8630607ca9c175769ef55be3b0b,8,8,ok
train,shiyan/data3/labels/train/3435.txt,3435,117,354696c8cb8f4768f09de2affac715087bf65c1c961a050044146e1351ed669e,3,3,ok
train,shiyan/data3/labels/train/3436.txt,3436,194,30f1ac22d2cc48542a550a5d6ed10e3ec05aae240b99d5076dd81cedd914017f,5,5,ok
train,shiyan/data3/labels/train/3437.txt,3437,117,ca5d2bedf647df1f770866c57a53a492af6578f85448845808b2874b059272bd,3,3,ok
train,shiyan/data3/labels/train/3438.txt,3438,195,b812f6d4e6cb3111995f98fe552ada6dd8f26e41ce904524a1185b036de6b725,5,5,ok
train,shiyan/data3/labels/train/3439.txt,3439,351,395f01db57573718b4feb3057d86234f896f02ee807440f65cc4e14417c51064,9,9,ok
train,shiyan/data3/labels/train/3440.txt,3440,156,ad5c723232cceddce1618990203285918a36cebd1b54dc4cff1becd3562d1f0f,4,4,ok
train,shiyan/data3/labels/train/3441.txt,3441,152,f4da27cbc7ba96b52aae5989f9ddc2b4c5e1f7eaeefcd435af14fa5a515692ae,4,4,ok
train,shiyan/data3/labels/train/3442.txt,3442,195,872d9153bef086a374b426e9424d970525aeb86d76fd500b0a738d8255ed8d26,5,5,ok
train,shiyan/data3/labels/train/3443.txt,3443,152,e6ec8ce2eaf617ae0cde6db65ea1d2e46d6a5f8465869ec87b9114b7d94a2d42,4,4,ok
train,shiyan/data3/labels/train/3444.txt,3444,195,24ced481a7586ac6e6f844300b8d3c6ea1e5e77c3f029aac038a270f87c2a036,5,5,ok
train,shiyan/data3/labels/train/3445.txt,3445,76,b21ba031a9f6400180448926c976b83671fb69e6bdd047ffe6f0928e7163ad98,2,2,ok
train,shiyan/data3/labels/train/3446.txt,3446,195,8027694e07ef9daf9ce776341fc55c07a68affc17539206c2fe8f47147592f1f,5,5,ok
train,shiyan/data3/labels/train/3447.txt,3447,76,552c8a4b36e25ae7f54d0a1007e26b9997066c21a43cc561b55658adcd9e7c16,2,2,ok
train,shiyan/data3/labels/train/3448.txt,3448,234,4640d02a5fa23c9f5ed0eca40063a802b2f6547b5e1142c23ee3c62589bfb040,6,6,ok
train,shiyan/data3/labels/train/3449.txt,3449,117,af00b948029186c658a85281505db03293ebedc0a58672b022344563049f201c,3,3,ok
train,shiyan/data3/labels/train/3450.txt,3450,229,b77643925f35166412d632dc4345775c064ef552cd31bebb8046f9995aa232a2,6,6,ok
train,shiyan/data3/labels/train/3451.txt,3451,117,1018dd0c6e555f547aadd3d9f4e657a70533804121f7847503abf3cb11262847,3,3,ok
train,shiyan/data3/labels/train/3452.txt,3452,195,f3835f50b91d4391a372850abd31e104a7f8ea26b2dfc85a5c554ba6c48e8afd,5,5,ok
train,shiyan/data3/labels/train/3453.txt,3453,228,04a753b4443e82d0e9f5d2df5e326f343f01b264372cc892892628331921b949,6,6,ok
train,shiyan/data3/labels/train/3454.txt,3454,234,f4c0b541daaf89478ff98cef1afe8aff052d591f452b86671853d7051c527e34,6,6,ok
train,shiyan/data3/labels/train/3455.txt,3455,114,e25d1a154c519c4c71cff12c2f55087a0c80cf34aeeaabf8904632f378338b48,3,3,ok
train,shiyan/data3/labels/train/3456.txt,3456,114,e31410d683954b15957d53bfe1007cec8fc3092d86e98c8ba496c43d53841c22,3,3,ok
train,shiyan/data3/labels/train/3457.txt,3457,117,21e8211eb9022f725987a51de3cbdf695b1260a1dd3b2b4a83c9d84242cdba7f,3,3,ok
train,shiyan/data3/labels/train/3458.txt,3458,39,f4f2820b259caa82be75ef8236622592fbefd79019ed6f33d40154c2423a3f23,1,1,ok
train,shiyan/data3/labels/train/3459.txt,3459,78,0e6ae1ae3fe8ae927fd071b181e5c01a4c51f23967b8a04c9665f3837d90091d,2,2,ok
train,shiyan/data3/labels/train/3460.txt,3460,272,036e1b330cf877cda649eb578e55be1a2fd0a124d0e1fa2dfb8f380ec4effc66,7,7,ok
train,shiyan/data3/labels/train/3461.txt,3461,231,155c706515d68bc323b8b44062d9331e28b026835d0aa59b92055f73d7d898c2,6,6,ok
train,shiyan/data3/labels/train/3462.txt,3462,156,48fcc1bc3e24d5f01e9d05fffbe8278b5762d71621e2df9d7e0a54ec742b20bf,4,4,ok
train,shiyan/data3/labels/train/3463.txt,3463,468,db992e727efe7910c35380282feb3f64d099526e90b2db20c5462fa42f029f27,12,12,ok
train,shiyan/data3/labels/train/3464.txt,3464,380,6bcd952fd1f3c4c344d4661c36c5306e0697ab1937c82ce95240ca5aa89ff6e3,10,10,ok
train,shiyan/data3/labels/train/3465.txt,3465,190,43c5b1b7eb3b386f4f337eba036e3c375533c0f26742e94600d77435c9424093,5,5,ok
train,shiyan/data3/labels/train/3466.txt,3466,195,ed7d8c6f564a6b8fbc5e0e55e9ab86f49303dec930aa0105fd9b640a6e2726d2,5,5,ok
train,shiyan/data3/labels/train/3467.txt,3467,156,3072abdd256a54b2331c508d75de8eca15144bc75db948633cd4ddc881dd44e8,4,4,ok
train,shiyan/data3/labels/train/3468.txt,3468,190,ce8774eb78718994b2dfe140b80a4d2b27171efed89b86cd7b92b2b90af27118,5,5,ok
train,shiyan/data3/labels/train/3469.txt,3469,546,6cd4af0e751170b07165e18a380244bbb8c888e4ee1b1f045d5587b318f33af5,14,14,ok
train,shiyan/data3/labels/train/3470.txt,3470,912,df4987374b83a988149b641366ca259b4094d2bc2441d90a249a37957fad250f,24,24,ok
train,shiyan/data3/labels/train/3471.txt,3471,156,6d3e424cca5c9f34ff501f668d1e8e6fcb1e1a9b7a0cce5057c1b883a01f8e62,4,4,ok
train,shiyan/data3/labels/train/3472.txt,3472,266,cabed606a746ccefd4f1835290207713b1adc49d45b3101aff157994cfe64473,7,7,ok
train,shiyan/data3/labels/train/3473.txt,3473,114,51ce0f4c13fa4587659a4bd00b0cf6241b073fbeca140e5121a3a1a2271e3464,3,3,ok
train,shiyan/data3/labels/train/3474.txt,3474,343,ae30d9d995007a80caf3a8b9719fab48933720270b180b68f8ddb3707df3ef4b,9,9,ok
train,shiyan/data3/labels/train/3475.txt,3475,233,13ed3e414a55e6e3e0717f9302dcd9c2673cdc6149d48efd2941c3f46c7add7d,6,6,ok
train,shiyan/data3/labels/train/3476.txt,3476,234,7f959fc70b0982ebd368603ea9991a5f277d0d43615f846b5aa2b1cdd89c3b63,6,6,ok
train,shiyan/data3/labels/train/3477.txt,3477,429,40d780e7f302c3c8c544f4394d06d1bbca0abfff0510f89ea7cfaa8b36add00e,11,11,ok
train,shiyan/data3/labels/train/3478.txt,3478,114,d462497610eeb8249711652ffe15afdb88f0bb055616b4b46d9aef879a0ba25a,3,3,ok
train,shiyan/data3/labels/train/3479.txt,3479,114,65f607a38d2f9399ef6407ab71d4db9d71cb087c242484050fc10bf6d678d849,3,3,ok
train,shiyan/data3/labels/train/3480.txt,3480,116,97964c9d168fd9df14ae5959e6bfb94b54132da5bc97c368b6d4f40c471b1082,3,3,ok
train,shiyan/data3/labels/train/3481.txt,3481,76,00904309857793384bb3d886844c71a535a8809ba6d9bab069897211e22a41c3,2,2,ok
train,shiyan/data3/labels/train/3482.txt,3482,195,249826a0da6254c13c933ca4d8a0bc4c98735df37b4ea4044ac3a35972d0bdcb,5,5,ok
train,shiyan/data3/labels/train/3483.txt,3483,190,6658ca7f38984d868845fa4d0cd35392c2486f3c3e59b10c89864471326ceedd,5,5,ok
train,shiyan/data3/labels/train/3484.txt,3484,390,23d831f260c8fa368371d4b0146977a76c28e514a6f8b1039cc11c2c1523ef1b,10,10,ok
train,shiyan/data3/labels/train/3485.txt,3485,76,ba779ec3089fc63a146466365238bf9625b1799fa91f7cf2ff8cc70e92983882,2,2,ok
train,shiyan/data3/labels/train/3486.txt,3486,152,16405f69b82e8a82184dac27ce8dcbe06f7c82da88c91ff71a2ff4a6fdc722c6,4,4,ok
train,shiyan/data3/labels/train/3487.txt,3487,38,6e181e5a736dc91c8b8aed215ac1a752533ee304de2e12a21168d50a362f4707,1,1,ok
train,shiyan/data3/labels/train/3488.txt,3488,156,11444dd4a18ef821b0e8e467ab12ad46c42e10518a4ad6d8dd9060a67f2b0003,4,4,ok
train,shiyan/data3/labels/train/3489.txt,3489,546,a14e55746ea004803b3cbee86f6752bffc47e95a4c64b01db717ac858b436784,14,14,ok
train,shiyan/data3/labels/train/3490.txt,3490,78,44613920b8fe8ea80854fbfbf21f18bb33a4487c5f350c0ab36f80d1193c1541,2,2,ok
train,shiyan/data3/labels/train/3491.txt,3491,76,dc2a1d70a22d6c105f55475221d2da003509b5c36c8e536c65caddaf5fc6d062,2,2,ok
train,shiyan/data3/labels/train/3492.txt,3492,234,2510f74c3903aa752a47baedd39df0fdcb96df1df7cc75891d47d9ea415bf2c0,6,6,ok
train,shiyan/data3/labels/train/3493.txt,3493,39,0a1e50065f39578e89b427b5efd7e8fa84adc68c9229d3c76169342fe2678b7a,1,1,ok
train,shiyan/data3/labels/train/3494.txt,3494,234,0988d289da9751daf151d465145653d0d97b707f3016cbe8b878f8845b037373,6,6,ok
train,shiyan/data3/labels/train/3495.txt,3495,312,b7a5c9d426e75d0a3d47dab4485444a5a40012f90abbb77964f26a9d77b6a40a,8,8,ok
train,shiyan/data3/labels/train/3496.txt,3496,76,0a9ec88d049a6a4a73ed8fe5cdff3770d8c3bd9f47f8519d54d639942f030e8a,2,2,ok
train,shiyan/data3/labels/train/3497.txt,3497,156,9dbb111205d959233079be06265ac5d1baf97e6fb6089963006aa2a58ba85062,4,4,ok
train,shiyan/data3/labels/train/3498.txt,3498,115,b12fd79eb68d2d98e9ddbdf7981c964d9a7239f0b85f4c91d27328f96c54b943,3,3,ok
train,shiyan/data3/labels/train/3499.txt,3499,117,374c10a744d99a9049c02dda66db9b4a977ef23dce9ef0eeccfcd8deb64a9b55,3,3,ok
train,shiyan/data3/labels/train/3500.txt,3500,76,f8b1e2bd52cba344633846517dc760bb7743706bc0754212774e009896513634,2,2,ok
train,shiyan/data3/labels/train/3501.txt,3501,117,d29d6f5a02669b4a1fb252e16a0e51cfe3a52e2e6bd87e5b7a39a5837429dd60,3,3,ok
train,shiyan/data3/labels/train/3502.txt,3502,190,69d7ac240d09102da69b91a5f80c303ea89a156e7f7d1a585107e7feb808b037,5,5,ok
train,shiyan/data3/labels/train/3503.txt,3503,76,104144d34ec45965bf5b5e6b410d27ee2f344e4a680d6c40e41e14646b9b7d21,2,2,ok
train,shiyan/data3/labels/train/3504.txt,3504,312,2e43c1d6401f9375c047deea2ae5b7ddd214ebbf9536b46831e475f5c590fcc2,8,8,ok
train,shiyan/data3/labels/train/3505.txt,3505,78,f403c921e3c8595460315395eba594c0382f4ba5a976c9b699112aa6650b3f36,2,2,ok
train,shiyan/data3/labels/train/3506.txt,3506,117,71e940e88c03695b4910e26674e346b7569fb748826ca77e72d03038e8015289,3,3,ok
train,shiyan/data3/labels/train/3507.txt,3507,117,7b2d0b200eec7364c7a0d13bcc49bad88467cd13745378f0a71803f54a96c02c,3,3,ok
train,shiyan/data3/labels/train/3508.txt,3508,191,b639bf75c716cd87fe97f9931ee351d7bf5b8ad7b6087340f91cb6886f2df0b0,5,5,ok
train,shiyan/data3/labels/train/3509.txt,3509,114,f43dff3bc1085f3af837477bfb19d234b4f5c127de89a9f643e1096fcc7410f5,3,3,ok
train,shiyan/data3/labels/train/3510.txt,3510,117,aaf8760b1ea45ff53c95f3f9113ab31a0c747cce269a01aeca0ba9bdf665b06c,3,3,ok
train,shiyan/data3/labels/train/3511.txt,3511,418,6cd8fa3ff91847449b73a28f0545262b519a02eddb9e4f73dfd8f1613565fc61,11,11,ok
train,shiyan/data3/labels/train/3512.txt,3512,78,4b1ac74c5c41e7a5995d94f256bede263b9297112d0547fd047f354653916aca,2,2,ok
train,shiyan/data3/labels/train/3513.txt,3513,39,2f20cb68541b67bdc9eb2f28f55b04c6caf3b8ee71ccf5871e9a87bdaeeb4deb,1,1,ok
train,shiyan/data3/labels/train/3514.txt,3514,117,243988fbd49f8d9d742f92821f61bd6f6382b23b114e98b65376ed2efbd542e8,3,3,ok
train,shiyan/data3/labels/train/3515.txt,3515,234,89af0bde566ead305533091acc602ca39b5b6044a0a3c15cb7911b81893a687c,6,6,ok
train,shiyan/data3/labels/train/3516.txt,3516,190,cf02096c4d279e9be227e6c34ce99a25c254f40414d801ec30dc65d20649c6eb,5,5,ok
train,shiyan/data3/labels/train/3517.txt,3517,382,2dfedf3fe0703bba7db5c29004af3c6a61aee63eec0b44a1ddafc3b2a149eb76,10,10,ok
train,shiyan/data3/labels/train/3518.txt,3518,76,08923f3a7848b3cb353a33d4c34fea7b4f8ae499bc8c56a49cdec109e13a785b,2,2,ok
train,shiyan/data3/labels/train/3519.txt,3519,190,2d41a2ea222b17d969d9378c337020150b7384793f3d5c21891b331d16064035,5,5,ok
train,shiyan/data3/labels/train/3520.txt,3520,156,0b4774aeced98bb0f668a73c5cdd93588cebb7e1544fd410a80d014323358fd0,4,4,ok
train,shiyan/data3/labels/train/3521.txt,3521,78,53bca63ab45c2974d90680c0df30e0dcb666a9f087662265b1955d74659d39e8,2,2,ok
train,shiyan/data3/labels/train/3522.txt,3522,117,5eb605acee86f250d1f462a6bafc08dc075ca7af8c9a6a5288705a0f4dc0a4cc,3,3,ok
train,shiyan/data3/labels/train/3523.txt,3523,234,62cd08654af71992a5f28f45f1e180f21d1523b1dd3bbf9b72be8ce06c650945,6,6,ok
train,shiyan/data3/labels/train/3524.txt,3524,312,b0fb0aa78c16c087445995857209242ce8868ecaf522fd2ce9a1f64272f28175,8,8,ok
train,shiyan/data3/labels/train/3525.txt,3525,116,0be7d9cbe1bb07db0dce6065adc37f936a2d98a31c1b05a38979b2ed42d3b5e2,3,3,ok
train,shiyan/data3/labels/train/3526.txt,3526,195,ff527badf1651fe1fdb706e1523e4f6d97dbd957f223f0147b141ef83e05463e,5,5,ok
train,shiyan/data3/labels/train/3527.txt,3527,156,0305cb594a9a7683af664351667cb49675cde9052538483e786466bb33cb0700,4,4,ok
train,shiyan/data3/labels/train/3528.txt,3528,234,7127cbf5d1a8fae7e16b545e6e8a9a7f6d1c9a9563d4f29e55a7e339d6383481,6,6,ok
train,shiyan/data3/labels/train/3529.txt,3529,76,0497a6d639acdd107fd05abba71a098e5cb528cae84d57ab619955fefcb5b170,2,2,ok
train,shiyan/data3/labels/train/3530.txt,3530,273,fc3b8e8c3599713a074b75b2ee43a94bcc192fdefd56748a9ff6d29e6345e37d,7,7,ok
train,shiyan/data3/labels/train/3531.txt,3531,117,21c3c7e5c11a1fe93fd68c09ef3c50a7e254514e476bee23f70f8e52a083a28e,3,3,ok
train,shiyan/data3/labels/train/3532.txt,3532,117,81306d94ab471ecf1cda4d5dc6a9370730b271077faff0dae72d519d98899539,3,3,ok
train,shiyan/data3/labels/train/3533.txt,3533,78,c2a219a53cfdb6c98bf7f3ef11c3b3b4e43669af9db970cdc609c342facb12cd,2,2,ok
train,shiyan/data3/labels/train/3534.txt,3534,266,e7c2b1711530293bb73a8f6827c12fd07637dc1c019c988c4ed13ce0cd3a5584,7,7,ok
train,shiyan/data3/labels/train/3535.txt,3535,156,be9e0cd7716a186952bd12eebe6475fdcc7a2f4a16e59277da02810661cfaba4,4,4,ok
train,shiyan/data3/labels/train/3536.txt,3536,114,ba3b07ff2d35efc71408299ba23cf3114e384563a310296ab0381cdbfd28a9ad,3,3,ok
train,shiyan/data3/labels/train/3537.txt,3537,234,496e987b757a10cb9ed51e98b934b15939e7909143fbdb77780f46ae5dc10c00,6,6,ok
train,shiyan/data3/labels/train/3538.txt,3538,154,b981dd9974724103fa3dd3ee2900dd2af9ea197a6e6e968302f6638bab5ee3bf,4,4,ok
train,shiyan/data3/labels/train/3539.txt,3539,351,126df26c1d06dcaf743e10a3ec0b0349131ea0abf2bcbbeb8a071e8be2e22fe8,9,9,ok
train,shiyan/data3/labels/train/3540.txt,3540,273,4d44cb1bf79163513262625055a2f194a84cba85f54978292d6961d75b9dcda0,7,7,ok
train,shiyan/data3/labels/train/3541.txt,3541,312,c1ad452a2c776b50318b680481f21b218d24bf8075e8213687d4391d8b29a764,8,8,ok
train,shiyan/data3/labels/train/3542.txt,3542,304,45bcef1122d6ee2fef4b0958c063bcb8e5567e0aae07d9623f45bc6282a4992c,8,8,ok
train,shiyan/data3/labels/train/3543.txt,3543,156,7cab212cb06748842288f690e70bbf66782c38afd91f297de4897367ef9220e2,4,4,ok
train,shiyan/data3/labels/train/3544.txt,3544,117,2599be2cb2c2c87abddaceafbb39da39f08058bd845e1002145f45d7be350b81,3,3,ok
train,shiyan/data3/labels/train/3545.txt,3545,78,a359a5fe6612a0532d5e76f4385757edbe17d4cc401f3de795b16ea92926709e,2,2,ok
train,shiyan/data3/labels/train/3546.txt,3546,156,419219695a81a14b99eec416130f36b3aa9d8b2dfefe2be5b7338abad4282d28,4,4,ok
train,shiyan/data3/labels/train/3547.txt,3547,195,c2df798e6c8c963f03a6606083db02e050846684cd23fc1b6a9ab631c6c03617,5,5,ok
train,shiyan/data3/labels/train/3548.txt,3548,468,2bfea04fa0063b972999076d0813fee6c754e50b793360aab798b52f714f0099,12,12,ok
train,shiyan/data3/labels/train/3549.txt,3549,312,35af07b47d87f66d6fa82491c61b5cd0a3a709b2714014b76dddd2869c6651b8,8,8,ok
train,shiyan/data3/labels/train/3550.txt,3550,429,e73eb0b29075e00fcbb5ee6e5ce70c5bbdb2b498f41e637702124e5926c0cf68,11,11,ok
train,shiyan/data3/labels/train/3551.txt,3551,350,a0990e8dffc16295c56433c18bd9435db65166c27e4d4a550a76b4d122e3a6be,9,9,ok
train,shiyan/data3/labels/train/3552.txt,3552,234,8d328272811b11dd291116cad34af85fe3ce3e86c9ed088c568b0dda46f5c5e7,6,6,ok
train,shiyan/data3/labels/train/3553.txt,3553,312,fc096c81a24de022b4f61a3dbf54b7ad0ae6663c72e89fbc057a9bb35f74cbde,8,8,ok
train,shiyan/data3/labels/train/3554.txt,3554,152,e61b84304d646563a3df0391caa3a7b9d6cdeac776c193984de8a72b3a0d56d1,4,4,ok
train,shiyan/data3/labels/train/3555.txt,3555,234,3d530cc07cfc5530d7490ba6ba7963fc44fc5f8630dc4a8ebc7c38106a198787,6,6,ok
train,shiyan/data3/labels/train/3556.txt,3556,798,6da6160076ab065c20ea3f887d1e038fae8324b3df7213d7b94e70f5a2a8536d,21,21,ok
train,shiyan/data3/labels/train/3557.txt,3557,195,18395bc773f85202cca0189128eb8606f61d84b21ee92ce183669f66d8af24fb,5,5,ok
train,shiyan/data3/labels/train/3558.txt,3558,117,ca09c611c1cfb9f2104390b12e34c2c5d98fbd278e53cc33ee800a7abfb91787,3,3,ok
train,shiyan/data3/labels/train/3559.txt,3559,78,1e506f12c594f640da5fc83ac9a286d71c82a835b11737c35b66d698146700ad,2,2,ok
train,shiyan/data3/labels/train/3560.txt,3560,195,caaff221e5a13fe7e23e23f85683b62a396179447786ba9fbd344dbcf8a03002,5,5,ok
train,shiyan/data3/labels/train/3561.txt,3561,312,fb073439a54bc5cdd8d69e9ba589bd51b32fe381bdfe49d91d01c101c01b17a1,8,8,ok
train,shiyan/data3/labels/train/3562.txt,3562,195,da02f520591d2d2649a90d73a3332ae17ae6545e9d173542d59eff3d1553072b,5,5,ok
train,shiyan/data3/labels/train/3563.txt,3563,156,b0c6c205837fcad21e3a8c1fbb518ecaa7481394f15a8472acfd2cc5562511e6,4,4,ok
train,shiyan/data3/labels/train/3564.txt,3564,273,f7cd958b0577722ca63ca14f425278ab4e01398e5e8b6d840e18be3f7cf1ea5e,7,7,ok
train,shiyan/data3/labels/train/3565.txt,3565,195,491e2f963b137b05f2722303d25703dde789e337e2bfad5a60979f6f7ee5627c,5,5,ok
train,shiyan/data3/labels/train/3566.txt,3566,78,a356b6fe6ae4928c5636d831a522e0d845a91c31d09b11bc35c1ed7fb1a9f1a0,2,2,ok
train,shiyan/data3/labels/train/3567.txt,3567,117,6a036511d02ae733584361b4a1df52b136a8b1dbc59d8d5af84437463016d7b4,3,3,ok
train,shiyan/data3/labels/train/3568.txt,3568,78,deb55708a20c1fcb1042e6be41c22c271d5b1adc75b0756705bb5bfa6be98478,2,2,ok
train,shiyan/data3/labels/train/3569.txt,3569,117,fe391e48a780602baa1de7188522c93a755a533e3307111c3cab5a004d7898e3,3,3,ok
train,shiyan/data3/labels/train/3570.txt,3570,195,3fa1b7e512cbfed12e54c2b31037c8be3b764c39498bcd3a799dabcf42c0da1f,5,5,ok
train,shiyan/data3/labels/train/3571.txt,3571,195,7e239d87605bbe4f5a1b59c685536d15453fb5775a36a620b984512a0ec70514,5,5,ok
train,shiyan/data3/labels/train/3572.txt,3572,273,d589e605e185aa3c0beb4e9ff33e3ace51ccb7e75145ddbdf9762b87c903e84b,7,7,ok
train,shiyan/data3/labels/train/3573.txt,3573,78,33ee67a681f1e66583a3232ec981e79c74760c787ca05877f189a9d28ae95079,2,2,ok
train,shiyan/data3/labels/train/3574.txt,3574,39,15986be7a31557e1c7a814a9691b58c1d281a9ea07c2f8da12620cdaec00eefc,1,1,ok
train,shiyan/data3/labels/train/3575.txt,3575,194,486723cb7ed54b1af6a1d779874d66096a60b7b46db66ce63195ce49f1391be3,5,5,ok
train,shiyan/data3/labels/train/3576.txt,3576,232,049695d0fce38b0cebe782be55fe80949d1ca1c28d731b78d6208eff34d95c3b,6,6,ok
train,shiyan/data3/labels/train/3577.txt,3577,156,cb8490acd17a10dcae30d7a58d507b8ce1b3300b6fafc95b678aae52011249e0,4,4,ok
train,shiyan/data3/labels/train/3578.txt,3578,117,4011f660f0b6fd133ccead084fad9fbdcf50f2f925193ea2ed5a1726453a938f,3,3,ok
train,shiyan/data3/labels/train/3579.txt,3579,190,284ba249085df8c3c2d418a1ddeb2f427225eb09ce435755d4bc89b936766741,5,5,ok
train,shiyan/data3/labels/train/3580.txt,3580,78,0ecbf7fafdbc74855277829cee6499d7ca127ad69f0c3867f111053ea6c5f2df,2,2,ok
train,shiyan/data3/labels/train/3581.txt,3581,117,070867b0dab6fd72503979d95ca806106148e8ec98f5425c3b2766a4a7653b3d,3,3,ok
train,shiyan/data3/labels/train/3582.txt,3582,116,c63a6b80818478b2ccc65fbf46e6e52a1bddc911ef4d19492ec655ecded96a6a,3,3,ok
train,shiyan/data3/labels/train/3583.txt,3583,309,010e878199540336e522f5168a2d690997c8becc1e9126454f122d2185948977,8,8,ok
train,shiyan/data3/labels/train/3584.txt,3584,156,5353c99845728129b3c0c9f27ac1d67f934652758ecdea95076d3724eacf6374,4,4,ok
train,shiyan/data3/labels/train/3585.txt,3585,156,41727d6cfe2c3d70063fdb8f28304845647fe02e310cec6b3fe0b05866ae0d34,4,4,ok
train,shiyan/data3/labels/train/3586.txt,3586,304,54e8186dd944d97ac89a0b9e9d48d122dacad5e8c6acb3a2896700ee89fcf3f6,8,8,ok
train,shiyan/data3/labels/train/3587.txt,3587,156,2c1370130bd08b3aff9181663b94b12ed07ba6fbdc309368fb8a5f486a544813,4,4,ok
train,shiyan/data3/labels/train/3588.txt,3588,114,810ffdb8454e0f6c45f5efb325804a97ed14a29e966ca09e92e7f228fe645bda,3,3,ok
train,shiyan/data3/labels/train/3589.txt,3589,155,1be3fa63ceea3008fbc2e834944c777d7c90d66d1c5e0d17c0cfcc0af44f9bdf,4,4,ok
train,shiyan/data3/labels/train/3590.txt,3590,78,1ce169298f942586e82ab9aaa939d51d6d86160725a8e1755a9bcf6eeb3e72b2,2,2,ok
train,shiyan/data3/labels/train/3591.txt,3591,114,1d09932bb2eda0ed1220048d4ab1ea1c06235c625d11e288e058f942e2294e70,3,3,ok
train,shiyan/data3/labels/train/3592.txt,3592,350,417766fb43035fb66353617a38de34768ab885b214668f3911b1d7b89050f01d,9,9,ok
train,shiyan/data3/labels/train/3593.txt,3593,195,7d936f97fea27d54bb9991eeeb63edfa6741379d2d113e5fbbcb7c84f3d4cd4e,5,5,ok
train,shiyan/data3/labels/train/3594.txt,3594,78,2969ab6099d87195b9204393648ba11b8f861f3287811dd3976779e953f174d5,2,2,ok
train,shiyan/data3/labels/train/3595.txt,3595,342,c723c89fc26182c54116bdfd8ce67ab50ec265c5111fee719f1dacf3a1b41dff,9,9,ok
train,shiyan/data3/labels/train/3596.txt,3596,351,c1acaa28d7e141d8225bd723affd953e6f7548ab50723e85fd78e908c8955ccd,9,9,ok
train,shiyan/data3/labels/train/3597.txt,3597,156,f79065e969b5421c16945775438a7f813289eb9b66c34004a62a9fe785ded0b2,4,4,ok
train,shiyan/data3/labels/train/3598.txt,3598,114,c494c81f6570ca7c423ebcac8f35468badd4f91b656337d662569b6bbef9ae8f,3,3,ok
train,shiyan/data3/labels/train/3599.txt,3599,190,154947a5b15d7f837c4a987244433b96e425406b471495b8c8a9d48669aec92e,5,5,ok
train,shiyan/data3/labels/train/3600.txt,3600,156,06104855da917659abd8b35522c233552b298e0572ac5547d0e345f57228fc10,4,4,ok
train,shiyan/data3/labels/train/3601.txt,3601,194,95d0529dbf25a9e15078760285573f29a42faa370a8d18d2a45da575928ea52a,5,5,ok
train,shiyan/data3/labels/train/3602.txt,3602,117,01b50a5744d24682bc699f8c2e7527a636f5ca897c15dc7875efc94e65787c5b,3,3,ok
train,shiyan/data3/labels/train/3603.txt,3603,156,26f279d6657472d365840281bbc65e1cfbb1f310d000f7e0fd112046b7e8afd4,4,4,ok
train,shiyan/data3/labels/train/3604.txt,3604,39,895662237b2bd60824701bbd23a24751f11dd78217af6fe35c2f5a3b80f36c6b,1,1,ok
train,shiyan/data3/labels/train/3605.txt,3605,117,a57d3c93fdf038482ff0e414d7b601ebd48cd480db8b60d38c21a33b5835f8fc,3,3,ok
train,shiyan/data3/labels/train/3606.txt,3606,468,e1c8d497562e18abf521555b5217eb69aafe5944ceb663f2e8065a8b8cf4943d,12,12,ok
train,shiyan/data3/labels/train/3607.txt,3607,114,c9e7c97d3529301160df8a0b00eb2b68b1a4785d2e275f86a02f6200d29f451d,3,3,ok
train,shiyan/data3/labels/train/3608.txt,3608,266,e688907007467cd46bae3aba4afb598d9325f42152ed2d32b69d3e821419aa2a,7,7,ok
train,shiyan/data3/labels/train/3609.txt,3609,429,ec3dfb69bd36e4af8d63c7cf1f72069f17e76833417b0da80c7b6cf41941d7f9,11,11,ok
train,shiyan/data3/labels/train/3610.txt,3610,380,188a8ae3d207322d693dbe32f247c37d761e173d04021239a3d378495385f4aa,10,10,ok
train,shiyan/data3/labels/train/3611.txt,3611,195,ff6fdf1857a7b2484773b12e58718fb2c6a575402c813e5b3328962b86ffcdaf,5,5,ok
train,shiyan/data3/labels/train/3612.txt,3612,117,626e39b4eed01f0a1299dc949f6f768cd97c650da6b24b8f17b1d59b1785c070,3,3,ok
train,shiyan/data3/labels/train/3613.txt,3613,78,10177828b7ac52c30515a62bb162e6c056fca070053104b6acfda41b314a3c89,2,2,ok
train,shiyan/data3/labels/train/3614.txt,3614,114,2ba7c49a027415468e35a957df16f01117e414b4b659c5de7e2712eb5d719140,3,3,ok
train,shiyan/data3/labels/train/3615.txt,3615,39,6383feb96f629d315d0b365e45960eb2818cf488d661f2f774da34f29b834698,1,1,ok
train,shiyan/data3/labels/train/3616.txt,3616,195,f028f6c5947d1b06c1f6b0ca4b91b7ab06a62417558a07490ad9cc21f51dc66f,5,5,ok
train,shiyan/data3/labels/train/3617.txt,3617,305,4730babafa5442b82ae95824eb55f625f7af7d656818f880994ff3dc622378c4,8,8,ok
train,shiyan/data3/labels/train/3618.txt,3618,228,f778ab6bdfaa713a9a76c9b05bf99909464b8cc804ac1191624f108de35c3051,6,6,ok
train,shiyan/data3/labels/train/3619.txt,3619,38,bd664dc09c60de4a7566561169920d131a32d580311e8dd762dc11926995e54d,1,1,ok
train,shiyan/data3/labels/train/3620.txt,3620,152,a76b55896bcf06fb09b00894be96ef8daa7a1dd9b414b6340baa92c65e13c3ce,4,4,ok
train,shiyan/data3/labels/train/3621.txt,3621,156,130d1b5416e3a021ee511a498448cf449d525255a5b230968584a99a81c22ea5,4,4,ok
train,shiyan/data3/labels/train/3622.txt,3622,266,2d33821ad9ed5a1a00b7907a74c37214da7f914e4d82b1bba6dc762fa6c27ccd,7,7,ok
train,shiyan/data3/labels/train/3623.txt,3623,39,d8bc890fbc94bbdbfa86cc4ff75dc87dce82296a0b7d821b31fdca0f4913ed8f,1,1,ok
train,shiyan/data3/labels/train/3624.txt,3624,234,1a60888bd9dbe9a7bb47ec14d3385a43f3df4ce6d43d66ba9a6214916e093442,6,6,ok
train,shiyan/data3/labels/train/3625.txt,3625,195,07b60a58d9825585a3efe7e2ed26b803ae618616f555c48173987cf67ef4d597,5,5,ok
train,shiyan/data3/labels/train/3626.txt,3626,156,746e7a7c486010e0f1ad90f736b1f187e56754fedb8d3cc892bf2c8a6faa9a8b,4,4,ok
train,shiyan/data3/labels/train/3627.txt,3627,312,1b63199fde4112829b38cfba8471feafff04cc4ba38d1cd747ff87a0a02f0643,8,8,ok
train,shiyan/data3/labels/train/3628.txt,3628,390,42cc2bbde6ed9b6910c7e80e81109b32ab74340dd5b7fa84c26dce6d2c5a0e8d,10,10,ok
train,shiyan/data3/labels/train/3629.txt,3629,78,a745fa298bfb65f388c0ab99481b983ff024b63311b24e343d0f1285d5ca42fc,2,2,ok
train,shiyan/data3/labels/train/3630.txt,3630,468,0d7b65b53b80634bdcbe154116dba6c3f2017f3d46e0d51c2f41845651698cea,12,12,ok
train,shiyan/data3/labels/train/3631.txt,3631,234,d1e28d372c25d8382fe0485fb1a0613b379ad7873a569e8ede32ff628a1fc21c,6,6,ok
train,shiyan/data3/labels/train/3632.txt,3632,273,20c0e6928fb4c1e8e4cd1ccc78d2f8b427bb0ee807a6ec60df35b7af4babd70a,7,7,ok
train,shiyan/data3/labels/train/3633.txt,3633,117,330196a77a8c2e4a40ce5f4c37ca7211b6980e4099d8b7cffef04e034778e592,3,3,ok
train,shiyan/data3/labels/train/3634.txt,3634,76,1e904762695aaa98f7aa4448fde316d26cba061865fc178dce64b5a4334d239a,2,2,ok
train,shiyan/data3/labels/train/3635.txt,3635,190,cd42d0f04cb91f435e6bae5e77a26a2abe07792c37e69de6a7967e7b9cd49f52,5,5,ok
train,shiyan/data3/labels/train/3636.txt,3636,117,458ff940e3ced91e73453accc528dce990d9c59a689e29589f4798418ba0387c,3,3,ok
train,shiyan/data3/labels/train/3637.txt,3637,114,bbbdd85cd2768387cc11358afbf72ae3a88683bf71632f454b633b389374993f,3,3,ok
train,shiyan/data3/labels/train/3638.txt,3638,305,d3b2c330d8755da803282789f346f3f9014219338204986b8cbb752f72e5be0e,8,8,ok
train,shiyan/data3/labels/train/3639.txt,3639,195,d0e50ad208be02c7f5421a494494f6d13ea1aff2ae4e1ef2adaa077d2b504074,5,5,ok
train,shiyan/data3/labels/train/3640.txt,3640,156,6b2dda841fa5a14cf146c22cad07f18efbfc6bc8fb4097d201a0fcc6a3a4f3f1,4,4,ok
train,shiyan/data3/labels/train/3641.txt,3641,39,a9ea4f99d3fdc42294190294b73e7ee539ee47f28b3bed57ac21bda29d29d8af,1,1,ok
train,shiyan/data3/labels/train/3642.txt,3642,228,6c6451c8d506d3f0a3976a7aca54d55881ac5465edce0a0fa0c0b86b622ec6c3,6,6,ok
train,shiyan/data3/labels/train/3643.txt,3643,156,26f21f9184b6cd46d5758b678145bea860d1f6c0efef4e8c6e24dfce86b0ed9b,4,4,ok
train,shiyan/data3/labels/train/3644.txt,3644,114,39da08b855e9a09af58fd4f5f0ccd7b6ed5e5d45d8741ec52cd06d0f2b776958,3,3,ok
train,shiyan/data3/labels/train/3645.txt,3645,312,4feaf0c4365f8705b552dd0d0ae1ac915f4f05d4f2ebf80cd603bd4926c551e5,8,8,ok
train,shiyan/data3/labels/train/3646.txt,3646,429,40b24d6e5dc454a3733735b8a4e2a8541b830cf28b9ba28ae92b5dc243c58551,11,11,ok
train,shiyan/data3/labels/train/3647.txt,3647,155,f5c7187eef945bcf43ac86cc50a701ea878174402418356b1f8687461ca0f720,4,4,ok
train,shiyan/data3/labels/train/3648.txt,3648,195,deec68b5cbcd1069a77bca20fa48b246ab17bd45c4badf370d30747f010812cd,5,5,ok
train,shiyan/data3/labels/train/3649.txt,3649,156,07fe0882fecf062e35da795c58c3fd072925a1fc3f1d27a1721f2763a3baf23a,4,4,ok
train,shiyan/data3/labels/train/3650.txt,3650,114,743c3cd8baa3aae86ce1387a39f62f7d5ba34f30ac619d3b1cd3c91f8801c165,3,3,ok
train,shiyan/data3/labels/train/3651.txt,3651,585,2b9fa087315cfda81c1bb1f606258eaaed1ae770cd142d6f1cc20119b826221d,15,15,ok
train,shiyan/data3/labels/train/3652.txt,3652,77,d8a37129a3fba82a62e8d77718d63bb41205047358957362d8cb02d0ff7b7a56,2,2,ok
train,shiyan/data3/labels/train/3653.txt,3653,195,d0419b596b01333f5ff203c969ba241d55256e487ba1262dd043e1f9673876bb,5,5,ok
train,shiyan/data3/labels/train/3654.txt,3654,342,801b400ef557adf1b9c2c0f3901178b57acab59d7b2b023739e076f67b5a07bb,9,9,ok
train,shiyan/data3/labels/train/3655.txt,3655,195,e5dc146bb946273552d08861814ae5ad0d049003adf4208890afccab767530e4,5,5,ok
train,shiyan/data3/labels/train/3656.txt,3656,312,5acb62930a4e9f3e2710b2f3308dff5f042330939e4f25a8417d20b274facd93,8,8,ok
train,shiyan/data3/labels/train/3657.txt,3657,191,8c433a793e8fc3e4bf6286352287d977a684332efe29cef6be025ab9f101b42e,5,5,ok
train,shiyan/data3/labels/train/3658.txt,3658,234,d4594b33e9f34e47524d040f34304620dec147572f39825dca967179136c7cd2,6,6,ok
train,shiyan/data3/labels/train/3659.txt,3659,266,712c74300fb933169b889c03b1e2a88c42e64403b3add3df1a97648a7c23db44,7,7,ok
train,shiyan/data3/labels/train/3660.txt,3660,156,87384e766ce235378833adcf668a608e8d29469da17afb38b143db69d93756fe,4,4,ok
train,shiyan/data3/labels/train/3661.txt,3661,273,f77fdbf00fa719daaf7b3c0ff71f2cb36164057edf3b74b8d77827a53c7728f5,7,7,ok
train,shiyan/data3/labels/train/3662.txt,3662,234,8ecedb822754e11202831aa449988e742b09a3a370689cbec1168a50592c6a1f,6,6,ok
train,shiyan/data3/labels/train/3663.txt,3663,266,48bf0c9d8a1fd7766b8793e3bba6b8f6c0cc278e886c2ab70f5c54d7187231f6,7,7,ok
train,shiyan/data3/labels/train/3664.txt,3664,304,9e3b77afb1bacbf06906c549f8009e578eba0f27227e67f825a53afba50de190,8,8,ok
train,shiyan/data3/labels/train/3665.txt,3665,38,15b670e2eab42d9f5bb0d7cf2b8fac4a8d82660f2eb48e8d95df65cd2c8fdb43,1,1,ok
train,shiyan/data3/labels/train/3666.txt,3666,39,5cc0aef13b10119b153495affeb06762ea7866fdf3f46952bf2cf07e96907e6d,1,1,ok
train,shiyan/data3/labels/train/3667.txt,3667,234,1d6989a2b78b9687e7bac077578da9d3e079ed87fa13635e12a96c0ee8d420ce,6,6,ok
train,shiyan/data3/labels/train/3668.txt,3668,117,d5b360d9dd4510bbc9fc180b8a56e92a9a0b97aedb10705ff389a772512d419d,3,3,ok
train,shiyan/data3/labels/train/3669.txt,3669,78,337062c87ebffe9b0b3ffdf1ee5753dfc38d7a780f7b50be8d6ef1fe6aa8a944,2,2,ok
train,shiyan/data3/labels/train/3670.txt,3670,117,7538d20aa6601147bed4a3ed25a0f4eeeb288b2384c6256da216854f515286db,3,3,ok
train,shiyan/data3/labels/train/3671.txt,3671,390,d318104c71f33331e64dfa8fddbd6adfe82583989d632b04ec40867009d6e09b,10,10,ok
train,shiyan/data3/labels/train/3672.txt,3672,266,583842f9cf3f9aa44483e1dea3112b394d32834fc1092e3fe2120b2cf9ac5998,7,7,ok
train,shiyan/data3/labels/train/3673.txt,3673,152,675062cad0198c9b84044825da57b163550d11c5e53b433e77b1a8648145418c,4,4,ok
train,shiyan/data3/labels/train/3674.txt,3674,190,a80e9e1856891176dd993ac5268ba0655b772c11eb6d19da82fe88c76e3a0b4d,5,5,ok
train,shiyan/data3/labels/train/3675.txt,3675,234,79796033941a55ee87e7f40e64a414793812ff59b0ad41e32b520faf7ef4be41,6,6,ok
train,shiyan/data3/labels/train/3676.txt,3676,390,1dbe4b9c18a0d8bd3f5f61e1ee29c697298f94f2877ef4671e1fcf9d4531fc0b,10,10,ok
train,shiyan/data3/labels/train/3677.txt,3677,468,fcc2a8615e5c2f4f333c9917a2de9b906c7000016d29269aa0bdf2c83bbc8bb4,12,12,ok
train,shiyan/data3/labels/train/3678.txt,3678,115,e1e56a5f5e661cc889ca4caa61095d41680c398c11adfde043395197899bde93,3,3,ok
train,shiyan/data3/labels/train/3679.txt,3679,156,093e413ec3d837ea0e9efbf8918f9e47e6291d1e6f240462094b2e59c5bdf3f2,4,4,ok
train,shiyan/data3/labels/train/3680.txt,3680,76,e0e48d7e79e988886eb3990557b63053041d555ceaa367dec98692d118b15333,2,2,ok
train,shiyan/data3/labels/train/3681.txt,3681,191,3ec03286651ec3c69f0a70d73bc9710f0fa76ffe21d11849f9d31bdc0dc6c03f,5,5,ok
train,shiyan/data3/labels/train/3682.txt,3682,266,95317c8e7f8c538ad617bae5818b274c983e6fb8b0009baedc1cb6b2028d1eb7,7,7,ok
train,shiyan/data3/labels/train/3683.txt,3683,389,caca16bde6e4825582ef36a74846c2fb934d7d644ba363292dc6961b590dea00,10,10,ok
train,shiyan/data3/labels/train/3684.txt,3684,117,b52c8c177054a16c175f75486d0b8d822e187e1a0c7d38c3202794b6b1ce00fe,3,3,ok
train,shiyan/data3/labels/train/3685.txt,3685,117,35049373517f6c8d48881a2a2a224bafe5b43e5920b749fc1d7a350272211290,3,3,ok
train,shiyan/data3/labels/train/3686.txt,3686,117,5a95c02e518021f64a8db705851b25a50cd3c7d097fe6da5573e5e888daaa066,3,3,ok
train,shiyan/data3/labels/train/3687.txt,3687,117,ad8c5780d303e61c235746e82c275c63a464b5deef2d7ec216f37e5324dafd06,3,3,ok
train,shiyan/data3/labels/train/3688.txt,3688,190,fdf25f6239949dfe7f494dbc8c418b7e2cc9eda248343c323d6dc9a44f972912,5,5,ok
train,shiyan/data3/labels/train/3689.txt,3689,351,5c0c45a57f514c6d58fe7b1b61f5a546e1ee4dd09747699db9e342f421c7317a,9,9,ok
train,shiyan/data3/labels/train/3690.txt,3690,78,e07586f7fc74e5288d24d6c4f8c86ebcaf682b0c8e3b4e4cd15fd421eb84f4ba,2,2,ok
train,shiyan/data3/labels/train/3691.txt,3691,153,dafe4c773048fdf9672398658147e66626db0d70687d3d1b6370f27912803024,4,4,ok
train,shiyan/data3/labels/train/3692.txt,3692,152,9e136cf7a69f3fd8baf7a186ba84abbe00f5dd4ff91e9d34bf06947a47004188,4,4,ok
train,shiyan/data3/labels/train/3693.txt,3693,693,bb301be83e76f645e99ddd22be7ddca21ea08e25dbe595b74d5999eb2ae8acd2,18,18,ok
train,shiyan/data3/labels/train/3694.txt,3694,351,0ffec5d4aa3cf10d01261c73a699536fc6988e4e67e7baa6eeddc288efae4fb5,9,9,ok
train,shiyan/data3/labels/train/3695.txt,3695,76,bf40ef986883fd53c36b04ab673234ff3e5454a106ed4aa5cb2fee9578dd0d44,2,2,ok
train,shiyan/data3/labels/train/3696.txt,3696,39,5904136c4dfeba9c2cf45bbed44df22cb5fef7cafe83995d81d3f5cf2de6bbb3,1,1,ok
train,shiyan/data3/labels/train/3697.txt,3697,304,dc7184ae61ec942bb2663552ec599ef1a4ae41c3cc14d4d348a223f47df9fb63,8,8,ok
train,shiyan/data3/labels/train/3698.txt,3698,195,c9fdbda5f6e8b423960304ee0cf608c258c8e284c72637df65e30b3da1c6d678,5,5,ok
train,shiyan/data3/labels/train/3699.txt,3699,156,16043e234265212f687cf432c85efa186c8987e4a6ff1e606eea5aae3feac50c,4,4,ok
train,shiyan/data3/labels/train/3700.txt,3700,156,8a4583fa15d965fe62be62acc0ee617379ef130791a8787fb6c3eecd766b59fd,4,4,ok
train,shiyan/data3/labels/train/3701.txt,3701,312,148115c9673f46efe675bc9303add5e9eb39929479a55d3bd47241d6c4cb79dd,8,8,ok
train,shiyan/data3/labels/train/3702.txt,3702,154,924722bfffde7dac9a1227f58c703eb5da26dbae5e21102b4cdf5b18c97f97a3,4,4,ok
train,shiyan/data3/labels/train/3703.txt,3703,312,d9f0b1b025d1962bc5ac61876b8dd8aea34ee2a3c12e134e70178ee98eb4aab1,8,8,ok
train,shiyan/data3/labels/train/3704.txt,3704,117,a24e8a7bdf2cc47bd0f65e583486e2ed6ae32b2abb25e40ff64858dcd44a354c,3,3,ok
train,shiyan/data3/labels/train/3705.txt,3705,152,923f14980bdf97bc9ab1052d4232be09a0d3e052f04888fa0c038080eb5e09dc,4,4,ok
train,shiyan/data3/labels/train/3706.txt,3706,156,4cdbca65f1e1d21b7a1a1b280de34a860aa65fb15fc240d601d8e0e10251d5fe,4,4,ok
train,shiyan/data3/labels/train/3707.txt,3707,156,46e8983603a41ce51bb511ce6dba0c4f3aa5fc8995f9501ad5fb396cc9693d91,4,4,ok
train,shiyan/data3/labels/train/3708.txt,3708,195,8b55382ec0dc89272a0e2c999eb565564bf7b4f80b1e4c8bab106bc768513f36,5,5,ok
train,shiyan/data3/labels/train/3709.txt,3709,152,31d194cb3d25d6754b072f7d67e3dcd101dd4626bc5188152f827303312863ad,4,4,ok
train,shiyan/data3/labels/train/3710.txt,3710,152,cde1ab6dc94afaa7392cdca6fae7ac8c65f9156ab584bce619ef52a65852eb7f,4,4,ok
train,shiyan/data3/labels/train/3711.txt,3711,115,9be8108b0bbb93444ea53db2ac233c183e41f6cb65bebeba2382bc8983ba9b04,3,3,ok
train,shiyan/data3/labels/train/3712.txt,3712,1444,295a107a8dbbe6ae1b97f363c0350a781b4fbbb36de140674a6db3beb26b7a3e,38,38,ok
train,shiyan/data3/labels/train/3713.txt,3713,191,931356fdb0f6453e9827dbee0071f8fc65fc59b44d93d849a42ed24a5bad3dce,5,5,ok
train,shiyan/data3/labels/train/3714.txt,3714,312,7a0df30ac9425d204a718adf77287ce10447bf2b58fcc3271b55905c1dd9a5d5,8,8,ok
train,shiyan/data3/labels/train/3715.txt,3715,195,a8d5607fe8641efe1b2b7fecd773279cf59549bf5fe812cf0e4615ff9bb5c4df,5,5,ok
train,shiyan/data3/labels/train/3716.txt,3716,312,da68a13465673ee624a4b16b42636afb91aff7d2099dddd1c63c698dc002d95f,8,8,ok
train,shiyan/data3/labels/train/3717.txt,3717,343,e823f26aa10e87a96e80a7ff44c89784998eb55bd8814363f773fbdc7842070c,9,9,ok
train,shiyan/data3/labels/train/3718.txt,3718,78,c6cba5a9898617c70525bbf178860a4ab2a85f14aa44e758638a9c86116f3ff2,2,2,ok
train,shiyan/data3/labels/train/3719.txt,3719,114,aa2bc0f9d83420253fc5e09bd13c7ddef1bdaaf638a4c18d9978d56e19fadac5,3,3,ok
train,shiyan/data3/labels/train/3720.txt,3720,156,f533ca38f28c4d931c2154e73c4235e4d67b17685a29363d8d05aac9978fa2ae,4,4,ok
train,shiyan/data3/labels/train/3721.txt,3721,343,38e0e56375bb41a98f53b1bfeb686e45863ee324b467dabf19894f8c1361e523,9,9,ok
train,shiyan/data3/labels/train/3722.txt,3722,195,53060ad2752884e382f21f5b24669535e7c1b05ed3ad68d60bbc27be5da6f8ee,5,5,ok
train,shiyan/data3/labels/train/3723.txt,3723,380,638409c78f1afb469a1c289022ee43897dd6dca6a45998f700b8a386edca07ff,10,10,ok
train,shiyan/data3/labels/train/3724.txt,3724,351,c0ef3e2b04319ea725de22cf5dcab36eb9b02b65b95c2b29f101ab57c7a5a2a4,9,9,ok
train,shiyan/data3/labels/train/3725.txt,3725,305,1b65877619fcf5b11578438ae50840bf6ed2a5780a9e9fb4fbfa28aad717ff69,8,8,ok
train,shiyan/data3/labels/train/3726.txt,3726,117,a8f678dd8e2f963ab2e52d52dcd67cf5754bbd40d61d25f28719b4e52b132d7d,3,3,ok
train,shiyan/data3/labels/train/3727.txt,3727,114,cf4673065fef47f4f9e3a529b171085f6f2b88db0a37a78a140341c6f3607a03,3,3,ok
train,shiyan/data3/labels/train/3728.txt,3728,897,8654ae31574369c7606374e7446889b05b734bb0ca20f2eb6da3383328061900,23,23,ok
train,shiyan/data3/labels/train/3729.txt,3729,273,46b7917e26a572d803bd1c2972a478d8bf4ab045a2b58ad07749791e4c294cc1,7,7,ok
train,shiyan/data3/labels/train/3730.txt,3730,190,49b28ec3deb5b5db3d65619f6584b58c3e323b5caded882607542c4678a4eccd,5,5,ok
train,shiyan/data3/labels/train/3731.txt,3731,649,70259f3a57060dba6b356038d9f391aa4e611a609ca55fd2d64874a43987a9c2,17,17,ok
train,shiyan/data3/labels/train/3732.txt,3732,117,4896d8c477dbcec7482fdba227014a149c692e271bd787eda3aa6e5470fe5e33,3,3,ok
train,shiyan/data3/labels/train/3733.txt,3733,192,d7ea0b58927be1494b185f018535b644341e8f90d2caabb77dc0c89cf6116c12,5,5,ok
train,shiyan/data3/labels/train/3734.txt,3734,76,ea0b2834a974179a4b03a8b8f03f03bdb548632f276a97d972d7e2db39d2ebb0,2,2,ok
train,shiyan/data3/labels/train/3735.txt,3735,494,1f798876c500e24e96defd930beeeee4a9d5eb88c2d0a07310531ee9679f6579,13,13,ok
train,shiyan/data3/labels/train/3736.txt,3736,76,e438824878dc1d11b644779870602d2eab7693a9eacc7b24b3e47f1b8f775af1,2,2,ok
train,shiyan/data3/labels/train/3737.txt,3737,195,f9106c308944897151bfceeb6d98d5f390220e80c04d28514f353d1db217e7f5,5,5,ok
train,shiyan/data3/labels/train/3738.txt,3738,192,36b0a684a65a7f941596e3bea562338fcdbff307347c439b60f8fb4aca748779,5,5,ok
train,shiyan/data3/labels/train/3739.txt,3739,456,981402a77d1de3199b55f05a4f3c118a3d42a8faa7f8c1e3323ea7ff9790820f,12,12,ok
train,shiyan/data3/labels/train/3740.txt,3740,273,519c364d044f9aa87597fa19ba0b5c655fd8fc0ba1056d20a90cea1aa3eaf7ba,7,7,ok
train,shiyan/data3/labels/train/3741.txt,3741,195,0b72c8ca209eb2e62fc37e35032d3f5b8c58cb9be63cf5506fac66a8bfc22824,5,5,ok
train,shiyan/data3/labels/train/3742.txt,3742,78,034f27835106c0fe633d57d668445b4110055d8d9340c3e5a5d34384c7c640b8,2,2,ok
train,shiyan/data3/labels/train/3743.txt,3743,117,0ab92923b85df326d20712e56b820bd38d7e2bb2885ffb4a10a34e0fa1f824e0,3,3,ok
train,shiyan/data3/labels/train/3744.txt,3744,190,56fbe1c800a5d4a1e0ef6f1e8e74609908e82e89c90b207c845b023cc3032beb,5,5,ok
train,shiyan/data3/labels/train/3745.txt,3745,117,574eb44d8cf8b0c9f963d7dab0267485fcf12aa4b36331da7e7e59f4f78dea19,3,3,ok
train,shiyan/data3/labels/train/3746.txt,3746,429,4db4586af88a8dc78ada5556a2b225f65961ecae19e2139428232a936e80a4f4,11,11,ok
train,shiyan/data3/labels/train/3747.txt,3747,195,3747fe0ce30b9d8bc1c5f3eebf9d7ac5375f0b63bb8df8a59fc0a882a0c431e9,5,5,ok
train,shiyan/data3/labels/train/3748.txt,3748,156,9b0e6172c4c42167e456b00dad00eaaae68452d2e64bae22a16115a7a132dca0,4,4,ok
train,shiyan/data3/labels/train/3749.txt,3749,156,26aa43a713e8d2738d92b811721b4a7bb02ae720917ed127e128880d1ccf7beb,4,4,ok
train,shiyan/data3/labels/train/3750.txt,3750,234,2f1b1b68169d6b9ee57916aed4b1387702f1d879ff82bf8bc649aa8ea7c645b7,6,6,ok
train,shiyan/data3/labels/train/3751.txt,3751,76,9d393e5ec23c95ec36f31015c15bb0c82a4de0504f30652834211305785fda4b,2,2,ok
train,shiyan/data3/labels/train/3752.txt,3752,390,d823f2c10c430ff767f1af4c199594316e2b4cf8101706c18456ac72d40a3c5e,10,10,ok
train,shiyan/data3/labels/train/3753.txt,3753,349,df65e4e0b7d81b3d68d060d64fc45402518e690853c742803ee456aac5c5ffdd,9,9,ok
train,shiyan/data3/labels/train/3754.txt,3754,39,3f3cfa42f6ca3a463875904cd58d00f116c05d52481bb2686d07ac2956856c40,1,1,ok
train,shiyan/data3/labels/train/3755.txt,3755,390,e2fad4dac399090cb718c6bd73c3d14d071e8e030f4de6353dc55d2b326f9ccd,10,10,ok
train,shiyan/data3/labels/train/3756.txt,3756,190,981b8065e9e9e499dd77f5689c482420110fe96f23fc78180831687a67103f78,5,5,ok
train,shiyan/data3/labels/train/3757.txt,3757,468,5fac79ac5e02d5976524e43697474d01a007b7ca71e71b983fdd9b6a1d8f40dd,12,12,ok
train,shiyan/data3/labels/train/3758.txt,3758,190,226bc033d611ecd580a24dc1e90fa0f00f9691428587fe78e243a2d3374ef88e,5,5,ok
train,shiyan/data3/labels/train/3759.txt,3759,195,9c9a4bca1b8edca4fdd13ae8cbf2d11876c406446d820387cc1c0ba5bde75de6,5,5,ok
train,shiyan/data3/labels/train/3760.txt,3760,190,f3d17f301bbbfed91713f1fef5a44fb098157dd8423223f3d9c35eb78530d736,5,5,ok
train,shiyan/data3/labels/train/3761.txt,3761,429,7d77ceafaa829dd9da3bbe77e39919512070a50f745ef2803b1cd02c566670aa,11,11,ok
train,shiyan/data3/labels/train/3762.txt,3762,380,a90122eab5e1dc68921b3fdbd9a0975a96309ba17550eb654746ecb04a09bf7e,10,10,ok
train,shiyan/data3/labels/train/3763.txt,3763,656,853595f10af199def7e8f1ef2ab3def8b8d0dd600df4b98f37f56936cfe0b5cf,17,17,ok
train,shiyan/data3/labels/train/3764.txt,3764,228,638e0076efda1043fbeab827fa005351637365a1f22d0d1f308723724fce9d84,6,6,ok
train,shiyan/data3/labels/train/3765.txt,3765,152,f5f1b239ca856d4d77b223d7ef3ad295274831520420d580f14d02e1007a6291,4,4,ok
train,shiyan/data3/labels/train/3766.txt,3766,570,1ec1ec9c036a81f7da5cdf342d7ce862a2eacab24920df6cef6f37120850d16b,15,15,ok
train,shiyan/data3/labels/train/3767.txt,3767,384,3c3101d6a0eee7fe3c9b7b7f16b4b80cc04363a25d055ff11687c700664ef16d,10,10,ok
train,shiyan/data3/labels/train/3768.txt,3768,429,c92d029fc6a4971d4ed58d67098f48712b09f4ef085ddf59c7a73d22b6fd3d88,11,11,ok
train,shiyan/data3/labels/train/3769.txt,3769,312,4db6d0921bef1e6f207e224d45338e8de9c773068ef17ce94871332aaa2abb49,8,8,ok
train,shiyan/data3/labels/train/3770.txt,3770,195,3424233d59a5d89aec72cb9dc9c7be2499333e329f179f709bc1d925331b684e,5,5,ok
train,shiyan/data3/labels/train/3771.txt,3771,116,3d90f05844e672179d7b29623469f30ad169da7e2669a1a731a62b0fc3818025,3,3,ok
train,shiyan/data3/labels/train/3772.txt,3772,351,a39eb994cf2aa90611ee6ecf1a73065272ec60630ff5a53c02e947ff13c3a8ca,9,9,ok
train,shiyan/data3/labels/train/3773.txt,3773,266,9def0f512622a29fd92ece518d3bcea0f343c012eac1aac193439dc58f5d77d9,7,7,ok
train,shiyan/data3/labels/train/3774.txt,3774,39,70d6390137cdf59545c8b3f1076ecea0bb013407ff78bb2f57c9b830e127f62d,1,1,ok
train,shiyan/data3/labels/train/3775.txt,3775,228,96a09c9b333b9d0d2ac7ceb38a218920f46f9cb1950e5a14de9bc1a88b277826,6,6,ok
train,shiyan/data3/labels/train/3776.txt,3776,234,79eef1c96c598c231d6eb16226fa4e074191548ba8ea8d3c4d9e3bc09d54d7fc,6,6,ok
train,shiyan/data3/labels/train/3777.txt,3777,195,c35608d631988f544ca6bc554b15f0df734591c4a7c9a5f89c748c679bf5fdd2,5,5,ok
train,shiyan/data3/labels/train/3778.txt,3778,307,92c268d55605a19f57080f8fd9a35c067b3735549c6a717583c4b5900d7611a7,8,8,ok
train,shiyan/data3/labels/train/3779.txt,3779,116,fd18c3eb46a1267459010800cbb4c60c4320838f53096ac4bad6516b182c8930,3,3,ok
train,shiyan/data3/labels/train/3780.txt,3780,234,ee8e344b4511a8a5cd2782554f81a31cce047e6d26025a768c8fa5c47e021acf,6,6,ok
train,shiyan/data3/labels/train/3781.txt,3781,155,194c12d6f9a45d2c2c1e5ef4a6840a2f47db105efe5932134982ad074c938887,4,4,ok
train,shiyan/data3/labels/train/3782.txt,3782,312,d6b53da4df7bab64bed019bff1adc50fc03657d6b4c04539e3a9534cc4997dd1,8,8,ok
train,shiyan/data3/labels/train/3783.txt,3783,694,294cb5aabbb3fbea0284d37c504a5955185527f51b9b4432ce474a2a494054e8,18,18,ok
train,shiyan/data3/labels/train/3784.txt,3784,156,ce309b7b2483dd83243b47e2692d607a14998b02ef131fe1f87827a46594da28,4,4,ok
train,shiyan/data3/labels/train/3785.txt,3785,306,b31b72e33f618ca07448bac57cd31fa8669ccfdb570be6b16afa57cc702f8232,8,8,ok
train,shiyan/data3/labels/train/3786.txt,3786,458,2c555e8ae0e21236fd256413477dc461bc5c27f06f67b78d37865f9a61c98dc2,12,12,ok
train,shiyan/data3/labels/train/3787.txt,3787,230,d14e09aec1df13334dde824c7e512eabd5cfd15d8e4fb58dc154fe82a6f9a313,6,6,ok
train,shiyan/data3/labels/train/3788.txt,3788,540,5f6f9fafc4af6f4b4711cd3d518b8fe43bcf6c685d66e30a71de28251b242876,14,14,ok
train,shiyan/data3/labels/train/3789.txt,3789,307,3f20d94275e3fd98297dc332287fc47df330e99c004b32e89ba164273db95be8,8,8,ok
train,shiyan/data3/labels/train/3790.txt,3790,463,791dfe476d64cccb8eba42b4e926d2f02037b02f40c7073d40587fec6ba5a2a3,12,12,ok
train,shiyan/data3/labels/train/3791.txt,3791,266,ace96095db7921c6ff7150e0b8a72b2b1dae9a2ca392b06bcc9a7a94eb5ca453,7,7,ok
train,shiyan/data3/labels/train/3792.txt,3792,304,fb7bf93e0e83afb23b706580c04b6ba17a663bd3b13d66070ccc0ba0fab86d55,8,8,ok
train,shiyan/data3/labels/train/3793.txt,3793,304,f1a9443aa1babdfbff4b33e0a48b79a659497c0254e35452f6419ae05993e670,8,8,ok
train,shiyan/data3/labels/train/3794.txt,3794,312,3bdab4c430644fd5908d16d866c26e186defafa04740eb9f4fc4e627ec13dadc,8,8,ok
train,shiyan/data3/labels/train/3795.txt,3795,232,ba881cde7452108cdba62d829c96eeb95c3b7ba8537d2ed0e69ea116bd25af02,6,6,ok
train,shiyan/data3/labels/train/3796.txt,3796,39,e47507c208af3f15c24b688ad1ab7d2e90773ac044a22365cb34f03a0ef9350e,1,1,ok
train,shiyan/data3/labels/train/3797.txt,3797,273,927e7d724442dd6eae537942a4f3ee196939078d4ed8dd87447e44e8cd1c3433,7,7,ok
train,shiyan/data3/labels/train/3798.txt,3798,351,cd29d8f46cb6d21d2b2d3a7f089d0bb871bc79827a3bf39275a9ec88571fd010,9,9,ok
train,shiyan/data3/labels/train/3799.txt,3799,390,202d370e4b69c6cea1f8ac2a2cb3d520c881556baff3dab08841396b63336694,10,10,ok
train,shiyan/data3/labels/train/3800.txt,3800,233,a4ebeba1f56a025107bc378cfa512213ee5da4961f80695b6ba3eb8441e4f4c6,6,6,ok
train,shiyan/data3/labels/train/3801.txt,3801,190,cd06faf658bc8fcd3e65890a932f1e9b87fec32c3c30cee6b714168c79adbcd8,5,5,ok
train,shiyan/data3/labels/train/3802.txt,3802,234,64cac2cd759758032fa43e92045a5038495efe33a26a1d638065b103218ef3c2,6,6,ok
train,shiyan/data3/labels/train/3803.txt,3803,267,1669eb052d088bd2091ae67fd662ca4969bc080136fe50a82e0a1791da963981,7,7,ok
train,shiyan/data3/labels/train/3804.txt,3804,384,4383484e5f0f7edf2dd00b58df2d6798723a7e146826b63c6ee890d58f423044,10,10,ok
train,shiyan/data3/labels/train/3805.txt,3805,194,7ed4d3836c411850fa9bf6b5f616a0a5e4c743e5470e49a17b19043e69b855f1,5,5,ok
train,shiyan/data3/labels/train/3806.txt,3806,310,d4a997430a8c224b2f649857bec0df1309913b8b6674b2e39e556d86b11e1366,8,8,ok
train,shiyan/data3/labels/train/3807.txt,3807,351,9d349cdc4d1db4d5331f8d7417e0bd899ca01822d48c21338eeec138e6fb7f27,9,9,ok
train,shiyan/data3/labels/train/3808.txt,3808,190,ba40412c49685593374bd06420ffb279b97cc0d97fb67bad3e59172a27ee6e67,5,5,ok
train,shiyan/data3/labels/train/3809.txt,3809,234,895640d99fb82e26fe80b702fa7f18294dadc83d031d7f174811e90f59769aa6,6,6,ok
train,shiyan/data3/labels/train/3810.txt,3810,462,94f00f60670d271c36544e9b9bc77d09badda9d27f35bfde276c84f792bb3ace,12,12,ok
train,shiyan/data3/labels/train/3811.txt,3811,429,8ecbb4d2f5265a2c0d734c814bde3e6dd06688e48300793d81c556efd67e848d,11,11,ok
train,shiyan/data3/labels/train/3812.txt,3812,195,775672b8e9f440ea66d23d94e225bea9ca4b4f8e1977479e3fb73389567ef178,5,5,ok
train,shiyan/data3/labels/train/3813.txt,3813,312,254ff5689f139aa92f8defb0668542255680015f3dd1d2f23bdc9de5a99e77e3,8,8,ok
train,shiyan/data3/labels/train/3814.txt,3814,312,09314a7f9347822fe6931c425c4023d8c8fe19a0e16f2d193d4ccced3b56355e,8,8,ok
train,shiyan/data3/labels/train/3815.txt,3815,312,b93e0952aaa0fa0f04ec747178a94c59115b6f5de23ac2a6a4060b2c2c15a0ba,8,8,ok
train,shiyan/data3/labels/train/3816.txt,3816,464,6b0268c49f8b613f2e4c33416e6b02d6abe4a44a75d6357408ed721ad67bcdd4,12,12,ok
train,shiyan/data3/labels/train/3817.txt,3817,152,473ee2e110607a19eb194e174cf4740981bb0bad58479610ee9d35eecf538c71,4,4,ok
train,shiyan/data3/labels/train/3818.txt,3818,424,deb1d7865502e0dad26030ff362649cd7eb275cc15deea8c87fa302a88d9fcba,11,11,ok
train,shiyan/data3/labels/train/3819.txt,3819,390,b303aa97f18f55ab697a5aa86e342b07c03f10fff04e134e0f5f2ca4fd9fd2ec,10,10,ok
train,shiyan/data3/labels/train/3820.txt,3820,273,1a2e616de8f0117783ee3cc8bf442e781345aab0e5e38dae5745e12564b21621,7,7,ok
train,shiyan/data3/labels/train/3821.txt,3821,390,3a902784512792a6d9f2b656e16e6b299c5525989ab162fcb9f7d210ace906f3,10,10,ok
train,shiyan/data3/labels/train/3822.txt,3822,271,84f7a3ced769b4e8ef675d75ce327bfbdf837c0e312152b9d5620a828c6a2904,7,7,ok
train,shiyan/data3/labels/train/3823.txt,3823,468,cd5628414f853221a4bdd41571e77d18540e783f232e80b7e7d4bcf6e5a8cba2,12,12,ok
train,shiyan/data3/labels/train/3824.txt,3824,349,51db00815b9aa4b01cbea164e6d23de900418f3e57f58d03c75b7c61d94f8c7d,9,9,ok
train,shiyan/data3/labels/train/3825.txt,3825,234,a092d7776750f59e62ec8486649f41373d978d28ab48e32807578b73168d4950,6,6,ok
train,shiyan/data3/labels/train/3826.txt,3826,429,d5f39e425565df308a6ca7a598e62e49113cbebda39c0a27652eadda65012eeb,11,11,ok
train,shiyan/data3/labels/train/3827.txt,3827,381,c6ae9c4e309a849db1ba14ce83aafda5b5e5d351c9e3a1423d71569ca0c6ffb5,10,10,ok
train,shiyan/data3/labels/train/3828.txt,3828,387,a9c346ac067a6ef0d5bd70b73e05686d11111c5d4cb4742ebb3eb43e114801fb,10,10,ok
train,shiyan/data3/labels/train/3829.txt,3829,311,d12fe17e04fbc0a6d37b2eabee00e77e72be08386c33d09b0d698a5301488c8a,8,8,ok
train,shiyan/data3/labels/train/3830.txt,3830,152,90cc43a8bf2c2a275493b1fc937cd4bec853921ca2725bd30a72d04a537e6375,4,4,ok
train,shiyan/data3/labels/train/3831.txt,3831,272,3d732d8af061c9b65981dbbfbfbbaca260445c70e7c02cc4f0f0c75a4728792d,7,7,ok
train,shiyan/data3/labels/train/3832.txt,3832,273,94abcc000204984e5504ba8337d9d4b5a7c75aff67d06239c61a42733c572c3d,7,7,ok
train,shiyan/data3/labels/train/3833.txt,3833,390,b8bf11244fb283a96d2f071f165121b382f0d21a7a7443ae1b6e126218a8d589,10,10,ok
train,shiyan/data3/labels/train/3834.txt,3834,382,80a40688141442ad720dcef8b88cc3a7cb478bbc47ea8b11d764c6893be282bc,10,10,ok
train,shiyan/data3/labels/train/3835.txt,3835,385,6ae3aa4c886a25274858300d2bf46649b0e55a9eaf9afc8076280cdd137d5bc7,10,10,ok
train,shiyan/data3/labels/train/3836.txt,3836,195,248939918fddb07ea1bbea9f1c86dcc6799a0ae075e1a233b1b492dc41481d07,5,5,ok
train,shiyan/data3/labels/train/3837.txt,3837,232,28baaccb019877a998b2627753a450e596cabe9858bd78abb3e41274146d2cdb,6,6,ok
train,shiyan/data3/labels/train/3838.txt,3838,190,04f1ca3fba77ea1f03a94b1916c62b940732bb230a0d06bf30d1df42016a371e,5,5,ok
train,shiyan/data3/labels/train/3839.txt,3839,78,f05faf3531cb873665f69d3f83111287b44696aecf75527a1fcabba53cc0d936,2,2,ok
train,shiyan/data3/labels/train/3840.txt,3840,304,23d32b3fa1cb2d1dd335188650b56a4c98a7ed19210dd6635d7664b6ee02ca0f,8,8,ok
train,shiyan/data3/labels/train/3841.txt,3841,305,3e838dfcdda7d7b070cb9441bca916a043afe12b887275e430f1a9410ac565b4,8,8,ok
train,shiyan/data3/labels/train/3842.txt,3842,156,ee38bbabe7042c7411ffc19f50df8697d59da1819b7f1955990e061a43e9f905,4,4,ok
train,shiyan/data3/labels/train/3843.txt,3843,190,8833b73e9f557056c54ab3f0151f3cd2c53190b345f824e4867e95bbccdc1ed7,5,5,ok
train,shiyan/data3/labels/train/3844.txt,3844,195,a05ec0dc675e75b4a47195812b77e1445bfe0df6a5a4e0e866e1a900e3498aa4,5,5,ok
train,shiyan/data3/labels/train/3845.txt,3845,155,c1d2f172f8e2c4010791ace6e518477061cc8df962b67aeaed9a5355cb2bb7e7,4,4,ok
train,shiyan/data3/labels/train/3846.txt,3846,347,e931820a6e5b9444ca8004d56840c4f070af833fdfc467cdc2927cc0a8d1a116,9,9,ok
train,shiyan/data3/labels/train/3847.txt,3847,228,afb0d1d7c1ab94c880f7c9d4e2bd622fc1908cd6cbee2de5ae16e473952fa99f,6,6,ok
train,shiyan/data3/labels/train/3848.txt,3848,117,493d630a816bc2b8081d68af25614d6e5afa0818e3dd78594324e1c72379b1ed,3,3,ok
train,shiyan/data3/labels/train/3849.txt,3849,429,4f6b42d2a1e6e7bc936975acab3aef965439588b00871b91560dd8329ac5e443,11,11,ok
train,shiyan/data3/labels/train/3850.txt,3850,273,18972c6bcf98ae893027b91d99cbc1f9714ca16b29a5c4a7b4593fd25b0566ff,7,7,ok
train,shiyan/data3/labels/train/3851.txt,3851,117,9dde45ebe2e1c430ac4fe635a1abf792e469d1266675107003cb71d8658e8d08,3,3,ok
train,shiyan/data3/labels/train/3852.txt,3852,464,d00b7d45a296974f734e4bd76c0490496b187122c3de5c314cd056444f2196ba,12,12,ok
train,shiyan/data3/labels/train/3853.txt,3853,228,42526a495ab275a0956152840adeaa53f4fa7f9c9db16c76c50e219897030690,6,6,ok
train,shiyan/data3/labels/train/3854.txt,3854,114,308d901fe0c08b5d4f2756be92fe9d47efc6d8e730106612c98b8f28f11af64f,3,3,ok
train,shiyan/data3/labels/train/3855.txt,3855,152,6d1bbd90ace3097d988c237018af5d798d95194d439f65d22c8ae06a6385b212,4,4,ok
train,shiyan/data3/labels/train/3856.txt,3856,267,48b35ac32b3bb593ba442932a5f1739bc2ee3795bc346b89cd6cc4b8fb814dec,7,7,ok
train,shiyan/data3/labels/train/3857.txt,3857,234,68b0030944520d8234d58d019b67e29fd5bbbac1c4ad4b39fe50d1e36f66e18d,6,6,ok
train,shiyan/data3/labels/train/3858.txt,3858,234,32bc4c968dec0d16ac94aa95e179ef73a2c344c54f31edcff0b26b347ac86235,6,6,ok
train,shiyan/data3/labels/train/3859.txt,3859,266,891aeb92091e797f9a9fc10b95a7b9933d9658a44b354ef210ee647070bb7d78,7,7,ok
train,shiyan/data3/labels/train/3860.txt,3860,76,b8866c92c152160fb13fc8342c601e577862151d2954613f50abeaa6ccd7a543,2,2,ok
train,shiyan/data3/labels/train/3861.txt,3861,349,51d11e5a7ed538aad772fbb9ed363b8616c3131581e0a1d27b94fb7e032b9cf0,9,9,ok
train,shiyan/data3/labels/train/3862.txt,3862,659,6210c25a2449c8a94b913e2d64683831f7312113d162feadafe56821626be74f,17,17,ok
train,shiyan/data3/labels/train/3863.txt,3863,582,69aceeaf592229f0e3661e998886d87660cfedd00ecd9a2512fa7815d3d1f7a2,15,15,ok
train,shiyan/data3/labels/train/3864.txt,3864,156,3f754d572feadf9409bc6aff33032cc2c1ca18f527fd435e0f0ce8e258a15413,4,4,ok
train,shiyan/data3/labels/train/3865.txt,3865,388,74bbb4f97229050ea23a68c1ca4af8b62ee70acbbfc973a8bf62feeb7a94a09b,10,10,ok
train,shiyan/data3/labels/train/3866.txt,3866,190,0f420d9f8c106e196fb614789429be862edcf78060d5ddd707c94830321aa4d3,5,5,ok
train,shiyan/data3/labels/train/3867.txt,3867,76,9698ae88d240b51b3f97a75a8731190a3468fd9adc75d721547d0a70683b4ff9,2,2,ok
train,shiyan/data3/labels/train/3868.txt,3868,309,cc6739d8776ac7ded517f7758c105b32e3fcfbd03b585898cf91d317da3a9ea9,8,8,ok
train,shiyan/data3/labels/train/3869.txt,3869,351,bfcaf21fbb138490ef400d2afb7b52ae700ee96907b9f3ccccae639baec512be,9,9,ok
train,shiyan/data3/labels/train/3870.txt,3870,271,0f0578b5bba11cee676e4b74e711adcad88f3f88c435a547b964f64926cf6f03,7,7,ok
train,shiyan/data3/labels/train/3871.txt,3871,273,a26989da1d69fcc7d724f41fc74d9fee69b1f9311c00d9dcceadefa7e0134905,7,7,ok
train,shiyan/data3/labels/train/3872.txt,3872,190,61f734aaa1dca22e501c49d2c820d38b8b5433b37290d5d74d46599f59b4c0c3,5,5,ok
train,shiyan/data3/labels/train/3873.txt,3873,501,ca7fa76602ce43328fbfc3ee674bc735acff5fc9a13cd8cdee3b5f34626ad3fa,13,13,ok
train,shiyan/data3/labels/train/3874.txt,3874,273,c5995647f27e90bfd24aa6f1688b2d1982c8b021258c0ac991dcb3ef60850f29,7,7,ok
train,shiyan/data3/labels/train/3875.txt,3875,312,3c29dfb9bf14f63046e9dd0205aa0f9641b86a46b37551a36b041a1f35a18be5,8,8,ok
train,shiyan/data3/labels/train/3876.txt,3876,539,4f50fe57f1de0ce624ab1248a655302f5e39425c31ad53a5ced4e63aa1a2461a,14,14,ok
train,shiyan/data3/labels/train/3877.txt,3877,114,92986462494c8039a4ddc248dfec80da9a81279463b64135176e036cc1fa1ae8,3,3,ok
train,shiyan/data3/labels/train/3878.txt,3878,228,344d50a089420b24cfe95157d1c86261dfdb13cb7b8b64b8b26012b20b78e61f,6,6,ok
train,shiyan/data3/labels/train/3879.txt,3879,311,30061a3c84bee810ceebb14ed21073d4f1342b6c65f5a71cafbfc25c16aec2cc,8,8,ok
train,shiyan/data3/labels/train/3880.txt,3880,429,4573f98aba9bcd218101cf7a2b1713afd87a855c1e7d13066bcb830c095cbade,11,11,ok
train,shiyan/data3/labels/train/3881.txt,3881,349,c5fa6f13f06dca4fdc94beffb9c5a33b721b92660cbf224e0485c1336b9db16a,9,9,ok
train,shiyan/data3/labels/train/3882.txt,3882,388,bd73d36d6ac2e6e0f8c500a99e42c170f1fb46194707368abdc0d542d130af88,10,10,ok
train,shiyan/data3/labels/train/3883.txt,3883,195,d8c10a429616cc1629a0fa72dd4a8708e6aed84a142a994946ebacfff41cf197,5,5,ok
train,shiyan/data3/labels/train/3884.txt,3884,312,a6792a4dc74f770148eb038aab6006d5fdf784dde5db1629fb2cf74264c2550d,8,8,ok
train,shiyan/data3/labels/train/3885.txt,3885,114,a4ed2380ae4ac3b392cecf94ee7995ccd63c765ed29f88232e126ad9f80f1230,3,3,ok
train,shiyan/data3/labels/train/3886.txt,3886,195,0089bbd1c1d2a9471c9a41426e86244868e7f220a2335cfbaed24b853e3e0061,5,5,ok
train,shiyan/data3/labels/train/3887.txt,3887,351,bb4d0147d488c7bce48c2e8dd503733ff3e15ecb020bc8b0b727a5d29ecbf1a6,9,9,ok
train,shiyan/data3/labels/train/3888.txt,3888,156,81a98ab2ce0924a12ea422afe3ed2460d963cc4f69d439ff8b81406ab390f68d,4,4,ok
train,shiyan/data3/labels/train/3889.txt,3889,311,efd59ac9cce9f383d33da7a5c264288dd7ccbe388089e3afb436e7f26ba3b1d2,8,8,ok
train,shiyan/data3/labels/train/3890.txt,3890,351,2ac4cc70a564c8f8d13e85b08950c952c04884468522a27e57bfc8efbefc9aa0,9,9,ok
train,shiyan/data3/labels/train/3891.txt,3891,230,e3b750fc67b5aa4352ab92a7fe8e164a4ce50252349b2b2a64cf247a0f53837f,6,6,ok
train,shiyan/data3/labels/train/3892.txt,3892,156,747a338238804c4f7aaa8401ce72a5e274953442c7b52cce18072677bd5b5018,4,4,ok
train,shiyan/data3/labels/train/3893.txt,3893,156,01acfcad971fd1f8cdaa2726d223dfdbc5f608ea471bb93c06b4ead97533ed5e,4,4,ok
train,shiyan/data3/labels/train/3894.txt,3894,76,61922f41ff6c4f436d7dd1ba2fdd788e4c7d92fa780a8153325344b2d387d6d9,2,2,ok
train,shiyan/data3/labels/train/3895.txt,3895,312,6b5d9b74719ce5895105b3f04fa3b322411fb28cbb33bc7d35a17b891b4e9301,8,8,ok
train,shiyan/data3/labels/train/3896.txt,3896,76,5e3a3d9dec826f65db5067115f7a34c5624f63960c4e37c6accc6ada6d8453fa,2,2,ok
train,shiyan/data3/labels/train/3897.txt,3897,76,c2736ca8bc05c0f5c1cdbf1ef089faf92864606d815f6a2ed3aba228d5c2af2c,2,2,ok
train,shiyan/data3/labels/train/3898.txt,3898,76,ab5b2fa4cc84ae7e10e6882ec91471b601cfed746fa60948dc92ff529b6196b2,2,2,ok
train,shiyan/data3/labels/train/3899.txt,3899,76,2f29aa7766f582c0e3de7f3721284130028f2aaacc2f2717815f93eb5e6c97f5,2,2,ok
train,shiyan/data3/labels/train/3900.txt,3900,76,fb1d328ea1404959595f3cf2f119b954e02a5e260950d16e310ed1866c3ddd81,2,2,ok
train,shiyan/data3/labels/train/3901.txt,3901,76,0a01c33944acc2af5df1802ad1b0c55916a2e95ffe122cfa95d3680016a8e384,2,2,ok
train,shiyan/data3/labels/train/3902.txt,3902,234,654ba3457e45d9fd7d84d2347f80bc5e77108ddf13d3a6c5c14154a3e7dbfe52,6,6,ok
train,shiyan/data3/labels/train/3903.txt,3903,234,86c4d5f3700aed31aae0dfd3edcb833847a8b9e848ae23aabda9ff18ff497735,6,6,ok
train,shiyan/data3/labels/train/3904.txt,3904,234,05a509d7a75a68c3118f7d6d9431e02ad8dd81bb4ead9eaa6a4691e2fbe9f3e2,6,6,ok
train,shiyan/data3/labels/train/3905.txt,3905,1248,f78521dbd558564bd4ee65255f585c220cfac201cb8a12beeadef3d218064e2d,32,32,ok
train,shiyan/data3/labels/train/3906.txt,3906,546,82a4f07a8ebbe3ca6fea7f4f4d0d437034c62d82c21c9fa28ec4c4b7a7f0fea6,14,14,ok
train,shiyan/data3/labels/train/3907.txt,3907,429,6a88b6ec85c52bdfdcb5b6863f2043dfbfbceb5a167697d5240df3d46bb1160d,11,11,ok
train,shiyan/data3/labels/train/3908.txt,3908,76,d67cf99734db6381c07b40f38229228ccac6cd99302a9e93df7b40a350a1302b,2,2,ok
train,shiyan/data3/labels/train/3909.txt,3909,190,2c43c35f3cc8bad2520bd22dad0233e5410b2518cef88a4613b996a642132e53,5,5,ok
train,shiyan/data3/labels/train/3910.txt,3910,390,edffa6fe4c005a3adc169972d201df2dec5e3947a39a9d38b9b16070e3bcee64,10,10,ok
train,shiyan/data3/labels/train/3911.txt,3911,233,ada5de512f853393843934bc2a6b7ccdb543f35cfca45e10c324f82fb177b638,6,6,ok
train,shiyan/data3/labels/train/3912.txt,3912,78,c3b1283545fa2fa5fa647d6785831a9401156a60836ff9c224e31b7f148bf019,2,2,ok
train,shiyan/data3/labels/train/3913.txt,3913,194,3a56ae6c3cc2a4c9862b24070bdc0c30851eb773a798d62a5310f3f4711d2529,5,5,ok
train,shiyan/data3/labels/train/3914.txt,3914,156,5098eceb05ab5ef9144b2853ca337ea4f6696fc6af649f440b15450fe0cb46b4,4,4,ok
train,shiyan/data3/labels/train/3915.txt,3915,78,f77cb9fa2bae2754b888dcd3b389f7a2811f2f19b33587ca2e6851fcf57efbf8,2,2,ok
train,shiyan/data3/labels/train/3916.txt,3916,117,1b41e2e43909c879f6d7a7852ba23d8d86392f0ea49d372de3dddf964b46715f,3,3,ok
train,shiyan/data3/labels/train/3917.txt,3917,156,8bd3d9582b39b3279f08422cc51deb6df7c2fcdfa4120b3632c172d990d7e7e5,4,4,ok
train,shiyan/data3/labels/train/3918.txt,3918,194,8be148762f1458eab74d1b49e130a4f59ee02b18b8bfc4bf6ed2ec03047c4dcb,5,5,ok
train,shiyan/data3/labels/train/3919.txt,3919,312,368de47eec1f55e7e909715c8bc1b137aaeadd518f5dbca58ae56376bbf195d0,8,8,ok
train,shiyan/data3/labels/train/3920.txt,3920,117,773550059faf2114203b7f372c9ef45269c366ab8a4710f00629e1f5c33344de,3,3,ok
train,shiyan/data3/labels/train/3921.txt,3921,78,49892cc4b37762054e74f066d491ca32e1d908a93f8d7f81eb26bcb90baf4d67,2,2,ok
train,shiyan/data3/labels/train/3922.txt,3922,117,9112c3343b24317c0c64025392aad07bc8e35e1db3bd9ec6fdb3a06d7f2f29d1,3,3,ok
train,shiyan/data3/labels/train/3923.txt,3923,78,da0c1a1b15df9952522ae79843e37b63f3dece8b1c4fae0ab795f4891da02c58,2,2,ok
train,shiyan/data3/labels/train/3924.txt,3924,117,c1f06861848c58c33f3656f416b48c6e10210a2b4609d1b9cfcc7a7fe1b52527,3,3,ok
train,shiyan/data3/labels/train/3925.txt,3925,722,1ac9774104c769b90e6e5c3ed80dd9e9e24de99977562bdf393f0acb2a7bbee9,19,19,ok
train,shiyan/data3/labels/train/3926.txt,3926,78,c7e47e23d79ce360e80ccc32c18d8298d22c54d10b95889425b7c299fd912b1c,2,2,ok
train,shiyan/data3/labels/train/3927.txt,3927,429,971d05a0af12979561f6aeb88518be47b066cfa1cdb619e41c0e85c7b414bee4,11,11,ok
train,shiyan/data3/labels/train/3928.txt,3928,273,77dfdb9d77cfe6235b6f3f95d0d9755531810edd99752c8945eecf6754fa8f40,7,7,ok
train,shiyan/data3/labels/train/3929.txt,3929,190,3b6a4933eb4efdb5af4e3556aaf37d2222e80d383a6ba2c8a1d032280ae0f4bb,5,5,ok
train,shiyan/data3/labels/train/3930.txt,3930,78,5a19304faee45eac0cce23d4f8196c5aeff40612d5dcfa103b51b95c0e2911bd,2,2,ok
train,shiyan/data3/labels/train/3931.txt,3931,78,c88f811ac8765cc96df1285827c177441c4a332033367e2d151447c4ea822a6f,2,2,ok
train,shiyan/data3/labels/train/3932.txt,3932,195,f9cd5801d91de534e082977fd72e8719c8a8e3fcb50edd68d09e7702888278bc,5,5,ok
train,shiyan/data3/labels/train/3933.txt,3933,312,c054646b803dac2b8994082a1f88d4e0e3f1ac80efdf3f4d82c11c27568e5591,8,8,ok
train,shiyan/data3/labels/train/3934.txt,3934,819,c451589ef235839ee25743b4592cd0deef882ecede6a3bde774ebd3b1f12f881,21,21,ok
train,shiyan/data3/labels/train/3935.txt,3935,663,5254fb4afaa7d5765b7ac93ca78ac641d7509c893a763dc2ec75ba0dd02a04f4,17,17,ok
train,shiyan/data3/labels/train/3936.txt,3936,156,229c73f5f64d62c52a958adbc3b5d3d1c30c5430bb831be91356795183d82a52,4,4,ok
train,shiyan/data3/labels/train/3937.txt,3937,152,12d8fe1f9a021b2dfb8f89278a362f644351de23ceba5b46b59ff144c230e885,4,4,ok
train,shiyan/data3/labels/train/3938.txt,3938,152,da26566ccad1a75a25b22fba74be263f55997b1371c40c3dae1ba2fcfc7dad00,4,4,ok
train,shiyan/data3/labels/train/3939.txt,3939,152,f08af17eadd7e531e7588ed90818db3c38ae37c8fdee12f5a08cb40796b203ff,4,4,ok
train,shiyan/data3/labels/train/3940.txt,3940,76,e8cf8694057611f58c1406ee05c0f7fd3c9664ef80713927237440fddfbd00bc,2,2,ok
train,shiyan/data3/labels/train/3941.txt,3941,234,aa1e2b9bbf53dcdb57b0d44a4071768090a740707ad1b21d902d0808e71b6972,6,6,ok
train,shiyan/data3/labels/train/3942.txt,3942,152,c0f4166af06973f4fa33de349e0a28037810bcfeb8b145068b761b4b18ce262c,4,4,ok
train,shiyan/data3/labels/train/3943.txt,3943,228,7a660b6aef3afd2823d98fdb3beec78287cfb344231f0b3549115599166d96f6,6,6,ok
train,shiyan/data3/labels/train/3944.txt,3944,234,7bbd4e58ed7e0f8d495c4fd32796612311c0d34ec0b4c1dfcc56dda84e0abcc2,6,6,ok
train,shiyan/data3/labels/train/3945.txt,3945,234,2bc45738a6bf46c501750f271116ae162bd4974a6b0fa127fc4c240e4f439425,6,6,ok
train,shiyan/data3/labels/train/3946.txt,3946,234,7fbd46e16ea2cad907476991007f79904e2b7b023bc8648a31949414847b6710,6,6,ok
train,shiyan/data3/labels/train/3947.txt,3947,234,1d4c6b253a5fe59e0ba921f20ede7c47d652095548d455ad759244c8b233fd07,6,6,ok
train,shiyan/data3/labels/train/3948.txt,3948,234,96ddb084bfb4ec81a28a356fa789a9b729676d94a1754813b0e0be685a9855c5,6,6,ok
train,shiyan/data3/labels/train/3949.txt,3949,234,606eb8babe322d2387f9e73a59374393d23964dab437854577c2ff0f2c7a132c,6,6,ok
train,shiyan/data3/labels/train/3950.txt,3950,312,329f9b8b4f849cc7021eed98c3592d4e764f03f4f0512c3de0a98d2e75674623,8,8,ok
train,shiyan/data3/labels/train/3951.txt,3951,114,11d035279bdf40be3f639a18442d4b7a36ac0d5171e0989b4a7dc08ac0baac84,3,3,ok
train,shiyan/data3/labels/train/3952.txt,3952,193,edbc77ef89dae3de1cb3dcf57a1777d7cb5746c55ecbed4c1c1809094182a50d,5,5,ok
train,shiyan/data3/labels/train/3953.txt,3953,423,6d8881f7e3a4f0a4e73646ef474399fd516f9ba481d5938bc772e75d764b47c5,11,11,ok
train,shiyan/data3/labels/train/3954.txt,3954,346,2287d21bc65a58f042f49a598f113aca14559e3db1a2c7ce4f896bf0e5060853,9,9,ok
train,shiyan/data3/labels/train/3955.txt,3955,384,abfd48e3e33898f9a629a91ae27bd9e3923a260f66df31d5cb58b0b8b8c6b5cb,10,10,ok
train,shiyan/data3/labels/train/3956.txt,3956,423,0ea0729efc7ff6f0741fbfe12962edb9dd962e492ae250af8c5b639836a6fc75,11,11,ok
train,shiyan/data3/labels/train/3957.txt,3957,267,388e7007a18b50d25e7532fc7499e7a3c0ab7148becf49b2e6f706cd2b22f6fe,7,7,ok
train,shiyan/data3/labels/train/3958.txt,3958,193,466697008ea64521562ee973bea82a9dd23202465e37eb8da96f1fa16d4280c9,5,5,ok
train,shiyan/data3/labels/train/3959.txt,3959,234,c7b102e81c3a27eae9613064e396ce1c0775019268a62b635ebfc23fa88b7994,6,6,ok
train,shiyan/data3/labels/train/3960.txt,3960,269,a1553bdab709d0a785eed48e19be4a1a6b21b2b88843ee86b4ae37c623b72cae,7,7,ok
train,shiyan/data3/labels/train/3961.txt,3961,271,6ca69391df0e734b2b7baba6e612bf5089efc2ddc812683aff4f501400ab452d,7,7,ok
train,shiyan/data3/labels/train/3962.txt,3962,192,0c62afa239e6522f60d837e5ac0af955bd137d6853d8c7572694c647f4de3f86,5,5,ok
train,shiyan/data3/labels/train/3963.txt,3963,194,1760f7fe780eab54aede1509dd7ef1e3caccd880684d4956b5a74212c99d460c,5,5,ok
train,shiyan/data3/labels/train/3964.txt,3964,156,694b24d86c8400171190eb42e5d277aa254a7489a3a5d788384e77e4f824ecc4,4,4,ok
train,shiyan/data3/labels/train/3965.txt,3965,228,68a5da0af7eb7127d76877b8cd80e1ce410a6ac86bfcd4baa9f08270e2f17fa7,6,6,ok
train,shiyan/data3/labels/train/3966.txt,3966,193,290a533625ceb48e5fef11c5699503e105a4e2e63514853ca26dfa31e79c7097,5,5,ok
train,shiyan/data3/labels/train/3967.txt,3967,117,7508e152d4e2bcb94a49089f4d36bbb2007113b85b2b082910796b8807c97e6e,3,3,ok
train,shiyan/data3/labels/train/3968.txt,3968,228,3d72def4f1bd2d0e6e9d460c4135571ff9a0d0cadfe55d715a56d46bd081705f,6,6,ok
train,shiyan/data3/labels/train/3969.txt,3969,429,6e44521f16a4359d06316d9610406eb2e15571d8701147324d5cd95146a90c54,11,11,ok
train,shiyan/data3/labels/train/3970.txt,3970,234,bdbdb3fb6f7f3f10113d08afa511bbf1fdb6650682731a1bd6827923fd13318a,6,6,ok
train,shiyan/data3/labels/train/3971.txt,3971,156,ba82cfdd80952f1dfb30803076409dc31d0e7f6d6063eed49b95e591b84e4b09,4,4,ok
train,shiyan/data3/labels/train/3972.txt,3972,39,e194d975b6a4c680b930c957b838507acb168f0b64dae34fd0ab2602c22fd9cb,1,1,ok
train,shiyan/data3/labels/train/3973.txt,3973,195,556c69cde76988d8ad5a488aef5f2f2530ddf5a031a32c0bf9e4a0e809248024,5,5,ok
train,shiyan/data3/labels/train/3974.txt,3974,195,e564a1d24caab55bb571463bc62a26692fccdcb8a73539affb9722c58604d063,5,5,ok
train,shiyan/data3/labels/train/3975.txt,3975,273,63eed05a30add7076aa4725d07b2239e5404dcc6463ab1fd673656816696d619,7,7,ok
train,shiyan/data3/labels/train/3976.txt,3976,156,d74659aa79708a50dd88092c2c198135b4b2342adb73304ac6193fc4344b6e8e,4,4,ok
train,shiyan/data3/labels/train/3977.txt,3977,195,1b4dcc1092a1bc730714946fc011d95d0fe225f0622b09ebd23ba120b9a81ff0,5,5,ok
train,shiyan/data3/labels/train/3978.txt,3978,349,cffbb633cf0d66265c152020d497fba169cf860647e01a1659cead02a2431f04,9,9,ok
train,shiyan/data3/labels/train/3979.txt,3979,234,8e53a0a8c7f4bb452f883095c40dc6e9230c80bfb336dbce5b41f40129fbe223,6,6,ok
train,shiyan/data3/labels/train/3980.txt,3980,234,a738c6243889cbf4e832db7a2ca9a5a1f6518c7768cd829e8d3a7254539bcf7a,6,6,ok
train,shiyan/data3/labels/train/3981.txt,3981,269,f1e4039d8668a8c7ca95485c51017aa61b5ce3da8e510bbd1aca9fad5745c203,7,7,ok
train,shiyan/data3/labels/train/3982.txt,3982,76,abb7d2148cad35175d743cafcb393f2d3cf5e4ff32212eb7a6e830cc4d18dfd7,2,2,ok
train,shiyan/data3/labels/train/3983.txt,3983,156,c452303270e47c7c6c9e423f708cb0c02ba2d7c29c31e4b2823b10fe83000a17,4,4,ok
train,shiyan/data3/labels/train/3984.txt,3984,76,96cb2c734e798b42d9f2e57d1904fa0183772e17ea3ce772f08468851538e742,2,2,ok
train,shiyan/data3/labels/train/3985.txt,3985,153,17c2405cffa214011592663ec779c3ab1b1de298952128b51e5537ba4271c082,4,4,ok
train,shiyan/data3/labels/train/3986.txt,3986,273,484b06f32100aa4728e74774f042a5981a5142ce0f3952608a4fc40d71df2acb,7,7,ok
train,shiyan/data3/labels/train/3987.txt,3987,114,96d0586ace8df28a227c28150beb870c83f58cb9c4e3639aee4f2b568a8da51c,3,3,ok
train,shiyan/data3/labels/train/3988.txt,3988,305,5ed696c66b604ee982acd819fbe32c8dae0ef5dbaf3c209f1796d35b2839f022,8,8,ok
train,shiyan/data3/labels/train/3989.txt,3989,312,4ed870fd977ae97db6efeba14f211003a8bf75908776b63b7f1b5aed5ab4edfe,8,8,ok
train,shiyan/data3/labels/train/3990.txt,3990,114,8734d72b5e0f51144ea64257da692b15897740ef8514e9f44d94e73ad516a3eb,3,3,ok
train,shiyan/data3/labels/train/3991.txt,3991,312,8e631eaf731b532c5b15cdec8bc6e4382e1c0373549396685684abbb5675a46b,8,8,ok
train,shiyan/data3/labels/train/3992.txt,3992,78,5cb27fcf10b317b83593b546301b83a8d7193c9b614ae871a3d1af2f730b1ac4,2,2,ok
train,shiyan/data3/labels/train/3993.txt,3993,78,df86d8e14e8bb0746393928411b7ff439257cc73ab89ca077804782f3245c47a,2,2,ok
train,shiyan/data3/labels/train/3994.txt,3994,267,6be9fc0ca2f1064ad4278047836524528e7ef7b8a1c5b2bed98afff63a5f1b14,7,7,ok
train,shiyan/data3/labels/train/3995.txt,3995,234,96bdb325d780a7108be7cda196617a62773a668379e1943f5afe875e2df095ed,6,6,ok
train,shiyan/data3/labels/train/3996.txt,3996,273,07c15a9b478eaf3a3a726677dfe24268cb7f3f06a9906c0884154dd8ef0bc795,7,7,ok
train,shiyan/data3/labels/train/3997.txt,3997,152,a46bf242cf95c17629a09729b4df0a43fa283c8762f9e5b5c6c3589085ce3d84,4,4,ok
train,shiyan/data3/labels/train/3998.txt,3998,195,b8197f3a462ad3ff270eec34910a18fd18f07c643ec5206a805c390b2732472b,5,5,ok
train,shiyan/data3/labels/train/3999.txt,3999,234,24a433e71bbad587edae0a42c79b3046c71153c450c19eb2291ae763515aa0e2,6,6,ok
train,shiyan/data3/labels/train/4000.txt,4000,156,bf80607cc2c57b11b1eb25a3091947ef89cd8ef0f534740d142cc229e53ad68f,4,4,ok
train,shiyan/data3/labels/train/4001.txt,4001,312,2b100d87f3a03875a125454b8badb403dafa863d34f6d81899b8ad0748b5a2f7,8,8,ok
train,shiyan/data3/labels/train/4002.txt,4002,114,50bd6cc3cf86cd71a65e64dd06a49e2b77b21350283aaf437c96fb61256ef22f,3,3,ok
train,shiyan/data3/labels/train/4003.txt,4003,234,90d4666bfa1b6d4eeddbd919d29806c74334b9846b902dbd2c79f36c30c9c3ee,6,6,ok
train,shiyan/data3/labels/train/4004.txt,4004,195,a5b1ed0eb4a8a3a6ddc1af35266c5bfdc8aa58727011ea60bf23dacddd5ef4d6,5,5,ok
train,shiyan/data3/labels/train/4005.txt,4005,234,6429a97a6894088ea85760a4a900e04d6956afa07550a68095dbd4f4755dde33,6,6,ok
train,shiyan/data3/labels/train/4006.txt,4006,342,535124827d2f8e3ac8d90c7b666ae66ebc0b07b37a81fbea1845b212e4dcd0d8,9,9,ok
train,shiyan/data3/labels/train/4007.txt,4007,304,c5bee84dcc776c52345f2af4b845742d642e72ab1da934028b0580a4eabb4f09,8,8,ok
train,shiyan/data3/labels/train/4008.txt,4008,342,8a693d1022697debb1fc3fbd628413471d4a53be606cfce0408b220f8cb9ad17,9,9,ok
train,shiyan/data3/labels/train/4009.txt,4009,152,07e0ef135eec279872d0298657f080da441d2b759b2aa589dac49a8eb38c1c01,4,4,ok
train,shiyan/data3/labels/train/4010.txt,4010,190,afaecc807efcf4ea3bfa5ba514429d7a4be88b8dbe14d1145305989199119686,5,5,ok
train,shiyan/data3/labels/train/4011.txt,4011,234,284e9ed67913fcf846a6108390846daf5ae92b722dc7bc9b2f906421d81db31b,6,6,ok
train,shiyan/data3/labels/train/4012.txt,4012,494,11662e307b04fc6a59959c8c1b59ec8530c6c010aaf8afe4c5df7b9d23d8a26e,13,13,ok
train,shiyan/data3/labels/train/4013.txt,4013,272,cced675834a15fe5d343aa971123a79dd8d456da9f85c453e75d6c9f3a77184e,7,7,ok
train,shiyan/data3/labels/train/4014.txt,4014,192,8cf643530d35097f86951d118e37aa4be7ba16257e22a7ff2fa1a72abb510903,5,5,ok
train,shiyan/data3/labels/train/4015.txt,4015,267,aa0ce12e05ef86707a55d23a627503433c86d8e444dc9f4e1b6a09b42f333c16,7,7,ok
train,shiyan/data3/labels/train/4016.txt,4016,311,44989aeb64841fc0ea28d0aecb856041c58af2706d57337468d20b7b6916ee0c,8,8,ok
train,shiyan/data3/labels/train/4017.txt,4017,154,be5dda9e572b4b95cc436d7b2bd8432026cb65f3f7f4486787018d499248fbea,4,4,ok
train,shiyan/data3/labels/train/4018.txt,4018,194,51723c99ebebd50a41a622dafc81c9c3badf1da84345f3977368bbb12b3f50ca,5,5,ok
train,shiyan/data3/labels/train/4019.txt,4019,192,084b2c1e570a46de1c8be4b6f6c64c46437ec828ce131e1aa310fccffbcfef57,5,5,ok
train,shiyan/data3/labels/train/4020.txt,4020,389,d0a8bd85e17f11a5b53e390a8cef423a84b05de328cb89801cb5ee047a5602a5,10,10,ok
train,shiyan/data3/labels/train/4021.txt,4021,468,7bc8945dd48e33abed5e46bb10fa63fef73ce510ce3465fc2ab7a3bc78a33160,12,12,ok
train,shiyan/data3/labels/train/4022.txt,4022,312,95b8c8d377a400ade2cdd66b1955e76d94aa51f8ce4b83320875d1a531278a04,8,8,ok
train,shiyan/data3/labels/train/4023.txt,4023,152,55755af34aa92ea2cdf1ea43aaf46406bdbaf0cc249b5832b8b5e7f1b081f91b,4,4,ok
train,shiyan/data3/labels/train/4024.txt,4024,234,f7f02be31506e03f2f91666b3788f8a09ab650853a687692ce9b192579d39c13,6,6,ok
train,shiyan/data3/labels/train/4025.txt,4025,390,8247a697806931fe09389a6db4109a3efc5f4e24c920d62eff4f95fb138d6162,10,10,ok
train,shiyan/data3/labels/train/4026.txt,4026,312,f1bd89afc17736fa26e4e839c2d26d024590ef318ab1a8f0ebe538611572749c,8,8,ok
train,shiyan/data3/labels/train/4027.txt,4027,798,e6b07efc92cf242efa5b2ec0be90e1f3faf29d784397c35c82a27d266743e3d4,21,21,ok
train,shiyan/data3/labels/train/4028.txt,4028,390,33f8b71f4bd5b946f7ed13c8b97bce0dc54ba16cc164045994de7643bdbefe21,10,10,ok
train,shiyan/data3/labels/train/4029.txt,4029,429,15e93e90c0fdc91005043cad480d7660105088ad8212237babb3765d3dcdd01e,11,11,ok
train,shiyan/data3/labels/train/4030.txt,4030,351,6bfe4b2dd9ad826b6d6e4fcf09e1f442394b74cc369674203ab93359b83763ff,9,9,ok
train,shiyan/data3/labels/train/4031.txt,4031,234,50cb521c50aab02a4a81bb18935ab6ea425a948e80fb20ad809d23a90aa9c994,6,6,ok
train,shiyan/data3/labels/train/4032.txt,4032,234,dcb8cf1a2c9394eb4868cade3598ec68576ad2f88d07915202972c5e5b1c34f0,6,6,ok
train,shiyan/data3/labels/train/4033.txt,4033,273,1d3b71722faa94bf07ff6a0f8ebe6fd16afc45df7b1a8200f276d794675b0d1a,7,7,ok
train,shiyan/data3/labels/train/4034.txt,4034,390,944cca4e6f4e4a3422028f7b64a15ce7014360d72427454f7b945b7fdb4c6d02,10,10,ok
train,shiyan/data3/labels/train/4035.txt,4035,114,03c55d11ae83f157a3121b1ecca147a9ffc47cf980e23476cedcc17f8b28a48b,3,3,ok
train,shiyan/data3/labels/train/4036.txt,4036,347,b46e393c13ae76fb1c9332207007013f6e9c870495f804214c8e96ab717da738,9,9,ok
train,shiyan/data3/labels/train/4037.txt,4037,39,6164e902cf62e603d803a0bd64459aa47c1ad7e601bb8b8583c9e293960e9616,1,1,ok
train,shiyan/data3/labels/train/4038.txt,4038,39,547bea7f12a94b0339c607982086afb5f344f2e61f26e65cab41e68bc4f6c1a5,1,1,ok
train,shiyan/data3/labels/train/4039.txt,4039,390,dc1cb27b3983030102754ed8393f80ce80054f4f272b91d8bcf5ce4c20051a8c,10,10,ok
train,shiyan/data3/labels/train/4040.txt,4040,117,38977aa9856e55c416bdff5b61c30ba858fbaf8d2318094c48ddf3b6af0d1e3b,3,3,ok
train,shiyan/data3/labels/train/4041.txt,4041,39,acaa3a9e7f1899f35c0a8f11161ec1af7d880ba98b47c47b57e469b93dfe9084,1,1,ok
train,shiyan/data3/labels/train/4042.txt,4042,228,c444563147e4f769080afbfc57a93758e5221645961d8da4da36d82e909db964,6,6,ok
train,shiyan/data3/labels/train/4043.txt,4043,304,f1725395beea2041b4def332596541e2b319e5cccc4d055d1f011ae169a4a2f2,8,8,ok
train,shiyan/data3/labels/train/4044.txt,4044,234,cff5f54d6c0d6315f5399da471940f03e95fe225fdea764fe9dabc8df9bc3664,6,6,ok
train,shiyan/data3/labels/train/4045.txt,4045,273,b7616673e1f8d6691e0bb6680a2c7865502d809336e9fb4603d2998beb7ddffc,7,7,ok
train,shiyan/data3/labels/train/4046.txt,4046,266,3b3870a8619a3f135f48cb183bfaad255e51717f111ca2c0b771ddef6e67e8ee,7,7,ok
train,shiyan/data3/labels/train/4047.txt,4047,114,42252c93671bc189e1d1a54077c0c8ce01e583fe6ba7cc0cfacdf6ab46339099,3,3,ok
train,shiyan/data3/labels/train/4048.txt,4048,342,ab31db39590cd07049c79d1dc914ec3cf64fcddfeb5ab2bc67dd33d3bc6092b2,9,9,ok
train,shiyan/data3/labels/train/4049.txt,4049,155,d7d09b4c5ad74d9e9b72130492d7fee7c71ddde9ee6a9cf92ec8a1f271f00ac8,4,4,ok
train,shiyan/data3/labels/train/4050.txt,4050,76,f5d0dbee23dd4c392c54ceab25d9ae6e721ad9be25644e20dc4a8d8cdcc93b69,2,2,ok
train,shiyan/data3/labels/train/4051.txt,4051,304,2c7f9d5dfa85fb3eb93038e39cf998aaf4dbc1745630a9d8daa3ef444d6c85fe,8,8,ok
train,shiyan/data3/labels/train/4052.txt,4052,114,ddb239f8c233ab1e904409786ec385999cb09992f5f4318ecf8de96a788f893e,3,3,ok
train,shiyan/data3/labels/train/4053.txt,4053,78,ceaa18f59804c959d843eb25022c7c0a1b653bc2a78e3b5ff2836a1be247973e,2,2,ok
train,shiyan/data3/labels/train/4054.txt,4054,76,f26278f3f00514e0bac768b53c4564346a1d92eaf6b6bdf84dd396c9caede0ca,2,2,ok
train,shiyan/data3/labels/train/4055.txt,4055,266,789f7daaa510dd32100770f93cbb0d58ec3827a9bf5c46a44f34e2094a7282ad,7,7,ok
train,shiyan/data3/labels/train/4056.txt,4056,114,c007f1db079851c3318210c2c02265e6d4838eb3596fb4d1b015aa7f8f6c800e,3,3,ok
train,shiyan/data3/labels/train/4057.txt,4057,266,b30945ce2909a77238765765b7b1e5a9026d70c0384749075fe05861b351a1ad,7,7,ok
train,shiyan/data3/labels/train/4058.txt,4058,419,984a8acb72060a51fe432b79d8cd2b51b59e2865ed60cc0b4e48fb4fa61ce734,11,11,ok
train,shiyan/data3/labels/train/4059.txt,4059,420,49d588475c574d020844c61af6ce1b622d611124d6b4650bdc4421bb5bbbfb16,11,11,ok
train,shiyan/data3/labels/train/4060.txt,4060,39,548d98fa5f8005ec7dddc144c7ea932af4b8d5dde092d8c414129df3e0adb743,1,1,ok
train,shiyan/data3/labels/train/4061.txt,4061,117,bd1f07693bb069f2b0ff13811134bcb94661608409add80f2409c970816ede03,3,3,ok
train,shiyan/data3/labels/train/4062.txt,4062,342,002d3fae1589ee18526e12f01a60eb534c2d91c68ec1b23bb5de142f050eb853,9,9,ok
train,shiyan/data3/labels/train/4063.txt,4063,117,25e5aa503dd7bedb521f7958af46506a508e0d7460fd124f808e06e2862c2338,3,3,ok
train,shiyan/data3/labels/train/4064.txt,4064,193,d40b93659f764ab27ba33c11c0f7948e873d960ea49bf5fcf29a344ec31f651a,5,5,ok
train,shiyan/data3/labels/train/4065.txt,4065,228,7837ae7414901051cad061018d844e5d8fc177f7be795b5443ce03f186a82367,6,6,ok
train,shiyan/data3/labels/train/4066.txt,4066,114,b38d6911c10e8c3806701f9ef9759521a56dcba28c3df74c1f165b6a0cf6d50b,3,3,ok
train,shiyan/data3/labels/train/4067.txt,4067,76,59838b3677f72700cbcecd1c9f71c5c72d58c87ccfdcca9fa34641c8a61fb1df,2,2,ok
train,shiyan/data3/labels/train/4068.txt,4068,273,9b556e83dc48e88e4cd76d749725c7e666cf533c148c63bd282ae11f41389467,7,7,ok
train,shiyan/data3/labels/train/4069.txt,4069,380,5548af6d902208e038f93dd57c8848d8cbe27120c70cdf5b135b8bb586b9f9d8,10,10,ok
train,shiyan/data3/labels/train/4070.txt,4070,195,a2d6ea82f9308b1b22d809538e9adfc0d44777c464b4befe626e89571be57c24,5,5,ok
train,shiyan/data3/labels/train/4071.txt,4071,195,6468a13cf3950bf46f8e9d7dc7ae0a15d4686bb4092fc11c962bef30ca6f72b3,5,5,ok
train,shiyan/data3/labels/train/4072.txt,4072,190,36b18fbf9af52674fd9e478c186fd2e0bee368b5f5baecfa6181608c5ad74481,5,5,ok
train,shiyan/data3/labels/train/4073.txt,4073,195,3c1b9bbca3aea89b73f8bf371e639a98689066277601b39aed5b46d30dceb3eb,5,5,ok
train,shiyan/data3/labels/train/4074.txt,4074,234,eb5fd28851da0cd6c9475665e4dd967b7a3fc7355ee0fe7305c668cad89e84ef,6,6,ok
train,shiyan/data3/labels/train/4075.txt,4075,190,b8f583f52989f7bee2c2f2e2fec16089c58711d32aca747f7402f213fa82c0c1,5,5,ok
train,shiyan/data3/labels/train/4076.txt,4076,228,66b069f7572c01a840b1f860add2159aa48fc86a4e70dd2ce58b389ef2908f5a,6,6,ok
train,shiyan/data3/labels/train/4077.txt,4077,76,2397cc35b2d823bffff3b9ac4a59a7cf1db0ea949fa43ab11509bb0033a94b90,2,2,ok
train,shiyan/data3/labels/train/4078.txt,4078,195,d904e8e97ccb68fb69a4fd7c6e7875fa561521ba4d8270c06ace556d5544fe79,5,5,ok
train,shiyan/data3/labels/train/4079.txt,4079,156,8019923e148c26a8b77737974af84bbd6455fd46edfa91d583dd6e80196fb4b0,4,4,ok
train,shiyan/data3/labels/train/4080.txt,4080,78,e18db386f454e1068b39df2117f27d363ee3afe64c8c8c0b36ef75f6bf8e3f75,2,2,ok
train,shiyan/data3/labels/train/4081.txt,4081,266,1c62fe899b78f0c30fa65e936d122e46c1fb7f713ebf551366ee57e5256033f5,7,7,ok
train,shiyan/data3/labels/train/4082.txt,4082,351,3959f2066d5adaa2549f61a296b094e05e421eebe0cc070e46e7d3c7f811b6c5,9,9,ok
train,shiyan/data3/labels/train/4083.txt,4083,228,48bf6f05625329f1fb1a8dea2029f09814c4094b713a9d0801e236d572994a92,6,6,ok
train,shiyan/data3/labels/train/4084.txt,4084,234,20be10cd7ddb1a8a6d9977b0aa153ade57fa637481f7d8857b0b77ffba12a540,6,6,ok
train,shiyan/data3/labels/train/4085.txt,4085,117,4483571be7c06294fa0b60daf37af3af096ef734673ba0cdb9b37640e59b5188,3,3,ok
train,shiyan/data3/labels/train/4086.txt,4086,117,2b2cfd315d2ed3e3ee221c7cb4714680cd9cfac40d6e3243fe48cdd5a7ef23e4,3,3,ok
train,shiyan/data3/labels/train/4087.txt,4087,350,837ed0aa891a2275b4a5f4b31b61548a09d74f4f7e3e8da75f0f3148b9a4b7b2,9,9,ok
train,shiyan/data3/labels/train/4088.txt,4088,457,40fa6be7b23a1ea5ab9b7394bde9cee1deb5cc77ba7943819b7b31c2456c4164,12,12,ok
train,shiyan/data3/labels/train/4089.txt,4089,228,7b32cf1674a0eb250386ad13fe613a2db50e28d0336478e132d275a2f451ea5c,6,6,ok
train,shiyan/data3/labels/train/4090.txt,4090,266,27aae7842dc0611674fa452aed67b068685b3459ba444b4aad401cc617b9591b,7,7,ok
train,shiyan/data3/labels/train/4091.txt,4091,195,8b4d7fc3c44144f1677f3d2605f7bd4ccaa365b9e4d5f71eb9a8b099b8651fd2,5,5,ok
train,shiyan/data3/labels/train/4092.txt,4092,228,f0178ba9c7cf131c25e9f456dbe4052aaf4b5169d1df116028276ac3980c13d7,6,6,ok
train,shiyan/data3/labels/train/4093.txt,4093,152,313e2ead16c02f060ccb7540f25d2e876684e999ee1c4d693a8f5413982d1d31,4,4,ok
train,shiyan/data3/labels/train/4094.txt,4094,114,b11b8f4658727502a8e52bf349e2668c1aac13b8148f4c0510638a6c470eec0e,3,3,ok
train,shiyan/data3/labels/train/4095.txt,4095,304,4c69b0857811a1bbc214c6c5418bd822e99c404d8a0998a44544ee31693bc8f1,8,8,ok
train,shiyan/data3/labels/train/4096.txt,4096,234,aaaeedd84322dec890fb1daf5085933bcb94a462aec881489539bae64052fa7f,6,6,ok
train,shiyan/data3/labels/train/4097.txt,4097,228,bbff3109bb35ea358ea29f75add32a8a68156901c32cfd290bfe53caf7f0cc65,6,6,ok
train,shiyan/data3/labels/train/4098.txt,4098,76,e6de1465ca04d6f8b119ddbda1db62182ae69c2f687a8db2ecbe606f5e1b2848,2,2,ok
train,shiyan/data3/labels/train/4099.txt,4099,266,6f691f079951a11f3d527384949cd486af9ac24741247d93f1e1f48f6519e797,7,7,ok
train,shiyan/data3/labels/train/4100.txt,4100,228,4f6cec50d13156068253c6f04b55ffc139f6addb1c40f03fce1f21dc30c2ffb8,6,6,ok
train,shiyan/data3/labels/train/4101.txt,4101,273,1f6ac43eac509af206507530ba2be821f58b7e91659151c8379e1a45563534cd,7,7,ok
train,shiyan/data3/labels/train/4102.txt,4102,507,a3f9262eac9d2c544d7086d72c5c33c291c6f971b2e2c34844d6495ab451a6df,13,13,ok
train,shiyan/data3/labels/train/4103.txt,4103,117,7b4e598832df9d91cd75a21862db9655efd410f5be8d6268eee4afcc75fc77c6,3,3,ok
train,shiyan/data3/labels/train/4104.txt,4104,78,f01a9feac3dbfb326dcca3d8c080628fa00058d9fda84c75047df584aed80267,2,2,ok
train,shiyan/data3/labels/train/4105.txt,4105,342,2223339ca405d29f31cbb75ab23d457f83e465fab9a2ad966e7fac10293a7aaa,9,9,ok
train,shiyan/data3/labels/train/4106.txt,4106,266,9b35b2cadfacbcfbab3e1243426dad0ef76cf2afa8cbf2a7bcbb787c784f89ab,7,7,ok
train,shiyan/data3/labels/train/4107.txt,4107,228,37cfb4688fac9b9d615916624c67f3145c735cc05941455d545d71e50d791eda,6,6,ok
train,shiyan/data3/labels/train/4108.txt,4108,152,4ca064fea9a41f71cce11a5dfd40c7054d56cbcd1bc0596502423d98842ed933,4,4,ok
train,shiyan/data3/labels/train/4109.txt,4109,114,ecc8cf30e201671e6735bfd8509487e055b656834a1d00ad7e3dc179b53bd107,3,3,ok
train,shiyan/data3/labels/train/4110.txt,4110,380,7307e2572f11d461d94a43c8162505045500c91d2f6751fd56d6ffa93582225b,10,10,ok
train,shiyan/data3/labels/train/4111.txt,4111,266,cdd5e8c12dbe184e80d96c9cae9f062970ab7d2751053c6416cc9faa49f0223c,7,7,ok
train,shiyan/data3/labels/train/4112.txt,4112,190,f75cb4e07b7f06fd56fe926e1f58ea59318d231fea1eb98987e2e8d153a5535a,5,5,ok
train,shiyan/data3/labels/train/4113.txt,4113,114,3fc6e0bdce4f9e468d448ee2d2183a6f9448329e99fdc474e3aca62f07930a43,3,3,ok
train,shiyan/data3/labels/train/4114.txt,4114,76,cab80ae7a2a5bd55cdb1411d01f33ca4c9d854733b0bb2cddaf4aa68451703fb,2,2,ok
train,shiyan/data3/labels/train/4115.txt,4115,190,9056ff4078372d2841260ecf2146acf49f7e8ecbe6f331ff62c9c8e7a1804171,5,5,ok
train,shiyan/data3/labels/train/4116.txt,4116,608,4ca8d0c6e90b9acbf8bec10b5ef0813df59b555dfcad838d75615155654c1a8b,16,16,ok
train,shiyan/data3/labels/train/4117.txt,4117,190,242124602af5c9c0985ecb392c1016ce60d9fc756a6593455ab58db0f8303475,5,5,ok
train,shiyan/data3/labels/train/4118.txt,4118,152,dd926e4fdb0ab0f3edfddc120c1e0e8422cb383fc6bafc0bb4d29e385ae13d4b,4,4,ok
train,shiyan/data3/labels/train/4119.txt,4119,342,089d11e2ede4921df9a70fdf464530d918771641e4b33a44c4f53ce21c919ff7,9,9,ok
train,shiyan/data3/labels/train/4120.txt,4120,152,0526fc76bb39414952f3749a85e9887f5d9629cc9b6366fcac1ceb590d434621,4,4,ok
train,shiyan/data3/labels/train/4121.txt,4121,190,e80c9fd72da117d7a90d6f330734696039c40d8fcea7d6cddbea7a6d7e1ccdf6,5,5,ok
train,shiyan/data3/labels/train/4122.txt,4122,228,69d8d7bf6a861800d7801a6515daa40a29f7c03499456614e5a21828d15e1a83,6,6,ok
train,shiyan/data3/labels/train/4123.txt,4123,152,8798fe4a4d77d7923a110799ec4419f19b0e61b33f90c12245b3f9f23b45657b,4,4,ok
train,shiyan/data3/labels/train/4124.txt,4124,190,0b981c33cb6e6aa25d78945b67a487fa76347e116f39fd6ac627e6bd5c36c6b8,5,5,ok
train,shiyan/data3/labels/train/4125.txt,4125,494,2fdee4ebaf660ecd36edc6ee34fe805449e1b062a0a9db5ff4128a9d0ea7615b,13,13,ok
train,shiyan/data3/labels/train/4126.txt,4126,380,e6bf0fd356f67fb51eef09745062957938276d0e0c6d6e45c7640c339975a4d2,10,10,ok
train,shiyan/data3/labels/train/4127.txt,4127,570,d57f88fb04b462a8ff2434a3543993836160012467bc81fd1bd5f3bdce6239e9,15,15,ok
train,shiyan/data3/labels/train/4128.txt,4128,114,d0aec27505f2dee383ddb37cefcdeae6c8f122280893b4637d031631e58f2197,3,3,ok
train,shiyan/data3/labels/train/4129.txt,4129,266,653883d56a283c0fb79fbabf10138139cbf2c52807a250d13a92c7d856b997d3,7,7,ok
train,shiyan/data3/labels/train/4130.txt,4130,152,0073d16eac2d4f8824895e0333502df5255ef5bb0d0cd30def20bfd5602b65a8,4,4,ok
train,shiyan/data3/labels/train/4131.txt,4131,190,013114d3631a3bc3c284f97130b5eb6a1fc85ec320992e235a8d1c5be350eda9,5,5,ok
train,shiyan/data3/labels/train/4132.txt,4132,195,3a81c378656e036d9d7ff3d59126654bf88e9bcab0ea30ecd5f38eb467b49b7b,5,5,ok
train,shiyan/data3/labels/train/4133.txt,4133,228,4846abc78c598c40d42860d13e8402a09138cb08cc34377309e3f9e197f895ef,6,6,ok
train,shiyan/data3/labels/train/4134.txt,4134,77,64d4f14d7aad3521b60d70d3703d7920f969eb1bf4681bf47dbb2f2b262d568d,2,2,ok
train,shiyan/data3/labels/train/4135.txt,4135,116,2ecac6ec4a7a567a89f46d79a67ee8b6f4e5d2bfa58d50e674648ecc4ab4ab5e,3,3,ok
train,shiyan/data3/labels/train/4136.txt,4136,195,0069decafc69993680128e04095e61eb6a8fc648192dbe9afb2b6fc052d2e069,5,5,ok
train,shiyan/data3/labels/train/4137.txt,4137,234,1bb9e44e08d7c19cf362dde03f41062ae402290b95272e1ebce5b2779ffc8169,6,6,ok
train,shiyan/data3/labels/train/4138.txt,4138,273,625fba4d701b5d793aad0d57b0e6bee47e872920323afffbe259b52339307932,7,7,ok
train,shiyan/data3/labels/train/4139.txt,4139,351,3af3229a3a0ba73d6876808616259c95c46b7bede2ddbd9542cee67f420e2595,9,9,ok
train,shiyan/data3/labels/train/4140.txt,4140,684,ec5cf3060b72ca3b49889d45b687d7c516f798d7983c7dd57da4e4c0407236cf,18,18,ok
train,shiyan/data3/labels/train/4141.txt,4141,76,0f0b8306050af35f90b5933dd126861d1a47500c68a27c69bb2cee21d413db66,2,2,ok
train,shiyan/data3/labels/train/4142.txt,4142,39,af6b3f0d75c51a52b726851442124482df5f77c397451534bdd3ef8ad1caeaae,1,1,ok
train,shiyan/data3/labels/train/4143.txt,4143,152,87ed7fbd91deafbbd7e1a0b4644b10d2eefba3e3c982c8fb40ccbef231b19b18,4,4,ok
train,shiyan/data3/labels/train/4144.txt,4144,78,5783b88c58d90cb377c4a7de00b7ee0935cce9b68c5030fbb042559db4652309,2,2,ok
train,shiyan/data3/labels/train/4145.txt,4145,494,442c302a4d0652abeced10da0785c81b91123894faadeab44a06d7c8db554eb9,13,13,ok
train,shiyan/data3/labels/train/4146.txt,4146,456,b410cbf464b4fc9e1e6734b719cf4f95a68820ebc5d45815ec17ba3c0e1a5019,12,12,ok
train,shiyan/data3/labels/train/4147.txt,4147,724,91b04e85e3ee90768e951e65dbcfef07d78959216bf2f2327c8f889bd7d07187,19,19,ok
train,shiyan/data3/labels/train/4148.txt,4148,468,855c35f52f074accec41b46be8548a64fe16d29924aedc783ec2c51e833991d9,12,12,ok
train,shiyan/data3/labels/train/4149.txt,4149,312,2c35ab4ad143e5d16e2ede92a66c5ca49d8f5cd2cac48c5ef836f2107d99158a,8,8,ok
train,shiyan/data3/labels/train/4150.txt,4150,311,65d89405d9bf1088bab679301818b0c47bf2547a6cd09930875c30781f8ed860,8,8,ok
train,shiyan/data3/labels/train/4151.txt,4151,234,a964b8ff873f077f58cc438b7f6e8bce74dddfd811fb5f2b008143f24a6e9568,6,6,ok
train,shiyan/data3/labels/train/4152.txt,4152,273,8464d29bd5cb39d3926f9878a791e70ac1f4fc410b9348c800156f0c67f3092c,7,7,ok
train,shiyan/data3/labels/train/4153.txt,4153,545,88ac478fe7070424519094e11630421c0a13900f132c722d97165c1fbf099440,14,14,ok
train,shiyan/data3/labels/train/4154.txt,4154,272,72351c317d5f42702769c51d948e9ec78903cb10aa317a67199905eb1190a0db,7,7,ok
train,shiyan/data3/labels/train/4155.txt,4155,389,ca719a506e456b1bb2abadc562b765e7f545486f97aae57cf0da62ce073c8783,10,10,ok
train,shiyan/data3/labels/train/4156.txt,4156,233,ad30a7eab8a4aba0f487adbce33b675bf9f8ce39b7383bde831422002c3c7107,6,6,ok
train,shiyan/data3/labels/train/4157.txt,4157,390,788593c55d70cc0fb7e21b422378756f28c8c431c293202e9f4ac64e9049c3f7,10,10,ok
train,shiyan/data3/labels/train/4158.txt,4158,570,d9403f7503d140920a00708fa6c70484d7ae235807bade80adac469857abe1b2,15,15,ok
train,shiyan/data3/labels/train/4159.txt,4159,195,d8ef40a846321324014f10ea2c7d21161d505cb125cc1c366d31b3016179f828,5,5,ok
train,shiyan/data3/labels/train/4160.txt,4160,234,a3525ca8f8bda2e77956537e8b2e578a05c42423b928683778bab6ebed85790c,6,6,ok
train,shiyan/data3/labels/train/4161.txt,4161,233,8461e56b871fd93678412e3e73d17153755a29619b4b6eab8a87f06d0b420069,6,6,ok
train,shiyan/data3/labels/train/4162.txt,4162,156,0997195c19ab2bf2ef79b6f6478acf091f5fb4ba73d4251b163c9395703d6c9c,4,4,ok
train,shiyan/data3/labels/train/4163.txt,4163,702,26353d100926779f2e7f20017d0a6a7d5eb45878b3a0da87f1d037b13c5bb7c8,18,18,ok
train,shiyan/data3/labels/train/4164.txt,4164,195,8a202b146b29397d06eb8e75295c6e9b350f1a8ff3a6b9c6adf2bcb3c2149d1e,5,5,ok
train,shiyan/data3/labels/train/4165.txt,4165,234,76a228a70e96b9f3fd4a567149b236a658d3f63a8947a387c2f24328ca5781d5,6,6,ok
train,shiyan/data3/labels/train/4166.txt,4166,228,abc787e0b58a52d1c9ea0cd59a7d302cd87bf2e2fae171dffe4bee3b69c2cfed,6,6,ok
train,shiyan/data3/labels/train/4167.txt,4167,190,fafc45e82a550fbdbe6b05be9b825921750f50450aeeb42e6e9a03ed0c62eedc,5,5,ok
train,shiyan/data3/labels/train/4168.txt,4168,311,560055db4c274ecda8f958ff76a4f7758bc601989125cdd4c85e8fb99d8348ad,8,8,ok
train,shiyan/data3/labels/train/4169.txt,4169,390,4e834da10da062d7b6211d933588cc764d41af8a9f382b11b0c8e44660431454,10,10,ok
train,shiyan/data3/labels/train/4170.txt,4170,273,e976b64ae22500fb6bf0099375664ae6453000fb96dd0d50a1d0aa44b5999e76,7,7,ok
train,shiyan/data3/labels/train/4171.txt,4171,390,2d3ec37e968db6740347dc6605387cbfb51b0c8e3f3920dd73e8a3409ce41b45,10,10,ok
train,shiyan/data3/labels/train/4172.txt,4172,312,6d8475419df928ae0ad048cf003505bdd556e3bc29a73667d6df1c143cbfa85d,8,8,ok
train,shiyan/data3/labels/train/4173.txt,4173,234,43c9019f53ae3b3e3348e51348da6d1af3db5da5014485c21d43d363cf8f4bc5,6,6,ok
train,shiyan/data3/labels/train/4174.txt,4174,312,cf8ed7dab257d158a160f59dec4bfbf2b87e083c93f24a705a6b7b21c94127ec,8,8,ok
train,shiyan/data3/labels/train/4175.txt,4175,304,5dbc2c8260a8e7f98cff35608de525847c7fa6175fd3593c4d2efc48553420e9,8,8,ok
train,shiyan/data3/labels/train/4176.txt,4176,228,b1f8f49de9f105f6afb7cb4a48efafe637152f269c56e77c7a6845e91bf42f68,6,6,ok
train,shiyan/data3/labels/train/4177.txt,4177,116,e234bfe25d00ecf451e2da9a9d6d670f0cedf18957ba74bc5056cbe699323647,3,3,ok
train,shiyan/data3/labels/train/4178.txt,4178,266,1560fd7da4085282be8b1993d326d00f1bda2ee39fa41a8a4ef38195052dcc96,7,7,ok
train,shiyan/data3/labels/train/4179.txt,4179,78,798e7d878fecbb01b7caeeb63533474de3b7344aef920b0bf76895f942a93cae,2,2,ok
train,shiyan/data3/labels/train/4180.txt,4180,152,e45c3740fdf419b8a131b2e51c8be9356bdb3fdab5aa86502c356147f296d251,4,4,ok
train,shiyan/data3/labels/train/4181.txt,4181,266,bdb724f3a247b262d42cc7b9195272f2e204454272fd0d95cb227a08b91b4e92,7,7,ok
train,shiyan/data3/labels/train/4182.txt,4182,234,d566b0f4904c7ff34e6f0bb1327d36e201046eb92dcdbb13300355e34bdba1ff,6,6,ok
train,shiyan/data3/labels/train/4183.txt,4183,390,2a6287872ecf7a3c77dbd2f97d55cd1a1312d11db97166312036c92830df8db4,10,10,ok
train,shiyan/data3/labels/train/4184.txt,4184,156,25cba1702b60660d84cd5761ccc6bff30f6b95e7276f3a20a4bfe24fb8b8007c,4,4,ok
train,shiyan/data3/labels/train/4185.txt,4185,304,e94a6c66fe4b394e7a6628d72a09b12690c8643936245bb155cdd3d3adcbcb5d,8,8,ok
train,shiyan/data3/labels/train/4186.txt,4186,234,358c901b944b462fc6a9268d9383f2a2988d5ac4e16c70dddf37dd120230e48b,6,6,ok
train,shiyan/data3/labels/train/4187.txt,4187,156,54f970181336084ef1731b3055826e65289fd3b4a0c41b4671654b1fbf78fe82,4,4,ok
train,shiyan/data3/labels/train/4188.txt,4188,429,55daa31dce2ca7ab19012a9067d93690f797fcbfb16f420ef42401a38557beb6,11,11,ok
train,shiyan/data3/labels/train/4189.txt,4189,468,9819a7167730561637f58ec1dd6af68a3053375e1d9c0f301fdbc12dea7485d7,12,12,ok
train,shiyan/data3/labels/train/4190.txt,4190,351,dbf2ca78074c3954067c062f79026a07ad107f5a61163c9f58e1dd56c6c7eaff,9,9,ok
train,shiyan/data3/labels/train/4191.txt,4191,234,2f838c0bab2ab60c67a7f707b0eac458532bbd82db72b28f2bfd70430ed5ceb0,6,6,ok
train,shiyan/data3/labels/train/4192.txt,4192,390,8992749223c1e8707f57fe5fe57145a86f319e049c1812dfdb96208b2589c8db,10,10,ok
train,shiyan/data3/labels/train/4193.txt,4193,351,e5ca0d56b96038247754f0ec10fa456a0ace01a1e7f37cd5e9c2e896156a82d7,9,9,ok
train,shiyan/data3/labels/train/4194.txt,4194,266,ddc0e76a35ac71405b69bdc6dc283c912e3fe860eb991a0c085b851299a33f57,7,7,ok
train,shiyan/data3/labels/train/4195.txt,4195,234,107df4f5d9169509216808a704a4604219209ac3b70f757c78884e1877c8c04a,6,6,ok
train,shiyan/data3/labels/train/4196.txt,4196,390,a3fbadf7da66891609b5b7e46ac54ab38a695c940f764efd42aa6266dd6a6bfe,10,10,ok
train,shiyan/data3/labels/train/4197.txt,4197,351,ff122d09a569473f1e073463a4be77bc76b7549106ce40dc9a6bac98ff910b3f,9,9,ok
train,shiyan/data3/labels/train/4198.txt,4198,273,46f7bad7655655eacaa3d5c95c13cd779927843c02d56ee9d7791acb148533fd,7,7,ok
train,shiyan/data3/labels/train/4199.txt,4199,195,c78a5aaad4f4dbcc044bee94cfaede85627853bd1b9e2517a21c58b03e3616d8,5,5,ok
train,shiyan/data3/labels/train/4200.txt,4200,390,95a3de9cd0a1a628babd5d1f974d2b7d6cb0a2e45f44d23e05ae1a84219e80b9,10,10,ok
train,shiyan/data3/labels/train/4201.txt,4201,156,2c523e340db455ec8e4fca50d01aefe46bc4cc22c4cc079c850335ee31c45c40,4,4,ok
train,shiyan/data3/labels/train/4202.txt,4202,532,256cb058ed04a56b03b77229d5ca31385ce2c0c32d5875f273755ce19b3c5be5,14,14,ok
train,shiyan/data3/labels/train/4203.txt,4203,351,7eeab685767f21103c2ccaf065082e4890d5793f54a32d8010e1559629e68f01,9,9,ok
train,shiyan/data3/labels/train/4204.txt,4204,624,71b146e84410fa0e92f9d36a98d7c009a2125afe7c8b422cf639d2d25c94bb4a,16,16,ok
train,shiyan/data3/labels/train/4205.txt,4205,76,d8242031a2ff4a4c3a7cf3aa042a4e872dc7d9a4dacbd92341f14da5a11ee40d,2,2,ok
train,shiyan/data3/labels/train/4206.txt,4206,429,2a7ffc675e5e16c0b7ac4a1d3998429a799cc5719b18d5ee1e9a74c10202b910,11,11,ok
train,shiyan/data3/labels/train/4207.txt,4207,312,2201dc542ac0c51bebbc4592206a4f4468f6311e97e49ab285f7c185c1e05140,8,8,ok
train,shiyan/data3/labels/train/4208.txt,4208,418,0b583bbbb8cf295e9d614af564cc77a7389573ebd0adf3e13a557509416da9b4,11,11,ok
train,shiyan/data3/labels/train/4209.txt,4209,304,96691647bdec3e9cc050469d6f4d8aaa757da69bdddd0320bd7d7a53d40e9fa7,8,8,ok
train,shiyan/data3/labels/train/4210.txt,4210,228,48f5f45aabd0b4df397a93d6af93169f96439d8cdd05a152b3821efa609e6139,6,6,ok
train,shiyan/data3/labels/train/4211.txt,4211,418,115f2c80abd66b733ca68db39af446cb5adaa1dfc574e310ef0bef0ba0595c56,11,11,ok
train,shiyan/data3/labels/train/4212.txt,4212,190,a478d252d91c56c5cbff2810fded109746c765c165d54e842bd919695789c264,5,5,ok
train,shiyan/data3/labels/train/4213.txt,4213,342,7964a0d388c7ad0ff3b4c5537b8d0f62ab93c5c988ba3280ecc0c9360c7f99a9,9,9,ok
train,shiyan/data3/labels/train/4214.txt,4214,156,94a718452ac70dce6cc33f3ac6b34cb6a2cee2ec914750723c131e66363ac02d,4,4,ok
train,shiyan/data3/labels/train/4215.txt,4215,468,af4e4db9cd9a30ab22ad90ed271e6e9f8c6f3a4158d54d69336e205200ed13d7,12,12,ok
train,shiyan/data3/labels/train/4216.txt,4216,76,4a3a05b36ce8002d139dfb12e9a3373b5d1ebb10ca707044cf48086f2c40493b,2,2,ok
train,shiyan/data3/labels/train/4217.txt,4217,195,0a665ab44444bcb8d42b1586412448acf35e47bb2d9bc4dde6c0661d6771e743,5,5,ok
train,shiyan/data3/labels/train/4218.txt,4218,195,ad34a3664c594e95948c83abd8efdf1ad1ca446cd28484466ec3a25d7bbbdf27,5,5,ok
train,shiyan/data3/labels/train/4219.txt,4219,156,27355e328f5b3ff3718bf0a45b082794722600d01217cd2365a2e01bbc0b22b9,4,4,ok
train,shiyan/data3/labels/train/4220.txt,4220,234,9ab797729c00c70cb65d5b210d010d8977b4e6817301776c73925348e4e14815,6,6,ok
train,shiyan/data3/labels/train/4221.txt,4221,234,fee1f887bdad2200f15382d016d07430f91ae99558a0f9444cc868a026fe4e97,6,6,ok
train,shiyan/data3/labels/train/4222.txt,4222,156,8b391ae1e88998eef4f3890b135b04ae5b8fe90cee4be02106e40c490c5d29ea,4,4,ok
train,shiyan/data3/labels/train/4223.txt,4223,351,3e2613a90a9c8fbe0f0ef7d6c78f74ceb212b730f53b3e119bf99c302360c406,9,9,ok
train,shiyan/data3/labels/train/4224.txt,4224,234,eb7e6e445c25f0322fc32ace2b42e935c88e70180289323aad694b71696d0780,6,6,ok
train,shiyan/data3/labels/train/4225.txt,4225,39,c3aec35676fab4d9baa77a65811d9c548f5c9b376f287843bd34f842ba8c71cd,1,1,ok
train,shiyan/data3/labels/train/4226.txt,4226,507,23764bfe593e0d569ddac683e843a753d0f4b65ce722d2f0ff41cd643309a028,13,13,ok
train,shiyan/data3/labels/train/4227.txt,4227,819,506361fd0129623708992b66405d83618cdbecaed6cd7c5047e62b7edc96bee8,21,21,ok
train,shiyan/data3/labels/train/4228.txt,4228,234,e99d40f3e1c56fb48c0e7d8272cc2f544dda7093a040994aeebbbd878e2f5975,6,6,ok
train,shiyan/data3/labels/train/4229.txt,4229,156,7feeef55defbdca1954a80c5dd69a1733c427eb1c8fe1bcd782c4f88bd667e3e,4,4,ok
train,shiyan/data3/labels/train/4230.txt,4230,195,0e0fa1ad4b0a896a8761b74b01914461cca0501e5f3a85f576d0a1610db4cdc2,5,5,ok
train,shiyan/data3/labels/train/4231.txt,4231,312,58f678f6a68d892cb4a82869f7442c24eb917f034df2c9ba1f40ed26a717e312,8,8,ok
train,shiyan/data3/labels/train/4232.txt,4232,351,54638d5591b52a782f8600b103441abf245d01c38c3b05245162d9e43930d968,9,9,ok
train,shiyan/data3/labels/train/4233.txt,4233,76,79748de0b505d08cea3798eabf4db46ce97344739883ea1395ac317b2ce65792,2,2,ok
train,shiyan/data3/labels/train/4234.txt,4234,152,8a8f7f918736221a1f4793cefbf431ee8bdb99e520d249a475e5e624e6cb5da9,4,4,ok
train,shiyan/data3/labels/train/4235.txt,4235,234,8feec576f47b5a4fa520a0d47458fa54156350baa33d5a21e4193ce06e2e6437,6,6,ok
train,shiyan/data3/labels/train/4236.txt,4236,195,2f4c0b856d7fd1dfc3096ad39758774d7f9700b5c189a16a8716442740182241,5,5,ok
train,shiyan/data3/labels/train/4237.txt,4237,152,c8aa683cd78a6dabb8a5245d60594e603bdd8288fc9e4a5261aee10c6e871680,4,4,ok
train,shiyan/data3/labels/train/4238.txt,4238,115,210c6a501bdf4e9cb6f64f97a08a81b1f7f2b09d7ce1e5a5e417a14bada26613,3,3,ok
train,shiyan/data3/labels/train/4239.txt,4239,38,99730a7542b53e0b5c607240f37fdbf3e6cbadc9a568678cfc4bd671521c4005,1,1,ok
train,shiyan/data3/labels/train/4240.txt,4240,228,86189bc94d9af0504e77a21789ea38023b65b0de360e5c82cad0d60c3751cb0a,6,6,ok
train,shiyan/data3/labels/train/4241.txt,4241,228,99bf6e9e0241b4da44eaa30916ce838c6b3134c25251d877973311ce72613af4,6,6,ok
train,shiyan/data3/labels/train/4242.txt,4242,114,4e1a8d5054e2c2c420440ec3bdc3eed2cd4e2abcae076a24b77fe4340d28e8b0,3,3,ok
train,shiyan/data3/labels/train/4243.txt,4243,114,ddf44e20ca26302d0a0acbaef253d0c72632ef1a603446ed2d0bdf5fb7313b95,3,3,ok
train,shiyan/data3/labels/train/4244.txt,4244,310,d19828dd53230a87cc6b123bc18887e847c4318a3cb1f005e7172d3d59b3e7b9,8,8,ok
train,shiyan/data3/labels/train/4245.txt,4245,76,5fc9aaebc1c555cffda75b9c2a2daa5e57b58de0527111077f5ca29a207db214,2,2,ok
train,shiyan/data3/labels/train/4246.txt,4246,585,f5ddc2ad7ef7456134df9a026fe0220610f0c52bd6e2902d4625a26e9a25d849,15,15,ok
train,shiyan/data3/labels/train/4247.txt,4247,114,f0f5d4f8cfa7df649ed7e6f7ba2f976e083203a3e92f86646a9b80b7861b7c8e,3,3,ok
train,shiyan/data3/labels/train/4248.txt,4248,76,89cf3ec3f721662738e65f5d137980fd75fa2ee01c638f9b20ed810030e9808f,2,2,ok
train,shiyan/data3/labels/train/4249.txt,4249,152,7a38b51c036d67625b9ff776369f9f9fb5c981a646161cc582d24cd35160a3f9,4,4,ok
train,shiyan/data3/labels/train/4250.txt,4250,38,48f70682d5b2ea2e8e98303450266698b279141e84e09f13fe99b615d600a455,1,1,ok
train,shiyan/data3/labels/train/4251.txt,4251,152,f0edc4b1a6b80bb7ca5fd3a21c41929118ae140d115bb5990748308639829ca7,4,4,ok
train,shiyan/data3/labels/train/4252.txt,4252,195,73292cdd94d75f17c9d88fcb1db6606303d7a6aa5ad30616770e889d437c1b43,5,5,ok
train,shiyan/data3/labels/train/4253.txt,4253,156,a3abe592f1b95fa402f0c4f1414146717841623aa2c0d82ebb23219aae642d80,4,4,ok
train,shiyan/data3/labels/train/4254.txt,4254,195,5a038ea1102af706cb412f3a40d9c2a716dd19b7ff145d246e53e6e9519fa046,5,5,ok
train,shiyan/data3/labels/train/4255.txt,4255,156,4cc4566de830359e0ec5a253ff16f090275311edd0ecffaa1f7f1c3a01fe502c,4,4,ok
train,shiyan/data3/labels/train/4256.txt,4256,304,7e5e6dc00db3d65cdfa5ff41dd3c276853986688f2296b46f84a23bdca44eac0,8,8,ok
train,shiyan/data3/labels/train/4257.txt,4257,494,5bc2bd684b9e2610d9b63702f99612cd3d2771c9496aa980c938f7df8ac097fc,13,13,ok
train,shiyan/data3/labels/train/4258.txt,4258,39,3364c2483f97e0088efb376a5897092245e590c1cb6a50b91f80ef6469c239a4,1,1,ok
train,shiyan/data3/labels/train/4259.txt,4259,234,3ab5dfa2b86dc3b2537074f260dccfc6e3fa3e0750a12bfc4ad6de661d702364,6,6,ok
train,shiyan/data3/labels/train/4260.txt,4260,117,563dfc492ad684a3803cb6516a7895ad3511a2f87866571b5b0f2dbd069b759c,3,3,ok
train,shiyan/data3/labels/train/4261.txt,4261,390,dd15c0b259046cc2afb85ec0b29c11a2eed77b1423ac6e96cdec6bdef3efb31e,10,10,ok
train,shiyan/data3/labels/train/4262.txt,4262,116,a07745beccdad074ebcd1d5b4606ae7224aff541e96dcaf2a38dac30a3f990aa,3,3,ok
train,shiyan/data3/labels/train/4263.txt,4263,78,d3cfe3f2ffa507b4e88c20d346edf9aa3674eb441fad4e210241add1f9575399,2,2,ok
train,shiyan/data3/labels/train/4264.txt,4264,76,03e1d25085e06a084495d629508e191027d394bb5879ef10284775c847aba705,2,2,ok
train,shiyan/data3/labels/train/4265.txt,4265,77,4e91f73fd8982fb21819856bf71cacf70203d950708746ac94ae704f65afd475,2,2,ok
train,shiyan/data3/labels/train/4266.txt,4266,267,c885743d858089ba908319bf3c64888253bc5ecd4b981b8d85b5bedc62941683,7,7,ok
train,shiyan/data3/labels/train/4267.txt,4267,193,4c7af28d829cbc91ff73728f14d44afc885c38c8f5299e9d6f1c41bd6a2808a4,5,5,ok
train,shiyan/data3/labels/train/4268.txt,4268,78,3ba86c77c078d7f9e491c7fd3d456b6dd17c3a48527433803e1838edc87ab6bc,2,2,ok
train,shiyan/data3/labels/train/4269.txt,4269,234,8a008d92bc67e125e291601d9d0f49b891b58b087de3ec0c26b8922fb4c8a7ef,6,6,ok
train,shiyan/data3/labels/train/4270.txt,4270,458,f673ef5c8e741d57f2f5f566b68070ec8ee71287d54561ac7a4fe7662c579bec,12,12,ok
train,shiyan/data3/labels/train/4271.txt,4271,312,7711c7a64a3c03a9e0b84f049840158a8f9a3c284d0188d7a8d149d8d2cd2743,8,8,ok
train,shiyan/data3/labels/train/4272.txt,4272,195,a70ac78d042cf7bd6c43ccac63b3a14be3909d07caf3b8d2a08c23ce86d0d22d,5,5,ok
train,shiyan/data3/labels/train/4273.txt,4273,266,8a944e3402db5f7a872f41388b433069797e1b595d475f4eee828ebf30a04cef,7,7,ok
train,shiyan/data3/labels/train/4274.txt,4274,192,a1304185a38d05f904a202117bc4a914778778f6d321d510ffb85fb99198603b,5,5,ok
train,shiyan/data3/labels/train/4275.txt,4275,351,9ea7aafde7772d08057be0f4334ae913714160daf54af2d974b54bd3bf94750d,9,9,ok
train,shiyan/data3/labels/train/4276.txt,4276,190,f3bf387b6db2992b40900915116d018ff6a9e86f12e989ecfeae0eaaa222cb3b,5,5,ok
train,shiyan/data3/labels/train/4277.txt,4277,117,b42065ca385b4d911e479498c3b7a7f26e1027f3a188c50d344e08e8f307d4ca,3,3,ok
train,shiyan/data3/labels/train/4278.txt,4278,152,235efb39b7485a3995b53b35ceb85fbc6e58692f27e4a86a1a7d4bd66a611d57,4,4,ok
train,shiyan/data3/labels/train/4279.txt,4279,234,397a83cc3511c1d86ba94aea03b97c9f2a726e51470fc48148a2d1b3357ab24e,6,6,ok
train,shiyan/data3/labels/train/4280.txt,4280,193,6da0cf24b86ab9a479e73aeeca84ffe4817660a1a35a1fab7e380b7af39a937d,5,5,ok
train,shiyan/data3/labels/train/4281.txt,4281,38,fbe4499c8866e48856929ae632d8c9986e7ade9fb944ae2eeaffdd2e920c7003,1,1,ok
train,shiyan/data3/labels/train/4282.txt,4282,304,9cde45b03b70e175f33b0bd4d762535a6165aa9fd08839359f2e1374c702679b,8,8,ok
train,shiyan/data3/labels/train/4283.txt,4283,195,67a116014a7b0cc76204a5594f8127de91b69ae19426fab58323832734cc0dba,5,5,ok
train,shiyan/data3/labels/train/4284.txt,4284,233,11169030e8aadc120fb642904cd6f9f659b5f2782dd510c2d78c1cba2dbfaf29,6,6,ok
train,shiyan/data3/labels/train/4285.txt,4285,234,7462cb632c70d1985a40bcf4c1f79f6b11bdf80d4c9c3b0f924684fcf298ed8e,6,6,ok
train,shiyan/data3/labels/train/4286.txt,4286,117,75304c6d3421f3a79880b1d4d682cbfb1f187f9677cde615e01462958850558b,3,3,ok
train,shiyan/data3/labels/train/4287.txt,4287,234,3feeeda95b63b3689d1e517a2b84b9d34d1f54c30781fa684c9131a826953a03,6,6,ok
train,shiyan/data3/labels/train/4288.txt,4288,156,1ae26c6200dfd8426312037008c6fd50aca5b1279a04978463b7fb157b0e24ff,4,4,ok
train,shiyan/data3/labels/train/4289.txt,4289,507,7f4943b2c95b84845c62b239057080b84b825afc443478bcb7ec029a743295d8,13,13,ok
train,shiyan/data3/labels/train/4290.txt,4290,76,0f0f9a128aaa6f7598aac396b1b8ed594e38b95349d44c6d14bcd6a2ba3473b7,2,2,ok
train,shiyan/data3/labels/train/4291.txt,4291,152,9fa78d3a3c39a6a288c29b803ea54a1962d62cd3bc9bf1cb3aa20d9a76bc5374,4,4,ok
train,shiyan/data3/labels/train/4292.txt,4292,78,12580cfb90899eb145beee8a1c3acc6da9e545243d27c5a71f80f6fe93b1b824,2,2,ok
train,shiyan/data3/labels/train/4293.txt,4293,117,2c16c8f855bba86297d86ded6d3ca3558523668aa2b0acc05af8850b87139c9f,3,3,ok
train,shiyan/data3/labels/train/4294.txt,4294,76,0589f75ceaba99611675ce949b5f6276c29863322570e2c8fd4427de9b5c4332,2,2,ok
train,shiyan/data3/labels/train/4295.txt,4295,152,9fa7c22b5d9c95177f4216f9ed5d57486745da4ac641913ead1245bc8013e180,4,4,ok
train,shiyan/data3/labels/train/4296.txt,4296,463,ed41021e52c6873cd2d5fe4a41ba04a1378c353d32dbe0c98de4a670f989ebdc,12,12,ok
train,shiyan/data3/labels/train/4297.txt,4297,351,efc6130b23ac8a797035d3850c802e08dc626f67e360c228e0a7472f1bef06d4,9,9,ok
train,shiyan/data3/labels/train/4298.txt,4298,39,defe62c36300aa317cf56494f6c387dec31610ff2e154d335f15877def187443,1,1,ok
train,shiyan/data3/labels/train/4299.txt,4299,234,72eb2a8fc75e1e5e816d20e391d31d35e1e0e9a6c7f02915b6bbff691daac73a,6,6,ok
train,shiyan/data3/labels/train/4300.txt,4300,351,708ec0a17bd7c27806e45ccc7f22349844ba62d558672b73f866e275ab702550,9,9,ok
train,shiyan/data3/labels/train/4301.txt,4301,195,8e6ce39ca55dfd1a579dff6f9496a3e70a0cccae7b820a595ab3ccd981a2c938,5,5,ok
train,shiyan/data3/labels/train/4302.txt,4302,114,991e3a9a959b1e5347cf489f877b35b0dd34b950b8cf48c9fe358a1fbd894a4c,3,3,ok
train,shiyan/data3/labels/train/4303.txt,4303,156,860ecbe056fd6d30a4f1ec0a24219b68bb6e3cebb8244ab1cac6c9ba2acd2560,4,4,ok
train,shiyan/data3/labels/train/4304.txt,4304,78,f215a0a0aaba4d8682b6ecc3c340d28996bed742ce91aa2037474b43c0b3ec68,2,2,ok
train,shiyan/data3/labels/train/4305.txt,4305,78,0c360eb36cd661cfe4c6e6dd52594baec3bbce8627162273743243a752d88b5d,2,2,ok
train,shiyan/data3/labels/train/4306.txt,4306,38,4840757a6d1c1330178cf8698f8f0850ad79a3713836b5fd98fd333546688d1d,1,1,ok
train,shiyan/data3/labels/train/4307.txt,4307,156,fe970930317d71f123868049696240385d6834a0239a1410db70d87d6146508f,4,4,ok
train,shiyan/data3/labels/train/4308.txt,4308,38,d3bc67847ad428cb54a24e8a83f41e7f413209ba3d5e398da838bef901f2dcfe,1,1,ok
train,shiyan/data3/labels/train/4309.txt,4309,191,1fc7dfc7fc7ff6b4d0a32eccf93de62a8d12070017f0597849451032a7c8df0c,5,5,ok
train,shiyan/data3/labels/train/4310.txt,4310,153,4dc978fbd59d9e3adc97f52fcf57486c37358b7e08e9e245b0eb7849d047b0ca,4,4,ok
train,shiyan/data3/labels/train/4311.txt,4311,156,6f3110152732e92e9e809d12e7a8e55527f1c3b10861610a6bac4007fc895d92,4,4,ok
train,shiyan/data3/labels/train/4312.txt,4312,190,bc1d40048526220e9217650d9d8eef263e9870c2399bb63c73ad014e1a647d3c,5,5,ok
train,shiyan/data3/labels/train/4313.txt,4313,421,6e5404e5e30b861d399866eae9a52a60c7c0cddd33c1a8850f3ee5c8034881d8,11,11,ok
train,shiyan/data3/labels/train/4314.txt,4314,117,9d41c7fb7f701e2b80f9d27852c21989ba1b4ca1df1115ba303719e563dc3a79,3,3,ok
train,shiyan/data3/labels/train/4315.txt,4315,273,66da323ae257c5d4126fde37ae44fca9b0f88a459d53c06375012b8e963ffe2c,7,7,ok
train,shiyan/data3/labels/train/4316.txt,4316,741,ff88de94c355aa9cd74565ff6fa6b53d24affde6dd4e16ab0a5cb80e8a91b73e,19,19,ok
train,shiyan/data3/labels/train/4317.txt,4317,936,959db664275752051698f3b79b84123a5757ce6fea2d874af1b443fe67b7b607,24,24,ok
train,shiyan/data3/labels/train/4318.txt,4318,76,4650353fe61643d30ab78f3aea519d4efa469d282373477126e4017bc5041394,2,2,ok
train,shiyan/data3/labels/train/4319.txt,4319,78,91e48b70eb77a0659ea5c53952510d8efc22614ca300794bfd8493a53279bb53,2,2,ok
train,shiyan/data3/labels/train/4320.txt,4320,156,3006dc19c57a2092abc8e56f8a3605f54835f610efabd6ac59241de6250ad137,4,4,ok
train,shiyan/data3/labels/train/4321.txt,4321,228,c140c746f139ad7b7fab45dda2c7e3e3d78298a036d423297327a7a0397b79fa,6,6,ok
train,shiyan/data3/labels/train/4322.txt,4322,1368,c2e1cedd8d607d8bf8f568639d971475aa5b7b49d6c3b86c8fba9b554a0d420c,36,36,ok
train,shiyan/data3/labels/train/4323.txt,4323,304,fbf1b596671f3ea41a74670635ad8403c951b59601142bacad9165d955f412c7,8,8,ok
train,shiyan/data3/labels/train/4324.txt,4324,234,b7857988ad38faed6e63670790b48ef8dfce93fe2d1f6d93f9a4b6a1ddf926a4,6,6,ok
train,shiyan/data3/labels/train/4325.txt,4325,114,760059f9cdb18a66a5f3221f19ea88f2eb67337f2b4194ac0b85054d230b2799,3,3,ok
train,shiyan/data3/labels/train/4326.txt,4326,380,6c961e77102768a15ee2c8749df76bb208f8617bd7fe9bcbacf4ecdd93748b1d,10,10,ok
train,shiyan/data3/labels/train/4327.txt,4327,38,e90bb1a4eb33b10c0db7efb0773766060b7bf2d1b521a10449fa4be85bdde717,1,1,ok
train,shiyan/data3/labels/train/4328.txt,4328,273,f5d5104d2d273ce0ebacf196903469e36515ca238f18e0aaf02d908c23f84f9c,7,7,ok
train,shiyan/data3/labels/train/4329.txt,4329,117,73f416dd846f06adf566ba1768ef149d1f8bd7b6f1a10a1b9f21c5aa24ff207d,3,3,ok
train,shiyan/data3/labels/train/4330.txt,4330,114,8b17590a7978d4b31aab3a634670649744e0c2730481805a29f2284ff4372c97,3,3,ok
train,shiyan/data3/labels/train/4331.txt,4331,663,4dee26405f53915cb623d662d799985217de361eee14b60ae60f2c472d6b1933,17,17,ok
train,shiyan/data3/labels/train/4332.txt,4332,306,6e7b4e7c64df4bbfd81079875e247dd5b4c3168d68cf432d345961f00cafd548,8,8,ok
train,shiyan/data3/labels/train/4333.txt,4333,156,159e421945c8cb62093578b5e63ea52df27e169e080eafff39879e7b28a253e0,4,4,ok
train,shiyan/data3/labels/train/4334.txt,4334,38,fc7c5d0dc0bdd3503e0b386f53a52ae94d4db1399bf82a8bacc326dbff2518f0,1,1,ok
train,shiyan/data3/labels/train/4335.txt,4335,975,348baf75ed235cc5ff6eb18c6851d582a70f56a5c7360707626bc2622c061df5,25,25,ok
train,shiyan/data3/labels/train/4336.txt,4336,234,283a4a1769f6a850e235fe6b61680b9306f662ae1e7ea31af6082c05ddd0198b,6,6,ok
train,shiyan/data3/labels/train/4337.txt,4337,78,4d3bd3a7a0d285bef0e44f8ce0bed940a13d5d24d012224eabda5dcc4fed3b6f,2,2,ok
train,shiyan/data3/labels/train/4338.txt,4338,117,e32bb2eadd449c2ddfc74016c4e3d552a06ece6b5358ff46d6d4996783b674df,3,3,ok
train,shiyan/data3/labels/train/4339.txt,4339,156,8f4845dfbb3ef84688ee88665613d3aaa5c4c722f12a313aec06e04a8aa3a610,4,4,ok
train,shiyan/data3/labels/train/4340.txt,4340,114,e76759ef7ba39a153051397b3f1e03ec4481a57db139a9938fd486c7851bc7eb,3,3,ok
train,shiyan/data3/labels/train/4341.txt,4341,117,cf01e777926328e968b922d763c05b4a67973d9439136379d98388a8abe9906a,3,3,ok
train,shiyan/data3/labels/train/4342.txt,4342,190,0a65eeff24fd9096a63e7db7b1ead79065f42f4425a62c7f2b8393dfdaa6ddad,5,5,ok
train,shiyan/data3/labels/train/4343.txt,4343,234,7618539fc5b8f78c2d4d28a3f931a2e9f2c65e33dc3cd68af41922194424e8a2,6,6,ok
train,shiyan/data3/labels/train/4344.txt,4344,228,13f8f1c9f6df5ded60ef745eb0a2da4d409862ffc317c7cb1976062fe16a1964,6,6,ok
train,shiyan/data3/labels/train/4345.txt,4345,38,35c4590493abcbfd423bd8fa07603b08fc4890e793418ccc5632b1bf5c5a8e20,1,1,ok
train,shiyan/data3/labels/train/4346.txt,4346,117,90cdd9e2d05c98b397c6443ef0520d60bec6eefeacbddad8a16e31a265cc0a98,3,3,ok
train,shiyan/data3/labels/train/4347.txt,4347,1610,38efa8725060f161d3f121447370c8abcaeeb622c64cadca7a8adc224c7a02b3,42,42,ok
train,shiyan/data3/labels/train/4348.txt,4348,546,cb648dd9a47c0869d03a3da1bc1111f025ebc5cfff0f88677d809cd25a1493a1,14,14,ok
train,shiyan/data3/labels/train/4349.txt,4349,156,f06a6c9f7c590e73aa32c2c6d350d46b7d6a28d6336909d474f62d447877d017,4,4,ok
train,shiyan/data3/labels/train/4350.txt,4350,76,4e572b6aa34d84b2df684c12f97f31e2f53b4894526d7f0b298b2cd2c3acee00,2,2,ok
train,shiyan/data3/labels/train/4351.txt,4351,228,fac8b0a021c3c46507b1a172b1dc03b067e743a326eedb290e7420129734ea15,6,6,ok
train,shiyan/data3/labels/train/4352.txt,4352,228,80174585a24b41aad3330febddb64f50fb2c866d279d648bd2d485eaf1e63fd7,6,6,ok
train,shiyan/data3/labels/train/4353.txt,4353,346,98e378846f8e667c890658f1141a902dfc11a0912c075b35b6e7ec5a46b8f6a5,9,9,ok
train,shiyan/data3/labels/train/4354.txt,4354,117,1bcbeddd1a5b4d56d3d6f0b96a9a94a72dd66a3f4a02234882109f4b4f9b2433,3,3,ok
train,shiyan/data3/labels/train/4355.txt,4355,699,745af4cf4116f05332a789c8633cf545ff146457749a3d15094070cab46399dd,18,18,ok
train,shiyan/data3/labels/train/4356.txt,4356,380,7376049b5f2aaf98bb59f6194bdfdbc0eb1c8ca611262f4afe7f5aa3a3a36daf,10,10,ok
train,shiyan/data3/labels/train/4357.txt,4357,234,ef180d8db0ce6a0562f8fd2699e5276e04c316b1a20ee46de97cc5617279ea7a,6,6,ok
train,shiyan/data3/labels/train/4358.txt,4358,195,ab7850ff036b827f0d3e246d2723e4b39aed994086281b598336417ebd2ffd8b,5,5,ok
train,shiyan/data3/labels/train/4359.txt,4359,195,4c9e3f9f4b35fccb145bd584e7bac9d52c151141d5071e7929e7a75a101d6baf,5,5,ok
train,shiyan/data3/labels/train/4360.txt,4360,117,bdd430d0804702a868954d59a9dfd48b9b24d8b616c7bc98df3b147525f3e0c8,3,3,ok
train,shiyan/data3/labels/train/4361.txt,4361,342,5d062d784847b4dd739d2a4b7f945761feadabcdc8745c55787926ae350025cf,9,9,ok
train,shiyan/data3/labels/train/4362.txt,4362,39,d631ae51d03785de3a0765473ba87ffea652060855ebc1f1d53675dc69e563ee,1,1,ok
train,shiyan/data3/labels/train/4363.txt,4363,114,9b374553585acab2966d0216274aba3edd04514e40d7eaa1c2fce658787b7080,3,3,ok
train,shiyan/data3/labels/train/4364.txt,4364,78,ba12097178c1efefdf652d31155b0a659d2c90a0bd7f4ebfd5cd68db01ea2605,2,2,ok
train,shiyan/data3/labels/train/4365.txt,4365,228,3dfe8711f6b53850408494c1458a2ca116b09ffe1cbd2e568133cb8312295a0c,6,6,ok
train,shiyan/data3/labels/train/4366.txt,4366,114,063b8c740cfa4b58ddfce45956da55e5ce0f0a19577dceeff88daa5b67a5fdb2,3,3,ok
train,shiyan/data3/labels/train/4367.txt,4367,234,fe54629cf948be0275eeaa86707b21bb77cfbb3845b07fc3ae0cc938986f3ada,6,6,ok
train,shiyan/data3/labels/train/4368.txt,4368,950,b9b6134ff31a72dd9c332dad17aff22a28c9036c6662421f447acec15c2e04a7,25,25,ok
train,shiyan/data3/labels/train/4369.txt,4369,234,c4ac1c51e2fbfbd33a55c6b8f97e0c58cc27074c78aa00f6e54faf0ec3dd1607,6,6,ok
train,shiyan/data3/labels/train/4370.txt,4370,190,8b67ab7c1e05226df6f567009fbc3d6ca2109fac88011f400c4d5a9ec59b196a,5,5,ok
train,shiyan/data3/labels/train/4371.txt,4371,156,f876836c16dc325ea6e4dcbedfcafa955e0d28a2d46384129f2a7c33efe89c06,4,4,ok
train,shiyan/data3/labels/train/4372.txt,4372,152,70efbe39414f9d90b608207c0267f9b69f08d3ee5baf3435dd103fa6d9bfa6f0,4,4,ok
train,shiyan/data3/labels/train/4373.txt,4373,273,b3d36c2d36762cd32ce7f47b23dab40e5cb6f87951e5d850f17a2e755582f921,7,7,ok
train,shiyan/data3/labels/train/4374.txt,4374,117,1ec97b7be9a0ea33cf016a0f7b830a86bb27e36f502814a60bbe22f15f0dc097,3,3,ok
train,shiyan/data3/labels/train/4375.txt,4375,380,1a0ce2f96ed2dadd5ab0cf79de813e30b8132bb11de8900ccd64ce968cfb4c0e,10,10,ok
train,shiyan/data3/labels/train/4376.txt,4376,228,f26292207723e2532fdb44933f87f78f45885d6fee95ce270653b2fb8921d6ce,6,6,ok
train,shiyan/data3/labels/train/4377.txt,4377,190,e17b25b7edba26ae68df1c767073ef756d93074ed84f6aca024ecb09f943f702,5,5,ok
train,shiyan/data3/labels/train/4378.txt,4378,156,a79da624fb92aea0f826714411a7ac75074467d545609880229ede1a8f31204d,4,4,ok
train,shiyan/data3/labels/train/4379.txt,4379,273,ee205b2280c84cacf775f68417cb03272d3731a73087d3abfd22a23cc8e3baef,7,7,ok
train,shiyan/data3/labels/train/4380.txt,4380,228,eff5c140cf78134b7da3486ae70d0e82a97b2bd92594062c3998101435b99266,6,6,ok
train,shiyan/data3/labels/train/4381.txt,4381,192,48b82e81b2151f9ed8b07186585b544d08fec1c9bfa573ef0a231cf4d3d5f9b7,5,5,ok
train,shiyan/data3/labels/train/4382.txt,4382,234,66c3aac2790bd47aad1e44d0ffb7735612c0424bc5853b2967c093d5d90c3a76,6,6,ok
train,shiyan/data3/labels/train/4383.txt,4383,78,8b3fec24745f6c5505f8110945c92835cc6544116e9e06a6bbd660ffa1b8951e,2,2,ok
train,shiyan/data3/labels/train/4384.txt,4384,342,f10a42914a7109693af51802e47b8c31d04553e310f69531e9cc1c77bea9b220,9,9,ok
train,shiyan/data3/labels/train/4385.txt,4385,266,7948e08cbdfb2dff169c1a9a5dac7ac56a063203f3890e2343236d0377fd78d6,7,7,ok
train,shiyan/data3/labels/train/4386.txt,4386,156,1080994cbf435d3dc9f5aca18292327951b90bd9ebe433268459a3563d742d1a,4,4,ok
train,shiyan/data3/labels/train/4387.txt,4387,155,363deab99f33804f6cea1b34c7214f650ae32f8c7518ca21acd03ce1b45c3596,4,4,ok
train,shiyan/data3/labels/train/4388.txt,4388,546,c59aa33e401a9e7e3105a8ecd2008989b30b177a2cdd88afcd0b2314f8096fdf,14,14,ok
train,shiyan/data3/labels/train/4389.txt,4389,312,d5be256914b3acb06535a005c4989d69044330b8d6bcd67884284c7078bd4cca,8,8,ok
train,shiyan/data3/labels/train/4390.txt,4390,156,6e1ba48d953c4416fde2a7dd10aabffd789bc346f4e0f91519bd4ed55df5f53f,4,4,ok
train,shiyan/data3/labels/train/4391.txt,4391,234,81e4240e8d3fc5adc40315716778aebb2dbba10d33e5b7aa614f8cdc115254be,6,6,ok
train,shiyan/data3/labels/train/4392.txt,4392,234,2a734987c6791fe954efaf7866bd9f3122b321722ad40dfbe5e919eb4817b290,6,6,ok
train,shiyan/data3/labels/train/4393.txt,4393,195,1f47633937ce83382310044581563b459c97d63009d5f0eeabcb89895697476f,5,5,ok
train,shiyan/data3/labels/train/4394.txt,4394,38,80577111dfe46970453dbf26082f3168a7cf7e960bc3f31ec2258def3a07705a,1,1,ok
train,shiyan/data3/labels/train/4395.txt,4395,114,fb86e3582e27f1ea949931e47e2fb862098319796e65bb11be7a8c7e0890989e,3,3,ok
train,shiyan/data3/labels/train/4396.txt,4396,272,abebac6cf96ac942c2ca0df5d51fc284dbf33afef1ebc078ee5eb03310ac78dd,7,7,ok
train,shiyan/data3/labels/train/4397.txt,4397,156,1b40eabf828c2a34bd8bf5e0b3e37405516cdfd2cc59d55848bc8e8468a4ba82,4,4,ok
train,shiyan/data3/labels/train/4398.txt,4398,836,05f7ddc4dbee9dc2e91d05e6a57d8e9927201e1d161866f760a25323ebce2d3c,22,22,ok
train,shiyan/data3/labels/train/4399.txt,4399,39,f8172393ea60c815e8e8be3099a4104c3b5f5b14bfa795222c2a75f1fa789513,1,1,ok
train,shiyan/data3/labels/train/4400.txt,4400,507,7021d9934c51b54481e4d97101356301daab5ed2f5f2ef0d552b963cb04fce53,13,13,ok
train,shiyan/data3/labels/train/4401.txt,4401,812,70f4564d3f937b5226527827172969d9b9c73260e01c392b93dfd2eabbce2046,21,21,ok
train,shiyan/data3/labels/train/4402.txt,4402,78,63e04e0522783f6953db94b88a4162f4c6e35e53eae10afe1fffcf74a711b10b,2,2,ok
train,shiyan/data3/labels/train/4403.txt,4403,342,cbf3c51babd3aa36cc39e6b7cffe87c65c73e39b838c44bb148f59f4c390622e,9,9,ok
train,shiyan/data3/labels/train/4404.txt,4404,190,b9cefc77bef7341af9275d8b96ea6fd286bb5f9322e0c688e8fd9ddcbae1ef3c,5,5,ok
train,shiyan/data3/labels/train/4405.txt,4405,114,8b88872bc6d989f81610ca8946831b44f42c9ddfc916b4f3916d2fdaebd30e8a,3,3,ok
train,shiyan/data3/labels/train/4406.txt,4406,76,f1748b8c72615e148d7cee0e967c6e0f23f06ddcbaf1c2f79a26531cef2bc8ab,2,2,ok
train,shiyan/data3/labels/train/4407.txt,4407,78,1597aa3168e3b3d0d01a192abb051bdfdfd59bfddab0fff5f0ccf633e32e327f,2,2,ok
train,shiyan/data3/labels/train/4408.txt,4408,114,0bb19e58ffa2e3b3ccfb5ebe4f80b1ce06c3c403e59ff4edbbf6edde129e581f,3,3,ok
train,shiyan/data3/labels/train/4409.txt,4409,266,cda2c836dda54ebe9312d15cd823868dc972675ab50dc91ba1302a742ac3f64d,7,7,ok
train,shiyan/data3/labels/train/4410.txt,4410,156,c93cedc7cc2d8e3e203bcefeeb6be8154db890c90ccbdf3dbd02120c4255d94d,4,4,ok
train,shiyan/data3/labels/train/4411.txt,4411,233,e8b498cf7cf588a7c516920594ddd85a3bc340a3411e622064c1db50157db582,6,6,ok
train,shiyan/data3/labels/train/4412.txt,4412,191,ee82d0f07314dfa0876428bf76133085d12964fa7016e3188330082e7a54fcbe,5,5,ok
train,shiyan/data3/labels/train/4413.txt,4413,267,a5acd7c300b10682f88981092a6878b04eaf7802db5deb8ce9cd50a7735914a7,7,7,ok
train,shiyan/data3/labels/train/4414.txt,4414,152,928ad09ccaa738163fadff8f6603b1315229e90a08f38d93beb5d7b74f470e21,4,4,ok
train,shiyan/data3/labels/train/4415.txt,4415,266,f63441b219469f0681eb722bb758a34f0212ba463c1ccd10b0a97be40c486a35,7,7,ok
train,shiyan/data3/labels/train/4416.txt,4416,234,4e8b66f02559455d9b917544ea80c98d7ccae12b5fbe28bf48af2cb3aba4f6b4,6,6,ok
train,shiyan/data3/labels/train/4417.txt,4417,156,0f814d4f088bc103ca4e0fc4acd4229af3c01ac2839c6b1aa88c205434fd9ec5,4,4,ok
train,shiyan/data3/labels/train/4418.txt,4418,117,f19d41336a14edeadc5f38a9437859dd4dfb0a60ef27ba1406a05f8bd6d30d2d,3,3,ok
train,shiyan/data3/labels/train/4419.txt,4419,195,52aa4c00b557d1e3fbe82edf7b400f54a566ba7a9a97f65659cf3a6b3cd4736a,5,5,ok
train,shiyan/data3/labels/train/4420.txt,4420,390,1bf89733843b7db9881f916e26e2988b2d0c5bf41299795d5e58459f5646c376,10,10,ok
train,shiyan/data3/labels/train/4421.txt,4421,532,b9cdfc64dd76f845fe44419371b7ee4cf23b8013044aaba8d8e264da809e66cc,14,14,ok
train,shiyan/data3/labels/train/4422.txt,4422,78,20fb676d407f2520fd3b3b5de8828f30d6902d009be73a2c6263a7e7c2482808,2,2,ok
train,shiyan/data3/labels/train/4423.txt,4423,228,6370d08a353c633a58a46cfe4c184b06d5115d94114696ecab11c922cdb1a70b,6,6,ok
train,shiyan/data3/labels/train/4424.txt,4424,195,fe0da1e3579d30438fa90a3d3169e76968f0827c8ae5965f121ac92f03bd0726,5,5,ok
train,shiyan/data3/labels/train/4425.txt,4425,342,af6f31c21f76a84f56b3e341acd83c302b2070d5701b1c02e876d5b217c26c1b,9,9,ok
train,shiyan/data3/labels/train/4426.txt,4426,78,322103b60dd988403289089d6debaf62d699b7366a737d4e74114591bdc9e3de,2,2,ok
train,shiyan/data3/labels/train/4427.txt,4427,230,b42a9dd8cfcd3e100014eecdb4cb6d81c950d773a3f4eb896eec7e74af8e62a0,6,6,ok
train,shiyan/data3/labels/train/4428.txt,4428,156,898a393f264a0dcc2d986f7b00c0ee4a114ca54d17cd6c76d81b14394bea45bc,4,4,ok
train,shiyan/data3/labels/train/4429.txt,4429,234,73ec3d707e84e8fee3a4ce350dd963afc53e10f04f5b35a9f53791eee17bddc7,6,6,ok
train,shiyan/data3/labels/train/4430.txt,4430,78,5e230416bd985135c4f090e1bdd3eb48b5ab06b200a982ed5566f06d2c5ed07f,2,2,ok
train,shiyan/data3/labels/train/4431.txt,4431,304,3b0eac82a929326290b2e10cd99e0a3ed9efcb860727422da289589ad99edec9,8,8,ok
train,shiyan/data3/labels/train/4432.txt,4432,114,4abd775ec4bb1282c14e104d91135fb17004c38497c910f67477387b5cf76f8e,3,3,ok
train,shiyan/data3/labels/train/4433.txt,4433,304,9d8be874dc62120a19d3d3398ffb66c9ebac15330506a12e34ef530752a7e5af,8,8,ok
train,shiyan/data3/labels/train/4434.txt,4434,38,8f74a1ad0938524d0526e1573824a6b8d20334cc495ee5e648aa805a59349f90,1,1,ok
train,shiyan/data3/labels/train/4435.txt,4435,38,38639d7d0976b767ca984491a4a604977390914ec973dfb86b21ed5fb6e2e887,1,1,ok
train,shiyan/data3/labels/train/4436.txt,4436,38,6ec6b03797ab1d10d00378e21ab0def9acfe922125f758aae50e7bd15e2d429f,1,1,ok
train,shiyan/data3/labels/train/4437.txt,4437,38,18383a0c3b75102151873255d089d9529dc182a2bdc762cff60312b74eadb1f4,1,1,ok
train,shiyan/data3/labels/train/4438.txt,4438,38,dc8636e54964395804b6e04b6a8af584d36a8690837a403b6cfbb2c941d6f4cd,1,1,ok
train,shiyan/data3/labels/train/4439.txt,4439,38,0700bee88493fa27f961b868ea87744867bf69339a18fcdfccaac294d0dbb8fd,1,1,ok
train,shiyan/data3/labels/train/4440.txt,4440,38,ff2d8b0277ed9bbf8f2763aa0c1f09889752eab480f000f1253d0268924105df,1,1,ok
train,shiyan/data3/labels/train/4441.txt,4441,38,1f74adf9f599ffe020be4e0fc52ec9a908764f0b8c989394e08426395c85d32f,1,1,ok
train,shiyan/data3/labels/train/4442.txt,4442,38,e342b5bdd55f70dbe68793da2e85ecd1bdf6d3e7426cc1c91e357f57c14796e5,1,1,ok
train,shiyan/data3/labels/train/4443.txt,4443,38,869ccc00eb899abdca5f4f2487650cd56ac886dc372bb10f71a84e41f34f140f,1,1,ok
train,shiyan/data3/labels/train/4444.txt,4444,38,803ca439032b17da7f6d37d12008565f8b8162b0d4f081fd89f18f1c06d8de89,1,1,ok
train,shiyan/data3/labels/train/4445.txt,4445,38,1a23e6feeec6cd683bf2856f8dbfc648c5faf5779e4b2799327c0653e8941aa0,1,1,ok
train,shiyan/data3/labels/train/4446.txt,4446,38,494610fbd44589a78dd3181ab489c3fab891ddb253adbeae1a7a63a819027226,1,1,ok
train,shiyan/data3/labels/train/4447.txt,4447,38,97343d415958e5cdee89caf1bd95e05f42e4fa11b81e95220c1b1be124f31e77,1,1,ok
train,shiyan/data3/labels/train/4448.txt,4448,38,1dad56942b7c652333f0605700d2e5102194e01d48dc4aa99b1c7c60ef2964f1,1,1,ok
train,shiyan/data3/labels/train/4449.txt,4449,38,6df7aaf4c9298101c7981865316c387f957a6fead36579ae4b51b5e82edac345,1,1,ok
train,shiyan/data3/labels/train/4450.txt,4450,38,a80301cbfb1cc2b5dffc27cf0dae2cf5906bbc028e8b24d377623a5890453652,1,1,ok
train,shiyan/data3/labels/train/4451.txt,4451,190,d6832ba0b003c3846fb6d3ad5f4a7bb07e1b0c18788ca8e75de39172b068e534,5,5,ok
train,shiyan/data3/labels/train/4452.txt,4452,152,a2f00f62d8c5ca82c5bfa49e071e0a02b04850e33db8beff76ff1fd09888aaf3,4,4,ok
train,shiyan/data3/labels/train/4453.txt,4453,38,b1c3df63959af1fe0b100c24a8fa600f21c170d1054ef3e66dec5904ba44d50d,1,1,ok
train,shiyan/data3/labels/train/4454.txt,4454,38,746b64f79c8ef54f13e9601c98565a01954b62db72b1dabe7a7f97d9e2c14698,1,1,ok
train,shiyan/data3/labels/train/4455.txt,4455,152,1a08c8e7afbfe6bb4c248941144c07b2ae1495742726e9fb18e2b570b1c762b4,4,4,ok
train,shiyan/data3/labels/train/4456.txt,4456,38,ccd83997ebcc64b7f2ef3dc5f432eb89788f9cfdc292d4c5248c2b82b0d1d1e2,1,1,ok
train,shiyan/data3/labels/train/4457.txt,4457,38,2508e4df0b4ac10bd990034258d9a434795c4e265b39d5c1e1ca4153c4d5af2a,1,1,ok
train,shiyan/data3/labels/train/4458.txt,4458,38,3cf7a31b3924c7b155528264696b8d5331b6d2af0e9ef2b4f49814a740c4324d,1,1,ok
train,shiyan/data3/labels/train/4459.txt,4459,304,bc5b2ad46d15a1e48d1db49e03a713f21a90cc94b148c82c21f738fe847356ed,8,8,ok
train,shiyan/data3/labels/train/4460.txt,4460,494,ae14ade843803e0f66bd4d02d9d69dee358950ec64e06b5eae1850b8fb2f376e,13,13,ok
train,shiyan/data3/labels/train/4461.txt,4461,38,5ac1273b6698418bb435a6c0ba701e582eba2b077ceccdf6bc8ca896b0bcd426,1,1,ok
train,shiyan/data3/labels/train/4462.txt,4462,722,012f5a4917e6c8b6a551c9628e6cf9e1541af324e9b138fd23e5a37b080327ff,19,19,ok
train,shiyan/data3/labels/train/4463.txt,4463,152,a05a5e80bbce9542526a9d4e479b8c87c427e36fe2733b2945febc19fd9d7405,4,3,ok
train,shiyan/data3/labels/train/4464.txt,4464,266,8328550a32ef90bb001ea70ce4757e59ba723702c363681e0e9808e6e3897719,7,7,ok
train,shiyan/data3/labels/train/4465.txt,4465,266,b9afc9b186b1479d308949af9ee6530a3802f6329f6c5c13d4183ab888360e79,7,6,ok
train,shiyan/data3/labels/train/4466.txt,4466,38,3ecf4643d2d0332eda92b7433f632ea838309c268f2837f437483c4cac422004,1,1,ok
train,shiyan/data3/labels/train/4467.txt,4467,76,bcaf7ecd2a8a49a35686eda4f746d163fe5ece60b87682a9a277e5836b0b0a5a,2,2,ok
train,shiyan/data3/labels/train/4468.txt,4468,76,ac12e1f227bdf7bba349334653de53b242ea1d8f62edd97840bd1b22c95ebea1,2,2,ok
train,shiyan/data3/labels/train/4469.txt,4469,114,653bb4e5a9e9c09edf28d7aafb4928ed2da7c3a8e7bcae5f285bbb4e984ce789,3,3,ok
train,shiyan/data3/labels/train/4470.txt,4470,76,79e43f79fea90dd6898e98f5836dcdf5a99943681027990ab61364a9e147b1a4,2,2,ok
train,shiyan/data3/labels/train/4471.txt,4471,38,480029e8315b388e1b3c9a4eb94209e85bced51326012fa22113ed2d29ad18cb,1,1,ok
train,shiyan/data3/labels/train/4472.txt,4472,152,9bc67b7609f34979712bae7465b7a0c0add823302bf7ea2e9818a3cd27db448b,4,4,ok
train,shiyan/data3/labels/train/4473.txt,4473,114,8aeba70d1dc6957645f8bc220fae18ea96a4c256326e55c6c439bdb61c66ff12,3,3,ok
train,shiyan/data3/labels/train/4474.txt,4474,190,d91ea33e44b7f786e88111703fccefbdb0f9ce7610041b8eac6f6e74988f59b4,5,5,ok
train,shiyan/data3/labels/train/4475.txt,4475,38,0fad2f2b8efa1da6f09426d6c4a11e314fdbaebc962cb568b4e9a2a909bd90f2,1,1,ok
train,shiyan/data3/labels/train/4476.txt,4476,114,e1c7fd7093cf6dce3bfa80d33615b429843682eb567f75bb120a1163d7af3527,3,3,ok
train,shiyan/data3/labels/train/4477.txt,4477,76,7fdf67478174d547621b8c8e24b3d03d80b7f038800f4ba9a4a4d8b426704d5a,2,2,ok
train,shiyan/data3/labels/train/4478.txt,4478,76,72b11e50985520a08b020261bb6315379d2a051ac9a8d58742877732dd55eea4,2,2,ok
train,shiyan/data3/labels/train/4479.txt,4479,152,930443d5bacc214c1b39faff76da8d9e74ae2b724c17ae3c9a3f0baefeea18ea,4,4,ok
train,shiyan/data3/labels/train/4480.txt,4480,190,aeb8f36a3214c3c4a371cc895a3f64cc797dca06d3d9bd4a725906ec0ef7a2d5,5,5,ok
train,shiyan/data3/labels/train/4481.txt,4481,38,dc38623d8e93dcdbcb4dacf61b84811e21b76b5d743cb518719363412a830e0c,1,1,ok
